ds,trend,additive_terms,additive_terms_lower,additive_terms_upper,Christmas,Christmas_lower,Christmas_upper,CNY,CNY_lower,CNY_upper,holidays,holidays_lower,holidays_upper,MCO_1,MCO_1_lower,MCO_1_upper,MCO_2,MCO_2_lower,MCO_2_upper,Minor_PH,Minor_PH_lower,Minor_PH_upper,monthly,monthly_lower,monthly_upper,Raya_AA,Raya_AA_lower,Raya_AA_upper,Raya_AF,Raya_AF_lower,Raya_AF_upper,weekly,weekly_lower,weekly_upper,yearly,yearly_lower,yearly_upper,multiplicative_terms,multiplicative_terms_lower,multiplicative_terms_upper,yhat_lower,yhat_upper,trend_lower,trend_upper,yhat
2022-01-01T00:00:00Z,2100.438838694809,-4772.668157368457,-4772.668157368457,-4772.668157368457,0,0,0,0,0,0,-1767.1012203123178,-1767.1012203123178,-1767.1012203123178,0,0,0,0,0,0,-1767.1012203123178,-1767.1012203123178,-1767.1012203123178,-1931.3119433298848,-1931.3119433298848,-1931.3119433298848,0,0,0,0,0,0,-1466.1415354212077,-1466.1415354212077,-1466.1415354212077,391.8865416949529,391.8865416949529,391.8865416949529,0,0,0,-4590.681672986578,-718.2168869737567,2100.438838694809,2100.438838694809,-2672.2293186736483
2022-01-02T00:00:00Z,2101.0587650477078,-3529.885836275504,-3529.885836275504,-3529.885836275504,0,0,0,0,0,0,0,0,0,0,0,0,0,0,0,0,0,0,-1762.1046002788821,-1762.1046002788821,-1762.1046002788821,0,0,0,0,0,0,-2070.3301563873624,-2070.3301563873624,-2070.3301563873624,302.54892039074144,302.54892039074144,302.54892039074144,0,0,0,-3358.7970544781524,464.36848817921947,2101.0587650477078,2101.0587650477078,-1428.8270712277963
2022-01-03T00:00:00Z,2101.6786914006066,-778.6849556172092,-778.6849556172092,-778.6849556172092,0,0,0,0,0,0,0,0,0,0,0,0,0,0,0,0,0,0,-1394.7988476535115,-1394.7988476535115,-1394.7988476535115,0,0,0,0,0,0,407.34003320160514,407.34003320160514,407.34003320160514,208.77385883469708,208.77385883469708,208.77385883469708,0,0,0,-688.2008198764422,3258.336414590697,2101.6786914006066,2101.6786914006066,1322.9937357833974
2022-01-04T00:00:00Z,2102.298617753506,-368.2128012200429,-368.2128012200429,-368.2128012200429,0,0,0,0,0,0,0,0,0,0,0,0,0,0,0,0,0,0,-1232.3062569434337,-1232.3062569434337,-1232.3062569434337,0,0,0,0,0,0,751.870817688976,751.870817688976,751.870817688976,112.2226380344148,112.2226380344148,112.2226380344148,0,0,0,-305.2970559307927,3530.6552188899027,2102.298617753506,2102.298617753506,1734.085816533463
2022-01-05T00:00:00Z,2102.918544106404,-505.2021620023612,-505.2021620023612,-505.2021620023612,0,0,0,0,0,0,0,0,0,0,0,0,0,0,0,0,0,0,-1305.4384952859543,-1305.4384952859543,-1305.4384952859543,0,0,0,0,0,0,785.6068199372681,785.6068199372681,785.6068199372681,14.629513346324885,14.629513346324885,14.629513346324885,0,0,0,-322.4109691826859,3414.680870733292,2102.918544106404,2102.918544106404,1597.716382104043
2022-01-06T00:00:00Z,2103.5384704593034,-643.2378888933281,-643.2378888933281,-643.2378888933281,0,0,0,0,0,0,0,0,0,0,0,0,0,0,0,0,0,0,-1373.1750608733234,-1373.1750608733234,-1373.1750608733234,0,0,0,0,0,0,812.1740657440398,812.1740657440398,812.1740657440398,-82.23689376404486,-82.23689376404486,-82.23689376404486,0,0,0,-502.135405827916,3324.3548280727678,2103.5384704593034,2103.5384704593034,1460.3005815659753
2022-01-07T00:00:00Z,2104.1583968122018,-632.8162285676115,-632.8162285676115,-632.8162285676115,0,0,0,0,0,0,0,0,0,0,0,0,0,0,0,0,0,0,-1235.6827915481128,-1235.6827915481128,-1235.6827915481128,0,0,0,0,0,0,779.4799552303983,779.4799552303983,779.4799552303983,-176.61339224989658,-176.61339224989658,-176.61339224989658,0,0,0,-553.9117456276605,3333.083536436559,2104.1583968122018,2104.1583968122018,1471.3421682445903
2022-01-08T00:00:00Z,2104.778323165101,-2671.3631402645856,-2671.3631402645856,-2671.3631402645856,0,0,0,0,0,0,0,0,0,0,0,0,0,0,0,0,0,0,-938.4393691925329,-938.4393691925329,-938.4393691925329,0,0,0,0,0,0,-1466.14153541413,-1466.14153541413,-1466.14153541413,-266.782235657922,-266.782235657922,-266.782235657922,0,0,0,-2501.192454530652,1384.74609205505,2104.778323165101,2104.778323165101,-566.5848170994846
2022-01-09T00:00:00Z,2105.3982495180003,-3115.3835336078473,-3115.3835336078473,-3115.3835336078473,0,0,0,0,0,0,0,0,0,0,0,0,0,0,0,0,0,0,-693.9430076980467,-693.9430076980467,-693.9430076980467,0,0,0,0,0,0,-2070.330156386774,-2070.330156386774,-2070.330156386774,-351.11036952302686,-351.11036952302686,-351.11036952302686,0,0,0,-2874.2354211748907,922.0298589420537,2105.3982495180003,2105.3982495180003,-1009.985284089847
2022-01-10T00:00:00Z,2106.0181758708986,-660.8163630973492,-660.8163630973492,-660.8163630973492,0,0,0,0,0,0,0,0,0,0,0,0,0,0,0,0,0,0,-640.0694572988513,-640.0694572988513,-640.0694572988513,0,0,0,0,0,0,407.3400332033373,407.3400332033373,407.3400332033373,-428.0869390018354,-428.0869390018354,-428.0869390018354,0,0,0,-587.422985567661,3432.4333774383313,2106.0181758708986,2106.0181758708986,1445.2018127735496
2022-01-11T00:00:00Z,2106.638102223798,-444.84260890923986,-444.84260890923986,-444.84260890923986,0,0,0,0,0,0,0,0,0,0,0,0,0,0,0,0,0,0,-700.3553062709683,-700.3553062709683,-700.3553062709683,0,0,0,0,0,0,751.8708176889108,751.8708176889108,751.8708176889108,-496.35812032718206,-496.35812032718206,-496.35812032718206,0,0,0,-174.51423782914486,3647.9409587733626,2106.638102223798,2106.638102223798,1661.795493314558
2022-01-12T00:00:00Z,2107.2580285766967,-451.7772327309659,-451.7772327309659,-451.7772327309659,0,0,0,0,0,0,0,0,0,0,0,0,0,0,0,0,0,0,-682.6256521212657,-682.6256521212657,-682.6256521212657,0,0,0,0,0,0,785.6068199370249,785.6068199370249,785.6068199370249,-554.7584005467248,-554.7584005467248,-554.7584005467248,0,0,0,-403.8939824885083,3636.0674045831456,2107.2580285766967,2107.2580285766967,1655.4807958457309
2022-01-13T00:00:00Z,2107.8779549295955,-286.4730177345003,-286.4730177345003,-286.4730177345003,0,0,0,0,0,0,0,0,0,0,0,0,0,0,0,0,0,0,-496.3095696905585,-496.3095696905585,-496.3095696905585,0,0,0,0,0,0,812.1740657434219,812.1740657434219,812.1740657434219,-602.3375137873635,-602.3375137873635,-602.3375137873635,0,0,0,-5.72628044993357,3782.195121325836,2107.8779549295955,2107.8779549295955,1821.4049371950953
2022-01-14T00:00:00Z,2108.4978812824943,-109.52781789928542,-109.52781789928542,-109.52781789928542,0,0,0,0,0,0,0,0,0,0,0,0,0,0,0,0,0,0,-250.62542622276902,-250.62542622276902,-250.62542622276902,0,0,0,0,0,0,779.479955235192,779.479955235192,779.479955235192,-638.3823469117085,-638.3823469117085,-638.3823469117085,0,0,0,166.34650177554678,4059.250070519605,2108.4978812824943,2108.4978812824943,1998.970063383209
2022-01-15T00:00:00Z,2109.117807635393,-2258.5797593310003,-2258.5797593310003,-2258.5797593310003,0,0,0,0,0,0,0,0,0,0,0,0,0,0,0,0,0,0,-130.0049736332962,-130.0049736332962,-130.0049736332962,0,0,0,0,0,0,-1466.141535415149,-1466.141535415149,-1466.141535415149,-662.4332502825554,-662.4332502825554,-662.4332502825554,0,0,0,-2135.967993935684,1824.2215894084893,2109.117807635393,2109.117807635393,-149.46195169560724
2022-01-16T00:00:00Z,2109.7377339882923,-2928.2663620074936,-2928.2663620074936,-2928.2663620074936,0,0,0,0,0,0,0,0,0,0,0,0,0,0,0,0,0,0,-183.64187827083632,-183.64187827083632,-183.64187827083632,0,0,0,0,0,0,-2070.330156384505,-2070.330156384505,-2070.330156384505,-674.2943273521521,-674.2943273521521,-674.2943273521521,0,0,0,-2768.1989821893103,1109.9158074849845,2109.7377339882923,2109.7377339882923,-818.5286280192013
2022-01-17T00:00:00Z,2110.357660341191,-526.7594259932729,-526.7594259932729,-526.7594259932729,0,0,0,0,0,0,0,0,0,0,0,0,0,0,0,0,0,0,-260.0620328052122,-260.0620328052122,-260.0620328052122,0,0,0,0,0,0,407.34003320506946,407.34003320506946,407.34003320506946,-674.0374263931301,-674.0374263931301,-674.0374263931301,0,0,0,-392.0802971186108,3434.7964938710948,2110.357660341191,2110.357660341191,1583.5982343479182
2022-01-18T00:00:00Z,2110.97758669409,-1842.2537354228,-1842.2537354228,-1842.2537354228,0,0,0,0,0,0,-1767.1012203123178,-1767.1012203123178,-1767.1012203123178,0,0,0,0,0,0,-1767.1012203123178,-1767.1012203123178,-1767.1012203123178,-165.0236177174896,-165.0236177174896,-165.0236177174896,0,0,0,0,0,0,751.8708176888454,751.8708176888454,751.8708176888454,-661.9997150818378,-661.9997150818378,-661.9997150818378,0,0,0,-1663.5811456222807,2170.919446414025,2110.97758669409,2110.97758669409,268.72385127128996
2022-01-19T00:00:00Z,2111.5975130469888,268.533798468404,268.533798468404,268.533798468404,0,0,0,0,0,0,0,0,0,0,0,0,0,0,0,0,0,0,121.70185827824675,121.70185827824675,121.70185827824675,0,0,0,0,0,0,785.6068199372779,785.6068199372779,785.6068199372779,-638.7748797471207,-638.7748797471207,-638.7748797471207,0,0,0,537.9872853620524,4294.063882033274,2111.5975130469888,2111.5975130469888,2380.1313115153926
2022-01-20T00:00:00Z,2112.2174393998876,619.413762867336,619.413762867336,619.413762867336,0,0,0,0,0,0,0,0,0,0,0,0,0,0,0,0,0,0,412.4378488785538,412.4378488785538,412.4378488785538,0,0,0,0,0,0,812.1740657442258,812.1740657442258,812.1740657442258,-605.1981517554435,-605.1981517554435,-605.1981517554435,0,0,0,892.200388304304,4681.908954472821,2112.2174393998876,2112.2174393998876,2731.6312022672237
2022-01-21T00:00:00Z,2112.8373657527864,738.8274526363884,738.8274526363884,738.8274526363884,0,0,0,0,0,0,0,0,0,0,0,0,0,0,0,0,0,0,521.6730169262282,521.6730169262282,521.6730169262282,0,0,0,0,0,0,779.4799552336034,779.4799552336034,779.4799552336034,-562.3255195234431,-562.3255195234431,-562.3255195234431,0,0,0,896.5586666025633,4859.795043997388,2112.8373657527864,2112.8373657527864,2851.664818389175
2022-01-22T00:00:00Z,2113.4572921056856,-1461.64856082397,-1461.64856082397,-1461.64856082397,0,0,0,0,0,0,0,0,0,0,0,0,0,0,0,0,0,0,515.9006065738826,515.9006065738826,515.9006065738826,0,0,0,0,0,0,-1466.1415354181493,-1466.1415354181493,-1466.1415354181493,-511.40763197970296,-511.40763197970296,-511.40763197970296,0,0,0,-1402.2244542676963,2665.4950945621586,2113.4572921056856,2113.4572921056856,651.8087312817156
2022-01-23T00:00:00Z,2114.0772184585844,-1800.8169113659535,-1800.8169113659535,-1800.8169113659535,0,0,0,0,0,0,0,0,0,0,0,0,0,0,0,0,0,0,723.3722790901904,723.3722790901904,723.3722790901904,0,0,0,0,0,0,-2070.3301563855975,-2070.3301563855975,-2070.3301563855975,-453.85903407054667,-453.85903407054667,-453.85903407054667,0,0,0,-1556.0566551758732,2248.389946075473,2114.0772184585844,2114.0772184585844,313.2603070926309
2022-01-24T00:00:00Z,2114.697144811483,1452.9965704627982,1452.9965704627982,1452.9965704627982,0,0,0,0,0,0,0,0,0,0,0,0,0,0,0,0,0,0,1436.8800308672678,1436.8800308672678,1436.8800308672678,0,0,0,0,0,0,407.34003319752804,407.34003319752804,407.34003319752804,-391.2234936019977,-391.2234936019977,-391.2234936019977,0,0,0,1591.1635383792118,5547.545466341105,2114.697144811483,2114.697144811483,3567.693715274281
2022-01-25T00:00:00Z,2115.3170711643825,2982.0611129536246,2982.0611129536246,2982.0611129536246,0,0,0,0,0,0,0,0,0,0,0,0,0,0,0,0,0,0,2555.326573470557,2555.326573470557,2555.326573470557,0,0,0,0,0,0,751.8708176883652,751.8708176883652,751.8708176883652,-325.13627820529797,-325.13627820529797,-325.13627820529797,0,0,0,3169.7397740350702,7111.0106087963795,2115.3170711643825,2115.3170711643825,5097.378184118007
2022-01-26T00:00:00Z,2115.936997517281,4044.0454594111384,4044.0454594111384,4044.0454594111384,0,0,0,0,0,0,0,0,0,0,0,0,0,0,0,0,0,0,3515.722958359056,3515.722958359056,3515.722958359056,0,0,0,0,0,0,785.6068199370343,785.6068199370343,785.6068199370343,-257.28431888495214,-257.28431888495214,-257.28431888495214,0,0,0,4144.987370958082,8077.510155670568,2115.936997517281,2115.936997517281,6159.982456928419
2022-01-27T00:00:00Z,2116.55692387018,4262.359855959217,4262.359855959217,4262.359855959217,0,0,0,0,0,0,0,0,0,0,0,0,0,0,0,0,0,0,3639.5510406299477,3639.5510406299477,3639.5510406299477,0,0,0,0,0,0,812.1740657450297,812.1740657450297,812.1740657450297,-189.36525041576044,-189.36525041576044,-189.36525041576044,0,0,0,4490.208496760351,8408.733258681194,2116.55692387018,2116.55692387018,6378.9167798293975
2022-01-28T00:00:00Z,2117.1768502230784,3301.7902609064954,3301.7902609064954,3301.7902609064954,0,0,0,0,0,0,0,0,0,0,0,0,0,0,0,0,0,0,2645.356653024503,2645.356653024503,2645.356653024503,0,0,0,0,0,0,779.4799552320145,779.4799552320145,779.4799552320145,-123.04634735002097,-123.04634735002097,-123.04634735002097,0,0,0,3609.8489883503544,7480.17998102266,2117.1768502230784,2117.1768502230784,5418.967111129574
2022-01-29T00:00:00Z,2117.7967765759777,-622.3218497596272,-622.3218497596272,-622.3218497596272,0,0,0,0,0,0,0,0,0,0,0,0,0,0,0,0,0,0,903.7440624935061,903.7440624935061,903.7440624935061,0,0,0,0,0,0,-1466.1415354211495,-1466.1415354211495,-1466.1415354211495,-59.92437683198398,-59.92437683198398,-59.92437683198398,0,0,0,-395.0973944641152,3420.317220647087,2117.7967765759777,2117.7967765759777,1495.4749268163505
2022-01-30T00:00:00Z,2118.416702928877,-2865.43248973007,-2865.43248973007,-2865.43248973007,0,0,0,0,0,0,0,0,0,0,0,0,0,0,0,0,0,0,-793.6149676365709,-793.6149676365709,-793.6149676365709,0,0,0,0,0,0,-2070.330156388676,-2070.330156388676,-2070.330156388676,-1.487365704823175,-1.487365704823175,-1.487365704823175,0,0,0,-2773.8819030426066,1208.306965722214,2118.416702928877,2118.416702928877,-747.0157868011929
2022-01-31T00:00:00Z,2119.0366292817753,-1316.58824203293,-1316.58824203293,-1316.58824203293,0,0,0,0,0,0,0,0,0,0,0,0,0,0,0,0,0,0,-1774.849045107662,-1774.849045107662,-1774.849045107662,0,0,0,0,0,0,407.3400331992601,407.3400331992601,407.3400331992601,50.920769875471784,50.920769875471784,50.920769875471784,0,0,0,-1250.9736215869918,2717.6751114172484,2119.0366292817753,2119.0366292817753,802.4483872488452
2022-02-01T00:00:00Z,2119.6565556346745,-5329.119603500182,-5329.119603500182,-5329.119603500182,0,0,0,-2504.051311748948,-2504.051311748948,-2504.051311748948,-4271.152532061265,-4271.152532061265,-4271.152532061265,0,0,0,0,0,0,-1767.1012203123178,-1767.1012203123178,-1767.1012203123178,-1905.969746752419,-1905.969746752419,-1905.969746752419,0,0,0,0,0,0,751.8708176883,751.8708176883,751.8708176883,96.13185762520376,96.13185762520376,96.13185762520376,0,0,0,-5226.412563317988,-1306.799939522335,2119.6565556346745,2119.6565556346745,-3209.4630478655076
2022-02-02T00:00:00Z,2120.2764819875733,-3156.0120505706454,-3156.0120505706454,-3156.0120505706454,0,0,0,-2504.051311748948,-2504.051311748948,-2504.051311748948,-2504.051311748948,-2504.051311748948,-2504.051311748948,0,0,0,0,0,0,0,0,0,-1570.7481450833093,-1570.7481450833093,-1570.7481450833093,0,0,0,0,0,0,785.6068199374647,785.6068199374647,785.6068199374647,133.180586324147,133.180586324147,133.180586324147,0,0,0,-3003.5324725242117,914.5053262849927,2120.2764819875733,2120.2764819875733,-1035.735568583072
2022-02-03T00:00:00Z,2120.896408340472,-303.21495594714145,-303.21495594714145,-303.21495594714145,0,0,0,0,0,0,0,0,0,0,0,0,0,0,0,0,0,0,-1276.715465659289,-1276.715465659289,-1276.715465659289,0,0,0,0,0,0,812.1740657458339,812.1740657458339,812.1740657458339,161.3264439663136,161.3264439663136,161.3264439663136,0,0,0,-36.79116310825366,3712.2671628844155,2120.896408340472,2120.896408340472,1817.6814523933308
2022-02-04T00:00:00Z,2121.5163346933714,-291.9748825460734,-291.9748825460734,-291.9748825460734,0,0,0,0,0,0,0,0,0,0,0,0,0,0,0,0,0,0,-1251.5247842037245,-1251.5247842037245,-1251.5247842037245,0,0,0,0,0,0,779.4799552386968,779.4799552386968,779.4799552386968,180.06994641895434,180.06994641895434,180.06994641895434,0,0,0,-142.4554854328311,3678.1632475769966,2121.5163346933714,2121.5163346933714,1829.541452147298
2022-02-05T00:00:00Z,2122.1362610462697,-2634.0693903653073,-2634.0693903653073,-2634.0693903653073,0,0,0,0,0,0,0,0,0,0,0,0,0,0,0,0,0,0,-1357.0906270626213,-1357.0906270626213,-1357.0906270626213,0,0,0,0,0,0,-1466.141535420188,-1466.141535420188,-1466.141535420188,189.16277211750167,189.16277211750167,189.16277211750167,0,0,0,-2531.3512049763262,1495.7316575923282,2122.1362610462697,2122.1362610462697,-511.93312931903756
2022-02-06T00:00:00Z,2122.756187399169,-3215.1779485045913,-3215.1779485045913,-3215.1779485045913,0,0,0,0,0,0,0,0,0,0,0,0,0,0,0,0,0,0,-1333.4593659945187,-1333.4593659945187,-1333.4593659945187,0,0,0,0,0,0,-2070.330156388087,-2070.330156388087,-2070.330156388087,188.61157387801515,188.61157387801515,188.61157387801515,0,0,0,-2957.4029224931915,820.0936687451821,2122.756187399169,2122.756187399169,-1092.4217611054223
2022-02-07T00:00:00Z,2123.376113752068,-508.9713572772484,-508.9713572772484,-508.9713572772484,0,0,0,0,0,0,0,0,0,0,0,0,0,0,0,0,0,0,-1094.9867904682994,-1094.9867904682994,-1094.9867904682994,0,0,0,0,0,0,407.3400332009921,407.3400332009921,407.3400332009921,178.67539999005913,178.67539999005913,178.67539999005913,0,0,0,-280.22915879659877,3582.266287024119,2123.376113752068,2123.376113752068,1614.4047564748194
2022-02-08T00:00:00Z,2123.9960401049666,115.23464619314404,115.23464619314404,115.23464619314404,0,0,0,0,0,0,0,0,0,0,0,0,0,0,0,0,0,0,-796.4929906600464,-796.4929906600464,-796.4929906600464,0,0,0,0,0,0,751.8708176880273,751.8708176880273,751.8708176880273,159.8568191651633,159.8568191651633,159.8568191651633,0,0,0,385.4473130958871,4069.1091099482765,2123.9960401049666,2123.9960401049666,2239.2306862981104
2022-02-09T00:00:00Z,2124.6159664578654,275.53488267516025,275.53488267516025,275.53488267516025,0,0,0,0,0,0,0,0,0,0,0,0,0,0,0,0,0,0,-642.9589407043765,-642.9589407043765,-642.9589407043765,0,0,0,0,0,0,785.6068199365469,785.6068199365469,785.6068199365469,132.88700344298988,132.88700344298988,132.88700344298988,0,0,0,393.47631113179136,4351.809835215171,2124.6159664578654,2124.6159664578654,2400.1508491330255
2022-02-10T00:00:00Z,2125.235892810764,243.07608541621588,243.07608541621588,243.07608541621588,0,0,0,0,0,0,0,0,0,0,0,0,0,0,0,0,0,0,-667.8031559863015,-667.8031559863015,-667.8031559863015,0,0,0,0,0,0,812.1740657425706,812.1740657425706,812.1740657425706,98.70517565994676,98.70517565994676,98.70517565994676,0,0,0,447.44777756516896,4222.823142004482,2125.235892810764,2125.235892810764,2368.31197822698
2022-02-11T00:00:00Z,2125.8558191636635,126.3802592538995,126.3802592538995,126.3802592538995,0,0,0,0,0,0,0,0,0,0,0,0,0,0,0,0,0,0,-711.5326656105516,-711.5326656105516,-711.5326656105516,0,0,0,0,0,0,779.4799552352194,779.4799552352194,779.4799552352194,58.43296962923164,58.43296962923164,58.43296962923164,0,0,0,314.76670385640017,4408.209982782914,2125.8558191636635,2125.8558191636635,2252.236078417563
2022-02-12T00:00:00Z,2126.4757455165623,-2060.722253006114,-2060.722253006114,-2060.722253006114,0,0,0,0,0,0,0,0,0,0,0,0,0,0,0,0,0,0,-607.9250956970942,-607.9250956970942,-607.9250956970942,0,0,0,0,0,0,-1466.1415354231885,-1466.1415354231885,-1466.1415354231885,13.34437811416866,13.34437811416866,13.34437811416866,0,0,0,-2025.5697120194511,1886.999823617935,2126.4757455165623,2126.4757455165623,65.75349251044827
2022-02-13T00:00:00Z,2127.095671869461,-2473.971841702345,-2473.971841702345,-2473.971841702345,0,0,0,0,0,0,0,0,0,0,0,0,0,0,0,0,0,0,-368.4737580691984,-368.4737580691984,-368.4737580691984,0,0,0,0,0,0,-2070.330156387499,-2070.330156387499,-2070.330156387499,-35.167927245647604,-35.167927245647604,-35.167927245647604,0,0,0,-2265.777335060771,1622.8870276313578,2127.095671869461,2127.095671869461,-346.876169832884
2022-02-14T00:00:00Z,2127.71559822236,155.21476221707888,155.21476221707888,155.21476221707888,0,0,0,0,0,0,0,0,0,0,0,0,0,0,0,0,0,0,-166.4962395459607,-166.4962395459607,-166.4962395459607,0,0,0,0,0,0,407.34003320272427,407.34003320272427,407.34003320272427,-85.6290314396846,-85.6290314396846,-85.6290314396846,0,0,0,366.08371964923157,4243.498195185892,2127.71559822236,2127.71559822236,2282.9303604394386
2022-02-15T00:00:00Z,2128.335524575259,474.61010601299006,474.61010601299006,474.61010601299006,0,0,0,0,0,0,0,0,0,0,0,0,0,0,0,0,0,0,-140.74068286482586,-140.74068286482586,-140.74068286482586,0,0,0,0,0,0,751.8708176889962,751.8708176889962,751.8708176889962,-136.52002881118045,-136.52002881118045,-136.52002881118045,0,0,0,726.4683216414337,4513.802164242764,2128.335524575259,2128.335524575259,2602.945630588249
2022-02-16T00:00:00Z,2128.9554509281575,366.2377285641675,366.2377285641675,366.2377285641675,0,0,0,0,0,0,0,0,0,0,0,0,0,0,0,0,0,0,-233.0519777409715,-233.0519777409715,-233.0519777409715,0,0,0,0,0,0,785.6068199369774,785.6068199369774,785.6068199369774,-186.31711363183825,-186.31711363183825,-186.31711363183825,0,0,0,599.6172518887214,4457.369641512183,2128.9554509281575,2128.9554509281575,2495.193179492325
2022-02-17T00:00:00Z,2129.5753772810567,337.57872005058283,337.57872005058283,337.57872005058283,0,0,0,0,0,0,0,0,0,0,0,0,0,0,0,0,0,0,-241.06483225101374,-241.06483225101374,-241.06483225101374,0,0,0,0,0,0,812.1740657433745,812.1740657433745,812.1740657433745,-233.53051344177823,-233.53051344177823,-233.53051344177823,0,0,0,477.0914997703115,4494.218374928728,2129.5753772810567,2129.5753772810567,2467.1540973316396
2022-02-18T00:00:00Z,2130.1953036339555,465.50107226968504,465.50107226968504,465.50107226968504,0,0,0,0,0,0,0,0,0,0,0,0,0,0,0,0,0,0,-37.23660291190444,-37.23660291190444,-37.23660291190444,0,0,0,0,0,0,779.4799552355192,779.4799552355192,779.4799552355192,-276.7422800539297,-276.7422800539297,-276.7422800539297,0,0,0,650.7461866413428,4458.21108267316,2130.1953036339555,2130.1953036339555,2595.6963759036407
2022-02-19T00:00:00Z,2130.8152299868543,-1499.0669253141496,-1499.0669253141496,-1499.0669253141496,0,0,0,0,0,0,0,0,0,0,0,0,0,0,0,0,0,0,281.71659854186083,281.71659854186083,281.71659854186083,0,0,0,0,0,0,-1466.1415354242076,-1466.1415354242076,-1466.1415354242076,-314.64198843180293,-314.64198843180293,-314.64198843180293,0,0,0,-1290.5604767619122,2476.6366534063845,2130.8152299868543,2130.8152299868543,631.7483046727048
2022-02-20T00:00:00Z,2131.4351563397536,-1923.089376731794,-1923.089376731794,-1923.089376731794,0,0,0,0,0,0,0,0,0,0,0,0,0,0,0,0,0,0,493.3002329026156,493.3002329026156,493.3002329026156,0,0,0,0,0,0,-2070.3301563869104,-2070.3301563869104,-2070.3301563869104,-346.05945324749905,-346.05945324749905,-346.05945324749905,0,0,0,-1767.2836769163232,2152.626002219694,2131.4351563397536,2131.4351563397536,208.34577960795968
2022-02-21T00:00:00Z,2132.0550599309795,553.8352964737408,553.8352964737408,553.8352964737408,0,0,0,0,0,0,0,0,0,0,0,0,0,0,0,0,0,0,516.4889183693306,516.4889183693306,516.4889183693306,0,0,0,0,0,0,407.34003320340855,407.34003320340855,407.34003320340855,-369.9936550989982,-369.9936550989982,-369.9936550989982,0,0,0,780.445453241362,4543.394404650683,2132.0550599309795,2132.0550599309795,2685.8903564047205
2022-02-22T00:00:00Z,2132.6749635222054,935.2506696119113,935.2506696119113,935.2506696119113,0,0,0,0,0,0,0,0,0,0,0,0,0,0,0,0,0,0,569.0170228008113,569.0170228008113,569.0170228008113,0,0,0,0,0,0,751.8708176887238,751.8708176887238,751.8708176887238,-385.6371708776237,-385.6371708776237,-385.6371708776237,0,0,0,1146.1376242001816,4961.667600900791,2132.6749635222054,2132.6749635222054,3067.9256331341167
2022-02-23T00:00:00Z,2133.2948671134313,1404.2512123355282,1404.2512123355282,1404.2512123355282,0,0,0,0,0,0,0,0,0,0,0,0,0,0,0,0,0,0,1011.0399152080662,1011.0399152080662,1011.0399152080662,0,0,0,0,0,0,785.6068199374077,785.6068199374077,785.6068199374077,-392.39552280994576,-392.39552280994576,-392.39552280994576,0,0,0,1596.1429711770752,5398.642783260185,2133.2948671134313,2133.2948671134313,3537.5460794489595
2022-02-24T00:00:00Z,2133.9147707046573,2394.389935336252,2394.389935336252,2394.389935336252,0,0,0,0,0,0,0,0,0,0,0,0,0,0,0,0,0,0,1972.1168646209915,1972.1168646209915,1972.1168646209915,0,0,0,0,0,0,812.1740657441786,812.1740657441786,812.1740657441786,-389.9009950289184,-389.9009950289184,-389.9009950289184,0,0,0,2506.9103620371952,6376.008525422424,2133.9147707046573,2133.9147707046573,4528.30470604091
2022-02-25T00:00:00Z,2134.5346742958836,3502.6779694282727,3502.6779694282727,3502.6779694282727,0,0,0,0,0,0,0,0,0,0,0,0,0,0,0,0,0,0,3101.218625753654,3101.218625753654,3101.218625753654,0,0,0,0,0,0,779.4799552339304,779.4799552339304,779.4799552339304,-378.0206115593118,-378.0206115593118,-378.0206115593118,0,0,0,3626.385414053983,7539.502987994508,2134.5346742958836,2134.5346742958836,5637.212643724157
2022-02-26T00:00:00Z,2135.1545778871096,1891.3082766861846,1891.3082766861846,1891.3082766861846,0,0,0,0,0,0,0,0,0,0,0,0,0,0,0,0,0,0,3714.307933579113,3714.307933579113,3714.307933579113,0,0,0,0,0,0,-1466.14153541713,-1466.14153541713,-1466.14153541713,-356.8581214757984,-356.8581214757984,-356.8581214757984,0,0,0,1970.880630431565,6048.256823802561,2135.1545778871096,2135.1545778871096,4026.462854573294
2022-02-27T00:00:00Z,2135.7744814783355,876.924264411742,876.924264411742,876.924264411742,0,0,0,0,0,0,0,0,0,0,0,0,0,0,0,0,0,0,3274.0044125034424,3274.0044125034424,3274.0044125034424,0,0,0,0,0,0,-2070.330156389989,-2070.330156389989,-2070.330156389989,-326.74999170171174,-326.74999170171174,-326.74999170171174,0,0,0,1113.48749583763,5120.416504675917,2135.7744814783355,2135.7744814783355,3012.6987458900776
2022-02-28T00:00:00Z,2136.3943850695614,1941.6615196242726,1941.6615196242726,1941.6615196242726,0,0,0,0,0,0,0,0,0,0,0,0,0,0,0,0,0,0,1822.577047815626,1822.577047815626,1822.577047815626,0,0,0,0,0,0,407.34003320618854,407.34003320618854,407.34003320618854,-288.25556139754195,-288.25556139754195,-288.25556139754195,0,0,0,2190.7057385309413,5882.895041743777,2136.3943850695614,2136.3943850695614,4078.0559046938342
2022-03-01T00:00:00Z,2137.0142886607873,507.85835402161257,507.85835402161257,507.85835402161257,0,0,0,0,0,0,0,0,0,0,0,0,0,0,0,0,0,0,-1.8708035132651923,-1.8708035132651923,-1.8708035132651923,0,0,0,0,0,0,751.8708176886586,751.8708176886586,751.8708176886586,-242.14166015378066,-242.14166015378066,-242.14166015378066,0,0,0,582.8147952463946,4611.694086825758,2137.0142886607873,2137.0142886607873,2644.8726426824
2022-03-02T00:00:00Z,2137.6341922520137,-800.6848417951829,-800.6848417951829,-800.6848417951829,0,0,0,0,0,0,0,0,0,0,0,0,0,0,0,0,0,0,-1396.9295303306221,-1396.9295303306221,-1396.9295303306221,0,0,0,0,0,0,785.60681993649,785.60681993649,785.60681993649,-189.36213140105093,-189.36213140105093,-189.36213140105093,0,0,0,-620.000459287814,3231.0149064211437,2137.6341922520137,2137.6341922520137,1336.9493504568309
2022-03-03T00:00:00Z,2138.254095843239,-1250.1707066269632,-1250.1707066269632,-1250.1707066269632,0,0,0,0,0,0,0,0,0,0,0,0,0,0,0,0,0,0,-1931.311943329895,-1931.311943329895,-1931.311943329895,0,0,0,0,0,0,812.1740657423377,812.1740657423377,812.1740657423377,-131.03282903940502,-131.03282903940502,-131.03282903940502,0,0,0,-1088.0440422362954,2765.2793774406214,2138.254095843239,2138.254095843239,888.0833892162759
2022-03-04T00:00:00Z,2138.8739994344655,-1051.0274110895473,-1051.0274110895473,-1051.0274110895473,0,0,0,0,0,0,0,0,0,0,0,0,0,0,0,0,0,0,-1762.1046002786532,-1762.1046002786532,-1762.1046002786532,0,0,0,0,0,0,779.4799552323415,779.4799552323415,779.4799552323415,-68.40276604323536,-68.40276604323536,-68.40276604323536,0,0,0,-932.7604188566996,2965.7676802115016,2138.8739994344655,2138.8739994344655,1087.8465883449182
2022-03-05T00:00:00Z,2139.4939030256915,-2863.762569035088,-2863.762569035088,-2863.762569035088,0,0,0,0,0,0,0,0,0,0,0,0,0,0,0,0,0,0,-1394.7988476535916,-1394.7988476535916,-1394.7988476535916,0,0,0,0,0,0,-1466.1415354181493,-1466.1415354181493,-1466.1415354181493,-2.8221859633472874,-2.8221859633472874,-2.8221859633472874,0,0,0,-2709.303973505451,1195.9643637734664,2139.4939030256915,2139.4939030256915,-724.2686660093964
2022-03-06T00:00:00Z,2140.113806616918,-3238.344812909383,-3238.344812909383,-3238.344812909383,0,0,0,0,0,0,0,0,0,0,0,0,0,0,0,0,0,0,-1232.3062569429176,-1232.3062569429176,-1232.3062569429176,0,0,0,0,0,0,-2070.33015638772,-2070.33015638772,-2070.33015638772,64.29160042125439,64.29160042125439,64.29160042125439,0,0,0,-2871.606932520708,888.9363603636267,2140.113806616918,2140.113806616918,-1098.2310062924653
2022-03-07T00:00:00Z,2140.7337102081437,-766.6087398354553,-766.6087398354553,-766.6087398354553,0,0,0,0,0,0,0,0,0,0,0,0,0,0,0,0,0,0,-1305.4384952855837,-1305.4384952855837,-1305.4384952855837,0,0,0,0,0,0,407.34003320687253,407.34003320687253,407.34003320687253,131.4897222432555,131.4897222432555,131.4897222432555,0,0,0,-602.6426287097456,3297.986041032485,2140.7337102081437,2140.7337102081437,1374.1249703726885
2022-03-08T00:00:00Z,2141.3536137993697,-423.97655998299564,-423.97655998299564,-423.97655998299564,0,0,0,0,0,0,0,0,0,0,0,0,0,0,0,0,0,0,-1373.1750608730772,-1373.1750608730772,-1373.1750608730772,0,0,0,0,0,0,751.8708176883857,751.8708176883857,751.8708176883857,197.32768320169612,197.32768320169612,197.32768320169612,0,0,0,-18.777998684531166,3668.4877752375346,2141.3536137993697,2141.3536137993697,1717.377053816374
2022-03-09T00:00:00Z,2141.9735173905956,-189.6751653507658,-189.6751653507658,-189.6751653507658,0,0,0,0,0,0,0,0,0,0,0,0,0,0,0,0,0,0,-1235.6827915493143,-1235.6827915493143,-1235.6827915493143,0,0,0,0,0,0,785.6068199374174,785.6068199374174,785.6068199374174,260.40080626113087,260.40080626113087,260.40080626113087,0,0,0,-126.21513435601976,3855.0834400336157,2141.9735173905956,2141.9735173905956,1952.2983520398298
2022-03-10T00:00:00Z,2142.5934209818215,193.1129901111886,193.1129901111886,193.1129901111886,0,0,0,0,0,0,0,0,0,0,0,0,0,0,0,0,0,0,-938.4393691930001,-938.4393691930001,-938.4393691930001,0,0,0,0,0,0,812.1740657417193,812.1740657417193,812.1740657417193,319.3782935624692,319.3782935624692,319.3782935624692,0,0,0,414.2960230222406,4404.596683853017,2142.5934209818215,2142.5934209818215,2335.70641109301
2022-03-11T00:00:00Z,2143.213324573048,458.57199987110005,458.57199987110005,458.57199987110005,0,0,0,0,0,0,0,0,0,0,0,0,0,0,0,0,0,0,-693.9430076970856,-693.9430076970856,-693.9430076970856,0,0,0,0,0,0,779.4799552307529,779.4799552307529,779.4799552307529,373.03505233743294,373.03505233743294,373.03505233743294,0,0,0,712.4805274511145,4517.741653269591,2143.213324573048,2143.213324573048,2601.785324444148
2022-03-12T00:00:00Z,2143.8332281642734,-1685.930487909035,-1685.930487909035,-1685.930487909035,0,0,0,0,0,0,0,0,0,0,0,0,0,0,0,0,0,0,-640.069457298938,-640.069457298938,-640.069457298938,0,0,0,0,0,0,-1466.141535421149,-1466.141535421149,-1466.141535421149,420.2805048110521,420.2805048110521,420.2805048110521,0,0,0,-1412.2807431846118,2359.0095967436296,2143.8332281642734,2143.8332281642734,457.9027402552383
2022-03-13T00:00:00Z,2144.4531317554997,-2310.5017758183935,-2310.5017758183935,-2310.5017758183935,0,0,0,0,0,0,0,0,0,0,0,0,0,0,0,0,0,0,-700.3553062709052,-700.3553062709052,-700.3553062709052,0,0,0,0,0,0,-2070.3301563888117,-2070.3301563888117,-2070.3301563888117,460.1836868413243,460.1836868413243,460.1836868413243,0,0,0,-2295.9538115835203,1669.4880416422209,2144.4531317554997,2144.4531317554997,-166.0486440628938
2022-03-14T00:00:00Z,2145.0730353467256,216.70842496558092,216.70842496558092,216.70842496558092,0,0,0,0,0,0,0,0,0,0,0,0,0,0,0,0,0,0,-682.6256521210273,-682.6256521210273,-682.6256521210273,0,0,0,0,0,0,407.34003320037897,407.34003320037897,407.34003320037897,491.9940438862291,491.9940438862291,491.9940438862291,0,0,0,516.6364784792603,4296.687148601437,2145.0730353467256,2145.0730353467256,2361.7814603123065
2022-03-15T00:00:00Z,2145.6929389379516,770.7186989108419,770.7186989108419,770.7186989108419,0,0,0,0,0,0,0,0,0,0,0,0,0,0,0,0,0,0,-496.3095696893159,-496.3095696893159,-496.3095696893159,0,0,0,0,0,0,751.870817688113,751.870817688113,751.870817688113,515.1574509120449,515.1574509120449,515.1574509120449,0,0,0,871.6227599319043,4696.112670050541,2145.6929389379516,2145.6929389379516,2916.4116378487934
2022-03-16T00:00:00Z,2146.3128425291775,1064.3085054884332,1064.3085054884332,1064.3085054884332,0,0,0,0,0,0,0,0,0,0,0,0,0,0,0,0,0,0,-250.6254262226201,-250.6254262226201,-250.6254262226201,0,0,0,0,0,0,785.6068199371733,785.6068199371733,785.6068199371733,529.3271117738798,529.3271117738798,529.3271117738798,0,0,0,1153.0443917949071,5155.425231607361,2146.3128425291775,2146.3128425291775,3210.6213480176107
2022-03-17T00:00:00Z,2146.9327461204034,1216.53822202558,1216.53822202558,1216.53822202558,0,0,0,0,0,0,0,0,0,0,0,0,0,0,0,0,0,0,-130.00497363404983,-130.00497363404983,-130.00497363404983,0,0,0,0,0,0,812.1740657439456,812.1740657439456,812.1740657439456,534.3691299156844,534.3691299156844,534.3691299156844,0,0,0,1350.9336988658354,5319.539256413233,2146.9327461204034,2146.9327461204034,3363.4709681459835
2022-03-18T00:00:00Z,2147.55264971163,1126.2007592260577,1126.2007592260577,1126.2007592260577,0,0,0,0,0,0,0,0,0,0,0,0,0,0,0,0,0,0,-183.64187826980307,-183.64187826980307,-183.64187826980307,0,0,0,0,0,0,779.4799552310526,779.4799552310526,779.4799552310526,530.362682264808,530.362682264808,530.362682264808,0,0,0,1455.9615864935477,5253.109273383763,2147.55264971163,2147.55264971163,3273.7534089376877
2022-03-19T00:00:00Z,2148.1725533028557,-1208.608700011351,-1208.608700011351,-1208.608700011351,0,0,0,0,0,0,0,0,0,0,0,0,0,0,0,0,0,0,-260.06203280475233,-260.06203280475233,-260.06203280475233,0,0,0,0,0,0,-1466.1415354201874,-1466.1415354201874,-1466.1415354201874,517.5948682135887,517.5948682135887,517.5948682135887,0,0,0,-907.191053027128,2819.1948435153654,2148.1725533028557,2148.1725533028557,939.5638532915048
2022-03-20T00:00:00Z,2148.7924568940816,-1738.8033322149395,-1738.8033322149395,-1738.8033322149395,0,0,0,0,0,0,0,0,0,0,0,0,0,0,0,0,0,0,-165.02361771674325,-165.02361771674325,-165.02361771674325,0,0,0,0,0,0,-2070.330156386543,-2070.330156386543,-2070.330156386543,496.5504418883467,496.5504418883467,496.5504418883467,0,0,0,-1489.7806499428268,2285.441006680297,2148.7924568940816,2148.7924568940816,409.98912467914215
2022-03-21T00:00:00Z,2149.4123604853075,996.9386564476912,996.9386564476912,996.9386564476912,0,0,0,0,0,0,0,0,0,0,0,0,0,0,0,0,0,0,121.70185827771542,121.70185827771542,121.70185827771542,0,0,0,0,0,0,407.3400332021113,407.3400332021113,407.3400332021113,467.89676496786444,467.89676496786444,467.89676496786444,0,0,0,1258.2282221920602,5090.3559968021445,2149.4123604853075,2149.4123604853075,3146.351016932999
2022-03-22T00:00:00Z,2150.032264076534,1596.7731023764106,1596.7731023764106,1596.7731023764106,0,0,0,0,0,0,0,0,0,0,0,0,0,0,0,0,0,0,412.4378488781059,412.4378488781059,412.4378488781059,0,0,0,0,0,0,751.8708176878403,751.8708176878403,751.8708176878403,432.46443581046475,432.46443581046475,432.46443581046475,0,0,0,1647.887296039173,5634.8607247170385,2150.032264076534,2150.032264076534,3746.8053664529443
2022-03-23T00:00:00Z,2150.65216766776,1698.5039924527605,1698.5039924527605,1698.5039924527605,0,0,0,0,0,0,0,0,0,0,0,0,0,0,0,0,0,0,521.6730169257329,521.6730169257329,521.6730169257329,0,0,0,0,0,0,785.606819937604,785.606819937604,785.606819937604,391.2241555894237,391.2241555894237,391.2241555894237,0,0,0,1878.1325783128464,5817.570743456493,2150.65216766776,2150.65216766776,3849.1561601205203
2022-03-24T00:00:00Z,2151.2720712589858,1673.33515325563,1673.33515325563,1673.33515325563,0,0,0,0,0,0,0,0,0,0,0,0,0,0,0,0,0,0,515.9006065730271,515.9006065730271,515.9006065730271,0,0,0,0,0,0,812.1740657433273,812.1740657433273,812.1740657433273,345.26048093927614,345.26048093927614,345.26048093927614,0,0,0,1736.6141650996617,5688.260507187184,2151.2720712589858,2151.2720712589858,3824.607224514616
2022-03-25T00:00:00Z,2151.8919748502117,1798.5954174626245,1798.5954174626245,1798.5954174626245,0,0,0,0,0,0,0,0,0,0,0,0,0,0,0,0,0,0,723.3722790915145,723.3722790915145,723.3722790915145,0,0,0,0,0,0,779.4799552358463,779.4799552358463,779.4799552358463,295.743183135264,295.743183135264,295.743183135264,0,0,0,1976.237282725305,5872.928915625137,2151.8919748502117,2151.8919748502117,3950.487392312836
2022-03-26T00:00:00Z,2152.5118784414376,214.63547992218713,214.63547992218713,214.63547992218713,0,0,0,0,0,0,0,0,0,0,0,0,0,0,0,0,0,0,1436.880030866107,1436.880030866107,1436.880030866107,0,0,0,0,0,0,-1466.1415354150904,-1466.1415354150904,-1466.1415354150904,243.8969844711709,243.8969844711709,243.8969844711709,0,0,0,379.9119707766806,4308.666036275592,2152.5118784414376,2152.5118784414376,2367.147358363625
2022-03-27T00:00:00Z,2153.131782032664,675.9668892726852,675.9668892726852,675.9668892726852,0,0,0,0,0,0,0,0,0,0,0,0,0,0,0,0,0,0,2555.3265734704587,2555.3265734704587,2555.3265734704587,0,0,0,0,0,0,-2070.330156385955,-2070.330156385955,-2070.330156385955,190.97047218818113,190.97047218818113,190.97047218818113,0,0,0,951.2034430882225,4950.974820347783,2153.131782032664,2153.131782032664,2829.098671305349
2022-03-28T00:00:00Z,2153.75168562389,4061.2679901256543,4061.2679901256543,4061.2679901256543,0,0,0,0,0,0,0,0,0,0,0,0,0,0,0,0,0,0,3515.7229583584135,3515.7229583584135,3515.7229583584135,0,0,0,0,0,0,407.3400332038433,407.3400332038433,407.3400332038433,138.20499856339686,138.20499856339686,138.20499856339686,0,0,0,4343.576377979008,8108.717136442894,2153.75168562389,2153.75168562389,6215.019675749544
2022-03-29T00:00:00Z,2154.371589215116,4478.226221005881,4478.226221005881,4478.226221005881,0,0,0,0,0,0,0,0,0,0,0,0,0,0,0,0,0,0,3639.5510406296435,3639.5510406296435,3639.5510406296435,0,0,0,0,0,0,751.8708176877748,751.8708176877748,751.8708176877748,86.8043626884634,86.8043626884634,86.8043626884634,0,0,0,4755.81529307418,8550.509760802577,2154.371589215116,2154.371589215116,6632.5978102209965
2022-03-30T00:00:00Z,2154.9914928063417,3468.869508657314,3468.869508657314,3468.869508657314,0,0,0,0,0,0,0,0,0,0,0,0,0,0,0,0,0,0,2645.3566530227804,2645.3566530227804,2645.3566530227804,0,0,0,0,0,0,785.6068199371832,785.6068199371832,785.6068199371832,37.90603569735045,37.90603569735045,37.90603569735045,0,0,0,3710.922308465448,7753.46384202093,2154.9914928063417,2154.9914928063417,5623.861001463656
2022-03-31T00:00:00Z,2155.6113963975677,1708.4727662219732,1708.4727662219732,1708.4727662219732,0,0,0,0,0,0,0,0,0,0,0,0,0,0,0,0,0,0,903.744062493723,903.744062493723,903.744062493723,0,0,0,0,0,0,812.1740657427094,812.1740657427094,812.1740657427094,-7.445362014458792,-7.445362014458792,-7.445362014458792,0,0,0,1892.352391913801,5766.0563087762785,2155.6113963975677,2155.6113963975677,3864.0841626195406
2022-04-01T00:00:00Z,2156.231299988794,-62.456706436343815,-62.456706436343815,-62.456706436343815,0,0,0,0,0,0,0,0,0,0,0,0,0,0,0,0,0,0,-793.6149676365268,-793.6149676365268,-793.6149676365268,0,0,0,0,0,0,779.4799552342573,779.4799552342573,779.4799552342573,-48.32169403407462,-48.32169403407462,-48.32169403407462,0,0,0,146.17588429478621,3952.80400457352,2156.231299988794,2156.231299988794,2093.7745935524504
2022-04-02T00:00:00Z,2156.8512035800195,-3324.922081185751,-3324.922081185751,-3324.922081185751,0,0,0,0,0,0,0,0,0,0,0,0,0,0,0,0,0,0,-1774.8490451063076,-1774.8490451063076,-1774.8490451063076,0,0,0,0,0,0,-1466.14153541611,-1466.14153541611,-1466.14153541611,-83.93150066333321,-83.93150066333321,-83.93150066333321,0,0,0,-3133.9904053547207,708.0784425800488,2156.8512035800195,2156.8512035800195,-1168.0708776057313
2022-04-03T00:00:00Z,2157.471107171246,-4089.936202920303,-4089.936202920303,-4089.936202920303,0,0,0,0,0,0,0,0,0,0,0,0,0,0,0,0,0,0,-1905.9697467527885,-1905.9697467527885,-1905.9697467527885,0,0,0,0,0,0,-2070.330156385366,-2070.330156385366,-2070.330156385366,-113.63629978214844,-113.63629978214844,-113.63629978214844,0,0,0,-3887.493146956728,-66.6360913150757,2157.471107171246,2157.471107171246,-1932.4650957490571
2022-04-04T00:00:00Z,2158.091010762472,-1300.370766159735,-1300.370766159735,-1300.370766159735,0,0,0,0,0,0,0,0,0,0,0,0,0,0,0,0,0,0,-1570.7481450838254,-1570.7481450838254,-1570.7481450838254,0,0,0,0,0,0,407.3400332045275,407.3400332045275,407.3400332045275,-136.96265428043762,-136.96265428043762,-136.96265428043762,0,0,0,-983.2437408142833,2891.999611160356,2158.091010762472,2158.091010762472,857.7202446027368
2022-04-05T00:00:00Z,2158.7109143536977,-678.4544293429841,-678.4544293429841,-678.4544293429841,0,0,0,0,0,0,0,0,0,0,0,0,0,0,0,0,0,0,-1276.715465660169,-1276.715465660169,-1276.715465660169,0,0,0,0,0,0,751.8708176885367,751.8708176885367,751.8708176885367,-153.6097813713517,-153.6097813713517,-153.6097813713517,0,0,0,-569.0393337186787,3397.981206768739,2158.7109143536977,2158.7109143536977,1480.2564850107137
2022-04-06T00:00:00Z,2159.3308179449236,-629.3705640887612,-629.3705640887612,-629.3705640887612,0,0,0,0,0,0,0,0,0,0,0,0,0,0,0,0,0,0,-1251.5247842032622,-1251.5247842032622,-1251.5247842032622,0,0,0,0,0,0,785.6068199376135,785.6068199376135,785.6068199376135,-163.45259982311256,-163.45259982311256,-163.45259982311256,0,0,0,-457.3438526550591,3529.262673530675,2159.3308179449236,2159.3308179449236,1529.9602538561626
2022-04-07T00:00:00Z,2159.9507215361496,-711.4567937466245,-711.4567937466245,-711.4567937466245,0,0,0,0,0,0,0,0,0,0,0,0,0,0,0,0,0,0,-1357.0906270624082,-1357.0906270624082,-1357.0906270624082,0,0,0,0,0,0,812.1740657449354,812.1740657449354,812.1740657449354,-166.5402324291522,-166.5402324291522,-166.5402324291522,0,0,0,-580.3747906439754,3379.6175887848794,2159.9507215361496,2159.9507215361496,1448.493927789525
2022-04-08T00:00:00Z,2160.570625127376,-717.06951038697,-717.06951038697,-717.06951038697,0,0,0,0,0,0,0,0,0,0,0,0,0,0,0,0,0,0,-1333.4593659946986,-1333.4593659946986,-1333.4593659946986,0,0,0,0,0,0,779.4799552326687,779.4799552326687,779.4799552326687,-163.09009962494,-163.09009962494,-163.09009962494,0,0,0,-538.2065062461274,3360.899950138387,2160.570625127376,2160.570625127376,1443.501114740406
2022-04-09T00:00:00Z,2161.190528718602,-2714.606178819439,-2714.606178819439,-2714.606178819439,0,0,0,0,0,0,0,0,0,0,0,0,0,0,0,0,0,0,-1094.9867904687408,-1094.9867904687408,-1094.9867904687408,0,0,0,0,0,0,-1466.1415354171293,-1466.1415354171293,-1466.1415354171293,-153.4778529335689,-153.4778529335689,-153.4778529335689,0,0,0,-2424.8780632051,1443.2795953077618,2161.190528718602,2161.190528718602,-553.415650100837
2022-04-10T00:00:00Z,2161.810432309828,-3005.046648005963,-3005.046648005963,-3005.046648005963,0,0,0,0,0,0,0,0,0,0,0,0,0,0,0,0,0,0,-796.4929906592006,-796.4929906592006,-796.4929906592006,0,0,0,0,0,0,-2070.330156390126,-2070.330156390126,-2070.330156390126,-138.22350095663663,-138.22350095663663,-138.22350095663663,0,0,0,-2867.3044913736544,1058.609642820345,2161.810432309828,2161.810432309828,-843.2362156961353
2022-04-11T00:00:00Z,2162.4303359010537,-353.5930808009334,-353.5930808009334,-353.5930808009334,0,0,0,0,0,0,0,0,0,0,0,0,0,0,0,0,0,0,-642.9589407053941,-642.9589407053941,-642.9589407053941,0,0,0,0,0,0,407.34003320521157,407.34003320521157,407.34003320521157,-117.97417330075092,-117.97417330075092,-117.97417330075092,0,0,0,-146.30249156706816,3786.817600276547,2162.4303359010537,2162.4303359010537,1808.8372551001203
2022-04-12T00:00:00Z,2163.050228537521,-9.416385148582926,-9.416385148582926,-9.416385148582926,0,0,0,0,0,0,0,0,0,0,0,0,0,0,0,0,0,0,-667.8031559856313,-667.8031559856313,-667.8031559856313,0,0,0,0,0,0,751.8708176884716,751.8708176884716,751.8708176884716,-93.48404685142323,-93.48404685142323,-93.48404685142323,0,0,0,241.43704077982918,4159.589639894305,2163.050228537521,2163.050228537521,2153.633843388938
2022-04-13T00:00:00Z,2163.6701211739883,8.482132005635314,8.482132005635314,8.482132005635314,0,0,0,0,0,0,0,0,0,0,0,0,0,0,0,0,0,0,-711.5326656109547,-711.5326656109547,-711.5326656109547,0,0,0,0,0,0,785.6068199373698,785.6068199373698,785.6068199373698,-65.5920223207797,-65.5920223207797,-65.5920223207797,0,0,0,206.51370794566168,4140.844652606924,2163.6701211739883,2163.6701211739883,2172.1522531796236
2022-04-14T00:00:00Z,2164.2900138104555,169.05118447869137,169.05118447869137,169.05118447869137,0,0,0,0,0,0,0,0,0,0,0,0,0,0,0,0,0,0,-607.925095696261,-607.925095696261,-607.925095696261,0,0,0,0,0,0,812.1740657443175,812.1740657443175,812.1740657443175,-35.19778556936505,-35.19778556936505,-35.19778556936505,0,0,0,456.88832384525836,4288.24752111636,2164.2900138104555,2164.2900138104555,2333.341198289147
2022-04-15T00:00:00Z,2164.909906446923,407.76928024474535,407.76928024474535,407.76928024474535,0,0,0,0,0,0,0,0,0,0,0,0,0,0,0,0,0,0,-368.47375806784396,-368.47375806784396,-368.47375806784396,0,0,0,0,0,0,779.4799552329685,779.4799552329685,779.4799552329685,-3.2369169203789063,-3.2369169203789063,-3.2369169203789063,0,0,0,533.6426704366664,4559.549948584605,2164.909906446923,2164.909906446923,2572.6791866916683
2022-04-16T00:00:00Z,2165.52979908339,-1603.2934970731492,-1603.2934970731492,-1603.2934970731492,0,0,0,0,0,0,0,0,0,0,0,0,0,0,0,0,0,0,-166.49623954575213,-166.49623954575213,-166.49623954575213,0,0,0,0,0,0,-1466.1415354181484,-1466.1415354181484,-1466.1415354181484,29.344277890751417,29.344277890751417,29.344277890751417,0,0,0,-1254.1561909811703,2574.8964826903066,2165.52979908339,2165.52979908339,562.2363020102409
2022-04-17T00:00:00Z,2166.1496917198574,-2149.457289966342,-2149.457289966342,-2149.457289966342,0,0,0,0,0,0,0,0,0,0,0,0,0,0,0,0,0,0,-140.7406828640574,-140.7406828640574,-140.7406828640574,0,0,0,0,0,0,-2070.3301563878567,-2070.3301563878567,-2070.3301563878567,61.61354928557174,61.61354928557174,61.61354928557174,0,0,0,-1940.4733390895756,1904.5324585073138,2166.1496917198574,2166.1496917198574,16.69240175351524
2022-04-18T00:00:00Z,2166.7695843563242,-1500.1367073333806,-1500.1367073333806,-1500.1367073333806,0,0,0,0,0,0,-1767.1012203123178,-1767.1012203123178,-1767.1012203123178,0,0,0,0,0,0,-1767.1012203123178,-1767.1012203123178,-1767.1012203123178,-233.05197774080335,-233.05197774080335,-233.05197774080335,0,0,0,0,0,0,407.3400332079918,407.3400332079918,407.3400332079918,92.67645751174872,92.67645751174872,92.67645751174872,0,0,0,-1385.2397996445613,2535.034095693734,2166.7695843563242,2166.7695843563242,666.6328770229436
2022-04-19T00:00:00Z,2167.3894769927915,632.5044854785738,632.5044854785738,632.5044854785738,0,0,0,0,0,0,0,0,0,0,0,0,0,0,0,0,0,0,-241.06483224976677,-241.06483224976677,-241.06483224976677,0,0,0,0,0,0,751.8708176881988,751.8708176881988,751.8708176881988,121.69850004014202,121.69850004014202,121.69850004014202,0,0,0,999.5498693095177,4689.488731750388,2167.3894769927915,2167.3894769927915,2799.8939624713653
2022-04-20T00:00:00Z,2168.0093696292583,896.2952884961568,896.2952884961568,896.2952884961568,0,0,0,0,0,0,0,0,0,0,0,0,0,0,0,0,0,0,-37.236602911121466,-37.236602911121466,-37.236602911121466,0,0,0,0,0,0,785.606819937126,785.606819937126,785.606819937126,147.92507147015237,147.92507147015237,147.92507147015237,0,0,0,1133.0617370198524,5086.925288216237,2168.0093696292583,2168.0093696292583,3064.3046581254152
2022-04-21T00:00:00Z,2168.6292622657256,1264.5894494450063,1264.5894494450063,1264.5894494450063,0,0,0,0,0,0,0,0,0,0,0,0,0,0,0,0,0,0,281.7165985438393,281.7165985438393,281.7165985438393,0,0,0,0,0,0,812.1740657424763,812.1740657424763,812.1740657424763,170.6987851586908,170.6987851586908,170.6987851586908,0,0,0,1337.867848395925,5408.648604815362,2168.6292622657256,2168.6292622657256,3433.218711710732
2022-04-22T00:00:00Z,2169.249154902193,1462.2539554270807,1462.2539554270807,1462.2539554270807,0,0,0,0,0,0,0,0,0,0,0,0,0,0,0,0,0,0,493.3002329025783,493.3002329025783,493.3002329025783,0,0,0,0,0,0,779.4799552358735,779.4799552358735,779.4799552358735,189.47376728862855,189.47376728862855,189.47376728862855,0,0,0,1760.49073851685,5593.478135511392,2169.249154902193,2169.249154902193,3631.5031103292736
2022-04-23T00:00:00Z,2169.86904753866,-745.8259928269912,-745.8259928269912,-745.8259928269912,0,0,0,0,0,0,0,0,0,0,0,0,0,0,0,0,0,0,516.4889183691548,516.4889183691548,516.4889183691548,0,0,0,0,0,0,-1466.1415354211485,-1466.1415354211485,-1466.1415354211485,203.82662422500226,203.82662422500226,203.82662422500226,0,0,0,-614.8560307119741,3283.4672491843885,2169.86904753866,2169.86904753866,1424.043054711669
2022-04-24T00:00:00Z,2170.4889401751275,-1287.8492534539598,-1287.8492534539598,-1287.8492534539598,0,0,0,0,0,0,0,0,0,0,0,0,0,0,0,0,0,0,569.0170228011115,569.0170228011115,569.0170228011115,0,0,0,0,0,0,-2070.3301563889486,-2070.3301563889486,-2070.3301563889486,213.46388013387775,213.46388013387775,213.46388013387775,0,0,0,-1240.0253087895935,2816.890912971947,2170.4889401751275,2170.4889401751275,882.6396867211677
2022-04-25T00:00:00Z,2171.1088328115948,1636.6057296234324,1636.6057296234324,1636.6057296234324,0,0,0,0,0,0,0,0,0,0,0,0,0,0,0,0,0,0,1011.0399152083096,1011.0399152083096,1011.0399152083096,0,0,0,0,0,0,407.34003320867606,407.34003320867606,407.34003320867606,218.22578120644624,218.22578120644624,218.22578120644624,0,0,0,1929.4997492619866,5566.383382619393,2171.1088328115948,2171.1088328115948,3807.714562435027
2022-04-26T00:00:00Z,2171.728725448062,2942.0741449757,2942.0741449757,2942.0741449757,0,0,0,0,0,0,0,0,0,0,0,0,0,0,0,0,0,0,1972.1168646209983,1972.1168646209983,1972.1168646209983,0,0,0,0,0,0,751.870817689168,751.870817689168,751.870817689168,218.0864626655334,218.0864626655334,218.0864626655334,0,0,0,3338.5029683369708,7059.186459823087,2171.728725448062,2171.728725448062,5113.802870423762
2022-04-27T00:00:00Z,2172.3486180845293,4099.976017983668,4099.976017983668,4099.976017983668,0,0,0,0,0,0,0,0,0,0,0,0,0,0,0,0,0,0,3101.2186257526682,3101.2186257526682,3101.2186257526682,0,0,0,0,0,0,785.6068199368824,785.6068199368824,785.6068199368824,213.1505722941183,213.1505722941183,213.1505722941183,0,0,0,4235.242401489242,8126.017632733059,2172.3486180845293,2172.3486180845293,6272.324636068197
2022-04-28T00:00:00Z,2172.9685107209966,4730.128536216594,4730.128536216594,4730.128536216594,0,0,0,0,0,0,0,0,0,0,0,0,0,0,0,0,0,0,3714.307933578241,3714.307933578241,3714.307933578241,0,0,0,0,0,0,812.1740657418582,812.1740657418582,812.1740657418582,203.64653689649418,203.64653689649418,203.64653689649418,0,0,0,4971.720234531757,8964.052412880761,2172.9685107209966,2172.9685107209966,6903.09704693759
2022-04-29T00:00:00Z,2173.5884033574634,4243.401111205607,4243.401111205607,4243.401111205607,0,0,0,0,0,0,0,0,0,0,0,0,0,0,0,0,0,0,3274.004412502784,3274.004412502784,3274.004412502784,0,0,0,0,0,0,779.4799552361733,779.4799552361733,779.4799552361733,189.91674346664982,189.91674346664982,189.91674346664982,0,0,0,4458.2450484309165,8326.711326352504,2173.5884033574634,2173.5884033574634,6416.989514563071
2022-04-30T00:00:00Z,2174.2082959939307,528.8404951045526,528.8404951045526,528.8404951045526,0,0,0,0,0,0,0,0,0,0,0,0,0,0,0,0,0,0,1822.5770478146699,1822.5770478146699,1822.5770478146699,0,0,0,0,0,0,-1466.1415354221679,-1466.1415354221679,-1466.1415354221679,172.40498271205118,172.40498271205118,172.40498271205118,0,0,0,664.8279026456562,4620.381864842525,2174.2082959939307,2174.2082959939307,2703.0487910984834
2022-05-01T00:00:00Z,2174.828188630398,-3687.6606131013023,-3687.6606131013023,-3687.6606131013023,0,0,0,0,0,0,-1767.1012203123178,-1767.1012203123178,-1767.1012203123178,0,0,0,0,0,0,-1767.1012203123178,-1767.1012203123178,-1767.1012203123178,-1.8708035139400319,-1.8708035139400319,-1.8708035139400319,0,0,0,0,0,0,-2070.33015638668,-2070.33015638668,-2070.33015638668,151.64156711163494,151.64156711163494,151.64156711163494,0,0,0,-3520.265140485939,383.0029220870804,2174.828188630398,2174.828188630398,-1512.8324244709042
2022-05-02T00:00:00Z,2175.4480812668653,-3585.7282998065266,-3585.7282998065266,-3585.7282998065266,0,0,0,0,0,0,-2724.3653900430054,-2724.3653900430054,-2724.3653900430054,0,0,0,0,0,0,0,0,0,-1396.9295303311508,-1396.9295303311508,-1396.9295303311508,0,0,0,-2724.3653900430054,-2724.3653900430054,-2724.3653900430054,407.3400332021824,407.3400332021824,407.3400332021824,128.22658736544705,128.22658736544705,128.22658736544705,0,0,0,-3355.6013349984273,567.8309726226832,2175.4480812668653,2175.4480812668653,-1410.2802185396613
2022-05-04T00:00:00Z,2176.6878665397994,-3728.1589686555203,-3728.1589686555203,-3728.1589686555203,0,0,0,0,0,0,-2827.7429206832257,-2827.7429206832257,-2827.7429206832257,0,0,0,0,0,0,-1767.1012203123178,-1767.1012203123178,-1767.1012203123178,-1762.1046002780727,-1762.1046002780727,-1762.1046002780727,0,0,0,-1060.6417003709078,-1060.6417003709078,-1060.6417003709078,785.6068199373128,785.6068199373128,785.6068199373128,76.08173236846505,76.08173236846505,76.08173236846505,0,0,0,-3459.122722938912,591.9055045184289,2176.6878665397994,2176.6878665397994,-1551.471102115721
2022-05-05T00:00:00Z,2177.3077591762667,-1980.1330708915268,-1980.1330708915268,-1980.1330708915268,0,0,0,0,0,0,-1446.2426418449136,-1446.2426418449136,-1446.2426418449136,0,0,0,0,0,0,0,0,0,-1394.7988476544622,-1394.7988476544622,-1394.7988476544622,0,0,0,-1446.2426418449136,-1446.2426418449136,-1446.2426418449136,812.1740657440844,812.1740657440844,812.1740657440844,48.734352863764975,48.734352863764975,48.734352863764975,0,0,0,-1810.0583793056323,2050.489901179731,2177.3077591762667,2177.3077591762667,197.1746882847399
2022-05-06T00:00:00Z,2177.927651812734,-1485.2946416373088,-1485.2946416373088,-1485.2946416373088,0,0,0,0,0,0,-1053.9304804193164,-1053.9304804193164,-1053.9304804193164,0,0,0,0,0,0,0,0,0,-1232.3062569437266,-1232.3062569437266,-1232.3062569437266,0,0,0,-1053.9304804193164,-1053.9304804193164,-1053.9304804193164,779.479955236473,779.479955236473,779.479955236473,21.46214048926093,21.46214048926093,21.46214048926093,0,0,0,-1225.0780581304894,2629.1152230787466,2177.927651812734,2177.927651812734,692.6330101754252
2022-05-07T00:00:00Z,2178.5475444492013,-2916.3152144261044,-2916.3152144261044,-2916.3152144261044,0,0,0,0,0,0,-139.66893441936705,-139.66893441936705,-139.66893441936705,0,0,0,0,0,0,0,0,0,-1305.438495285219,-1305.438495285219,-1305.438495285219,0,0,0,-139.66893441936705,-139.66893441936705,-139.66893441936705,-1466.1415354150902,-1466.1415354150902,-1466.1415354150902,-5.066249306428616,-5.066249306428616,-5.066249306428616,0,0,0,-2541.4983633016227,1271.1389835715847,2178.5475444492013,2178.5475444492013,-737.7676699769031
2022-05-08T00:00:00Z,2179.1674370856686,-3522.3652173475466,-3522.3652173475466,-3522.3652173475466,0,0,0,0,0,0,-48.636933243033084,-48.636933243033084,-48.636933243033084,0,0,0,0,0,0,0,0,0,-1373.1750608730597,-1373.1750608730597,-1373.1750608730597,0,0,0,-48.636933243033084,-48.636933243033084,-48.636933243033084,-2070.3301563860914,-2070.3301563860914,-2070.3301563860914,-30.22306684536246,-30.22306684536246,-30.22306684536246,0,0,0,-3277.5094223012975,636.2497930191229,2179.1674370856686,2179.1674370856686,-1343.197780261878
2022-05-09T00:00:00Z,2179.787329722136,-2420.7060371291095,-2420.7060371291095,-2420.7060371291095,0,0,0,0,0,0,-1538.9263432042626,-1538.9263432042626,-1538.9263432042626,0,0,0,0,0,0,0,0,0,-1235.682791549656,-1235.682791549656,-1235.682791549656,0,0,0,-1538.9263432042626,-1538.9263432042626,-1538.9263432042626,407.3400332039145,407.3400332039145,407.3400332039145,-53.43693557910554,-53.43693557910554,-53.43693557910554,0,0,0,-2310.5430557741856,1707.8998548749455,2179.787329722136,2179.787329722136,-240.91870740697368
2022-05-10T00:00:00Z,2180.4072223586027,-1416.5808680962823,-1416.5808680962823,-1416.5808680962823,0,0,0,0,0,0,-1155.8059886669942,-1155.8059886669942,-1155.8059886669942,0,0,0,0,0,0,0,0,0,-938.4393691925045,-938.4393691925045,-938.4393691925045,0,0,0,-1155.8059886669942,-1155.8059886669942,-1155.8059886669942,751.8708176888299,751.8708176888299,751.8708176888299,-74.20632792561398,-74.20632792561398,-74.20632792561398,0,0,0,-1321.2446883011796,2836.855494907029,2180.4072223586027,2180.4072223586027,763.8263542623204
2022-05-11T00:00:00Z,2181.02711499507,-0.4469347120280378,-0.4469347120280378,-0.4469347120280378,0,0,0,0,0,0,0,0,0,0,0,0,0,0,0,0,0,0,-693.9430076961875,-693.9430076961875,-693.9430076961875,0,0,0,0,0,0,785.606819936395,785.606819936395,785.606819936395,-92.11074695223557,-92.11074695223557,-92.11074695223557,0,0,0,89.5556390847416,4009.6238468415854,2181.02711499507,2181.02711499507,2180.580180283042
2022-05-12T00:00:00Z,2181.6470076315372,65.28522542074343,65.28522542074343,65.28522542074343,0,0,0,0,0,0,0,0,0,0,0,0,0,0,0,0,0,0,-640.0694573002166,-640.0694573002166,-640.0694573002166,0,0,0,0,0,0,812.1740657434663,812.1740657434663,812.1740657434663,-106.81938302250636,-106.81938302250636,-106.81938302250636,0,0,0,288.79177066727533,4023.059281498222,2181.6470076315372,2181.6470076315372,2246.9322330522805
2022-05-13T00:00:00Z,2182.2669002680045,-38.97244163423459,-38.97244163423459,-38.97244163423459,0,0,0,0,0,0,0,0,0,0,0,0,0,0,0,0,0,0,-700.3553062715537,-700.3553062715537,-700.3553062715537,0,0,0,0,0,0,779.4799552329958,779.4799552329958,779.4799552329958,-118.0970905956767,-118.0970905956767,-118.0970905956767,0,0,0,303.39690359679315,4087.337340102098,2182.2669002680045,2182.2669002680045,2143.29445863377
2022-05-14T00:00:00Z,2182.886792904472,-2274.5747960627464,-2274.5747960627464,-2274.5747960627464,0,0,0,0,0,0,0,0,0,0,0,0,0,0,0,0,0,0,-682.6256521215944,-682.6256521215944,-682.6256521215944,0,0,0,0,0,0,-1466.1415354161095,-1466.1415354161095,-1466.1415354161095,-125.80760852504285,-125.80760852504285,-125.80760852504285,0,0,0,-2016.7820657283787,1848.609809583141,2182.886792904472,2182.886792904472,-91.68800315827457
2022-05-15T00:00:00Z,2183.506685540939,-4463.654971575718,-4463.654971575718,-4463.654971575718,0,0,0,0,0,0,-1767.1012203123178,-1767.1012203123178,-1767.1012203123178,0,0,0,0,0,0,-1767.1012203123178,-1767.1012203123178,-1767.1012203123178,-496.30956968924005,-496.30956968924005,-496.30956968924005,0,0,0,0,0,0,-2070.330156383822,-2070.330156383822,-2070.330156383822,-129.91402519033852,-129.91402519033852,-129.91402519033852,0,0,0,-4244.074461340805,-382.7059143841657,2183.506685540939,2183.506685540939,-2280.148286034779
2022-05-16T00:00:00Z,2184.1265781774064,-1740.8631787557329,-1740.8631787557329,-1740.8631787557329,0,0,0,0,0,0,-1767.1012203123178,-1767.1012203123178,-1767.1012203123178,0,0,0,0,0,0,-1767.1012203123178,-1767.1012203123178,-1767.1012203123178,-250.625426223515,-250.625426223515,-250.625426223515,0,0,0,0,0,0,407.34003320564665,407.34003320564665,407.34003320564665,-130.4765654255467,-130.4765654255467,-130.4765654255467,0,0,0,-1428.1907408969962,2403.2624570079024,2184.1265781774064,2184.1265781774064,443.2633994216735
2022-05-17T00:00:00Z,2184.7464708138737,494.2179966378402,494.2179966378402,494.2179966378402,0,0,0,0,0,0,0,0,0,0,0,0,0,0,0,0,0,0,-130.0049736334282,-130.0049736334282,-130.0049736334282,0,0,0,0,0,0,751.8708176887648,751.8708176887648,751.8708176887648,-127.64784741749644,-127.64784741749644,-127.64784741749644,0,0,0,768.5124175482326,4682.236226596508,2184.7464708138737,2184.7464708138737,2678.964467451714
2022-05-18T00:00:00Z,2185.3663634503405,480.299119016523,480.299119016523,480.299119016523,0,0,0,0,0,0,0,0,0,0,0,0,0,0,0,0,0,0,-183.6418782695499,-183.6418782695499,-183.6418782695499,0,0,0,0,0,0,785.6068199373225,785.6068199373225,785.6068199373225,-121.66582265124951,-121.66582265124951,-121.66582265124951,0,0,0,720.1498087264353,4745.170596660018,2185.3663634503405,2185.3663634503405,2665.6654824668635
2022-05-19T00:00:00Z,2185.9862560868078,439.26736401387524,439.26736401387524,439.26736401387524,0,0,0,0,0,0,0,0,0,0,0,0,0,0,0,0,0,0,-260.0620328051505,-260.0620328051505,-260.0620328051505,0,0,0,0,0,0,812.1740657442701,812.1740657442701,812.1740657442701,-112.8446689252445,-112.8446689252445,-112.8446689252445,0,0,0,730.8904600391216,4558.982576060621,2185.9862560868078,2185.9862560868078,2625.253620100683
2022-05-20T00:00:00Z,2186.606148723275,512.8923834543116,512.8923834543116,512.8923834543116,0,0,0,0,0,0,0,0,0,0,0,0,0,0,0,0,0,0,-165.02361771702857,-165.02361771702857,-165.02361771702857,0,0,0,0,0,0,779.4799552332953,779.4799552332953,779.4799552332953,-101.56395406195529,-101.56395406195529,-101.56395406195529,0,0,0,747.6965211277521,4557.520673358065,2186.606148723275,2186.606148723275,2699.4985321775866
2022-05-21T00:00:00Z,2187.226041359742,-1432.6961022671144,-1432.6961022671144,-1432.6961022671144,0,0,0,0,0,0,0,0,0,0,0,0,0,0,0,0,0,0,121.70185827829154,121.70185827829154,121.70185827829154,0,0,0,0,0,0,-1466.1415354191097,-1466.1415354191097,-1466.1415354191097,-88.25642512629634,-88.25642512629634,-88.25642512629634,0,0,0,-1127.7781204309474,2840.280266697659,2187.226041359742,2187.226041359742,754.5299390926275
2022-05-22T00:00:00Z,2187.845933996209,-1731.2871114889258,-1731.2871114889258,-1731.2871114889258,0,0,0,0,0,0,0,0,0,0,0,0,0,0,0,0,0,0,412.43784887982594,412.43784887982594,412.43784887982594,0,0,0,0,0,0,-2070.3301563849145,-2070.3301563849145,-2070.3301563849145,-73.39480398383738,-73.39480398383738,-73.39480398383738,0,0,0,-1407.2172992114486,2278.2418853966406,2187.845933996209,2187.845933996209,456.55882250728337
2022-05-23T00:00:00Z,2188.4658266326765,871.5350656445121,871.5350656445121,871.5350656445121,0,0,0,0,0,0,0,0,0,0,0,0,0,0,0,0,0,0,521.6730169263229,521.6730169263229,521.6730169263229,0,0,0,0,0,0,407.3400331981052,407.3400331981052,407.3400331981052,-57.477984479916,-57.477984479916,-57.477984479916,0,0,0,1204.1981494212932,4977.147432020285,2188.4658266326765,2188.4658266326765,3060.0008922771885
2022-05-24T00:00:00Z,2189.0857192691437,1226.7543949215742,1226.7543949215742,1226.7543949215742,0,0,0,0,0,0,0,0,0,0,0,0,0,0,0,0,0,0,515.900606573245,515.900606573245,515.900606573245,0,0,0,0,0,0,751.8708176882842,751.8708176882842,751.8708176882842,-41.01702933995453,-41.01702933995453,-41.01702933995453,0,0,0,1388.6000808955532,5333.526887214386,2189.0857192691437,2189.0857192691437,3415.840114190718
2022-05-25T00:00:00Z,2189.705611905611,1484.457742675381,1484.457742675381,1484.457742675381,0,0,0,0,0,0,0,0,0,0,0,0,0,0,0,0,0,0,723.3722790918205,723.3722790918205,723.3722790918205,0,0,0,0,0,0,785.6068199370789,785.6068199370789,785.6068199370789,-24.521356353518474,-24.521356353518474,-24.521356353518474,0,0,0,1721.3814387263776,5605.809748323995,2189.705611905611,2189.705611905611,3674.163354580992
2022-05-26T00:00:00Z,2190.3255045420783,2240.568612489914,2240.568612489914,2240.568612489914,0,0,0,0,0,0,0,0,0,0,0,0,0,0,0,0,0,0,1436.8800308662394,1436.8800308662394,1436.8800308662394,0,0,0,0,0,0,812.1740657424292,812.1740657424292,812.1740657424292,-8.485484118754878,-8.485484118754878,-8.485484118754878,0,0,0,2498.4133411187154,6457.275029593334,2190.3255045420783,2190.3255045420783,4430.894117031992
2022-05-27T00:00:00Z,2190.9453971785456,3341.4298502263737,3341.4298502263737,3341.4298502263737,0,0,0,0,0,0,0,0,0,0,0,0,0,0,0,0,0,0,2555.3265734703587,2555.3265734703587,2555.3265734703587,0,0,0,0,0,0,779.4799552317066,779.4799552317066,779.4799552317066,6.62332152430808,6.62332152430808,6.62332152430808,0,0,0,3494.885492843712,7439.708562532125,2190.9453971785456,2190.9453971785456,5532.37524740492
2022-05-28T00:00:00Z,2191.565289815013,2069.9576200294523,2069.9576200294523,2069.9576200294523,0,0,0,0,0,0,0,0,0,0,0,0,0,0,0,0,0,0,3515.7229583582543,3515.7229583582543,3515.7229583582543,0,0,0,0,0,0,-1466.1415354181481,-1466.1415354181481,-1466.1415354181481,20.376197089345812,20.376197089345812,20.376197089345812,0,0,0,2346.7519125694585,6260.8418286076485,2191.565289815013,2191.565289815013,4261.522909844465
2022-05-29T00:00:00Z,2192.18518245148,1601.6132532004592,1601.6132532004592,1601.6132532004592,0,0,0,0,0,0,0,0,0,0,0,0,0,0,0,0,0,0,3639.551040629083,3639.551040629083,3639.551040629083,0,0,0,0,0,0,-2070.330156387993,-2070.330156387993,-2070.330156387993,32.39236895936876,32.39236895936876,32.39236895936876,0,0,0,1923.0513644878965,5834.308256023555,2192.18518245148,2192.18518245148,3793.798435651939
2022-05-30T00:00:00Z,2192.8050750879474,3095.0438578821977,3095.0438578821977,3095.0438578821977,0,0,0,0,0,0,0,0,0,0,0,0,0,0,0,0,0,0,2645.3566530229486,2645.3566530229486,2645.3566530229486,0,0,0,0,0,0,407.34003320088516,407.34003320088516,407.34003320088516,42.347171658364196,42.347171658364196,42.347171658364196,0,0,0,3274.836537647149,7189.346641533218,2192.8050750879474,2192.8050750879474,5287.848932970145
2022-05-31T00:00:00Z,2193.4249677244147,1705.5931249399266,1705.5931249399266,1705.5931249399266,0,0,0,0,0,0,0,0,0,0,0,0,0,0,0,0,0,0,903.7440624940318,903.7440624940318,903.7440624940318,0,0,0,0,0,0,751.8708176882191,751.8708176882191,751.8708176882191,49.97824475767586,49.97824475767586,49.97824475767586,0,0,0,2014.5529979636585,5796.500759277943,2193.4249677244147,2193.4249677244147,3899.0180926643416
2022-06-01T00:00:00Z,2194.0448603608816,47.081665997126876,47.081665997126876,47.081665997126876,0,0,0,0,0,0,0,0,0,0,0,0,0,0,0,0,0,0,-793.614967637608,-793.614967637608,-793.614967637608,0,0,0,0,0,0,785.6068199375093,785.6068199375093,785.6068199375093,55.08981369722566,55.08981369722566,55.08981369722566,0,0,0,269.5157342628449,4256.820269167777,2194.0448603608816,2194.0448603608816,2241.1265263580085
2022-06-02T00:00:00Z,2194.6647529973484,-905.1199615726213,-905.1199615726213,-905.1199615726213,0,0,0,0,0,0,0,0,0,0,0,0,0,0,0,0,0,0,-1774.849045106453,-1774.849045106453,-1774.849045106453,0,0,0,0,0,0,812.1740657432333,812.1740657432333,812.1740657432333,57.55501779059875,57.55501779059875,57.55501779059875,0,0,0,-641.8441248941964,3157.109128125469,2194.6647529973484,2194.6647529973484,1289.544791424727
2022-06-03T00:00:00Z,2195.2846041039866,-1069.173485966013,-1069.173485966013,-1069.173485966013,0,0,0,0,0,0,0,0,0,0,0,0,0,0,0,0,0,0,-1905.969746752686,-1905.969746752686,-1905.969746752686,0,0,0,0,0,0,779.479955238389,779.479955238389,779.479955238389,57.31630554828401,57.31630554828401,57.31630554828401,0,0,0,-703.6964078594452,3127.670736354935,2195.2846041039866,2195.2846041039866,1126.1111181379736
2022-06-04T00:00:00Z,2195.9044552106243,-2982.5057089579063,-2982.5057089579063,-2982.5057089579063,0,0,0,0,0,0,0,0,0,0,0,0,0,0,0,0,0,0,-1570.7481450837442,-1570.7481450837442,-1570.7481450837442,0,0,0,0,0,0,-1466.1415354211485,-1466.1415354211485,-1466.1415354211485,54.383971546985926,54.383971546985926,54.383971546985926,0,0,0,-2709.533643923779,1122.9815407740832,2195.9044552106243,2195.9044552106243,-786.601253747282
2022-06-05T00:00:00Z,2196.5243063172625,-3298.2126631455035,-3298.2126631455035,-3298.2126631455035,0,0,0,0,0,0,0,0,0,0,0,0,0,0,0,0,0,0,-1276.715465658458,-1276.715465658458,-1276.715465658458,0,0,0,0,0,0,-2070.3301563874047,-2070.3301563874047,-2070.3301563874047,48.83295890035878,48.83295890035878,48.83295890035878,0,0,0,-2997.6559359173843,789.5774970644901,2196.5243063172625,2196.5243063172625,-1101.688356828241
2022-06-06T00:00:00Z,2197.1441574239,-2570.4878756990574,-2570.4878756990574,-2570.4878756990574,0,0,0,0,0,0,-1767.1012203123178,-1767.1012203123178,-1767.1012203123178,0,0,0,0,0,0,-1767.1012203123178,-1767.1012203123178,-1767.1012203123178,-1251.524784203958,-1251.524784203958,-1251.524784203958,0,0,0,0,0,0,407.3400332015693,407.3400332015693,407.3400332015693,40.798095615649295,40.798095615649295,40.798095615649295,0,0,0,-2204.9151223214835,1410.4509426184018,2197.1441574239,2197.1441574239,-373.34371827515724
2022-06-07T00:00:00Z,2197.764008530538,-574.7518387320825,-574.7518387320825,-574.7518387320825,0,0,0,0,0,0,0,0,0,0,0,0,0,0,0,0,0,0,-1357.0906270621956,-1357.0906270621956,-1357.0906270621956,0,0,0,0,0,0,751.8708176879464,751.8708176879464,751.8708176879464,30.46797064216646,30.46797064216646,30.46797064216646,0,0,0,-343.49734384066215,3548.0010931059433,2197.764008530538,2197.764008530538,1623.0121697984555
2022-06-08T00:00:00Z,2198.383859637176,-529.7748607151552,-529.7748607151552,-529.7748607151552,0,0,0,0,0,0,0,0,0,0,0,0,0,0,0,0,0,0,-1333.4593659938462,-1333.4593659938462,-1333.4593659938462,0,0,0,0,0,0,785.6068199365915,785.6068199365915,785.6068199365915,18.077685342099723,18.077685342099723,18.077685342099723,0,0,0,-308.6562173166502,3623.1674422334504,2198.383859637176,2198.383859637176,1668.6089989220209
2022-06-09T00:00:00Z,2199.003710743814,-278.9119868808198,-278.9119868808198,-278.9119868808198,0,0,0,0,0,0,0,0,0,0,0,0,0,0,0,0,0,0,-1094.9867904688138,-1094.9867904688138,-1094.9867904688138,0,0,0,0,0,0,812.174065742615,812.174065742615,812.174065742615,3.9007378453789365,3.9007378453789365,3.9007378453789365,0,0,0,25.449729873647815,3797.06275437457,2199.003710743814,2199.003710743814,1920.091723862994
2022-06-10T00:00:00Z,2199.6235618504516,-28.77272451568593,-28.77272451568593,-28.77272451568593,0,0,0,0,0,0,0,0,0,0,0,0,0,0,0,0,0,0,-796.4929906583845,-796.4929906583845,-796.4929906583845,0,0,0,0,0,0,779.4799552349116,779.4799552349116,779.4799552349116,-11.759689092213028,-11.759689092213028,-11.759689092213028,0,0,0,195.68694728313272,4154.482325237408,2199.6235618504516,2199.6235618504516,2170.8508373347654
2022-06-11T00:00:00Z,2200.2434129570897,-2137.680237695374,-2137.680237695374,-2137.680237695374,0,0,0,0,0,0,0,0,0,0,0,0,0,0,0,0,0,0,-642.9589407055993,-642.9589407055993,-642.9589407055993,0,0,0,0,0,0,-1466.1415354241483,-1466.1415354241483,-1466.1415354241483,-28.579761565626203,-28.579761565626203,-28.579761565626203,0,0,0,-1905.1309163021178,2020.2454989122493,2200.2434129570897,2200.2434129570897,62.563175261715514
2022-06-12T00:00:00Z,2200.8632640637275,-2784.357390448946,-2784.357390448946,-2784.357390448946,0,0,0,0,0,0,0,0,0,0,0,0,0,0,0,0,0,0,-667.8031559856247,-667.8031559856247,-667.8031559856247,0,0,0,0,0,0,-2070.3301563868167,-2070.3301563868167,-2070.3301563868167,-46.22407807650441,-46.22407807650441,-46.22407807650441,0,0,0,-2683.095979927636,1347.876345446208,2200.8632640637275,2200.8632640637275,-583.4941263852184
2022-06-13T00:00:00Z,2201.4831151703656,-368.54717621789126,-368.54717621789126,-368.54717621789126,0,0,0,0,0,0,0,0,0,0,0,0,0,0,0,0,0,0,-711.5326656108706,-711.5326656108706,-711.5326656108706,0,0,0,0,0,0,407.34003320330135,407.34003320330135,407.34003320330135,-64.3545438103221,-64.3545438103221,-64.3545438103221,0,0,0,-66.98080015481881,3740.3243834221566,2201.4831151703656,2201.4831151703656,1832.9359389524743
2022-06-14T00:00:00Z,2202.1029662770034,61.30692650049365,61.30692650049365,61.30692650049365,0,0,0,0,0,0,0,0,0,0,0,0,0,0,0,0,0,0,-607.9250956970203,-607.9250956970203,-607.9250956970203,0,0,0,0,0,0,751.8708176889157,751.8708176889157,751.8708176889157,-82.63879549140162,-82.63879549140162,-82.63879549140162,0,0,0,297.51270697960445,4190.100378551009,2202.1029662770034,2202.1029662770034,2263.409892777497
2022-06-15T00:00:00Z,2202.722817383641,316.3750995508281,316.3750995508281,316.3750995508281,0,0,0,0,0,0,0,0,0,0,0,0,0,0,0,0,0,0,-368.4737580689957,-368.4737580689957,-368.4737580689957,0,0,0,0,0,0,785.6068199370219,785.6068199370219,785.6068199370219,-100.75796231719829,-100.75796231719829,-100.75796231719829,0,0,0,519.3388434616893,4452.304374220952,2202.722817383641,2202.722817383641,2519.097916934469
2022-06-16T00:00:00Z,2203.3426684902793,527.2642466870888,527.2642466870888,527.2642466870888,0,0,0,0,0,0,0,0,0,0,0,0,0,0,0,0,0,0,-166.49623954773256,-166.49623954773256,-166.49623954773256,0,0,0,0,0,0,812.1740657448412,812.1740657448412,812.1740657448412,-118.41357951001996,-118.41357951001996,-118.41357951001996,0,0,0,868.2172100627226,4601.92439046902,2203.3426684902793,2203.3426684902793,2730.606915177368
2022-06-17T00:00:00Z,2203.962519596917,503.4057661300136,503.4057661300136,503.4057661300136,0,0,0,0,0,0,0,0,0,0,0,0,0,0,0,0,0,0,-140.74068286306968,-140.74068286306968,-140.74068286306968,0,0,0,0,0,0,779.4799552352112,779.4799552352112,779.4799552352112,-135.3335062421279,-135.3335062421279,-135.3335062421279,0,0,0,811.7576014315799,4762.703192466395,2203.962519596917,2203.962519596917,2707.3682857269305
2022-06-18T00:00:00Z,2204.5823707035547,-1850.470251009138,-1850.470251009138,-1850.470251009138,0,0,0,0,0,0,0,0,0,0,0,0,0,0,0,0,0,0,-233.05197774191026,-233.05197774191026,-233.05197774191026,0,0,0,0,0,0,-1466.1415354231867,-1466.1415354231867,-1466.1415354231867,-151.27673784404092,-151.27673784404092,-151.27673784404092,0,0,0,-1663.705800444329,2285.890777558507,2204.5823707035547,2204.5823707035547,354.1121196944166
2022-06-19T00:00:00Z,2205.202221810193,-2477.4320305867514,-2477.4320305867514,-2477.4320305867514,0,0,0,0,0,0,0,0,0,0,0,0,0,0,0,0,0,0,-241.06483225051142,-241.06483225051142,-241.06483225051142,0,0,0,0,0,0,-2070.3301563915757,-2070.3301563915757,-2070.3301563915757,-166.0370419446639,-166.0370419446639,-166.0370419446639,0,0,0,-2205.50749145812,1580.3558756360069,2205.202221810193,2205.202221810193,-272.22980877655846
2022-06-20T00:00:00Z,2205.8220729168306,190.65804209225172,190.65804209225172,190.65804209225172,0,0,0,0,0,0,0,0,0,0,0,0,0,0,0,0,0,0,-37.23660291215718,-37.23660291215718,-37.23660291215718,0,0,0,0,0,0,407.3400332039857,407.3400332039857,407.3400332039857,-179.4453881995768,-179.4453881995768,-179.4453881995768,0,0,0,452.2539430385857,4306.010768515457,2205.8220729168306,2205.8220729168306,2396.4801150090825
2022-06-21T00:00:00Z,2206.441924023469,842.2162359764068,842.2162359764068,842.2162359764068,0,0,0,0,0,0,0,0,0,0,0,0,0,0,0,0,0,0,281.7165985433087,281.7165985433087,281.7165985433087,0,0,0,0,0,0,751.870817688643,751.870817688643,751.870817688643,-191.37118025554474,-191.37118025554474,-191.37118025554474,0,0,0,1086.928200511761,4955.957353104201,2206.441924023469,2206.441924023469,3048.6581599998754
2022-06-22T00:00:00Z,2207.0617751301065,1077.1847174996299,1077.1847174996299,1077.1847174996299,0,0,0,0,0,0,0,0,0,0,0,0,0,0,0,0,0,0,493.300232902681,493.300232902681,493.300232902681,0,0,0,0,0,0,785.6068199379491,785.6068199379491,785.6068199379491,-201.72233534100025,-201.72233534100025,-201.72233534100025,0,0,0,1385.6305984021656,5260.229354560255,2207.0617751301065,2207.0617751301065,3284.246492629736
2022-06-23T00:00:00Z,2207.6816262367443,1118.2186938123316,1118.2186938123316,1118.2186938123316,0,0,0,0,0,0,0,0,0,0,0,0,0,0,0,0,0,0,516.4889183692557,516.4889183692557,516.4889183692557,0,0,0,0,0,0,812.1740657442228,812.1740657442228,812.1740657442228,-210.44429030114685,-210.44429030114685,-210.44429030114685,0,0,0,1394.6895327248683,5395.025760985972,2207.6816262367443,2207.6816262367443,3325.900320049076
2022-06-24T00:00:00Z,2208.3014773433824,1130.9789360079187,1130.9789360079187,1130.9789360079187,0,0,0,0,0,0,0,0,0,0,0,0,0,0,0,0,0,0,569.0170228014117,569.0170228014117,569.0170228014117,0,0,0,0,0,0,779.4799552336226,779.4799552336226,779.4799552336226,-217.51804202711568,-217.51804202711568,-217.51804202711568,0,0,0,1524.9824686751563,5371.3066399839,2208.3014773433824,2208.3014773433824,3339.280413351301
2022-06-25T00:00:00Z,2208.92132845002,-678.058974530464,-678.058974530464,-678.058974530464,0,0,0,0,0,0,0,0,0,0,0,0,0,0,0,0,0,0,1011.0399152085525,1011.0399152085525,1011.0399152085525,0,0,0,0,0,0,-1466.1415354180897,-1466.1415354180897,-1466.1415354180897,-222.95735432092653,-222.95735432092653,-222.95735432092653,0,0,0,-446.23984470375154,3424.9499235594008,2208.92132845002,2208.92132845002,1530.8623539195562
2022-06-26T00:00:00Z,2209.541179556658,-325.0185734495489,-325.0185734495489,-325.0185734495489,0,0,0,0,0,0,0,0,0,0,0,0,0,0,0,0,0,0,1972.1168646217216,1972.1168646217216,1972.1168646217216,0,0,0,0,0,0,-2070.3301563893065,-2070.3301563893065,-2070.3301563893065,-226.80528168196412,-226.80528168196412,-226.80528168196412,0,0,0,-78.5652668699702,3979.304203265131,2209.541179556658,2209.541179556658,1884.522606107109
2022-06-27T00:00:00Z,2210.161030663296,3279.428486005079,3279.428486005079,3279.428486005079,0,0,0,0,0,0,0,0,0,0,0,0,0,0,0,0,0,0,3101.218625752508,3101.218625752508,3101.218625752508,0,0,0,0,0,0,407.3400332067657,407.3400332067657,407.3400332067657,-229.13017295419598,-229.13017295419598,-229.13017295419598,0,0,0,3534.479695323328,7411.350182253531,2210.161030663296,2210.161030663296,5489.589516668375
2022-06-28T00:00:00Z,2210.780881769934,4236.1574272184635,4236.1574272184635,4236.1574272184635,0,0,0,0,0,0,0,0,0,0,0,0,0,0,0,0,0,0,3714.307933578659,3714.307933578659,3714.307933578659,0,0,0,0,0,0,751.8708176885777,751.8708176885777,751.8708176885777,-230.0213240487717,-230.0213240487717,-230.0213240487717,0,0,0,4432.267857195856,8475.718949911083,2210.780881769934,2210.780881769934,6446.938308988398
2022-06-29T00:00:00Z,2211.400732876572,3830.026783300271,3830.026783300271,3830.026783300271,0,0,0,0,0,0,0,0,0,0,0,0,0,0,0,0,0,0,3274.004412502413,3274.004412502413,3274.004412502413,0,0,0,0,0,0,785.6068199370314,785.6068199370314,785.6068199370314,-229.58444913917367,-229.58444913917367,-229.58444913917367,0,0,0,4168.672202634593,7936.759110198295,2211.400732876572,2211.400732876572,6041.427516176843
2022-06-30T00:00:00Z,2212.0205839832097,2406.813979501908,2406.813979501908,2406.813979501908,0,0,0,0,0,0,0,0,0,0,0,0,0,0,0,0,0,0,1822.577047814831,1822.577047814831,1822.577047814831,0,0,0,0,0,0,812.1740657423818,812.1740657423818,812.1740657423818,-227.93713405530576,-227.93713405530576,-227.93713405530576,0,0,0,2664.057535301776,6634.70625350807,2212.0205839832097,2212.0205839832097,4618.8345634851175
2022-07-01T00:00:00Z,2212.640435089847,552.4047271765519,552.4047271765519,552.4047271765519,0,0,0,0,0,0,0,0,0,0,0,0,0,0,0,0,0,0,-1.870803512525309,-1.870803512525309,-1.870803512525309,0,0,0,0,0,0,779.4799552320336,779.4799552320336,779.4799552320336,-225.2044245429565,-225.2044245429565,-225.2044245429565,0,0,0,872.7797539323803,4731.932917436891,2212.640435089847,2212.640435089847,2765.0451622663986
2022-07-02T00:00:00Z,2213.260286196485,-3084.585751976038,-3084.585751976038,-3084.585751976038,0,0,0,0,0,0,0,0,0,0,0,0,0,0,0,0,0,0,-1396.929530330338,-1396.929530330338,-1396.929530330338,0,0,0,0,0,0,-1466.1415354191088,-1466.1415354191088,-1466.1415354191088,-221.5146862265912,-221.5146862265912,-221.5146862265912,0,0,0,-2982.197023448368,1210.3371243246177,2213.260286196485,2213.260286196485,-871.3254657795528
2022-07-03T00:00:00Z,2213.880137303123,-4218.637953003267,-4218.637953003267,-4218.637953003267,0,0,0,0,0,0,0,0,0,0,0,0,0,0,0,0,0,0,-1931.3119433289933,-1931.3119433289933,-1931.3119433289933,0,0,0,0,0,0,-2070.3301563903988,-2070.3301563903988,-2070.3301563903988,-216.99585328387462,-216.99585328387462,-216.99585328387462,0,0,0,-3921.537233941006,50.693844501607785,2213.880137303123,2213.880137303123,-2004.7578157001444
2022-07-04T00:00:00Z,2214.499988409761,-1566.5367269564224,-1566.5367269564224,-1566.5367269564224,0,0,0,0,0,0,0,0,0,0,0,0,0,0,0,0,0,0,-1762.104600278316,-1762.104600278316,-1762.104600278316,0,0,0,0,0,0,407.34003320744984,407.34003320744984,407.34003320744984,-211.7721598855576,-211.7721598855576,-211.7721598855576,0,0,0,-1420.1924312761844,2469.2288607293717,2214.499988409761,2214.499988409761,647.9632614533386
2022-07-05T00:00:00Z,2215.1198395163988,-848.8894533174798,-848.8894533174798,-848.8894533174798,0,0,0,0,0,0,0,0,0,0,0,0,0,0,0,0,0,0,-1394.7988476538421,-1394.7988476538421,-1394.7988476538421,0,0,0,0,0,0,751.8708176880978,751.8708176880978,751.8708176880978,-205.96142335173514,-205.96142335173514,-205.96142335173514,0,0,0,-590.7290559024619,3303.138697658323,2215.1198395163988,2215.1198395163988,1366.230386198919
2022-07-06T00:00:00Z,2215.7396906230365,-646.3723587175377,-646.3723587175377,-646.3723587175377,0,0,0,0,0,0,0,0,0,0,0,0,0,0,0,0,0,0,-1232.3062569432561,-1232.3062569432561,-1232.3062569432561,0,0,0,0,0,0,785.6068199374618,785.6068199374618,785.6068199374618,-199.6729217117438,-199.6729217117438,-199.6729217117438,0,0,0,-456.0441240235233,3418.302692062931,2215.7396906230365,2215.7396906230365,1569.3673319054988
2022-07-07T00:00:00Z,2216.3595417296747,-686.270311507737,-686.270311507737,-686.270311507737,0,0,0,0,0,0,0,0,0,0,0,0,0,0,0,0,0,0,-1305.4384952848422,-1305.4384952848422,-1305.4384952848422,0,0,0,0,0,0,812.1740657417639,812.1740657417639,812.1740657417639,-193.0058819646583,-193.0058819646583,-193.0058819646583,0,0,0,-285.63056645056827,3383.4790101866406,2216.3595417296747,2216.3595417296747,1530.0892302219377
2022-07-08T00:00:00Z,2216.9793928363124,-779.7436754486362,-779.7436754486362,-779.7436754486362,0,0,0,0,0,0,0,0,0,0,0,0,0,0,0,0,0,0,-1373.1750608729849,-1373.1750608729849,-1373.1750608729849,0,0,0,0,0,0,779.4799552304448,779.4799552304448,779.4799552304448,-186.04856980609628,-186.04856980609628,-186.04856980609628,0,0,0,-558.6208674718407,3437.818105259949,2216.9793928363124,2216.9793928363124,1437.2357173876762
2022-07-09T00:00:00Z,2217.59924394295,-2880.7022748018167,-2880.7022748018167,-2880.7022748018167,0,0,0,0,0,0,0,0,0,0,0,0,0,0,0,0,0,0,-1235.6827915487831,-1235.6827915487831,-1235.6827915487831,0,0,0,0,0,0,-1466.1415354221092,-1466.1415354221092,-1466.1415354221092,-178.87794783092463,-178.87794783092463,-178.87794783092463,0,0,0,-2669.452778891682,1208.4840300561477,2217.59924394295,2217.59924394295,-663.1030308588665
2022-07-11T00:00:00Z,2218.838946156226,-3484.854970968961,-3484.854970968961,-3484.854970968961,0,0,0,0,0,0,-3034.102409296253,-3034.102409296253,-3034.102409296253,0,0,0,0,0,0,0,0,0,-693.9430076978018,-693.9430076978018,-693.9430076978018,-3034.102409296253,-3034.102409296253,-3034.102409296253,0,0,0,407.34003320095644,407.34003320095644,407.34003320095644,-164.14958717586285,-164.14958717586285,-164.14958717586285,0,0,0,-3229.2504148514636,733.115356793903,2218.838946156226,2218.838946156226,-1266.016024812735
2022-07-12T00:00:00Z,2219.458797262864,-894.3764284668238,-894.3764284668238,-894.3764284668238,0,0,0,0,0,0,-849.4848510473191,-849.4848510473191,-849.4848510473191,0,0,0,0,0,0,0,0,0,-640.0694572991117,-640.0694572991117,-640.0694572991117,-849.4848510473191,-849.4848510473191,-849.4848510473191,0,0,0,751.870817688032,751.870817688032,751.870817688032,-156.6929378084251,-156.6929378084251,-156.6929378084251,0,0,0,-600.0863208305583,3271.616180014771,2219.458797262864,2219.458797262864,1325.0823687960406
2022-07-13T00:00:00Z,2220.078648369502,-867.8595865546283,-867.8595865546283,-867.8595865546283,0,0,0,0,0,0,-803.8837382353822,-803.8837382353822,-803.8837382353822,0,0,0,0,0,0,0,0,0,-700.3553062717848,-700.3553062717848,-700.3553062717848,-803.8837382353822,-803.8837382353822,-803.8837382353822,0,0,0,785.6068199372183,785.6068199372183,785.6068199372183,-149.2273619846794,-149.2273619846794,-149.2273619846794,0,0,0,-546.5616828098866,3247.5310550066315,2220.078648369502,2220.078648369502,1352.2190618148736
2022-07-14T00:00:00Z,2220.6984994761397,-684.2143012697371,-684.2143012697371,-684.2143012697371,0,0,0,0,0,0,-671.9793099581684,-671.9793099581684,-671.9793099581684,0,0,0,0,0,0,0,0,0,-682.6256521215126,-682.6256521215126,-682.6256521215126,-671.9793099581684,-671.9793099581684,-671.9793099581684,0,0,0,812.1740657439901,812.1740657439901,812.1740657439901,-141.78340493404613,-141.78340493404613,-141.78340493404613,0,0,0,-437.23939994371693,3394.7384796001,2220.6984994761397,2220.6984994761397,1536.4841982064027
2022-07-15T00:00:00Z,2221.318350582778,-719.7247982864509,-719.7247982864509,-719.7247982864509,0,0,0,0,0,0,-868.5090344382584,-868.5090344382584,-868.5090344382584,0,0,0,0,0,0,0,0,0,-496.3095696891639,-496.3095696891639,-496.3095696891639,-868.5090344382584,-868.5090344382584,-868.5090344382584,0,0,0,779.4799552307447,779.4799552307447,779.4799552307447,-134.38614938977358,-134.38614938977358,-134.38614938977358,0,0,0,-408.0851782898138,3418.1277403345593,2221.318350582778,2221.318350582778,1501.5935522963268
2022-07-16T00:00:00Z,2221.9382016894156,-2368.215829024384,-2368.215829024384,-2368.215829024384,0,0,0,0,0,0,-524.3922339181148,-524.3922339181148,-524.3922339181148,0,0,0,0,0,0,0,0,0,-250.6254262258208,-250.6254262258208,-250.6254262258208,-524.3922339181148,-524.3922339181148,-524.3922339181148,0,0,0,-1466.1415354130504,-1466.1415354130504,-1466.1415354130504,-127.05663346739799,-127.05663346739799,-127.05663346739799,0,0,0,-2035.3560178396833,1872.4922957867407,2221.9382016894156,2221.9382016894156,-146.27762733496866
2022-07-17T00:00:00Z,2222.5580527960533,-2825.1397130404634,-2825.1397130404634,-2825.1397130404634,0,0,0,0,0,0,-504.99143917099195,-504.99143917099195,-504.99143917099195,0,0,0,0,0,0,0,0,0,-130.00497363427314,-130.00497363427314,-130.00497363427314,-504.99143917099195,-504.99143917099195,-504.99143917099195,0,0,0,-2070.33015638586,-2070.33015638586,-2070.33015638586,-119.81314384933714,-119.81314384933714,-119.81314384933714,0,0,0,-2507.264773167523,1287.2170551752258,2222.5580527960533,2222.5580527960533,-602.5816602444102
2022-07-18T00:00:00Z,2223.1779039026915,-247.4338660561212,-247.4338660561212,-247.4338660561212,0,0,0,0,0,0,-358.4597129499334,-358.4597129499334,-358.4597129499334,0,0,0,0,0,0,0,0,0,-183.64187827079348,-183.64187827079348,-183.64187827079348,-358.4597129499334,-358.4597129499334,-358.4597129499334,0,0,0,407.3400332026885,407.3400332026885,407.3400332026885,-112.67230803808282,-112.67230803808282,-112.67230803808282,0,0,0,132.54110881676186,3959.6548008149152,2223.1779039026915,2223.1779039026915,1975.7440378465703
2022-07-19T00:00:00Z,2223.797755009329,386.1588602025288,386.1588602025288,386.1588602025288,0,0,0,0,0,0,0,0,0,0,0,0,0,0,0,0,0,0,-260.0620328071658,-260.0620328071658,-260.0620328071658,0,0,0,0,0,0,751.8708176890016,751.8708176890016,751.8708176890016,-105.6499246793068,-105.6499246793068,-105.6499246793068,0,0,0,717.478438509108,4604.112609257364,2223.797755009329,2223.797755009329,2609.9566152118578
2022-07-20T00:00:00Z,2224.4176061159674,521.8217135497,521.8217135497,521.8217135497,0,0,0,0,0,0,0,0,0,0,0,0,0,0,0,0,0,0,-165.02361771733968,-165.02361771733968,-165.02361771733968,0,0,0,0,0,0,785.6068199369746,785.6068199369746,785.6068199369746,-98.76148866993488,-98.76148866993488,-98.76148866993488,0,0,0,740.3512893665636,4744.982984529795,2224.4176061159674,2224.4176061159674,2746.2393196656676
2022-07-21T00:00:00Z,2225.037457222605,841.8535368749929,841.8535368749929,841.8535368749929,0,0,0,0,0,0,0,0,0,0,0,0,0,0,0,0,0,0,121.70185827665311,121.70185827665311,121.70185827665311,0,0,0,0,0,0,812.174065743372,812.174065743372,812.174065743372,-92.02238714503216,-92.02238714503216,-92.02238714503216,0,0,0,1183.9175575422319,4988.724785722563,2225.037457222605,2225.037457222605,3066.890994097598
2022-07-22T00:00:00Z,2225.657308329243,1106.4700414631482,1106.4700414631482,1106.4700414631482,0,0,0,0,0,0,0,0,0,0,0,0,0,0,0,0,0,0,412.4378488799484,412.4378488799484,412.4378488799484,0,0,0,0,0,0,779.47995523365,779.47995523365,779.47995523365,-85.44776265045012,-85.44776265045012,-85.44776265045012,0,0,0,1294.456206849686,5448.832293750473,2225.657308329243,2225.657308329243,3332.127349792391
2022-07-23T00:00:00Z,2226.2771594358805,-1023.520578448313,-1023.520578448313,-1023.520578448313,0,0,0,0,0,0,0,0,0,0,0,0,0,0,0,0,0,0,521.6730169262097,521.6730169262097,521.6730169262097,0,0,0,0,0,0,-1466.1415354160508,-1466.1415354160508,-1466.1415354160508,-79.05205995847227,-79.05205995847227,-79.05205995847227,0,0,0,-726.6858723228211,3092.434140669796,2226.2771594358805,2226.2771594358805,1202.7565809875675
2022-07-24T00:00:00Z,2226.8969973355856,-1627.2778420333455,-1627.2778420333455,-1627.2778420333455,0,0,0,0,0,0,0,0,0,0,0,0,0,0,0,0,0,0,515.9006065734632,515.9006065734632,515.9006065734632,0,0,0,0,0,0,-2070.330156385272,-2070.330156385272,-2070.330156385272,-72.84829222153648,-72.84829222153648,-72.84829222153648,0,0,0,-1360.0558514515521,2588.76102398312,2226.8969973355856,2226.8969973355856,599.6191553022402
2022-07-25T00:00:00Z,2227.5168352352907,1063.865232657536,1063.865232657536,1063.865232657536,0,0,0,0,0,0,0,0,0,0,0,0,0,0,0,0,0,0,723.3722790911098,723.3722790911098,723.3722790911098,0,0,0,0,0,0,407.34003320442054,407.34003320442054,407.34003320442054,-66.84707963799437,-66.84707963799437,-66.84707963799437,0,0,0,1385.5459025394546,5302.32589167348,2227.5168352352907,2227.5168352352907,3291.382067892827
2022-07-26T00:00:00Z,2228.136673134996,2127.6953197809844,2127.6953197809844,2127.6953197809844,0,0,0,0,0,0,0,0,0,0,0,0,0,0,0,0,0,0,1436.8800308662655,1436.8800308662655,1436.8800308662655,0,0,0,0,0,0,751.8708176889362,751.8708176889362,751.8708176889362,-61.05552877421789,-61.05552877421789,-61.05552877421789,0,0,0,2478.601677987522,6187.5951337338865,2228.136673134996,2228.136673134996,4355.831992915981
2022-07-27T00:00:00Z,2228.756511034701,3285.457360916657,3285.457360916657,3285.457360916657,0,0,0,0,0,0,0,0,0,0,0,0,0,0,0,0,0,0,2555.3265734712945,2555.3265734712945,2555.3265734712945,0,0,0,0,0,0,785.6068199372277,785.6068199372277,785.6068199372277,-55.47603249186606,-55.47603249186606,-55.47603249186606,0,0,0,3707.0111639215984,7509.509541133461,2228.756511034701,2228.756511034701,5514.213871951358
2022-07-28T00:00:00Z,2229.376348934406,4277.791945590808,4277.791945590808,4277.791945590808,0,0,0,0,0,0,0,0,0,0,0,0,0,0,0,0,0,0,3515.722958360064,3515.722958360064,3515.722958360064,0,0,0,0,0,0,812.1740657427538,812.1740657427538,812.1740657427538,-50.10507851201088,-50.10507851201088,-50.10507851201088,0,0,0,4578.652050961925,8504.995790046029,2229.376348934406,2229.376348934406,6507.168294525214
2022-07-29T00:00:00Z,2229.9961868341106,4374.0988372077,4374.0988372077,4374.0988372077,0,0,0,0,0,0,0,0,0,0,0,0,0,0,0,0,0,0,3639.551040629249,3639.551040629249,3639.551040629249,0,0,0,0,0,0,779.4799552339496,779.4799552339496,779.4799552339496,-44.93215865549844,-44.93215865549844,-44.93215865549844,0,0,0,4638.119129548809,8573.931511048168,2229.9961868341106,2229.9961868341106,6604.095024041811
2022-07-30T00:00:00Z,2230.6160247338157,-627.8249731585662,-627.8249731585662,-627.8249731585662,0,0,0,0,0,0,-1767.1012203123178,-1767.1012203123178,-1767.1012203123178,0,0,0,0,0,0,-1767.1012203123178,-1767.1012203123178,-1767.1012203123178,2645.3566530231615,2645.3566530231615,2645.3566530231615,0,0,0,0,0,0,-1466.1415354170701,-1466.1415354170701,-1466.1415354170701,-39.93887045234021,-39.93887045234021,-39.93887045234021,0,0,0,-406.34576654345375,3578.0411496757674,2230.6160247338157,2230.6160247338157,1602.7910515752496
2022-07-31T00:00:00Z,2231.235862633521,-1201.684391988454,-1201.684391988454,-1201.684391988454,0,0,0,0,0,0,0,0,0,0,0,0,0,0,0,0,0,0,903.7440624942491,903.7440624942491,903.7440624942491,0,0,0,0,0,0,-2070.330156384684,-2070.330156384684,-2070.330156384684,-35.098298098019505,-35.098298098019505,-35.098298098019505,0,0,0,-910.5880746673444,3070.0534952724697,2231.235862633521,2231.235862633521,1029.5514706450667
2022-08-01T00:00:00Z,2231.855700533226,-416.6496851610698,-416.6496851610698,-416.6496851610698,0,0,0,0,0,0,0,0,0,0,0,0,0,0,0,0,0,0,-793.6149676364386,-793.6149676364386,-793.6149676364386,0,0,0,0,0,0,407.34003320510465,407.34003320510465,407.34003320510465,-30.37475072973574,-30.37475072973574,-30.37475072973574,0,0,0,-25.515500782602103,3767.3376144313743,2231.855700533226,2231.855700533226,1815.2060153721561
2022-08-02T00:00:00Z,2232.475538432931,-1048.7021504116858,-1048.7021504116858,-1048.7021504116858,0,0,0,0,0,0,0,0,0,0,0,0,0,0,0,0,0,0,-1774.849045106053,-1774.849045106053,-1774.849045106053,0,0,0,0,0,0,751.8708176884558,751.8708176884558,751.8708176884558,-25.723922994088433,-25.723922994088433,-25.723922994088433,0,0,0,-779.2343564007962,3104.889850980698,2232.475538432931,2232.475538432931,1183.7733880212452
2022-08-03T00:00:00Z,2233.095376332636,-1141.456453152332,-1141.456453152332,-1141.456453152332,0,0,0,0,0,0,0,0,0,0,0,0,0,0,0,0,0,0,-1905.9697467535684,-1905.9697467535684,-1905.9697467535684,0,0,0,0,0,0,785.6068199376582,785.6068199376582,785.6068199376582,-21.093526336421853,-21.093526336421853,-21.093526336421853,0,0,0,-790.3164640266357,2874.467954075169,2233.095376332636,2233.095376332636,1091.6389231803041
2022-08-04T00:00:00Z,2233.7152142323407,-774.9984992623218,-774.9984992623218,-774.9984992623218,0,0,0,0,0,0,0,0,0,0,0,0,0,0,0,0,0,0,-1570.7481450845603,-1570.7481450845603,-1570.7481450845603,0,0,0,0,0,0,812.1740657449798,812.1740657449798,812.1740657449798,-16.42441992274104,-16.42441992274104,-16.42441992274104,0,0,0,-538.7829838119857,3321.558479813192,2233.7152142323407,2233.7152142323407,1458.716714970019
2022-08-05T00:00:00Z,2234.335052132046,-508.88775878753313,-508.88775878753313,-508.88775878753313,0,0,0,0,0,0,0,0,0,0,0,0,0,0,0,0,0,0,-1276.715465658967,-1276.715465658967,-1276.715465658967,0,0,0,0,0,0,779.4799552323607,779.4799552323607,779.4799552323607,-11.652248360927288,-11.652248360927288,-11.652248360927288,0,0,0,-369.8887924387674,3735.7362898365363,2234.335052132046,2234.335052132046,1725.4472933445127
2022-08-06T00:00:00Z,2234.954890031751,-2724.3758898316582,-2724.3758898316582,-2724.3758898316582,0,0,0,0,0,0,0,0,0,0,0,0,0,0,0,0,0,0,-1251.524784203497,-1251.524784203497,-1251.524784203497,0,0,0,0,0,0,-1466.1415354180892,-1466.1415354180892,-1466.1415354180892,-6.709570210071631,-6.709570210071631,-6.709570210071631,0,0,0,-2537.514952010411,1375.0819140633696,2234.954890031751,2234.954890031751,-489.42099979990735
2022-08-07T00:00:00Z,2235.574727931456,-3428.9492210160142,-3428.9492210160142,-3428.9492210160142,0,0,0,0,0,0,0,0,0,0,0,0,0,0,0,0,0,0,-1357.0906270623457,-1357.0906270623457,-1357.0906270623457,0,0,0,0,0,0,-2070.3301563894433,-2070.3301563894433,-2070.3301563894433,-1.5284375642252934,-1.5284375642252934,-1.5284375642252934,0,0,0,-3095.0997374358135,808.2694907422955,2235.574727931456,2235.574727931456,-1193.3744930845583
2022-08-08T00:00:00Z,2236.194565831161,-922.16269648909,-922.16269648909,-922.16269648909,0,0,0,0,0,0,0,0,0,0,0,0,0,0,0,0,0,0,-1333.4593659948873,-1333.4593659948873,-1333.4593659948873,0,0,0,0,0,0,407.3400332078849,407.3400332078849,407.3400332078849,3.956636297911896,3.956636297911896,3.956636297911896,0,0,0,-607.9001579603319,3259.483968482206,2236.194565831161,2236.194565831161,1314.031869342071
2022-08-09T00:00:00Z,2236.814403730866,-333.31056662576356,-333.31056662576356,-333.31056662576356,0,0,0,0,0,0,0,0,0,0,0,0,0,0,0,0,0,0,-1094.9867904683724,-1094.9867904683724,-1094.9867904683724,0,0,0,0,0,0,751.8708176883908,751.8708176883908,751.8708176883908,9.805406154218018,9.805406154218018,9.805406154218018,0,0,0,-136.59064542298756,3753.002613040825,2236.814403730866,2236.814403730866,1903.5038371051025
2022-08-10T00:00:00Z,2237.434241630571,5.182254885073376,5.182254885073376,5.182254885073376,0,0,0,0,0,0,0,0,0,0,0,0,0,0,0,0,0,0,-796.4929906575386,-796.4929906575386,-796.4929906575386,0,0,0,0,0,0,785.6068199367405,785.6068199367405,785.6068199367405,16.068425605871717,16.068425605871717,16.068425605871717,0,0,0,502.3039673308445,4215.2748541361525,2237.434241630571,2237.434241630571,2242.616496515644
2022-08-11T00:00:00Z,2238.054079530276,191.99862560204116,191.99862560204116,191.99862560204116,0,0,0,0,0,0,0,0,0,0,0,0,0,0,0,0,0,0,-642.9589407046193,-642.9589407046193,-642.9589407046193,0,0,0,0,0,0,812.1740657443619,812.1740657443619,812.1740657443619,22.783500562298638,22.783500562298638,22.783500562298638,0,0,0,582.9810302040121,4318.729287574479,2238.054079530276,2238.054079530276,2430.052705132317
2022-08-12T00:00:00Z,2238.673917429981,141.64899855624626,141.64899855624626,141.64899855624626,0,0,0,0,0,0,0,0,0,0,0,0,0,0,0,0,0,0,-667.803155986282,-667.803155986282,-667.803155986282,0,0,0,0,0,0,779.479955239043,779.479955239043,779.479955239043,29.97219930348541,29.97219930348541,29.97219930348541,0,0,0,721.3802909174836,4329.229856031077,2238.673917429981,2238.673917429981,2380.322915986227
2022-08-13T00:00:00Z,2239.293755329686,-2140.0376399121033,-2140.0376399121033,-2140.0376399121033,0,0,0,0,0,0,0,0,0,0,0,0,0,0,0,0,0,0,-711.5326656107868,-711.5326656107868,-711.5326656107868,0,0,0,0,0,0,-1466.1415354191088,-1466.1415354191088,-1466.1415354191088,37.63656111779278,37.63656111779278,37.63656111779278,0,0,0,-1808.2262024913698,2184.720339045485,2239.293755329686,2239.293755329686,99.2561154175828
2022-08-14T00:00:00Z,2239.913593229391,-2632.499103460701,-2632.499103460701,-2632.499103460701,0,0,0,0,0,0,0,0,0,0,0,0,0,0,0,0,0,0,-607.9250956961149,-607.9250956961149,-607.9250956961149,0,0,0,0,0,0,-2070.3301563871737,-2070.3301563871737,-2070.3301563871737,45.756148622587475,45.756148622587475,45.756148622587475,0,0,0,-2368.4755931841305,1611.2965217457547,2239.913593229391,2239.913593229391,-392.58551023130985
2022-08-15T00:00:00Z,2240.5334311290962,93.15186177309911,93.15186177309911,93.15186177309911,0,0,0,0,0,0,0,0,0,0,0,0,0,0,0,0,0,0,-368.4737580700665,-368.4737580700665,-368.4737580700665,0,0,0,0,0,0,407.34003320856897,407.34003320856897,407.34003320856897,54.28558663459655,54.28558663459655,54.28558663459655,0,0,0,303.43551133550875,4286.007184869802,2240.5334311290962,2240.5334311290962,2333.685292902195
2022-08-16T00:00:00Z,2241.1532690288013,648.527300865542,648.527300865542,648.527300865542,0,0,0,0,0,0,0,0,0,0,0,0,0,0,0,0,0,0,-166.49623954576623,-166.49623954576623,-166.49623954576623,0,0,0,0,0,0,751.8708176881179,751.8708176881179,751.8708176881179,63.152722723190216,63.152722723190216,63.152722723190216,0,0,0,1084.2844845500701,4798.117089201026,2241.1532690288013,2241.1532690288013,2889.6805698943435
2022-08-17T00:00:00Z,2241.7731069285064,717.1236684688132,717.1236684688132,717.1236684688132,0,0,0,0,0,0,0,0,0,0,0,0,0,0,0,0,0,0,-140.74068286421527,-140.74068286421527,-140.74068286421527,0,0,0,0,0,0,785.6068199371708,785.6068199371708,785.6068199371708,72.25753139585768,72.25753139585768,72.25753139585768,0,0,0,1187.762240734371,4956.657646591351,2241.7731069285064,2241.7731069285064,2958.8967753973197
2022-08-18T00:00:00Z,2242.3929448282115,660.5939534926055,660.5939534926055,660.5939534926055,0,0,0,0,0,0,0,0,0,0,0,0,0,0,0,0,0,0,-233.05197774174232,-233.05197774174232,-233.05197774174232,0,0,0,0,0,0,812.1740657425207,812.1740657425207,812.1740657425207,81.47186549182707,81.47186549182707,81.47186549182707,0,0,0,1041.7969525484812,4754.200035528699,2242.3929448282115,2242.3929448282115,2902.986898320817
2022-08-19T00:00:00Z,2243.0127827279166,629.0552582196459,629.0552582196459,629.0552582196459,0,0,0,0,0,0,0,0,0,0,0,0,0,0,0,0,0,0,-241.0648322498704,-241.0648322498704,-241.0648322498704,0,0,0,0,0,0,779.4799552355656,779.4799552355656,779.4799552355656,90.64013523395046,90.64013523395046,90.64013523395046,0,0,0,888.6359390639388,4816.373971473334,2243.0127827279166,2243.0127827279166,2872.0680409475626
2022-08-20T00:00:00Z,2243.6326206276217,-1403.7971702216382,-1403.7971702216382,-1403.7971702216382,0,0,0,0,0,0,0,0,0,0,0,0,0,0,0,0,0,0,-37.23660291260938,-37.23660291260938,-37.23660291260938,0,0,0,0,0,0,-1466.1415354221087,-1466.1415354221087,-1466.1415354221087,99.58096811307996,99.58096811307996,99.58096811307996,0,0,0,-1180.6727678754005,2849.589564972257,2243.6326206276217,2243.6326206276217,839.8354504059835
2022-08-21T00:00:00Z,2244.252458527327,-1680.5236856557046,-1680.5236856557046,-1680.5236856557046,0,0,0,0,0,0,0,0,0,0,0,0,0,0,0,0,0,0,281.71659854356704,281.71659854356704,281.71659854356704,0,0,0,0,0,0,-2070.3301563882665,-2070.3301563882665,-2070.3301563882665,108.08987218899485,108.08987218899485,108.08987218899485,0,0,0,-1269.5256378497206,2595.4019424177213,2244.252458527327,2244.252458527327,563.7287728716221
2022-08-22T00:00:00Z,2244.872296427032,1016.5831584584718,1016.5831584584718,1016.5831584584718,0,0,0,0,0,0,0,0,0,0,0,0,0,0,0,0,0,0,493.30023290238256,493.30023290238256,493.30023290238256,0,0,0,0,0,0,407.3400332010273,407.3400332010273,407.3400332010273,115.9428923550618,115.9428923550618,115.9428923550618,0,0,0,1421.4059556089699,5301.861977542497,2244.872296427032,2244.872296427032,3261.4554548855035
2022-08-23T00:00:00Z,2245.4921343267365,1391.2609507955024,1391.2609507955024,1391.2609507955024,0,0,0,0,0,0,0,0,0,0,0,0,0,0,0,0,0,0,516.4889183693269,516.4889183693269,516.4889183693269,0,0,0,0,0,0,751.8708176890872,751.8708176890872,751.8708176890872,122.90121473708831,122.90121473708831,122.90121473708831,0,0,0,1615.6403878678723,5546.210452376022,2245.4921343267365,2245.4921343267365,3636.753085122239
2022-08-24T00:00:00Z,2246.1119722264416,1483.3404825015812,1483.3404825015812,1483.3404825015812,0,0,0,0,0,0,0,0,0,0,0,0,0,0,0,0,0,0,569.0170228029859,569.0170228029859,569.0170228029859,0,0,0,0,0,0,785.6068199369271,785.6068199369271,785.6068199369271,128.716639761668,128.716639761668,128.716639761668,0,0,0,1887.0796868566767,5714.285632694187,2246.1119722264416,2246.1119722264416,3729.4524547280225
2022-08-25T00:00:00Z,2246.7318101261467,1956.3517916833287,1956.3517916833287,1956.3517916833287,0,0,0,0,0,0,0,0,0,0,0,0,0,0,0,0,0,0,1011.0399152068638,1011.0399152068638,1011.0399152068638,0,0,0,0,0,0,812.1740657433246,812.1740657433246,812.1740657433246,133.13781073314047,133.13781073314047,133.13781073314047,0,0,0,2148.3677043214693,6124.829800129876,2246.7318101261467,2246.7318101261467,4203.083601809475
2022-08-26T00:00:00Z,2247.351648025852,2887.5138730330605,2887.5138730330605,2887.5138730330605,0,0,0,0,0,0,0,0,0,0,0,0,0,0,0,0,0,0,1972.116864621012,1972.116864621012,1972.116864621012,0,0,0,0,0,0,779.4799552358652,779.4799552358652,779.4799552358652,135.91705317618343,135.91705317618343,135.91705317618343,0,0,0,3240.428692508873,7188.054283059928,2247.351648025852,2247.351648025852,5134.865521058912
2022-08-27T00:00:00Z,2247.971485925557,1771.8947422075055,1771.8947422075055,1771.8947422075055,0,0,0,0,0,0,0,0,0,0,0,0,0,0,0,0,0,0,3101.2186257527915,3101.2186257527915,3101.2186257527915,0,0,0,0,0,0,-1466.1415354211472,-1466.1415354211472,-1466.1415354211472,136.8176518758613,136.8176518758613,136.8176518758613,0,0,0,2177.577452600447,6070.799110124295,2247.971485925557,2247.971485925557,4019.8662281330626
2022-08-28T00:00:00Z,2248.591323825262,1779.5991457561422,1779.5991457561422,1779.5991457561422,0,0,0,0,0,0,0,0,0,0,0,0,0,0,0,0,0,0,3714.307933578462,3714.307933578462,3714.307933578462,0,0,0,0,0,0,-2070.3301563859973,-2070.3301563859973,-2070.3301563859973,135.62136856367692,135.62136856367692,135.62136856367692,0,0,0,2093.2529963938014,5859.182584511811,2248.591323825262,2248.591323825262,4028.190469581404
2022-08-29T00:00:00Z,2249.211161724967,3813.480430224797,3813.480430224797,3813.480430224797,0,0,0,0,0,0,0,0,0,0,0,0,0,0,0,0,0,0,3274.0044125018458,3274.0044125018458,3274.0044125018458,0,0,0,0,0,0,407.3400332027595,407.3400332027595,407.3400332027595,132.13598452019187,132.13598452019187,132.13598452019187,0,0,0,4035.0060735950465,7906.645497628789,2249.211161724967,2249.211161724967,6062.691591949764
2022-08-30T00:00:00Z,2249.8309996246717,2700.650505321948,2700.650505321948,2700.650505321948,0,0,0,0,0,0,0,0,0,0,0,0,0,0,0,0,0,0,1822.5770478150632,1822.5770478150632,1822.5770478150632,0,0,0,0,0,0,751.8708176888144,751.8708176888144,751.8708176888144,126.20263981806954,126.20263981806954,126.20263981806954,0,0,0,2776.0552981229644,6904.03388427012,2249.8309996246717,2249.8309996246717,4950.48150494662
2022-08-31T00:00:00Z,2250.4508375243768,-865.6624687280773,-865.6624687280773,-865.6624687280773,0,0,0,0,0,0,-1767.1012203123178,-1767.1012203123178,-1767.1012203123178,0,0,0,0,0,0,-1767.1012203123178,-1767.1012203123178,-1767.1012203123178,-1.8708035128216982,-1.8708035128216982,-1.8708035128216982,0,0,0,0,0,0,785.6068199373576,785.6068199373576,785.6068199373576,117.70273515970443,117.70273515970443,117.70273515970443,0,0,0,-518.0458843426578,3332.741668640174,2250.4508375243768,2250.4508375243768,1384.7883687962994
2022-09-01T00:00:00Z,2251.070675424082,-478.19130085591246,-478.19130085591246,-478.19130085591246,0,0,0,0,0,0,0,0,0,0,0,0,0,0,0,0,0,0,-1396.929530328624,-1396.929530328624,-1396.929530328624,0,0,0,0,0,0,812.1740657441287,812.1740657441287,812.1740657441287,106.5641637285829,106.5641637285829,106.5641637285829,0,0,0,-176.57986625621612,3678.0588989490575,2251.070675424082,2251.070675424082,1772.8793745681694
2022-09-02T00:00:00Z,2251.690513323787,-1059.0653387112588,-1059.0653387112588,-1059.0653387112588,0,0,0,0,0,0,0,0,0,0,0,0,0,0,0,0,0,0,-1931.3119433304137,-1931.3119433304137,-1931.3119433304137,0,0,0,0,0,0,779.4799552361649,779.4799552361649,779.4799552361649,92.76664938299075,92.76664938299075,92.76664938299075,0,0,0,-689.2901117475959,3150.9783328211834,2251.690513323787,2251.690513323787,1192.625174612528
2022-09-03T00:00:00Z,2252.310351223492,-3151.900151810001,-3151.900151810001,-3151.900151810001,0,0,0,0,0,0,0,0,0,0,0,0,0,0,0,0,0,0,-1762.1046002780874,-1762.1046002780874,-1762.1046002780874,0,0,0,0,0,0,-1466.1415354160501,-1466.1415354160501,-1466.1415354160501,76.34598388413617,76.34598388413617,76.34598388413617,0,0,0,-2715.5337662491415,966.4466427386045,2252.310351223492,2252.310351223492,-899.5898005865088
2022-09-04T00:00:00Z,2252.930189123197,-3407.732024630773,-3407.732024630773,-3407.732024630773,0,0,0,0,0,0,0,0,0,0,0,0,0,0,0,0,0,0,-1394.7988476539222,-1394.7988476539222,-1394.7988476539222,0,0,0,0,0,0,-2070.330156385409,-2070.330156385409,-2070.330156385409,57.39697940855779,57.39697940855779,57.39697940855779,0,0,0,-3141.335091978622,857.2621181521521,2252.930189123197,2252.930189123197,-1154.801835507576
2022-09-05T00:00:00Z,2253.5500270229018,-788.89124087692,-788.89124087692,-788.89124087692,0,0,0,0,0,0,0,0,0,0,0,0,0,0,0,0,0,0,-1232.306256945298,-1232.306256945298,-1232.306256945298,0,0,0,0,0,0,407.34003320449176,407.34003320449176,407.34003320449176,36.0749828638865,36.0749828638865,36.0749828638865,0,0,0,-430.68824373604093,3510.2649870892687,2253.5500270229018,2253.5500270229018,1464.6587861459816
2022-09-06T00:00:00Z,2254.169864922607,-540.9718428093003,-540.9718428093003,-540.9718428093003,0,0,0,0,0,0,0,0,0,0,0,0,0,0,0,0,0,0,-1305.4384952844716,-1305.4384952844716,-1305.4384952844716,0,0,0,0,0,0,751.8708176887492,751.8708176887492,751.8708176887492,12.59583478642207,12.59583478642207,12.59583478642207,0,0,0,-192.54377182346838,3700.6934596495175,2254.169864922607,2254.169864922607,1713.1980221133067
2022-09-07T00:00:00Z,2254.789702822312,-600.3340440095377,-600.3340440095377,-600.3340440095377,0,0,0,0,0,0,0,0,0,0,0,0,0,0,0,0,0,0,-1373.1750608729676,-1373.1750608729676,-1373.1750608729676,0,0,0,0,0,0,785.6068199364399,785.6068199364399,785.6068199364399,-12.765803073010444,-12.765803073010444,-12.765803073010444,0,0,0,-413.0550318725611,3571.0416462712237,2254.789702822312,2254.789702822312,1654.4556588127743
2022-09-08T00:00:00Z,2255.409540722017,-463.1885079136635,-463.1885079136635,-463.1885079136635,0,0,0,0,0,0,0,0,0,0,0,0,0,0,0,0,0,0,-1235.6827915491247,-1235.6827915491247,-1235.6827915491247,0,0,0,0,0,0,812.1740657408654,812.1740657408654,812.1740657408654,-39.679782105404165,-39.679782105404165,-39.679782105404165,0,0,0,-135.08577023414173,3705.3945792897457,2255.409540722017,2255.409540722017,1792.2210328083536
2022-09-09T00:00:00Z,2256.029378621722,-226.7248597883715,-226.7248597883715,-226.7248597883715,0,0,0,0,0,0,0,0,0,0,0,0,0,0,0,0,0,0,-938.4393691923472,-938.4393691923472,-938.4393691923472,0,0,0,0,0,0,779.4799552326879,779.4799552326879,779.4799552326879,-67.76544582871226,-67.76544582871226,-67.76544582871226,0,0,0,-0.005504873513523023,3969.000776499429,2256.029378621722,2256.029378621722,2029.3045188333506
2022-09-10T00:00:00Z,2256.649216521427,-2256.6827301061176,-2256.6827301061176,-2256.6827301061176,0,0,0,0,0,0,0,0,0,0,0,0,0,0,0,0,0,0,-693.9430076968408,-693.9430076968408,-693.9430076968408,0,0,0,0,0,0,-1466.1415354170692,-1466.1415354170692,-1466.1415354170692,-96.59818699220708,-96.59818699220708,-96.59818699220708,0,0,0,-1838.5451611743133,1971.4391286884413,2256.649216521427,2256.649216521427,-0.03351358469035404
2022-09-11T00:00:00Z,2257.2690544211323,-2836.1170809708024,-2836.1170809708024,-2836.1170809708024,0,0,0,0,0,0,0,0,0,0,0,0,0,0,0,0,0,0,-640.0694572982281,-640.0694572982281,-640.0694572982281,0,0,0,0,0,0,-2070.330156384821,-2070.330156384821,-2070.330156384821,-125.71746728775292,-125.71746728775292,-125.71746728775292,0,0,0,-2609.7336041861968,1224.7149662040238,2257.2690544211323,2257.2690544211323,-578.8480265496701
2022-09-12T00:00:00Z,2257.888902270141,-447.65140995682725,-447.65140995682725,-447.65140995682725,0,0,0,0,0,0,0,0,0,0,0,0,0,0,0,0,0,0,-700.3553062714277,-700.3553062714277,-700.3553062714277,0,0,0,0,0,0,407.3400332062238,407.3400332062238,407.3400332062238,-154.63613689162332,-154.63613689162332,-154.63613689162332,0,0,0,-65.79968231915674,3787.4531372307683,2257.888902270141,2257.888902270141,1810.2374923133139
2022-09-13T00:00:00Z,2258.5087501191497,-113.6056814533717,-113.6056814533717,-113.6056814533717,0,0,0,0,0,0,0,0,0,0,0,0,0,0,0,0,0,0,-682.6256521217657,-682.6256521217657,-682.6256521217657,0,0,0,0,0,0,751.870817688269,751.870817688269,751.870817688269,-182.8508470198748,-182.8508470198748,-182.8508470198748,0,0,0,203.1738012395784,4063.7495053312355,2258.5087501191497,2258.5087501191497,2144.903068665778
2022-09-14T00:00:00Z,2259.1285979681584,79.44394093066191,79.44394093066191,79.44394093066191,0,0,0,0,0,0,0,0,0,0,0,0,0,0,0,0,0,0,-496.30956968792134,-496.30956968792134,-496.30956968792134,0,0,0,0,0,0,785.6068199373669,785.6068199373669,785.6068199373669,-209.85330931878391,-209.85330931878391,-209.85330931878391,0,0,0,440.65502673911413,4360.634242129734,2259.1285979681584,2259.1285979681584,2338.5725388988203
2022-09-15T00:00:00Z,2259.748445817167,326.40651694539196,326.40651694539196,326.40651694539196,0,0,0,0,0,0,0,0,0,0,0,0,0,0,0,0,0,0,-250.62542622333456,-250.62542622333456,-250.62542622333456,0,0,0,0,0,0,812.1740657416696,812.1740657416696,812.1740657416696,-235.142122572943,-235.142122572943,-235.142122572943,0,0,0,750.9111493718708,4597.413818185499,2259.748445817167,2259.748445817167,2586.154962762559
2022-09-16T00:00:00Z,2260.3682936661758,-1375.8610997998792,-1375.8610997998792,-1375.8610997998792,0,0,0,0,0,0,-1767.1012203123178,-1767.1012203123178,-1767.1012203123178,0,0,0,0,0,0,-1767.1012203123178,-1767.1012203123178,-1767.1012203123178,-130.00497363401308,-130.00497363401308,-130.00497363401308,0,0,0,0,0,0,779.4799552329875,779.4799552329875,779.4799552329875,-258.23486108653583,-258.23486108653583,-258.23486108653583,0,0,0,-1083.2428043221944,2800.263260507597,2260.3682936661758,2260.3682936661758,884.5071938662966
2022-09-17T00:00:00Z,2260.988141515185,-1928.463514883349,-1928.463514883349,-1928.463514883349,0,0,0,0,0,0,0,0,0,0,0,0,0,0,0,0,0,0,-183.6418782701816,-183.6418782701816,-183.6418782701816,0,0,0,0,0,0,-1466.1415354200697,-1466.1415354200697,-1466.1415354200697,-278.68010119309764,-278.68010119309764,-278.68010119309764,0,0,0,-1554.2118151752097,2294.5528280310887,2260.988141515185,2260.988141515185,332.5246266318359
2022-09-18T00:00:00Z,2261.6079893641936,-2626.4612426342915,-2626.4612426342915,-2626.4612426342915,0,0,0,0,0,0,0,0,0,0,0,0,0,0,0,0,0,0,-260.0620328056255,-260.0620328056255,-260.0620328056255,0,0,0,0,0,0,-2070.33015638958,-2070.33015638958,-2070.33015638958,-296.0690534390863,-296.0690534390863,-296.0690534390863,0,0,0,-2199.50935807554,1669.258708006758,2261.6079893641936,2261.6079893641936,-364.85325327009787
2022-09-19T00:00:00Z,2262.227837213202,-67.73005313380092,-67.73005313380092,-67.73005313380092,0,0,0,0,0,0,0,0,0,0,0,0,0,0,0,0,0,0,-165.02361771765084,-165.02361771765084,-165.02361771765084,0,0,0,0,0,0,407.3400331986823,407.3400331986823,407.3400331986823,-310.04646861483246,-310.04646861483246,-310.04646861483246,0,0,0,86.47775521944698,4113.895364210969,2262.227837213202,2262.227837213202,2194.497784079401
2022-09-20T00:00:00Z,2262.847685062211,553.2521797639267,553.2521797639267,553.2521797639267,0,0,0,0,0,0,0,0,0,0,0,0,0,0,0,0,0,0,121.701858277417,121.701858277417,121.701858277417,0,0,0,0,0,0,751.8708176882036,751.8708176882036,751.8708176882036,-320.32049620169397,-320.32049620169397,-320.32049620169397,0,0,0,890.5740175408207,4757.053598505886,2262.847685062211,2262.847685062211,2816.0998648261375
2022-09-21T00:00:00Z,2263.4675329112197,871.3734748751533,871.3734748751533,871.3734748751533,0,0,0,0,0,0,0,0,0,0,0,0,0,0,0,0,0,0,412.43784887950034,412.43784887950034,412.43784887950034,0,0,0,0,0,0,785.6068199371233,785.6068199371233,785.6068199371233,-326.67119394147034,-326.67119394147034,-326.67119394147034,0,0,0,1072.2488038806316,5029.358060860478,2263.4675329112197,2263.4675329112197,3134.8410077863728
2022-09-22T00:00:00Z,2264.087380760228,1004.8896659068156,1004.8896659068156,1004.8896659068156,0,0,0,0,0,0,0,0,0,0,0,0,0,0,0,0,0,0,521.6730169260964,521.6730169260964,521.6730169260964,0,0,0,0,0,0,812.1740657424735,812.1740657424735,812.1740657424735,-328.95741676175425,-328.95741676175425,-328.95741676175425,0,0,0,1360.9653218208275,5255.856187759711,2264.087380760228,2264.087380760228,3268.9770466670434
2022-09-23T00:00:00Z,2264.707228609237,968.2587102089084,968.2587102089084,968.2587102089084,0,0,0,0,0,0,0,0,0,0,0,0,0,0,0,0,0,0,515.9006065726085,515.9006065726085,515.9006065726085,0,0,0,0,0,0,779.4799552313987,779.4799552313987,779.4799552313987,-327.12185159509846,-327.12185159509846,-327.12185159509846,0,0,0,1305.4567516238385,5179.218464012532,2264.707228609237,2264.707228609237,3232.9659388181453
2022-09-24T00:00:00Z,2265.3270764582458,-1063.963267109788,-1063.963267109788,-1063.963267109788,0,0,0,0,0,0,0,0,0,0,0,0,0,0,0,0,0,0,723.3722790902713,723.3722790902713,723.3722790902713,0,0,0,0,0,0,-1466.1415354191083,-1466.1415354191083,-1466.1415354191083,-321.1940107809508,-321.1940107809508,-321.1940107809508,0,0,0,-724.7778571369295,3228.2167701880276,2265.3270764582458,2265.3270764582458,1201.3638093484578
2022-09-25T00:00:00Z,2265.9469243072544,-944.7411751113589,-944.7411751113589,-944.7411751113589,0,0,0,0,0,0,0,0,0,0,0,0,0,0,0,0,0,0,1436.880030866398,1436.880030866398,1436.880030866398,0,0,0,0,0,0,-2070.330156387311,-2070.330156387311,-2070.330156387311,-311.2910495904468,-311.2910495904468,-311.2910495904468,0,0,0,-586.0503439428624,3242.3335365440626,2265.9469243072544,2265.9469243072544,1321.2057491958956
2022-09-26T00:00:00Z,2266.566772156263,2665.050275126319,2665.050275126319,2665.050275126319,0,0,0,0,0,0,0,0,0,0,0,0,0,0,0,0,0,0,2555.3265734701044,2555.3265734701044,2555.3265734701044,0,0,0,0,0,0,407.34003320146235,407.34003320146235,407.34003320146235,-297.6163315452471,-297.6163315452471,-297.6163315452471,0,0,0,2936.1041942046927,6839.903626839582,2266.566772156263,2266.566772156263,4931.617047282582
2022-09-27T00:00:00Z,2267.186620005272,3987.1380490047,3987.1380490047,3987.1380490047,0,0,0,0,0,0,0,0,0,0,0,0,0,0,0,0,0,0,3515.722958358248,3515.722958358248,3515.722958358248,0,0,0,0,0,0,751.8708176881383,751.8708176881383,751.8708176881383,-280.45572704168717,-280.45572704168717,-280.45572704168717,0,0,0,4254.239478250989,8164.440906346718,2267.186620005272,2267.186620005272,6254.324669009971
2022-09-28T00:00:00Z,2267.806467854281,4164.986165978814,4164.986165978814,4164.986165978814,0,0,0,0,0,0,0,0,0,0,0,0,0,0,0,0,0,0,3639.5510406295466,3639.5510406295466,3639.5510406295466,0,0,0,0,0,0,785.6068199368799,785.6068199368799,785.6068199368799,-260.171694587612,-260.171694587612,-260.171694587612,0,0,0,4549.559556043814,8408.420275818426,2267.806467854281,2267.806467854281,6432.792633833094
2022-09-29T00:00:00Z,2268.426315703289,3220.335460875687,3220.335460875687,3220.335460875687,0,0,0,0,0,0,0,0,0,0,0,0,0,0,0,0,0,0,2645.3566530243274,2645.3566530243274,2645.3566530243274,0,0,0,0,0,0,812.1740657432774,812.1740657432774,812.1740657432774,-237.1952578919183,-237.1952578919183,-237.1952578919183,0,0,0,3600.735105556546,7475.476071833078,2268.426315703289,2268.426315703289,5488.761776578976
2022-09-30T00:00:00Z,2269.046163552298,1471.20796352203,1471.20796352203,1471.20796352203,0,0,0,0,0,0,0,0,0,0,0,0,0,0,0,0,0,0,903.7440624944658,903.7440624944658,903.7440624944658,0,0,0,0,0,0,779.4799552361924,779.4799552361924,779.4799552361924,-212.01605420862816,-212.01605420862816,-212.01605420862816,0,0,0,1765.8964363333685,5692.1001370114245,2269.046163552298,2269.046163552298,3740.2541270743277
2022-10-01T00:00:00Z,2269.666011401307,-2444.927190950677,-2444.927190950677,-2444.927190950677,0,0,0,0,0,0,0,0,0,0,0,0,0,0,0,0,0,0,-793.6149676363943,-793.6149676363943,-793.6149676363943,0,0,0,0,0,0,-1466.1415354221085,-1466.1415354221085,-1466.1415354221085,-185.1706878921751,-185.1706878921751,-185.1706878921751,0,0,0,-2176.5850354151253,1679.408336147133,2269.666011401307,2269.666011401307,-175.2611795493699
2022-10-02T00:00:00Z,2270.2858592503153,-4002.40887771868,-4002.40887771868,-4002.40887771868,0,0,0,0,0,0,0,0,0,0,0,0,0,0,0,0,0,0,-1774.8490451052442,-1774.8490451052442,-1774.8490451052442,0,0,0,0,0,0,-2070.330156388403,-2070.330156388403,-2070.330156388403,-157.22967622503222,-157.22967622503222,-157.22967622503222,0,0,0,-3642.834326507023,251.01920871474408,2270.2858592503153,2270.2858592503153,-1732.1230184683645
2022-10-03T00:00:00Z,2270.9057070993244,-1627.4130341291825,-1627.4130341291825,-1627.4130341291825,0,0,0,0,0,0,0,0,0,0,0,0,0,0,0,0,0,0,-1905.9697467524845,-1905.9697467524845,-1905.9697467524845,0,0,0,0,0,0,407.34003320214657,407.34003320214657,407.34003320214657,-128.78332057884367,-128.78332057884367,-128.78332057884367,0,0,0,-1201.2602085729393,2600.0635303500735,2270.9057070993244,2270.9057070993244,643.4926729701419
2022-10-04T00:00:00Z,2271.525554948333,-919.3042007400729,-919.3042007400729,-919.3042007400729,0,0,0,0,0,0,0,0,0,0,0,0,0,0,0,0,0,0,-1570.748145083516,-1570.748145083516,-1570.748145083516,0,0,0,0,0,0,751.8708176878656,751.8708176878656,751.8708176878656,-100.4268733444226,-100.4268733444226,-100.4268733444226,0,0,0,-509.3772858358051,3179.7867742440963,2271.525554948333,2271.525554948333,1352.2213542082602
2022-10-05T00:00:00Z,2272.1454027973414,-563.8540442518482,-563.8540442518482,-563.8540442518482,0,0,0,0,0,0,0,0,0,0,0,0,0,0,0,0,0,0,-1276.7154656598486,-1276.7154656598486,-1276.7154656598486,0,0,0,0,0,0,785.6068199371331,785.6068199371331,785.6068199371331,-72.74539852913271,-72.74539852913271,-72.74539852913271,0,0,0,-179.39016215156175,3568.3611857501346,2272.1454027973414,2272.1454027973414,1708.291358545493
2022-10-06T00:00:00Z,2272.7652506463505,-485.64945892416574,-485.64945892416574,-485.64945892416574,0,0,0,0,0,0,0,0,0,0,0,0,0,0,0,0,0,0,-1251.5247842030349,-1251.5247842030349,-1251.5247842030349,0,0,0,0,0,0,812.1740657426595,812.1740657426595,812.1740657426595,-46.29874046379067,-46.29874046379067,-46.29874046379067,0,0,0,-107.73936030486009,3773.0026185905576,2272.7652506463505,2272.7652506463505,1787.115791722185
2022-10-07T00:00:00Z,2273.385098495359,-599.2176917797507,-599.2176917797507,-599.2176917797507,0,0,0,0,0,0,0,0,0,0,0,0,0,0,0,0,0,0,-1357.0906270627381,-1357.0906270627381,-1357.0906270627381,0,0,0,0,0,0,779.4799552346035,779.4799552346035,779.4799552346035,-21.60701995161621,-21.60701995161621,-21.60701995161621,0,0,0,-265.64299136871705,3685.2628134235883,2273.385098495359,2273.385098495359,1674.1674067156086
2022-10-08T00:00:00Z,2274.004946344368,-2798.7379714884582,-2798.7379714884582,-2798.7379714884582,0,0,0,0,0,0,0,0,0,0,0,0,0,0,0,0,0,0,-1333.4593659952366,-1333.4593659952366,-1333.4593659952366,0,0,0,0,0,0,-1466.1415354251083,-1466.1415354251083,-1466.1415354251083,0.862929931886257,0.862929931886257,0.862929931886257,0,0,0,-2493.892574304667,1428.1201519686651,2274.004946344368,2274.004946344368,-524.7330251440903
2022-10-10T00:00:00Z,2275.2446420423853,-2118.645859031447,-2118.645859031447,-2118.645859031447,0,0,0,0,0,0,-1767.1012203123178,-1767.1012203123178,-1767.1012203123178,0,0,0,0,0,0,-1767.1012203123178,-1767.1012203123178,-1767.1012203123178,-796.4929906592299,-796.4929906592299,-796.4929906592299,0,0,0,0,0,0,407.3400332038786,407.3400332038786,407.3400332038786,37.60831873622232,37.60831873622232,37.60831873622232,0,0,0,-1737.2468505769082,2123.4774003110124,2275.2446420423853,2275.2446420423853,156.5987830109384
2022-10-11T00:00:00Z,2275.8644898913944,160.22969752522238,160.22969752522238,160.22969752522238,0,0,0,0,0,0,0,0,0,0,0,0,0,0,0,0,0,0,-642.9589407048248,-642.9589407048248,-642.9589407048248,0,0,0,0,0,0,751.8708176888348,751.8708176888348,751.8708176888348,51.3178205412123,51.3178205412123,51.3178205412123,0,0,0,540.3219972276804,4256.081688722343,2275.8644898913944,2275.8644898913944,2436.094187416617
2022-10-12T00:00:00Z,2276.4843377404027,179.4921030612339,179.4921030612339,179.4921030612339,0,0,0,0,0,0,0,0,0,0,0,0,0,0,0,0,0,0,-667.8031559868741,-667.8031559868741,-667.8031559868741,0,0,0,0,0,0,785.6068199375632,785.6068199375632,785.6068199375632,61.688439110544685,61.688439110544685,61.688439110544685,0,0,0,493.13220524826,4385.453245823244,2276.4843377404027,2276.4843377404027,2455.9764408016367
2022-10-13T00:00:00Z,2277.1041855894114,169.30628046772895,169.30628046772895,169.30628046772895,0,0,0,0,0,0,0,0,0,0,0,0,0,0,0,0,0,0,-711.5326656108062,-711.5326656108062,-711.5326656108062,0,0,0,0,0,0,812.1740657448855,812.1740657448855,812.1740657448855,68.66488033364958,68.66488033364958,68.66488033364958,0,0,0,533.3085946452455,4374.843228114477,2277.1041855894114,2277.1041855894114,2446.41046605714
2022-10-14T00:00:00Z,2277.7240334384205,243.84239836065734,243.84239836065734,243.84239836065734,0,0,0,0,0,0,0,0,0,0,0,0,0,0,0,0,0,0,-607.9250956961139,-607.9250956961139,-607.9250956961139,0,0,0,0,0,0,779.4799552349033,779.4799552349033,779.4799552349033,72.2875388218682,72.2875388218682,72.2875388218682,0,0,0,636.1000356499918,4419.745741297349,2277.7240334384205,2277.7240334384205,2521.5664317990777
2022-10-15T00:00:00Z,2278.3438812874288,-1761.9243688683541,-1761.9243688683541,-1761.9243688683541,0,0,0,0,0,0,0,0,0,0,0,0,0,0,0,0,0,0,-368.47375807004676,-368.47375807004676,-368.47375807004676,0,0,0,0,0,0,-1466.1415354160497,-1466.1415354160497,-1466.1415354160497,72.69092461774218,72.69092461774218,72.69092461774218,0,0,0,-1370.9288968143317,2495.613351039361,2278.3438812874288,2278.3438812874288,516.4195124190746
2022-10-16T00:00:00Z,2278.9637291364375,-2166.7269896394864,-2166.7269896394864,-2166.7269896394864,0,0,0,0,0,0,0,0,0,0,0,0,0,0,0,0,0,0,-166.49623954555776,-166.49623954555776,-166.49623954555776,0,0,0,0,0,0,-2070.3301563908926,-2070.3301563908926,-2070.3301563908926,70.09940629696439,70.09940629696439,70.09940629696439,0,0,0,-1909.2037088143147,2116.880049751977,2278.9637291364375,2278.9637291364375,112.23673949695103
2022-10-17T00:00:00Z,2279.5835769854466,331.41970926801093,331.41970926801093,331.41970926801093,0,0,0,0,0,0,0,0,0,0,0,0,0,0,0,0,0,0,-140.7406828639343,-140.7406828639343,-140.7406828639343,0,0,0,0,0,0,407.3400332056108,407.3400332056108,407.3400332056108,64.82035892633434,64.82035892633434,64.82035892633434,0,0,0,675.9443927691954,4648.187446631051,2279.5835769854466,2279.5835769854466,2611.0032862534576
2022-10-18T00:00:00Z,2280.2034248344553,576.0537217620422,576.0537217620422,576.0537217620422,0,0,0,0,0,0,0,0,0,0,0,0,0,0,0,0,0,0,-233.05197774157418,-233.05197774157418,-233.05197774157418,0,0,0,0,0,0,751.8708176885623,751.8708176885623,751.8708176885623,57.23488181505418,57.23488181505418,57.23488181505418,0,0,0,981.2729959696229,4832.050722906827,2280.2034248344553,2280.2034248344553,2856.2571465964975
2022-10-19T00:00:00Z,2280.823272683464,592.3283117450576,592.3283117450576,592.3283117450576,0,0,0,0,0,0,0,0,0,0,0,0,0,0,0,0,0,0,-241.06483225000952,-241.06483225000952,-241.06483225000952,0,0,0,0,0,0,785.6068199366459,785.6068199366459,785.6068199366459,47.78632405842132,47.78632405842132,47.78632405842132,0,0,0,810.5341110708068,4821.582982026223,2280.823272683464,2280.823272683464,2873.1515844285213
2022-10-20T00:00:00Z,2281.4431205324727,811.9043861494742,811.9043861494742,811.9043861494742,0,0,0,0,0,0,0,0,0,0,0,0,0,0,0,0,0,0,-37.236602911826374,-37.236602911826374,-37.236602911826374,0,0,0,0,0,0,812.1740657442674,812.1740657442674,812.1740657442674,36.96692331703316,36.96692331703316,36.96692331703316,0,0,0,1233.1108151274,5108.8903849810185,2281.4431205324727,2281.4431205324727,3093.347506681947
2022-10-21T00:00:00Z,2282.0629683814814,1086.4994768144857,1086.4994768144857,1086.4994768144857,0,0,0,0,0,0,0,0,0,0,0,0,0,0,0,0,0,0,281.7165985443129,281.7165985443129,281.7165985443129,0,0,0,0,0,0,779.4799552333144,779.4799552333144,779.4799552333144,25.30292303685821,25.30292303685821,25.30292303685821,0,0,0,1362.8796865466509,5231.2967088383,2282.0629683814814,2282.0629683814814,3368.562445195967
2022-10-22T00:00:00Z,2282.68281623049,-959.5027190017,-959.5027190017,-959.5027190017,0,0,0,0,0,0,0,0,0,0,0,0,0,0,0,0,0,0,493.3002329028581,493.3002329028581,493.3002329028581,0,0,0,0,0,0,-1466.1415354190501,-1466.1415354190501,-1466.1415354190501,13.338583514491674,13.338583514491674,13.338583514491674,0,0,0,-775.7652226686364,3260.501281865815,2282.68281623049,2282.68281623049,1323.1800972287901
2022-10-23T00:00:00Z,2283.3026640794988,-1552.2216968285434,-1552.2216968285434,-1552.2216968285434,0,0,0,0,0,0,0,0,0,0,0,0,0,0,0,0,0,0,516.4889183688043,516.4889183688043,516.4889183688043,0,0,0,0,0,0,-2070.330156388624,-2070.330156388624,-2070.330156388624,1.6195411912758368,1.6195411912758368,1.6195411912758368,0,0,0,-1211.2328876467734,2669.5751232569987,2283.3026640794988,2283.3026640794988,731.0809672509554
2022-10-24T00:00:00Z,2283.9225119285074,-800.0681673005728,-800.0681673005728,-800.0681673005728,0,0,0,0,0,0,-1767.1012203123178,-1767.1012203123178,-1767.1012203123178,0,0,0,0,0,0,-1767.1012203123178,-1767.1012203123178,-1767.1012203123178,569.0170228020119,569.0170228020119,569.0170228020119,0,0,0,0,0,0,407.34003320734286,407.34003320734286,407.34003320734286,-9.324002997609506,-9.324002997609506,-9.324002997609506,0,0,0,-440.45309237787853,3443.8234223122427,2283.9225119285074,2283.9225119285074,1483.8543446279346
2022-10-25T00:00:00Z,2284.542359777516,1743.9169603892226,1743.9169603892226,1743.9169603892226,0,0,0,0,0,0,0,0,0,0,0,0,0,0,0,0,0,0,1011.03991520832,1011.03991520832,1011.03991520832,0,0,0,0,0,0,751.8708176884969,751.8708176884969,751.8708176884969,-18.99377250759388,-18.99377250759388,-18.99377250759388,0,0,0,1993.714562183067,6030.238117979034,2284.542359777516,2284.542359777516,4028.4593201667385
2022-10-26T00:00:00Z,2285.162207626525,2730.7845956830242,2730.7845956830242,2730.7845956830242,0,0,0,0,0,0,0,0,0,0,0,0,0,0,0,0,0,0,1972.1168646210187,1972.1168646210187,1972.1168646210187,0,0,0,0,0,0,785.606819937076,785.606819937076,785.606819937076,-26.93908887507061,-26.93908887507061,-26.93908887507061,0,0,0,3148.0175338616773,7090.540720769441,2285.162207626525,2285.162207626525,5015.946803309549
2022-10-27T00:00:00Z,2285.782055475534,3880.6214380385313,3880.6214380385313,3880.6214380385313,0,0,0,0,0,0,0,0,0,0,0,0,0,0,0,0,0,0,3101.2186257542344,3101.2186257542344,3101.2186257542344,0,0,0,0,0,0,812.1740657424266,812.1740657424266,812.1740657424266,-32.771253458130516,-32.771253458130516,-32.771253458130516,0,0,0,4274.154618179595,8117.421946392166,2285.782055475534,2285.782055475534,6166.403493514065
2022-10-28T00:00:00Z,2286.4019033245427,4457.611698465247,4457.611698465247,4457.611698465247,0,0,0,0,0,0,0,0,0,0,0,0,0,0,0,0,0,0,3714.3079335783605,3714.3079335783605,3714.3079335783605,0,0,0,0,0,0,779.4799552317257,779.4799552317257,779.4799552317257,-36.176190344837984,-36.176190344837984,-36.176190344837984,0,0,0,4828.3625857039915,8607.247667484484,2286.4019033245427,2286.4019033245427,6744.013601789789
2022-10-29T00:00:00Z,2287.021751173551,1770.9379300841085,1770.9379300841085,1770.9379300841085,0,0,0,0,0,0,0,0,0,0,0,0,0,0,0,0,0,0,3274.004412503094,3274.004412503094,3274.004412503094,0,0,0,0,0,0,-1466.1415354200692,-1466.1415354200692,-1466.1415354200692,-36.924946998916674,-36.924946998916674,-36.924946998916674,0,0,0,2303.913769834064,6097.681621726278,2287.021751173551,2287.021751173551,4057.959681257659
2022-10-30T00:00:00Z,2287.64159902256,-282.6348138058139,-282.6348138058139,-282.6348138058139,0,0,0,0,0,0,0,0,0,0,0,0,0,0,0,0,0,0,1822.5770478164839,1822.5770478164839,1822.5770478164839,0,0,0,0,0,0,-2070.3301563897166,-2070.3301563897166,-2070.3301563897166,-34.881705232581325,-34.881705232581325,-34.881705232581325,0,0,0,216.03089646163943,3926.8173435047133,2287.64159902256,2287.64159902256,2005.0067852167463
2022-10-31T00:00:00Z,2288.2614468715688,375.4602074177901,375.4602074177901,375.4602074177901,0,0,0,0,0,0,0,0,0,0,0,0,0,0,0,0,0,0,-1.870803512229713,-1.870803512229713,-1.870803512229713,0,0,0,0,0,0,407.340033208027,407.340033208027,407.340033208027,-30.009022278007187,-30.009022278007187,-30.009022278007187,0,0,0,740.5761200397739,4591.280108343153,2288.2614468715688,2288.2614468715688,2663.721654289359
2022-11-01T00:00:00Z,2288.881294720577,-667.4288109683655,-667.4288109683655,-667.4288109683655,0,0,0,0,0,0,0,0,0,0,0,0,0,0,0,0,0,0,-1396.9295303282759,-1396.9295303282759,-1396.9295303282759,0,0,0,0,0,0,751.8708176892588,751.8708176892588,751.8708176892588,-22.370098329348686,-22.370098329348686,-22.370098329348686,0,0,0,-348.2421014743712,3511.1147414350394,2288.881294720577,2288.881294720577,1621.4524837522115
2022-11-02T00:00:00Z,2289.501103322382,-1157.833074266017,-1157.833074266017,-1157.833074266017,0,0,0,0,0,0,0,0,0,0,0,0,0,0,0,0,0,0,-1931.3119433302465,-1931.3119433302465,-1931.3119433302465,0,0,0,0,0,0,785.6068199375063,785.6068199375063,785.6068199375063,-12.127950873277053,-12.127950873277053,-12.127950873277053,0,0,0,-761.2305952370496,3176.33965070235,2289.501103322382,2289.501103322382,1131.6680290563647
2022-11-03T00:00:00Z,2290.1209119241867,-949.4719996777791,-949.4719996777791,-949.4719996777791,0,0,0,0,0,0,0,0,0,0,0,0,0,0,0,0,0,0,-1762.1046002781181,-1762.1046002781181,-1762.1046002781181,0,0,0,0,0,0,812.1740657432304,812.1740657432304,812.1740657432304,0.4585348571087045,0.4585348571087045,0.4585348571087045,0,0,0,-556.8590791863373,3338.4187450890086,2290.1209119241867,2290.1209119241867,1340.6489122464077
2022-11-04T00:00:00Z,2290.740720525992,-600.2772740149768,-600.2772740149768,-600.2772740149768,0,0,0,0,0,0,0,0,0,0,0,0,0,0,0,0,0,0,-1394.798847653652,-1394.798847653652,-1394.798847653652,0,0,0,0,0,0,779.479955230137,779.479955230137,779.479955230137,15.041618408538127,15.041618408538127,15.041618408538127,0,0,0,-290.1316358752692,3568.6391565924837,2290.740720525992,2290.740720525992,1690.4634465110153
2022-11-05T00:00:00Z,2291.360529127797,-2667.253165171709,-2667.253165171709,-2667.253165171709,0,0,0,0,0,0,0,0,0,0,0,0,0,0,0,0,0,0,-1232.3062569448277,-1232.3062569448277,-1232.3062569448277,0,0,0,0,0,0,-1466.1415354210885,-1466.1415354210885,-1466.1415354210885,31.194627194206937,31.194627194206937,31.194627194206937,0,0,0,-2230.165801129597,1617.7445214986387,2291.360529127797,2291.360529127797,-375.89263604391226
2022-11-06T00:00:00Z,2291.9803377296016,-3327.34410277478,-3327.34410277478,-3327.34410277478,0,0,0,0,0,0,0,0,0,0,0,0,0,0,0,0,0,0,-1305.4384952850253,-1305.4384952850253,-1305.4384952850253,0,0,0,0,0,0,-2070.3301563874475,-2070.3301563874475,-2070.3301563874475,48.424548897692425,48.424548897692425,48.424548897692425,0,0,0,-3077.953920645684,899.1103789447563,2291.9803377296016,2291.9803377296016,-1035.3637650451783
2022-11-07T00:00:00Z,2292.600146331407,-899.6480592106448,-899.6480592106448,-899.6480592106448,0,0,0,0,0,0,0,0,0,0,0,0,0,0,0,0,0,0,-1373.1750608732368,-1373.1750608732368,-1373.1750608732368,0,0,0,0,0,0,407.3400332015336,407.3400332015336,407.3400332015336,66.18696846105851,66.18696846105851,66.18696846105851,0,0,0,-562.2757035725532,3332.2274920432037,2292.600146331407,2292.600146331407,1392.9520871207621
2022-11-08T00:00:00Z,2293.2199549332117,-399.909024597968,-399.909024597968,-399.909024597968,0,0,0,0,0,0,0,0,0,0,0,0,0,0,0,0,0,0,-1235.682791548715,-1235.682791548715,-1235.682791548715,0,0,0,0,0,0,751.8708176891934,751.8708176891934,751.8708176891934,83.9029492615536,83.9029492615536,83.9029492615536,0,0,0,-70.31403362214368,3832.309792386172,2293.2199549332117,2293.2199549332117,1893.3109303352437
2022-11-09T00:00:00Z,2293.8397635350166,-51.85515666115779,-51.85515666115779,-51.85515666115779,0,0,0,0,0,0,0,0,0,0,0,0,0,0,0,0,0,0,-938.4393691939435,-938.4393691939435,-938.4393691939435,0,0,0,0,0,0,785.6068199372628,785.6068199372628,785.6068199372628,100.97739259552311,100.97739259552311,100.97739259552311,0,0,0,270.9430643260553,4227.28497975587,2293.8397635350166,2293.8397635350166,2241.984606873859
2022-11-10T00:00:00Z,2294.459572136822,235.04941440026238,235.04941440026238,235.04941440026238,0,0,0,0,0,0,0,0,0,0,0,0,0,0,0,0,0,0,-693.9430076973896,-693.9430076973896,-693.9430076973896,0,0,0,0,0,0,812.1740657440342,812.1740657440342,812.1740657440342,116.81835635361757,116.81835635361757,116.81835635361757,0,0,0,548.1796225368973,4540.380223324469,2294.459572136822,2294.459572136822,2529.508986537084
2022-11-11T00:00:00Z,2295.0793807386267,270.2672724703041,270.2672724703041,270.2672724703041,0,0,0,0,0,0,0,0,0,0,0,0,0,0,0,0,0,0,-640.0694573004772,-640.0694573004772,-640.0694573004772,0,0,0,0,0,0,779.4799552304369,779.4799552304369,779.4799552304369,130.8567745403443,130.8567745403443,130.8567745403443,0,0,0,500.09734513649516,4574.892520597487,2295.0793807386267,2295.0793807386267,2565.3466532089305
2022-11-12T00:00:00Z,2295.699189340431,-2023.9308462060142,-2023.9308462060142,-2023.9308462060142,0,0,0,0,0,0,0,0,0,0,0,0,0,0,0,0,0,0,-700.3553062723695,-700.3553062723695,-700.3553062723695,0,0,0,0,0,0,-1466.1415354140106,-1466.1415354140106,-1466.1415354140106,142.5659954803659,142.5659954803659,142.5659954803659,0,0,0,-1565.3492820446666,2349.0176401216204,2295.699189340431,2295.699189340431,271.7683431344169
2022-11-13T00:00:00Z,2296.3189979422364,-2601.475259403212,-2601.475259403212,-2601.475259403212,0,0,0,0,0,0,0,0,0,0,0,0,0,0,0,0,0,0,-682.625652121193,-682.625652121193,-682.625652121193,0,0,0,0,0,0,-2070.330156385178,-2070.330156385178,-2070.330156385178,151.48054910315852,151.48054910315852,151.48054910315852,0,0,0,-2346.7485410256327,1585.0813095962462,2296.3189979422364,2296.3189979422364,-305.15626146097566
2022-11-14T00:00:00Z,2296.938806544041,68.24402667137362,68.24402667137362,68.24402667137362,0,0,0,0,0,0,0,0,0,0,0,0,0,0,0,0,0,0,-496.3095696899431,-496.3095696899431,-496.3095696899431,0,0,0,0,0,0,407.3400332032658,407.3400332032658,407.3400332032658,157.21356315805093,157.21356315805093,157.21356315805093,0,0,0,543.6989157236567,4255.136728909952,2296.938806544041,2296.938806544041,2365.182833215415
2022-11-15T00:00:00Z,2297.558615145846,660.7176660692702,660.7176660692702,660.7176660692702,0,0,0,0,0,0,0,0,0,0,0,0,0,0,0,0,0,0,-250.62542622447842,-250.62542622447842,-250.62542622447842,0,0,0,0,0,0,751.8708176889206,751.8708176889206,751.8708176889206,159.47227460482787,159.47227460482787,159.47227460482787,0,0,0,1139.9905584045318,4827.476842662264,2297.558615145846,2297.558615145846,2958.2762812151163
2022-11-16T00:00:00Z,2298.1784237476513,813.6729716251715,813.6729716251715,813.6729716251715,0,0,0,0,0,0,0,0,0,0,0,0,0,0,0,0,0,0,-130.0049736346749,-130.0049736346749,-130.0049736346749,0,0,0,0,0,0,785.6068199370192,785.6068199370192,785.6068199370192,158.07112532282744,158.07112532282744,158.07112532282744,0,0,0,1087.6871810684888,4974.604547910502,2298.1784237476513,2298.1784237476513,3111.851395372823
2022-11-17T00:00:00Z,2298.798232349456,781.4741772389466,781.4741772389466,781.4741772389466,0,0,0,0,0,0,0,0,0,0,0,0,0,0,0,0,0,0,-183.6418782699286,-183.6418782699286,-183.6418782699286,0,0,0,0,0,0,812.1740657434163,812.1740657434163,812.1740657434163,152.94198976545889,152.94198976545889,152.94198976545889,0,0,0,1166.5616786303483,5162.398342938432,2298.798232349456,2298.798232349456,3080.2724095884028
2022-11-18T00:00:00Z,2299.418040951261,-1103.5421430148808,-1103.5421430148808,-1103.5421430148808,0,0,0,0,0,0,-1767.1012203123178,-1767.1012203123178,-1767.1012203123178,0,0,0,0,0,0,-1767.1012203123178,-1767.1012203123178,-1767.1012203123178,-260.06203280559464,-260.06203280559464,-260.06203280559464,0,0,0,0,0,0,779.4799552333419,779.4799552333419,779.4799552333419,144.1411548696898,144.1411548696898,144.1411548696898,0,0,0,-776.6275372428645,3010.508500002562,2299.418040951261,2299.418040951261,1195.8758979363802
2022-11-19T00:00:00Z,2300.0378495530663,-3266.413615830902,-3266.413615830902,-3266.413615830902,0,0,0,0,0,0,-1767.1012203123178,-1767.1012203123178,-1767.1012203123178,0,0,0,0,0,0,-1767.1012203123178,-1767.1012203123178,-1767.1012203123178,-165.02361771793636,-165.02361771793636,-165.02361771793636,0,0,0,0,0,0,-1466.1415354170108,-1466.1415354170108,-1466.1415354170108,131.852757616363,131.852757616363,131.852757616363,0,0,0,-2811.565723752351,1091.8984597955227,2300.0378495530663,2300.0378495530663,-966.3757662778357
2022-11-20T00:00:00Z,2300.657658154871,-1832.2398171870618,-1832.2398171870618,-1832.2398171870618,0,0,0,0,0,0,0,0,0,0,0,0,0,0,0,0,0,0,121.70185827900023,121.70185827900023,121.70185827900023,0,0,0,0,0,0,-2070.3301563862706,-2070.3301563862706,-2070.3301563862706,116.38848092020797,116.38848092020797,116.38848092020797,0,0,0,-1364.2767381129306,2449.2736096395784,2300.657658154871,2300.657658154871,468.4178409678093
2022-11-21T00:00:00Z,2301.277466756676,917.9612935904078,917.9612935904078,917.9612935904078,0,0,0,0,0,0,0,0,0,0,0,0,0,0,0,0,0,0,412.43784888016654,412.43784888016654,412.43784888016654,0,0,0,0,0,0,407.3400332049977,407.3400332049977,407.3400332049977,98.18341150524346,98.18341150524346,98.18341150524346,0,0,0,1322.8378602489381,5158.866310028714,2301.277466756676,2301.277466756676,3219.238760347084
2022-11-22T00:00:00Z,2301.897275358481,1351.3319059116116,1351.3319059116116,1351.3319059116116,0,0,0,0,0,0,0,0,0,0,0,0,0,0,0,0,0,0,521.6730169264449,521.6730169264449,521.6730169264449,0,0,0,0,0,0,751.870817688648,751.870817688648,751.870817688648,77.78807129651886,77.78807129651886,77.78807129651886,0,0,0,1573.043780810591,5690.936813107237,2301.897275358481,2301.897275358481,3653.2291812700923
2022-11-23T00:00:00Z,2302.5170839602856,1357.3641701910137,1357.3641701910137,1357.3641701910137,0,0,0,0,0,0,0,0,0,0,0,0,0,0,0,0,0,0,515.900606573534,515.900606573534,515.900606573534,0,0,0,0,0,0,785.6068199372725,785.6068199372725,785.6068199372725,55.85674368020729,55.85674368020729,55.85674368020729,0,0,0,1663.4305829332732,5686.390516201024,2302.5170839602856,2302.5170839602856,3659.8812541512993
2022-11-24T00:00:00Z,2303.1368925620905,1568.6786695009268,1568.6786695009268,1568.6786695009268,0,0,0,0,0,0,0,0,0,0,0,0,0,0,0,0,0,0,723.3722790905778,723.3722790905778,723.3722790905778,0,0,0,0,0,0,812.1740657427981,812.1740657427981,812.1740657427981,33.13232466755118,33.13232466755118,33.13232466755118,0,0,0,1942.0338909477186,5711.813878327075,2303.1368925620905,2303.1368925620905,3871.8155620630173
2022-11-25T00:00:00Z,2303.7567011638957,2226.788019561446,2226.788019561446,2226.788019561446,0,0,0,0,0,0,0,0,0,0,0,0,0,0,0,0,0,0,1436.8800308666355,1436.8800308666355,1436.8800308666355,0,0,0,0,0,0,779.4799552336417,779.4799552336417,779.4799552336417,10.428033461168523,10.428033461168523,10.428033461168523,0,0,0,2676.69323665221,6506.8677287772825,2303.7567011638957,2303.7567011638957,4530.544720725342
2022-11-26T00:00:00Z,2304.3765097657006,1077.7914521962327,1077.7914521962327,1077.7914521962327,0,0,0,0,0,0,0,0,0,0,0,0,0,0,0,0,0,0,2555.3265734721904,2555.3265734721904,2555.3265734721904,0,0,0,0,0,0,-1466.1415354180301,-1466.1415354180301,-1466.1415354180301,-11.393585857927595,-11.393585857927595,-11.393585857927595,0,0,0,1457.571875717588,5318.961267253995,2304.3765097657006,2304.3765097657006,3382.1679619619335
2022-11-27T00:00:00Z,2304.9963183675054,1413.9489492634332,1413.9489492634332,1413.9489492634332,0,0,0,0,0,0,0,0,0,0,0,0,0,0,0,0,0,0,3515.722958358089,3515.722958358089,3515.722958358089,0,0,0,0,0,0,-2070.330156384001,-2070.330156384001,-2070.330156384001,-31.44385271065403,-31.44385271065403,-31.44385271065403,0,0,0,1770.9019973287789,5573.422872038208,2304.9963183675054,2304.9963183675054,3718.9452676309384
2022-11-28T00:00:00Z,2305.6161269693107,2230.9571182177237,2230.9571182177237,2230.9571182177237,0,0,0,0,0,0,-1767.1012203123178,-1767.1012203123178,-1767.1012203123178,0,0,0,0,0,0,-1767.1012203123178,-1767.1012203123178,-1767.1012203123178,3639.5510406300987,3639.5510406300987,3639.5510406300987,0,0,0,0,0,0,407.34003319745614,407.34003319745614,407.34003319745614,-48.83273529751387,-48.83273529751387,-48.83273529751387,0,0,0,2639.603136558343,6500.987159914381,2305.6161269693107,2305.6161269693107,4536.573245187034
2022-11-29T00:00:00Z,2306.2359355711155,3334.5328903868326,3334.5328903868326,3334.5328903868326,0,0,0,0,0,0,0,0,0,0,0,0,0,0,0,0,0,0,2645.3566530235216,2645.3566530235216,2645.3566530235216,0,0,0,0,0,0,751.8708176883752,751.8708176883752,751.8708176883752,-62.69458032506379,-62.69458032506379,-62.69458032506379,0,0,0,3613.2783886150187,7601.774756220184,2306.2359355711155,2306.2359355711155,5640.768825957948
2022-11-30T00:00:00Z,2306.8557441729204,1617.1367899805398,1617.1367899805398,1617.1367899805398,0,0,0,0,0,0,0,0,0,0,0,0,0,0,0,0,0,0,903.7440624934862,903.7440624934862,903.7440624934862,0,0,0,0,0,0,785.6068199377028,785.6068199377028,785.6068199377028,-72.21409245064933,-72.21409245064933,-72.21409245064933,0,0,0,1989.9125239272273,5756.953994037143,2306.8557441729204,2306.8557441729204,3923.99253415346
2022-12-01T00:00:00Z,2307.475552774725,-58.09274680995218,-58.09274680995218,-58.09274680995218,0,0,0,0,0,0,0,0,0,0,0,0,0,0,0,0,0,0,-793.6149676354606,-793.6149676354606,-793.6149676354606,0,0,0,0,0,0,812.1740657450244,812.1740657450244,812.1740657450244,-76.65184491951598,-76.65184491951598,-76.65184491951598,0,0,0,347.2725951367506,4149.773901689407,2307.475552774725,2307.475552774725,2249.382805964773
2022-12-02T00:00:00Z,2308.0953613765305,-1070.7376884474447,-1070.7376884474447,-1070.7376884474447,0,0,0,0,0,0,0,0,0,0,0,0,0,0,0,0,0,0,-1774.8490451076932,-1774.8490451076932,-1774.8490451076932,0,0,0,0,0,0,779.4799552320527,779.4799552320527,779.4799552320527,-75.36859857180488,-75.36859857180488,-75.36859857180488,0,0,0,-700.3418598150272,3393.6874238070313,2308.0953613765305,2308.0953613765305,1237.3576729290858
2022-12-03T00:00:00Z,2308.7151699783353,-3439.9590042152,-3439.9590042152,-3439.9590042152,0,0,0,0,0,0,0,0,0,0,0,0,0,0,0,0,0,0,-1905.969746752618,-1905.969746752618,-1905.969746752618,0,0,0,0,0,0,-1466.1415354190497,-1466.1415354190497,-1466.1415354190497,-67.84772204353241,-67.84772204353241,-67.84772204353241,0,0,0,-3226.577718873469,673.9097546836929,2308.7151699783353,2308.7151699783353,-1131.2438342368646
2022-12-04T00:00:00Z,2309.3349785801397,-3694.79334299409,-3694.79334299409,-3694.79334299409,0,0,0,0,0,0,0,0,0,0,0,0,0,0,0,0,0,0,-1570.7481450834018,-1570.7481450834018,-1570.7481450834018,0,0,0,0,0,0,-2070.3301563887608,-2070.3301563887608,-2070.3301563887608,-53.715041521927525,-53.715041521927525,-53.715041521927525,0,0,0,-3271.660112956892,517.7799385241815,2309.3349785801397,2309.3349785801397,-1385.4583644139502
2022-12-05T00:00:00Z,2309.954787181945,-902.1309356514354,-902.1309356514354,-902.1309356514354,0,0,0,0,0,0,0,0,0,0,0,0,0,0,0,0,0,0,-1276.7154656594485,-1276.7154656594485,-1276.7154656594485,0,0,0,0,0,0,407.34003320023635,407.34003320023635,407.34003320023635,-32.755503192223046,-32.755503192223046,-32.755503192223046,0,0,0,-619.9243057233673,3348.430621093579,2309.954787181945,2309.954787181945,1407.8238515305097
2022-12-06T00:00:00Z,2310.57459578375,-504.58007087018814,-504.58007087018814,-504.58007087018814,0,0,0,0,0,0,0,0,0,0,0,0,0,0,0,0,0,0,-1251.5247842025738,-1251.5247842025738,-1251.5247842025738,0,0,0,0,0,0,751.8708176883099,751.8708176883099,751.8708176883099,-4.926104355924205,-4.926104355924205,-4.926104355924205,0,0,0,-119.71072202020261,3799.0016903370356,2310.57459578375,2310.57459578375,1805.9945249135617
2022-12-07T00:00:00Z,2311.1944043855547,-541.8484455477683,-541.8484455477683,-541.8484455477683,0,0,0,0,0,0,0,0,0,0,0,0,0,0,0,0,0,0,-1357.0906270625253,-1357.0906270625253,-1357.0906270625253,0,0,0,0,0,0,785.6068199367847,785.6068199367847,785.6068199367847,29.63536157797244,29.63536157797244,29.63536157797244,0,0,0,-210.65580704793345,3903.177983161546,2311.1944043855547,2311.1944043855547,1769.3459588377864
2022-12-08T00:00:00Z,2311.81421298736,-450.67920263920695,-450.67920263920695,-450.67920263920695,0,0,0,0,0,0,0,0,0,0,0,0,0,0,0,0,0,0,-1333.4593659953491,-1333.4593659953491,-1333.4593659953491,0,0,0,0,0,0,812.1740657444062,812.1740657444062,812.1740657444062,70.60609761173635,70.60609761173635,70.60609761173635,0,0,0,7.945313775096231,3738.979039553918,2311.81421298736,2311.81421298736,1861.135010348153
2022-12-09T00:00:00Z,2312.434021589165,-198.0279656772849,-198.0279656772849,-198.0279656772849,0,0,0,0,0,0,0,0,0,0,0,0,0,0,0,0,0,0,-1094.9867904665634,-1094.9867904665634,-1094.9867904665634,0,0,0,0,0,0,779.4799552368464,779.4799552368464,779.4799552368464,117.47886955243185,117.47886955243185,117.47886955243185,0,0,0,117.21359510404501,4222.1642204958025,2312.434021589165,2312.434021589165,2114.40605591188
2022-12-10T00:00:00Z,2313.0538301909696,-2093.067067091959,-2093.067067091959,-2093.067067091959,0,0,0,0,0,0,0,0,0,0,0,0,0,0,0,0,0,0,-796.4929906579586,-796.4929906579586,-796.4929906579586,0,0,0,0,0,0,-1466.141535420069,-1466.141535420069,-1466.141535420069,169.5674589860691,169.5674589860691,169.5674589860691,0,0,0,-1761.4639691678433,2185.641390208671,2313.0538301909696,2313.0538301909696,219.98676309901066
2022-12-11T00:00:00Z,2313.673638792775,-2487.2721106182385,-2487.2721106182385,-2487.2721106182385,0,0,0,0,0,0,0,0,0,0,0,0,0,0,0,0,0,0,-642.95894070503,-642.95894070503,-642.95894070503,0,0,0,0,0,0,-2070.3301563881723,-2070.3301563881723,-2070.3301563881723,226.01698647496445,226.01698647496445,226.01698647496445,0,0,0,-2311.1325651854713,1684.2315027555421,2313.673638792775,2313.673638792775,-173.59847182546355
2022-12-12T00:00:00Z,2314.2934473945797,25.35583480347448,25.35583480347448,25.35583480347448,0,0,0,0,0,0,0,0,0,0,0,0,0,0,0,0,0,0,-667.8031559868678,-667.8031559868678,-667.8031559868678,0,0,0,0,0,0,407.3400332009205,407.3400332009205,407.3400332009205,285.8189575894217,285.8189575894217,285.8189575894217,0,0,0,247.04718978731844,4281.190622216739,2314.2934473945797,2314.2934473945797,2339.649282198054
2022-12-13T00:00:00Z,2314.9132559963846,388.16890700169995,388.16890700169995,388.16890700169995,0,0,0,0,0,0,0,0,0,0,0,0,0,0,0,0,0,0,-711.5326656106187,-711.5326656106187,-711.5326656106187,0,0,0,0,0,0,751.8708176880372,751.8708176880372,751.8708176880372,347.8307549242815,347.8307549242815,347.8307549242815,0,0,0,691.053892905776,4662.135188084752,2314.9132559963846,2314.9132559963846,2703.0821629980846
2022-12-14T00:00:00Z,2315.5330645981894,588.4808991368424,588.4808991368424,588.4808991368424,0,0,0,0,0,0,0,0,0,0,0,0,0,0,0,0,0,0,-607.9250956967179,-607.9250956967179,-607.9250956967179,0,0,0,0,0,0,785.6068199372156,785.6068199372156,785.6068199372156,410.7991748963448,410.7991748963448,410.7991748963448,0,0,0,926.258025049949,4800.329165728665,2315.5330645981894,2315.5330645981894,2904.0139637350317
2022-12-15T00:00:00Z,2316.1528731999942,917.0878000181939,917.0878000181939,917.0878000181939,0,0,0,0,0,0,0,0,0,0,0,0,0,0,0,0,0,0,-368.4737580686921,-368.4737580686921,-368.4737580686921,0,0,0,0,0,0,812.1740657425651,812.1740657425651,812.1740657425651,473.3874923443211,473.3874923443211,473.3874923443211,0,0,0,1302.2464933138262,5136.522086116427,2316.1528731999942,2316.1528731999942,3233.240673218188
2022-12-16T00:00:00Z,2316.772681801799,1147.1891476885696,1147.1891476885696,1147.1891476885696,0,0,0,0,0,0,0,0,0,0,0,0,0,0,0,0,0,0,-166.49623954655982,-166.49623954655982,-166.49623954655982,0,0,0,0,0,0,779.4799552352579,779.4799552352579,779.4799552352579,534.2054319998714,534.2054319998714,534.2054319998714,0,0,0,1515.947927160864,5318.843100706792,2316.772681801799,2316.772681801799,3463.9618294903685
2022-12-17T00:00:00Z,2317.3924904036044,-1015.0408815080921,-1015.0408815080921,-1015.0408815080921,0,0,0,0,0,0,0,0,0,0,0,0,0,0,0,0,0,0,-140.74068286365312,-140.74068286365312,-140.74068286365312,0,0,0,0,0,0,-1466.1415354230687,-1466.1415354230687,-1466.1415354230687,591.8413367786299,591.8413367786299,591.8413367786299,0,0,0,-566.008597870328,3376.145907019009,2317.3924904036044,2317.3924904036044,1302.3516088955123
2022-12-18T00:00:00Z,2318.012299005409,-1658.486382958269,-1658.486382958269,-1658.486382958269,0,0,0,0,0,0,0,0,0,0,0,0,0,0,0,0,0,0,-233.05197774009417,-233.05197774009417,-233.05197774009417,0,0,0,0,0,0,-2070.3301563875834,-2070.3301563875834,-2070.3301563875834,644.8957511694089,644.8957511694089,644.8957511694089,0,0,0,-1235.8244897856023,2584.37508755016,2318.012299005409,2318.012299005409,659.5259160471403
2022-12-19T00:00:00Z,2318.632107607214,858.2907869026589,858.2907869026589,858.2907869026589,0,0,0,0,0,0,0,0,0,0,0,0,0,0,0,0,0,0,-241.0648322515345,-241.0648322515345,-241.0648322515345,0,0,0,0,0,0,407.3400332016046,407.3400332016046,407.3400332016046,692.0155859525887,692.0155859525887,692.0155859525887,0,0,0,1165.0883763057388,5261.615633661517,2318.632107607214,2318.632107607214,3176.922894509873
2022-12-20T00:00:00Z,2319.2519162090193,1446.562214539301,1446.562214539301,1446.562214539301,0,0,0,0,0,0,0,0,0,0,0,0,0,0,0,0,0,0,-37.236602911106374,-37.236602911106374,-37.236602911106374,0,0,0,0,0,0,751.8708176890065,751.8708176890065,751.8708176890065,731.927999761401,731.927999761401,731.927999761401,0,0,0,1928.4091509534,5774.974150040624,2319.2519162090193,2319.2519162090193,3765.81413074832
2022-12-21T00:00:00Z,2319.871724810824,1830.7965431880402,1830.7965431880402,1830.7965431880402,0,0,0,0,0,0,0,0,0,0,0,0,0,0,0,0,0,0,281.71659854378237,281.71659854378237,281.71659854378237,0,0,0,0,0,0,785.6068199369718,785.6068199369718,785.6068199369718,763.4731247072857,763.4731247072857,763.4731247072857,0,0,0,2088.909155737999,6116.565934555371,2319.871724810824,2319.871724810824,4150.668267998864
2022-12-22T00:00:00Z,2320.491528436406,2091.109076616157,2091.109076616157,2091.109076616157,0,0,0,0,0,0,0,0,0,0,0,0,0,0,0,0,0,0,493.3002329025593,493.3002329025593,493.3002329025593,0,0,0,0,0,0,812.1740657433692,812.1740657433692,812.1740657433692,785.6347779702286,785.6347779702286,785.6347779702286,0,0,0,2572.6038326533267,6366.538663734262,2320.491528436406,2320.491528436406,4411.600605052563
2022-12-23T00:00:00Z,2321.111332061989,2093.5372124274113,2093.5372124274113,2093.5372124274113,0,0,0,0,0,0,0,0,0,0,0,0,0,0,0,0,0,0,516.4889183688756,516.4889183688756,516.4889183688756,0,0,0,0,0,0,779.4799552355574,779.4799552355574,779.4799552355574,797.568338822978,797.568338822978,797.568338822978,0,0,0,2517.575566404677,6437.6561338445645,2321.111332061989,2321.111332061989,4414.648544489401
2022-12-24T00:00:00Z,2321.7311356875716,-98.49948232374172,-98.49948232374172,-98.49948232374172,0,0,0,0,0,0,0,0,0,0,0,0,0,0,0,0,0,0,569.0170228015861,569.0170228015861,569.0170228015861,0,0,0,0,0,0,-1466.1415354221074,-1466.1415354221074,-1466.1415354221074,798.6250302967798,798.6250302967798,798.6250302967798,0,0,0,272.07090886677923,4030.751643289923,2321.7311356875716,2321.7311356875716,2223.23165336383
2022-12-25T00:00:00Z,2322.3509393131535,-4261.272809313096,-4261.272809313096,-4261.272809313096,-3990.354493456546,-3990.354493456546,-3990.354493456546,0,0,0,-3990.354493456546,-3990.354493456546,-3990.354493456546,0,0,0,0,0,0,0,0,0,1011.03991520735,1011.03991520735,1011.03991520735,0,0,0,0,0,0,-2070.3301563853142,-2070.3301563853142,-2070.3301563853142,788.3719253214141,788.3719253214141,788.3719253214141,0,0,0,-3893.0404700289196,-61.16729415736236,2322.3509393131535,2322.3509393131535,-1938.9218699999428
2022-12-26T00:00:00Z,2322.9707429387363,-844.2904988566139,-844.2904988566139,-844.2904988566139,-3990.354493456546,-3990.354493456546,-3990.354493456546,0,0,0,-3990.354493456546,-3990.354493456546,-3990.354493456546,0,0,0,0,0,0,0,0,0,1972.1168646210256,1972.1168646210256,1972.1168646210256,0,0,0,0,0,0,407.3400332043846,407.3400332043846,407.3400332043846,766.6070967745214,766.6070967745214,766.6070967745214,0,0,0,-555.4197965714249,3481.099666726448,2322.9707429387363,2322.9707429387363,1478.6802440821225
2022-12-27T00:00:00Z,2323.590546564318,4586.458890499217,4586.458890499217,4586.458890499217,0,0,0,0,0,0,0,0,0,0,0,0,0,0,0,0,0,0,3101.2186257528056,3101.2186257528056,3101.2186257528056,0,0,0,0,0,0,751.8708176887337,751.8708176887337,751.8708176887337,733.3694470576761,733.3694470576761,733.3694470576761,0,0,0,5059.367333890621,9008.16056533951,2323.590546564318,2323.590546564318,6910.049437063535
2022-12-28T00:00:00Z,2324.210350189901,5188.857636198809,5188.857636198809,5188.857636198809,0,0,0,0,0,0,0,0,0,0,0,0,0,0,0,0,0,0,3714.307933579031,3714.307933579031,3714.307933579031,0,0,0,0,0,0,785.6068199367281,785.6068199367281,785.6068199367281,688.9428826830484,688.9428826830484,688.9428826830484,0,0,0,5595.014041034635,9534.19277541326,2324.210350189901,2324.210350189901,7513.06798638871
2022-12-29T00:00:00Z,2324.8301538154838,4720.033117867664,4720.033117867664,4720.033117867664,0,0,0,0,0,0,0,0,0,0,0,0,0,0,0,0,0,0,3274.004412502723,3274.004412502723,3274.004412502723,0,0,0,0,0,0,812.1740657441732,812.1740657441732,812.1740657441732,633.8546396207674,633.8546396207674,633.8546396207674,0,0,0,4934.591439496868,8990.376912503747,2324.8301538154838,2324.8301538154838,7044.863271683148
2022-12-30T00:00:00Z,2325.4499574410656,3170.9247152890016,3170.9247152890016,3170.9247152890016,0,0,0,0,0,0,0,0,0,0,0,0,0,0,0,0,0,0,1822.5770478142686,1822.5770478142686,1822.5770478142686,0,0,0,0,0,0,779.4799552358572,779.4799552358572,779.4799552358572,568.8677122388758,568.8677122388758,568.8677122388758,0,0,0,3613.319826019681,7393.752958369606,2325.4499574410656,2325.4499574410656,5496.374672730068
2022-12-31T00:00:00Z,2326.0697610666484,-973.0448501953265,-973.0448501953265,-973.0448501953265,0,0,0,0,0,0,0,0,0,0,0,0,0,0,0,0,0,0,-1.870803512082115,-1.870803512082115,-1.870803512082115,0,0,0,0,0,0,-1466.1415354170103,-1466.1415354170103,-1466.1415354170103,494.96748873376595,494.96748873376595,494.96748873376595,0,0,0,-585.7566285600967,3248.405505983776,2326.0697610666484,2326.0697610666484,1353.024910871322
2023-01-01T00:00:00Z,2326.6895646922308,-4821.018061942443,-4821.018061942443,-4821.018061942443,0,0,0,0,0,0,-1767.1012203123178,-1767.1012203123178,-1767.1012203123178,0,0,0,0,0,0,-1767.1012203123178,-1767.1012203123178,-1767.1012203123178,-1396.9295303301178,-1396.9295303301178,-1396.9295303301178,0,0,0,0,0,0,-2070.330156390074,-2070.330156390074,-2070.330156390074,413.34284509006665,413.34284509006665,413.34284509006665,0,0,0,-4479.768099831396,-502.98405179864267,2326.6895646922308,2326.6895646922308,-2494.328497250212
2023-01-02T00:00:00Z,2327.309368317813,-2965.711036574115,-2965.711036574115,-2965.711036574115,0,0,0,0,0,0,-1767.1012203123178,-1767.1012203123178,-1767.1012203123178,0,0,0,0,0,0,-1767.1012203123178,-1767.1012203123178,-1767.1012203123178,-1931.3119433302568,-1931.3119433302568,-1931.3119433302568,0,0,0,0,0,0,407.340033205069,407.340033205069,407.340033205069,325.36209386339067,325.36209386339067,325.36209386339067,0,0,0,-2772.964196295577,1225.875424193876,2327.309368317813,2327.309368317813,-638.401668256302
2023-01-03T00:00:00Z,2327.929171943396,-777.6894629663583,-777.6894629663583,-777.6894629663583,0,0,0,0,0,0,0,0,0,0,0,0,0,0,0,0,0,0,-1762.1046002781495,-1762.1046002781495,-1762.1046002781495,0,0,0,0,0,0,751.8708176886684,751.8708176886684,751.8708176886684,232.5443196231227,232.5443196231227,232.5443196231227,0,0,0,-314.8111141000329,3570.5367215376646,2327.929171943396,2327.929171943396,1550.2397089770375
2023-01-04T00:00:00Z,2328.5489755689778,-472.6652716654328,-472.6652716654328,-472.6652716654328,0,0,0,0,0,0,0,0,0,0,0,0,0,0,0,0,0,0,-1394.7988476533815,-1394.7988476533815,-1394.7988476533815,0,0,0,0,0,0,785.6068199364845,785.6068199364845,785.6068199364845,136.5267560514637,136.5267560514637,136.5267560514637,0,0,0,-87.70846214376958,3802.2997041213716,2328.5489755689778,2328.5489755689778,1855.883703903545
2023-01-05T00:00:00Z,2329.1687791945606,-381.103224056846,-381.103224056846,-381.103224056846,0,0,0,0,0,0,0,0,0,0,0,0,0,0,0,0,0,0,-1232.3062569418464,-1232.3062569418464,-1232.3062569418464,0,0,0,0,0,0,812.1740657409098,812.1740657409098,812.1740657409098,39.028967144090565,39.028967144090565,39.028967144090565,0,0,0,-44.96024712111414,3839.605473203896,2329.1687791945606,2329.1687791945606,1948.0655551377145
2023-01-06T00:00:00Z,2329.788582820143,-584.1438563280426,-584.1438563280426,-584.1438563280426,0,0,0,0,0,0,0,0,0,0,0,0,0,0,0,0,0,0,-1305.438495284655,-1305.438495284655,-1305.438495284655,0,0,0,0,0,0,779.4799552323798,779.4799552323798,779.4799552323798,-58.18531627576724,-58.18531627576724,-58.18531627576724,0,0,0,-296.02535693443957,3770.6607925167978,2329.788582820143,2329.788582820143,1745.6447264921003
2023-01-07T00:00:00Z,2330.4083864457252,-2992.6643822148694,-2992.6643822148694,-2992.6643822148694,0,0,0,0,0,0,0,0,0,0,0,0,0,0,0,0,0,0,-1373.1750608732402,-1373.1750608732402,-1373.1750608732402,0,0,0,0,0,0,-1466.1415354180297,-1466.1415354180297,-1466.1415354180297,-153.3477859236,-153.3477859236,-153.3477859236,0,0,0,-2589.8865567738676,1302.9556161735416,2330.4083864457252,2330.4083864457252,-662.2559957691442
2023-01-08T00:00:00Z,2331.028190071308,-3550.738555934038,-3550.738555934038,-3550.738555934038,0,0,0,0,0,0,0,0,0,0,0,0,0,0,0,0,0,0,-1235.6827915478425,-1235.6827915478425,-1235.6827915478425,0,0,0,0,0,0,-2070.3301563894856,-2070.3301563894856,-2070.3301563894856,-244.72560799670975,-244.72560799670975,-244.72560799670975,0,0,0,-3274.459595141491,756.0049990964465,2331.028190071308,2331.028190071308,-1219.7103658627298
2023-01-09T00:00:00Z,2331.6479936968904,-861.7602903463179,-861.7602903463179,-861.7602903463179,0,0,0,0,0,0,0,0,0,0,0,0,0,0,0,0,0,0,-938.4393691923186,-938.4393691923186,-938.4393691923186,0,0,0,0,0,0,407.340033206801,407.340033206801,407.340033206801,-330.6609543608001,-330.6609543608001,-330.6609543608001,0,0,0,-454.61582170607943,3424.8092765558163,2331.6479936968904,2331.6479936968904,1469.8877033505723
2023-01-10T00:00:00Z,2332.2677973224727,-351.681224773912,-351.681224773912,-351.681224773912,0,0,0,0,0,0,0,0,0,0,0,0,0,0,0,0,0,0,-693.9430076964284,-693.9430076964284,-693.9430076964284,0,0,0,0,0,0,751.8708176881883,751.8708176881883,751.8708176881883,-409.6090347656717,-409.6090347656717,-409.6090347656717,0,0,0,38.26150283455784,3948.066724053747,2332.2677973224727,2332.2677973224727,1980.5865725485608
2023-01-11T00:00:00Z,2332.887600948055,-334.6363195714607,-334.6363195714607,-334.6363195714607,0,0,0,0,0,0,0,0,0,0,0,0,0,0,0,0,0,0,-640.069457300994,-640.069457300994,-640.069457300994,0,0,0,0,0,0,785.6068199374118,785.6068199374118,785.6068199374118,-480.1736822078786,-480.1736822078786,-480.1736822078786,0,0,0,213.24136111841452,3979.9876080510217,2332.887600948055,2332.887600948055,1998.2512813765943
2023-01-12T00:00:00Z,2333.5074045736374,-429.32083900219357,-429.32083900219357,-429.32083900219357,0,0,0,0,0,0,0,0,0,0,0,0,0,0,0,0,0,0,-700.3553062723067,-700.3553062723067,-700.3553062723067,0,0,0,0,0,0,812.174065743136,812.174065743136,812.174065743136,-541.1395984730229,-541.1395984730229,-541.1395984730229,0,0,0,-48.073679903352954,3715.758219350667,2333.5074045736374,2333.5074045736374,1904.1865655714437
2023-01-13T00:00:00Z,2334.12720819922,-494.64614199653863,-494.64614199653863,-494.64614199653863,0,0,0,0,0,0,0,0,0,0,0,0,0,0,0,0,0,0,-682.6256521213481,-682.6256521213481,-682.6256521213481,0,0,0,0,0,0,779.4799552326797,779.4799552326797,779.4799552326797,-591.5004451078706,-591.5004451078706,-591.5004451078706,0,0,0,-178.68828602617378,3770.389173062788,2334.12720819922,2334.12720819922,1839.4810662026816
2023-01-14T00:00:00Z,2334.7470118248025,-2592.933169823144,-2592.933169823144,-2592.933169823144,0,0,0,0,0,0,0,0,0,0,0,0,0,0,0,0,0,0,-496.30956969103414,-496.30956969103414,-496.30956969103414,0,0,0,0,0,0,-1466.1415354190488,-1466.1415354190488,-1466.1415354190488,-630.4820647130603,-630.4820647130603,-630.4820647130603,0,0,0,-2269.3668960436275,1584.47048372065,2334.7470118248025,2334.7470118248025,-258.1861579983415
2023-01-15T00:00:00Z,2335.366815450385,-2978.5158186257236,-2978.5158186257236,-2978.5158186257236,0,0,0,0,0,0,0,0,0,0,0,0,0,0,0,0,0,0,-250.62542622432923,-250.62542622432923,-250.62542622432923,0,0,0,0,0,0,-2070.3301563888967,-2070.3301563888967,-2070.3301563888967,-657.5602360124976,-657.5602360124976,-657.5602360124976,0,0,0,-2583.313025031987,1258.726808709318,2335.366815450385,2335.366815450385,-643.1490031753387
2023-01-16T00:00:00Z,2335.986619075967,-395.1374411161523,-395.1374411161523,-395.1374411161523,0,0,0,0,0,0,0,0,0,0,0,0,0,0,0,0,0,0,-130.00497363349325,-130.00497363349325,-130.00497363349325,0,0,0,0,0,0,407.3400331992594,407.3400331992594,407.3400331992594,-672.4725006819185,-672.4725006819185,-672.4725006819185,0,0,0,-150.9412209328079,3979.1425004203284,2335.986619075967,2335.986619075967,1940.8491779598148
2023-01-17T00:00:00Z,2336.60642270155,-106.99480755545463,-106.99480755545463,-106.99480755545463,0,0,0,0,0,0,0,0,0,0,0,0,0,0,0,0,0,0,-183.64187827117215,-183.64187827117215,-183.64187827117215,0,0,0,0,0,0,751.8708176881229,751.8708176881229,751.8708176881229,-675.2237469724053,-675.2237469724053,-675.2237469724053,0,0,0,286.5561842752304,4114.125366276335,2336.60642270155,2336.60642270155,2229.611615146095
2023-01-18T00:00:00Z,2337.2262263271323,-140.54060384695842,-140.54060384695842,-140.54060384695842,0,0,0,0,0,0,0,0,0,0,0,0,0,0,0,0,0,0,-260.0620328066445,-260.0620328066445,-260.0620328066445,0,0,0,0,0,0,785.6068199371681,785.6068199371681,785.6068199371681,-666.0853909774819,-666.0853909774819,-666.0853909774819,0,0,0,242.2719407477037,4202.454604178722,2337.2262263271323,2337.2262263271323,2196.685622480174
2023-01-19T00:00:00Z,2337.8460299527146,1.5622910639662004,1.5622910639662004,1.5622910639662004,0,0,0,0,0,0,0,0,0,0,0,0,0,0,0,0,0,0,-165.02361771595304,-165.02361771595304,-165.02361771595304,0,0,0,0,0,0,812.1740657425179,812.1740657425179,812.1740657425179,-645.5881569625988,-645.5881569625988,-645.5881569625988,0,0,0,345.1958162420371,4322.82135607162,2337.8460299527146,2337.8460299527146,2339.408321016681
2023-01-20T00:00:00Z,2338.465833578297,286.6731941741936,286.6731941741936,286.6731941741936,0,0,0,0,0,0,0,0,0,0,0,0,0,0,0,0,0,0,121.70185827717394,121.70185827717394,121.70185827717394,0,0,0,0,0,0,779.4799552310909,779.4799552310909,779.4799552310909,-614.5086193340712,-614.5086193340712,-614.5086193340712,0,0,0,544.8411467676,4555.316082017642,2338.465833578297,2338.465833578297,2625.1390277524906
2023-01-21T00:00:00Z,2339.0856372038793,-1627.553512935136,-1627.553512935136,-1627.553512935136,0,0,0,0,0,0,0,0,0,0,0,0,0,0,0,0,0,0,412.4378488786047,412.4378488786047,412.4378488786047,0,0,0,0,0,0,-1466.1415354200683,-1466.1415354200683,-1466.1415354200683,-573.8498263936725,-573.8498263936725,-573.8498263936725,0,0,0,-1101.8596194097024,2589.3636929299873,2339.0856372038793,2339.0856372038793,711.5321242687432
2023-01-23T00:00:00Z,2340.3252444550444,-2049.5959226719087,-2049.5959226719087,-2049.5959226719087,0,0,0,-2504.051311748948,-2504.051311748948,-2504.051311748948,-2504.051311748948,-2504.051311748948,-2504.051311748948,0,0,0,0,0,0,0,0,0,515.9006065737522,515.9006065737522,515.9006065737522,0,0,0,0,0,0,407.3400332020394,407.3400332020394,407.3400332020394,-468.785250698752,-468.785250698752,-468.785250698752,0,0,0,-1382.0664350604459,2261.979875630171,2340.3252444550444,2340.3252444550444,290.7293217831357
2023-01-24T00:00:00Z,2340.9450480806267,-1436.0792607446326,-1436.0792607446326,-1436.0792607446326,0,0,0,-2504.051311748948,-2504.051311748948,-2504.051311748948,-2504.051311748948,-2504.051311748948,-2504.051311748948,0,0,0,0,0,0,0,0,0,723.372279090884,723.372279090884,723.372279090884,0,0,0,0,0,0,751.8708176880576,751.8708176880576,751.8708176880576,-407.2710457746258,-407.2710457746258,-407.2710457746258,0,0,0,-1137.431517670983,2786.0234650835546,2340.9450480806267,2340.9450480806267,904.8657873359941
2023-01-25T00:00:00Z,2341.5648517062095,1880.596928294726,1880.596928294726,1880.596928294726,0,0,0,0,0,0,0,0,0,0,0,0,0,0,0,0,0,0,1436.8800308667257,1436.8800308667257,1436.8800308667257,0,0,0,0,0,0,785.6068199369242,785.6068199369242,785.6068199369242,-341.88992250892403,-341.88992250892403,-341.88992250892403,0,0,0,2297.459043354483,6154.002840190877,2341.5648517062095,2341.5648517062095,4222.161780000935
2023-01-26T00:00:00Z,2342.1846553317914,3093.1809297800933,3093.1809297800933,3093.1809297800933,0,0,0,0,0,0,0,0,0,0,0,0,0,0,0,0,0,0,2555.326573472037,2555.326573472037,2555.326573472037,0,0,0,0,0,0,812.1740657433219,812.1740657433219,812.1740657433219,-274.31970943526545,-274.31970943526545,-274.31970943526545,0,0,0,3606.851901294002,7458.619381411562,2342.1846553317914,2342.1846553317914,5435.365585111885
2023-01-27T00:00:00Z,2342.804458957374,4088.9436850110706,4088.9436850110706,4088.9436850110706,0,0,0,0,0,0,0,0,0,0,0,0,0,0,0,0,0,0,3515.7229583586186,3515.7229583586186,3515.7229583586186,0,0,0,0,0,0,779.4799552358844,779.4799552358844,779.4799552358844,-206.25922858343327,-206.25922858343327,-206.25922858343327,0,0,0,4499.869858690347,8448.6443016365,2342.804458957374,2342.804458957374,6431.748143968445
2023-01-28T00:00:00Z,2343.424262582957,2034.0223437219445,2034.0223437219445,2034.0223437219445,0,0,0,0,0,0,0,0,0,0,0,0,0,0,0,0,0,0,3639.5510406302647,3639.5510406302647,3639.5510406302647,0,0,0,0,0,0,-1466.1415354149713,-1466.1415354149713,-1466.1415354149713,-139.38716149334815,-139.38716149334815,-139.38716149334815,0,0,0,2407.419522357161,6387.995406441724,2343.424262582957,2343.424262582957,4377.446606304901
2023-01-29T00:00:00Z,2344.044066208539,499.7049186916214,499.7049186916214,499.7049186916214,0,0,0,0,0,0,0,0,0,0,0,0,0,0,0,0,0,0,2645.356653023712,2645.356653023712,2645.356653023712,0,0,0,0,0,0,-2070.330156387721,-2070.330156387721,-2070.330156387721,-75.32157794437077,-75.32157794437077,-75.32157794437077,0,0,0,811.217734757012,4714.99656876341,2344.044066208539,2344.044066208539,2843.7489849001604
2023-01-30T00:00:00Z,2344.6638698341217,1295.5029624566318,1295.5029624566318,1295.5029624566318,0,0,0,0,0,0,0,0,0,0,0,0,0,0,0,0,0,0,903.7440624948998,903.7440624948998,903.7440624948998,0,0,0,0,0,0,407.34003320272365,407.34003320272365,407.34003320272365,-15.58113324099143,-15.58113324099143,-15.58113324099143,0,0,0,1418.1082674582437,5725.817289183819,2344.6638698341217,2344.6638698341217,3640.1668322907535
2023-01-31T00:00:00Z,2345.2836734597036,-3.293046878195898,-3.293046878195898,-3.293046878195898,0,0,0,0,0,0,0,0,0,0,0,0,0,0,0,0,0,0,-793.6149676375468,-793.6149676375468,-793.6149676375468,0,0,0,0,0,0,751.8708176875775,751.8708176875775,751.8708176875775,38.45110307177351,38.45110307177351,38.45110307177351,0,0,0,384.04642275180777,4440.055011965266,2345.2836734597036,2345.2836734597036,2341.9906265815075
2023-02-01T00:00:00Z,2345.9034770852863,-2670.783153669764,-2670.783153669764,-2670.783153669764,0,0,0,0,0,0,-1767.1012203123178,-1767.1012203123178,-1767.1012203123178,0,0,0,0,0,0,-1767.1012203123178,-1767.1012203123178,-1767.1012203123178,-1774.8490451078385,-1774.8490451078385,-1774.8490451078385,0,0,0,0,0,0,785.6068199371775,785.6068199371775,785.6068199371775,85.56029181321438,85.56029181321438,85.56029181321438,0,0,0,-2478.0925177560944,1640.5672398261142,2345.9034770852863,2345.9034770852863,-324.8796765844777
2023-02-02T00:00:00Z,2346.523280710869,-969.0675436575287,-969.0675436575287,-969.0675436575287,0,0,0,0,0,0,0,0,0,0,0,0,0,0,0,0,0,0,-1905.9697467529868,-1905.9697467529868,-1905.9697467529868,0,0,0,0,0,0,812.174065744126,812.174065744126,812.174065744126,124.72813735133157,124.72813735133157,124.72813735133157,0,0,0,-447.605632692695,3444.6726795881978,2346.523280710869,2346.523280710869,1377.4557370533403
2023-02-03T00:00:00Z,2347.143084336451,-636.1120141707727,-636.1120141707727,-636.1120141707727,0,0,0,0,0,0,0,0,0,0,0,0,0,0,0,0,0,0,-1570.7481450842172,-1570.7481450842172,-1570.7481450842172,0,0,0,0,0,0,779.4799552342955,779.4799552342955,779.4799552342955,155.1561756791487,155.1561756791487,155.1561756791487,0,0,0,-99.1332839806404,3690.684573874007,2347.143084336451,2347.143084336451,1711.0310701656783
2023-02-04T00:00:00Z,2347.762887962034,-2566.573528689997,-2566.573528689997,-2566.573528689997,0,0,0,0,0,0,0,0,0,0,0,0,0,0,0,0,0,0,-1276.7154656599585,-1276.7154656599585,-1276.7154656599585,0,0,0,0,0,0,-1466.1415354179715,-1466.1415354179715,-1466.1415354179715,176.28347238793208,176.28347238793208,176.28347238793208,0,0,0,-2172.052765876213,1640.5927585865497,2347.762887962034,2347.762887962034,-218.81064072796335
2023-02-05T00:00:00Z,2348.3826915876157,-4901.157852384878,-4901.157852384878,-4901.157852384878,0,0,0,0,0,0,-1767.1012203123178,-1767.1012203123178,-1767.1012203123178,0,0,0,0,0,0,-1767.1012203123178,-1767.1012203123178,-1767.1012203123178,-1251.524784203348,-1251.524784203348,-1251.524784203348,0,0,0,0,0,0,-2070.3301563854516,-2070.3301563854516,-2070.3301563854516,187.79830851623862,187.79830851623862,187.79830851623862,0,0,0,-4394.381623191145,-500.18196126053175,2348.3826915876157,2348.3826915876157,-2552.7751607972627
2023-02-06T00:00:00Z,2349.0024952131985,-2527.208228379714,-2527.208228379714,-2527.208228379714,0,0,0,0,0,0,-1767.1012203123178,-1767.1012203123178,-1767.1012203123178,0,0,0,0,0,0,-1767.1012203123178,-1767.1012203123178,-1767.1012203123178,-1357.0906270624675,-1357.0906270624675,-1357.0906270624675,0,0,0,0,0,0,407.34003320445595,407.34003320445595,407.34003320445595,189.64358579061522,189.64358579061522,189.64358579061522,0,0,0,-2180.2541728134624,1706.196155109462,2349.0024952131985,2349.0024952131985,-178.20573316651553
2023-02-07T00:00:00Z,2349.6222988387813,-399.5727054469628,-399.5727054469628,-399.5727054469628,0,0,0,0,0,0,0,0,0,0,0,0,0,0,0,0,0,0,-1333.4593659946668,-1333.4593659946668,-1333.4593659946668,0,0,0,0,0,0,751.8708176887543,751.8708176887543,751.8708176887543,182.01584285894938,182.01584285894938,182.01584285894938,0,0,0,8.903265705006547,3821.1612499246735,2349.6222988387813,2349.6222988387813,1950.0495933918185
2023-02-08T00:00:00Z,2350.2421024643636,-144.0220339353661,-144.0220339353661,-144.0220339353661,0,0,0,0,0,0,0,0,0,0,0,0,0,0,0,0,0,0,-1094.986790469137,-1094.986790469137,-1094.986790469137,0,0,0,0,0,0,785.606819937608,785.606819937608,785.606819937608,165.35793659616323,165.35793659616323,165.35793659616323,0,0,0,333.7586749062215,4197.196738232723,2350.2421024643636,2350.2421024643636,2206.2200685289977
2023-02-09T00:00:00Z,2350.861906089946,156.0266782866867,156.0266782866867,156.0266782866867,0,0,0,0,0,0,0,0,0,0,0,0,0,0,0,0,0,0,-796.4929906583812,-796.4929906583812,-796.4929906583812,0,0,0,0,0,0,812.1740657449299,812.1740657449299,812.1740657449299,140.34560320013824,140.34560320013824,140.34560320013824,0,0,0,615.4365740686668,4301.533227671397,2350.861906089946,2350.861906089946,2506.8885843766325
2023-02-10T00:00:00Z,2351.4817097155283,244.38928296737586,244.38928296737586,244.38928296737586,0,0,0,0,0,0,0,0,0,0,0,0,0,0,0,0,0,0,-642.9589407052352,-642.9589407052352,-642.9589407052352,0,0,0,0,0,0,779.47995523459565,779.47995523459565,779.47995523459565,107.86826843801586,107.86826843801586,107.86826843801586,0,0,0,730.0780179932071,4475.972311124223,2351.4817097155283,2351.4817097155283,2595.870992682904
2023-02-11T00:00:00Z,2352.1015133411106,-2064.9400703678234,-2064.9400703678234,-2064.9400703678234,0,0,0,0,0,0,0,0,0,0,0,0,0,0,0,0,0,0,-667.8031559861978,-667.8031559861978,-667.8031559861978,0,0,0,0,0,0,-1466.14153541701,-1466.14153541701,-1466.14153541701,69.00462103538432,69.00462103538432,69.00462103538432,0,0,0,-1696.4847757834561,2275.147414530697,2352.1015133411106,2352.1015133411106,287.1614429732872
2023-02-12T00:00:00Z,2352.4104825307436,-2756.8692278865133,-2756.8692278865133,-2756.8692278865133,0,0,0,0,0,0,0,0,0,0,0,0,0,0,0,0,0,0,-711.532665610382,-711.532665610382,-711.532665610382,0,0,0,0,0,0,-2070.3301563902105,-2070.3301563902105,-2070.3301563902105,24.99359411407896,24.99359411407896,24.99359411407896,0,0,0,-2286.517779914348,1432.2711169715626,2352.4104825307436,2352.4104825307436,-404.4587453557697
2023-02-13T00:00:00Z,2352.7194517203766,-223.38354908809364,-223.38354908809364,-223.38354908809364,0,0,0,0,0,0,0,0,0,0,0,0,0,0,0,0,0,0,-607.9250956974772,-607.9250956974772,-607.9250956974772,0,0,0,0,0,0,407.34003320618797,407.34003320618797,407.34003320618797,-22.79848659680458,-22.79848659680458,-22.79848659680458,0,0,0,189.8686607722675,4171.143288480148,2352.7194517203766,2352.7194517203766,2129.335902632283
2023-02-14T00:00:00Z,2353.0284209100096,310.4833244082775,310.4833244082775,310.4833244082775,0,0,0,0,0,0,0,0,0,0,0,0,0,0,0,0,0,0,-368.4737580673207,-368.4737580673207,-368.4737580673207,0,0,0,0,0,0,751.8708176884813,751.8708176884813,751.8708176884813,-72.91373521288335,-72.91373521288335,-72.91373521288335,0,0,0,618.6387050078011,4694.360830946126,2353.0284209100096,2353.0284209100096,2663.511745318287
2023-02-15T00:00:00Z,2353.3373900996426,495.2699856401347,495.2699856401347,495.2699856401347,0,0,0,0,0,0,0,0,0,0,0,0,0,0,0,0,0,0,-166.49623954635146,-166.49623954635146,-166.49623954635146,0,0,0,0,0,0,785.6068199366902,785.6068199366902,785.6068199366902,-123.84059475020418,-123.84059475020418,-123.84059475020418,0,0,0,782.4081636848226,4750.137085674828,2353.3373900996426,2353.3373900996426,2848.607375739777
2023-02-16T00:00:00Z,2353.6463592892756,497.3805715269678,497.3805715269678,497.3805715269678,0,0,0,0,0,0,0,0,0,0,0,0,0,0,0,0,0,0,-140.74068286407882,-140.74068286407882,-140.74068286407882,0,0,0,0,0,0,812.1740657443117,812.1740657443117,812.1740657443117,-174.05281135326518,-174.05281135326518,-174.05281135326518,0,0,0,920.7800581500288,4843.773085223352,2353.6463592892756,2353.6463592892756,2851.0269308162433
2023-02-17T00:00:00Z,2353.9553284789085,324.3794773647532,324.3794773647532,324.3794773647532,0,0,0,0,0,0,0,0,0,0,0,0,0,0,0,0,0,0,-233.05197774120114,-233.05197774120114,-233.05197774120114,0,0,0,0,0,0,779.4799552311181,779.4799552311181,779.4799552311181,-222.04850012516374,-222.04850012516374,-222.04850012516374,0,0,0,773.359523327127,4621.268996901538,2353.9553284789085,2353.9553284789085,2678.334805843662
2023-02-18T00:00:00Z,2354.2642976685415,-1973.5946802330516,-1973.5946802330516,-1973.5946802330516,0,0,0,0,0,0,0,0,0,0,0,0,0,0,0,0,0,0,-241.0648322508933,-241.0648322508933,-241.0648322508933,0,0,0,0,0,0,-1466.1415354200103,-1466.1415354200103,-1466.1415354200103,-266.38831256214826,-266.38831256214826,-266.38831256214826,0,0,0,-1562.228121206312,2423.21251931817,2354.2642976685415,2354.2642976685415,380.66961743548995
2023-02-19T00:00:00Z,2354.5732668581745,-2413.298503949612,-2413.298503949612,-2413.298503949612,0,0,0,0,0,0,0,0,0,0,0,0,0,0,0,0,0,0,-37.23660291032369,-37.23660291032369,-37.23660291032369,0,0,0,0,0,0,-2070.330156389622,-2070.330156389622,-2070.330156389622,-305.7317446496663,-305.7317446496663,-305.7317446496663,0,0,0,-1978.7204832460552,1861.9609157786886,2354.5732668581745,2354.5732668581745,-58.72523709143752
2023-02-20T00:00:00Z,2354.8822360478075,350.1859534250963,350.1859534250963,350.1859534250963,0,0,0,0,0,0,0,0,0,0,0,0,0,0,0,0,0,0,281.71659854448467,281.71659854448467,281.71659854448467,0,0,0,0,0,0,407.34003320792004,407.34003320792004,407.34003320792004,-338.87067832730844,-338.87067832730844,-338.87067832730844,0,0,0,732.148449766602,4557.337694404519,2354.8822360478075,2354.8822360478075,2705.0681894729037
2023-02-21T00:00:00Z,2355.1912052374405,880.4117248291606,880.4117248291606,880.4117248291606,0,0,0,0,0,0,0,0,0,0,0,0,0,0,0,0,0,0,493.30023290148597,493.30023290148597,493.30023290148597,0,0,0,0,0,0,751.8708176884164,751.8708176884164,751.8708176884164,-364.7593257607414,-364.7593257607414,-364.7593257607414,0,0,0,1341.8259397640488,5148.3309208027085,2355.1912052374405,2355.1912052374405,3235.602930066601
2023-02-22T00:00:00Z,2355.5001744270735,919.5558947868451,919.5558947868451,919.5558947868451,0,0,0,0,0,0,0,0,0,0,0,0,0,0,0,0,0,0,516.4889183689468,516.4889183689468,516.4889183689468,0,0,0,0,0,0,785.6068199371206,785.6068199371206,785.6068199371206,-382.5398435192225,-382.5398435192225,-382.5398435192225,0,0,0,1375.9659289889396,5331.095852832757,2355.5001744270735,2355.5001744270735,3275.056069213919
2023-02-23T00:00:00Z,2355.8091436167065,989.6280888428952,989.6280888428952,989.6280888428952,0,0,0,0,0,0,0,0,0,0,0,0,0,0,0,0,0,0,569.0170228026129,569.0170228026129,569.0170228026129,0,0,0,0,0,0,812.1740657424707,812.1740657424707,812.1740657424707,-391.5629997021884,-391.5629997021884,-391.5629997021884,0,0,0,1356.285456586983,5375.991678129991,2355.8091436167065,2355.8091436167065,3345.4372324596015
2023-02-24T00:00:00Z,2356.1181128063395,1399.1164623044824,1399.1164623044824,1399.1164623044824,0,0,0,0,0,0,0,0,0,0,0,0,0,0,0,0,0,0,1011.0399152064705,1011.0399152064705,1011.0399152064705,0,0,0,0,0,0,779.4799552378004,779.4799552378004,779.4799552378004,-391.40340813978804,-391.40340813978804,-391.40340813978804,0,0,0,1894.7030268430044,5600.335159952272,2356.1181128063395,2356.1181128063395,3755.234575110822
2023-02-25T00:00:00Z,2356.4270819959725,124.10634270569241,124.10634270569241,124.10634270569241,0,0,0,0,0,0,0,0,0,0,0,0,0,0,0,0,0,0,1972.1168646228177,1972.1168646228177,1972.1168646228177,0,0,0,0,0,0,-1466.1415354210292,-1466.1415354210292,-1466.1415354210292,-381.8689864960972,-381.8689864960972,-381.8689864960972,0,0,0,549.6287208012943,4486.403578534279,2356.4270819959725,2356.4270819959725,2480.533424701665
2023-02-26T00:00:00Z,2356.7360511856054,667.8840237192517,667.8840237192517,667.8840237192517,0,0,0,0,0,0,0,0,0,0,0,0,0,0,0,0,0,0,3101.2186257530884,3101.2186257530884,3101.2186257530884,0,0,0,0,0,0,-2070.3301563890336,-2070.3301563890336,-2070.3301563890336,-363.0044456448021,-363.0044456448021,-363.0044456448021,0,0,0,1020.4904830575731,5044.096590715138,2356.7360511856054,2356.7360511856054,3024.620074904857
2023-02-27T00:00:00Z,2357.0450203752384,3786.5591947273424,3786.5591947273424,3786.5591947273424,0,0,0,0,0,0,0,0,0,0,0,0,0,0,0,0,0,0,3714.3079335789294,3714.3079335789294,3714.3079335789294,0,0,0,0,0,0,407.34003320860415,407.34003320860415,407.34003320860415,-335.0887720601904,-335.0887720601904,-335.0887720601904,0,0,0,4095.579471969412,8060.928211878991,2357.0450203752384,2357.0450203752384,6143.604215102581
2023-02-28T00:00:00Z,2357.3539895648714,3727.2484110499095,3727.2484110499095,3727.2484110499095,0,0,0,0,0,0,0,0,0,0,0,0,0,0,0,0,0,0,3274.004412503496,3274.004412503496,3274.004412503496,0,0,0,0,0,0,751.8708176891778,751.8708176891778,751.8708176891778,-298.6268191427639,-298.6268191427639,-298.6268191427639,0,0,0,4070.2864111326094,7812.921713503293,2357.3539895648714,2357.3539895648714,6084.602400614781
2023-03-01T00:00:00Z,2357.6629587545044,2353.848594427036,2353.848594427036,2353.848594427036,0,0,0,0,0,0,0,0,0,0,0,0,0,0,0,0,0,0,1822.5770478145014,1822.5770478145014,1822.5770478145014,0,0,0,0,0,0,785.6068199375511,785.6068199375511,785.6068199375511,-254.33527332501677,-254.33527332501677,-254.33527332501677,0,0,0,2805.1197077792935,6649.661904611851,2357.6629587545044,2357.6629587545044,4711.511553181541
2023-03-02T00:00:00Z,2357.9719279441374,607.1798596031903,607.1798596031903,607.1798596031903,0,0,0,0,0,0,0,0,0,0,0,0,0,0,0,0,0,0,-1.870803514283414,-1.870803514283414,-1.870803514283414,0,0,0,0,0,0,812.1740657432747,812.1740657432747,812.1740657432747,-203.12340262580116,-203.12340262580116,-203.12340262580116,0,0,0,1068.9515426922699,4931.5907670348815,2357.9719279441374,2357.9719279441374,2965.151787547328
2023-03-03T00:00:00Z,2358.2808971337704,-763.5187004627425,-763.5187004627425,-763.5187004627425,0,0,0,0,0,0,0,0,0,0,0,0,0,0,0,0,0,0,-1396.9295303301826,-1396.9295303301826,-1396.9295303301826,0,0,0,0,0,0,779.4799552362116,779.4799552362116,779.4799552362116,-146.06912536877118,-146.06912536877118,-146.06912536877118,0,0,0,-309.295839725459,3464.4381991681316,2358.2808971337704,2358.2808971337704,1594.762196671028
2023-03-04T00:00:00Z,2358.5898663234034,-3481.844530532132,-3481.844530532132,-3481.844530532132,0,0,0,0,0,0,0,0,0,0,0,0,0,0,0,0,0,0,-1931.31194333043,-1931.31194333043,-1931.31194333043,0,0,0,0,0,0,-1466.1415354220485,-1466.1415354220485,-1466.1415354220485,-84.3910517796519,-84.3910517796519,-84.3910517796519,0,0,0,-3023.251639031253,835.2075603428519,2358.5898663234034,2358.5898663234034,-1123.2546642087286
2023-03-05T00:00:00Z,2358.8988355130364,-3851.8520048806904,-3851.8520048806904,-3851.8520048806904,0,0,0,0,0,0,0,0,0,0,0,0,0,0,0,0,0,0,-1762.1046002790524,-1762.1046002790524,-1762.1046002790524,0,0,0,0,0,0,-2070.3301563867635,-2070.3301563867635,-2070.3301563867635,-19.41724821487366,-19.41724821487366,-19.41724821487366,0,0,0,-3566.621328647833,340.8171968735413,2358.8988355130364,2358.8988355130364,-1492.953169367654
2023-03-06T00:00:00Z,2359.2078047026694,-940.0103649497698,-940.0103649497698,-940.0103649497698,0,0,0,0,0,0,0,0,0,0,0,0,0,0,0,0,0,0,-1394.7988476546213,-1394.7988476546213,-1394.7988476546213,0,0,0,0,0,0,407.34003320315867,407.34003320315867,407.34003320315867,47.448449501693155,47.448449501693155,47.448449501693155,0,0,0,-557.5165028253334,3372.7189416522256,2359.2078047026694,2359.2078047026694,1419.1974397528995
2023-03-07T00:00:00Z,2359.5167738923024,-365.67374665926747,-365.67374665926747,-365.67374665926747,0,0,0,0,0,0,0,0,0,0,0,0,0,0,0,0,0,0,-1232.3062569438878,-1232.3062569438878,-1232.3062569438878,0,0,0,0,0,0,751.8708176891128,751.8708176891128,751.8708176891128,114.76169259550772,114.76169259550772,114.76169259550772,0,0,0,146.33669597291362,3937.5745201386217,2359.5167738923024,2359.5167738923024,1993.843027233035
2023-03-08T00:00:00Z,2359.8257430819353,-338.7581418542638,-338.7581418542638,-338.7581418542638,0,0,0,0,0,0,0,0,0,0,0,0,0,0,0,0,0,0,-1305.4384952861278,-1305.4384952861278,-1305.4384952861278,0,0,0,0,0,0,785.6068199366333,785.6068199366333,785.6068199366333,181.07353349523098,181.07353349523098,181.07353349523098,0,0,0,138.11686474087756,4052.451472976947,2359.8257430819353,2359.8257430819353,2021.0676012276715
2023-03-09T00:00:00Z,2360.1347122715683,-316.03491693261424,-316.03491693261424,-316.03491693261424,0,0,0,0,0,0,0,0,0,0,0,0,0,0,0,0,0,0,-1373.1750608734515,-1373.1750608734515,-1373.1750608734515,0,0,0,0,0,0,812.174065744079,812.174065744079,812.174065744079,244.96607819675842,244.96607819675842,244.96607819675842,0,0,0,113.39532127083977,4042.4550681430273,2360.1347122715683,2360.1347122715683,2044.0997953389542
2023-03-10T00:00:00Z,2360.4436814612013,-151.1158621646404,-151.1158621646404,-151.1158621646404,0,0,0,0,0,0,0,0,0,0,0,0,0,0,0,0,0,0,-1235.6827915487358,-1235.6827915487358,-1235.6827915487358,0,0,0,0,0,0,779.4799552365113,779.4799552365113,779.4799552365113,305.08697414758365,305.08697414758365,305.08697414758365,0,0,0,368.16310912394187,4122.732530192393,2360.4436814612013,2360.4436814612013,2209.327819296561
2023-03-11T00:00:00Z,2360.752650650834,-2044.3990336558882,-2044.3990336558882,-2044.3990336558882,0,0,0,0,0,0,0,0,0,0,0,0,0,0,0,0,0,0,-938.4393691927855,-938.4393691927855,-938.4393691927855,0,0,0,0,0,0,-1466.141535414971,-1466.141535414971,-1466.141535414971,360.18187095186784,360.18187095186784,360.18187095186784,0,0,0,-1606.1919905420416,2177.3722895565675,2360.752650650834,2360.752650650834,316.3536169949457
2023-03-12T00:00:00Z,2361.061619840467,-2355.1491109251197,-2355.1491109251197,-2355.1491109251197,0,0,0,0,0,0,0,0,0,0,0,0,0,0,0,0,0,0,-693.9430076978206,-693.9430076978206,-693.9430076978206,0,0,0,0,0,0,-2070.3301563844952,-2070.3301563844952,-2070.3301563844952,409.12405315719616,409.12405315719616,409.12405315719616,0,0,0,-1943.1787211781452,1856.7170426934624,2361.061619840467,2361.061619840467,5.912508915347189
2023-03-13T00:00:00Z,2361.3705890301,218.21110237916616,218.21110237916616,218.21110237916616,0,0,0,0,0,0,0,0,0,0,0,0,0,0,0,0,0,0,-640.069457301081,-640.069457301081,-640.069457301081,0,0,0,0,0,0,407.3400332038429,407.3400332038429,407.3400332038429,450.9405264764044,450.9405264764044,450.9405264764044,0,0,0,579.2556647527427,4425.652098455865,2361.3705890301,2361.3705890301,2579.581691409266
2023-03-14T00:00:00Z,2361.679558219733,536.3494500437259,536.3494500437259,536.3494500437259,0,0,0,0,0,0,0,0,0,0,0,0,0,0,0,0,0,0,-700.3553062712389,-700.3553062712389,-700.3553062712389,0,0,0,0,0,0,751.8708176888399,751.8708176888399,751.8708176888399,484.83393862612456,484.83393862612456,484.83393862612456,0,0,0,789.8293500747757,4752.394296411088,2361.679558219733,2361.679558219733,2898.0290082634588
2023-03-15T00:00:00Z,2361.988527409366,613.1809985483089,613.1809985483089,613.1809985483089,0,0,0,0,0,0,0,0,0,0,0,0,0,0,0,0,0,0,-682.625652121601,-682.625652121601,-682.625652121601,0,0,0,0,0,0,785.6068199370637,785.6068199370637,785.6068199370637,510.19983073284607,510.19983073284607,510.19983073284607,0,0,0,929.3012588819904,4826.834449785507,2361.988527409366,2361.988527409366,2975.1695259576745
2023-03-16T00:00:00Z,2362.297496598999,842.5033378315072,842.5033378315072,842.5033378315072,0,0,0,0,0,0,0,0,0,0,0,0,0,0,0,0,0,0,-496.3095696897911,-496.3095696897911,-496.3095696897911,0,0,0,0,0,0,812.1740657434607,812.1740657434607,812.1740657434607,526.6388417778376,526.6388417778376,526.6388417778376,0,0,0,1294.57925606894,5182.818630213242,2362.297496598999,2362.297496598999,3204.8008344305063
2023-03-17T00:00:00Z,2362.606465788632,1062.8181523598107,1062.8181523598107,1062.8181523598107,0,0,0,0,0,0,0,0,0,0,0,0,0,0,0,0,0,0,-250.62542622442928,-250.62542622442928,-250.62542622442928,0,0,0,0,0,0,779.4799552330339,779.4799552330339,779.4799552330339,533.9636233512058,533.9636233512058,533.9636233512058,0,0,0,1479.398391351782,5483.3802641906495,2362.606465788632,2362.606465788632,3425.4246181484423
2023-03-18T00:00:00Z,2362.915434978265,-1063.9461476081758,-1063.9461476081758,-1063.9461476081758,0,0,0,0,0,0,0,0,0,0,0,0,0,0,0,0,0,0,-130.00497363323345,-130.00497363323345,-130.00497363323345,0,0,0,0,0,0,-1466.141535417971,-1466.141535417971,-1466.141535417971,532.2003614430286,532.2003614430286,532.2003614430286,0,0,0,-645.1677437180559,3078.505652415574,2362.915434978265,2362.915434978265,1298.969287370089
2023-03-19T00:00:00Z,2363.224404167898,-1732.3870922958322,-1732.3870922958322,-1732.3870922958322,0,0,0,0,0,0,0,0,0,0,0,0,0,0,0,0,0,0,-183.6418782709189,-183.6418782709189,-183.6418782709189,0,0,0,0,0,0,-2070.330156385588,-2070.330156385588,-2070.330156385588,521.5849423606744,521.5849423606744,521.5849423606744,0,0,0,-1336.304401793503,2631.062194220062,2363.224404167898,2363.224404167898,630.8373118720656
2023-03-20T00:00:00Z,2363.5333733575308,649.8319378428479,649.8319378428479,649.8319378428479,0,0,0,0,0,0,0,0,0,0,0,0,0,0,0,0,0,0,-260.0620328066137,-260.0620328066137,-260.0620328066137,0,0,0,0,0,0,407.34003320557485,407.34003320557485,407.34003320557485,502.55393744388647,502.55393744388647,502.55393744388647,0,0,0,995.0190062095793,4909.4767329965,2363.5333733575308,2363.5333733575308,3013.3653112003785
2023-03-21T00:00:00Z,2363.8423425471638,1062.5779124087248,1062.5779124087248,1062.5779124087248,0,0,0,0,0,0,0,0,0,0,0,0,0,0,0,0,0,0,-165.02361771629046,-165.02361771629046,-165.02361771629046,0,0,0,0,0,0,751.8708176885673,751.8708176885673,751.8708176885673,475.73071243644785,475.73071243644785,475.73071243644785,0,0,0,1345.1895019706772,5349.103169693627,2363.8423425471638,2363.8423425471638,3426.4202549558886
2023-03-22T00:00:00Z,2364.1513117367967,1349.215767028393,1349.215767028393,1349.215767028393,0,0,0,0,0,0,0,0,0,0,0,0,0,0,0,0,0,0,121.70185827793777,121.70185827793777,121.70185827793777,0,0,0,0,0,0,785.606819937317,785.606819937317,785.606819937317,441.90708881313805,441.90708881313805,441.90708881313805,0,0,0,1747.4205400823826,5654.1713434950025,2364.1513117367967,2364.1513117367967,3713.36707876519
2023-03-23T00:00:00Z,2364.4602809264297,1626.6330075677408,1626.6330075677408,1626.6330075677408,0,0,0,0,0,0,0,0,0,0,0,0,0,0,0,0,0,0,412.43784887921043,412.43784887921043,412.43784887921043,0,0,0,0,0,0,812.1740657456867,812.1740657456867,812.1740657456867,402.0210929428436,402.0210929428436,402.0210929428436,0,0,0,2108.64771803469,5926.057070349795,2364.4602809264297,2364.4602809264297,3991.0932884941703
2023-03-24T00:00:00Z,2364.7692501160627,1658.2843941899441,1658.2843941899441,1658.2843941899441,0,0,0,0,0,0,0,0,0,0,0,0,0,0,0,0,0,0,521.6730169262181,521.6730169262181,521.6730169262181,0,0,0,0,0,0,779.4799552333336,779.4799552333336,779.4799552333336,357.13142203039234,357.13142203039234,357.13142203039234,0,0,0,2152.85760215408,5970.798205452102,2364.7692501160627,2364.7692501160627,4023.053644306007
2023-03-25T00:00:00Z,2365.0782193056957,-641.851597804921,-641.851597804921,-641.851597804921,0,0,0,0,0,0,0,0,0,0,0,0,0,0,0,0,0,0,515.9006065725316,515.9006065725316,515.9006065725316,0,0,0,0,0,0,-1466.1415354170092,-1466.1415354170092,-1466.1415354170092,308.3893310395566,308.3893310395566,308.3893310395566,0,0,0,-133.11383100619042,3558.926823379751,2365.0782193056957,2365.0782193056957,1723.2266215007749
2023-03-26T00:00:00Z,2365.3871884953287,-1089.9491767599472,-1089.9491767599472,-1089.9491767599472,0,0,0,0,0,0,0,0,0,0,0,0,0,0,0,0,0,0,723.3722790900457,723.3722790900457,723.3722790900457,0,0,0,0,0,0,-2070.3301563833184,-2070.3301563833184,-2070.3301563833184,257.0087005333254,257.0087005333254,257.0087005333254,0,0,0,-626.2206468529503,3210.886044779548,2365.3871884953287,2365.3871884953287,1275.4380117353815
2023-03-27T00:00:00Z,2365.6961576849617,2048.455144428387,2048.455144428387,2048.455144428387,0,0,0,0,0,0,0,0,0,0,0,0,0,0,0,0,0,0,1436.8800308680454,1436.8800308680454,1436.8800308680454,0,0,0,0,0,0,407.3400331980333,407.3400331980333,407.3400331980333,204.23508036230825,204.23508036230825,204.23508036230825,0,0,0,2449.3386557458803,6348.544070688559,2365.6961576849617,2365.6961576849617,4414.151302113349
2023-03-28T00:00:00Z,2366.0051268745947,3458.511908922148,3458.511908922148,3458.511908922148,0,0,0,0,0,0,0,0,0,0,0,0,0,0,0,0,0,0,2555.326573471936,2555.326573471936,2555.326573471936,0,0,0,0,0,0,751.8708176882944,751.8708176882944,751.8708176882944,151.31451776191804,151.31451776191804,151.31451776191804,0,0,0,3973.796726292704,7715.389285280752,2366.0051268745947,2366.0051268745947,5824.517035796743
2023-03-29T00:00:00Z,2366.3140960642277,4400.792748926377,4400.792748926377,4400.792748926377,0,0,0,0,0,0,0,0,0,0,0,0,0,0,0,0,0,0,3515.722958358944,3515.722958358944,3515.722958358944,0,0,0,0,0,0,785.6068199377472,785.6068199377472,785.6068199377472,99.46297062968597,99.46297062968597,99.46297062968597,0,0,0,4839.861634615438,8681.280727458678,2366.3140960642277,2366.3140960642277,6767.106844990604
2023-03-30T00:00:00Z,2366.6230652538607,4501.5621844414845,4501.5621844414845,4501.5621844414845,0,0,0,0,0,0,0,0,0,0,0,0,0,0,0,0,0,0,3639.551040630391,3639.551040630391,3639.551040630391,0,0,0,0,0,0,812.1740657424239,812.1740657424239,812.1740657424239,49.83707806866975,49.83707806866975,49.83707806866975,0,0,0,4883.024142225529,8794.594356021076,2366.6230652538607,2366.6230652538607,6868.185249695345
2023-03-31T00:00:00Z,2366.9320344434936,3428.3436200359806,3428.3436200359806,3428.3436200359806,0,0,0,0,0,0,0,0,0,0,0,0,0,0,0,0,0,0,2645.3566530239027,2645.3566530239027,2645.3566530239027,0,0,0,0,0,0,779.479955231745,779.479955231745,779.479955231745,3.5070117803322725,3.5070117803322725,3.5070117803322725,0,0,0,3900.1857031518784,7795.610398197657,2366.9320344434936,2366.9320344434936,5795.275654479474
2023-04-01T00:00:00Z,2367.2410036331266,-600.9654077664899,-600.9654077664899,-600.9654077664899,0,0,0,0,0,0,0,0,0,0,0,0,0,0,0,0,0,0,903.7440624964049,903.7440624964049,903.7440624964049,0,0,0,0,0,0,-1466.1415354200096,-1466.1415354200096,-1466.1415354200096,-38.5679348428851,-38.5679348428851,-38.5679348428851,0,0,0,-189.14166066590585,3637.6258509545046,2367.2410036331266,2367.2410036331266,1766.2755958666366
2023-04-02T00:00:00Z,2367.5499728227596,-2939.505570005498,-2939.505570005498,-2939.505570005498,0,0,0,0,0,0,0,0,0,0,0,0,0,0,0,0,0,0,-793.6149676375028,-793.6149676375028,-793.6149676375028,0,0,0,0,0,0,-2070.3301563880777,-2070.3301563880777,-2070.3301563880777,-75.5604459799176,-75.5604459799176,-75.5604459799176,0,0,0,-2606.9075320003726,1320.8092686740952,2367.5499728227596,2367.5499728227596,-571.9555971827385
2023-04-03T00:00:00Z,2367.8263275577215,-1474.3015055758017,-1474.3015055758017,-1474.3015055758017,0,0,0,0,0,0,0,0,0,0,0,0,0,0,0,0,0,0,-1774.8490451079836,-1774.8490451079836,-1774.8490451079836,0,0,0,0,0,0,407.3400332008135,407.3400332008135,407.3400332008135,-106.79249366863188,-106.79249366863188,-106.79249366863188,0,0,0,-1120.638361222505,2804.789854546819,2367.8263275577215,2367.8263275577215,893.5248219819198
2023-04-04T00:00:00Z,2368.1026822926833,-1285.8474183788285,-1285.8474183788285,-1285.8474183788285,0,0,0,0,0,0,0,0,0,0,0,0,0,0,0,0,0,0,-1905.9697467516671,-1905.9697467516671,-1905.9697467516671,0,0,0,0,0,0,751.8708176882293,751.8708176882293,751.8708176882293,-131.74848931539054,-131.74848931539054,-131.74848931539054,0,0,0,-997.6605275812383,2952.0708934249974,2368.1026822926833,2368.1026822926833,1082.2552639138548
2023-04-05T00:00:00Z,2368.3790370276447,-935.2253471828913,-935.2253471828913,-935.2253471828913,0,0,0,0,0,0,0,0,0,0,0,0,0,0,0,0,0,0,-1570.7481450838031,-1570.7481450838031,-1570.7481450838031,0,0,0,0,0,0,785.6068199368297,785.6068199368297,785.6068199368297,-150.08402203591746,-150.08402203591746,-150.08402203591746,0,0,0,-432.6603112325177,3381.7365724799092,2368.3790370276447,2368.3790370276447,1433.1536898447534
2023-04-06T00:00:00Z,2368.6553917626065,-626.17144941627555,-626.17144941627555,-626.17144941627555,0,0,0,0,0,0,0,0,0,0,0,0,0,0,0,0,0,0,-1276.7154656586492,-1276.7154656586492,-1276.7154656586492,0,0,0,0,0,0,812.1740657418055,812.1740657418055,812.1740657418055,-161.63004949943166,-161.63004949943166,-161.63004949943166,0,0,0,-32.37840030827649,3799.0483393787454,2368.6553917626065,2368.6553917626065,1742.4839423463309
2023-04-07T00:00:00Z,2368.9317464975684,-638.4373573720884,-638.4373573720884,-638.4373573720884,0,0,0,0,0,0,0,0,0,0,0,0,0,0,0,0,0,0,-1251.524784204043,-1251.524784204043,-1251.524784204043,0,0,0,0,0,0,779.4799552365387,779.4799552365387,779.4799552365387,-166.39252840458417,-166.39252840458417,-166.39252840458417,0,0,0,-329.8758755510414,3755.3509093552448,2368.9317464975684,2368.9317464975684,1730.49438912548
2023-04-09T00:00:00Z,2369.4844559674916,-3560.222013140821,-3560.222013140821,-3560.222013140821,0,0,0,0,0,0,0,0,0,0,0,0,0,0,0,0,0,0,-1333.4593659945733,-1333.4593659945733,-1333.4593659945733,0,0,0,0,0,0,-2070.330156387489,-2070.330156387489,-2070.330156387489,-156.43249075875914,-156.43249075875914,-156.43249075875914,0,0,0,-2973.794180030821,769.8896540252317,2369.4844559674916,2369.4844559674916,-1190.7375571733296
2023-04-10T00:00:00Z,2369.7608107024535,-830.1793964191329,-830.1793964191329,-830.1793964191329,0,0,0,0,0,0,0,0,0,0,0,0,0,0,0,0,0,0,-1094.9867904686967,-1094.9867904686967,-1094.9867904686967,0,0,0,0,0,0,407.3400332014976,407.3400332014976,407.3400332014976,-142.53263915193415,-142.53263915193415,-142.53263915193415,0,0,0,-251.49608503796728,3495.3858872747296,2369.7608107024535,2369.7608107024535,1539.5814142833206
2023-04-11T00:00:00Z,2370.0371654374153,-168.08733946140143,-168.08733946140143,-168.08733946140143,0,0,0,0,0,0,0,0,0,0,0,0,0,0,0,0,0,0,-796.4929906588043,-796.4929906588043,-796.4929906588043,0,0,0,0,0,0,751.870817687749,751.870817687749,751.870817687749,-123.46516649034638,-123.46516649034638,-123.46516649034638,0,0,0,3.1967218945002998,4234.650207448865,2370.0371654374153,2370.0371654374153,2201.949825976014
2023-04-12T00:00:00Z,2370.3135201723767,42.68837590081086,42.68837590081086,42.68837590081086,0,0,0,0,0,0,0,0,0,0,0,0,0,0,0,0,0,0,-642.9589407054406,-642.9589407054406,-642.9589407054406,0,0,0,0,0,0,785.6068199372601,785.6068199372601,785.6068199372601,-99.95950333100858,-99.95950333100858,-99.95950333100858,0,0,0,602.1529695061548,4362.150861490115,2370.3135201723767,2370.3135201723767,2413.0018960731877
2023-04-13T00:00:00Z,2370.5898749073385,71.5353479935279,71.5353479935279,71.5353479935279,0,0,0,0,0,0,0,0,0,0,0,0,0,0,0,0,0,0,-667.8031559874534,-667.8031559874534,-667.8031559874534,0,0,0,0,0,0,812.1740657440315,812.1740657440315,812.1740657440315,-72.83556176305065,-72.83556176305065,-72.83556176305065,0,0,0,541.7767313929844,4441.745395179695,2370.5898749073385,2370.5898749073385,2442.1252229008664
2023-04-14T00:00:00Z,2370.8662296423,24.967150453135798,24.967150453135798,24.967150453135798,0,0,0,0,0,0,0,0,0,0,0,0,0,0,0,0,0,0,-711.5326656107852,-711.5326656107852,-711.5326656107852,0,0,0,0,0,0,779.4799552349497,779.4799552349497,779.4799552349497,-42.980139171028576,-42.980139171028576,-42.980139171028576,0,0,0,445.5706340392954,4287.768166469269,2370.8662296423,2370.8662296423,2395.8333800954356
2023-04-15T00:00:00Z,2371.1425843772618,-2085.388833610689,-2085.388833610689,-2085.388833610689,0,0,0,0,0,0,0,0,0,0,0,0,0,0,0,0,0,0,-607.9250956965718,-607.9250956965718,-607.9250956965718,0,0,0,0,0,0,-1466.1415354240294,-1466.1415354240294,-1466.1415354240294,-11.32220249008752,-11.32220249008752,-11.32220249008752,0,0,0,-1706.347539956953,2297.6852867455923,2371.1425843772618,2371.1425843772618,285.7537507665729
2023-04-16T00:00:00Z,2371.4189391122236,-2417.6116401664317,-2417.6116401664317,-2417.6116401664317,0,0,0,0,0,0,0,0,0,0,0,0,0,0,0,0,0,0,-368.47375806847276,-368.47375806847276,-368.47375806847276,0,0,0,0,0,0,-2070.330156386901,-2070.330156386901,-2070.330156386901,21.192274288942134,21.192274288942134,21.192274288942134,0,0,0,-1953.874663979818,1842.2736247086434,2371.4189391122236,2371.4189391122236,-46.1927010542081
2023-04-17T00:00:00Z,2371.6952938471854,294.4690435394514,294.4690435394514,294.4690435394514,0,0,0,0,0,0,0,0,0,0,0,0,0,0,0,0,0,0,-166.49623954614302,-166.49623954614302,-166.49623954614302,0,0,0,0,0,0,407.3400332021818,407.3400332021818,407.3400332021818,53.62524988341261,53.62524988341261,53.62524988341261,0,0,0,631.77967741779,4487.282079496423,2371.6952938471854,2371.6952938471854,2666.164337386637
2023-04-18T00:00:00Z,2371.971648582147,696.200819200712,696.200819200712,696.200819200712,0,0,0,0,0,0,0,0,0,0,0,0,0,0,0,0,0,0,-140.74068286451768,-140.74068286451768,-140.74068286451768,0,0,0,0,0,0,751.8708176889255,751.8708176889255,751.8708176889255,85.07068437630394,85.07068437630394,85.07068437630394,0,0,0,1131.5658745269234,4934.092819033945,2371.971648582147,2371.971648582147,3068.172467782859
2023-04-19T00:00:00Z,2372.2480033171087,667.2319685894691,667.2319685894691,667.2319685894691,0,0,0,0,0,0,0,0,0,0,0,0,0,0,0,0,0,0,-233.05197774106983,-233.05197774106983,-233.05197774106983,0,0,0,0,0,0,785.6068199370163,785.6068199370163,785.6068199370163,114.67712639352268,114.67712639352268,114.67712639352268,0,0,0,1055.598080718001,4947.223215485347,2372.2480033171087,2372.2480033171087,3039.4799719065777
2023-04-20T00:00:00Z,2372.5243580520705,712.7774954712548,712.7774954712548,712.7774954712548,0,0,0,0,0,0,0,0,0,0,0,0,0,0,0,0,0,0,-241.0648322498609,-241.0648322498609,-241.0648322498609,0,0,0,0,0,0,812.1740657434135,812.1740657434135,812.1740657434135,141.66826197770223,141.66826197770223,141.66826197770223,0,0,0,1077.0343644283794,4845.536406221987,2372.5243580520705,2372.5243580520705,3085.3018535233255
2023-04-21T00:00:00Z,2372.8007127870324,-1816.7611020872266,-1816.7611020872266,-1816.7611020872266,0,0,0,0,0,0,-2724.3653900430054,-2724.3653900430054,-2724.3653900430054,0,0,0,0,0,0,0,0,0,-37.236602912010376,-37.236602912010376,-37.236602912010376,0,0,0,-2724.3653900430054,-2724.3653900430054,-2724.3653900430054,779.4799552352495,779.4799552352495,779.4799552352495,165.36093563253968,165.36093563253968,165.36093563253968,0,0,0,-1474.6398354328708,2602.1281646436582,2372.8007127870324,2372.8007127870324,556.0396106998057
2023-04-24T00:00:00Z,2373.629776991917,-3229.448573681225,-3229.448573681225,-3229.448573681225,0,0,0,0,0,0,-4364.7852151196275,-4364.7852151196275,-4364.7852151196275,0,0,0,0,0,0,0,0,0,516.488918369048,516.488918369048,516.488918369048,0,0,0,-4364.7852151196275,-4364.7852151196275,-4364.7852151196275,407.34003320496197,407.34003320496197,407.34003320496197,211.50768986439238,211.50768986439238,211.50768986439238,0,0,0,-2982.491331621866,1120.2448349906138,2373.629776991917,2373.629776991917,-855.8187966893079
2023-04-25T00:00:00Z,2373.906131726879,-576.1882867542079,-576.1882867542079,-576.1882867542079,0,0,0,0,0,0,-2114.5721807902246,-2114.5721807902246,-2114.5721807902246,0,0,0,0,0,0,0,0,0,569.017022800913,569.017022800913,569.017022800913,0,0,0,-2114.5721807902246,-2114.5721807902246,-2114.5721807902246,751.8708176886529,751.8708176886529,751.8708176886529,217.49605354645098,217.49605354645098,217.49605354645098,0,0,0,-177.4049905013179,3537.789029835129,2373.906131726879,2373.906131726879,1797.717844972671
2023-04-26T00:00:00Z,2374.1824864618407,429.3123961231476,429.3123961231476,429.3123961231476,0,0,0,0,0,0,-1585.9115762642805,-1585.9115762642805,-1585.9115762642805,0,0,0,0,0,0,0,0,0,1011.0399152066226,1011.0399152066226,1011.0399152066226,0,0,0,-1585.9115762642805,-1585.9115762642805,-1585.9115762642805,785.6068199372696,785.6068199372696,785.6068199372696,218.57723724353593,218.57723724353593,218.57723724353593,0,0,0,909.5089326270664,4760.130093934538,2374.1824864618407,2374.1824864618407,2803.4948825849883
2023-04-27T00:00:00Z,2374.458841196802,1896.547281455164,1896.547281455164,1896.547281455164,0,0,0,0,0,0,-1102.5674136623495,-1102.5674136623495,-1102.5674136623495,0,0,0,0,0,0,0,0,0,1972.1168646228246,1972.1168646228246,1972.1168646228246,0,0,0,-1102.5674136623495,-1102.5674136623495,-1102.5674136623495,812.1740657442175,812.1740657442175,812.1740657442175,214.82376475047147,214.82376475047147,214.82376475047147,0,0,0,2351.393559175966,6327.6945188702575,2374.458841196802,2374.458841196802,4271.0061226519665
2023-04-28T00:00:00Z,2374.735195931764,2408.537226868536,2408.537226868536,2408.537226868536,0,0,0,0,0,0,-1678.5952776236295,-1678.5952776236295,-1678.5952776236295,0,0,0,0,0,0,0,0,0,3101.218625752929,3101.218625752929,3101.218625752929,0,0,0,-1678.5952776236295,-1678.5952776236295,-1678.5952776236295,779.4799552317721,779.4799552317721,779.4799552317721,206.43392350746612,206.43392350746612,206.43392350746612,0,0,0,2735.087738911207,6690.9618272034795,2374.735195931764,2374.735195931764,4783.2724228003
2023-04-29T00:00:00Z,2375.0115506667257,1237.446163533246,1237.446163533246,1237.446163533246,0,0,0,0,0,0,-1204.442921910027,-1204.442921910027,-1204.442921910027,0,0,0,0,0,0,0,0,0,3714.3079335788293,3714.3079335788293,3714.3079335788293,0,0,0,-1204.442921910027,-1204.442921910027,-1204.442921910027,-1466.1415354179708,-1466.1415354179708,-1466.1415354179708,193.722687282414,193.722687282414,193.722687282414,0,0,0,1611.6941780568532,5510.2026127536055,2375.0115506667257,2375.0115506667257,3612.4577141999716
2023-04-30T00:00:00Z,2375.2879054016876,-158.14227931620763,-158.14227931620763,-158.14227931620763,0,0,0,0,0,0,-1538.9263432042626,-1538.9263432042626,-1538.9263432042626,0,0,0,0,0,0,0,0,0,3274.0044125035997,3274.0044125035997,3274.0044125035997,0,0,0,-1538.9263432042626,-1538.9263432042626,-1538.9263432042626,-2070.3301563910723,-2070.3301563910723,-2070.3301563910723,177.10980777552692,177.10980777552692,177.10980777552692,0,0,0,289.3782789631292,4278.725871354825,2375.2879054016876,2375.2879054016876,2217.1456260854798
2023-05-02T00:00:00Z,2375.840614871611,884.293994232339,884.293994232339,884.293994232339,0,0,0,0,0,0,0,0,0,0,0,0,0,0,0,0,0,0,-1.870803514958347,-1.870803514958347,-1.870803514958347,0,0,0,0,0,0,751.8708176885877,751.8708176885877,751.8708176885877,134.2939800587096,134.2939800587096,134.2939800587096,0,0,0,1212.7011212118755,5236.182487550589,2375.840614871611,2375.840614871611,3260.1346091039495
2023-05-03T00:00:00Z,2376.1169696065726,-502.0067808061869,-502.0067808061869,-502.0067808061869,0,0,0,0,0,0,0,0,0,0,0,0,0,0,0,0,0,0,-1396.9295303293695,-1396.9295303293695,-1396.9295303293695,0,0,0,0,0,0,785.6068199370258,785.6068199370258,785.6068199370258,109.3159295861567,109.3159295861567,109.3159295861567,0,0,0,-185.75082699239834,3892.6609002519995,2376.1169696065726,2376.1169696065726,1874.1101888003857
2023-05-04T00:00:00Z,2376.3933243415345,-2803.3896587553018,-2803.3896587553018,-2803.3896587553018,0,0,0,0,0,0,-1767.1012203123178,-1767.1012203123178,-1767.1012203123178,0,0,0,0,0,0,-1767.1012203123178,-1767.1012203123178,-1767.1012203123178,-1931.311943329355,-1931.311943329355,-1931.311943329355,0,0,0,0,0,0,812.1740657409542,812.1740657409542,812.1740657409542,82.84943914541721,82.84943914541721,82.84943914541721,0,0,0,-2330.169999829298,1559.30672525171,2376.3933243415345,2376.3933243415345,-426.9963344137673
2023-05-05T00:00:00Z,2376.669679076496,-927.0337144262495,-927.0337144262495,-927.0337144262495,0,0,0,0,0,0,0,0,0,0,0,0,0,0,0,0,0,0,-1762.104600278211,-1762.104600278211,-1762.104600278211,0,0,0,0,0,0,779.4799552320718,779.4799552320718,779.4799552320718,55.59093061988931,55.59093061988931,55.59093061988931,0,0,0,-598.1091967222026,3340.2881820123225,2376.669679076496,2376.669679076496,1449.6359646502465
2023-05-06T00:00:00Z,2376.9460338114573,-2832.704376206928,-2832.704376206928,-2832.704376206928,0,0,0,0,0,0,0,0,0,0,0,0,0,0,0,0,0,0,-1394.7988476531912,-1394.7988476531912,-1394.7988476531912,0,0,0,0,0,0,-1466.1415354189896,-1466.1415354189896,-1466.1415354189896,28.236006865252985,28.236006865252985,28.236006865252985,0,0,0,-2283.5298950310184,1583.3029153258085,2376.9460338114573,2376.9460338114573,-455.75834239547066
2023-05-07T00:00:00Z,2377.222388546419,-3301.175479539411,-3301.175479539411,-3301.175479539411,0,0,0,0,0,0,0,0,0,0,0,0,0,0,0,0,0,0,-1232.3062569434176,-1232.3062569434176,-1232.3062569434176,0,0,0,0,0,0,-2070.330156388803,-2070.330156388803,-2070.330156388803,1.4609337928093855,1.4609337928093855,1.4609337928093855,0,0,0,-2799.0174497235084,959.8814465513485,2377.222388546419,2377.222388546419,-923.9530909929917
2023-05-08T00:00:00Z,2377.498743281381,-922.1932543096143,-922.1932543096143,-922.1932543096143,0,0,0,0,0,0,0,0,0,0,0,0,0,0,0,0,0,0,-1305.4384952852117,-1305.4384952852117,-1305.4384952852117,0,0,0,0,0,0,407.3400332073784,407.3400332073784,407.3400332073784,-24.094792231780687,-24.094792231780687,-24.094792231780687,0,0,0,-566.3923451817799,3344.7204006338866,2377.498743281381,2377.498743281381,1455.3054889717666
2023-05-09T00:00:00Z,2377.775098016343,-669.1485977098165,-669.1485977098165,-669.1485977098165,0,0,0,0,0,0,0,0,0,0,0,0,0,0,0,0,0,0,-1373.1750608734344,-1373.1750608734344,-1373.1750608734344,0,0,0,0,0,0,751.8708176881075,751.8708176881075,751.8708176881075,-47.84435452448918,-47.84435452448918,-47.84435452448918,0,0,0,-297.3883840667859,3701.507539539088,2377.775098016343,2377.775098016343,1708.6265003065264
2023-05-10T00:00:00Z,2378.051452751304,-519.3435924592055,-519.3435924592055,-519.3435924592055,0,0,0,0,0,0,0,0,0,0,0,0,0,0,0,0,0,0,-1235.6827915497386,-1235.6827915497386,-1235.6827915497386,0,0,0,0,0,0,785.6068199374562,785.6068199374562,785.6068199374562,-69.26762084692308,-69.26762084692308,-69.26762084692308,0,0,0,-145.9188499191433,3779.655583717084,2378.051452751304,2378.051452751304,1858.7078602920988
2023-05-11T00:00:00Z,2378.327807486266,-214.18822661649872,-214.18822661649872,-214.18822661649872,0,0,0,0,0,0,0,0,0,0,0,0,0,0,0,0,0,0,-938.4393691921239,-938.4393691921239,-938.4393691921239,0,0,0,0,0,0,812.1740657431807,812.1740657431807,812.1740657431807,-87.92292316755498,-87.92292316755498,-87.92292316755498,0,0,0,220.57288519762707,4139.320368859462,2378.327807486266,2378.327807486266,2164.139580869767
2023-05-12T00:00:00Z,2378.604162221228,-17.91941556983224,-17.91941556983224,-17.91941556983224,0,0,0,0,0,0,0,0,0,0,0,0,0,0,0,0,0,0,-693.9430076970814,-693.9430076970814,-693.9430076970814,0,0,0,0,0,0,779.4799552323717,779.4799552323717,779.4799552323717,-103.45636310512249,-103.45636310512249,-103.45636310512249,0,0,0,377.1791142066272,4282.227177244413,2378.604162221228,2378.604162221228,2360.6847466513955
2023-05-13T00:00:00Z,2378.8805169561897,-2221.8194616661885,-2221.8194616661885,-2221.8194616661885,0,0,0,0,0,0,0,0,0,0,0,0,0,0,0,0,0,0,-640.06945730236,-640.06945730236,-640.06945730236,0,0,0,0,0,0,-1466.1415354200092,-1466.1415354200092,-1466.1415354200092,-115.60846894381903,-115.60846894381903,-115.60846894381903,0,0,0,-1694.3373913624828,2226.3002291938915,2378.8805169561897,2378.8805169561897,157.06105529000115
2023-05-14T00:00:00Z,2379.156871691151,-2894.903570614592,-2894.903570614592,-2894.903570614592,0,0,0,0,0,0,0,0,0,0,0,0,0,0,0,0,0,0,-700.3553062714462,-700.3553062714462,-700.3553062714462,0,0,0,0,0,0,-2070.330156388214,-2070.330156388214,-2070.330156388214,-124.21810795493214,-124.21810795493214,-124.21810795493214,0,0,0,-2418.539742585963,1543.620816479825,2379.156871691151,2379.156871691151,-515.7466989234408
2023-05-15T00:00:00Z,2379.433226426113,-404.5092549191524,-404.5092549191524,-404.5092549191524,0,0,0,0,0,0,0,0,0,0,0,0,0,0,0,0,0,0,-682.6256521215199,-682.6256521215199,-682.6256521215199,0,0,0,0,0,0,407.3400332008847,407.3400332008847,407.3400332008847,-129.22363599851712,-129.22363599851712,-129.22363599851712,0,0,0,5.446690553252941,3837.522419854046,2379.433226426113,2379.433226426113,1974.9239715069605
2023-05-16T00:00:00Z,2379.7095811610748,124.8999051987798,124.8999051987798,124.8999051987798,0,0,0,0,0,0,0,0,0,0,0,0,0,0,0,0,0,0,-496.3095696897152,-496.3095696897152,-496.3095696897152,0,0,0,0,0,0,751.8708176880424,751.8708176880424,751.8708176880424,-130.66134279954719,-130.66134279954719,-130.66134279954719,0,0,0,602.7866169825138,4473.181300750939,2379.7095811610748,2379.7095811610748,2504.6094863598546
2023-05-17T00:00:00Z,2379.9859358960366,406.3200699242501,406.3200699242501,406.3200699242501,0,0,0,0,0,0,0,0,0,0,0,0,0,0,0,0,0,0,-250.6254262242802,-250.6254262242802,-250.6254262242802,0,0,0,0,0,0,785.6068199365385,785.6068199365385,785.6068199365385,-128.66132378800825,-128.66132378800825,-128.66132378800825,0,0,0,692.9897904734557,4807.585454507334,2379.9859358960366,2379.9859358960366,2786.306005820287
2023-05-18T00:00:00Z,2380.262290630998,558.7281160649812,558.7281160649812,558.7281160649812,0,0,0,0,0,0,0,0,0,0,0,0,0,0,0,0,0,0,-130.0049736339866,-130.0049736339866,-130.0049736339866,0,0,0,0,0,0,812.1740657425622,812.1740657425622,812.1740657425622,-123.44097604359447,-123.44097604359447,-123.44097604359447,0,0,0,823.8272456710653,4807.861487349001,2380.262290630998,2380.262290630998,2938.9904066959793
2023-05-19T00:00:00Z,2380.5386453659594,480.5417020076934,480.5417020076934,480.5417020076934,0,0,0,0,0,0,0,0,0,0,0,0,0,0,0,0,0,0,-183.64187826952707,-183.64187826952707,-183.64187826952707,0,0,0,0,0,0,779.4799552307828,779.4799552307828,779.4799552307828,-115.29637495356242,-115.29637495356242,-115.29637495356242,0,0,0,958.6480308451345,4798.180922191802,2380.5386453659594,2380.5386453659594,2861.080347373653
2023-05-20T00:00:00Z,2380.815000100921,-1830.7954064707224,-1830.7954064707224,-1830.7954064707224,0,0,0,0,0,0,0,0,0,0,0,0,0,0,0,0,0,0,-260.06203280518844,-260.06203280518844,-260.06203280518844,0,0,0,0,0,0,-1466.1415354129313,-1466.1415354129313,-1466.1415354129313,-104.59183825260237,-104.59183825260237,-104.59183825260237,0,0,0,-1329.5744731548282,2498.7964763817076,2380.815000100921,2380.815000100921,550.0195936301989
2023-05-21T00:00:00Z,2381.091354835883,-2327.10179808566,-2327.10179808566,-2327.10179808566,0,0,0,0,0,0,0,0,0,0,0,0,0,0,0,0,0,0,-165.0236177176592,-165.0236177176592,-165.0236177176592,0,0,0,0,0,0,-2070.330156385945,-2070.330156385945,-2070.330156385945,-91.74802398205561,-91.74802398205561,-91.74802398205561,0,0,0,-1832.1087719686334,2077.2313319375985,2381.091354835883,2381.091354835883,53.98955675022307
2023-05-22T00:00:00Z,2381.367709570845,451.8129537110945,451.8129537110945,451.8129537110945,0,0,0,0,0,0,0,0,0,0,0,0,0,0,0,0,0,0,121.70185827851391,121.70185827851391,121.70185827851391,0,0,0,0,0,0,407.3400332026168,407.3400332026168,407.3400332026168,-77.22893777003611,-77.22893777003611,-77.22893777003611,0,0,0,810.2738983781951,4703.9993668739235,2381.367709570845,2381.367709570845,2833.1806632819394
2023-05-23T00:00:00Z,2381.6440643058063,1102.7804243701682,1102.7804243701682,1102.7804243701682,0,0,0,0,0,0,0,0,0,0,0,0,0,0,0,0,0,0,412.43784887882316,412.43784887882316,412.43784887882316,0,0,0,0,0,0,751.8708176879769,751.8708176879769,751.8708176879769,-61.528242196631794,-61.528242196631794,-61.528242196631794,0,0,0,1709.2778652857517,5479.790754353671,2381.6440643058063,2381.6440643058063,3484.4244886759743
2023-05-24T00:00:00Z,2381.920419040768,1262.1245701441912,1262.1245701441912,1262.1245701441912,0,0,0,0,0,0,0,0,0,0,0,0,0,0,0,0,0,0,521.6730169261448,521.6730169261448,521.6730169261448,0,0,0,0,0,0,785.6068199369688,785.6068199369688,785.6068199369688,-45.155266718921894,-45.155266718921894,-45.155266718921894,0,0,0,1746.7187516514584,5602.442983794659,2381.920419040768,2381.920419040768,3644.0449891849594
2023-05-25T00:00:00Z,2382.19677377573,1299.453561424807,1299.453561424807,1299.453561424807,0,0,0,0,0,0,0,0,0,0,0,0,0,0,0,0,0,0,515.9006065731153,515.9006065731153,515.9006065731153,0,0,0,0,0,0,812.1740657433664,812.1740657433664,812.1740657433664,-28.621110891674565,-28.621110891674565,-28.621110891674565,0,0,0,1639.5090764050449,5594.9744163023615,2382.19677377573,2382.19677377573,3681.650335200537
2023-05-26T00:00:00Z,2382.473128510692,1490.4270173828709,1490.4270173828709,1490.4270173828709,0,0,0,0,0,0,0,0,0,0,0,0,0,0,0,0,0,0,723.3722790902475,723.3722790902475,723.3722790902475,0,0,0,0,0,0,779.4799552355767,779.4799552355767,779.4799552355767,-12.425216942953332,-12.425216942953332,-12.425216942953332,0,0,0,2064.6816606199313,5728.0854796102885,2382.473128510692,2382.473128510692,3872.9001458935627
2023-05-27T00:00:00Z,2382.7493443451453,-26.304265537709483,-26.304265537709483,-26.304265537709483,0,0,0,0,0,0,0,0,0,0,0,0,0,0,0,0,0,0,1436.8800308668842,1436.8800308668842,1436.8800308668842,0,0,0,0,0,0,-1466.1415354159315,-1466.1415354159315,-1466.1415354159315,2.95723901133817,2.95723901133817,2.95723901133817,0,0,0,361.1647852531695,4247.724760976213,2382.7493443451453,2382.7493443451453,2356.445078807436
2023-05-28T00:00:00Z,2383.0255601796,502.0832407126488,502.0832407126488,502.0832407126488,0,0,0,0,0,0,0,0,0,0,0,0,0,0,0,0,0,0,2555.32657346971,2555.32657346971,2555.32657346971,0,0,0,0,0,0,-2070.3301563870377,-2070.3301563870377,-2070.3301563870377,17.086823629975935,17.086823629975935,17.086823629975935,0,0,0,929.0391812374329,4856.866453181774,2383.0255601796,2383.0255601796,2885.1088008922484
2023-05-29T00:00:00Z,2383.301776014054,3952.632912438624,3952.632912438624,3952.632912438624,0,0,0,0,0,0,0,0,0,0,0,0,0,0,0,0,0,0,3515.722958358785,3515.722958358785,3515.722958358785,0,0,0,0,0,0,407.34003320330106,407.34003320330106,407.34003320330106,29.569920876538767,29.569920876538767,29.569920876538767,0,0,0,4466.8224786709425,8210.45791122942,2383.301776014054,2383.301776014054,6335.9346884526785
2023-05-30T00:00:00Z,2383.577991848508,4431.489042386583,4431.489042386583,4431.489042386583,0,0,0,0,0,0,0,0,0,0,0,0,0,0,0,0,0,0,3639.551040630387,3639.551040630387,3639.551040630387,0,0,0,0,0,0,751.8708176887388,751.8708176887388,751.8708176887388,40.067184067457845,40.067184067457845,40.067184067457845,0,0,0,4899.566040783371,8728.362262193772,2383.577991848508,2383.577991848508,6815.067034235091
2023-05-31T00:00:00Z,2383.854207682962,3479.263672226272,3479.263672226272,3479.263672226272,0,0,0,0,0,0,0,0,0,0,0,0,0,0,0,0,0,0,2645.3566530230964,2645.3566530230964,2645.3566530230964,0,0,0,0,0,0,785.6068199372221,785.6068199372221,785.6068199372221,48.30019926595262,48.30019926595262,48.30019926595262,0,0,0,3925.450858177461,7900.195166905092,2383.854207682962,2383.854207682962,5863.117879909234
2023-06-01T00:00:00Z,2384.130423517416,1769.9743790635493,1769.9743790635493,1769.9743790635493,0,0,0,0,0,0,0,0,0,0,0,0,0,0,0,0,0,0,903.7440624930325,903.7440624930325,903.7440624930325,0,0,0,0,0,0,812.1740657441703,812.1740657441703,812.1740657441703,54.056250826346,54.056250826346,54.056250826346,0,0,0,2166.623265479251,5895.596331543508,2384.130423517416,2384.130423517416,4154.104802580965
2023-06-02T00:00:00Z,2384.4066393518706,43.05612549830618,43.05612549830618,43.05612549830618,0,0,0,0,0,0,0,0,0,0,0,0,0,0,0,0,0,0,-793.6149676376941,-793.6149676376941,-793.6149676376941,0,0,0,0,0,0,779.4799552339879,779.4799552339879,779.4799552339879,57.191137902012684,57.191137902012684,57.191137902012684,0,0,0,451.8295623917463,4337.798704539241,2384.4066393518706,2384.4066393518706,2427.462764850177
2023-06-03T00:00:00Z,2384.6828551863246,-3183.3605324901228,-3183.3605324901228,-3183.3605324901228,0,0,0,0,0,0,0,0,0,0,0,0,0,0,0,0,0,0,-1774.8490451066295,-1774.8490451066295,-1774.8490451066295,0,0,0,0,0,0,-1466.14153541497,-1466.14153541497,-1466.14153541497,57.63004803147691,57.63004803147691,57.63004803147691,0,0,0,-2685.313471044192,1327.5018984651742,2384.6828551863246,2384.6828551863246,-798.6776773037982
2023-06-04T00:00:00Z,2384.9590710207785,-3920.933354286889,-3920.933354286889,-3920.933354286889,0,0,0,0,0,0,0,0,0,0,0,0,0,0,0,0,0,0,-1905.9697467532546,-1905.9697467532546,-1905.9697467532546,0,0,0,0,0,0,-2070.3301563847685,-2070.3301563847685,-2070.3301563847685,55.36654885113436,55.36654885113436,55.36654885113436,0,0,0,-3450.3723951651864,204.84517099065013,2384.9590710207785,2384.9590710207785,-1535.9742832661104
2023-06-05T00:00:00Z,2385.235286855233,-2880.049522181262,-2880.049522181262,-2880.049522181262,0,0,0,0,0,0,-1767.1012203123178,-1767.1012203123178,-1767.1012203123178,0,0,0,0,0,0,-1767.1012203123178,-1767.1012203123178,-1767.1012203123178,-1570.7481450846187,-1570.7481450846187,-1570.7481450846187,0,0,0,0,0,0,407.34003320608093,407.34003320608093,407.34003320608093,50.45981000959319,50.45981000959319,50.45981000959319,0,0,0,-2342.4401933133095,1544.9827146246787,2385.235286855233,2385.235286855233,-494.8142353260291
2023-06-06T00:00:00Z,2385.511502689687,-481.8144348684465,-481.8144348684465,-481.8144348684465,0,0,0,0,0,0,0,0,0,0,0,0,0,0,0,0,0,0,-1276.7154656582502,-1276.7154656582502,-1276.7154656582502,0,0,0,0,0,0,751.8708176886735,751.8708176886735,751.8708176886735,43.03021310113006,43.03021310113006,43.03021310113006,0,0,0,74.80649268847729,3779.795077171685,2385.511502689687,2385.511502689687,1903.6970678212406
2023-06-07T00:00:00Z,2385.787718524141,-432.6644175424019,-432.6644175424019,-432.6644175424019,0,0,0,0,0,0,0,0,0,0,0,0,0,0,0,0,0,0,-1251.5247842027084,-1251.5247842027084,-1251.5247842027084,0,0,0,0,0,0,785.6068199376524,785.6068199376524,785.6068199376524,33.253546722653766,33.253546722653766,33.253546722653766,0,0,0,-8.855797978700124,3922.094019821791,2385.787718524141,2385.787718524141,1953.123300981739
2023-06-08T00:00:00Z,2386.0639343585954,-523.5625456598281,-523.5625456598281,-523.5625456598281,0,0,0,0,0,0,0,0,0,0,0,0,0,0,0,0,0,0,-1357.0906270622838,-1357.0906270622838,-1357.0906270622838,0,0,0,0,0,0,812.1740657449745,812.1740657449745,812.1740657449745,21.35401565748114,21.35401565748114,21.35401565748114,0,0,0,35.234139762891864,3887.1344057226897,2386.0639343585954,2386.0639343585954,1862.5013886987672
2023-06-09T00:00:00Z,2386.3401501930493,-546.3830937567756,-546.3830937567756,-546.3830937567756,0,0,0,0,0,0,0,0,0,0,0,0,0,0,0,0,0,0,-1333.4593659949226,-1333.4593659949226,-1333.4593659949226,0,0,0,0,0,0,779.4799552342876,779.4799552342876,779.4799552342876,7.5963170038595065,7.5963170038595065,7.5963170038595065,0,0,0,47.11232377071668,3781.164120146473,2386.3401501930493,2386.3401501930493,1839.957056436274
2023-06-10T00:00:00Z,2386.6163660275033,-2568.85127449335,-2568.85127449335,-2568.85127449335,0,0,0,0,0,0,0,0,0,0,0,0,0,0,0,0,0,0,-1094.986790467887,-1094.986790467887,-1094.986790467887,0,0,0,0,0,0,-1466.14153541797,-1466.14153541797,-1466.14153541797,-7.722948607493307,-7.722948607493307,-7.722948607493307,0,0,0,-2241.7503105786354,1606.5160838875859,2386.6163660275033,2386.6163660275033,-182.23490846584673
2023-06-11T00:00:00Z,2386.8925818619578,-2891.107402929318,-2891.107402929318,-2891.107402929318,0,0,0,0,0,0,0,0,0,0,0,0,0,0,0,0,0,0,-796.4929906588012,-796.4929906588012,-796.4929906588012,0,0,0,0,0,0,-2070.3301563895275,-2070.3301563895275,-2070.3301563895275,-24.28425588098924,-24.28425588098924,-24.28425588098924,0,0,0,-2441.2349465279085,1455.0619327613795,2386.8925818619578,2386.8925818619578,-504.2148210673604
2023-06-12T00:00:00Z,2387.1687976964117,-277.3731583003811,-277.3731583003811,-277.3731583003811,0,0,0,0,0,0,0,0,0,0,0,0,0,0,0,0,0,0,-642.9589407052727,-642.9589407052727,-642.9589407052727,0,0,0,0,0,0,407.34003320676516,407.34003320676516,407.34003320676516,-41.754250801873766,-41.754250801873766,-41.754250801873766,0,0,0,101.26472460709692,4054.310964701283,2387.1687976964117,2387.1687976964117,2109.7956393960308
2023-06-13T00:00:00Z,2387.4450135308657,24.27296108773914,24.27296108773914,24.27296108773914,0,0,0,0,0,0,0,0,0,0,0,0,0,0,0,0,0,0,-667.8031559850521,-667.8031559850521,-667.8031559850521,0,0,0,0,0,0,751.8708176884007,751.8708176884007,751.8708176884007,-59.79470061560961,-59.79470061560961,-59.79470061560961,0,0,0,457.7760478932568,4357.713226734322,2387.4450135308657,2387.4450135308657,2411.717974618605
2023-06-14T00:00:00Z,2387.72122936532,-3.99689792229045,-3.99689792229045,-3.99689792229045,0,0,0,0,0,0,0,0,0,0,0,0,0,0,0,0,0,0,-711.5326656107012,-711.5326656107012,-711.5326656107012,0,0,0,0,0,0,785.6068199367351,785.6068199367351,785.6068199367351,-78.0710522483243,-78.0710522483243,-78.0710522483243,0,0,0,473.5105978663254,4297.369450990642,2387.72122936532,2387.72122936532,2383.7243314430298
2023-06-15T00:00:00Z,2387.997445199774,107.98859233124467,107.98859233124467,107.98859233124467,0,0,0,0,0,0,0,0,0,0,0,0,0,0,0,0,0,0,-607.9250956964989,-607.9250956964989,-607.9250956964989,0,0,0,0,0,0,812.1740657443563,812.1740657443563,812.1740657443563,-96.26037771661265,-96.26037771661265,-96.26037771661265,0,0,0,487.08366014351805,4609.267157642335,2387.997445199774,2387.997445199774,2495.9860375310186
2023-06-16T00:00:00Z,2388.273661034228,296.9476823122187,296.9476823122187,296.9476823122187,0,0,0,0,0,0,0,0,0,0,0,0,0,0,0,0,0,0,-368.4737580683716,-368.4737580683716,-368.4737580683716,0,0,0,0,0,0,779.4799552371927,779.4799552371927,779.4799552371927,-114.05851485660246,-114.05851485660246,-114.05851485660246,0,0,0,847.6387381220059,4633.57237587828,2388.273661034228,2388.273661034228,2685.2213433464467
2023-06-17T00:00:00Z,2388.5498768686825,-1763.8240209723072,-1763.8240209723072,-1763.8240209723072,0,0,0,0,0,0,0,0,0,0,0,0,0,0,0,0,0,0,-166.4962395459346,-166.4962395459346,-166.4962395459346,0,0,0,0,0,0,-1466.14153542097,-1466.14153542097,-1466.14153542097,-131.18624600540218,-131.18624600540218,-131.18624600540218,0,0,0,-1248.7207108151079,2703.9542836740793,2388.5498768686825,2388.5498768686825,624.7258558963754
2023-06-18T00:00:00Z,2388.8260927031365,-2358.4652340544653,-2358.4652340544653,-2358.4652340544653,0,0,0,0,0,0,0,0,0,0,0,0,0,0,0,0,0,0,-140.74068286423656,-140.74068286423656,-140.74068286423656,0,0,0,0,0,0,-2070.3301563889395,-2070.3301563889395,-2070.3301563889395,-147.39439480128954,-147.39439480128954,-147.39439480128954,0,0,0,-1893.234417595986,1978.1814060835973,2388.8260927031365,2388.8260927031365,30.360858648671183
2023-06-19T00:00:00Z,2389.1023085375905,11.820294728889712,11.820294728889712,11.820294728889712,0,0,0,0,0,0,0,0,0,0,0,0,0,0,0,0,0,0,-233.05197774022983,-233.05197774022983,-233.05197774022983,0,0,0,0,0,0,407.3400332084973,407.3400332084973,407.3400332084973,-162.4677607393779,-162.4677607393779,-162.4677607393779,0,0,0,383.00123639656385,4394.7585007776715,2389.1023085375905,2389.1023085375905,2400.92260326648
2023-06-20T00:00:00Z,2389.378524372045,334.57813425024983,334.57813425024983,334.57813425024983,0,0,0,0,0,0,0,0,0,0,0,0,0,0,0,0,0,0,-241.0648322498257,-241.0648322498257,-241.0648322498257,0,0,0,0,0,0,751.870817688128,751.870817688128,751.870817688128,-176.22785118805254,-176.22785118805254,-176.22785118805254,0,0,0,794.8395096516034,4606.340830741782,2389.378524372045,2389.378524372045,2723.9566586222945
2023-06-21T00:00:00Z,2389.654740206499,559.8358071033016,559.8358071033016,559.8358071033016,0,0,0,0,0,0,0,0,0,0,0,0,0,0,0,0,0,0,-37.23660291057637,-37.23660291057637,-37.23660291057637,0,0,0,0,0,0,785.6068199371653,785.6068199371653,785.6068199371653,-188.53440992328746,-188.53440992328746,-188.53440992328746,0,0,0,1011.236649443515,4921.565482416573,2389.654740206499,2389.654740206499,2949.4905473098006
2023-06-22T00:00:00Z,2389.930956040953,894.6048856231188,894.6048856231188,894.6048856231188,0,0,0,0,0,0,0,0,0,0,0,0,0,0,0,0,0,0,281.71659854342374,281.71659854342374,281.71659854342374,0,0,0,0,0,0,812.1740657439371,812.1740657439371,812.1740657439371,-199.28577866424223,-199.28577866424223,-199.28577866424223,0,0,0,1358.6833067533819,5451.809437034333,2389.930956040953,2389.930956040953,3284.5358416640715
2023-06-23T00:00:00Z,2390.2071718754073,1064.362025706884,1064.362025706884,1064.362025706884,0,0,0,0,0,0,0,0,0,0,0,0,0,0,0,0,0,0,493.3002329023257,493.3002329023257,493.3002329023257,0,0,0,0,0,0,779.4799552374923,779.4799552374923,779.4799552374923,-208.41816243293408,-208.41816243293408,-208.41816243293408,0,0,0,1508.5270406881118,5539.7375122601425,2390.2071718754073,2390.2071718754073,3454.569197582291
2023-06-24T00:00:00Z,2390.4833877098613,-1165.5565169079957,-1165.5565169079957,-1165.5565169079957,0,0,0,0,0,0,0,0,0,0,0,0,0,0,0,0,0,0,516.4889183690892,516.4889183690892,516.4889183690892,0,0,0,0,0,0,-1466.1415354219896,-1466.1415354219896,-1466.1415354219896,-215.90389985509526,-215.90389985509526,-215.90389985509526,0,0,0,-615.0608858223519,3257.598287568599,2390.4833877098613,2390.4833877098613,1224.9268708018656
2023-06-25T00:00:00Z,2390.7596035443153,-1723.0619985140063,-1723.0619985140063,-1723.0619985140063,0,0,0,0,0,0,0,0,0,0,0,0,0,0,0,0,0,0,569.0170228018918,569.0170228018918,569.0170228018918,0,0,0,0,0,0,-2070.3301563883515,-2070.3301563883515,-2070.3301563883515,-221.74886492754683,-221.74886492754683,-221.74886492754683,0,0,0,-1095.8275273174445,2639.5534722653742,2390.7596035443153,2390.7596035443153,667.697605030309
2023-06-26T00:00:00Z,2391.0358193787692,1192.390801728023,1192.390801728023,1192.390801728023,0,0,0,0,0,0,0,0,0,0,0,0,0,0,0,0,0,0,1011.0399152080786,1011.0399152080786,1011.0399152080786,0,0,0,0,0,0,407.34003320095565,407.34003320095565,407.34003320095565,-225.98914668101105,-225.98914668101105,-225.98914668101105,0,0,0,1634.7508570952339,5556.760314152125,2391.0358193787692,2391.0358193787692,3583.4266211067925
2023-06-27T00:00:00Z,2391.3120352132237,2495.300515173292,2495.300515173292,2495.300515173292,0,0,0,0,0,0,0,0,0,0,0,0,0,0,0,0,0,0,1972.11686462158,1972.11686462158,1972.11686462158,0,0,0,0,0,0,751.8708176890972,751.8708176890972,751.8708176890972,-228.68716713738502,-228.68716713738502,-228.68716713738502,0,0,0,2889.1541467747834,6896.714005359138,2391.3120352132237,2391.3120352132237,4886.612550386515
2023-06-28T00:00:00Z,2391.5882510476777,3656.8980399034212,3656.8980399034212,3656.8980399034212,0,0,0,0,0,0,0,0,0,0,0,0,0,0,0,0,0,0,3101.218625752769,3101.218625752769,3101.218625752769,0,0,0,0,0,0,785.6068199375957,785.6068199375957,785.6068199375957,-229.9274057869436,-229.9274057869436,-229.9274057869436,0,0,0,4137.392329249173,7934.078630578818,2391.5882510476777,2391.5882510476777,6048.486290951099
2023-06-29T00:00:00Z,2391.8644668821316,1489.4995855550944,1489.4995855550944,1489.4995855550944,0,0,0,0,0,0,-2807.1705132673496,-2807.1705132673496,-2807.1705132673496,0,0,0,0,0,0,0,0,0,3714.3079335778602,3714.3079335778602,3714.3079335778602,-2807.1705132673496,-2807.1705132673496,-2807.1705132673496,0,0,0,812.1740657433193,812.1740657433193,812.1740657433193,-229.81190049873427,-229.81190049873427,-229.81190049873427,0,0,0,1973.0718251348078,5922.884142879248,2391.8644668821316,2391.8644668821316,3881.364052437226
2023-06-30T00:00:00Z,2392.140682716586,3598.0967811765695,3598.0967811765695,3598.0967811765695,0,0,0,0,0,0,-226.93189602890334,-226.93189602890334,-226.93189602890334,0,0,0,0,0,0,0,0,0,3274.0044125025584,3274.0044125025584,3274.0044125025584,-226.93189602890334,-226.93189602890334,-226.93189602890334,0,0,0,779.4799552359036,779.4799552359036,779.4799552359036,-228.45569053298797,-228.45569053298797,-228.45569053298797,0,0,0,4137.062596636828,8011.17062792946,2392.140682716586,2392.140682716586,5990.237463893156
2023-07-01T00:00:00Z,2392.41689855104,-492.09980019072196,-492.09980019072196,-492.09980019072196,0,0,0,0,0,0,-622.5529550184158,-622.5529550184158,-622.5529550184158,0,0,0,0,0,0,0,0,0,1822.577047813909,1822.577047813909,1822.577047813909,-622.5529550184158,-622.5529550184158,-622.5529550184158,0,0,0,-1466.1415354230087,-1466.1415354230087,-1466.1415354230087,-225.98235756320622,-225.98235756320622,-225.98235756320622,0,0,0,-1.861477484602411,3899.1062566656437,2392.41689855104,2392.41689855104,1900.3170983603181
2023-07-02T00:00:00Z,2392.693114385494,-2476.0515490260373,-2476.0515490260373,-2476.0515490260373,0,0,0,0,0,0,-181.3307832169664,-181.3307832169664,-181.3307832169664,0,0,0,0,0,0,0,0,0,-1.870803514810849,-1.870803514810849,-1.870803514810849,-181.3307832169664,-181.3307832169664,-181.3307832169664,0,0,0,-2070.3301563860814,-2070.3301563860814,-2070.3301563860814,-222.51980590817817,-222.51980590817817,-222.51980590817817,0,0,0,-2085.1837161789313,1858.0553854681464,2392.693114385494,2392.693114385494,-83.35843464054324
2023-07-03T00:00:00Z,2392.9693302199485,-1698.4344281364617,-1698.4344281364617,-1698.4344281364617,0,0,0,0,0,0,-490.648526741202,-490.648526741202,-490.648526741202,0,0,0,0,0,0,0,0,0,-1396.9295303294343,-1396.9295303294343,-1396.9295303294343,-490.648526741202,-490.648526741202,-490.648526741202,0,0,0,407.340033203736,407.340033203736,407.340033203736,-218.19640426956104,-218.19640426956104,-218.19640426956104,0,0,0,-1291.2940592427474,2568.414757731732,2392.9693302199485,2392.9693302199485,694.5349020834867
2023-07-04T00:00:00Z,2393.245546054403,-1770.439222347019,-1770.439222347019,-1770.439222347019,0,0,0,0,0,0,-377.86050769705633,-377.86050769705633,-377.86050769705633,0,0,0,0,0,0,0,0,0,-1931.311943329528,-1931.311943329528,-1931.311943329528,-377.86050769705633,-377.86050769705633,-377.86050769705633,0,0,0,751.8708176890319,751.8708176890319,751.8708176890319,-213.1375890094669,-213.1375890094669,-213.1375890094669,0,0,0,-1369.1358623823978,2598.6628212531864,2393.245546054403,2393.245546054403,622.8063237073839
2023-07-05T00:00:00Z,2393.5217618888564,-1330.4925109013507,-1330.4925109013507,-1330.4925109013507,0,0,0,0,0,0,-146.53172622105853,-146.53172622105853,-146.53172622105853,0,0,0,0,0,0,0,0,0,-1762.1046002788544,-1762.1046002788544,-1762.1046002788544,-146.53172622105853,-146.53172622105853,-146.53172622105853,0,0,0,785.606819936678,785.606819936678,785.606819936678,-207.46300433811595,-207.46300433811595,-207.46300433811595,0,0,0,-855.9396669894334,3084.0780372502622,2393.5217618888564,2393.5217618888564,1063.0292509875057
2023-07-06T00:00:00Z,2393.797977723311,-1142.3687235822915,-1142.3687235822915,-1142.3687235822915,0,0,0,0,0,0,-358.4597129499334,-358.4597129499334,-358.4597129499334,0,0,0,0,0,0,0,0,0,-1394.7988476540813,-1394.7988476540813,-1394.7988476540813,-358.4597129499334,-358.4597129499334,-358.4597129499334,0,0,0,812.1740657441233,812.1740657441233,812.1740657441233,-201.28422872239977,-201.28422872239977,-201.28422872239977,0,0,0,-681.4940754518914,3257.494655684398,2393.797977723311,2393.797977723311,1251.4292541410193
2023-07-07T00:00:00Z,2394.0741935577653,-647.5294120727084,-647.5294120727084,-647.5294120727084,0,0,0,0,0,0,0,0,0,0,0,0,0,0,0,0,0,0,-1232.306256944376,-1232.306256944376,-1232.306256944376,0,0,0,0,0,0,779.4799552343147,779.4799552343147,779.4799552343147,-194.70311036264684,-194.70311036264684,-194.70311036264684,0,0,0,-56.163260630742805,3786.503054590111,2394.0741935577653,2394.0741935577653,1746.5447814850568
2023-07-08T00:00:00Z,2394.350409392219,-2959.3907394565927,-2959.3907394565927,-2959.3907394565927,0,0,0,0,0,0,0,0,0,0,0,0,0,0,0,0,0,0,-1305.438495283922,-1305.438495283922,-1305.438495283922,0,0,0,0,0,0,-1466.141535415931,-1466.141535415931,-1466.141535415931,-187.81070875673979,-187.81070875673979,-187.81070875673979,0,0,0,-2498.1599884662005,1373.872863425982,2394.350409392219,2394.350409392219,-565.0403300643738
2023-07-09T00:00:00Z,2394.6266252266732,-3624.1920323446366,-3624.1920323446366,-3624.1920323446366,0,0,0,0,0,0,0,0,0,0,0,0,0,0,0,0,0,0,-1373.1750608731309,-1373.1750608731309,-1373.1750608731309,0,0,0,0,0,0,-2070.3301563871746,-2070.3301563871746,-2070.3301563871746,-180.68681508433113,-180.68681508433113,-180.68681508433113,0,0,0,-3087.2281841889476,762.7681955669841,2394.6266252266732,2394.6266252266732,-1229.5654071179633
2023-07-10T00:00:00Z,2394.902841061127,-1001.7427606360758,-1001.7427606360758,-1001.7427606360758,0,0,0,0,0,0,0,0,0,0,0,0,0,0,0,0,0,0,-1235.6827915488661,-1235.6827915488661,-1235.6827915488661,0,0,0,0,0,0,407.34003320442,407.34003320442,407.34003320442,-173.4000022916294,-173.4000022916294,-173.4000022916294,0,0,0,-638.3064893036833,3407.221985376048,2394.902841061127,2394.902841061127,1393.1600804250515
2023-07-11T00:00:00Z,2395.179056895581,-352.57668858006326,-352.57668858006326,-352.57668858006326,0,0,0,0,0,0,0,0,0,0,0,0,0,0,0,0,0,0,-938.439369192757,-938.439369192757,-938.439369192757,0,0,0,0,0,0,751.8708176887592,751.8708176887592,751.8708176887592,-166.0081370760653,-166.0081370760653,-166.0081370760653,0,0,0,115.8789540805432,4006.8918061158474,2395.179056895581,2395.179056895581,2042.6023683155179
2023-07-12T00:00:00Z,2395.4552727300356,-66.89545882223501,-66.89545882223501,-66.89545882223501,0,0,0,0,0,0,0,0,0,0,0,0,0,0,0,0,0,0,-693.9430076974081,-693.9430076974081,-693.9430076974081,0,0,0,0,0,0,785.6068199371082,785.6068199371082,785.6068199371082,-158.5592710619352,-158.5592710619352,-158.5592710619352,0,0,0,319.70434188880085,4214.435235362617,2395.4552727300356,2395.4552727300356,2328.5598139078006
2023-07-13T00:00:00Z,2395.7314885644896,21.011790648258703,21.011790648258703,21.011790648258703,0,0,0,0,0,0,0,0,0,0,0,0,0,0,0,0,0,0,-640.0694573010459,-640.0694573010459,-640.0694573010459,0,0,0,0,0,0,812.1740657408601,812.1740657408601,812.1740657408601,-151.0928177915552,-151.0928177915552,-151.0928177915552,0,0,0,554.867385622694,4480.568392225262,2395.7314885644896,2395.7314885644896,2416.7432792127483
2023-07-14T00:00:00Z,2396.0077043989436,-64.51626704007994,-64.51626704007994,-64.51626704007994,0,0,0,0,0,0,0,0,0,0,0,0,0,0,0,0,0,0,-700.3553062710893,-700.3553062710893,-700.3553062710893,0,0,0,0,0,0,779.4799552327263,779.4799552327263,779.4799552327263,-143.64091600171682,-143.64091600171682,-143.64091600171682,0,0,0,320.8443140158093,4400.436075051807,2396.0077043989436,2396.0077043989436,2331.4914373588635
2023-07-15T00:00:00Z,2396.283920233398,-2284.9970656554924,-2284.9970656554924,-2284.9970656554924,0,0,0,0,0,0,0,0,0,0,0,0,0,0,0,0,0,0,-682.6256521214382,-682.6256521214382,-682.6256521214382,0,0,0,0,0,0,-1466.1415354189307,-1466.1415354189307,-1466.1415354189307,-136.22987811512343,-136.22987811512343,-136.22987811512343,0,0,0,-1841.8792199375987,2283.096001595743,2396.283920233398,2396.283920233398,111.28685457790561
2023-07-16T00:00:00Z,2396.5399640851697,-2695.5213519612557,-2695.5213519612557,-2695.5213519612557,0,0,0,0,0,0,0,0,0,0,0,0,0,0,0,0,0,0,-496.3095696896394,-496.3095696896394,-496.3095696896394,0,0,0,0,0,0,-2070.330156384905,-2070.330156384905,-2070.330156384905,-128.8816258867119,-128.8816258867119,-128.8816258867119,0,0,0,-2309.442989107294,1470.6654885018918,2396.5399640851697,2396.5399640851697,-298.98138787608605
2023-07-17T00:00:00Z,2396.796007936942,35.099584542159846,35.099584542159846,35.099584542159846,0,0,0,0,0,0,0,0,0,0,0,0,0,0,0,0,0,0,-250.62542622388224,-250.62542622388224,-250.62542622388224,0,0,0,0,0,0,407.3400332061522,407.3400332061522,407.3400332061522,-121.61502244011007,-121.61502244011007,-121.61502244011007,0,0,0,532.1259687264727,4368.747906996502,2396.796007936942,2396.796007936942,2431.8955924791017
2023-07-18T00:00:00Z,2397.0520517887135,507.418822939718,507.418822939718,507.418822939718,0,0,0,0,0,0,0,0,0,0,0,0,0,0,0,0,0,0,-130.0049736337267,-130.0049736337267,-130.0049736337267,0,0,0,0,0,0,751.8708176884865,751.8708176884865,751.8708176884865,-114.44702111504176,-114.44702111504176,-114.44702111504176,0,0,0,885.4935745528182,4768.0206612022885,2397.0520517887135,2397.0520517887135,2904.4708747284312
2023-07-19T00:00:00Z,2397.3080956404856,-1272.529844703417,-1272.529844703417,-1272.529844703417,0,0,0,0,0,0,-1767.1012203123178,-1767.1012203123178,-1767.1012203123178,0,0,0,0,0,0,-1767.1012203123178,-1767.1012203123178,-1767.1012203123178,-183.64187827019487,-183.64187827019487,-183.64187827019487,0,0,0,0,0,0,785.6068199373615,785.6068199373615,785.6068199373615,-107.39356605826583,-107.39356605826583,-107.39356605826583,0,0,0,-718.2821200681809,3061.2299781616675,2397.3080956404856,2397.3080956404856,1124.7782509370686
2023-07-20T00:00:00Z,2397.5641394922573,451.6418362830247,451.6418362830247,451.6418362830247,0,0,0,0,0,0,0,0,0,0,0,0,0,0,0,0,0,0,-260.062032806238,-260.062032806238,-260.062032806238,0,0,0,0,0,0,812.1740657430863,812.1740657430863,812.1740657430863,-100.47019665382334,-100.47019665382334,-100.47019665382334,0,0,0,959.5912226305804,4899.067090163686,2397.5641394922573,2397.5641394922573,2849.205975775282
2023-07-21T00:00:00Z,2397.820183344029,520.7640105835582,520.7640105835582,520.7640105835582,0,0,0,0,0,0,0,0,0,0,0,0,0,0,0,0,0,0,-165.02361771688683,-165.02361771688683,-165.02361771688683,0,0,0,0,0,0,779.4799552330257,779.4799552330257,779.4799552330257,-93.69232693258071,-93.69232693258071,-93.69232693258071,0,0,0,924.8341502145984,4864.784745725001,2397.820183344029,2397.820183344029,2918.584193927587
2023-07-22T00:00:00Z,2398.076227195801,-1431.5148683214786,-1431.5148683214786,-1431.5148683214786,0,0,0,0,0,0,0,0,0,0,0,0,0,0,0,0,0,0,121.70185827927774,121.70185827927774,121.70185827927774,0,0,0,0,0,0,-1466.1415354179696,-1466.1415354179696,-1466.1415354179696,-87.07519118278668,-87.07519118278668,-87.07519118278668,0,0,0,-884.105491095484,3015.6007404442303,2398.076227195801,2398.076227195801,966.5613588743224
2023-07-23T00:00:00Z,2398.332271047573,-1738.5257747461378,-1738.5257747461378,-1738.5257747461378,0,0,0,0,0,0,0,0,0,0,0,0,0,0,0,0,0,0,412.4378488788586,412.4378488788586,412.4378488788586,0,0,0,0,0,0,-2070.3301563879836,-2070.3301563879836,-2070.3301563879836,-80.63346723701319,-80.63346723701319,-80.63346723701319,0,0,0,-1279.4561627018634,2710.164732961864,2398.332271047573,2398.332271047573,659.8064963014353
2023-07-24T00:00:00Z,2398.588314899345,854.6324416744708,854.6324416744708,854.6324416744708,0,0,0,0,0,0,0,0,0,0,0,0,0,0,0,0,0,0,521.6730169259919,521.6730169259919,521.6730169259919,0,0,0,0,0,0,407.3400331996585,407.3400331996585,407.3400331996585,-74.38060845117928,-74.38060845117928,-74.38060845117928,0,0,0,1414.872885211266,5144.216717599902,2398.588314899345,2398.588314899345,3253.2207565738154
2023-07-25T00:00:00Z,2398.8443587511165,1199.4434908733413,1199.4434908733413,1199.4434908733413,0,0,0,0,0,0,0,0,0,0,0,0,0,0,0,0,0,0,515.9006065738081,515.9006065738081,515.9006065738081,0,0,0,0,0,0,751.8708176882138,751.8708176882138,751.8708176882138,-68.32793338868066,-68.32793338868066,-68.32793338868066,0,0,0,1751.8278895385256,5563.312278751937,2398.8443587511165,2398.8443587511165,3598.2878496244575
2023-07-26T00:00:00Z,2399.100402602888,1446.4955611426153,1446.4955611426153,1446.4955611426153,0,0,0,0,0,0,0,0,0,0,0,0,0,0,0,0,0,0,723.3722790916983,723.3722790916983,723.3722790916983,0,0,0,0,0,0,785.606819937118,785.606819937118,785.606819937118,-62.48353788620083,-62.48353788620083,-62.48353788620083,0,0,0,1880.1994151833383,5669.3789976178105,2399.100402602888,2399.100402602888,3845.5959637455035
2023-07-27T00:00:00Z,2399.3564464546603,2192.2029897868615,2192.2029897868615,2192.2029897868615,0,0,0,0,0,0,0,0,0,0,0,0,0,0,0,0,0,0,1436.8800308670159,1436.8800308670159,1436.8800308670159,0,0,0,0,0,0,812.174065742468,812.174065742468,812.174065742468,-56.85110682262281,-56.85110682262281,-56.85110682262281,0,0,0,2591.02006882104,6476.72669769529,2399.3564464546603,2399.3564464546603,4591.559436241521
2023-07-28T00:00:00Z,2399.6124903064324,3283.377816721862,3283.377816721862,3283.377816721862,0,0,0,0,0,0,0,0,0,0,0,0,0,0,0,0,0,0,2555.3265734717374,2555.3265734717374,2555.3265734717374,0,0,0,0,0,0,779.4799552314371,779.4799552314371,779.4799552314371,-51.428711981311906,-51.428711981311906,-51.428711981311906,0,0,0,3728.6551009262007,7695.434348565203,2399.6124903064324,2399.6124903064324,5682.990307028294
2023-07-29T00:00:00Z,2399.868534158204,2003.3737355040134,2003.3737355040134,2003.3737355040134,0,0,0,0,0,0,0,0,0,0,0,0,0,0,0,0,0,0,3515.7229583593135,3515.7229583593135,3515.7229583593135,0,0,0,0,0,0,-1466.1415354209698,-1466.1415354209698,-1466.1415354209698,-46.20768743433046,-46.20768743433046,-46.20768743433046,0,0,0,2470.2021962313283,6178.820415172555,2399.868534158204,2399.868534158204,4403.242269662218
2023-07-30T00:00:00Z,2400.1245780099757,1528.049209594713,1528.049209594713,1528.049209594713,0,0,0,0,0,0,0,0,0,0,0,0,0,0,0,0,0,0,3639.5510406305534,3639.5510406305534,3639.5510406305534,0,0,0,0,0,0,-2070.3301563873956,-2070.3301563873956,-2070.3301563873956,-41.17167464844601,-41.17167464844601,-41.17167464844601,0,0,0,2118.1090768713716,5933.765790290896,2400.1245780099757,2400.1245780099757,3928.1737876046886
2023-07-31T00:00:00Z,2400.380621861748,3016.4007603528985,3016.4007603528985,3016.4007603528985,0,0,0,0,0,0,0,0,0,0,0,0,0,0,0,0,0,0,2645.3566530223493,2645.3566530223493,2645.3566530223493,0,0,0,0,0,0,407.3400332013906,407.3400332013906,407.3400332013906,-36.295925870841145,-36.295925870841145,-36.295925870841145,0,0,0,3596.798048610736,7320.059509776859,2400.380621861748,2400.380621861748,5416.781382214646
2023-08-01T00:00:00Z,2400.6366657135195,1624.0679337681477,1624.0679337681477,1624.0679337681477,0,0,0,0,0,0,0,0,0,0,0,0,0,0,0,0,0,0,903.7440624919607,903.7440624919607,903.7440624919607,0,0,0,0,0,0,751.8708176881483,751.8708176881483,751.8708176881483,-31.546946411961017,-31.546946411961017,-31.546946411961017,0,0,0,2035.406427698931,6094.791555769734,2400.6366657135195,2400.6366657135195,4024.704599481667
2023-08-02T00:00:00Z,2400.8927095652916,-34.89069209958167,-34.89069209958167,-34.89069209958167,0,0,0,0,0,0,0,0,0,0,0,0,0,0,0,0,0,0,-793.6149676374143,-793.6149676374143,-793.6149676374143,0,0,0,0,0,0,785.6068199368746,785.6068199368746,785.6068199368746,-26.882544399041805,-26.882544399041805,-26.882544399041805,0,0,0,473.84889005081885,4270.712243893473,2400.8927095652916,2400.8927095652916,2366.0020174657097
2023-08-03T00:00:00Z,2401.1487534170633,-984.9273202320636,-984.9273202320636,-984.9273202320636,0,0,0,0,0,0,0,0,0,0,0,0,0,0,0,0,0,0,-1774.8490451073208,-1774.8490451073208,-1774.8490451073208,0,0,0,0,0,0,812.1740657418499,812.1740657418499,812.1740657418499,-22.252340866592554,-22.252340866592554,-22.252340866592554,0,0,0,-623.2047469745718,3468.6940846102216,2401.1487534170633,2401.1487534170633,1416.2214331849996
2023-08-04T00:00:00Z,2401.4047972688354,-1144.088565736093,-1144.088565736093,-1144.088565736093,0,0,0,0,0,0,0,0,0,0,0,0,0,0,0,0,0,0,-1905.9697467533879,-1905.9697467533879,-1905.9697467533879,0,0,0,0,0,0,779.4799552362306,779.4799552362306,779.4799552362306,-17.598774218935024,-17.598774218935024,-17.598774218935024,0,0,0,-675.8942288112664,3157.360587140055,2401.4047972688354,2401.4047972688354,1257.3162315327424
2023-08-05T00:00:00Z,2401.660841120607,-3049.7482923364223,-3049.7482923364223,-3049.7482923364223,0,0,0,0,0,0,0,0,0,0,0,0,0,0,0,0,0,0,-1570.7481450835749,-1570.7481450835749,-1570.7481450835749,0,0,0,0,0,0,-1466.141535421989,-1466.141535421989,-1466.141535421989,-12.85861183085847,-12.85861183085847,-12.85861183085847,0,0,0,-2550.249558167314,1227.155521129295,2401.660841120607,2401.660841120607,-648.0874512158152
2023-08-06T00:00:00Z,2401.9168849723787,-3355.0105807028244,-3355.0105807028244,-3355.0105807028244,0,0,0,0,0,0,0,0,0,0,0,0,0,0,0,0,0,0,-1276.7154656591624,-1276.7154656591624,-1276.7154656591624,0,0,0,0,0,0,-2070.3301563868063,-2070.3301563868063,-2070.3301563868063,-7.964958656856025,-7.964958656856025,-7.964958656856025,0,0,0,-2845.6855200440996,918.22012265858,2401.9168849723787,2401.9168849723787,-953.0936957304457
2023-08-07T00:00:00Z,2402.172928824151,-847.0344800619205,-847.0344800619205,-847.0344800619205,0,0,0,0,0,0,0,0,0,0,0,0,0,0,0,0,0,0,-1251.5247842046385,-1251.5247842046385,-1251.5247842046385,0,0,0,0,0,0,407.3400332020748,407.3400332020748,407.3400332020748,-2.849729059356718,-2.849729059356718,-2.849729059356718,0,0,0,-476.06769876042733,3480.8744528971006,2402.172928824151,2402.172928824151,1555.1384487622304
2023-08-08T00:00:00Z,2402.4289726759225,-602.6663339562422,-602.6663339562422,-602.6663339562422,0,0,0,0,0,0,0,0,0,0,0,0,0,0,0,0,0,0,-1357.0906270630396,-1357.0906270630396,-1357.0906270630396,0,0,0,0,0,0,751.870817687668,751.870817687668,751.870817687668,2.55347541912877,2.55347541912877,2.55347541912877,0,0,0,-121.84552831954815,3661.099892267632,2402.4289726759225,2402.4289726759225,1799.7626387196804
2023-08-09T00:00:00Z,2402.6850165276946,-539.5463840700522,-539.5463840700522,-539.5463840700522,0,0,0,0,0,0,0,0,0,0,0,0,0,0,0,0,0,0,-1333.4593659942407,-1333.4593659942407,-1333.4593659942407,0,0,0,0,0,0,785.6068199378013,785.6068199378013,785.6068199378013,8.30616198638727,8.30616198638727,8.30616198638727,0,0,0,-36.086230053608546,3850.2378547390726,2402.6850165276946,2402.6850165276946,1863.1386324576424
2023-08-10T00:00:00Z,2402.9410603794663,-268.35120851420385,-268.35120851420385,-268.35120851420385,0,0,0,0,0,0,0,0,0,0,0,0,0,0,0,0,0,0,-1094.9867904683283,-1094.9867904683283,-1094.9867904683283,0,0,0,0,0,0,812.1740657440761,812.1740657440761,812.1740657440761,14.461516210048156,14.461516210048156,14.461516210048156,0,0,0,199.67765895769395,4055.902804610947,2402.9410603794663,2402.9410603794663,2134.5898518652625
2023-08-11T00:00:00Z,2403.197104231238,4.047827270146913,4.047827270146913,4.047827270146913,0,0,0,0,0,0,0,0,0,0,0,0,0,0,0,0,0,0,-796.4929906596499,-796.4929906596499,-796.4929906596499,0,0,0,0,0,0,779.4799552346419,779.4799552346419,779.4799552346419,21.060862695154793,21.060862695154793,21.060862695154793,0,0,0,328.57544470348967,4260.895602143431,2403.197104231238,2403.197104231238,2407.244931501385
2023-08-12T00:00:00Z,2403.45314808301,-2080.97032820127,-2080.97032820127,-2080.97032820127,0,0,0,0,0,0,0,0,0,0,0,0,0,0,0,0,0,0,-642.9589407039708,-642.9589407039708,-642.9589407039708,0,0,0,0,0,0,-1466.1415354230082,-1466.1415354230082,-1466.1415354230082,28.130147925709533,28.130147925709533,28.130147925709533,0,0,0,-1668.6030639611581,2350.5625788550856,2403.45314808301,2403.45314808301,322.48281988173994
2023-08-13T00:00:00Z,2403.709191934782,-2702.4567266850095,-2702.4567266850095,-2702.4567266850095,0,0,0,0,0,0,0,0,0,0,0,0,0,0,0,0,0,0,-667.8031559850451,-667.8031559850451,-667.8031559850451,0,0,0,0,0,0,-2070.3301563862183,-2070.3301563862183,-2070.3301563862183,35.67658568625384,35.67658568625384,35.67658568625384,0,0,0,-2194.7436636286243,1697.7235664978748,2403.709191934782,2403.709191934782,-298.74753475022726
2023-08-14T00:00:00Z,2403.965235786554,-260.50702251940595,-260.50702251940595,-260.50702251940595,0,0,0,0,0,0,0,0,0,0,0,0,0,0,0,0,0,0,-711.5326656107209,-711.5326656107209,-711.5326656107209,0,0,0,0,0,0,407.34003320485476,407.34003320485476,407.34003320485476,43.68560988646004,43.68560988646004,43.68560988646004,0,0,0,222.73969082447414,4251.309386125657,2403.965235786554,2403.965235786554,2143.458213267148
2023-08-15T00:00:00Z,2404.221279638326,196.06400072243076,196.06400072243076,196.06400072243076,0,0,0,0,0,0,0,0,0,0,0,0,0,0,0,0,0,0,-607.9250956972586,-607.9250956972586,-607.9250956972586,0,0,0,0,0,0,751.8708176888449,751.8708176888449,751.8708176888449,52.11827873084443,52.11827873084443,52.11827873084443,0,0,0,750.9381877868915,4580.393982889207,2404.221279638326,2404.221279638326,2600.2852803607566
2023-08-16T00:00:00Z,2404.477323490097,478.04232968042413,478.04232968042413,478.04232968042413,0,0,0,0,0,0,0,0,0,0,0,0,0,0,0,0,0,0,-368.47375806700006,-368.47375806700006,-368.47375806700006,0,0,0,0,0,0,785.6068199375577,785.6068199375577,785.6068199375577,60.90926780986645,60.90926780986645,60.90926780986645,0,0,0,859.0366764812707,4960.474407698628,2404.477323490097,2404.477323490097,2882.5196531705215
2023-08-17T00:00:00Z,2404.7333673418693,715.643404064208,715.643404064208,715.643404064208,0,0,0,0,0,0,0,0,0,0,0,0,0,0,0,0,0,0,-166.49623954517875,-166.49623954517875,-166.49623954517875,0,0,0,0,0,0,812.174065743458,812.174065743458,812.174065743458,69.9655778659289,69.9655778659289,69.9655778659289,0,0,0,1109.3582586830084,5024.2579156589845,2404.7333673418693,2404.7333673418693,3120.3767714060773
2023-08-18T00:00:00Z,2404.9894111936414,717.9053382334973,717.9053382334973,717.9053382334973,0,0,0,0,0,0,0,0,0,0,0,0,0,0,0,0,0,0,-140.74068286417486,-140.74068286417486,-140.74068286417486,0,0,0,0,0,0,779.4799552349414,779.4799552349414,779.4799552349414,79.16606586273087,79.16606586273087,79.16606586273087,0,0,0,1250.0667840062845,5043.124820642024,2404.9894111936414,2404.9894111936414,3122.894749427139
2023-08-19T00:00:00Z,2405.245455045413,-1610.8316271573296,-1610.8316271573296,-1610.8316271573296,0,0,0,0,0,0,0,0,0,0,0,0,0,0,0,0,0,0,-233.05197774133643,-233.05197774133643,-233.05197774133643,0,0,0,0,0,0,-1466.1415354240278,-1466.1415354240278,-1466.1415354240278,88.3618860080344,88.3618860080344,88.3618860080344,0,0,0,-1068.441094872292,2766.5350620806257,2405.245455045413,2405.245455045413,794.4138278880835
2023-08-20T00:00:00Z,2405.5014988971852,-2214.0170875698695,-2214.0170875698695,-2214.0170875698695,0,0,0,0,0,0,0,0,0,0,0,0,0,0,0,0,0,0,-241.06483225013898,-241.06483225013898,-241.06483225013898,0,0,0,0,0,0,-2070.330156389297,-2070.330156389297,-2070.330156389297,97.37790106956595,97.37790106956595,97.37790106956595,0,0,0,-1836.0407494670162,2232.516188616773,2405.5014988971852,2405.5014988971852,191.48441132731568
2023-08-21T00:00:00Z,2405.757542748957,476.1185247726421,476.1185247726421,476.1185247726421,0,0,0,0,0,0,0,0,0,0,0,0,0,0,0,0,0,0,-37.23660291102847,-37.23660291102847,-37.23660291102847,0,0,0,0,0,0,407.34003320553904,407.34003320553904,407.34003320553904,106.01509447813147,106.01509447813147,106.01509447813147,0,0,0,918.587313203998,4981.915841493284,2405.757542748957,2405.757542748957,2881.876067521599
2023-08-22T00:00:00Z,2406.0135866007286,1147.6413974315483,1147.6413974315483,1147.6413974315483,0,0,0,0,0,0,0,0,0,0,0,0,0,0,0,0,0,0,281.7165985428932,281.7165985428932,281.7165985428932,0,0,0,0,0,0,751.8708176885722,751.8708176885722,751.8708176885722,114.05398120008252,114.05398120008252,114.05398120008252,0,0,0,1620.4918993490587,5537.783367920161,2406.0135866007286,2406.0135866007286,3553.654984032277
2023-08-23T00:00:00Z,2406.2696304525007,1400.1660340451824,1400.1660340451824,1400.1660340451824,0,0,0,0,0,0,0,0,0,0,0,0,0,0,0,0,0,0,493.3002329028015,493.3002329028015,493.3002329028015,0,0,0,0,0,0,785.6068199373141,785.6068199373141,785.6068199373141,121.25898120506699,121.25898120506699,121.25898120506699,0,0,0,1906.5430963413178,5723.130175825171,2406.2696304525007,2406.2696304525007,3806.4356644976833
2023-08-24T00:00:00Z,2406.5256743042723,1456.0466688007327,1456.0466688007327,1456.0466688007327,0,0,0,0,0,0,0,0,0,0,0,0,0,0,0,0,0,0,516.488918369537,516.488918369537,516.488918369537,0,0,0,0,0,0,812.1740657442621,812.1740657442621,812.1740657442621,127.38368468693386,127.38368468693386,127.38368468693386,0,0,0,1836.9201885666057,5811.032468054325,2406.5256743042723,2406.5256743042723,3862.572343105005
2023-08-25T00:00:00Z,2406.7817181560445,1480.6738821799381,1480.6738821799381,1480.6738821799381,0,0,0,0,0,0,0,0,0,0,0,0,0,0,0,0,0,0,569.0170228014659,569.0170228014659,569.0170228014659,0,0,0,0,0,0,779.4799552314641,779.4799552314641,779.4799552314641,132.1769041470081,132.1769041470081,132.1769041470081,0,0,0,1936.8810362800975,5823.8176108088555,2406.7817181560445,2406.7817181560445,3887.4556003359826
2023-08-26T00:00:00Z,2407.037762007816,-319.71224398198086,-319.71224398198086,-319.71224398198086,0,0,0,0,0,0,0,0,0,0,0,0,0,0,0,0,0,0,1011.0399152076037,1011.0399152076037,1011.0399152076037,0,0,0,0,0,0,-1466.1415354189307,-1466.1415354189307,-1466.1415354189307,135.389376229346,135.389376229346,135.389376229346,0,0,0,6.477046841071346,4021.9462187618924,2407.037762007816,2407.037762007816,2087.325518025835
2023-08-27T00:00:00Z,2407.293805859588,38.567655188834856,38.567655188834856,38.567655188834856,0,0,0,0,0,0,0,0,0,0,0,0,0,0,0,0,0,0,1972.1168646215872,1972.1168646215872,1972.1168646215872,0,0,0,0,0,0,-2070.3301563903897,-2070.3301563903897,-2070.3301563903897,136.78094695763747,136.78094695763747,136.78094695763747,0,0,0,506.5675439003255,4382.677291040795,2407.293805859588,2407.293805859588,2445.861461048423
2023-08-28T00:00:00Z,2407.54984971136,3644.686707813423,3644.686707813423,3644.686707813423,0,0,0,0,0,0,0,0,0,0,0,0,0,0,0,0,0,0,3101.218625753879,3101.218625753879,3101.218625753879,0,0,0,0,0,0,407.3400332062232,407.3400332062232,407.3400332062232,136.12804885332042,136.12804885332042,136.12804885332042,0,0,0,4039.86135162327,8081.804051352909,2407.54984971136,2407.54984971136,6052.236557524782
2023-08-29T00:00:00Z,2407.805893563132,4599.410009598635,4599.410009598635,4599.410009598635,0,0,0,0,0,0,0,0,0,0,0,0,0,0,0,0,0,0,3714.3079335785305,3714.3079335785305,3714.3079335785305,0,0,0,0,0,0,751.8708176882996,751.8708176882996,751.8708176882996,133.23125833180484,133.23125833180484,133.23125833180484,0,0,0,5075.069218471472,8910.629379207074,2407.805893563132,2407.805893563132,7007.215903161767
2023-08-30T00:00:00Z,2408.0619374149037,4187.533940062217,4187.533940062217,4187.533940062217,0,0,0,0,0,0,0,0,0,0,0,0,0,0,0,0,0,0,3274.004412503332,3274.004412503332,3274.004412503332,0,0,0,0,0,0,785.6068199370704,785.6068199370704,785.6068199370704,127.9227076218144,127.9227076218144,127.9227076218144,0,0,0,4533.886478922921,8371.356863569075,2408.0619374149037,2408.0619374149037,6595.595877477121
2023-08-31T00:00:00Z,2408.317981266676,987.7230111892006,987.7230111892006,987.7230111892006,0,0,0,0,0,0,-1767.1012203123178,-1767.1012203123178,-1767.1012203123178,0,0,0,0,0,0,-1767.1012203123178,-1767.1012203123178,-1767.1012203123178,1822.5770478153295,1822.5770478153295,1822.5770478153295,0,0,0,0,0,0,812.1740657424208,812.1740657424208,812.1740657424208,120.07311794376804,120.07311794376804,120.07311794376804,0,0,0,1468.3216277697302,5161.874273826235,2408.317981266676,2408.317981266676,3396.040992455876
2023-09-01T00:00:00Z,2408.574025118447,887.2073720203277,887.2073720203277,887.2073720203277,0,0,0,0,0,0,0,0,0,0,0,0,0,0,0,0,0,0,-1.8708035133961596,-1.8708035133961596,-1.8708035133961596,0,0,0,0,0,0,779.4799552317642,779.4799552317642,779.4799552317642,109.59822030195977,109.59822030195977,109.59822030195977,0,0,0,1344.9053196276031,5189.887822000707,2408.574025118447,2408.574025118447,3295.781397138775
2023-09-02T00:00:00Z,2408.830068970219,-2766.6067284570686,-2766.6067284570686,-2766.6067284570686,0,0,0,0,0,0,0,0,0,0,0,0,0,0,0,0,0,0,-1396.9295303303757,-1396.9295303303757,-1396.9295303303757,0,0,0,0,0,0,-1466.1415354199498,-1466.1415354199498,-1466.1415354199498,96.46433729325703,96.46433729325703,96.46433729325703,0,0,0,-2293.3407438051695,1588.9445722023886,2408.830068970219,2408.830068970219,-357.77665948684944
2023-09-03T00:00:00Z,2409.0861128219917,-3920.9491858750675,-3920.9491858750675,-3920.9491858750675,0,0,0,0,0,0,0,0,0,0,0,0,0,0,0,0,0,0,-1931.3119433297009,-1931.3119433297009,-1931.3119433297009,0,0,0,0,0,0,-2070.3301563881205,-2070.3301563881205,-2070.3301563881205,80.69291384275488,80.69291384275488,80.69291384275488,0,0,0,-3438.8358417710688,353.8792585213977,2409.0861128219917,2409.0861128219917,-1511.8630730530758
2023-09-04T00:00:00Z,2409.3216207249097,-1292.4007604958072,-1292.4007604958072,-1292.4007604958072,0,0,0,0,0,0,0,0,0,0,0,0,0,0,0,0,0,0,-1762.1046002782737,-1762.1046002782737,-1762.1046002782737,0,0,0,0,0,0,407.34003320795546,407.34003320795546,407.34003320795546,62.36380657451082,62.36380657451082,62.36380657451082,0,0,0,-741.8862814790187,3163.156147644675,2409.3216207249097,2409.3216207249097,1116.9208602291026
2023-09-05T00:00:00Z,2409.557128627828,-601.3108597866257,-601.3108597866257,-601.3108597866257,0,0,0,0,0,0,0,0,0,0,0,0,0,0,0,0,0,0,-1394.7988476538308,-1394.7988476538308,-1394.7988476538308,0,0,0,0,0,0,751.8708176892686,751.8708176892686,751.8708176892686,41.61717017793598,41.61717017793598,41.61717017793598,0,0,0,-116.66552728600408,3829.0067753302537,2409.557128627828,2409.557128627828,1808.2462688412024
2023-09-06T00:00:00Z,2409.7926365307467,-428.04562304160453,-428.04562304160453,-428.04562304160453,0,0,0,0,0,0,0,0,0,0,0,0,0,0,0,0,0,0,-1232.3062569438591,-1232.3062569438591,-1232.3062569438591,0,0,0,0,0,0,785.6068199375011,785.6068199375011,785.6068199375011,18.653813964753994,18.653813964753994,18.653813964753994,0,0,0,44.29607565056644,4012.768932775227,2409.7926365307467,2409.7926365307467,1981.747013489142
2023-09-07T00:00:00Z,2410.028144433665,-499.53048756381014,-499.53048756381014,-499.53048756381014,0,0,0,0,0,0,0,0,0,0,0,0,0,0,0,0,0,0,-1305.4384952853954,-1305.4384952853954,-1305.4384952853954,0,0,0,0,0,0,812.1740657432248,812.1740657432248,812.1740657432248,-6.266058021639172,-6.266058021639172,-6.266058021639172,0,0,0,-82.89571307722443,3727.924923218373,2410.028144433665,2410.028144433665,1910.497656869855
2023-09-08T00:00:00Z,2410.2636523365836,-626.5208712343854,-626.5208712343854,-626.5208712343854,0,0,0,0,0,0,0,0,0,0,0,0,0,0,0,0,0,0,-1373.1750608731136,-1373.1750608731136,-1373.1750608731136,0,0,0,0,0,0,779.479955232064,779.479955232064,779.479955232064,-32.82576559333555,-32.82576559333555,-32.82576559333555,0,0,0,-194.59482937520417,3722.487210080376,2410.2636523365836,2410.2636523365836,1783.7427811021983
2023-09-09T00:00:00Z,2410.4991602395016,-2762.4810515224203,-2762.4810515224203,-2762.4810515224203,0,0,0,0,0,0,0,0,0,0,0,0,0,0,0,0,0,0,-1235.6827915486551,-1235.6827915486551,-1235.6827915486551,0,0,0,0,0,0,-1466.1415354209691,-1466.1415354209691,-1466.1415354209691,-60.656724552795566,-60.656724552795566,-60.656724552795566,0,0,0,-2317.5502832152774,1560.7262295709636,2410.4991602395016,2410.4991602395016,-351.9818912829187
2023-09-10T00:00:00Z,2410.7346681424206,-3098.114143779745,-3098.114143779745,-3098.114143779745,0,0,0,0,0,0,0,0,0,0,0,0,0,0,0,0,0,0,-938.4393691932239,-938.4393691932239,-938.4393691932239,0,0,0,0,0,0,-2070.330156387532,-2070.330156387532,-2070.330156387532,-89.34461819898965,-89.34461819898965,-89.34461819898965,0,0,0,-2693.0195863889203,1205.1129869420215,2410.7346681424206,2410.7346681424206,-687.3794756373245
2023-09-11T00:00:00Z,2410.970176045339,-405.0400393405467,-405.0400393405467,-405.0400393405467,0,0,0,0,0,0,0,0,0,0,0,0,0,0,0,0,0,0,-693.9430076962882,-693.9430076962882,-693.9430076962882,0,0,0,0,0,0,407.34003320146184,407.34003320146184,407.34003320146184,-118.43706484572017,-118.43706484572017,-118.43706484572017,0,0,0,48.04783877823394,3920.6401376961753,2410.970176045339,2410.970176045339,2005.9301367047924
2023-09-12T00:00:00Z,2411.205683948257,-35.65126975557581,-35.65126975557581,-35.65126975557581,0,0,0,0,0,0,0,0,0,0,0,0,0,0,0,0,0,0,-640.0694573011328,-640.0694573011328,-640.0694573011328,0,0,0,0,0,0,751.8708176892035,751.8708176892035,751.8708176892035,-147.45263014364627,-147.45263014364627,-147.45263014364627,0,0,0,530.7859721584142,4420.183149361791,2411.205683948257,2411.205683948257,2375.554414192681
2023-09-13T00:00:00Z,2411.441191851176,-90.63947435064037,-90.63947435064037,-90.63947435064037,0,0,0,0,0,0,0,0,0,0,0,0,0,0,0,0,0,0,-700.3553062710264,-700.3553062710264,-700.3553062710264,0,0,0,0,0,0,785.6068199365831,785.6068199365831,785.6068199365831,-175.89098801619704,-175.89098801619704,-175.89098801619704,0,0,0,367.55701000263383,4294.618718334312,2411.441191851176,2411.441191851176,2320.8017175005357
2023-09-14T00:00:00Z,2411.6766997540944,-73.69557973820402,-73.69557973820402,-73.69557973820402,0,0,0,0,0,0,0,0,0,0,0,0,0,0,0,0,0,0,-682.6256521215138,-682.6256521215138,-682.6256521215138,0,0,0,0,0,0,812.1740657426069,812.1740657426069,812.1740657426069,-203.243993359297,-203.243993359297,-203.243993359297,0,0,0,298.6263045742853,4174.484452845553,2411.6766997540944,2411.6766997540944,2337.9811200158906
2023-09-15T00:00:00Z,2411.9122076570125,54.16299085290484,54.16299085290484,54.16299085290484,0,0,0,0,0,0,0,0,0,0,0,0,0,0,0,0,0,0,-496.3095696894913,-496.3095696894913,-496.3095696894913,0,0,0,0,0,0,779.4799552285865,779.4799552285865,779.4799552285865,-229.0073946861903,-229.0073946861903,-229.0073946861903,0,0,0,489.6279433566148,4375.618611375613,2411.9122076570125,2411.9122076570125,2466.0751985099173
2023-09-17T00:00:00Z,2412.38322346285,-2474.175314137608,-2474.175314137608,-2474.175314137608,0,0,0,0,0,0,0,0,0,0,0,0,0,0,0,0,0,0,-130.00497363457168,-130.00497363457168,-130.00497363457168,0,0,0,0,0,0,-2070.3301563869436,-2070.3301563869436,-2070.3301563869436,-273.8401841160927,-273.8401841160927,-273.8401841160927,0,0,0,-2046.6986674158825,1794.1955059043119,2412.38322346285,2412.38322346285,-61.79209067475813
2023-09-18T00:00:00Z,2412.618731365768,-68.33062706160521,-68.33062706160521,-68.33062706160521,0,0,0,0,0,0,0,0,0,0,0,0,0,0,0,0,0,0,-183.6418782702999,-183.6418782702999,-183.6418782702999,0,0,0,0,0,0,407.34003320319385,407.34003320319385,407.34003320319385,-292.0287819944991,-292.0287819944991,-292.0287819944991,0,0,0,454.25558619329007,4214.082668104374,2412.618731365768,2412.618731365768,2344.2881043041625
2023-09-19T00:00:00Z,2412.854239268687,184.91970913337155,184.91970913337155,184.91970913337155,0,0,0,0,0,0,0,0,0,0,0,0,0,0,0,0,0,0,-260.06203280663607,-260.06203280663607,-260.06203280663607,0,0,0,0,0,0,751.8708176891383,751.8708176891383,751.8708176891383,-306.88907574913077,-306.88907574913077,-306.88907574913077,0,0,0,581.9221571316954,4602.529505649453,2412.854239268687,2412.854239268687,2597.7739484020585
2023-09-20T00:00:00Z,2413.089747171605,302.4706923973736,302.4706923973736,302.4706923973736,0,0,0,0,0,0,0,0,0,0,0,0,0,0,0,0,0,0,-165.02361771719822,-165.02361771719822,-165.02361771719822,0,0,0,0,0,0,785.6068199370135,785.6068199370135,785.6068199370135,-318.1125098224417,-318.1125098224417,-318.1125098224417,0,0,0,769.2693871918776,4691.071934644194,2413.089747171605,2413.089747171605,2715.5604395689784
2023-09-21T00:00:00Z,2413.3252550745233,608.4154725856533,608.4154725856533,608.4154725856533,0,0,0,0,0,0,0,0,0,0,0,0,0,0,0,0,0,0,121.70185827634441,121.70185827634441,121.70185827634441,0,0,0,0,0,0,812.1740657434108,812.1740657434108,812.1740657434108,-325.46045143410186,-325.46045143410186,-325.46045143410186,0,0,0,1265.832634126397,4819.438905635379,2413.3252550745233,2413.3252550745233,3021.7407276601766
2023-09-22T00:00:00Z,2413.560762977442,863.1462959204312,863.1462959204312,863.1462959204312,0,0,0,0,0,0,0,0,0,0,0,0,0,0,0,0,0,0,412.43784887841076,412.43784887841076,412.43784887841076,0,0,0,0,0,0,779.4799552352687,779.4799552352687,779.4799552352687,-328.77150819324834,-328.77150819324834,-328.77150819324834,0,0,0,1252.4972678806969,5151.568212619011,2413.560762977442,2413.560762977442,3276.707058897873
2023-09-23T00:00:00Z,2413.79627088036,-1272.4355644224374,-1272.4355644224374,-1272.4355644224374,0,0,0,0,0,0,0,0,0,0,0,0,0,0,0,0,0,0,521.6730169258785,521.6730169258785,521.6730169258785,0,0,0,0,0,0,-1466.1415354168914,-1466.1415354168914,-1466.1415354168914,-327.96704593142454,-327.96704593142454,-327.96704593142454,0,0,0,-786.8498644797565,3254.7211673849283,2413.79627088036,2413.79627088036,1141.3607064579228
2023-09-24T00:00:00Z,2414.0317787832787,-1877.4842570446292,-1877.4842570446292,-1877.4842570446292,0,0,0,0,0,0,0,0,0,0,0,0,0,0,0,0,0,0,515.9006065725878,515.9006065725878,515.9006065725878,0,0,0,0,0,0,-2070.330156386355,-2070.330156386355,-2070.330156386355,-323.0547072308616,-323.0547072308616,-323.0547072308616,0,0,0,-1433.2392476102934,2508.7565510293102,2414.0317787832787,2414.0317787832787,536.5475217386495
2023-09-25T00:00:00Z,2414.2672866861976,816.5825298734384,816.5825298734384,816.5825298734384,0,0,0,0,0,0,0,0,0,0,0,0,0,0,0,0,0,0,723.3722790908598,723.3722790908598,723.3722790908598,0,0,0,0,0,0,407.3400332038782,407.3400332038782,407.3400332038782,-314.1297824212998,-314.1297824212998,-314.1297824212998,0,0,0,1112.747507484534,5059.779253259279,2414.2672866861976,2414.2672866861976,3230.849816559636
2023-09-26T00:00:00Z,2414.5027945891156,1887.3765067827032,1887.3765067827032,1887.3765067827032,0,0,0,0,0,0,0,0,0,0,0,0,0,0,0,0,0,0,1436.88003086575,1436.88003086575,1436.88003086575,0,0,0,0,0,0,751.870817688658,751.870817688658,751.870817688658,-301.3743417717054,-301.3743417717054,-301.3743417717054,0,0,0,2358.8613758044107,6306.556130881381,2414.5027945891156,2414.5027945891156,4301.879301371819
2023-09-27T00:00:00Z,2414.738302492034,3055.879294735435,3055.879294735435,3055.879294735435,0,0,0,0,0,0,0,0,0,0,0,0,0,0,0,0,0,0,2555.326573471638,2555.326573471638,2555.326573471638,0,0,0,0,0,0,785.6068199372668,785.6068199372668,785.6068199372668,-285.0540986734689,-285.0540986734689,-285.0540986734689,0,0,0,3641.0631470084695,7406.4893763106065,2414.738302492034,2414.738302492034,5470.617597227469
2023-09-28T00:00:00Z,2414.973810394953,2295.2827667001498,2295.2827667001498,2295.2827667001498,0,0,0,0,0,0,-1767.1012203123178,-1767.1012203123178,-1767.1012203123178,0,0,0,0,0,0,-1767.1012203123178,-1767.1012203123178,-1767.1012203123178,3515.7229583591543,3515.7229583591543,3515.7229583591543,0,0,0,0,0,0,812.1740657442147,812.1740657442147,812.1740657442147,-265.51303709090257,-265.51303709090257,-265.51303709090257,0,0,0,2816.619695854133,6651.29966934608,2414.973810394953,2414.973810394953,4710.256577095102
2023-09-29T00:00:00Z,2415.209318297871,4175.865095241646,4175.865095241646,4175.865095241646,0,0,0,0,0,0,0,0,0,0,0,0,0,0,0,0,0,0,3639.5510406305493,3639.5510406305493,3639.5510406305493,0,0,0,0,0,0,779.4799552336798,779.4799552336798,779.4799552336798,-243.1659006225832,-243.1659006225832,-243.1659006225832,0,0,0,4541.151073782595,8514.52731326129,2415.209318297871,2415.209318297871,6591.074413539516
2023-09-30T00:00:00Z,2415.4448262007895,960.7264142997693,960.7264142997693,960.7264142997693,0,0,0,0,0,0,0,0,0,0,0,0,0,0,0,0,0,0,2645.3566530235357,2645.3566530235357,2645.3566530235357,0,0,0,0,0,0,-1466.14153541593,-1466.14153541593,-1466.14153541593,-218.4887033078366,-218.4887033078366,-218.4887033078366,0,0,0,1319.3187380803463,5267.382370255967,2415.4448262007895,2415.4448262007895,3376.1712405005587
2023-10-01T00:00:00Z,2415.680334103708,-1358.593575822094,-1358.593575822094,-1358.593575822094,0,0,0,0,0,0,0,0,0,0,0,0,0,0,0,0,0,0,903.7440624934662,903.7440624934662,903.7440624934662,0,0,0,0,0,0,-2070.3301563840855,-2070.3301563840855,-2070.3301563840855,-192.00748193147444,-192.00748193147444,-192.00748193147444,0,0,0,-817.1836512345496,3128.949576333681,2415.680334103708,2415.680334103708,1057.086758281614
2023-10-02T00:00:00Z,2415.9158420066265,-550.5604986493651,-550.5604986493651,-550.5604986493651,0,0,0,0,0,0,0,0,0,0,0,0,0,0,0,0,0,0,-793.614967636245,-793.614967636245,-793.614967636245,0,0,0,0,0,0,407.3400332066582,407.3400332066582,407.3400332066582,-164.2855642197783,-164.2855642197783,-164.2855642197783,0,0,0,50.462057730237014,3940.7175906698603,2415.9158420066265,2415.9158420066265,1865.3553433572615
2023-10-03T00:00:00Z,2416.151349909545,-1158.8879026575444,-1158.8879026575444,-1158.8879026575444,0,0,0,0,0,0,0,0,0,0,0,0,0,0,0,0,0,0,-1774.8490451069204,-1774.8490451069204,-1774.8490451069204,0,0,0,0,0,0,751.8708176885929,751.8708176885929,751.8708176885929,-135.90967523921694,-135.90967523921694,-135.90967523921694,0,0,0,-818.5668837193813,3189.885647777535,2416.151349909545,2416.151349909545,1257.2634472520006
2023-10-04T00:00:00Z,2416.3868578124634,-1227.8381707898484,-1227.8381707898484,-1227.8381707898484,0,0,0,0,0,0,0,0,0,0,0,0,0,0,0,0,0,0,-1905.9697467525395,-1905.9697467525395,-1905.9697467525395,0,0,0,0,0,0,785.6068199370229,785.6068199370229,785.6068199370229,-107.47524397433206,-107.47524397433206,-107.47524397433206,0,0,0,-745.0587108394718,3009.3732450574503,2416.3868578124634,2416.3868578124634,1188.548687022615
2023-10-05T00:00:00Z,2416.622365715382,-838.1453814440704,-838.1453814440704,-838.1453814440704,0,0,0,0,0,0,0,0,0,0,0,0,0,0,0,0,0,0,-1570.7481450831601,-1570.7481450831601,-1570.7481450831601,0,0,0,0,0,0,812.1740657450189,812.1740657450189,812.1740657450189,-79.57130210592891,-79.57130210592891,-79.57130210592891,0,0,0,-431.1472327105894,3448.966759335771,2416.622365715382,2416.622365715382,1578.4769842713115
2023-10-06T00:00:00Z,2416.8578736183003,-550.0008967928248,-550.0008967928248,-550.0008967928248,0,0,0,0,0,0,0,0,0,0,0,0,0,0,0,0,0,0,-1276.715465659672,-1276.715465659672,-1276.715465659672,0,0,0,0,0,0,779.4799552320909,779.4799552320909,779.4799552320909,-52.76538636524392,-52.76538636524392,-52.76538636524392,0,0,0,-66.4749030681527,3736.4608643456036,2416.8578736183003,2416.8578736183003,1866.8569768254756
2023-10-07T00:00:00Z,2417.093381521219,-2745.255183315606,-2745.255183315606,-2745.255183315606,0,0,0,0,0,0,0,0,0,0,0,0,0,0,0,0,0,0,-1251.5247842041776,-1251.5247842041776,-1251.5247842041776,0,0,0,0,0,0,-1466.14153541893,-1466.14153541893,-1466.14153541893,-27.58886369249785,-27.58886369249785,-27.58886369249785,0,0,0,-2268.867288040293,1692.6382654789136,2417.093381521219,2417.093381521219,-328.161801794387
2023-10-08T00:00:00Z,2417.3288894241373,-3431.943877776549,-3431.943877776549,-3431.943877776549,0,0,0,0,0,0,0,0,0,0,0,0,0,0,0,0,0,0,-1357.090627062221,-1357.090627062221,-1357.090627062221,0,0,0,0,0,0,-2070.330156388845,-2070.330156388845,-2070.330156388845,-4.523094325482972,-4.523094325482972,-4.523094325482972,0,0,0,-2932.524588846318,1000.3971318825721,2417.3288894241373,2417.3288894241373,-1014.6149883524117
2023-10-09T00:00:00Z,2417.5643973270558,-910.1061645365255,-910.1061645365255,-910.1061645365255,0,0,0,0,0,0,0,0,0,0,0,0,0,0,0,0,0,0,-1333.4593659951122,-1333.4593659951122,-1333.4593659951122,0,0,0,0,0,0,407.3400331991165,407.3400331991165,407.3400331991165,16.013168259470003,16.013168259470003,16.013168259470003,0,0,0,-492.3086450956648,3484.385521412915,2417.5643973270558,2417.5643973270558,1507.4582327905302
2023-10-10T00:00:00Z,2417.7999052299742,-309.4412030889024,-309.4412030889024,-309.4412030889024,0,0,0,0,0,0,0,0,0,0,0,0,0,0,0,0,0,0,-1094.9867904687692,-1094.9867904687692,-1094.9867904687692,0,0,0,0,0,0,751.8708176883199,751.8708176883199,751.8708176883199,33.67476969154675,33.67476969154675,33.67476969154675,0,0,0,150.91004068202545,4134.831888133863,2417.7999052299742,2417.7999052299742,2108.3587021410717
2023-10-11T00:00:00Z,2418.0354131328927,37.313037099015936,37.313037099015936,37.313037099015936,0,0,0,0,0,0,0,0,0,0,0,0,0,0,0,0,0,0,-796.4929906588044,-796.4929906588044,-796.4929906588044,0,0,0,0,0,0,785.6068199367795,785.6068199367795,785.6068199367795,48.1992078210409,48.1992078210409,48.1992078210409,0,0,0,644.7849703590763,4431.814963141929,2418.0354131328927,2418.0354131328927,2455.348450231909
2023-10-12T00:00:00Z,2418.270921035811,228.6285898392539,228.6285898392539,228.6285898392539,0,0,0,0,0,0,0,0,0,0,0,0,0,0,0,0,0,0,-642.9589407041761,-642.9589407041761,-642.9589407041761,0,0,0,0,0,0,812.1740657444005,812.1740657444005,812.1740657444005,59.413464799029306,59.413464799029306,59.413464799029306,0,0,0,609.4568288289297,4763.019393461171,2418.270921035811,2418.270921035811,2646.899510875065
2023-10-13T00:00:00Z,2418.5064289387296,178.91519437924103,178.91519437924103,178.91519437924103,0,0,0,0,0,0,0,0,0,0,0,0,0,0,0,0,0,0,-667.803155985039,-667.803155985039,-667.803155985039,0,0,0,0,0,0,779.4799552368848,779.4799552368848,779.4799552368848,67.23839512739512,67.23839512739512,67.23839512739512,0,0,0,548.6499473966367,4489.634769481362,2418.5064289387296,2418.5064289387296,2597.4216233179704
2023-10-14T00:00:00Z,2418.741936841648,-2105.983687962459,-2105.983687962459,-2105.983687962459,0,0,0,0,0,0,0,0,0,0,0,0,0,0,0,0,0,0,-711.5326656110202,-711.5326656110202,-711.5326656110202,0,0,0,0,0,0,-1466.1415354219305,-1466.1415354219305,-1466.1415354219305,71.69051307049112,71.69051307049112,71.69051307049112,0,0,0,-1697.5562799118475,2307.126663093001,2418.741936841648,2418.741936841648,312.75824887918907
2023-10-15T00:00:00Z,2418.9774447445666,-2605.3741571007854,-2605.3741571007854,-2605.3741571007854,0,0,0,0,0,0,0,0,0,0,0,0,0,0,0,0,0,0,-607.9250956964249,-607.9250956964249,-607.9250956964249,0,0,0,0,0,0,-2070.3301563882565,-2070.3301563882565,-2070.3301563882565,72.88109498389586,72.88109498389586,72.88109498389586,0,0,0,-1963.3230897335052,1765.947068798205,2418.9774447445666,2418.9774447445666,-186.3967123562188
2023-10-16T00:00:00Z,2419.212952647485,109.87886318784375,109.87886318784375,109.87886318784375,0,0,0,0,0,0,0,0,0,0,0,0,0,0,0,0,0,0,-368.4737580681688,-368.4737580681688,-368.4737580681688,0,0,0,0,0,0,407.3400332008488,407.3400332008488,407.3400332008488,71.0125880551637,71.0125880551637,71.0125880551637,0,0,0,532.860095401125,4393.367451733356,2419.212952647485,2419.212952647485,2529.091815835329
2023-10-17T00:00:00Z,2419.4484605504035,651.746972672598,651.746972672598,651.746972672598,0,0,0,0,0,0,0,0,0,0,0,0,0,0,0,0,0,0,-166.49623954618076,-166.49623954618076,-166.49623954618076,0,0,0,0,0,0,751.8708176880473,751.8708176880473,751.8708176880473,66.37239453073148,66.37239453073148,66.37239453073148,0,0,0,1139.698868376449,4900.252944880867,2419.4484605504035,2419.4484605504035,3071.1954332230016
2023-10-18T00:00:00Z,2419.6839684533215,704.1903145551734,704.1903145551734,704.1903145551734,0,0,0,0,0,0,0,0,0,0,0,0,0,0,0,0,0,0,-140.740682863907,-140.740682863907,-140.740682863907,0,0,0,0,0,0,785.6068199372098,785.6068199372098,785.6068199372098,59.32417748187054,59.32417748187054,59.32417748187054,0,0,0,1004.993185897498,4885.884277171408,2419.6839684533215,2419.6839684533215,3123.874283008495
2023-10-19T00:00:00Z,2419.9194763562405,629.4189962847468,629.4189962847468,629.4189962847468,0,0,0,0,0,0,0,0,0,0,0,0,0,0,0,0,0,0,-233.0519777417667,-233.0519777417667,-233.0519777417667,0,0,0,0,0,0,812.1740657439816,812.1740657439816,812.1740657439816,50.29690828253174,50.29690828253174,50.29690828253174,0,0,0,1097.262932071505,5039.991934046328,2419.9194763562405,2419.9194763562405,3049.338472640987
2023-10-20T00:00:00Z,2420.154984259159,578.1870680144131,578.1870680144131,578.1870680144131,0,0,0,0,0,0,0,0,0,0,0,0,0,0,0,0,0,0,-241.0648322494977,-241.0648322494977,-241.0648322494977,0,0,0,0,0,0,779.4799552371845,779.4799552371845,779.4799552371845,39.77194502672611,39.77194502672611,39.77194502672611,0,0,0,1223.3667861326544,5120.869637785943,2420.154984259159,2420.154984259159,2998.342052273572
2023-10-21T00:00:00Z,2420.390492162077,-1475.1096453570633,-1475.1096453570633,-1475.1096453570633,0,0,0,0,0,0,0,0,0,0,0,0,0,0,0,0,0,0,-37.2366029114804,-37.2366029114804,-37.2366029114804,0,0,0,0,0,0,-1466.141535420969,-1466.141535420969,-1466.141535420969,28.268492975386,28.268492975386,28.268492975386,0,0,0,-951.2605893394993,2821.8511412456915,2420.390492162077,2420.390492162077,945.2808468050137
2023-10-22T00:00:00Z,2420.626000064996,-1772.2857069662332,-1772.2857069662332,-1772.2857069662332,0,0,0,0,0,0,0,0,0,0,0,0,0,0,0,0,0,0,281.71659854236276,281.71659854236276,281.71659854236276,0,0,0,0,0,0,-2070.3301563876685,-2070.3301563876685,-2070.3301563876685,16.327850879072518,16.327850879072518,16.327850879072518,0,0,0,-1241.3872680132833,2579.2799984905287,2420.626000064996,2420.626000064996,648.3402930987627
2023-10-23T00:00:00Z,2420.8615079679143,905.1371550510588,905.1371550510588,905.1371550510588,0,0,0,0,0,0,0,0,0,0,0,0,0,0,0,0,0,0,493.3002329031653,493.3002329031653,493.3002329031653,0,0,0,0,0,0,407.34003320258097,407.34003320258097,407.34003320258097,4.49688894531276,4.49688894531276,4.49688894531276,0,0,0,1373.4056379589251,5250.406337399184,2420.8615079679143,2420.8615079679143,3325.9986630189733
2023-10-24T00:00:00Z,2421.0970158708324,1261.670969961089,1261.670969961089,1261.670969961089,0,0,0,0,0,0,0,0,0,0,0,0,0,0,0,0,0,0,516.4889183690149,516.4889183690149,516.4889183690149,0,0,0,0,0,0,751.8708176890165,751.8708176890165,751.8708176890165,-6.688766096942422,-6.688766096942422,-6.688766096942422,0,0,0,1689.1250915145893,5561.672110310407,2421.0970158708324,2421.0970158708324,3682.7679858319216
2023-10-25T00:00:00Z,2421.3325237737513,1337.90249570549,1337.90249570549,1337.90249570549,0,0,0,0,0,0,0,0,0,0,0,0,0,0,0,0,0,0,569.0170228024921,569.0170228024921,569.0170228024921,0,0,0,0,0,0,785.60681993764,785.60681993764,785.60681993764,-16.721347034641973,-16.721347034641973,-16.721347034641973,0,0,0,1749.5076678432924,5689.299881294741,2421.3325237737513,2421.3325237737513,3759.2350194792416
2023-10-26T00:00:00Z,2421.568033111762,1798.0771117368954,1798.0771117368954,1798.0771117368954,0,0,0,0,0,0,0,0,0,0,0,0,0,0,0,0,0,0,1011.0399152066333,1011.0399152066333,1011.0399152066333,0,0,0,0,0,0,812.1740657433636,812.1740657433636,812.1740657433636,-25.136869213101537,-25.136869213101537,-25.136869213101537,0,0,0,2299.1868436016302,6131.261356779087,2421.568033111762,2421.568033111762,4219.645144848657
2023-10-27T00:00:00Z,2421.8035424497725,2720.0669412931907,2720.0669412931907,2720.0669412931907,0,0,0,0,0,0,0,0,0,0,0,0,0,0,0,0,0,0,1972.116864621593,1972.116864621593,1972.116864621593,0,0,0,0,0,0,779.4799552355958,779.4799552355958,779.4799552355958,-31.529878563998135,-31.529878563998135,-31.529878563998135,0,0,0,3381.9878978044408,7149.310817464335,2421.8035424497725,2421.8035424497725,5141.870483742963
2023-10-28T00:00:00Z,2422.039051787783,1599.5105213634467,1599.5105213634467,1599.5105213634467,0,0,0,0,0,0,0,0,0,0,0,0,0,0,0,0,0,0,3101.218625752893,3101.218625752893,3101.218625752893,0,0,0,0,0,0,-1466.1415354239687,-1466.1415354239687,-1466.1415354239687,-35.56656896547745,-35.56656896547745,-35.56656896547745,0,0,0,2059.784788335808,5893.067093258965,2422.039051787783,2422.039051787783,4021.54957315123
2023-10-29T00:00:00Z,2422.2745611257938,1606.9819237793672,1606.9819237793672,1606.9819237793672,0,0,0,0,0,0,0,0,0,0,0,0,0,0,0,0,0,0,3714.307933578526,3714.307933578526,3714.307933578526,0,0,0,0,0,0,-2070.330156385399,-2070.330156385399,-2070.330156385399,-36.99585341375969,-36.99585341375969,-36.99585341375969,0,0,0,2151.967819871229,6080.116090243239,2422.2745611257938,2422.2745611257938,4029.256484905161
2023-10-30T00:00:00Z,2422.510070463804,3645.6864192208054,3645.6864192208054,3645.6864192208054,0,0,0,0,0,0,0,0,0,0,0,0,0,0,0,0,0,0,3274.0044125020027,3274.0044125020027,3274.0044125020027,0,0,0,0,0,0,407.3400332043131,407.3400332043131,407.3400332043131,-35.65802648551059,-35.65802648551059,-35.65802648551059,0,0,0,4080.4771015230244,8081.165536808053,2422.510070463804,2422.510070463804,6068.196489684609
2023-10-31T00:00:00Z,2422.7455798018145,2542.9571453935228,2542.9571453935228,2542.9571453935228,0,0,0,0,0,0,0,0,0,0,0,0,0,0,0,0,0,0,1822.5770478143738,1822.5770478143738,1822.5770478143738,0,0,0,0,0,0,751.8708176889511,751.8708176889511,751.8708176889511,-31.490720109801668,-31.490720109801668,-31.490720109801668,0,0,0,2836.0126759517225,6916.4293107757985,2422.7455798018145,2422.7455798018145,4965.702725195337
2023-11-01T00:00:00Z,2422.981089139825,759.204087327368,759.204087327368,759.204087327368,0,0,0,0,0,0,0,0,0,0,0,0,0,0,0,0,0,0,-1.870803513248588,-1.870803513248588,-1.870803513248588,0,0,0,0,0,0,785.6068199367227,785.6068199367227,785.6068199367227,-24.531929096105976,-24.531929096105976,-24.531929096105976,0,0,0,1157.1955976593551,5077.263873771026,2422.981089139825,2422.981089139825,3182.1851764671933
2023-11-02T00:00:00Z,2423.2165984778358,-599.675429769129,-599.675429769129,-599.675429769129,0,0,0,0,0,0,0,0,0,0,0,0,0,0,0,0,0,0,-1396.9295303291499,-1396.9295303291499,-1396.9295303291499,0,0,0,0,0,0,812.1740657441676,812.1740657441676,812.1740657441676,-14.919965184146893,-14.919965184146893,-14.919965184146893,0,0,0,-143.49228005004338,3653.640679940337,2423.2165984778358,2423.2165984778358,1823.5411687087067
2023-11-03T00:00:00Z,2423.4521078158464,-1154.7222744489732,-1154.7222744489732,-1154.7222744489732,0,0,0,0,0,0,0,0,0,0,0,0,0,0,0,0,0,0,-1931.311943329711,-1931.311943329711,-1931.311943329711,0,0,0,0,0,0,779.479955234007,779.479955234007,779.479955234007,-2.890286353268807,-2.890286353268807,-2.890286353268807,0,0,0,-656.6941313669367,3345.612088208614,2423.4521078158464,2423.4521078158464,1268.7298333668732
2023-11-04T00:00:00Z,2423.687617153857,-3217.015374996383,-3217.015374996383,-3217.015374996383,0,0,0,0,0,0,0,0,0,0,0,0,0,0,0,0,0,0,-1762.1046002780445,-1762.1046002780445,-1762.1046002780445,0,0,0,0,0,0,-1466.1415354168912,-1466.1415354168912,-1466.1415354168912,11.230760698552357,11.230760698552357,11.230760698552357,0,0,0,-2696.112402508711,1154.1615598382548,2423.687617153857,2423.687617153857,-793.3277578425259
2023-11-05T00:00:00Z,2423.9231264918676,-3438.0938488275137,-3438.0938488275137,-3438.0938488275137,0,0,0,0,0,0,0,0,0,0,0,0,0,0,0,0,0,0,-1394.7988476547007,-1394.7988476547007,-1394.7988476547007,0,0,0,0,0,0,-2070.33015639184,-2070.33015639184,-2070.33015639184,27.035155219027054,27.035155219027054,27.035155219027054,0,0,0,-3005.018582786478,885.2830161652935,2423.9231264918676,2423.9231264918676,-1014.1707223356461
2023-11-06T00:00:00Z,2424.158635829878,-780.9210689644561,-780.9210689644561,-780.9210689644561,0,0,0,0,0,0,0,0,0,0,0,0,0,0,0,0,0,0,-1232.3062569433894,-1232.3062569433894,-1232.3062569433894,0,0,0,0,0,0,407.3400332049969,407.3400332049969,407.3400332049969,44.04515477393621,44.04515477393621,44.04515477393621,0,0,0,-327.3033077850169,3446.5388508373653,2424.158635829878,2424.158635829878,1643.2375668654222
2023-11-07T00:00:00Z,2424.3941451678884,-491.8399967697231,-491.8399967697231,-491.8399967697231,0,0,0,0,0,0,0,0,0,0,0,0,0,0,0,0,0,0,-1305.4384952850244,-1305.4384952850244,-1305.4384952850244,0,0,0,0,0,0,751.8708176884711,751.8708176884711,751.8708176884711,61.72768082683013,61.72768082683013,61.72768082683013,0,0,0,-138.07096064286924,3818.869213994535,2424.3941451678884,2424.3941451678884,1932.5541483981654
2023-11-08T00:00:00Z,2424.629654505899,-508.05748575410416,-508.05748575410416,-508.05748575410416,0,0,0,0,0,0,0,0,0,0,0,0,0,0,0,0,0,0,-1373.1750608730963,-1373.1750608730963,-1373.1750608730963,0,0,0,0,0,0,785.6068199371529,785.6068199371529,785.6068199371529,79.51075518183879,79.51075518183879,79.51075518183879,0,0,0,-10.530703914959018,3956.150446919297,2424.629654505899,2424.629654505899,1916.5721687517948
2023-11-09T00:00:00Z,2424.8651638439096,-326.7071891008138,-326.7071891008138,-326.7071891008138,0,0,0,0,0,0,0,0,0,0,0,0,0,0,0,0,0,0,-1235.6827915489964,-1235.6827915489964,-1235.6827915489964,0,0,0,0,0,0,812.1740657423263,812.1740657423263,812.1740657423263,96.80153670585605,96.80153670585605,96.80153670585605,0,0,0,172.2389556301123,3982.4775954963375,2424.8651638439096,2424.8651638439096,2098.157974743096
2023-11-10T00:00:00Z,2425.1006731819202,-45.95396268981935,-45.95396268981935,-45.95396268981935,0,0,0,0,0,0,0,0,0,0,0,0,0,0,0,0,0,0,-938.4393691935254,-938.4393691935254,-938.4393691935254,0,0,0,0,0,0,779.4799552324181,779.4799552324181,779.4799552324181,113.00545127128787,113.00545127128787,113.00545127128787,0,0,0,473.8870434495928,4176.178174957766,2425.1006731819202,2425.1006731819202,2379.1467104921007
2023-11-11T00:00:00Z,2425.336182519931,-2032.5386781296343,-2032.5386781296343,-2032.5386781296343,0,0,0,0,0,0,0,0,0,0,0,0,0,0,0,0,0,0,-693.9430076968366,-693.9430076968366,-693.9430076968366,0,0,0,0,0,0,-1466.1415354198912,-1466.1415354198912,-1466.1415354198912,127.54586498709365,127.54586498709365,127.54586498709365,0,0,0,-1487.0384681705887,2269.820252357629,2425.336182519931,2425.336182519931,392.7975043902966
2023-11-12T00:00:00Z,2425.5716918579415,-4337.6171109991765,-4337.6171109991765,-4337.6171109991765,0,0,0,0,0,0,-1767.1012203123178,-1767.1012203123178,-1767.1012203123178,0,0,0,0,0,0,-1767.1012203123178,-1767.1012203123178,-1767.1012203123178,-640.0694573002492,-640.0694573002492,-640.0694573002492,0,0,0,0,0,0,-2070.33015638957,-2070.33015638957,-2070.33015638957,139.88372300296032,139.88372300296032,139.88372300296032,0,0,0,-3827.3193874446083,109.46290642152897,2425.5716918579415,2425.5716918579415,-1912.045419141235
2023-11-13T00:00:00Z,2425.807201195952,-1910.5799288022934,-1910.5799288022934,-1910.5799288022934,0,0,0,0,0,0,-1767.1012203123178,-1767.1012203123178,-1767.1012203123178,0,0,0,0,0,0,-1767.1012203123178,-1767.1012203123178,-1767.1012203123178,-700.3553062719684,-700.3553062719684,-700.3553062719684,0,0,0,0,0,0,407.3400332067294,407.3400332067294,407.3400332067294,149.53656457526333,149.53656457526333,149.53656457526333,0,0,0,-1381.5548682376848,2394.0302278010427,2425.807201195952,2425.807201195952,515.2272723936587
2023-11-14T00:00:00Z,2426.0427105339627,225.34149584823066,225.34149584823066,225.34149584823066,0,0,0,0,0,0,0,0,0,0,0,0,0,0,0,0,0,0,-682.6256521212756,-682.6256521212756,-682.6256521212756,0,0,0,0,0,0,751.8708176884055,751.8708176884055,751.8708176884055,156.0963302811006,156.0963302811006,156.0963302811006,0,0,0,731.5656584056112,4606.681587963578,2426.0427105339627,2426.0427105339627,2651.3842063821935
2023-11-15T00:00:00Z,2426.278219871973,448.5426497080361,448.5426497080361,448.5426497080361,0,0,0,0,0,0,0,0,0,0,0,0,0,0,0,0,0,0,-496.30956968832095,-496.30956968832095,-496.30956968832095,0,0,0,0,0,0,785.606819937406,785.606819937406,785.606819937406,159.24539945895074,159.24539945895074,159.24539945895074,0,0,0,859.7256958038198,4919.035608256549,2426.278219871973,2426.278219871973,2874.820869580009
2023-11-16T00:00:00Z,2426.5137292099835,720.3189743068781,720.3189743068781,720.3189743068781,0,0,0,0,0,0,0,0,0,0,0,0,0,0,0,0,0,0,-250.62542622383276,-250.62542622383276,-250.62542622383276,0,0,0,0,0,0,812.1740657431305,812.1740657431305,812.1740657431305,158.77033478758037,158.77033478758037,158.77033478758037,0,0,0,1171.7117426339503,5061.962815559923,2426.5137292099835,2426.5137292099835,3146.8327035168613
2023-11-17T00:00:00Z,2426.749238547994,804.0478472150247,804.0478472150247,804.0478472150247,0,0,0,0,0,0,0,0,0,0,0,0,0,0,0,0,0,0,-130.00497363395024,-130.00497363395024,-130.00497363395024,0,0,0,0,0,0,779.479955232718,779.479955232718,779.479955232718,154.57286561625693,154.57286561625693,154.57286561625693,0,0,0,1363.556142101136,4947.289632291215,2426.749238547994,2426.749238547994,3230.797085763019
2023-11-18T00:00:00Z,2426.9847478860047,-1503.1057027427134,-1503.1057027427134,-1503.1057027427134,0,0,0,0,0,0,0,0,0,0,0,0,0,0,0,0,0,0,-183.64187827004662,-183.64187827004662,-183.64187827004662,0,0,0,0,0,0,-1466.1415354189296,-1466.1415354189296,-1466.1415354189296,146.67771094626278,146.67771094626278,146.67771094626278,0,0,0,-952.922562488716,2856.429004135123,2426.9847478860047,2426.9847478860047,923.8790451432913
2023-11-19T00:00:00Z,2427.2202572240153,-2195.155264054085,-2195.155264054085,-2195.155264054085,0,0,0,0,0,0,0,0,0,0,0,0,0,0,0,0,0,0,-260.062032805096,-260.062032805096,-260.062032805096,0,0,0,0,0,0,-2070.3301563873006,-2070.3301563873006,-2070.3301563873006,135.23692513831205,135.23692513831205,135.23692513831205,0,0,0,-1674.6178364090267,2232.6802380604595,2427.2202572240153,2427.2202572240153,232.0649931699304
2023-11-20T00:00:00Z,2427.455766562026,362.8469578649133,362.8469578649133,362.8469578649133,0,0,0,0,0,0,0,0,0,0,0,0,0,0,0,0,0,0,-165.02361771645178,-165.02361771645178,-165.02361771645178,0,0,0,0,0,0,407.34003320023567,407.34003320023567,407.34003320023567,120.53054238112934,120.53054238112934,120.53054238112934,0,0,0,981.301731350136,4656.911270825717,2427.455766562026,2427.455766562026,2790.302724426939
2023-11-21T00:00:00Z,2427.6912759000365,976.5360732257305,976.5360732257305,976.5360732257305,0,0,0,0,0,0,0,0,0,0,0,0,0,0,0,0,0,0,121.70185827821534,121.70185827821534,121.70185827821534,0,0,0,0,0,0,751.8708176881331,751.8708176881331,751.8708176881331,102.96339725938215,102.96339725938215,102.96339725938215,0,0,0,1468.431736934519,5276.905467114789,2427.6912759000365,2427.6912759000365,3404.227349125767
2023-11-22T00:00:00Z,2427.926785238047,1281.1027745011042,1281.1027745011042,1281.1027745011042,0,0,0,0,0,0,0,0,0,0,0,0,0,0,0,0,0,0,412.4378488790768,412.4378488790768,412.4378488790768,0,0,0,0,0,0,785.6068199371625,785.6068199371625,785.6068199371625,83.05810568486507,83.05810568486507,83.05810568486507,0,0,0,1668.3578035933044,5699.310407404609,2427.926785238047,2427.926785238047,3709.0295597391514
2023-11-23T00:00:00Z,2428.162294576058,1395.2913827384064,1395.2913827384064,1395.2913827384064,0,0,0,0,0,0,0,0,0,0,0,0,0,0,0,0,0,0,521.6730169261261,521.6730169261261,521.6730169261261,0,0,0,0,0,0,812.1740657425123,812.1740657425123,812.1740657425123,61.444300069767934,61.444300069767934,61.444300069767934,0,0,0,1893.8301992657416,5781.750764003548,2428.162294576058,2428.162294576058,3823.453677314464
2023-11-24T00:00:00Z,2428.397803914068,1334.2248836870651,1334.2248836870651,1334.2248836870651,0,0,0,0,0,0,0,0,0,0,0,0,0,0,0,0,0,0,515.9006065728056,515.9006065728056,515.9006065728056,0,0,0,0,0,0,779.4799552292404,779.4799552292404,779.4799552292404,38.84432188501875,38.84432188501875,38.84432188501875,0,0,0,1881.7350553823633,5772.87336764619,2428.397803914068,2428.397803914068,3762.6226876011333
2023-11-25T00:00:00Z,2428.6333132520786,-726.7135757812179,-726.7135757812179,-726.7135757812179,0,0,0,0,0,0,0,0,0,0,0,0,0,0,0,0,0,0,723.3722790911664,723.3722790911664,723.3722790911664,0,0,0,0,0,0,-1466.14153542193,-1466.14153542193,-1466.14153542193,16.055680549545514,16.055680549545514,16.055680549545514,0,0,0,-260.0140564204622,3666.731305941731,2428.6333132520786,2428.6333132520786,1701.9197374708606
2023-11-26T00:00:00Z,2428.868822590089,-639.5194386221066,-639.5194386221066,-639.5194386221066,0,0,0,0,0,0,0,0,0,0,0,0,0,0,0,0,0,0,1436.8800308658817,1436.8800308658817,1436.8800308658817,0,0,0,0,0,0,-2070.3301563883933,-2070.3301563883933,-2070.3301563883933,-6.069313099594557,-6.069313099594557,-6.069313099594557,0,0,0,-235.21179491865777,3740.8055232545416,2428.868822590089,2428.868822590089,1789.3493839679827
2023-11-27T00:00:00Z,2429.1043319281,2936.020366057246,2936.020366057246,2936.020366057246,0,0,0,0,0,0,0,0,0,0,0,0,0,0,0,0,0,0,2555.326573470447,2555.326573470447,2555.326573470447,0,0,0,0,0,0,407.340033201968,407.340033201968,407.340033201968,-26.64624061516901,-26.64624061516901,-26.64624061516901,0,0,0,3596.5778084242106,7331.452311714909,2429.1043319281,2429.1043319281,5365.124697985346
2023-11-28T00:00:00Z,2429.3398412661104,4222.8107549232,4222.8107549232,4222.8107549232,0,0,0,0,0,0,0,0,0,0,0,0,0,0,0,0,0,0,3515.7229583578232,3515.7229583578232,3515.7229583578232,0,0,0,0,0,0,751.8708176880677,751.8708176880677,751.8708176880677,-44.78302112269108,-44.78302112269108,-44.78302112269108,0,0,0,4721.027186783225,8556.26151750244,2429.3398412661104,2429.3398412661104,6652.150596189311
2023-11-29T00:00:00Z,2429.575350604121,4365.552391846757,4365.552391846757,4365.552391846757,0,0,0,0,0,0,0,0,0,0,0,0,0,0,0,0,0,0,3639.5510406299895,3639.5510406299895,3639.5510406299895,0,0,0,0,0,0,785.6068199369191,785.6068199369191,785.6068199369191,-59.60546872015034,-59.60546872015034,-59.60546872015034,0,0,0,4812.47381828392,8857.75255556818,2429.575350604121,2429.575350604121,6795.127742450878
2023-11-30T00:00:00Z,2429.8108599421316,3387.247442512861,3387.247442512861,3387.247442512861,0,0,0,0,0,0,0,0,0,0,0,0,0,0,0,0,0,0,2645.3566530227513,2645.3566530227513,2645.3566530227513,0,0,0,0,0,0,812.1740657418944,812.1740657418944,812.1740657418944,-70.28327625178471,-70.28327625178471,-70.28327625178471,0,0,0,3893.5363262641563,7627.631090801644,2429.8108599421316,2429.8108599421316,5817.058302454992
2023-12-01T00:00:00Z,2430.046369280142,1607.1683066433766,1607.1683066433766,1607.1683066433766,0,0,0,0,0,0,0,0,0,0,0,0,0,0,0,0,0,0,903.7440624924864,903.7440624924864,903.7440624924864,0,0,0,0,0,0,779.4799552359226,779.4799552359226,779.4799552359226,-76.05571108503209,-76.05571108503209,-76.05571108503209,0,0,0,2134.1954224080314,6120.318798421982,2430.046369280142,2430.046369280142,4037.2146759235184
2023-12-02T00:00:00Z,2430.2818786181524,-2336.012802324621,-2336.012802324621,-2336.012802324621,0,0,0,0,0,0,0,0,0,0,0,0,0,0,0,0,0,0,-793.6149676354314,-793.6149676354314,-793.6149676354314,0,0,0,0,0,0,-1466.1415354148521,-1466.1415354148521,-1466.1415354148521,-76.25629927433755,-76.25629927433755,-76.25629927433755,0,0,0,-1951.5260187567537,1922.0411325801397,2430.2818786181524,2430.2818786181524,94.26907629353127
2023-12-03T00:00:00Z,2430.517387956163,-3915.514986646913,-3915.514986646913,-3915.514986646913,0,0,0,0,0,0,0,0,0,0,0,0,0,0,0,0,0,0,-1774.849045106112,-1774.849045106112,-1774.849045106112,0,0,0,0,0,0,-2070.330156386124,-2070.330156386124,-2070.330156386124,-70.33578515467609,-70.33578515467609,-70.33578515467609,0,0,0,-3371.3488423320177,455.691069780724,2430.517387956163,2430.517387956163,-1484.9975986907498
2023-12-04T00:00:00Z,2430.7528972941736,-1556.5123975483918,-1556.5123975483918,-1556.5123975483918,0,0,0,0,0,0,0,0,0,0,0,0,0,0,0,0,0,0,-1905.9697467524375,-1905.9697467524375,-1905.9697467524375,0,0,0,0,0,0,407.3400332026519,407.3400332026519,407.3400332026519,-57.88268399860642,-57.88268399860642,-57.88268399860642,0,0,0,-1131.671918551608,2775.803001586776,2430.7528972941736,2430.7528972941736,874.2404997457818
2023-12-05T00:00:00Z,2430.9884066321843,-857.5181228283402,-857.5181228283402,-857.5181228283402,0,0,0,0,0,0,0,0,0,0,0,0,0,0,0,0,0,0,-1570.74814508401,-1570.74814508401,-1570.74814508401,0,0,0,0,0,0,751.8708176875875,751.8708176875875,751.8708176875875,-38.64079543191791,-38.64079543191791,-38.64079543191791,0,0,0,-440.0033652132335,3536.6716317175424,2430.9884066321843,2430.9884066321843,1573.470283803844
2023-12-06T00:00:00Z,2431.223915970195,-503.63175948922463,-503.63175948922463,-503.63175948922463,0,0,0,0,0,0,0,0,0,0,0,0,0,0,0,0,0,0,-1276.7154656592725,-1276.7154656592725,-1276.7154656592725,0,0,0,0,0,0,785.6068199378461,785.6068199378461,785.6068199378461,-12.523113767798305,-12.523113767798305,-12.523113767798305,0,0,0,-23.322944248289687,3962.9221561359564,2431.223915970195,2431.223915970195,1927.5921564809703
2023-12-07T00:00:00Z,2431.4594253082055,-418.97237519058666,-418.97237519058666,-418.97237519058666,0,0,0,0,0,0,0,0,0,0,0,0,0,0,0,0,0,0,-1251.5247842036365,-1251.5247842036365,-1251.5247842036365,0,0,0,0,0,0,812.1740657441204,812.1740657441204,812.1740657441204,20.378343268929004,20.378343268929004,20.378343268929004,0,0,0,196.94459116220517,3830.3481288325684,2431.4594253082055,2431.4594253082055,2012.4870501176188
2023-12-08T00:00:00Z,2431.694934646216,-517.8235059680479,-517.8235059680479,-517.8235059680479,0,0,0,0,0,0,0,0,0,0,0,0,0,0,0,0,0,0,-1357.0906270620085,-1357.0906270620085,-1357.0906270620085,0,0,0,0,0,0,779.4799552343339,779.4799552343339,779.4799552343339,59.787165859626306,59.787165859626306,59.787165859626306,0,0,0,-98.49621672260619,3975.954788142638,2431.694934646216,2431.694934646216,1913.8714286781683
2023-12-09T00:00:00Z,2431.930443984227,-2694.3589919096853,-2694.3589919096853,-2694.3589919096853,0,0,0,0,0,0,0,0,0,0,0,0,0,0,0,0,0,0,-1333.4593659952916,-1333.4593659952916,-1333.4593659952916,0,0,0,0,0,0,-1466.1415354158714,-1466.1415354158714,-1466.1415354158714,105.24190950147697,105.24190950147697,105.24190950147697,0,0,0,-2315.937905982531,1642.3090603700089,2431.930443984227,2431.930443984227,-262.42854792545813
2023-12-10T00:00:00Z,2432.1659533222373,-3009.2166240852134,-3009.2166240852134,-3009.2166240852134,0,0,0,0,0,0,0,0,0,0,0,0,0,0,0,0,0,0,-1094.9867904679602,-1094.9867904679602,-1094.9867904679602,0,0,0,0,0,0,-2070.330156385536,-2070.330156385536,-2070.330156385536,156.10032276828272,156.10032276828272,156.10032276828272,0,0,0,-2605.5702353046076,1370.146604343548,2432.1659533222373,2432.1659533222373,-577.0506707629761
2023-12-11T00:00:00Z,2432.401462660248,-177.60449580169129,-177.60449580169129,-177.60449580169129,0,0,0,0,0,0,0,0,0,0,0,0,0,0,0,0,0,0,-796.4929906575622,-796.4929906575622,-796.4929906575622,0,0,0,0,0,0,407.3400332054321,407.3400332054321,407.3400332054321,211.5484616504389,211.5484616504389,211.5484616504389,0,0,0,196.84857236857496,4238.739218848329,2432.401462660248,2432.401462660248,2254.7969668585565
2023-12-12T00:00:00Z,2432.6369719982586,379.52645281994927,379.52645281994927,379.52645281994927,0,0,0,0,0,0,0,0,0,0,0,0,0,0,0,0,0,0,-642.9589407051935,-642.9589407051935,-642.9589407051935,0,0,0,0,0,0,751.8708176887642,751.8708176887642,751.8708176887642,270.61457583637855,270.61457583637855,270.61457583637855,0,0,0,948.9636266978675,4651.537889816809,2432.6369719982586,2432.6369719982586,2812.1634248182077
2023-12-13T00:00:00Z,2432.872481336269,449.9911860590218,449.9911860590218,449.9911860590218,0,0,0,0,0,0,0,0,0,0,0,0,0,0,0,0,0,0,-667.8031559856311,-667.8031559856311,-667.8031559856311,0,0,0,0,0,0,785.6068199369284,785.6068199369284,785.6068199369284,332.1875221077245,332.1875221077245,332.1875221077245,0,0,0,994.7551260568232,4950.529229052523,2432.872481336269,2432.872481336269,2882.863667395291
2023-12-14T00:00:00Z,2433.10799067428,495.6807341978413,495.6807341978413,495.6807341978413,0,0,0,0,0,0,0,0,0,0,0,0,0,0,0,0,0,0,-711.5326656105528,-711.5326656105528,-711.5326656105528,0,0,0,0,0,0,812.1740657435021,812.1740657435021,812.1740657435021,395.0393340648916,395.0393340648916,395.0393340648916,0,0,0,969.1284182657025,4876.645964905982,2433.10799067428,2433.10799067428,2928.788724872121
2023-12-15T00:00:00Z,2433.343494543831,629.4063186939007,629.4063186939007,629.4063186939007,0,0,0,0,0,0,0,0,0,0,0,0,0,0,0,0,0,0,-607.9250956971844,-607.9250956971844,-607.9250956971844,0,0,0,0,0,0,779.479955232745,779.479955232745,779.479955232745,457.8514591583397,457.8514591583397,457.8514591583397,0,0,0,1031.6355373230208,5050.830817742023,2433.343494543831,2433.343494543831,3062.749813237732
2023-12-16T00:00:00Z,2433.5789984133826,-1315.3712266769498,-1315.3712266769498,-1315.3712266769498,0,0,0,0,0,0,0,0,0,0,0,0,0,0,0,0,0,0,-368.4737580680675,-368.4737580680675,-368.4737580680675,0,0,0,0,0,0,-1466.1415354168905,-1466.1415354168905,-1466.1415354168905,519.2440668080083,519.2440668080083,519.2440668080083,0,0,0,-614.123346665936,3209.0810021791017,2433.5789984133826,2433.5789984133826,1118.2077717364327
2023-12-17T00:00:00Z,2433.8145022829344,-1659.0186576374765,-1659.0186576374765,-1659.0186576374765,0,0,0,0,0,0,0,0,0,0,0,0,0,0,0,0,0,0,-166.4962395457403,-166.4962395457403,-166.4962395457403,0,0,0,0,0,0,-2070.3301563886143,-2070.3301563886143,-2070.3301563886143,577.8077382968781,577.8077382968781,577.8077382968781,0,0,0,-1162.2339789526259,2697.3841980671755,2433.8145022829344,2433.8145022829344,774.7958446454579
2023-12-18T00:00:00Z,2434.050006152486,898.7361232132506,898.7361232132506,898.7361232132506,0,0,0,0,0,0,0,0,0,0,0,0,0,0,0,0,0,0,-140.74068286362586,-140.74068286362586,-140.74068286362586,0,0,0,0,0,0,407.34003320611623,407.34003320611623,407.34003320611623,632.1367728707603,632.1367728707603,632.1367728707603,0,0,0,1487.473585075034,5382.917355947908,2434.050006152486,2434.050006152486,3332.7861293657365
2023-12-19T00:00:00Z,2434.285510022037,1199.6821272945595,1199.6821272945595,1199.6821272945595,0,0,0,0,0,0,0,0,0,0,0,0,0,0,0,0,0,0,-233.05197774163543,-233.05197774163543,-233.05197774163543,0,0,0,0,0,0,751.8708176884911,751.8708176884911,751.8708176884911,680.8632873477036,680.8632873477036,680.8632873477036,0,0,0,1645.733348823235,5534.904541164653,2434.285510022037,2434.285510022037,3633.9676373165967
2023-12-20T00:00:00Z,2434.5210138915886,1267.2332380443795,1267.2332380443795,1267.2332380443795,0,0,0,0,0,0,0,0,0,0,0,0,0,0,0,0,0,0,-241.0648322502426,-241.0648322502426,-241.0648322502426,0,0,0,0,0,0,785.6068199373588,785.6068199373588,785.6068199373588,722.6912503572637,722.6912503572637,722.6912503572637,0,0,0,1774.2912207516115,5507.4254238014,2434.5210138915886,2434.5210138915886,3701.754251935968
2023-12-21T00:00:00Z,2434.7565177611405,1531.367041198159,1531.367041198159,1531.367041198159,0,0,0,0,0,0,0,0,0,0,0,0,0,0,0,0,0,0,-37.23660291128152,-37.23660291128152,-37.23660291128152,0,0,0,0,0,0,812.1740657443064,812.1740657443064,812.1740657443064,756.4295783651345,756.4295783651345,756.4295783651345,0,0,0,2065.297331252993,5912.538576253928,2434.7565177611405,2434.7565177611405,3966.1235589592998
2023-12-22T00:00:00Z,2434.992021630692,1842.219983326134,1842.219983326134,1842.219983326134,0,0,0,0,0,0,0,0,0,0,0,0,0,0,0,0,0,0,281.71659854434085,281.71659854434085,281.71659854434085,0,0,0,0,0,0,779.4799552311564,779.4799552311564,779.4799552311564,781.0234295506366,781.0234295506366,781.0234295506366,0,0,0,2320.2298101039382,6139.67366791848,2434.992021630692,2434.992021630692,4277.212004956826
2023-12-23T00:00:00Z,2435.2275255002437,-177.25843901826272,-177.25843901826272,-177.25843901826272,0,0,0,0,0,0,0,0,0,0,0,0,0,0,0,0,0,0,493.30023290260556,493.30023290260556,493.30023290260556,0,0,0,0,0,0,-1466.141535419891,-1466.141535419891,-1466.141535419891,795.5828634990224,795.5828634990224,795.5828634990224,0,0,0,213.2448927448148,4223.22312469357,2435.2275255002437,2435.2275255002437,2257.969086481981
2023-12-24T00:00:00Z,2435.463029369795,-754.4331490574398,-754.4331490574398,-754.4331490574398,0,0,0,0,0,0,0,0,0,0,0,0,0,0,0,0,0,0,516.4889183690857,516.4889183690857,516.4889183690857,0,0,0,0,0,0,-2070.3301563897066,-2070.3301563897066,-2070.3301563897066,799.4080889631812,799.4080889631812,799.4080889631812,0,0,0,-305.6576945369532,3761.1447359372314,2435.463029369795,2435.463029369795,1681.0298803123553
2023-12-25T00:00:00Z,2435.6985332393465,-2221.986839940266,-2221.986839940266,-2221.986839940266,-3990.354493456546,-3990.354493456546,-3990.354493456546,0,0,0,-3990.354493456546,-3990.354493456546,-3990.354493456546,0,0,0,0,0,0,0,0,0,569.0170228027928,569.0170228027928,569.0170228027928,0,0,0,0,0,0,407.34003320680057,407.34003320680057,407.34003320680057,792.0105975066876,792.0105975066876,792.0105975066876,0,0,0,-1704.4496181555207,2213.7233937627734,2435.6985332393465,2435.6985332393465,213.7116932990807
2023-12-26T00:00:00Z,2435.934037108898,2536.0403088040557,2536.0403088040557,2536.0403088040557,0,0,0,0,0,0,0,0,0,0,0,0,0,0,0,0,0,0,1011.0399152068762,1011.0399152068762,1011.0399152068762,0,0,0,0,0,0,751.8708176882186,751.8708176882186,751.8708176882186,773.1295759089603,773.1295759089603,773.1295759089603,0,0,0,2979.912102840929,6801.721843889335,2435.934037108898,2435.934037108898,4971.974345912953
2023-12-27T00:00:00Z,2436.1695409784497,3500.4667870551707,3500.4667870551707,3500.4667870551707,0,0,0,0,0,0,0,0,0,0,0,0,0,0,0,0,0,0,1972.1168646215995,1972.1168646215995,1972.1168646215995,0,0,0,0,0,0,785.6068199371151,785.6068199371151,785.6068199371151,742.7431024964555,742.7431024964555,742.7431024964555,0,0,0,3795.1446649127943,7829.858381344241,2436.1695409784497,2436.1695409784497,5936.636328033621
2023-12-28T00:00:00Z,2436.4050448480016,4614.466450807548,4614.466450807548,4614.466450807548,0,0,0,0,0,0,0,0,0,0,0,0,0,0,0,0,0,0,3101.2186257527333,3101.2186257527333,3101.2186257527333,0,0,0,0,0,0,812.1740657424652,812.1740657424652,812.1740657424652,701.0737593123488,701.0737593123488,701.0737593123488,0,0,0,4967.130136120993,9005.778603664536,2436.4050448480016,2436.4050448480016,7050.8714956555505
2023-12-29T00:00:00Z,2436.640548717553,5142.376318831355,5142.376318831355,5142.376318831355,0,0,0,0,0,0,0,0,0,0,0,0,0,0,0,0,0,0,3714.3079335780762,3714.3079335780762,3714.3079335780762,0,0,0,0,0,0,779.4799552314562,779.4799552314562,779.4799552314562,648.588430021822,648.588430021822,648.588430021822,0,0,0,5525.16284488625,9484.8509509204,2436.640548717553,2436.640548717553,7579.016867548908
2023-12-30T00:00:00Z,2436.8760525871044,2393.8550762677532,2393.8550762677532,2393.8550762677532,0,0,0,0,0,0,0,0,0,0,0,0,0,0,0,0,0,0,3274.004412502302,3274.004412502302,3274.004412502302,0,0,0,0,0,0,-1466.1415354189296,-1466.1415354189296,-1466.1415354189296,585.9921991843809,585.9921991843809,585.9921991843809,0,0,0,3035.0378612039876,6753.53858822686,2436.8760525871044,2436.8760525871044,4830.731128854857
2023-12-31T00:00:00Z,2437.1115564566558,266.46330963142094,266.46330963142094,266.46330963142094,0,0,0,0,0,0,0,0,0,0,0,0,0,0,0,0,0,0,1822.577047814535,1822.577047814535,1822.577047814535,0,0,0,0,0,0,-2070.330156387438,-2070.330156387438,-2070.330156387438,514.2164182043234,514.2164182043234,514.2164182043234,0,0,0,725.8504813355087,4653.461780555562,2437.1115564566558,2437.1115564566558,2703.5748660880768
2024-01-01T00:00:00Z,2437.347060326207,-927.2308375939447,-927.2308375939447,-927.2308375939447,0,0,0,0,0,0,-1767.1012203123178,-1767.1012203123178,-1767.1012203123178,0,0,0,0,0,0,-1767.1012203123178,-1767.1012203123178,-1767.1012203123178,-1.8708035131005836,-1.8708035131005836,-1.8708035131005836,0,0,0,0,0,0,407.3400332095805,407.3400332095805,407.3400332095805,434.4011530218932,434.4011530218932,434.4011530218932,0,0,0,-550.1331526987904,3392.0423357294,2437.347060326207,2437.347060326207,1510.1162227322625
2024-01-02T00:00:00Z,2437.582564195759,-297.18633819949144,-297.18633819949144,-297.18633819949144,0,0,0,0,0,0,0,0,0,0,0,0,0,0,0,0,0,0,-1396.9295303292145,-1396.9295303292145,-1396.9295303292145,0,0,0,0,0,0,751.870817689188,751.870817689188,751.870817689188,347.87237444053517,347.87237444053517,347.87237444053517,0,0,0,229.6008487590791,4098.6996148332455,2437.582564195759,2437.582564195759,2140.3962259962677
2024-01-03T00:00:00Z,2437.8180680653104,-889.5907333272387,-889.5907333272387,-889.5907333272387,0,0,0,0,0,0,0,0,0,0,0,0,0,0,0,0,0,0,-1931.311943330047,-1931.311943330047,-1931.311943330047,0,0,0,0,0,0,785.6068199375457,785.6068199375457,785.6068199375457,256.11439006526297,256.11439006526297,256.11439006526297,0,0,0,-361.5865812440782,3376.0544737345645,2437.8180680653104,2437.8180680653104,1548.2273347380717
2024-01-04T00:00:00Z,2438.053571934862,-789.1923911267844,-789.1923911267844,-789.1923911267844,0,0,0,0,0,0,0,0,0,0,0,0,0,0,0,0,0,0,-1762.104600278288,-1762.104600278288,-1762.104600278288,0,0,0,0,0,0,812.1740657432691,812.1740657432691,812.1740657432691,160.7381434082341,160.7381434082341,160.7381434082341,0,0,0,-269.9651174285454,3660.125186235337,2438.053571934862,2438.053571934862,1648.8611808080773
2024-01-05T00:00:00Z,2438.2890758044136,-551.8727750296398,-551.8727750296398,-551.8727750296398,0,0,0,0,0,0,0,0,0,0,0,0,0,0,0,0,0,0,-1394.7988476532707,-1394.7988476532707,-1394.7988476532707,0,0,0,0,0,0,779.4799552381385,779.4799552381385,779.4799552381385,63.44611738549288,63.44611738549288,63.44611738549288,0,0,0,-139.60093460230914,3728.4403953243745,2438.2890758044136,2438.2890758044136,1886.4163007747738
2024-01-06T00:00:00Z,2438.524579673965,-2732.453119243487,-2732.453119243487,-2732.453119243487,0,0,0,0,0,0,0,0,0,0,0,0,0,0,0,0,0,0,-1232.3062569441975,-1232.3062569441975,-1232.3062569441975,0,0,0,0,0,0,-1466.1415354219296,-1466.1415354219296,-1466.1415354219296,-34.00532687736005,-34.00532687736005,-34.00532687736005,0,0,0,-2282.6395253860223,1538.7801845845452,2438.524579673965,2438.524579673965,-293.92853956952194
2024-01-07T00:00:00Z,2438.760083543517,-3505.6139235930414,-3505.6139235930414,-3505.6139235930414,0,0,0,0,0,0,0,0,0,0,0,0,0,0,0,0,0,0,-1305.4384952846542,-1305.4384952846542,-1305.4384952846542,0,0,0,0,0,0,-2070.3301563868486,-2070.3301563868486,-2070.3301563868486,-129.84527192153823,-129.84527192153823,-129.84527192153823,0,0,0,-3048.4543412240855,901.3220149731187,2438.760083543517,2438.760083543517,-1066.8538400495245
2024-01-08T00:00:00Z,2438.9955874130683,-1188.1632997587271,-1188.1632997587271,-1188.1632997587271,0,0,0,0,0,0,0,0,0,0,0,0,0,0,0,0,0,0,-1373.175060873594,-1373.175060873594,-1373.175060873594,0,0,0,0,0,0,407.34003320203897,407.34003320203897,407.34003320203897,-222.32827208717177,-222.32827208717177,-222.32827208717177,0,0,0,-662.4414147823592,3167.0889216721234,2438.9955874130683,2438.9955874130683,1250.8322876543411
2024-01-09T00:00:00Z,2439.2310912826197,-793.5860810879078,-793.5860810879078,-793.5860810879078,0,0,0,0,0,0,0,0,0,0,0,0,0,0,0,0,0,0,-1235.6827915486763,-1235.6827915486763,-1235.6827915486763,0,0,0,0,0,0,751.8708176891228,751.8708176891228,751.8708176891228,-309.774107228354,-309.774107228354,-309.774107228354,0,0,0,-318.36005887174144,3617.314737757389,2439.2310912826197,2439.2310912826197,1645.6450101947119
2024-01-10T00:00:00Z,2439.466595152171,-543.4388294034453,-543.4388294034453,-543.4388294034453,0,0,0,0,0,0,0,0,0,0,0,0,0,0,0,0,0,0,-938.4393691921041,-938.4393691921041,-938.4393691921041,0,0,0,0,0,0,785.6068199366277,785.6068199366277,785.6068199366277,-390.60628014796924,-390.60628014796924,-390.60628014796924,0,0,0,-95.87997621797251,3876.8896252693066,2439.466595152171,2439.466595152171,1896.0277657487259
2024-01-11T00:00:00Z,2439.7020990217225,-345.15724190002555,-345.15724190002555,-345.15724190002555,0,0,0,0,0,0,0,0,0,0,0,0,0,0,0,0,0,0,-693.9430076971635,-693.9430076971635,-693.9430076971635,0,0,0,0,0,0,812.1740657426512,812.1740657426512,812.1740657426512,-463.3882999455133,-463.3882999455133,-463.3882999455133,0,0,0,87.21818512381026,3901.100211488044,2439.7020990217225,2439.7020990217225,2094.544857121697
2024-01-12T00:00:00Z,2439.9376028912743,-387.44634439945844,-387.44634439945844,-387.44634439945844,0,0,0,0,0,0,0,0,0,0,0,0,0,0,0,0,0,0,-640.069457300336,-640.069457300336,-640.069457300336,0,0,0,0,0,0,779.4799552346611,779.4799552346611,779.4799552346611,-526.8568423337834,-526.8568423337834,-526.8568423337834,0,0,0,117.17419768321143,3974.5756723455743,2439.9376028912743,2439.9376028912743,2052.4912584918156
2024-01-13T00:00:00Z,2440.173106760826,-2746.4477922203273,-2746.4477922203273,-2746.4477922203273,0,0,0,0,0,0,0,0,0,0,0,0,0,0,0,0,0,0,-700.3553062719053,-700.3553062719053,-700.3553062719053,0,0,0,0,0,0,-1466.1415354148517,-1466.1415354148517,-1466.1415354148517,-579.9509505335702,-579.9509505335702,-579.9509505335702,0,0,0,-2272.9803697700845,1661.289005137479,2440.173106760826,2440.173106760826,-306.27468545950114
2024-01-14T00:00:00Z,2440.4086106303776,-3374.7923433469196,-3374.7923433469196,-3374.7923433469196,0,0,0,0,0,0,0,0,0,0,0,0,0,0,0,0,0,0,-682.6256521216854,-682.6256521216854,-682.6256521216854,0,0,0,0,0,0,-2070.330156386261,-2070.330156386261,-2070.330156386261,-621.8365348389736,-621.8365348389736,-621.8365348389736,0,0,0,-2814.891209301816,1001.5662682961898,2440.4086106303776,2440.4086106303776,-934.383732716542
2024-01-15T00:00:00Z,2440.644114499929,-740.8950795398515,-740.8950795398515,-740.8950795398515,0,0,0,0,0,0,0,0,0,0,0,0,0,0,0,0,0,0,-496.3095696883363,-496.3095696883363,-496.3095696883363,0,0,0,0,0,0,407.34003320377127,407.34003320377127,407.34003320377127,-651.9255430552862,-651.9255430552862,-651.9255430552862,0,0,0,-165.30158875072968,3623.4942941995387,2440.644114499929,2440.644114499929,1699.7490349600776
2024-01-16T00:00:00Z,2440.8796183694803,-168.64391337628166,-168.64391337628166,-168.64391337628166,0,0,0,0,0,0,0,0,0,0,0,0,0,0,0,0,0,0,-250.62542622613898,-250.62542622613898,-250.62542622613898,0,0,0,0,0,0,751.8708176886424,751.8708176886424,751.8708176886424,-669.889304838785,-669.889304838785,-669.889304838785,0,0,0,425.3891424723585,4089.8362853821764,2440.8796183694803,2440.8796183694803,2272.235704993199
2024-01-17T00:00:00Z,2441.115122239032,-20.063850938075277,-20.063850938075277,-20.063850938075277,0,0,0,0,0,0,0,0,0,0,0,0,0,0,0,0,0,0,-130.0049736335986,-130.0049736335986,-130.0049736335986,0,0,0,0,0,0,785.6068199370582,785.6068199370582,785.6068199370582,-675.6656972415349,-675.6656972415349,-675.6656972415349,0,0,0,615.599591798204,4419.24320080502,2441.115122239032,2441.115122239032,2421.051271300957
2024-01-18T00:00:00Z,2441.3506261085836,-40.92774527450892,-40.92774527450892,-40.92774527450892,0,0,0,0,0,0,0,0,0,0,0,0,0,0,0,0,0,0,-183.6418782709318,-183.6418782709318,-183.6418782709318,0,0,0,0,0,0,812.1740657448772,812.1740657448772,812.1740657448772,-669.4599327484543,-669.4599327484543,-669.4599327484543,0,0,0,458.6798879580716,4294.299104514079,2441.3506261085836,2441.3506261085836,2400.4228808340745
2024-01-19T00:00:00Z,2441.5861299781354,-132.32100843793367,-132.32100843793367,-132.32100843793367,0,0,0,0,0,0,0,0,0,0,0,0,0,0,0,0,0,0,-260.06203280614557,-260.06203280614557,-260.06203280614557,0,0,0,0,0,0,779.4799552349607,779.4799552349607,779.4799552349607,-651.7389308667488,-651.7389308667488,-651.7389308667488,0,0,0,497.5125249612715,4193.672283797174,2441.5861299781354,2441.5861299781354,2309.2651215402016
2024-01-20T00:00:00Z,2441.821633847687,-2254.3845488604875,-2254.3845488604875,-2254.3845488604875,0,0,0,0,0,0,0,0,0,0,0,0,0,0,0,0,0,0,-165.02361771779474,-165.02361771779474,-165.02361771779474,0,0,0,0,0,0,-1466.1415354178519,-1466.1415354178519,-1466.1415354178519,-623.2193957248413,-623.2193957248413,-623.2193957248413,0,0,0,-1861.5223906077365,2048.320039864772,2441.821633847687,2441.821633847687,187.43708498719934
2024-01-21T00:00:00Z,2442.057137717238,-2533.478179109928,-2533.478179109928,-2533.478179109928,0,0,0,0,0,0,0,0,0,0,0,0,0,0,0,0,0,0,121.70185827768421,121.70185827768421,121.70185827768421,0,0,0,0,0,0,-2070.3301563856726,-2070.3301563856726,-2070.3301563856726,-584.8498810019399,-584.8498810019399,-584.8498810019399,0,0,0,-2050.1769107589553,1906.326533600912,2442.057137717238,2442.057137717238,-91.42104139268986
2024-01-22T00:00:00Z,2442.2926415867896,281.99060640662856,281.99060640662856,281.99060640662856,0,0,0,0,0,0,0,0,0,0,0,0,0,0,0,0,0,0,412.43784887919935,412.43784887919935,412.43784887919935,0,0,0,0,0,0,407.3400332044554,407.3400332044554,407.3400332044554,-537.787275677026,-537.787275677026,-537.787275677026,0,0,0,727.1980791733623,4648.606093264507,2442.2926415867896,2442.2926415867896,2724.283247993418
2024-01-23T00:00:00Z,2442.5281454563415,790.1755490118653,790.1755490118653,790.1755490118653,0,0,0,0,0,0,0,0,0,0,0,0,0,0,0,0,0,0,521.673016926435,521.673016926435,521.673016926435,0,0,0,0,0,0,751.8708176885772,751.8708176885772,751.8708176885772,-483.36828560314746,-483.36828560314746,-483.36828560314746,0,0,0,1176.905428145085,5004.066488518093,2442.5281454563415,2442.5281454563415,3232.703694468207
2024-01-24T00:00:00Z,2442.763649325893,878.4308134414464,878.4308134414464,878.4308134414464,0,0,0,0,0,0,0,0,0,0,0,0,0,0,0,0,0,0,515.9006065730239,515.9006065730239,515.9006065730239,0,0,0,0,0,0,785.6068199373112,785.6068199373112,785.6068199373112,-423.0766130688889,-423.0766130688889,-423.0766130688889,0,0,0,1401.7214168493445,5273.693408887628,2442.763649325893,2442.763649325893,3321.1944627673392
2024-01-25T00:00:00Z,2442.9991531954443,-590.0615214370458,-590.0615214370458,-590.0615214370458,0,0,0,0,0,0,-1767.1012203123178,-1767.1012203123178,-1767.1012203123178,0,0,0,0,0,0,-1767.1012203123178,-1767.1012203123178,-1767.1012203123178,723.3722790914726,723.3722790914726,723.3722790914726,0,0,0,0,0,0,812.1740657442593,812.1740657442593,812.1740657442593,-358.5066459604597,-358.5066459604597,-358.5066459604597,0,0,0,-90.98459810287162,3833.3776397895695,2442.9991531954443,2442.9991531954443,1852.9376317583983
2024-01-26T00:00:00Z,2443.234657064996,1925.0354290826551,1925.0354290826551,1925.0354290826551,0,0,0,0,0,0,0,0,0,0,0,0,0,0,0,0,0,0,1436.8800308674129,1436.8800308674129,1436.8800308674129,0,0,0,0,0,0,779.4799552333718,779.4799552333718,779.4799552333718,-291.3245570181304,-291.3245570181304,-291.3245570181304,0,0,0,2361.3060147920064,6185.722343799818,2443.234657064996,2443.234657064996,4368.2700861476515
2024-01-27T00:00:00Z,2443.4701609345475,865.9572584126491,865.9572584126491,865.9572584126491,0,0,0,0,0,0,0,0,0,0,0,0,0,0,0,0,0,0,2555.326573470348,2555.326573470348,2555.326573470348,0,0,0,0,0,0,-1466.14153541689,-1466.14153541689,-1466.14153541689,-223.22777964080908,-223.22777964080908,-223.22777964080908,0,0,0,1345.2517460320614,5283.574131990716,2443.4701609345475,2443.4701609345475,3309.4274193471965
2024-01-28T00:00:00Z,2443.7056648040993,1289.4889340020586,1289.4889340020586,1289.4889340020586,0,0,0,0,0,0,0,0,0,0,0,0,0,0,0,0,0,0,3515.722958359149,3515.722958359149,3515.722958359149,0,0,0,0,0,0,-2070.3301563834034,-2070.3301563834034,-2070.3301563834034,-155.90386797368575,-155.90386797368575,-155.90386797368575,0,0,0,1723.763821302067,5632.099793213743,2443.7056648040993,2443.7056648040993,3733.194598806158
2024-01-29T00:00:00Z,2443.9411686736507,3955.901309285424,3955.901309285424,3955.901309285424,0,0,0,0,0,0,0,0,0,0,0,0,0,0,0,0,0,0,3639.5510406301564,3639.5510406301564,3639.5510406301564,0,0,0,0,0,0,407.34003319900967,407.34003319900967,407.34003319900967,-90.98976454374247,-90.98976454374247,-90.98976454374247,0,0,0,4694.302797202882,8326.609785251365,2443.9411686736507,2443.9411686736507,6399.842477959075
2024-01-30T00:00:00Z,2444.176672543202,3367.194982685312,3367.194982685312,3367.194982685312,0,0,0,0,0,0,0,0,0,0,0,0,0,0,0,0,0,0,2645.3566530229214,2645.3566530229214,2645.3566530229214,0,0,0,0,0,0,751.8708176885121,751.8708176885121,751.8708176885121,-30.032488026120618,-30.032488026120618,-30.032488026120618,0,0,0,3948.630757861218,7575.899858415785,2444.176672543202,2444.176672543202,5811.371655228514
2024-01-31T00:00:00Z,2444.4121764127535,1714.8986653070556,1714.8986653070556,1714.8986653070556,0,0,0,0,0,0,0,0,0,0,0,0,0,0,0,0,0,0,903.7440624939921,903.7440624939921,903.7440624939921,0,0,0,0,0,0,785.6068199370677,785.6068199370677,785.6068199370677,25.547782875996212,25.547782875996212,25.547782875996212,0,0,0,2255.8985783268845,6024.156522849318,2444.4121764127535,2444.4121764127535,4159.310841719809
2024-02-01T00:00:00Z,2444.647680282305,-1674.0508071468973,-1674.0508071468973,-1674.0508071468973,0,0,0,0,0,0,-1767.1012203123178,-1767.1012203123178,-1767.1012203123178,0,0,0,0,0,0,-1767.1012203123178,-1767.1012203123178,-1767.1012203123178,-793.6149676342618,-793.6149676342618,-793.6149676342618,0,0,0,0,0,0,812.1740657424181,812.1740657424181,812.1740657424181,74.49131505726362,74.49131505726362,74.49131505726362,0,0,0,-1104.8127063528807,2711.9838434589947,2444.647680282305,2444.647680282305,770.5968731354076
2024-02-02T00:00:00Z,2444.8831841518568,-879.6408031288529,-879.6408031288529,-879.6408031288529,0,0,0,0,0,0,0,0,0,0,0,0,0,0,0,0,0,0,-1774.8490451072119,-1774.8490451072119,-1774.8490451072119,0,0,0,0,0,0,779.4799552317832,779.4799552317832,779.4799552317832,115.72828674657636,115.72828674657636,115.72828674657636,0,0,0,-462.41427158834597,3376.2455220914617,2444.8831841518568,2444.8831841518568,1565.2423810230039
2024-02-03T00:00:00Z,2445.1186184940684,-3223.707892045949,-3223.707892045949,-3223.707892045949,0,0,0,0,0,0,0,0,0,0,0,0,0,0,0,0,0,0,-1905.9697467530837,-1905.9697467530837,-1905.9697467530837,0,0,0,0,0,0,-1466.1415354198905,-1466.1415354198905,-1466.1415354198905,148.40339012702566,148.40339012702566,148.40339012702566,0,0,0,-2784.61803444165,1289.9155656386176,2445.1186184940684,2445.1186184940684,-778.5892735518805
2024-02-04T00:00:00Z,2445.3540528362805,-3469.183329279736,-3469.183329279736,-3469.183329279736,0,0,0,0,0,0,0,0,0,0,0,0,0,0,0,0,0,0,-1570.7481450841956,-1570.7481450841956,-1570.7481450841956,0,0,0,0,0,0,-2070.3301563898435,-2070.3301563898435,-2070.3301563898435,171.89497219430288,171.89497219430288,171.89497219430288,0,0,0,-2935.8481355711315,757.689989719751,2445.3540528362805,2445.3540528362805,-1023.8292764434555
2024-02-05T00:00:00Z,2445.589487178492,-683.5471775104857,-683.5471775104857,-683.5471775104857,0,0,0,0,0,0,0,0,0,0,0,0,0,0,0,0,0,0,-1276.715465658873,-1276.715465658873,-1276.715465658873,0,0,0,0,0,0,407.34003319969383,407.34003319969383,407.34003319969383,185.82825494869408,185.82825494869408,185.82825494869408,0,0,0,-86.65465954439752,3727.351245212621,2445.589487178492,2445.589487178492,1762.0423096680065
2024-02-06T00:00:00Z,2445.8249215207043,-309.57163923993687,-309.57163923993687,-309.57163923993687,0,0,0,0,0,0,0,0,0,0,0,0,0,0,0,0,0,0,-1251.5247842044116,-1251.5247842044116,-1251.5247842044116,0,0,0,0,0,0,751.8708176880317,751.8708176880317,751.8708176880317,190.08232727644292,190.08232727644292,190.08232727644292,0,0,0,317.9215618752819,4109.689497007011,2445.8249215207043,2445.8249215207043,2136.2532822807675
2024-02-07T00:00:00Z,2446.060355862916,-386.6930474127352,-386.6930474127352,-386.6930474127352,0,0,0,0,0,0,0,0,0,0,0,0,0,0,0,0,0,0,-1357.0906270627645,-1357.0906270627645,-1357.0906270627645,0,0,0,0,0,0,785.606819936824,785.606819936824,785.606819936824,184.7907597132057,184.7907597132057,184.7907597132057,0,0,0,197.0160816603708,4012.515916843044,2446.060355862916,2446.060355862916,2059.3673084501806
2024-02-08T00:00:00Z,2446.295790205128,-350.94944469726425,-350.94944469726425,-350.94944469726425,0,0,0,0,0,0,0,0,0,0,0,0,0,0,0,0,0,0,-1333.4593659946095,-1333.4593659946095,-1333.4593659946095,0,0,0,0,0,0,812.1740657418,812.1740657418,812.1740657418,170.33585555554538,170.33585555554538,170.33585555554538,0,0,0,283.937284740698,3980.152920741104,2446.295790205128,2446.295790205128,2095.3463455078636
2024-02-09T00:00:00Z,2446.531224547339,-168.17012194855118,-168.17012194855118,-168.17012194855118,0,0,0,0,0,0,0,0,0,0,0,0,0,0,0,0,0,0,-1094.9867904669604,-1094.9867904669604,-1094.9867904669604,0,0,0,0,0,0,779.4799552365769,779.4799552365769,779.4799552365769,147.33671328183323,147.33671328183323,147.33671328183323,0,0,0,414.5547384320646,4181.094736416102,2446.531224547339,2446.531224547339,2278.361102598788
2024-02-10T00:00:00Z,2446.7666588895513,-4650.054406064652,-4650.054406064652,-4650.054406064652,0,0,0,-2504.051311748948,-2504.051311748948,-2504.051311748948,-2504.051311748948,-2504.051311748948,-2504.051311748948,0,0,0,0,0,0,0,0,0,-796.4929906592535,-796.4929906592535,-796.4929906592535,0,0,0,0,0,0,-1466.1415354228902,-1466.1415354228902,-1466.1415354228902,116.63143176644003,116.63143176644003,116.63143176644003,0,0,0,-4138.522566411138,-233.2781231688822,2446.7666588895513,2446.7666588895513,-2203.2877471751003
2024-02-11T00:00:00Z,2447.0020932317634,-5138.086471571359,-5138.086471571359,-5138.086471571359,0,0,0,-2504.051311748948,-2504.051311748948,-2504.051311748948,-2504.051311748948,-2504.051311748948,-2504.051311748948,0,0,0,0,0,0,0,0,0,-642.9589407045868,-642.9589407045868,-642.9589407045868,0,0,0,0,0,0,-2070.3301563875743,-2070.3301563875743,-2070.3301563875743,79.2539372697506,79.2539372697506,79.2539372697506,0,0,0,-4662.358340177397,-728.9297134243266,2447.0020932317634,2447.0020932317634,-2691.0843783395953
2024-02-12T00:00:00Z,2447.237527573975,-2728.1083886754495,-2728.1083886754495,-2728.1083886754495,0,0,0,-2504.051311748948,-2504.051311748948,-2504.051311748948,-2504.051311748948,-2504.051311748948,-2504.051311748948,0,0,0,0,0,0,0,0,0,-667.8031559862882,-667.8031559862882,-667.8031559862882,0,0,0,0,0,0,407.34003320142585,407.34003320142585,407.34003320142585,36.40604585836134,36.40604585836134,36.40604585836134,0,0,0,-2307.8386649406025,1665.7058823724326,2447.237527573975,2447.237527573975,-280.8708611014745
2024-02-13T00:00:00Z,2447.472961916187,29.76364537173824,29.76364537173824,29.76364537173824,0,0,0,0,0,0,0,0,0,0,0,0,0,0,0,0,0,0,-711.5326656104689,-711.5326656104689,-711.5326656104689,0,0,0,0,0,0,751.8708176879666,751.8708176879666,751.8708176879666,-10.57450670575913,-10.57450670575913,-10.57450670575913,0,0,0,564.2437857167243,4274.212308709444,2447.472961916187,2447.472961916187,2477.2366072879254
2024-02-14T00:00:00Z,2447.708396258399,117.43248775201684,117.43248775201684,117.43248775201684,0,0,0,0,0,0,0,0,0,0,0,0,0,0,0,0,0,0,-607.9250956962792,-607.9250956962792,-607.9250956962792,0,0,0,0,0,0,785.6068199372543,785.6068199372543,785.6068199372543,-60.249236488958175,-60.249236488958175,-60.249236488958175,0,0,0,686.514771292128,4494.584782546583,2447.708396258399,2447.708396258399,2565.1408840104154
2024-02-15T00:00:00Z,2447.943830600611,332.5839317354788,332.5839317354788,332.5839317354788,0,0,0,0,0,0,0,0,0,0,0,0,0,0,0,0,0,0,-368.47375807039145,-368.47375807039145,-368.47375807039145,0,0,0,0,0,0,812.1740657440262,812.1740657440262,812.1740657440262,-111.11637593815578,-111.11637593815578,-111.11637593815578,0,0,0,859.096334817975,4766.318100231219,2447.943830600611,2447.943830600611,2780.52776233609
2024-02-16T00:00:00Z,2448.1792649428226,451.33404615585204,451.33404615585204,451.33404615585204,0,0,0,0,0,0,0,0,0,0,0,0,0,0,0,0,0,0,-166.4962395461951,-166.4962395461951,-166.4962395461951,0,0,0,0,0,0,779.4799552368764,779.4799552368764,779.4799552368764,-161.64966953482914,-161.64966953482914,-161.64966953482914,0,0,0,875.847717895325,4893.147061375516,2448.1792649428226,2448.1792649428226,2899.5133110986744
2024-02-17T00:00:00Z,2448.414699285034,-1817.2197284041483,-1817.2197284041483,-1817.2197284041483,0,0,0,0,0,0,0,0,0,0,0,0,0,0,0,0,0,0,-140.74068286477151,-140.74068286477151,-140.74068286477151,0,0,0,0,0,0,-1466.1415354219291,-1466.1415354219291,-1466.1415354219291,-210.33751011744778,-210.33751011744778,-210.33751011744778,0,0,0,-1388.3655873997586,2727.2776177321866,2448.414699285034,2448.414699285034,631.1949708808859
2024-02-18T00:00:00Z,2448.6501336272463,-2559.1035566971223,-2559.1035566971223,-2559.1035566971223,0,0,0,0,0,0,0,0,0,0,0,0,0,0,0,0,0,0,-233.05197774274237,-233.05197774274237,-233.05197774274237,0,0,0,0,0,0,-2070.330156386986,-2070.330156386986,-2070.330156386986,-255.72142256739386,-255.72142256739386,-255.72142256739386,0,0,0,-2065.758608045651,1821.7387993195073,2448.6501336272463,2448.6501336272463,-110.45342306987595
2024-02-19T00:00:00Z,2448.885567969458,-130.15772334907302,-130.15772334907302,-130.15772334907302,0,0,0,0,0,0,0,0,0,0,0,0,0,0,0,0,0,0,-241.06483225038173,-241.06483225038173,-241.06483225038173,0,0,0,0,0,0,407.3400332031581,407.3400332031581,407.3400332031581,-296.43292430184925,-296.43292430184925,-296.43292430184925,0,0,0,339.74669384331054,4229.380132140853,2448.885567969458,2448.885567969458,2318.727844620385
2024-02-20T00:00:00Z,2449.12100231167,383.40637514074905,383.40637514074905,383.40637514074905,0,0,0,0,0,0,0,0,0,0,0,0,0,0,0,0,0,0,-37.23660291238448,-37.23660291238448,-37.23660291238448,0,0,0,0,0,0,751.8708176889356,751.8708176889356,751.8708176889356,-331.22783963580235,-331.22783963580235,-331.22783963580235,0,0,0,1080.7111403521762,4907.215287343797,2449.12100231167,2449.12100231167,2832.527377452419
2024-02-21T00:00:00Z,2449.3564366538817,708.306202270456,708.306202270456,708.306202270456,0,0,0,0,0,0,0,0,0,0,0,0,0,0,0,0,0,0,281.71659854459955,281.71659854459955,281.71659854459955,0,0,0,0,0,0,785.6068199363368,785.6068199363368,785.6068199363368,-359.01721621048034,-359.01721621048034,-359.01721621048034,0,0,0,1047.3804914860023,5055.47327759541,2449.3564366538817,2449.3564366538817,3157.6626389243374
2024-02-22T00:00:00Z,2449.5918709960933,926.580214297353,926.580214297353,926.580214297353,0,0,0,0,0,0,0,0,0,0,0,0,0,0,0,0,0,0,493.30023290230673,493.30023290230673,493.30023290230673,0,0,0,0,0,0,812.174065743408,812.174065743408,812.174065743408,-378.8940843483618,-378.8940843483618,-378.8940843483618,0,0,0,1383.9573437408094,5276.627096759616,2449.5918709960933,2449.5918709960933,3376.1720852934463
2024-02-23T00:00:00Z,2449.8273053383055,905.8134617621574,905.8134617621574,905.8134617621574,0,0,0,0,0,0,0,0,0,0,0,0,0,0,0,0,0,0,516.4889183691865,516.4889183691865,516.4889183691865,0,0,0,0,0,0,779.4799552333993,779.4799552333993,779.4799552333993,-390.1554118404284,-390.1554118404284,-390.1554118404284,0,0,0,1311.9640679840236,5300.92415912006,2449.8273053383055,2449.8273053383055,3355.6407671004627
2024-02-24T00:00:00Z,2450.062739680517,-1289.4432469106455,-1289.4432469106455,-1289.4432469106455,0,0,0,0,0,0,0,0,0,0,0,0,0,0,0,0,0,0,569.0170228023669,569.0170228023669,569.0170228023669,0,0,0,0,0,0,-1466.1415354249293,-1466.1415354249293,-1466.1415354249293,-392.318734288083,-392.318734288083,-392.318734288083,0,0,0,-615.695264551065,3072.898870285707,2450.062739680517,2450.062739680517,1160.6194927698716
2024-02-25T00:00:00Z,2450.298174022729,-1444.4233224514035,-1444.4233224514035,-1444.4233224514035,0,0,0,0,0,0,0,0,0,0,0,0,0,0,0,0,0,0,1011.0399152064007,1011.0399152064007,1011.0399152064007,0,0,0,0,0,0,-2070.330156390064,-2070.330156390064,-2070.330156390064,-385.1330812677398,-385.1330812677398,-385.1330812677398,0,0,0,-968.9254562252202,3016.8011626987723,2450.298174022729,2450.298174022729,1005.8748515713257
2024-02-26T00:00:00Z,2450.533608364941,2010.8729302946297,2010.8729302946297,2010.8729302946297,0,0,0,0,0,0,0,0,0,0,0,0,0,0,0,0,0,0,1972.1168646221413,1972.1168646221413,1972.1168646221413,0,0,0,0,0,0,407.34003320489023,407.34003320489023,407.34003320489023,-368.5839675324018,-368.5839675324018,-368.5839675324018,0,0,0,2501.0313828681583,6321.361843971756,2450.533608364941,2450.533608364941,4461.40653865957
2024-02-27T00:00:00Z,2450.769042707153,3510.1970711806202,3510.1970711806202,3510.1970711806202,0,0,0,0,0,0,0,0,0,0,0,0,0,0,0,0,0,0,3101.2186257541766,3101.2186257541766,3101.2186257541766,0,0,0,0,0,0,751.8708176888701,751.8708176888701,751.8708176888701,-342.89237226242693,-342.89237226242693,-342.89237226242693,0,0,0,4069.030709888128,7846.968930179355,2450.769042707153,2450.769042707153,5960.966113887773
2024-02-28T00:00:00Z,2451.0044770493646,4191.406969535275,4191.406969535275,4191.406969535275,0,0,0,0,0,0,0,0,0,0,0,0,0,0,0,0,0,0,3714.307933578998,3714.307933578998,3714.307933578998,0,0,0,0,0,0,785.6068199372639,785.6068199372639,785.6068199372639,-308.50778398098856,-308.50778398098856,-308.50778398098856,0,0,0,4729.064110424028,8711.296538852665,2451.0044770493646,2451.0044770493646,6642.41144658464
2024-02-29T00:00:00Z,2451.2399113915762,3820.08293813374,3820.08293813374,3820.08293813374,0,0,0,0,0,0,0,0,0,0,0,0,0,0,0,0,0,0,3274.0044125022096,3274.0044125022096,3274.0044125022096,0,0,0,0,0,0,812.1740657442119,812.1740657442119,812.1740657442119,-266.0955401126813,-266.0955401126813,-266.0955401126813,0,0,0,4336.385518977531,8196.766562985633,2451.2399113915762,2451.2399113915762,6271.322849525316
2024-03-01T00:00:00Z,2451.4753457337883,2385.538168688338,2385.538168688338,2385.538168688338,0,0,0,0,0,0,0,0,0,0,0,0,0,0,0,0,0,0,1822.5770478147674,1822.5770478147674,1822.5770478147674,0,0,0,0,0,0,779.479955233699,779.479955233699,779.479955233699,-216.51883436012866,-216.51883436012866,-216.51883436012866,0,0,0,2844.3954162571736,6844.287474573941,2451.4753457337883,2451.4753457337883,4837.013514422126
2024-03-02T00:00:00Z,2451.710780076,-1628.8282373280485,-1628.8282373280485,-1628.8282373280485,0,0,0,0,0,0,0,0,0,0,0,0,0,0,0,0,0,0,-1.8708035129528788,-1.8708035129528788,-1.8708035129528788,0,0,0,0,0,0,-1466.1415354178512,-1466.1415354178512,-1466.1415354178512,-160.81589839724444,-160.81589839724444,-160.81589839724444,0,0,0,-1093.5574326201581,2767.8081807113363,2451.710780076,2451.710780076,822.8825427479514
2024-03-03T00:00:00Z,2451.946214418212,-3567.4326701348155,-3567.4326701348155,-3567.4326701348155,0,0,0,0,0,0,0,0,0,0,0,0,0,0,0,0,0,0,-1396.9295303284014,-1396.9295303284014,-1396.9295303284014,0,0,0,0,0,0,-2070.3301563911564,-2070.3301563911564,-2070.3301563911564,-100.17298341525769,-100.17298341525769,-100.17298341525769,0,0,0,-3043.815913639262,916.539659122721,2451.946214418212,2451.946214418212,-1115.4864557166034
2024-03-04T00:00:00Z,2452.181648760424,-1559.8657789679053,-1559.8657789679053,-1559.8657789679053,0,0,0,0,0,0,0,0,0,0,0,0,0,0,0,0,0,0,-1931.3119433309646,-1931.3119433309646,-1931.3119433309646,0,0,0,0,0,0,407.3400332055744,407.3400332055744,407.3400332055744,-35.893868842515275,-35.893868842515275,-35.893868842515275,0,0,0,-1068.8157323955515,2924.0180075704766,2452.181648760424,2452.181648760424,892.3158697925189
2024-03-05T00:00:00Z,2452.417083102636,-979.6004901367995,-979.6004901367995,-979.6004901367995,0,0,0,0,0,0,0,0,0,0,0,0,0,0,0,0,0,0,-1762.1046002789312,-1762.1046002789312,-1762.1046002789312,0,0,0,0,0,0,751.87081768839,751.87081768839,751.87081768839,30.63329245374165,30.63329245374165,30.63329245374165,0,0,0,-400.8744992237335,3502.552412868098,2452.417083102636,2452.417083102636,1472.8165929658362
2024-03-06T00:00:00Z,2452.6525174448475,-511.22110478402936,-511.22110478402936,-511.22110478402936,0,0,0,0,0,0,0,0,0,0,0,0,0,0,0,0,0,0,-1394.7988476533508,-1394.7988476533508,-1394.7988476533508,0,0,0,0,0,0,785.6068199376942,785.6068199376942,785.6068199376942,97.97092293162729,97.97092293162729,97.97092293162729,0,0,0,-77.3308232311271,3956.2184057875434,2452.6525174448475,2452.6525174448475,1941.431412660818
2024-03-07T00:00:00Z,2452.887951787059,-255.46433475702895,-255.46433475702895,-255.46433475702895,0,0,0,0,0,0,0,0,0,0,0,0,0,0,0,0,0,0,-1232.3062569437282,-1232.3062569437282,-1232.3062569437282,0,0,0,0,0,0,812.1740657423711,812.1740657423711,812.1740657423711,164.66785644432858,164.66785644432858,164.66785644432858,0,0,0,263.05603263476775,4158.673801286866,2452.887951787059,2452.887951787059,2197.42361703003
2024-03-08T00:00:00Z,2453.1233861292712,-296.66339831479087,-296.66339831479087,-296.66339831479087,0,0,0,0,0,0,0,0,0,0,0,0,0,0,0,0,0,0,-1305.4384952852015,-1305.4384952852015,-1305.4384952852015,0,0,0,0,0,0,779.4799552321101,779.4799552321101,779.4799552321101,229.2951417383003,229.2951417383003,229.2951417383003,0,0,0,217.4691263361332,4068.084600519514,2453.1233861292712,2453.1233861292712,2156.4599878144804
2024-03-09T00:00:00Z,2453.3588204714833,-2548.8356920068454,-2548.8356920068454,-2548.8356920068454,0,0,0,0,0,0,0,0,0,0,0,0,0,0,0,0,0,0,-1373.1750608732905,-1373.1750608732905,-1373.1750608732905,0,0,0,0,0,0,-1466.1415354188705,-1466.1415354188705,-1466.1415354188705,290.4809042853161,290.4809042853161,290.4809042853161,0,0,0,-2023.0466668307324,2017.5815240724683,2453.3588204714833,2453.3588204714833,-95.47687153536208
2024-03-10T00:00:00Z,2453.594254813695,-2959.0695563063637,-2959.0695563063637,-2959.0695563063637,0,0,0,0,0,0,0,0,0,0,0,0,0,0,0,0,0,0,-1235.6827915484657,-1235.6827915484657,-1235.6827915484657,0,0,0,0,0,0,-2070.3301563888876,-2070.3301563888876,-2070.3301563888876,346.94339163099005,346.94339163099005,346.94339163099005,0,0,0,-2373.159484411866,1387.5306840640892,2453.594254813695,2453.594254813695,-505.4753014926687
2024-03-11T00:00:00Z,2453.829689155907,-133.5779519175013,-133.5779519175013,-133.5779519175013,0,0,0,0,0,0,0,0,0,0,0,0,0,0,0,0,0,0,-938.439369191443,-938.439369191443,-938.439369191443,0,0,0,0,0,0,407.34003320835444,407.34003320835444,407.34003320835444,397.52138406558703,397.52138406558703,397.52138406558703,0,0,0,336.85843639228887,4386.159359818859,2453.829689155907,2453.829689155907,2320.251737238406
2024-03-12T00:00:00Z,2454.0651234981187,499.12903966999005,499.12903966999005,499.12903966999005,0,0,0,0,0,0,0,0,0,0,0,0,0,0,0,0,0,0,-693.9430076962019,-693.9430076962019,-693.9430076962019,0,0,0,0,0,0,751.8708176883252,751.8708176883252,751.8708176883252,441.20122967786716,441.20122967786716,441.20122967786716,0,0,0,1099.0472100277539,4780.51579671919,2454.0651234981187,2454.0651234981187,2953.194163168109
2024-03-13T00:00:00Z,2454.3005578403304,622.6772211405906,622.6772211405906,622.6772211405906,0,0,0,0,0,0,0,0,0,0,0,0,0,0,0,0,0,0,-640.0694573013935,-640.0694573013935,-640.0694573013935,0,0,0,0,0,0,785.6068199374507,785.6068199374507,785.6068199374507,477.13985850453344,477.13985850453344,477.13985850453344,0,0,0,1140.9439381709021,5067.4872083429855,2454.3005578403304,2454.3005578403304,3076.977778980921
2024-03-14T00:00:00Z,2454.5359921825425,616.502001270136,616.502001270136,616.502001270136,0,0,0,0,0,0,0,0,0,0,0,0,0,0,0,0,0,0,-700.3553062718426,-700.3553062718426,-700.3553062718426,0,0,0,0,0,0,812.1740657431749,812.1740657431749,812.1740657431749,504.6832417988037,504.6832417988037,504.6832417988037,0,0,0,1188.5408990246904,5085.3777230086425,2454.5359921825425,2454.5359921825425,3071.0379934526786
2024-03-15T00:00:00Z,2454.771426524754,620.2341894560427,620.2341894560427,620.2341894560427,0,0,0,0,0,0,0,0,0,0,0,0,0,0,0,0,0,0,-682.6256521211128,-682.6256521211128,-682.6256521211128,0,0,0,0,0,0,779.4799552324097,779.4799552324097,779.4799552324097,523.3798863447457,523.3798863447457,523.3798863447457,0,0,0,1113.225438884355,5175.594722954485,2454.771426524754,2454.771426524754,3075.005615980797
2024-03-16T00:00:00Z,2455.0068608669662,-1429.462018300198,-1429.462018300198,-1429.462018300198,0,0,0,0,0,0,0,0,0,0,0,0,0,0,0,0,0,0,-496.30956968826035,-496.30956968826035,-496.30956968826035,0,0,0,0,0,0,-1466.14153541989,-1466.14153541989,-1466.14153541989,532.9890868079525,532.9890868079525,532.9890868079525,0,0,0,-779.7345746736196,3034.976189176458,2455.0068608669662,2455.0068608669662,1025.5448425667682
2024-03-17T00:00:00Z,2455.242295209178,-1787.471784856666,-1787.471784856666,-1787.471784856666,0,0,0,0,0,0,0,0,0,0,0,0,0,0,0,0,0,0,-250.62542622365243,-250.62542622365243,-250.62542622365243,0,0,0,0,0,0,-2070.3301563866185,-2070.3301563866185,-2070.3301563866185,533.4837977536047,533.4837977536047,533.4837977536047,0,0,0,-1273.0768137246805,2675.7333291512778,2455.242295209178,2455.242295209178,667.7705103525118
2024-03-18T00:00:00Z,2455.47772955139,802.3831870158527,802.3831870158527,802.3831870158527,0,0,0,0,0,0,0,0,0,0,0,0,0,0,0,0,0,0,-130.0049736344437,-130.0049736344437,-130.0049736344437,0,0,0,0,0,0,407.3400332008128,407.3400332008128,407.3400332008128,525.0481274494837,525.0481274494837,525.0481274494837,0,0,0,1303.7579816345797,5219.801535311264,2455.47772955139,2455.47772955139,3257.860916567243
2024-03-19T00:00:00Z,2455.713163893601,1076.2985336065933,1076.2985336065933,1076.2985336065933,0,0,0,0,0,0,0,0,0,0,0,0,0,0,0,0,0,0,-183.64187827067852,-183.64187827067852,-183.64187827067852,0,0,0,0,0,0,751.8708176880522,751.8708176880522,751.8708176880522,508.06959418921963,508.06959418921963,508.06959418921963,0,0,0,1581.603402854728,5478.801539567034,2455.713163893601,2455.713163893601,3532.0116975001947
2024-03-20T00:00:00Z,2455.9485982358133,1008.6712061201235,1008.6712061201235,1008.6712061201235,0,0,0,0,0,0,0,0,0,0,0,0,0,0,0,0,0,0,-260.0620328056858,-260.0620328056858,-260.0620328056858,0,0,0,0,0,0,785.6068199372072,785.6068199372072,785.6068199372072,483.1264189886024,483.1264189886024,483.1264189886024,0,0,0,1623.5359289530759,5462.7851528341325,2455.9485982358133,2455.9485982358133,3464.619804355937
2024-03-21T00:00:00Z,2456.1840325780254,1098.1207007031114,1098.1207007031114,1098.1207007031114,0,0,0,0,0,0,0,0,0,0,0,0,0,0,0,0,0,0,-165.0236177181059,-165.0236177181059,-165.0236177181059,0,0,0,0,0,0,812.1740657425568,812.1740657425568,812.1740657425568,450.9702526786607,450.9702526786607,450.9702526786607,0,0,0,1716.0047896808517,5539.073190876063,2456.1840325780254,2456.1840325780254,3554.3047332811366
2024-03-22T00:00:00Z,2456.419466920237,1313.686661001529,1313.686661001529,1313.686661001529,0,0,0,0,0,0,0,0,0,0,0,0,0,0,0,0,0,0,121.70185827815999,121.70185827815999,121.70185827815999,0,0,0,0,0,0,779.4799552289325,779.4799552289325,779.4799552289325,412.50484749443643,412.50484749443643,412.50484749443643,0,0,0,1798.9666258556417,5707.379836262939,2456.419466920237,2456.419466920237,3770.106127921766
2024-03-23T00:00:00Z,2456.654901262449,-684.9424061162164,-684.9424061162164,-684.9424061162164,0,0,0,0,0,0,0,0,0,0,0,0,0,0,0,0,0,0,412.43784887875165,412.43784887875165,412.43784887875165,0,0,0,0,0,0,-1466.1415354147928,-1466.1415354147928,-1466.1415354147928,368.761280419825,368.761280419825,368.761280419825,0,0,0,10.011986207522718,3585.2889716477443,2456.654901262449,2456.654901262449,1771.7124951462329
2024-03-24T00:00:00Z,2456.8903556495584,-1227.7867240096834,-1227.7867240096834,-1227.7867240096834,0,0,0,0,0,0,0,0,0,0,0,0,0,0,0,0,0,0,521.6730169263218,521.6730169263218,521.6730169263218,0,0,0,0,0,0,-2070.3301563877108,-2070.3301563877108,-2070.3301563877108,320.8704154517059,320.8704154517059,320.8704154517059,0,0,0,-569.500405653524,3316.2167920188786,2456.8903556495584,2456.8903556495584,1229.103631639875
2024-03-25T00:00:00Z,2457.1258100366676,1193.2739924677583,1193.2739924677583,1193.2739924677583,0,0,0,0,0,0,0,0,0,0,0,0,0,0,0,0,0,0,515.900606574315,515.900606574315,515.900606574315,0,0,0,0,0,0,407.34003320254504,407.34003320254504,407.34003320254504,270.033352690898,270.033352690898,270.033352690898,0,0,0,1676.5339288467417,5664.615868200111,2457.1258100366676,2457.1258100366676,3650.3998025044257
2024-03-26T00:00:00Z,2457.361264423777,1692.733749207439,1692.733749207439,1692.733749207439,0,0,0,0,0,0,0,0,0,0,0,0,0,0,0,0,0,0,723.3722790896171,723.3722790896171,723.3722790896171,0,0,0,0,0,0,751.8708176877798,751.8708176877798,751.8708176877798,217.4906524300425,217.4906524300425,217.4906524300425,0,0,0,2415.9788702662568,6167.985529815298,2457.361264423777,2457.361264423777,4150.095013631216
2024-03-27T00:00:00Z,2457.5967188108866,619.8767719008334,619.8767719008334,619.8767719008334,0,0,0,0,0,0,-1767.1012203123178,-1767.1012203123178,-1767.1012203123178,0,0,0,0,0,0,-1767.1012203123178,-1767.1012203123178,-1767.1012203123178,1436.8800308661457,1436.8800308661457,1436.8800308661457,0,0,0,0,0,0,785.6068199369633,785.6068199369633,785.6068199369633,164.49114141004233,164.49114141004233,164.49114141004233,0,0,0,1025.6641210140483,5070.528631355011,2457.5967188108866,2457.5967188108866,3077.47349071172
2024-03-28T00:00:00Z,2457.8321731979954,3479.761745163669,3479.761745163669,3479.761745163669,0,0,0,0,0,0,0,0,0,0,0,0,0,0,0,0,0,0,2555.3265734701936,2555.3265734701936,2555.3265734701936,0,0,0,0,0,0,812.174065744783,812.174065744783,812.174065744783,112.26110594869269,112.26110594869269,112.26110594869269,0,0,0,4015.1196671936423,7710.800315176972,2457.8321731979954,2457.8321731979954,5937.593918361665
2024-03-29T00:00:00Z,2458.0676275851047,4357.177566706196,4357.177566706196,4357.177566706196,0,0,0,0,0,0,0,0,0,0,0,0,0,0,0,0,0,0,3515.7229583585054,3515.7229583585054,3515.7229583585054,0,0,0,0,0,0,779.4799552356149,779.4799552356149,779.4799552356149,61.97465311207445,61.97465311207445,61.97465311207445,0,0,0,4831.324408610166,8852.344697584047,2458.0676275851047,2458.0676275851047,6815.2451942913
2024-03-30T00:00:00Z,2458.303081972214,2188.1354826290035,2188.1354826290035,2188.1354826290035,0,0,0,0,0,0,0,0,0,0,0,0,0,0,0,0,0,0,3639.5510406298513,3639.5510406298513,3639.5510406298513,0,0,0,0,0,0,-1466.1415354158123,-1466.1415354158123,-1466.1415354158123,14.725977414963834,14.725977414963834,14.725977414963834,0,0,0,2768.752803337361,6606.277039671172,2458.303081972214,2458.303081972214,4646.438564601218
2024-03-31T00:00:00Z,2458.538536359323,546.5307048255336,546.5307048255336,546.5307048255336,0,0,0,0,0,0,0,0,0,0,0,0,0,0,0,0,0,0,2645.356653023111,2645.356653023111,2645.356653023111,0,0,0,0,0,0,-2070.330156385441,-2070.330156385441,-2070.330156385441,-28.495791812135224,-28.495791812135224,-28.495791812135224,0,0,0,1145.2701365318328,4923.377961065444,2458.538536359323,2458.538536359323,3005.0692411848568
2024-04-01T00:00:00Z,2458.773990746433,1244.2555293679197,1244.2555293679197,1244.2555293679197,0,0,0,0,0,0,0,0,0,0,0,0,0,0,0,0,0,0,903.7440624941173,903.7440624941173,903.7440624941173,0,0,0,0,0,0,407.3400332032291,407.3400332032291,407.3400332032291,-66.82856632942725,-66.82856632942725,-66.82856632942725,0,0,0,1772.7269813642856,5744.470043647479,2458.773990746433,2458.773990746433,3703.0295201143526
2024-04-02T00:00:00Z,2459.0094451335417,-141.29974549240873,-141.29974549240873,-141.29974549240873,0,0,0,0,0,0,0,0,0,0,0,0,0,0,0,0,0,0,-793.6149676342178,-793.6149676342178,-793.6149676342178,0,0,0,0,0,0,751.8708176887486,751.8708176887486,751.8708176887486,-99.55559554693967,-99.55559554693967,-99.55559554693967,0,0,0,311.15102232666936,4295.930956249528,2459.0094451335417,2459.0094451335417,2317.709699641133
2024-04-03T00:00:00Z,2459.2448995206514,-1115.3619113603634,-1115.3619113603634,-1115.3619113603634,0,0,0,0,0,0,0,0,0,0,0,0,0,0,0,0,0,0,-1774.849045107357,-1774.849045107357,-1774.849045107357,0,0,0,0,0,0,785.6068199378907,785.6068199378907,785.6068199378907,-126.1196861908978,-126.1196861908978,-126.1196861908978,0,0,0,-563.5552886978834,3302.680678516698,2459.2448995206514,2459.2448995206514,1343.882988160288
2024-04-04T00:00:00Z,2459.48035390776,-1239.9287422766056,-1239.9287422766056,-1239.9287422766056,0,0,0,0,0,0,0,0,0,0,0,0,0,0,0,0,0,0,-1905.9697467522353,-1905.9697467522353,-1905.9697467522353,0,0,0,0,0,0,812.17406574416475,812.17406574416475,812.17406574416475,-146.13306126853445,-146.13306126853445,-146.13306126853445,0,0,0,-796.7169521343487,3300.783838126493,2459.48035390776,2459.48035390776,1219.5516116311546
2024-04-05T00:00:00Z,2459.71580829487,-950.6508835806289,-950.6508835806289,-950.6508835806289,0,0,0,0,0,0,0,0,0,0,0,0,0,0,0,0,0,0,-1570.7481450837815,-1570.7481450837815,-1570.7481450837815,0,0,0,0,0,0,779.479955234026,779.479955234026,779.479955234026,-159.3826937308738,-159.3826937308738,-159.3826937308738,0,0,0,-330.661746819974,3343.4483797755615,2459.71580829487,2459.71580829487,1509.064924714241
2024-04-06T00:00:00Z,2459.951262681979,-2908.6880727234984,-2908.6880727234984,-2908.6880727234984,0,0,0,0,0,0,0,0,0,0,0,0,0,0,0,0,0,0,-1276.715465660663,-1276.715465660663,-1276.715465660663,0,0,0,0,0,0,-1466.1415354168314,-1466.1415354168314,-1466.1415354168314,-165.83107164600355,-165.83107164600355,-165.83107164600355,0,0,0,-2302.356608782173,1509.2420826776447,2459.951262681979,2459.951262681979,-448.7368100415192
2024-04-07T00:00:00Z,2460.186717069088,-3487.4674126217446,-3487.4674126217446,-3487.4674126217446,0,0,0,0,0,0,0,0,0,0,0,0,0,0,0,0,0,0,-1251.5247842027939,-1251.5247842027939,-1251.5247842027939,0,0,0,0,0,0,-2070.3301563848536,-2070.3301563848536,-2070.3301563848536,-165.612472034098,-165.612472034098,-165.612472034098,0,0,0,-3054.748884206903,980.6376411119606,2460.186717069088,2460.186717069088,-1027.2806955526567
2024-04-08T00:00:00Z,2460.4221714561977,-1108.7755304304035,-1108.7755304304035,-1108.7755304304035,0,0,0,0,0,0,0,0,0,0,0,0,0,0,0,0,0,0,-1357.0906270625512,-1357.0906270625512,-1357.0906270625512,0,0,0,0,0,0,407.34003320600937,407.34003320600937,407.34003320600937,-159.02493657386177,-159.02493657386177,-159.02493657386177,0,0,0,-516.7279906923075,3355.1637871539674,2460.4221714561977,2460.4221714561977,1351.6466410257942
2024-04-09T00:00:00Z,2460.6576258433065,-728.1067994504986,-728.1067994504986,-728.1067994504986,0,0,0,0,0,0,0,0,0,0,0,0,0,0,0,0,0,0,-1333.4593659947889,-1333.4593659947889,-1333.4593659947889,0,0,0,0,0,0,751.8708176886837,751.8708176886837,751.8708176886837,-146.51825114439293,-146.51825114439293,-146.51825114439293,0,0,0,-217.32709417340715,3693.648357253103,2460.6576258433065,2460.6576258433065,1732.550826392808
2024-04-11T00:00:00Z,2461.1285346175255,-3009.069988292243,-3009.069988292243,-3009.069988292243,0,0,0,0,0,0,-2918.5425732747135,-2918.5425732747135,-2918.5425732747135,0,0,0,0,0,0,0,0,0,-796.4929906584081,-796.4929906584081,-796.4929906584081,0,0,0,-2918.5425732747135,-2918.5425732747135,-2918.5425732747135,812.1740657435469,812.1740657435469,812.1740657435469,-106.20849010266801,-106.20849010266801,-106.20849010266801,0,0,0,-2657.743789581779,1385.2379786234014,2461.1285346175255,2461.1285346175255,-547.9414536747176
2024-04-12T00:00:00Z,2461.3639890046347,-1004.02886329304,-1004.02886329304,-1004.02886329304,0,0,0,0,0,0,-1060.6417003709078,-1060.6417003709078,-1060.6417003709078,0,0,0,0,0,0,0,0,0,-642.9589407051141,-642.9589407051141,-642.9589407051141,0,0,0,-1060.6417003709078,-1060.6417003709078,-1060.6417003709078,779.4799552324372,779.4799552324372,779.4799552324372,-79.90817744945505,-79.90817744945505,-79.90817744945505,0,0,0,-498.41032594820945,3348.849864183889,2461.3639890046347,2461.3639890046347,1457.3351257115946
2024-04-13T00:00:00Z,2461.599443391744,-3630.8370859930915,-3630.8370859930915,-3630.8370859930915,0,0,0,0,0,0,-1446.2426418449136,-1446.2426418449136,-1446.2426418449136,0,0,0,0,0,0,0,0,0,-667.8031559856181,-667.8031559856181,-667.8031559856181,0,0,0,-1446.2426418449136,-1446.2426418449136,-1446.2426418449136,-1466.141535417851,-1466.141535417851,-1466.141535417851,-50.64975274470888,-50.64975274470888,-50.64975274470888,0,0,0,-3036.8188528675064,663.8458611648123,2461.599443391744,2461.599443391744,-1169.2376426013475
2024-04-14T00:00:00Z,2461.8348977788532,-3855.147296019506,-3855.147296019506,-3855.147296019506,0,0,0,0,0,0,-1053.9304804193164,-1053.9304804193164,-1053.9304804193164,0,0,0,0,0,0,0,0,0,-711.5326656109755,-711.5326656109755,-711.5326656109755,0,0,0,-1053.9304804193164,-1053.9304804193164,-1053.9304804193164,-2070.3301563896125,-2070.3301563896125,-2070.3301563896125,-19.353993599602003,-19.353993599602003,-19.353993599602003,0,0,0,-3306.2038203485877,566.2968906376555,2461.8348977788532,2461.8348977788532,-1393.3123982406528
2024-04-15T00:00:00Z,2462.0703521659625,-327.2189772567619,-327.2189772567619,-327.2189772567619,0,0,0,0,0,0,-139.66893441936705,-139.66893441936705,-139.66893441936705,0,0,0,0,0,0,0,0,0,-607.9250956954459,-607.9250956954459,-607.9250956954459,0,0,0,-139.66893441936705,-139.66893441936705,-139.66893441936705,407.3400332066934,407.3400332066934,407.3400332066934,13.035019651357496,13.035019651357496,13.035019651357496,0,0,0,238.44433637925562,4130.686989206242,2462.0703521659625,2462.0703521659625,2134.851374909201
2024-04-16T00:00:00Z,2462.3058065530718,380.3350876798097,380.3350876798097,380.3350876798097,0,0,0,0,0,0,-48.636933243033084,-48.636933243033084,-48.636933243033084,0,0,0,0,0,0,0,0,0,-368.4737580690201,-368.4737580690201,-368.4737580690201,0,0,0,-48.636933243033084,-48.636933243033084,-48.636933243033084,751.8708176882031,751.8708176882031,751.8708176882031,45.574961303659585,45.574961303659585,45.574961303659585,0,0,0,929.6695197057036,4803.446606750085,2462.3058065530718,2462.3058065530718,2842.6408942328817
2024-04-17T00:00:00Z,2462.541260940181,-842.4661571118445,-842.4661571118445,-842.4661571118445,0,0,0,0,0,0,-1538.9263432042626,-1538.9263432042626,-1538.9263432042626,0,0,0,0,0,0,0,0,0,-166.49623954598664,-166.49623954598664,-166.49623954598664,0,0,0,-1538.9263432042626,-1538.9263432042626,-1538.9263432042626,785.6068199374033,785.6068199374033,785.6068199374033,77.34960570100121,77.34960570100121,77.34960570100121,0,0,0,-178.2585388644502,3576.085676885391,2462.541260940181,2462.541260940181,1620.0751038283365
2024-04-18T00:00:00Z,2462.7767153272903,-376.88076645896876,-376.88076645896876,-376.88076645896876,0,0,0,0,0,0,-1155.8059886669942,-1155.8059886669942,-1155.8059886669942,0,0,0,0,0,0,0,0,0,-140.74068286377056,-140.74068286377056,-140.74068286377056,0,0,0,-1155.8059886669942,-1155.8059886669942,-1155.8059886669942,812.1740657443507,812.1740657443507,812.1740657443507,107.49183932744502,107.49183932744502,107.49183932744502,0,0,0,234.32191094810122,4104.774842233075,2462.7767153272903,2462.7767153272903,2085.8959488683213
2024-04-19T00:00:00Z,2463.0121697143995,681.632745490326,681.632745490326,681.632745490326,0,0,0,0,0,0,0,0,0,0,0,0,0,0,0,0,0,0,-233.0519777412624,-233.0519777412624,-233.0519777412624,0,0,0,0,0,0,779.4799552372309,779.4799552372309,779.4799552372309,135.2047679943574,135.2047679943574,135.2047679943574,0,0,0,1137.963291824155,4964.945942530549,2463.0121697143995,2463.0121697143995,3144.6449152047253
2024-04-20T00:00:00Z,2463.247624101509,-1547.4259560757525,-1547.4259560757525,-1547.4259560757525,0,0,0,0,0,0,0,0,0,0,0,0,0,0,0,0,0,0,-241.06483225052054,-241.06483225052054,-241.06483225052054,0,0,0,0,0,0,-1466.1415354208511,-1466.1415354208511,-1466.1415354208511,159.78041159561886,159.78041159561886,159.78041159561886,0,0,0,-1135.0393106200038,2833.7938329517556,2463.247624101509,2463.247624101509,915.8216680257563
2024-04-21T00:00:00Z,2463.4830784886185,-1926.9512041459552,-1926.9512041459552,-1926.9512041459552,0,0,0,0,0,0,0,0,0,0,0,0,0,0,0,0,0,0,-37.236602911601715,-37.236602911601715,-37.236602911601715,0,0,0,0,0,0,-2070.330156389024,-2070.330156389024,-2070.330156389024,180.6155551546705,180.6155551546705,180.6155551546705,0,0,0,-1404.4550662140598,2397.663943410892,2463.4830784886185,2463.4830784886185,536.5318743426633
2024-04-22T00:00:00Z,2463.7185328757273,886.2810427827828,886.2810427827828,886.2810427827828,0,0,0,0,0,0,0,0,0,0,0,0,0,0,0,0,0,0,281.7165985440691,281.7165985440691,281.7165985440691,0,0,0,0,0,0,407.3400332073777,407.3400332073777,407.3400332073777,197.22441103133616,197.22441103133616,197.22441103133616,0,0,0,1363.882774405182,5257.617478423203,2463.7185328757273,2463.7185328757273,3349.9995756585104
2024-04-23T00:00:00Z,2463.9539872628366,1454.4188912114282,1454.4188912114282,1454.4188912114282,0,0,0,0,0,0,0,0,0,0,0,0,0,0,0,0,0,0,493.30023290200825,493.30023290200825,493.30023290200825,0,0,0,0,0,0,751.870817688138,751.870817688138,751.870817688138,209.24784062128225,209.24784062128225,209.24784062128225,0,0,0,1907.091690788238,5967.239905199404,2463.9539872628366,2463.9539872628366,3918.372878474265
2024-04-24T00:00:00Z,2464.189441649946,1518.5547202778796,1518.5547202778796,1518.5547202778796,0,0,0,0,0,0,0,0,0,0,0,0,0,0,0,0,0,0,516.4889183686344,516.4889183686344,516.4889183686344,0,0,0,0,0,0,785.6068199371596,785.6068199371596,785.6068199371596,216.45898197208592,216.45898197208592,216.45898197208592,0,0,0,2162.082206099475,5862.157606493732,2464.189441649946,2464.189441649946,3982.744161927825
2024-04-25T00:00:00Z,2464.424896037055,1599.9563182396214,1599.9563182396214,1599.9563182396214,0,0,0,0,0,0,0,0,0,0,0,0,0,0,0,0,0,0,569.0170228013931,569.0170228013931,569.0170228013931,0,0,0,0,0,0,812.1740657425096,812.1740657425096,812.1740657425096,218.76522969571897,218.76522969571897,218.76522969571897,0,0,0,2095.0454976634487,5922.040382919154,2464.424896037055,2464.424896037055,4064.3812142766765
2024-04-26T00:00:00Z,2464.660350424165,2006.7264830261709,2006.7264830261709,2006.7264830261709,0,0,0,0,0,0,0,0,0,0,0,0,0,0,0,0,0,0,1011.0399152073619,1011.0399152073619,1011.0399152073619,0,0,0,0,0,0,779.4799552375308,779.4799552375308,779.4799552375308,216.20661258127882,216.20661258127882,216.20661258127882,0,0,0,2361.613258194016,6542.879137492722,2464.660350424165,2464.660350424165,4471.386833450336
2024-04-27T00:00:00Z,2464.8958048112736,714.9260389566684,714.9260389566684,714.9260389566684,0,0,0,0,0,0,0,0,0,0,0,0,0,0,0,0,0,0,1972.1168646208964,1972.1168646208964,1972.1168646208964,0,0,0,0,0,0,-1466.1415354198894,-1466.1415354198894,-1466.1415354198894,208.95070975566088,208.95070975566088,208.95070975566088,0,0,0,1190.0387517047727,5074.8619680104175,2464.8958048112736,2464.8958048112736,3179.821843767942
2024-04-28T00:00:00Z,2465.1312591983833,1228.172804904866,1228.172804904866,1228.172804904866,0,0,0,0,0,0,0,0,0,0,0,0,0,0,0,0,0,0,3101.21862575319,3101.21862575319,3101.21862575319,0,0,0,0,0,0,-2070.3301563867553,-2070.3301563867553,-2070.3301563867553,197.2843355384313,197.2843355384313,197.2843355384313,0,0,0,1760.4567235040652,5493.790230672693,2465.1312591983833,2465.1312591983833,3693.3040641032494
2024-04-29T00:00:00Z,2465.366713585492,4303.250270794201,4303.250270794201,4303.250270794201,0,0,0,0,0,0,0,0,0,0,0,0,0,0,0,0,0,0,3714.307933578802,3714.307933578802,3714.307933578802,0,0,0,0,0,0,407.34003320193204,407.34003320193204,407.34003320193204,181.60230401346718,181.60230401346718,181.60230401346718,0,0,0,4885.365515035405,8749.113448780457,2465.366713585492,2465.366713585492,6768.616984379693
2024-04-30T00:00:00Z,2465.602167972602,4188.268884943249,4188.268884943249,4188.268884943249,0,0,0,0,0,0,0,0,0,0,0,0,0,0,0,0,0,0,3274.004412502983,3274.004412502983,3274.004412502983,0,0,0,0,0,0,751.8708176891073,751.8708176891073,751.8708176891073,162.39365475115812,162.39365475115812,162.39365475115812,0,0,0,4646.373604066432,8446.392046139168,2465.602167972602,2465.602167972602,6653.871052915851
2024-05-01T00:00:00Z,2465.837622359711,981.3084268250345,981.3084268250345,981.3084268250345,0,0,0,0,0,0,-1767.1012203123178,-1767.1012203123178,-1767.1012203123178,0,0,0,0,0,0,-1767.1012203123178,-1767.1012203123178,-1767.1012203123178,1822.5770478150002,1822.5770478150002,1822.5770478150002,0,0,0,0,0,0,785.6068199369162,785.6068199369162,785.6068199369162,140.22577938543674,140.22577938543674,140.22577938543674,0,0,0,1455.0715407968128,5308.764861824231,2465.837622359711,2465.837622359711,3447.1460491847456
2024-05-02T00:00:00Z,2466.07307674682,926.0301957890364,926.0301957890364,926.0301957890364,0,0,0,0,0,0,0,0,0,0,0,0,0,0,0,0,0,0,-1.8708035128048808,-1.8708035128048808,-1.8708035128048808,0,0,0,0,0,0,812.1740657433137,812.1740657433137,812.1740657433137,115.72693355852755,115.72693355852755,115.72693355852755,0,0,0,1473.2289606711847,5352.0753335751015,2466.07307674682,2466.07307674682,3392.1032725358564
2024-05-03T00:00:00Z,2466.3085311339296,-527.8819259121035,-527.8819259121035,-527.8819259121035,0,0,0,0,0,0,0,0,0,0,0,0,0,0,0,0,0,0,-1396.9295303280533,-1396.9295303280533,-1396.9295303280533,0,0,0,0,0,0,779.47995523405325,779.47995523405325,779.47995523405325,89.5676491818965,89.5676491818965,89.5676491818965,0,0,0,38.948785207838846,3959.5960623137053,2466.3085311339296,2466.3085311339296,1938.426605221826
2024-05-04T00:00:00Z,2466.5439855210384,-3335.0119012100727,-3335.0119012100727,-3335.0119012100727,0,0,0,0,0,0,0,0,0,0,0,0,0,0,0,0,0,0,-1931.3119433298898,-1931.3119433298898,-1931.3119433298898,0,0,0,0,0,0,-1466.1415354228895,-1466.1415354228895,-1466.1415354228895,62.441577542706234,62.441577542706234,62.441577542706234,0,0,0,-2934.483107549398,1170.174812616479,2466.5439855210384,2466.5439855210384,-868.4679156890343
2024-05-05T00:00:00Z,2466.779439908148,-3797.38846223538,-3797.38846223538,-3797.38846223538,0,0,0,0,0,0,0,0,0,0,0,0,0,0,0,0,0,0,-1762.1046002783505,-1762.1046002783505,-1762.1046002783505,0,0,0,0,0,0,-2070.330156386167,-2070.330156386167,-2070.330156386167,35.04629442913659,35.04629442913659,35.04629442913659,0,0,0,-3323.1756237490213,521.0944104473598,2466.779439908148,2466.779439908148,-1330.6090223272317
2024-05-06T00:00:00Z,2467.0148942952574,-979.3942299163117,-979.3942299163117,-979.3942299163117,0,0,0,0,0,0,0,0,0,0,0,0,0,0,0,0,0,0,-1394.7988476542403,-1394.7988476542403,-1394.7988476542403,0,0,0,0,0,0,407.34003320261604,407.34003320261604,407.34003320261604,8.064584535312548,8.064584535312548,8.064584535312548,0,0,0,-580.1754736238169,3317.292969705906,2467.0148942952574,2467.0148942952574,1487.6206643789455
2024-05-07T00:00:00Z,2467.2503486823666,-498.2887445984162,-498.2887445984162,-498.2887445984162,0,0,0,0,0,0,0,0,0,0,0,0,0,0,0,0,0,0,-1232.3062569432575,-1232.3062569432575,-1232.3062569432575,0,0,0,0,0,0,751.870817689042,751.870817689042,751.870817689042,-17.85330534420078,-17.85330534420078,-17.85330534420078,0,0,0,127.73879117768624,3939.5930851939906,2467.2503486823666,2467.2503486823666,1968.9616040839505
2024-05-08T00:00:00Z,2467.485803069476,-561.9376706014439,-561.9376706014439,-561.9376706014439,0,0,0,0,0,0,0,0,0,0,0,0,0,0,0,0,0,0,-1305.4384952857556,-1305.4384952857556,-1305.4384952857556,0,0,0,0,0,0,785.6068199366723,785.6068199366723,785.6068199366723,-42.105995252360536,-42.105995252360536,-42.105995252360536,0,0,0,64.38779734315814,3818.9793870367284,2467.485803069476,2467.485803069476,1905.548132468032
2024-05-09T00:00:00Z,2467.721257456585,-625.1564808805992,-625.1564808805992,-625.1564808805992,0,0,0,0,0,0,0,0,0,0,0,0,0,0,0,0,0,0,-1373.1750608730442,-1373.1750608730442,-1373.1750608730442,0,0,0,0,0,0,812.1740657426956,812.1740657426956,812.1740657426956,-64.15548575025088,-64.15548575025088,-64.15548575025088,0,0,0,-159.30745926831432,3756.6110127545207,2467.721257456585,2467.721257456585,1842.564776575986
2024-05-10T00:00:00Z,2467.9567118436944,-539.7423564632683,-539.7423564632683,-539.7423564632683,0,0,0,0,0,0,0,0,0,0,0,0,0,0,0,0,0,0,-1235.6827915486076,-1235.6827915486076,-1235.6827915486076,0,0,0,0,0,0,779.4799552343534,779.4799552343534,779.4799552343534,-83.53952014901405,-83.53952014901405,-83.53952014901405,0,0,0,-125.17816987427477,3900.2590860743785,2467.9567118436944,2467.9567118436944,1928.2143553804262
2024-05-11T00:00:00Z,2468.1921662308037,-2504.4624324660317,-2504.4624324660317,-2504.4624324660317,0,0,0,0,0,0,0,0,0,0,0,0,0,0,0,0,0,0,-938.4393691930388,-938.4393691930388,-938.4393691930388,0,0,0,0,0,0,-1466.1415354158116,-1466.1415354158116,-1466.1415354158116,-99.88152785718144,-99.88152785718144,-99.88152785718144,0,0,0,-1903.7586194074304,1878.7418588174673,2468.1921662308037,2468.1921662308037,-36.270266235228064
2024-05-12T00:00:00Z,2468.427620617913,-2877.1711196726483,-2877.1711196726483,-2877.1711196726483,0,0,0,0,0,0,0,0,0,0,0,0,0,0,0,0,0,0,-693.943007696529,-693.943007696529,-693.943007696529,0,0,0,0,0,0,-2070.3301563855784,-2070.3301563855784,-2070.3301563855784,-112.8979555905407,-112.8979555905407,-112.8979555905407,0,0,0,-2226.796889332894,1535.3024013635954,2468.427620617913,2468.427620617913,-408.74349905473537
2024-05-13T00:00:00Z,2468.663075005022,-355.1322946980672,-355.1322946980672,-355.1322946980672,0,0,0,0,0,0,0,0,0,0,0,0,0,0,0,0,0,0,-640.0694573017013,-640.0694573017013,-640.0694573017013,0,0,0,0,0,0,407.34003320434834,407.34003320434834,407.34003320434834,-122.40287060071434,-122.40287060071434,-122.40287060071434,0,0,0,128.53949631367414,4122.652440266211,2468.663075005022,2468.663075005022,2113.530780306955
2024-05-14T00:00:00Z,2468.8985394134083,-76.79428699778724,-76.79428699778724,-76.79428699778724,0,0,0,0,0,0,0,0,0,0,0,0,0,0,0,0,0,0,-700.3553062714857,-700.3553062714857,-700.3553062714857,0,0,0,0,0,0,751.8708176885618,751.8708176885618,751.8708176885618,-128.30979841486345,-128.30979841486345,-128.30979841486345,0,0,0,619.2625834204931,4295.526448245308,2468.8985394134083,2468.8985394134083,2392.104252415621
2024-05-15T00:00:00Z,2469.134003821794,-27.649666853588254,-27.649666853588254,-27.649666853588254,0,0,0,0,0,0,0,0,0,0,0,0,0,0,0,0,0,0,-682.6256521213656,-682.6256521213656,-682.6256521213656,0,0,0,0,0,0,785.6068199371025,785.6068199371025,785.6068199371025,-130.63083466932514,-130.63083466932514,-130.63083466932514,0,0,0,449.26667425588687,4542.538925373532,2469.134003821794,2469.134003821794,2441.4843369682058
2024-05-16T00:00:00Z,2469.3694682301793,186.39135177638698,186.39135177638698,186.39135177638698,0,0,0,0,0,0,0,0,0,0,0,0,0,0,0,0,0,0,-496.30956969028244,-496.30956969028244,-496.30956969028244,0,0,0,0,0,0,812.1740657422766,812.1740657422766,812.1740657422766,-129.47314427560727,-129.47314427560727,-129.47314427560727,0,0,0,770.2509660135332,4505.30628988669,2469.3694682301793,2469.3694682301793,2655.7608200065665
2024-05-17T00:00:00Z,2469.6049326385655,403.8214995664402,403.8214995664402,403.8214995664402,0,0,0,0,0,0,0,0,0,0,0,0,0,0,0,0,0,0,-250.62542622350327,-250.62542622350327,-250.62542622350327,0,0,0,0,0,0,779.4799552346528,779.4799552346528,779.4799552346528,-125.03302944470926,-125.03302944470926,-125.03302944470926,0,0,0,725.1831493272898,4676.246429883904,2469.6049326385655,2469.6049326385655,2873.4264322050058
2024-05-18T00:00:00Z,2469.8403970469512,-1713.7343182572013,-1713.7343182572013,-1713.7343182572013,0,0,0,0,0,0,0,0,0,0,0,0,0,0,0,0,0,0,-130.00497363418367,-130.00497363418367,-130.00497363418367,0,0,0,0,0,0,-1466.1415354168312,-1466.1415354168312,-1466.1415354168312,-117.58780920618638,-117.58780920618638,-117.58780920618638,0,0,0,-1189.3778620768958,2787.8686438935315,2469.8403970469512,2469.8403970469512,756.10607878975
2024-05-19T00:00:00Z,2470.0758614553365,-2361.457840144527,-2361.457840144527,-2361.457840144527,0,0,0,0,0,0,0,0,0,0,0,0,0,0,0,0,0,0,-183.64187827042534,-183.64187827042534,-183.64187827042534,0,0,0,0,0,0,-2070.33015638499,-2070.33015638499,-2070.33015638499,-107.48580548911163,-107.48580548911163,-107.48580548911163,0,0,0,-1783.286757930673,2118.4656999209956,2470.0758614553365,2470.0758614553365,108.61802131080958
2024-05-20T00:00:00Z,2470.3113258637222,52.14322705956718,52.14322705956718,52.14322705956718,0,0,0,0,0,0,0,0,0,0,0,0,0,0,0,0,0,0,-260.06203280565506,-260.06203280565506,-260.06203280565506,0,0,0,0,0,0,407.34003320608053,407.34003320608053,407.34003320608053,-95.13477334085832,-95.13477334085832,-95.13477334085832,0,0,0,574.6741959089491,4398.178606392423,2470.3113258637222,2470.3113258637222,2522.4545529232896
2024-05-21T00:00:00Z,2470.5467902721084,505.85805543678487,505.85805543678487,505.85805543678487,0,0,0,0,0,0,0,0,0,0,0,0,0,0,0,0,0,0,-165.0236177173854,-165.0236177173854,-165.0236177173854,0,0,0,0,0,0,751.8708176884967,751.8708176884967,751.8708176884967,-80.98914453432629,-80.98914453432629,-80.98914453432629,0,0,0,1006.3133365376353,5046.0843268722565,2470.5467902721084,2470.5467902721084,2976.4048457088934
2024-05-22T00:00:00Z,2470.7822546804937,-925.329016176062,-925.329016176062,-925.329016176062,0,0,0,0,0,0,-1767.1012203123178,-1767.1012203123178,-1767.1012203123178,0,0,0,0,0,0,-1767.1012203123178,-1767.1012203123178,-1767.1012203123178,121.70185827873611,121.70185827873611,121.70185827873611,0,0,0,0,0,0,785.6068199373559,785.6068199373559,785.6068199373559,-65.53647407983632,-65.53647407983632,-65.53647407983632,0,0,0,-459.6928437727441,3441.0533545636144,2470.7822546804937,2470.7822546804937,1545.4532385044317
2024-05-23T00:00:00Z,2471.0177190888794,1175.3284268461769,1175.3284268461769,1175.3284268461769,0,0,0,0,0,0,0,0,0,0,0,0,0,0,0,0,0,0,412.43784887935715,412.43784887935715,412.43784887935715,0,0,0,0,0,0,812.1740657416585,812.1740657416585,812.1740657416585,-49.28348777483858,-49.28348777483858,-49.28348777483858,0,0,0,1763.1538369719108,5607.119863453093,2471.0177190888794,2471.0177190888794,3646.3461459350565
2024-05-24T00:00:00Z,2471.2531834972656,1268.410846145342,1268.410846145342,1268.410846145342,0,0,0,0,0,0,0,0,0,0,0,0,0,0,0,0,0,0,521.673016926248,521.673016926248,521.673016926248,0,0,0,0,0,0,779.4799552330642,779.4799552330642,779.4799552330642,-32.74212601397005,-32.74212601397005,-32.74212601397005,0,0,0,1942.2078889701002,5623.919958346703,2471.2531834972656,2471.2531834972656,3739.6640296426076
2024-05-25T00:00:00Z,2471.488647905651,-966.6568939150989,-966.6568939150989,-966.6568939150989,0,0,0,0,0,0,0,0,0,0,0,0,0,0,0,0,0,0,515.9006065734602,515.9006065734602,515.9006065734602,0,0,0,0,0,0,-1466.1415354178505,-1466.1415354178505,-1466.1415354178505,-16.415965070708808,-16.415965070708808,-16.415965070708808,0,0,0,-361.3354794379733,3297.538814534656,2471.488647905651,2471.488647905651,1504.831753990552
2024-05-26T00:00:00Z,2471.7241123140366,-1347.7452500207703,-1347.7452500207703,-1347.7452500207703,0,0,0,0,0,0,0,0,0,0,0,0,0,0,0,0,0,0,723.3722790900288,723.3722790900288,723.3722790900288,0,0,0,0,0,0,-2070.330156388068,-2070.330156388068,-2070.330156388068,-0.78737272273069,-0.78737272273069,-0.78737272273069,0,0,0,-830.683559655759,2978.4093682276302,2471.7241123140366,2471.7241123140366,1123.9788622932663
2024-05-27T00:00:00Z,2471.9595767224228,1857.914342636453,1857.914342636453,1857.914342636453,0,0,0,0,0,0,0,0,0,0,0,0,0,0,0,0,0,0,1436.8800308662783,1436.8800308662783,1436.8800308662783,0,0,0,0,0,0,407.34003319958686,407.34003319958686,407.34003319958686,13.694278570587416,13.694278570587416,13.694278570587416,0,0,0,2301.782270949753,6185.620903926786,2471.9595767224228,2471.9595767224228,4329.873919358875
2024-05-28T00:00:00Z,2472.195041130808,3333.8204505804824,3333.8204505804824,3333.8204505804824,0,0,0,0,0,0,0,0,0,0,0,0,0,0,0,0,0,0,2555.32657347228,2555.32657347228,2555.32657347228,0,0,0,0,0,0,751.8708176884312,751.8708176884312,751.8708176884312,26.6230594197723,26.6230594197723,26.6230594197723,0,0,0,3927.7777358335547,7763.391235038464,2472.195041130808,2472.195041130808,5806.01549171129
2024-05-29T00:00:00Z,2472.4305055391937,4338.975137225181,4338.975137225181,4338.975137225181,0,0,0,0,0,0,0,0,0,0,0,0,0,0,0,0,0,0,3515.722958358346,3515.722958358346,3515.722958358346,0,0,0,0,0,0,785.6068199371125,785.6068199371125,785.6068199371125,37.64535892972342,37.64535892972342,37.64535892972342,0,0,0,4871.796931899232,8844.51179526161,2472.4305055391937,2472.4305055391937,6811.405642764375
2024-05-30T00:00:00Z,2472.66596994758,4498.192114123711,4498.192114123711,4498.192114123711,0,0,0,0,0,0,0,0,0,0,0,0,0,0,0,0,0,0,3639.5510406299773,3639.5510406299773,3639.5510406299773,0,0,0,0,0,0,812.1740657424624,812.1740657424624,812.1740657424624,46.46700775126984,46.46700775126984,46.46700775126984,0,0,0,4986.610829449716,8686.130021848066,2472.66596994758,2472.66596994758,6970.858084071291
2024-05-31T00:00:00Z,2472.9014343559656,3477.6951334092187,3477.6951334092187,3477.6951334092187,0,0,0,0,0,0,0,0,0,0,0,0,0,0,0,0,0,0,2645.356653024278,2645.356653024278,2645.356653024278,0,0,0,0,0,0,779.4799552314753,779.4799552314753,779.4799552314753,52.858525153465,52.858525153465,52.858525153465,0,0,0,4178.661587566827,7888.494092859618,2472.9014343559656,2472.9014343559656,5950.596567765184
2024-06-01T00:00:00Z,2473.136898764351,-505.73904849822634,-505.73904849822634,-505.73904849822634,0,0,0,0,0,0,0,0,0,0,0,0,0,0,0,0,0,0,903.7440624944261,903.7440624944261,903.7440624944261,0,0,0,0,0,0,-1466.1415354208505,-1466.1415354208505,-1466.1415354208505,56.65842442819798,56.65842442819798,56.65842442819798,0,0,0,-65.78255307294626,3938.629766203838,2473.136898764351,2473.136898764351,1967.3978502661246
2024-06-02T00:00:00Z,2473.3723631727366,-2806.1705554503396,-2806.1705554503396,-2806.1705554503396,0,0,0,0,0,0,0,0,0,0,0,0,0,0,0,0,0,0,-793.6149676344093,-793.6149676344093,-793.6149676344093,0,0,0,0,0,0,-2070.330156389161,-2070.330156389161,-2070.330156389161,57.774568573229814,57.774568573229814,57.774568573229814,0,0,0,-2298.6039198117683,1451.0994532430084,2473.3723631727366,2473.3723631727366,-332.798192277603
2024-06-03T00:00:00Z,2473.607827581123,-3078.426608340028,-3078.426608340028,-3078.426608340028,0,0,0,0,0,0,-1767.1012203123178,-1767.1012203123178,-1767.1012203123178,0,0,0,0,0,0,-1767.1012203123178,-1767.1012203123178,-1767.1012203123178,-1774.8490451078976,-1774.8490451078976,-1774.8490451078976,0,0,0,0,0,0,407.3400332002709,407.3400332002709,407.3400332002709,56.18362387991703,56.18362387991703,56.18362387991703,0,0,0,-2522.5239720492896,1349.9187855447126,2473.607827581123,2473.607827581123,-604.8187807589052
2024-06-04T00:00:00Z,2473.843291989508,-1102.1702178791609,-1102.1702178791609,-1102.1702178791609,0,0,0,0,0,0,0,0,0,0,0,0,0,0,0,0,0,0,-1905.9697467523688,-1905.9697467523688,-1905.9697467523688,0,0,0,0,0,0,751.8708176879513,751.8708176879513,751.8708176879513,51.92871118525682,51.92871118525682,51.92871118525682,0,0,0,-528.191252393367,3466.3650247385863,2473.843291989508,2473.843291989508,1371.6730741103472
2024-06-05T00:00:00Z,2474.078756397894,-740.0259234087428,-740.0259234087428,-740.0259234087428,0,0,0,0,0,0,0,0,0,0,0,0,0,0,0,0,0,0,-1570.7481450836672,-1570.7481450836672,-1570.7481450836672,0,0,0,0,0,0,785.6068199368688,785.6068199368688,785.6068199368688,45.11540173805639,45.11540173805639,45.11540173805639,0,0,0,-347.8580664478751,3524.2719345074406,2474.078756397894,2474.078756397894,1734.052832989151
2024-06-06T00:00:00Z,2474.31422080628,-428.63515430000734,-428.63515430000734,-428.63515430000734,0,0,0,0,0,0,0,0,0,0,0,0,0,0,0,0,0,0,-1276.7154656602634,-1276.7154656602634,-1276.7154656602634,0,0,0,0,0,0,812.1740657432669,812.1740657432669,812.1740657432669,35.90624561698967,35.90624561698967,35.90624561698967,0,0,0,93.562212570903,4088.26474267213,2474.31422080628,2474.31422080628,2045.6790665062726
2024-06-07T00:00:00Z,2474.5496852146653,-447.53077449751896,-447.53077449751896,-447.53077449751896,0,0,0,0,0,0,0,0,0,0,0,0,0,0,0,0,0,0,-1251.5247842034883,-1251.5247842034883,-1251.5247842034883,0,0,0,0,0,0,779.479955236269,779.479955236269,779.479955236269,24.51405446970005,24.51405446970005,24.51405446970005,0,0,0,77.71059004415243,3935.386196834849,2474.5496852146653,2474.5496852146653,2027.0189107171464
2024-06-08T00:00:00Z,2474.785149623051,-2812.0379762657694,-2812.0379762657694,-2812.0379762657694,0,0,0,0,0,0,0,0,0,0,0,0,0,0,0,0,0,0,-1357.0906270625806,-1357.0906270625806,-1357.0906270625806,0,0,0,0,0,0,-1466.141535419889,-1466.141535419889,-1466.141535419889,11.194186216700851,11.194186216700851,11.194186216700851,0,0,0,-2249.416392241449,1594.5322750809657,2474.785149623051,2474.785149623051,-337.25282664271845
2024-06-09T00:00:00Z,2475.020614031437,-3407.553425536157,-3407.553425536157,-3407.553425536157,0,0,0,0,0,0,0,0,0,0,0,0,0,0,0,0,0,0,-1333.4593659949007,-1333.4593659949007,-1333.4593659949007,0,0,0,0,0,0,-2070.3301563868918,-2070.3301563868918,-2070.3301563868918,-3.763903154364536,-3.763903154364536,-3.763903154364536,0,0,0,-2809.312875905171,1058.0028574887372,2475.020614031437,2475.020614031437,-932.53281150472
2024-06-10T00:00:00Z,2475.256078439823,-707.6923240114495,-707.6923240114495,-707.6923240114495,0,0,0,0,0,0,0,0,0,0,0,0,0,0,0,0,0,0,-1094.9867904705347,-1094.9867904705347,-1094.9867904705347,0,0,0,0,0,0,407.3400332020032,407.3400332020032,407.3400332020032,-20.045566742917803,-20.045566742917803,-20.045566742917803,0,0,0,-212.6066515009403,3763.6982732498664,2475.256078439823,2475.256078439823,1767.5637544283734
2024-06-11T00:00:00Z,2475.491542848208,-81.94223156563618,-81.94223156563618,-81.94223156563618,0,0,0,0,0,0,0,0,0,0,0,0,0,0,0,0,0,0,-796.4929906584052,-796.4929906584052,-796.4929906584052,0,0,0,0,0,0,751.8708176878858,751.8708176878858,751.8708176878858,-37.32005859511671,-37.32005859511671,-37.32005859511671,0,0,0,538.4351291855414,4226.268138778831,2475.491542848208,2475.491542848208,2393.549311282572
2024-06-12T00:00:00Z,2475.7270072565943,87.39833522844121,87.39833522844121,87.39833522844121,0,0,0,0,0,0,0,0,0,0,0,0,0,0,0,0,0,0,-642.9589407073165,-642.9589407073165,-642.9589407073165,0,0,0,0,0,0,785.6068199377959,785.6068199377959,785.6068199377959,-55.24954400203814,-55.24954400203814,-55.24954400203814,0,0,0,507.1803986295756,4425.738075444234,2475.7270072565943,2475.7270072565943,2563.1253424850356
2024-06-13T00:00:00Z,2475.96247166498,70.87313213866324,70.87313213866324,70.87313213866324,0,0,0,0,0,0,0,0,0,0,0,0,0,0,0,0,0,0,-667.8031559857408,-667.8031559857408,-667.8031559857408,0,0,0,0,0,0,812.1740657440705,812.1740657440705,812.1740657440705,-73.49777761966662,-73.49777761966662,-73.49777761966662,0,0,0,540.2029906296657,4593.496122874285,2475.96247166498,2475.96247166498,2546.835603803643
2024-06-14T00:00:00Z,2476.1979360733653,-23.790931722934236,-23.790931722934236,-23.790931722934236,0,0,0,0,0,0,0,0,0,0,0,0,0,0,0,0,0,0,-711.5326656107878,-711.5326656107878,-711.5326656107878,0,0,0,0,0,0,779.4799552365686,779.4799552365686,779.4799552365686,-91.73822134871463,-91.73822134871463,-91.73822134871463,0,0,0,486.495112004568,4301.068785079724,2476.1979360733653,2476.1979360733653,2452.407004350431
2024-06-15T00:00:00Z,2476.433400481751,-2183.728033514377,-2183.728033514377,-2183.728033514377,0,0,0,0,0,0,0,0,0,0,0,0,0,0,0,0,0,0,-607.9250956976422,-607.9250956976422,-607.9250956976422,0,0,0,0,0,0,-1466.141535422889,-1466.141535422889,-1466.141535422889,-109.66140239384569,-109.66140239384569,-109.66140239384569,0,0,0,-1647.6520600500528,2206.87582039768,2476.433400481751,2476.433400481751,292.7053669673742
2024-06-16T00:00:00Z,2476.6688648901372,-2565.7852596545436,-2565.7852596545436,-2565.7852596545436,0,0,0,0,0,0,0,0,0,0,0,0,0,0,0,0,0,0,-368.4737580689188,-368.4737580689188,-368.4737580689188,0,0,0,0,0,0,-2070.330156386303,-2070.330156386303,-2070.330156386303,-126.98134519932174,-126.98134519932174,-126.98134519932174,0,0,0,-2005.7769924578101,1782.0822059433099,2476.6688648901372,2476.6688648901372,-89.11639476440632
2024-06-17T00:00:00Z,2476.9043292985225,-2709.7676674271415,-2709.7676674271415,-2709.7676674271415,0,0,0,0,0,0,-2807.1705132673496,-2807.1705132673496,-2807.1705132673496,0,0,0,0,0,0,0,0,0,-166.49623954655752,-166.49623954655752,-166.49623954655752,-2807.1705132673496,-2807.1705132673496,-2807.1705132673496,0,0,0,407.34003320373535,407.34003320373535,407.34003320373535,-143.44094781696955,-143.44094781696955,-143.44094781696955,0,0,0,-2259.558948169276,1729.7298490774958,2476.9043292985225,2476.9043292985225,-232.86333812861903
2024-06-18T00:00:00Z,2477.139793706908,225.38202643302728,225.38202643302728,225.38202643302728,0,0,0,0,0,0,-226.93189602890334,-226.93189602890334,-226.93189602890334,0,0,0,0,0,0,0,0,0,-140.7406828634894,-140.7406828634894,-140.7406828634894,-226.93189602890334,-226.93189602890334,-226.93189602890334,0,0,0,751.8708176888551,751.8708176888551,751.8708176888551,-158.81621236343497,-158.81621236343497,-158.81621236343497,0,0,0,729.9149532133927,4602.700055160105,2477.139793706908,2477.139793706908,2702.5218201399357
2024-06-19T00:00:00Z,2477.3752581152944,-242.9173920948416,-242.9173920948416,-242.9173920948416,0,0,0,0,0,0,-622.5529550184158,-622.5529550184158,-622.5529550184158,0,0,0,0,0,0,0,0,0,-233.05197774109436,-233.05197774109436,-233.05197774109436,-622.5529550184158,-622.5529550184158,-622.5529550184158,0,0,0,785.6068199368782,785.6068199368782,785.6068199368782,-172.91927927220945,-172.91927927220945,-172.91927927220945,0,0,0,223.88805715692294,4114.687766004756,2477.3752581152944,2477.3752581152944,2234.457866020453
2024-06-20T00:00:00Z,2477.6107225236797,204.17819557966084,204.17819557966084,204.17819557966084,0,0,0,0,0,0,-181.3307832169664,-181.3307832169664,-181.3307832169664,0,0,0,0,0,0,0,0,0,-241.06483225009418,-241.06483225009418,-241.06483225009418,-181.3307832169664,-181.3307832169664,-181.3307832169664,0,0,0,812.1740657434524,812.1740657434524,812.1740657434524,-185.60025469673087,-185.60025469673087,-185.60025469673087,0,0,0,739.1683153718337,4560.94290784593,2477.6107225236797,2477.6107225236797,2681.7889181033406
2024-06-21T00:00:00Z,2477.8461869320654,54.84696714606005,54.84696714606005,54.84696714606005,0,0,0,0,0,0,-490.648526741202,-490.648526741202,-490.648526741202,0,0,0,0,0,0,0,0,0,-37.23660291140254,-37.23660291140254,-37.23660291140254,-490.648526741202,-490.648526741202,-490.648526741202,0,0,0,779.4799552330912,779.4799552330912,779.4799552330912,-196.74785843442666,-196.74785843442666,-196.74785843442666,0,0,0,610.413891146935,4322.800683757694,2477.8461869320654,2477.8461869320654,2532.6931540781256
2024-06-22T00:00:00Z,2478.0816513404516,-1768.5743995349849,-1768.5743995349849,-1768.5743995349849,0,0,0,0,0,0,-377.86050769705633,-377.86050769705633,-377.86050769705633,0,0,0,0,0,0,0,0,0,281.71659854481464,281.71659854481464,281.71659854481464,-377.86050769705633,-377.86050769705633,-377.86050769705633,0,0,0,-1466.1415354258893,-1466.1415354258893,-1466.1415354258893,-206.2889549568538,-206.2889549568538,-206.2889549568538,0,0,0,-1343.5502537045645,2617.656029274555,2478.0816513404516,2478.0816513404516,709.5072518054667
2024-06-23T00:00:00Z,2478.3171157488373,-1937.74871122495,-1937.74871122495,-1937.74871122495,0,0,0,0,0,0,-146.53172622105853,-146.53172622105853,-146.53172622105853,0,0,0,0,0,0,0,0,0,493.3002329031466,493.3002329031466,493.3002329031466,-146.53172622105853,-146.53172622105853,-146.53172622105853,0,0,0,-2070.3301563910622,-2070.3301563910622,-2070.3301563910622,-214.18706151597567,-214.18706151597567,-214.18706151597567,0,0,0,-1450.7536094041325,2428.621389458697,2478.3171157488373,2478.3171157488373,540.5684045238872
2024-06-24T00:00:00Z,2478.5525801572226,344.92928462985225,344.92928462985225,344.92928462985225,0,0,0,0,0,0,-358.4597129499334,-358.4597129499334,-358.4597129499334,0,0,0,0,0,0,0,0,0,516.4889183696761,516.4889183696761,516.4889183696761,-358.4597129499334,-358.4597129499334,-358.4597129499334,0,0,0,407.3400332054674,407.3400332054674,407.3400332054674,-220.4399539953579,-220.4399539953579,-220.4399539953579,0,0,0,590.9905464251078,4816.302843812678,2478.5525801572226,2478.5525801572226,2823.4818647870748
2024-06-25T00:00:00Z,2478.7880445656087,1095.811327985787,1095.811327985787,1095.811327985787,0,0,0,0,0,0,0,0,0,0,0,0,0,0,0,0,0,0,569.0170228009673,569.0170228009673,569.0170228009673,0,0,0,0,0,0,751.8708176885822,751.8708176885822,751.8708176885822,-225.0765125037623,-225.0765125037623,-225.0765125037623,0,0,0,1683.05401481319,5640.54682170825,2478.7880445656087,2478.7880445656087,3574.599372551396
2024-06-26T00:00:00Z,2479.0235089739945,1568.4937709577,1568.4937709577,1568.4937709577,0,0,0,0,0,0,0,0,0,0,0,0,0,0,0,0,0,0,1011.0399152076046,1011.0399152076046,1011.0399152076046,0,0,0,0,0,0,785.6068199373086,785.6068199373086,785.6068199373086,-228.15296418721317,-228.15296418721317,-228.15296418721317,0,0,0,2098.6169721701604,5943.582734661663,2479.0235089739945,2479.0235089739945,4047.5172799316942
2024-06-27T00:00:00Z,2479.2589733823797,2554.5422402576983,2554.5422402576983,2554.5422402576983,0,0,0,0,0,0,0,0,0,0,0,0,0,0,0,0,0,0,1972.1168646234066,1972.1168646234066,1972.1168646234066,0,0,0,0,0,0,812.1740657442563,812.1740657442563,812.1740657442563,-229.74869010996488,-229.74869010996488,-229.74869010996488,0,0,0,3033.6986009059806,6952.126474149356,2479.2589733823797,2479.2589733823797,5033.801213640078
2024-06-28T00:00:00Z,2479.4944377907655,3650.7368147255543,3650.7368147255543,3650.7368147255543,0,0,0,0,0,0,0,0,0,0,0,0,0,0,0,0,0,0,3101.2186257522544,3101.2186257522544,3101.2186257522544,0,0,0,0,0,0,779.4799552333909,779.4799552333909,779.4799552333909,-229.96176626009054,-229.96176626009054,-229.96176626009054,0,0,0,4100.626088074997,7967.311738408439,2479.4944377907655,2479.4944377907655,6130.23125251632
2024-06-29T00:00:00Z,2479.7299021991516,2019.2619922099852,2019.2619922099852,2019.2619922099852,0,0,0,0,0,0,0,0,0,0,0,0,0,0,0,0,0,0,3714.307933579049,3714.307933579049,3714.307933579049,0,0,0,0,0,0,-1466.1415354188116,-1466.1415354188116,-1466.1415354188116,-228.9044059502537,-228.9044059502537,-228.9044059502537,0,0,0,2686.497571985973,6509.0336511626565,2479.7299021991516,2479.7299021991516,4498.991894409137
2024-06-30T00:00:00Z,2479.965366607537,976.9757936657344,976.9757936657344,976.9757936657344,0,0,0,0,0,0,0,0,0,0,0,0,0,0,0,0,0,0,3274.0044125026125,3274.0044125026125,3274.0044125026125,0,0,0,0,0,0,-2070.3301563904743,-2070.3301563904743,-2070.3301563904743,-226.6984624464036,-226.6984624464036,-226.6984624464036,0,0,0,1611.8518227742632,5294.608406511841,2479.965366607537,2479.965366607537,3456.941160273271
2024-07-01T00:00:00Z,2480.2008310159226,2006.445943887422,2006.445943887422,2006.445943887422,0,0,0,0,0,0,0,0,0,0,0,0,0,0,0,0,0,0,1822.5770478117272,1822.5770478117272,1822.5770478117272,0,0,0,0,0,0,407.34003320615165,407.34003320615165,407.34003320615165,-223.47113713045633,-223.47113713045633,-223.47113713045633,0,0,0,2464.3010981104003,6471.818501419721,2480.2008310159226,2480.2008310159226,4486.6467749033445
2024-07-02T00:00:00Z,2480.436295424309,530.6489936116127,530.6489936116127,530.6489936116127,0,0,0,0,0,0,0,0,0,0,0,0,0,0,0,0,0,0,-1.8708035122131155,-1.8708035122131155,-1.8708035122131155,0,0,0,0,0,0,751.8708176883096,751.8708176883096,751.8708176883096,-219.35102056448363,-219.35102056448363,-219.35102056448363,0,0,0,1165.6331941579172,4928.257042627666,2480.436295424309,2480.436295424309,3011.0852890359215
2024-07-03T00:00:00Z,2480.671759832694,-825.7872827124165,-825.7872827124165,-825.7872827124165,0,0,0,0,0,0,0,0,0,0,0,0,0,0,0,0,0,0,-1396.9295303285303,-1396.9295303285303,-1396.9295303285303,0,0,0,0,0,0,785.6068199377391,785.6068199377391,785.6068199377391,-214.46457232162575,-214.46457232162575,-214.46457232162575,0,0,0,-199.08653999243904,3758.7173747624365,2480.671759832694,2480.671759832694,1654.8844771202776
2024-07-04T00:00:00Z,2480.907242947185,-1328.0709988801316,-1328.0709988801316,-1328.0709988801316,0,0,0,0,0,0,0,0,0,0,0,0,0,0,0,0,0,0,-1931.3119433300626,-1931.3119433300626,-1931.3119433300626,0,0,0,0,0,0,812.1740657424153,812.1740657424153,812.1740657424153,-208.93312129248372,-208.93312129248372,-208.93312129248372,0,0,0,-654.7596615331012,3095.4055879256866,2480.907242947185,2480.907242947185,1152.8362440670533
2024-07-05T00:00:00Z,2481.142726061676,-1185.4950874101125,-1185.4950874101125,-1185.4950874101125,0,0,0,0,0,0,0,0,0,0,0,0,0,0,0,0,0,0,-1762.1046002781688,-1762.1046002781688,-1762.1046002781688,0,0,0,0,0,0,779.4799552318024,779.4799552318024,779.4799552318024,-202.87044236374535,-202.87044236374535,-202.87044236374535,0,0,0,-807.2638811832348,3340.244095354966,2481.142726061676,2481.142726061676,1295.6476386515635
2024-07-06T00:00:00Z,2481.3782091761664,-3057.3213219938366,-3057.3213219938366,-3057.3213219938366,0,0,0,0,0,0,0,0,0,0,0,0,0,0,0,0,0,0,-1394.7988476539508,-1394.7988476539508,-1394.7988476539508,0,0,0,0,0,0,-1466.1415354198307,-1466.1415354198307,-1466.1415354198307,-196.38093892005543,-196.38093892005543,-196.38093892005543,0,0,0,-2571.4906692636723,1440.2660878464935,2481.3782091761664,2481.3782091761664,-575.9431128176702
2024-07-07T00:00:00Z,2481.613692290657,-5259.29606817084,-5259.29606817084,-5259.29606817084,0,0,0,0,0,0,-1767.1012203123178,-1767.1012203123178,-1767.1012203123178,0,0,0,0,0,0,-1767.1012203123178,-1767.1012203123178,-1767.1012203123178,-1232.3062569427882,-1232.3062569427882,-1232.3062569427882,0,0,0,0,0,0,-2070.3301563882046,-2070.3301563882046,-2070.3301563882046,-189.5584345275284,-189.5584345275284,-189.5584345275284,0,0,0,-4812.445948470917,-896.037674841072,2481.613692290657,2481.613692290657,-2777.682375880183
2024-07-08T00:00:00Z,2481.849175405148,-2847.6852348026546,-2847.6852348026546,-2847.6852348026546,0,0,0,0,0,0,-1767.1012203123178,-1767.1012203123178,-1767.1012203123178,0,0,0,0,0,0,-1767.1012203123178,-1767.1012203123178,-1767.1012203123178,-1305.4384952857654,-1305.4384952857654,-1305.4384952857654,0,0,0,0,0,0,407.3400332089317,407.3400332089317,407.3400332089317,-182.48555241350326,-182.48555241350326,-182.48555241350326,0,0,0,-2370.915625378896,1564.0108384329349,2481.849175405148,2481.849175405148,-365.8360593975067
2024-07-09T00:00:00Z,2482.0846585196387,-796.5378819978172,-796.5378819978172,-796.5378819978172,0,0,0,0,0,0,0,0,0,0,0,0,0,0,0,0,0,0,-1373.175060873256,-1373.175060873256,-1373.175060873256,0,0,0,0,0,0,751.8708176894862,751.8708176894862,751.8708176894862,-175.23363881404694,-175.23363881404694,-175.23363881404694,0,0,0,-304.43141856714544,3599.248693888966,2482.0846585196387,2482.0846585196387,1685.5467765218214
2024-07-10T00:00:00Z,2482.3201416341294,-617.9391383344447,-617.9391383344447,-617.9391383344447,0,0,0,0,0,0,0,0,0,0,0,0,0,0,0,0,0,0,-1235.682791547382,-1235.682791547382,-1235.682791547382,0,0,0,0,0,0,785.6068199368211,785.6068199368211,785.6068199368211,-167.86316672388395,-167.86316672388395,-167.86316672388395,0,0,0,-90.19624028231783,3891.2099091953432,2482.3201416341294,2482.3201416341294,1864.3810032996848
2024-07-11T00:00:00Z,2482.55562474862,-286.6898441358042,-286.6898441358042,-286.6898441358042,0,0,0,0,0,0,0,0,0,0,0,0,0,0,0,0,0,0,-938.4393691914137,-938.4393691914137,-938.4393691914137,0,0,0,0,0,0,812.1740657432192,812.1740657432192,812.1740657432192,-160.42454068761018,-160.42454068761018,-160.42454068761018,0,0,0,359.26249880260303,4111.232529800183,2482.55562474862,2482.55562474862,2195.865780612816
2024-07-12T00:00:00Z,2482.791107863111,-67.42226397109367,-67.42226397109367,-67.42226397109367,0,0,0,0,0,0,0,0,0,0,0,0,0,0,0,0,0,0,-693.9430076954086,-693.9430076954086,-693.9430076954086,0,0,0,0,0,0,779.4799552302134,779.4799552302134,779.4799552302134,-152.95921150589825,-152.95921150589825,-152.95921150589825,0,0,0,258.9049652167591,4364.563138335776,2482.791107863111,2482.791107863111,2415.368843892017
2024-07-13T00:00:00Z,2483.0265909776017,-2251.711995155876,-2251.711995155876,-2251.711995155876,0,0,0,0,0,0,0,0,0,0,0,0,0,0,0,0,0,0,-640.0694573003874,-640.0694573003874,-640.0694573003874,0,0,0,0,0,0,-1466.14153542085,-1466.14153542085,-1466.14153542085,-145.50100243463865,-145.50100243463865,-145.50100243463865,0,0,0,-1748.6102379965782,2156.214406655927,2483.0265909776017,2483.0265909776017,231.31459582172556
2024-07-14T00:00:00Z,2483.2620740920925,-2908.7630084175653,-2908.7630084175653,-2908.7630084175653,0,0,0,0,0,0,0,0,0,0,0,0,0,0,0,0,0,0,-700.3553062717167,-700.3553062717167,-700.3553062717167,0,0,0,0,0,0,-2070.330156385936,-2070.330156385936,-2070.330156385936,-138.07754575991262,-138.07754575991262,-138.07754575991262,0,0,0,-2280.4062252512085,1608.5983444377587,2483.2620740920925,2483.2620740920925,-425.5009343254728
2024-07-15T00:00:00Z,2483.497557206583,-405.997349439247,-405.997349439247,-405.997349439247,0,0,0,0,0,0,0,0,0,0,0,0,0,0,0,0,0,0,-682.6256521215208,-682.6256521215208,-682.6256521215208,0,0,0,0,0,0,407.34003320139027,407.34003320139027,407.34003320139027,-130.71173051911623,-130.71173051911623,-130.71173051911623,0,0,0,105.93191182896331,4244.331248629599,2483.497557206583,2483.497557206583,2077.500207767336
2024-07-16T00:00:00Z,2483.733040321074,132.13817960069684,132.13817960069684,132.13817960069684,0,0,0,0,0,0,0,0,0,0,0,0,0,0,0,0,0,0,-496.3095696891114,-496.3095696891114,-496.3095696891114,0,0,0,0,0,0,751.8708176892133,751.8708176892133,751.8708176892133,-123.42306839940535,-123.42306839940535,-123.42306839940535,0,0,0,771.1025150866045,4444.238391357666,2483.733040321074,2483.733040321074,2615.8712199217707
2024-07-17T00:00:00Z,2483.9685234355647,418.75249861394997,418.75249861394997,418.75249861394997,0,0,0,0,0,0,0,0,0,0,0,0,0,0,0,0,0,0,-250.62542622348562,-250.62542622348562,-250.62542622348562,0,0,0,0,0,0,785.6068199372518,785.6068199372518,785.6068199372518,-116.22889509981619,-116.22889509981619,-116.22889509981619,0,0,0,988.8074541971357,4829.944092366801,2483.9685234355647,2483.9685234355647,2902.721022049515
2024-07-18T00:00:00Z,2484.2040065500555,573.0237539221512,573.0237539221512,573.0237539221512,0,0,0,0,0,0,0,0,0,0,0,0,0,0,0,0,0,0,-130.00497363392392,-130.00497363392392,-130.00497363392392,0,0,0,0,0,0,812.1740657426013,812.1740657426013,812.1740657426013,-109.14533818652596,-109.14533818652596,-109.14533818652596,0,0,0,1069.8670442257558,5046.359292944215,2484.2040065500555,2484.2040065500555,3057.2277604722067
2024-07-19T00:00:00Z,2484.4394896645463,493.6500779224433,493.6500779224433,493.6500779224433,0,0,0,0,0,0,0,0,0,0,0,0,0,0,0,0,0,0,-183.64187826917453,-183.64187826917453,-183.64187826917453,0,0,0,0,0,0,779.4799552286249,779.4799552286249,779.4799552286249,-102.18799903700683,-102.18799903700683,-102.18799903700683,0,0,0,1093.639169780998,4869.9348898978715,2484.4394896645463,2484.4394896645463,2978.0895675869897
2024-07-20T00:00:00Z,2484.674972779037,-1821.5758833437917,-1821.5758833437917,-1821.5758833437917,0,0,0,0,0,0,0,0,0,0,0,0,0,0,0,0,0,0,-260.062032806168,-260.062032806168,-260.062032806168,0,0,0,0,0,0,-1466.141535415753,-1466.141535415753,-1466.141535415753,-95.3723151218705,-95.3723151218705,-95.3723151218705,0,0,0,-1274.6263238467684,2598.348508285573,2484.674972779037,2484.674972779037,663.0990894352453
2024-07-21T00:00:00Z,2484.910455893528,-2324.067362879703,-2324.067362879703,-2324.067362879703,0,0,0,0,0,0,0,0,0,0,0,0,0,0,0,0,0,0,-165.02361771767107,-165.02361771767107,-165.02361771767107,0,0,0,0,0,0,-2070.330156387028,-2070.330156387028,-2070.330156387028,-88.71358877500356,-88.71358877500356,-88.71358877500356,0,0,0,-1724.550640286885,2153.666063744485,2484.910455893528,2484.910455893528,160.84309301382473
2024-07-22T00:00:00Z,2485.145939008018,446.81520258467907,446.81520258467907,446.81520258467907,0,0,0,0,0,0,0,0,0,0,0,0,0,0,0,0,0,0,121.70185827820494,121.70185827820494,121.70185827820494,0,0,0,0,0,0,407.3400332031222,407.3400332031222,407.3400332031222,-82.22668889664806,-82.22668889664806,-82.22668889664806,0,0,0,1058.9055240889045,4967.7567961964905,2485.145939008018,2485.145939008018,2931.961141592697
2024-07-23T00:00:00Z,2485.381422122509,1088.3832147337002,1088.3832147337002,1088.3832147337002,0,0,0,0,0,0,0,0,0,0,0,0,0,0,0,0,0,0,412.43784887890945,412.43784887890945,412.43784887890945,0,0,0,0,0,0,751.8708176889406,751.8708176889406,751.8708176889406,-75.9254518341499,-75.9254518341499,-75.9254518341499,0,0,0,1674.887246479734,5519.015316573235,2485.381422122509,2485.381422122509,3573.764636856209
2024-07-24T00:00:00Z,2485.616905237,1237.4580107230356,1237.4580107230356,1237.4580107230356,0,0,0,0,0,0,0,0,0,0,0,0,0,0,0,0,0,0,521.6730169264557,521.6730169264557,521.6730169264557,0,0,0,0,0,0,785.6068199370083,785.6068199370083,785.6068199370083,-69.82182614042787,-69.82182614042787,-69.82182614042787,0,0,0,1903.9508443534203,5731.908588562749,2485.616905237,2485.616905237,3723.0749159600355
2024-07-25T00:00:00Z,2485.852388351491,1264.1498500853734,1264.1498500853734,1264.1498500853734,0,0,0,0,0,0,0,0,0,0,0,0,0,0,0,0,0,0,515.9006065733128,515.9006065733128,515.9006065733128,0,0,0,0,0,0,812.1740657448273,812.1740657448273,812.1740657448273,-63.92482223276661,-63.92482223276661,-63.92482223276661,0,0,0,1834.7838028937451,5607.768746927301,2485.852388351491,2485.852388351491,3750.002238436864
2024-07-26T00:00:00Z,2486.0878714659816,1444.612892899015,1444.612892899015,1444.612892899015,0,0,0,0,0,0,0,0,0,0,0,0,0,0,0,0,0,0,723.3722790893171,723.3722790893171,723.3722790893171,0,0,0,0,0,0,779.4799552353069,779.4799552353069,779.4799552353069,-58.23934142560896,-58.23934142560896,-58.23934142560896,0,0,0,1932.001196434924,5927.923078040361,2486.0878714659816,2486.0878714659816,3930.7007643649968
2024-07-27T00:00:00Z,2486.323354580472,-82.02647337022688,-82.02647337022688,-82.02647337022688,0,0,0,0,0,0,0,0,0,0,0,0,0,0,0,0,0,0,1436.8800308663676,1436.8800308663676,1436.8800308663676,0,0,0,0,0,0,-1466.1415354147916,-1466.1415354147916,-1466.1415354147916,-52.764968821802526,-52.764968821802526,-52.764968821802526,0,0,0,364.46503704923305,4277.838542195387,2486.323354580472,2486.323354580472,2404.296881210245
2024-07-28T00:00:00Z,2486.5588376949627,437.5015964555706,437.5015964555706,437.5015964555706,0,0,0,0,0,0,0,0,0,0,0,0,0,0,0,0,0,0,2555.326573470048,2555.326573470048,2555.326573470048,0,0,0,0,0,0,-2070.3301563847594,-2070.3301563847594,-2070.3301563847594,-47.49482062971855,-47.49482062971855,-47.49482062971855,0,0,0,1096.9017988998892,4976.048149496585,2486.5588376949627,2486.5588376949627,2924.060434150533
2024-07-29T00:00:00Z,2486.7943208094534,3880.6484532468235,3880.6484532468235,3880.6484532468235,0,0,0,0,0,0,0,0,0,0,0,0,0,0,0,0,0,0,3515.7229583593594,3515.7229583593594,3515.7229583593594,0,0,0,0,0,0,407.3400332048544,407.3400332048544,407.3400332048544,-42.41453831739149,-42.41453831739149,-42.41453831739149,0,0,0,4498.511514078038,8400.34953705776,2486.7943208094534,2486.7943208094534,6367.442774056277
2024-07-30T00:00:00Z,2487.029803923944,4353.920338829123,4353.920338829123,4353.920338829123,0,0,0,0,0,0,0,0,0,0,0,0,0,0,0,0,0,0,3639.551040630144,3639.551040630144,3639.551040630144,0,0,0,0,0,0,751.8708176886682,751.8708176886682,751.8708176886682,-37.501519489690644,-37.501519489690644,-37.501519489690644,0,0,0,4810.273245000434,8814.10825710565,2487.029803923944,2487.029803923944,6840.950142753067
2024-07-31T00:00:00Z,2487.2652870384354,3398.239004479052,3398.239004479052,3398.239004479052,0,0,0,0,0,0,0,0,0,0,0,0,0,0,0,0,0,0,2645.3566530215576,2645.3566530215576,2645.3566530215576,0,0,0,0,0,0,785.6068199372612,785.6068199372612,785.6068199372612,-32.72446847976791,-32.72446847976791,-32.72446847976791,0,0,0,3769.1316541431534,7813.690954860875,2487.2652870384354,2487.2652870384354,5885.504291517487
2024-08-01T00:00:00Z,2487.5007701529257,1687.874789630992,1687.874789630992,1687.874789630992,0,0,0,0,0,0,0,0,0,0,0,0,0,0,0,0,0,0,903.7440624946428,903.7440624946428,903.7440624946428,0,0,0,0,0,0,812.1740657442094,812.1740657442094,812.1740657442094,-28.043338607860125,-28.043338607860125,-28.043338607860125,0,0,0,2134.2128350246335,6070.201176223514,2487.5007701529257,2487.5007701529257,4175.375559783917
2024-08-02T00:00:00Z,2487.7362532674165,-37.54473561427814,-37.54473561427814,-37.54473561427814,0,0,0,0,0,0,0,0,0,0,0,0,0,0,0,0,0,0,-793.6149676343649,-793.6149676343649,-793.6149676343649,0,0,0,0,0,0,779.4799552337181,779.4799552337181,779.4799552337181,-23.409723213631143,-23.409723213631143,-23.409723213631143,0,0,0,507.5978953497305,4368.117922450614,2487.7362532674165,2487.7362532674165,2450.1915176531384
2024-08-03T00:00:00Z,2487.9717363819072,-3259.758314988855,-3259.758314988855,-3259.758314988855,0,0,0,0,0,0,0,0,0,0,0,0,0,0,0,0,0,0,-1774.8490451074972,-1774.8490451074972,-1774.8490451074972,0,0,0,0,0,0,-1466.1415354177918,-1466.1415354177918,-1466.1415354177918,-18.767734463566608,-18.767734463566608,-18.767734463566608,0,0,0,-2719.1679291581668,1132.9657528089974,2487.9717363819072,2487.9717363819072,-771.7865786069478
2024-08-04T00:00:00Z,2488.207219496398,-3990.355291338677,-3990.355291338677,-3990.355291338677,0,0,0,0,0,0,0,0,0,0,0,0,0,0,0,0,0,0,-1905.9697467519898,-1905.9697467519898,-1905.9697467519898,0,0,0,0,0,0,-2070.330156384171,-2070.330156384171,-2070.330156384171,-14.055388202517326,-14.055388202517326,-14.055388202517326,0,0,0,-3397.5647211004703,551.9782483978321,2488.207219496398,2488.207219496398,-1502.148071842279
2024-08-05T00:00:00Z,2488.442702610889,-1172.614602427178,-1172.614602427178,-1172.614602427178,0,0,0,0,0,0,0,0,0,0,0,0,0,0,0,0,0,0,-1570.7481450835526,-1570.7481450835526,-1570.7481450835526,0,0,0,0,0,0,407.3400332065865,407.3400332065865,407.3400332065865,-9.206490550212136,-9.206490550212136,-9.206490550212136,0,0,0,-537.0014224431566,3271.830552495284,2488.442702610889,2488.442702610889,1315.8281001837108
2024-08-06T00:00:00Z,2488.6781857253795,-528.9976463572675,-528.9976463572675,-528.9976463572675,0,0,0,0,0,0,0,0,0,0,0,0,0,0,0,0,0,0,-1276.7154656576743,-1276.7154656576743,-1276.7154656576743,0,0,0,0,0,0,751.8708176886028,751.8708176886028,751.8708176886028,-4.152998388195556,-4.152998388195556,-4.152998388195556,0,0,0,91.0347951044652,3958.91750745621,2488.6781857253795,2488.6781857253795,1959.680539368112
2024-08-07T00:00:00Z,2488.9136688398703,-464.7457665336198,-464.7457665336198,-464.7457665336198,0,0,0,0,0,0,0,0,0,0,0,0,0,0,0,0,0,0,-1251.5247842033098,-1251.5247842033098,-1251.5247842033098,0,0,0,0,0,0,785.6068199370177,785.6068199370177,785.6068199370177,1.1721977326723025,1.1721977326723025,1.1721977326723025,0,0,0,-4.88148230878768,3947.0637056799947,2488.9136688398703,2488.9136688398703,2024.1679023062504
2024-08-08T00:00:00Z,2489.149151954361,-538.0844188432778,-538.0844188432778,-538.0844188432778,0,0,0,0,0,0,0,0,0,0,0,0,0,0,0,0,0,0,-1357.0906270621256,-1357.0906270621256,-1357.0906270621256,0,0,0,0,0,0,812.174065743591,812.174065743591,812.174065743591,6.832142475256409,6.832142475256409,6.832142475256409,0,0,0,100.3571001883694,4096.610402645217,2489.149151954361,2489.149151954361,1951.0647331110831
2024-08-09T00:00:00Z,2489.384635068852,-541.0969792392737,-541.0969792392737,-541.0969792392737,0,0,0,0,0,0,0,0,0,0,0,0,0,0,0,0,0,0,-1333.459365994116,-1333.459365994116,-1333.459365994116,0,0,0,0,0,0,779.4799552321292,779.4799552321292,779.4799552321292,12.882431522713512,12.882431522713512,12.882431522713512,0,0,0,-113.86648755900728,3885.318512783968,2489.384635068852,2489.384635068852,1948.2876558295782
2024-08-10T00:00:00Z,2489.6201181833426,-2541.7606382220606,-2541.7606382220606,-2541.7606382220606,0,0,0,0,0,0,0,0,0,0,0,0,0,0,0,0,0,0,-1094.9867904682844,-1094.9867904682844,-1094.9867904682844,0,0,0,0,0,0,-1466.141535418811,-1466.141535418811,-1466.141535418811,19.36768766503447,19.36768766503447,19.36768766503447,0,0,0,-2066.475500412269,1898.6131908552347,2489.6201181833426,2489.6201181833426,-52.14052003871802
2024-08-11T00:00:00Z,2489.8556012978333,-2840.5051218272374,-2840.5051218272374,-2840.5051218272374,0,0,0,0,0,0,0,0,0,0,0,0,0,0,0,0,0,0,-796.4929906563206,-796.4929906563206,-796.4929906563206,0,0,0,0,0,0,-2070.33015638893,-2070.33015638893,-2070.33015638893,26.318025218013396,26.318025218013396,26.318025218013396,0,0,0,-2292.514582907703,1562.0262231158292,2489.8556012978333,2489.8556012978333,-350.64952052940407
2024-08-12T00:00:00Z,2490.091084412324,-201.8732661979776,-201.8732661979776,-201.8732661979776,0,0,0,0,0,0,0,0,0,0,0,0,0,0,0,0,0,0,-642.9589407048295,-642.9589407048295,-642.9589407048295,0,0,0,0,0,0,407.34003319904497,407.34003319904497,407.34003319904497,33.74564130780689,33.74564130780689,33.74564130780689,0,0,0,342.31345441424776,4196.5976227687,2490.091084412324,2490.091084412324,2288.2178182143466
2024-08-13T00:00:00Z,2490.326567526815,125.7093399244573,125.7093399244573,125.7093399244573,0,0,0,0,0,0,0,0,0,0,0,0,0,0,0,0,0,0,-667.8031559856056,-667.8031559856056,-667.8031559856056,0,0,0,0,0,0,751.8708176881225,751.8708176881225,751.8708176881225,41.641678221940396,41.641678221940396,41.641678221940396,0,0,0,507.94606320274596,4515.755244600312,2490.326567526815,2490.326567526815,2616.035907451272
2024-08-14T00:00:00Z,2490.5620506413056,124.04765582948902,124.04765582948902,124.04765582948902,0,0,0,0,0,0,0,0,0,0,0,0,0,0,0,0,0,0,-711.5326656104479,-711.5326656104479,-711.5326656104479,0,0,0,0,0,0,785.606819937448,785.606819937448,785.606819937448,49.97350150248883,49.97350150248883,49.97350150248883,0,0,0,696.710972442444,4665.851482963104,2490.5620506413056,2490.5620506413056,2614.6097064707947
2024-08-15T00:00:00Z,2490.7975337557964,262.9315035131319,262.9315035131319,262.9315035131319,0,0,0,0,0,0,0,0,0,0,0,0,0,0,0,0,0,0,-607.9250956968929,-607.9250956968929,-607.9250956968929,0,0,0,0,0,0,812.1740657458173,812.1740657458173,812.1740657458173,58.68253346420754,58.68253346420754,58.68253346420754,0,0,0,886.7660223731095,4745.3553957401855,2490.7975337557964,2490.7975337557964,2753.729037268928
2024-08-16T00:00:00Z,2491.033016870287,478.6889685188196,478.6889685188196,478.6889685188196,0,0,0,0,0,0,0,0,0,0,0,0,0,0,0,0,0,0,-368.47375806764575,-368.47375806764575,-368.47375806764575,0,0,0,0,0,0,779.4799552369229,779.4799552369229,779.4799552369229,67.68277134954228,67.68277134954228,67.68277134954228,0,0,0,967.5223634413619,4950.880352002103,2491.033016870287,2491.033016870287,2969.7219853891065
2024-08-17T00:00:00Z,2491.2684999847775,-1555.7776714526572,-1555.7776714526572,-1555.7776714526572,0,0,0,0,0,0,0,0,0,0,0,0,0,0,0,0,0,0,-166.4962395467802,-166.4962395467802,-166.4962395467802,0,0,0,0,0,0,-1466.1415354198302,-1466.1415354198302,-1466.1415354198302,76.8601035139534,76.8601035139534,76.8601035139534,0,0,0,-1129.610909017855,2830.3302764210466,2491.2684999847775,2491.2684999847775,935.4908285321203
2024-08-18T00:00:00Z,2491.503983099268,-2124.9983230467005,-2124.9983230467005,-2124.9983230467005,0,0,0,0,0,0,0,0,0,0,0,0,0,0,0,0,0,0,-140.74068286486767,-140.74068286486767,-140.74068286486767,0,0,0,0,0,0,-2070.3301563883415,-2070.3301563883415,-2070.3301563883415,86.07251620650855,86.07251620650855,86.07251620650855,0,0,0,-1638.938842832453,2425.946484905889,2491.503983099268,2491.503983099268,366.5056600525677
2024-08-19T00:00:00Z,2491.7394662137594,269.4393136948297,269.4393136948297,269.4393136948297,0,0,0,0,0,0,0,0,0,0,0,0,0,0,0,0,0,0,-233.05197774156588,-233.05197774156588,-233.05197774156588,0,0,0,0,0,0,407.340033199729,407.340033199729,407.340033199729,95.15125823666666,95.15125823666666,95.15125823666666,0,0,0,849.9794077069816,4836.585476152866,2491.7394662137594,2491.7394662137594,2761.178779908589
2024-08-20T00:00:00Z,2491.97494932825,614.7089872005636,614.7089872005636,614.7089872005636,0,0,0,0,0,0,0,0,0,0,0,0,0,0,0,0,0,0,-241.06483225062414,-241.06483225062414,-241.06483225062414,0,0,0,0,0,0,751.8708176880571,751.8708176880571,751.8708176880571,103.90300176313042,103.90300176313042,103.90300176313042,0,0,0,1143.4535052859997,5151.78869982516,2491.97494932825,2491.97494932825,3106.683936528814
2024-08-21T00:00:00Z,2492.210432442741,860.483222537853,860.483222537853,860.483222537853,0,0,0,0,0,0,0,0,0,0,0,0,0,0,0,0,0,0,-37.23660291191751,-37.23660291191751,-37.23660291191751,0,0,0,0,0,0,785.6068199372044,785.6068199372044,785.6068199372044,112.11300551256622,112.11300551256622,112.11300551256622,0,0,0,1481.9879214241578,5388.180169989879,2492.210432442741,2492.210432442741,3352.693654980594
2024-08-22T00:00:00Z,2492.4459155572313,1213.4399171732073,1213.4399171732073,1213.4399171732073,0,0,0,0,0,0,0,0,0,0,0,0,0,0,0,0,0,0,281.7165985422193,281.7165985422193,281.7165985422193,0,0,0,0,0,0,812.1740657425541,812.1740657425541,812.1740657425541,119.54925288843377,119.54925288843377,119.54925288843377,0,0,0,1822.0609212351678,5609.687563377183,2492.4459155572313,2492.4459155572313,3705.885832730439
2024-08-23T00:00:00Z,2492.6815046597517,1398.747690917788,1398.747690917788,1398.747690917788,0,0,0,0,0,0,0,0,0,0,0,0,0,0,0,0,0,0,493.30023290247505,493.30023290247505,493.30023290247505,0,0,0,0,0,0,779.4799552372228,779.4799552372228,779.4799552372228,125.9675027780901,125.9675027780901,125.9675027780901,0,0,0,1899.5368762932735,5834.916339428595,2492.6815046597517,2492.6815046597517,3891.4291955775398
2024-08-24T00:00:00Z,2492.917093762271,-818.5354604919494,-818.5354604919494,-818.5354604919494,0,0,0,0,0,0,0,0,0,0,0,0,0,0,0,0,0,0,516.4889183693999,516.4889183693999,516.4889183693999,0,0,0,0,0,0,-1466.1415354208493,-1466.1415354208493,-1466.1415354208493,131.1171565595003,131.1171565595003,131.1171565595003,0,0,0,-290.0966948651134,3703.282306070914,2492.917093762271,2492.917093762271,1674.3816332703218
2024-08-25T00:00:00Z,2493.1526828647916,-1366.5653215713983,-1366.5653215713983,-1366.5653215713983,0,0,0,0,0,0,0,0,0,0,0,0,0,0,0,0,0,0,569.0170228026723,569.0170228026723,569.0170228026723,0,0,0,0,0,0,-2070.330156386073,-2070.330156386073,-2070.330156386073,134.74781201200193,134.74781201200193,134.74781201200193,0,0,0,-791.2960136042838,3146.4839349756467,2493.1526828647916,2493.1526828647916,1126.5873612933933
2024-08-26T00:00:00Z,2493.3882719673115,1554.9962931650473,1554.9962931650473,1554.9962931650473,0,0,0,0,0,0,0,0,0,0,0,0,0,0,0,0,0,0,1011.0399152077568,1011.0399152077568,1011.0399152077568,0,0,0,0,0,0,407.3400332025092,407.3400332025092,407.3400332025092,136.6163447547813,136.6163447547813,136.6163447547813,0,0,0,1947.49804566596,5827.677039571114,2493.3882719673115,2493.3882719673115,4048.384565132359
2024-08-27T00:00:00Z,2493.623861069831,2860.4820138535524,2860.4820138535524,2860.4820138535524,0,0,0,0,0,0,0,0,0,0,0,0,0,0,0,0,0,0,1972.1168646214442,1972.1168646214442,1972.1168646214442,0,0,0,0,0,0,751.8708176890266,751.8708176890266,751.8708176890266,136.49433154308264,136.49433154308264,136.49433154308264,0,0,0,3389.9313248804992,7410.274205243617,2493.623861069831,2493.623861069831,5354.1058749233835
2024-08-28T00:00:00Z,2493.8594501723514,4021.0010540058065,4021.0010540058065,4021.0010540058065,0,0,0,0,0,0,0,0,0,0,0,0,0,0,0,0,0,0,3101.2186257533126,3101.2186257533126,3101.2186257533126,0,0,0,0,0,0,785.6068199369605,785.6068199369605,785.6068199369605,134.1756083155332,134.1756083155332,134.1756083155332,0,0,0,4700.322692419926,8499.986765473464,2493.8594501723514,2493.8594501723514,6514.8605041781575
2024-08-29T00:00:00Z,2494.0950392748714,4655.9657394995,4655.9657394995,4655.9657394995,0,0,0,0,0,0,0,0,0,0,0,0,0,0,0,0,0,0,3714.3079335794682,3714.3079335794682,3714.3079335794682,0,0,0,0,0,0,812.1740657433581,812.1740657433581,812.1740657433581,129.4837401766752,129.4837401766752,129.4837401766752,0,0,0,5284.011610812918,9160.907966499646,2494.0950392748714,2494.0950392748714,7150.060778774372
2024-08-30T00:00:00Z,2494.330628377391,4175.763539010087,4175.763539010087,4175.763539010087,0,0,0,0,0,0,0,0,0,0,0,0,0,0,0,0,0,0,3274.004412501283,3274.004412501283,3274.004412501283,0,0,0,0,0,0,779.4799552337455,779.4799552337455,779.4799552337455,122.27917127505732,122.27917127505732,122.27917127505732,0,0,0,4791.570646461155,8519.086319681377,2494.330628377391,2494.330628377391,6670.094167387478
2024-08-31T00:00:00Z,2494.5662174799113,-1298.1998875813372,-1298.1998875813372,-1298.1998875813372,0,0,0,0,0,0,-1767.1012203123178,-1767.1012203123178,-1767.1012203123178,0,0,0,0,0,0,-1767.1012203123178,-1767.1012203123178,-1767.1012203123178,1822.5770478154652,1822.5770478154652,1822.5770478154652,0,0,0,0,0,0,-1466.1415354238502,-1466.1415354238502,-1466.1415354238502,112.46582033936491,112.46582033936491,112.46582033936491,0,0,0,-782.8475884744695,3151.77232443473,2494.5662174799113,2494.5662174799113,1196.3663298985741
2024-09-01T00:00:00Z,2494.8018065824313,-1972.2040670918202,-1972.2040670918202,-1972.2040670918202,0,0,0,0,0,0,0,0,0,0,0,0,0,0,0,0,0,0,-1.8708035144147412,-1.8708035144147412,-1.8708035144147412,0,0,0,0,0,0,-2070.330156387165,-2070.330156387165,-2070.330156387165,99.99689280975966,99.99689280975966,99.99689280975966,0,0,0,-1376.0284933038733,2527.65824480766,2494.8018065824313,2494.8018065824313,522.597739490611
2024-09-02T00:00:00Z,2495.037395684951,-904.7098039733118,-904.7098039733118,-904.7098039733118,0,0,0,0,0,0,0,0,0,0,0,0,0,0,0,0,0,0,-1396.9295303303727,-1396.9295303303727,-1396.9295303303727,0,0,0,0,0,0,407.3400332031935,407.3400332031935,407.3400332031935,84.87969315386796,84.87969315386796,84.87969315386796,0,0,0,-421.48696280840903,3719.9754834542937,2495.037395684951,2495.037395684951,1590.3275917116393
2024-09-03T00:00:00Z,2495.272984787471,-1112.2618846759026,-1112.2618846759026,-1112.2618846759026,0,0,0,0,0,0,0,0,0,0,0,0,0,0,0,0,0,0,-1931.3119433291658,-1931.3119433291658,-1931.3119433291658,0,0,0,0,0,0,751.8708176887535,751.8708176887535,751.8708176887535,67.17924096450977,67.17924096450977,67.17924096450977,0,0,0,-591.9629643411415,3154.917473454617,2495.272984787471,2495.272984787471,1383.0111001115686
2024-09-04T00:00:00Z,2495.508573889991,-929.4772589199356,-929.4772589199356,-929.4772589199356,0,0,0,0,0,0,0,0,0,0,0,0,0,0,0,0,0,0,-1762.1046002790242,-1762.1046002790242,-1762.1046002790242,0,0,0,0,0,0,785.6068199367169,785.6068199367169,785.6068199367169,47.020521422371694,47.020521422371694,47.020521422371694,0,0,0,-372.6552443825771,3441.791119356378,2495.508573889991,2495.508573889991,1566.0313149700555
2024-09-05T00:00:00Z,2495.744162992511,-558.0355478312949,-558.0355478312949,-558.0355478312949,0,0,0,0,0,0,0,0,0,0,0,0,0,0,0,0,0,0,-1394.7988476540504,-1394.7988476540504,-1394.7988476540504,0,0,0,0,0,0,812.1740657427399,812.1740657427399,812.1740657427399,24.589234080015494,24.589234080015494,24.589234080015494,0,0,0,-20.637389438503643,4020.4922479807024,2495.744162992511,2495.744162992511,1937.7086151612161
2024-09-06T00:00:00Z,2495.9797520950315,-452.6953588716727,-452.6953588716727,-452.6953588716727,0,0,0,0,0,0,0,0,0,0,0,0,0,0,0,0,0,0,-1232.3062569436993,-1232.3062569436993,-1232.3062569436993,0,0,0,0,0,0,779.4799552340451,779.4799552340451,779.4799552340451,0.13094283798152653,0.13094283798152653,0.13094283798152653,0,0,0,230.39075894775516,4065.1423974597265,2495.9797520950315,2495.9797520950315,2043.2843932233588
2024-09-07T00:00:00Z,2496.215341197551,-2797.631457260973,-2797.631457260973,-2797.631457260973,0,0,0,0,0,0,0,0,0,0,0,0,0,0,0,0,0,0,-1305.4384952840892,-1305.4384952840892,-1305.4384952840892,0,0,0,0,0,0,-1466.1415354167718,-1466.1415354167718,-1466.1415354167718,-26.051426560111715,-26.051426560111715,-26.051426560111715,0,0,0,-2178.424604021423,1806.5934281773023,2496.215341197551,2496.215341197551,-301.4161160634221
2024-09-08T00:00:00Z,2496.4509303000714,-3497.106965688228,-3497.106965688228,-3497.106965688228,0,0,0,0,0,0,0,0,0,0,0,0,0,0,0,0,0,0,-1373.1750608726456,-1373.1750608726456,-1373.1750608726456,0,0,0,0,0,0,-2070.3301563902437,-2070.3301563902437,-2070.3301563902437,-53.60174842533932,-53.60174842533932,-53.60174842533932,0,0,0,-3109.5118383036406,1009.2223223559059,2496.4509303000714,2496.4509303000714,-1000.6560353881564
2024-09-09T00:00:00Z,2496.6865194025913,-910.4592349116111,-910.4592349116111,-910.4592349116111,0,0,0,0,0,0,0,0,0,0,0,0,0,0,0,0,0,0,-1235.6827915492902,-1235.6827915492902,-1235.6827915492902,0,0,0,0,0,0,407.3400332049256,407.3400332049256,407.3400332049256,-82.11647656724595,-82.11647656724595,-82.11647656724595,0,0,0,-281.36071623511987,3655.070348478451,2496.6865194025913,2496.6865194025913,1586.2272844909803
2024-09-10T00:00:00Z,2496.922108505111,-297.72050165459046,-297.72050165459046,-297.72050165459046,0,0,0,0,0,0,0,0,0,0,0,0,0,0,0,0,0,0,-938.4393691909554,-938.4393691909554,-938.4393691909554,0,0,0,0,0,0,751.8708176884809,751.8708176884809,751.8708176884809,-111.15195015211626,-111.15195015211626,-111.15195015211626,0,0,0,292.32055115692407,4029.729219128378,2496.922108505111,2496.922108505111,2199.2016068505204
2024-09-11T00:00:00Z,2497.1576976076312,-48.56927428347956,-48.56927428347956,-48.56927428347956,0,0,0,0,0,0,0,0,0,0,0,0,0,0,0,0,0,0,-693.9430076971822,-693.9430076971822,-693.9430076971822,0,0,0,0,0,0,785.6068199371474,785.6068199371474,785.6068199371474,-140.2330865234448,-140.2330865234448,-140.2330865234448,0,0,0,322.1617994043103,4424.303908655665,2497.1576976076312,2497.1576976076312,2448.588423324152
2024-09-12T00:00:00Z,2497.393286710151,3.2413327536671552,3.2413327536671552,3.2413327536671552,0,0,0,0,0,0,0,0,0,0,0,0,0,0,0,0,0,0,-640.0694573009046,-640.0694573009046,-640.0694573009046,0,0,0,0,0,0,812.174065742321,812.174065742321,812.174065742321,-168.86327568774914,-168.86327568774914,-168.86327568774914,0,0,0,737.763089607125,4413.73920548882,2497.393286710151,2497.393286710151,2500.634619463818
2024-09-13T00:00:00Z,2497.628875812671,-117.41060033600215,-117.41060033600215,-117.41060033600215,0,0,0,0,0,0,0,0,0,0,0,0,0,0,0,0,0,0,-700.3553062706254,-700.3553062706254,-700.3553062706254,0,0,0,0,0,0,779.4799552343449,779.4799552343449,779.4799552343449,-196.53524929972153,-196.53524929972153,-196.53524929972153,0,0,0,478.226864725152,4284.042301220849,2497.628875812671,2497.628875812671,2380.218275476669
2024-09-14T00:00:00Z,2497.864464915191,-2371.5098480055804,-2371.5098480055804,-2371.5098480055804,0,0,0,0,0,0,0,0,0,0,0,0,0,0,0,0,0,0,-682.6256521216942,-682.6256521216942,-682.6256521216942,0,0,0,0,0,0,-1466.1415354177914,-1466.1415354177914,-1466.1415354177914,-222.74266046609475,-222.74266046609475,-222.74266046609475,0,0,0,-1766.9366211125775,2124.7233920926415,2497.864464915191,2497.864464915191,126.35461690961074
2024-09-15T00:00:00Z,2498.100054017711,-2813.6318068941005,-2813.6318068941005,-2813.6318068941005,0,0,0,0,0,0,0,0,0,0,0,0,0,0,0,0,0,0,-496.309569686866,-496.309569686866,-496.309569686866,0,0,0,0,0,0,-2070.330156389655,-2070.330156389655,-2070.330156389655,-246.9920808175794,-246.9920808175794,-246.9920808175794,0,0,0,-2333.8509684831256,1647.8184317958312,2498.100054017711,2498.100054017711,-315.5317528763894
2024-09-16T00:00:00Z,2498.335643120231,-1879.2017125027826,-1879.2017125027826,-1879.2017125027826,0,0,0,0,0,0,-1767.1012203123178,-1767.1012203123178,-1767.1012203123178,0,0,0,0,0,0,-1767.1012203123178,-1767.1012203123178,-1767.1012203123178,-250.62542622449837,-250.62542622449837,-250.62542622449837,0,0,0,0,0,0,407.3400332066576,407.3400332066576,407.3400332066576,-268.8150991726241,-268.8150991726241,-268.8150991726241,0,0,0,-1368.4599328210502,2556.3355977258825,2498.335643120231,2498.335643120231,619.1339306174484
2024-09-17T00:00:00Z,2498.5712322227514,334.0856514241778,334.0856514241778,334.0856514241778,0,0,0,0,0,0,0,0,0,0,0,0,0,0,0,0,0,0,-130.0049736344072,-130.0049736344072,-130.0049736344072,0,0,0,0,0,0,751.8708176884157,751.8708176884157,751.8708176884157,-287.7801926298307,-287.7801926298307,-287.7801926298307,0,0,0,789.2347093015844,4713.519492384901,2498.5712322227514,2498.5712322227514,2832.656883646929
2024-09-18T00:00:00Z,2498.806821325271,298.4609049337842,298.4609049337842,298.4609049337842,0,0,0,0,0,0,0,0,0,0,0,0,0,0,0,0,0,0,-183.64187827027723,-183.64187827027723,-183.64187827027723,0,0,0,0,0,0,785.6068199367265,785.6068199367265,785.6068199367265,-303.50403673266504,-303.50403673266504,-303.50403673266504,0,0,0,971.2717731084738,4730.964700636811,2498.806821325271,2498.806821325271,2797.267726259055
2024-09-19T00:00:00Z,2499.0424104277913,236.45010607897888,236.45010607897888,236.45010607897888,0,0,0,0,0,0,0,0,0,0,0,0,0,0,0,0,0,0,-260.06203280667404,-260.06203280667404,-260.06203280667404,0,0,0,0,0,0,812.1740657417031,812.1740657417031,812.1740657417031,-315.66192685605006,-315.66192685605006,-315.66192685605006,0,0,0,782.707157044092,4613.450116769316,2499.0424104277913,2499.0424104277913,2735.4925165067702
2024-09-20T00:00:00Z,2499.2779995303113,290.45933927116414,290.45933927116414,290.45933927116414,0,0,0,0,0,0,0,0,0,0,0,0,0,0,0,0,0,0,-165.02361771568752,-165.02361771568752,-165.02361771568752,0,0,0,0,0,0,779.4799552308675,779.4799552308675,779.4799552308675,-323.996998244016,-323.996998244016,-323.996998244016,0,0,0,626.6626648924057,4787.087679166698,2499.2779995303113,2499.2779995303113,2789.7373388014753
2024-09-21T00:00:00Z,2499.5135886328308,-1672.7676341714816,-1672.7676341714816,-1672.7676341714816,0,0,0,0,0,0,0,0,0,0,0,0,0,0,0,0,0,0,121.70185827796162,121.70185827796162,121.70185827796162,0,0,0,0,0,0,-1466.1415354188107,-1466.1415354188107,-1466.1415354188107,-328.32795703063243,-328.32795703063243,-328.32795703063243,0,0,0,-1035.6852266682145,2824.037834485727,2499.5135886328308,2499.5135886328308,826.7459544613491
2024-09-22T00:00:00Z,2499.749177735351,-1986.447376092205,-1986.447376092205,-1986.447376092205,0,0,0,0,0,0,0,0,0,0,0,0,0,0,0,0,0,0,412.437848876838,412.437848876838,412.437848876838,0,0,0,0,0,0,-2070.330156387386,-2070.330156387386,-2070.330156387386,-328.555068581657,-328.555068581657,-328.555068581657,0,0,0,-1397.3869273005691,2510.461471061533,2499.749177735351,2499.749177735351,513.3018016431461
2024-09-23T00:00:00Z,2499.984766837871,604.3488582680618,604.3488582680618,604.3488582680618,0,0,0,0,0,0,0,0,0,0,0,0,0,0,0,0,0,0,521.6730169260214,521.6730169260214,521.6730169260214,0,0,0,0,0,0,407.340033200164,407.340033200164,407.340033200164,-324.6641918581237,-324.6641918581237,-324.6641918581237,0,0,0,1123.660502729764,5031.358045385566,2499.984766837871,2499.984766837871,3104.3336251059327
2024-09-24T00:00:00Z,2500.220355940391,951.0427261036145,951.0427261036145,951.0427261036145,0,0,0,0,0,0,0,0,0,0,0,0,0,0,0,0,0,0,515.900606574371,515.900606574371,515.900606574371,0,0,0,0,0,0,751.8708176883505,751.8708176883505,751.8708176883505,-316.7286981591071,-316.7286981591071,-316.7286981591071,0,0,0,1384.8541077222947,5314.231068464349,2500.220355940391,2500.220355940391,3451.2630820440054
2024-09-25T00:00:00Z,2500.455945042911,1204.069930739981,1204.069930739981,1204.069930739981,0,0,0,0,0,0,0,0,0,0,0,0,0,0,0,0,0,0,723.3722790905363,723.3722790905363,723.3722790905363,0,0,0,0,0,0,785.606819937157,785.606819937157,785.606819937157,-304.9091682877126,-304.9091682877126,-304.9091682877126,0,0,0,1878.951544769976,5792.114648152029,2500.455945042911,2500.455945042911,3704.525875782892
2024-09-26T00:00:00Z,2500.691534145431,1959.6032742386978,1959.6032742386978,1959.6032742386978,0,0,0,0,0,0,0,0,0,0,0,0,0,0,0,0,0,0,1436.8800308664374,1436.8800308664374,1436.8800308664374,0,0,0,0,0,0,812.1740657425069,812.1740657425069,812.1740657425069,-289.4508223702469,-289.4508223702469,-289.4508223702469,0,0,0,2514.4122965602937,6444.678052681831,2500.691534145431,2500.691534145431,4460.294808384129
2024-09-27T00:00:00Z,2500.927123247951,3064.1278290930886,3064.1278290930886,3064.1278290930886,0,0,0,0,0,0,0,0,0,0,0,0,0,0,0,0,0,0,2555.3265734709894,2555.3265734709894,2555.3265734709894,0,0,0,0,0,0,779.4799552311672,779.4799552311672,779.4799552311672,-270.6786996090684,-270.6786996090684,-270.6786996090684,0,0,0,3607.824843029829,7514.67423103424,2500.927123247951,2500.927123247951,5565.054952341039
2024-09-28T00:00:00Z,2501.1627123504713,1800.5907535950694,1800.5907535950694,1800.5907535950694,0,0,0,0,0,0,0,0,0,0,0,0,0,0,0,0,0,0,3515.722958359513,3515.722958359513,3515.722958359513,0,0,0,0,0,0,-1466.1415354218104,-1466.1415354218104,-1466.1415354218104,-248.99066934263277,-248.99066934263277,-248.99066934263277,0,0,0,2264.250381222909,6218.004333313053,2501.1627123504713,2501.1627123504713,4301.7534659455405
2024-09-29T00:00:00Z,2501.398301452991,1344.372466171353,1344.372466171353,1344.372466171353,0,0,0,0,0,0,0,0,0,0,0,0,0,0,0,0,0,0,3639.551040629584,3639.551040629584,3639.551040629584,0,0,0,0,0,0,-2070.3301563884784,-2070.3301563884784,-2070.3301563884784,-224.84841806975436,-224.84841806975436,-224.84841806975436,0,0,0,1854.7028325335511,5816.051035176858,2501.398301452991,2501.398301452991,3845.7707676243435
2024-09-30T00:00:00Z,2501.633890555511,2853.9300685343323,2853.9300685343323,2853.9300685343323,0,0,0,0,0,0,0,0,0,0,0,0,0,0,0,0,0,0,2645.3566530226867,2645.3566530226867,2645.3566530226867,0,0,0,0,0,0,407.3400332008481,407.3400332008481,407.3400332008481,-198.76661768920133,-198.76661768920133,-198.76661768920133,0,0,0,3219.1535341377894,7348.707232406904,2501.633890555511,2501.633890555511,5355.563959089843
2024-10-01T00:00:00Z,2501.869479658031,1484.3143439331027,1484.3143439331027,1484.3143439331027,0,0,0,0,0,0,0,0,0,0,0,0,0,0,0,0,0,0,903.7440624924665,903.7440624924665,903.7440624924665,0,0,0,0,0,0,751.8708176878704,751.8708176878704,751.8708176878704,-171.3005362472344,-171.3005362472344,-171.3005362472344,0,0,0,2269.7510755782014,6035.393436491941,2501.869479658031,2501.869479658031,3986.1838235911337
2024-10-02T00:00:00Z,2502.1050687605507,-151.04054994445283,-151.04054994445283,-151.04054994445283,0,0,0,0,0,0,0,0,0,0,0,0,0,0,0,0,0,0,-793.6149676362157,-793.6149676362157,-793.6149676362157,0,0,0,0,0,0,785.6068199369133,785.6068199369133,785.6068199369133,-143.03240224515056,-143.03240224515056,-143.03240224515056,0,0,0,442.2169078652948,4283.982026439726,2502.1050687605507,2502.1050687605507,2351.064518816098
2024-10-03T00:00:00Z,2502.340657863071,-1077.2318547816972,-1077.2318547816972,-1077.2318547816972,0,0,0,0,0,0,0,0,0,0,0,0,0,0,0,0,0,0,-1774.8490451062937,-1774.8490451062937,-1774.8490451062937,0,0,0,0,0,0,812.174065743311,812.174065743311,812.174065743311,-114.55687541871444,-114.55687541871444,-114.55687541871444,0,0,0,-408.77846238380016,3373.3169920625674,2502.340657863071,2502.340657863071,1425.108803081374
2024-10-04T00:00:00Z,2502.576246965591,-1212.9558009826296,-1212.9558009826296,-1212.9558009826296,0,0,0,0,0,0,0,0,0,0,0,0,0,0,0,0,0,0,-1905.9697467538542,-1905.9697467538542,-1905.9697467538542,0,0,0,0,0,0,779.479955235961,779.479955235961,779.479955235961,-86.46600946473649,-86.46600946473649,-86.46600946473649,0,0,0,-600.1011341637893,3112.3204802748664,2502.576246965591,2502.576246965591,1289.6204459829614
2024-10-05T00:00:00Z,2502.8118360681106,-3096.223794807336,-3096.223794807336,-3096.223794807336,0,0,0,0,0,0,0,0,0,0,0,0,0,0,0,0,0,0,-1570.7481450841028,-1570.7481450841028,-1570.7481450841028,0,0,0,0,0,0,-1466.1415354208493,-1466.1415354208493,-1466.1415354208493,-59.3341143023847,-59.3341143023847,-59.3341143023847,0,0,0,-2568.6255897454175,1447.5555451877403,2502.8118360681106,2502.8118360681106,-593.4119587392256
2024-10-06T00:00:00Z,2503.047425170631,-3380.748558292265,-3380.748558292265,-3380.748558292265,0,0,0,0,0,0,0,0,0,0,0,0,0,0,0,0,0,0,-1276.715465659496,-1276.715465659496,-1276.715465659496,0,0,0,0,0,0,-2070.3301563862087,-2070.3301563862087,-2070.3301563862087,-33.7029362465601,-33.7029362465601,-33.7029362465601,0,0,0,-2790.6540208905944,1113.3739330456956,2503.047425170631,2503.047425170631,-877.701133121634
2024-10-07T00:00:00Z,2503.283014273151,-854.2523243767026,-854.2523243767026,-854.2523243767026,0,0,0,0,0,0,0,0,0,0,0,0,0,0,0,0,0,0,-1251.524784204958,-1251.524784204958,-1251.524784204958,0,0,0,0,0,0,407.34003320362837,407.34003320362837,407.34003320362837,-10.067573375372934,-10.067573375372934,-10.067573375372934,0,0,0,-445.7740691495764,3543.6568916805295,2503.283014273151,2503.283014273151,1649.0306898964482
2024-10-08T00:00:00Z,2503.518603375671,-594.0833395706302,-594.0833395706302,-594.0833395706302,0,0,0,0,0,0,0,0,0,0,0,0,0,0,0,0,0,0,-1357.0906270629155,-1357.0906270629155,-1357.0906270629155,0,0,0,0,0,0,751.870817687805,751.870817687805,751.870817687805,11.136469804479814,11.136469804479814,11.136469804479814,0,0,0,101.81629309639634,3903.0997605258462,2503.518603375671,2503.518603375671,1909.4352638050407
2024-10-09T00:00:00Z,2503.754192478191,-518.3078366250138,-518.3078366250138,-518.3078366250138,0,0,0,0,0,0,0,0,0,0,0,0,0,0,0,0,0,0,-1333.4593659943982,-1333.4593659943982,-1333.4593659943982,0,0,0,0,0,0,785.6068199371665,785.6068199371665,785.6068199371665,29.544709432217527,29.544709432217527,29.544709432217527,0,0,0,101.02790504877267,3893.8800362853485,2503.754192478191,2503.754192478191,1985.446355853177
2024-10-10T00:00:00Z,2503.9897815807108,-237.93947598150928,-237.93947598150928,-237.93947598150928,0,0,0,0,0,0,0,0,0,0,0,0,0,0,0,0,0,0,-1094.9867904692844,-1094.9867904692844,-1094.9867904692844,0,0,0,0,0,0,812.1740657441148,812.1740657441148,812.1740657441148,44.87324874366027,44.87324874366027,44.87324874366027,0,0,0,311.20417457367364,4152.396528907314,2503.9897815807108,2503.9897815807108,2266.0503055992017
2024-10-11T00:00:00Z,2504.2253706832307,39.91315333131176,39.91315333131176,39.91315333131176,0,0,0,0,0,0,0,0,0,0,0,0,0,0,0,0,0,0,-796.4929906596765,-796.4929906596765,-796.4929906596765,0,0,0,0,0,0,779.4799552362608,779.4799552362608,779.4799552362608,56.926188754727406,56.926188754727406,56.926188754727406,0,0,0,595.4022822567104,4457.118407334526,2504.2253706832307,2504.2253706832307,2544.1385240145423
2024-10-12T00:00:00Z,2504.460958045556,-2043.4998314149607,-2043.4998314149607,-2043.4998314149607,0,0,0,0,0,0,0,0,0,0,0,0,0,0,0,0,0,0,-642.958940706542,-642.958940706542,-642.958940706542,0,0,0,0,0,0,-1466.1415354157518,-1466.1415354157518,-1466.1415354157518,65.6006447073332,65.6006447073332,65.6006447073332,0,0,0,-1382.4741708751042,2390.7664163979475,2504.460958045556,2504.460958045556,460.9611266305951
2024-10-13T00:00:00Z,2504.6965454078813,-2667.2441179127595,-2667.2441179127595,-2667.2441179127595,0,0,0,0,0,0,0,0,0,0,0,0,0,0,0,0,0,0,-667.8031559844659,-667.8031559844659,-667.8031559844659,0,0,0,0,0,0,-2070.3301563856207,-2070.3301563856207,-2070.3301563856207,70.88919445732768,70.88919445732768,70.88919445732768,0,0,0,-2198.475191433127,1847.654074402078,2504.6965454078813,2504.6965454078813,-162.5475725048782
2024-10-14T00:00:00Z,2504.932132770207,-231.3129765252451,-231.3129765252451,-231.3129765252451,0,0,0,0,0,0,0,0,0,0,0,0,0,0,0,0,0,0,-711.5326656112109,-711.5326656112109,-711.5326656112109,0,0,0,0,0,0,407.3400332043125,407.3400332043125,407.3400332043125,72.87965588165332,72.87965588165332,72.87965588165332,0,0,0,379.172168635408,4178.273420686652,2504.932132770207,2504.932132770207,2273.6191562449617
2024-10-15T00:00:00Z,2505.167720132532,215.69788757137775,215.69788757137775,215.69788757137775,0,0,0,0,0,0,0,0,0,0,0,0,0,0,0,0,0,0,-607.925095696736,-607.925095696736,-607.925095696736,0,0,0,0,0,0,751.8708176887742,751.8708176887742,751.8708176887742,71.75216557933933,71.75216557933933,71.75216557933933,0,0,0,778.7166954121586,4646.419468847407,2505.167720132532,2505.167720132532,2720.8656077039095
2024-10-16T00:00:00Z,2505.4033074948575,484.9066703767942,484.9066703767942,484.9066703767942,0,0,0,0,0,0,0,0,0,0,0,0,0,0,0,0,0,0,-368.4737580686994,-368.4737580686994,-368.4737580686994,0,0,0,0,0,0,785.6068199369228,785.6068199369228,785.6068199369228,67.77360850857092,67.77360850857092,67.77360850857092,0,0,0,1052.5904613806997,5065.670642536878,2505.4033074948575,2505.4033074948575,2990.3099778716514
2024-10-17T00:00:00Z,2505.6388948571825,706.96735174969206,706.96735174969206,706.96735174969206,0,0,0,0,0,0,0,0,0,0,0,0,0,0,0,0,0,0,-166.49623954633938,-166.49623954633938,-166.49623954633938,0,0,0,0,0,0,812.174065743497,812.174065743497,812.174065743497,61.28952555253479,61.28952555253479,61.28952555253479,0,0,0,1141.12975311063,5169.276708924541,2505.6388948571825,2505.6388948571825,3212.6062466068747
2024-10-18T00:00:00Z,2505.874482219508,691.4529734135501,691.4529734135501,691.4529734135501,0,0,0,0,0,0,0,0,0,0,0,0,0,0,0,0,0,0,-140.74068286435408,-140.74068286435408,-140.74068286435408,0,0,0,0,0,0,779.4799552327833,779.4799552327833,779.4799552327833,52.71370104512094,52.71370104512094,52.71370104512094,0,0,0,1290.8344507573772,5309.697672344816,2505.874482219508,2505.874482219508,3197.327455633058
2024-10-19T00:00:00Z,2506.110069581833,-1656.677810348058,-1656.677810348058,-1656.677810348058,0,0,0,0,0,0,0,0,0,0,0,0,0,0,0,0,0,0,-233.05197774203316,-233.05197774203316,-233.05197774203316,0,0,0,0,0,0,-1466.141535418752,-1466.141535418752,-1466.141535418752,42.51570281272701,42.51570281272701,42.51570281272701,0,0,0,-1184.4431083048864,2792.816636516654,2506.110069581833,2506.110069581833,849.4322592337751
2024-10-20T00:00:00Z,2506.3456569441582,-2280.1882774971523,-2280.1882774971523,-2280.1882774971523,0,0,0,0,0,0,0,0,0,0,0,0,0,0,0,0,0,0,-241.06483224898605,-241.06483224898605,-241.06483224898605,0,0,0,0,0,0,-2070.33015639038,-2070.33015639038,-2070.33015639038,31.206711142214242,31.206711142214242,31.206711142214242,0,0,0,-1766.8086254017762,2181.0080772398396,2506.3456569441582,2506.3456569441582,226.15737944700595
2024-10-21T00:00:00Z,2506.5812443064838,389.42745857467594,389.42745857467594,389.42745857467594,0,0,0,0,0,0,0,0,0,0,0,0,0,0,0,0,0,0,-37.236602912306545,-37.236602912306545,-37.236602912306545,0,0,0,0,0,0,407.34003320604455,407.34003320604455,407.34003320604455,19.324028280937927,19.324028280937927,19.324028280937927,0,0,0,996.419324742861,4837.76965918769,2506.5812443064838,2506.5812443064838,2896.0087028811595
2024-10-22T00:00:00Z,2506.8168316688093,1041.0021210890513,1041.0021210890513,1041.0021210890513,0,0,0,0,0,0,0,0,0,0,0,0,0,0,0,0,0,0,281.7165985421326,281.7165985421326,281.7165985421326,0,0,0,0,0,0,751.8708176885016,751.8708176885016,751.8708176885016,7.414704858417321,7.414704858417321,7.414704858417321,0,0,0,1647.7220087951498,5562.509512451499,2506.8168316688093,2506.8168316688093,3547.8189527578606
2024-10-23T00:00:00Z,2507.0524190311344,1274.9258053130684,1274.9258053130684,1274.9258053130684,0,0,0,0,0,0,0,0,0,0,0,0,0,0,0,0,0,0,493.30023290254917,493.30023290254917,493.30023290254917,0,0,0,0,0,0,785.606819937353,785.606819937353,785.606819937353,-3.9812475268339766,-3.9812475268339766,-3.9812475268339766,0,0,0,1830.5203057253757,5774.898897415914,2507.0524190311344,2507.0524190311344,3781.9782243442028
2024-10-24T00:00:00Z,2507.28800639346,1314.3154155687052,1314.3154155687052,1314.3154155687052,0,0,0,0,0,0,0,0,0,0,0,0,0,0,0,0,0,0,516.4889183692542,516.4889183692542,516.4889183692542,0,0,0,0,0,0,812.1740657457229,812.1740657457229,812.1740657457229,-14.347568546271807,-14.347568546271807,-14.347568546271807,0,0,0,1987.6039789646711,5731.140000496326,2507.28800639346,2507.28800639346,3821.603421962165
2024-10-25T00:00:00Z,2507.523593755785,1325.2890866948835,1325.2890866948835,1325.2890866948835,0,0,0,0,0,0,0,0,0,0,0,0,0,0,0,0,0,0,569.0170228010196,569.0170228010196,569.0170228010196,0,0,0,0,0,0,779.4799552330832,779.4799552330832,779.4799552330832,-23.207891339219348,-23.207891339219348,-23.207891339219348,0,0,0,1772.4316066955832,5724.622244956213,2507.523593755785,2507.523593755785,3832.8126804506683
2024-10-26T00:00:00Z,2507.7591811181105,-485.2424484950534,-485.2424484950534,-485.2424484950534,0,0,0,0,0,0,0,0,0,0,0,0,0,0,0,0,0,0,1011.0399152061593,1011.0399152061593,1011.0399152061593,0,0,0,0,0,0,-1466.1415354177905,-1466.1415354177905,-1466.1415354177905,-30.14082828342181,-30.14082828342181,-30.14082828342181,0,0,0,74.79909272576542,4010.880362864118,2507.7591811181105,2507.7591811181105,2022.5167326230571
2024-10-27T00:00:00Z,2507.994768480435,-133.00682853984233,-133.00682853984233,-133.00682853984233,0,0,0,0,0,0,0,0,0,0,0,0,0,0,0,0,0,0,1972.1168646227027,1972.1168646227027,1972.1168646227027,0,0,0,0,0,0,-2070.3301563897912,-2070.3301563897912,-2070.3301563897912,-34.79353677275316,-34.79353677275316,-34.79353677275316,0,0,0,376.57188231056006,4310.821499671262,2507.994768480435,2507.994768480435,2374.9879399405927
2024-10-28T00:00:00Z,2508.2303558427607,3471.6653207587638,3471.6653207587638,3471.6653207587638,0,0,0,0,0,0,0,0,0,0,0,0,0,0,0,0,0,0,3101.2186257532053,3101.2186257532053,3101.2186257532053,0,0,0,0,0,0,407.34003320672866,407.34003320672866,407.34003320672866,-36.89333820116957,-36.89333820116957,-36.89333820116957,0,0,0,3951.6932645935644,7996.672009466713,2508.2303558427607,2508.2303558427607,5979.895676601524
2024-10-29T00:00:00Z,2508.465943205086,4429.921738024237,4429.921738024237,4429.921738024237,0,0,0,0,0,0,0,0,0,0,0,0,0,0,0,0,0,0,3714.3079335782472,3714.3079335782472,3714.3079335782472,0,0,0,0,0,0,751.8708176882286,751.8708176882286,751.8708176882286,-36.257013242239154,-36.257013242239154,-36.257013242239154,0,0,0,4902.145102297057,8795.55018593388,2508.465943205086,2508.465943205086,6938.387681229324
2024-10-30T00:00:00Z,2508.7015305674113,4026.8137741297746,4026.8137741297746,4026.8137741297746,0,0,0,0,0,0,0,0,0,0,0,0,0,0,0,0,0,0,3274.004412502819,3274.004412502819,3274.004412502819,0,0,0,0,0,0,785.6068199377838,785.6068199377838,785.6068199377838,-32.79745831082636,-32.79745831082636,-32.79745831082636,0,0,0,4439.844511637298,8483.994659690947,2508.7015305674113,2508.7015305674113,6535.515304697186
2024-10-31T00:00:00Z,2508.937117929737,841.1224330225937,841.1224330225937,841.1224330225937,0,0,0,0,0,0,-1767.1012203123178,-1767.1012203123178,-1767.1012203123178,0,0,0,0,0,0,-1767.1012203123178,-1767.1012203123178,-1767.1012203123178,1822.5770478146408,1822.5770478146408,1822.5770478146408,0,0,0,0,0,0,812.1740657424597,812.1740657424597,812.1740657424597,-26.527460222188783,-26.527460222188783,-26.527460222188783,0,0,0,1251.3449556010137,5297.614406125392,2508.937117929737,2508.937117929737,3350.0595509523305
2024-11-01T00:00:00Z,2509.1727052920623,760.0487251039157,760.0487251039157,760.0487251039157,0,0,0,0,0,0,0,0,0,0,0,0,0,0,0,0,0,0,-1.8708035119176796,-1.8708035119176796,-1.8708035119176796,0,0,0,0,0,0,779.4799552314944,779.4799552314944,779.4799552314944,-17.560426615660983,-17.560426615660983,-17.560426615660983,0,0,0,1232.7982278695717,5160.321961955366,2509.1727052920623,2509.1727052920623,3269.221430395978
2024-11-02T00:00:00Z,2509.4082926543874,-2869.179062236946,-2869.179062236946,-2869.179062236946,0,0,0,0,0,0,0,0,0,0,0,0,0,0,0,0,0,0,-1396.9295303286588,-1396.9295303286588,-1396.9295303286588,0,0,0,0,0,0,-1466.1415354207907,-1466.1415354207907,-1466.1415354207907,-6.107996487496055,-6.107996487496055,-6.107996487496055,0,0,0,-2283.260290917554,1538.6603945224851,2509.4082926543874,2509.4082926543874,-359.7707695825584
2024-11-03T00:00:00Z,2509.643880016713,-3994.116645505954,-3994.116645505954,-3994.116645505954,0,0,0,0,0,0,0,0,0,0,0,0,0,0,0,0,0,0,-1931.3119433291608,-1931.3119433291608,-1931.3119433291608,0,0,0,0,0,0,-2070.3301563875225,-2070.3301563875225,-2070.3301563875225,7.525454210728768,7.525454210728768,7.525454210728768,0,0,0,-3445.885960814781,339.0646149812795,2509.643880016713,2509.643880016713,-1484.4727654892408
2024-11-04T00:00:00Z,2509.879467379038,-1331.8132619931037,-1331.8132619931037,-1331.8132619931037,0,0,0,0,0,0,0,0,0,0,0,0,0,0,0,0,0,0,-1762.1046002783955,-1762.1046002783955,-1762.1046002783955,0,0,0,0,0,0,407.3400332095088,407.3400332095088,407.3400332095088,22.951305075783402,22.951305075783402,22.951305075783402,0,0,0,-698.6016631817629,3189.7665546383073,2509.879467379038,2509.879467379038,1178.0662053859344
2024-11-05T00:00:00Z,2510.115054741363,-603.2200454367373,-603.2200454367373,-603.2200454367373,0,0,0,0,0,0,0,0,0,0,0,0,0,0,0,0,0,0,-1394.7988476534103,-1394.7988476534103,-1394.7988476534103,0,0,0,0,0,0,751.8708176894057,751.8708176894057,751.8708176894057,39.70798452726716,39.70798452726716,39.70798452726716,0,0,0,-42.045344022240364,3766.2955325159032,2510.115054741363,2510.115054741363,1906.8950093046258
2024-11-06T00:00:00Z,2510.350642103688,-389.42465697127045,-389.42465697127045,-389.42465697127045,0,0,0,0,0,0,0,0,0,0,0,0,0,0,0,0,0,0,-1232.3062569443591,-1232.3062569443591,-1232.3062569443591,0,0,0,0,0,0,785.6068199368658,785.6068199368658,785.6068199368658,57.27478003622251,57.27478003622251,57.27478003622251,0,0,0,261.1467882326847,4130.126734385677,2510.350642103688,2510.350642103688,2120.9259851324177
2024-11-07T00:00:00Z,2510.5862294660137,-418.17662792857,-418.17662792857,-418.17662792857,0,0,0,0,0,0,0,0,0,0,0,0,0,0,0,0,0,0,-1305.438495285024,-1305.438495285024,-1305.438495285024,0,0,0,0,0,0,812.1740657432638,812.1740657432638,812.1740657432638,75.08780161319,75.08780161319,75.08780161319,0,0,0,67.07093705230261,4011.7650772227034,2510.5862294660137,2510.5862294660137,2092.409601537444
2024-11-08T00:00:00Z,2510.8218168283393,-501.13744162519737,-501.13744162519737,-501.13744162519737,0,0,0,0,0,0,0,0,0,0,0,0,0,0,0,0,0,0,-1373.175060873164,-1373.175060873164,-1373.175060873164,0,0,0,0,0,0,779.4799552362881,779.4799552362881,779.4799552362881,92.55766401167847,92.55766401167847,92.55766401167847,0,0,0,199.17685509090776,4067.6082234304336,2510.8218168283393,2510.8218168283393,2009.6843752031418
2024-11-09T00:00:00Z,2511.0574041906643,-2592.735933476743,-2592.735933476743,-2592.735933476743,0,0,0,0,0,0,0,0,0,0,0,0,0,0,0,0,0,0,-1235.682791549278,-1235.682791549278,-1235.682791549278,0,0,0,0,0,0,-1466.1415354218102,-1466.1415354218102,-1466.1415354218102,109.08839349434474,109.08839349434474,109.08839349434474,0,0,0,-1975.0861806568535,1868.7692298900383,2511.0574041906643,2511.0574041906643,-81.67852928607863
2024-11-10T00:00:00Z,2511.29299155299,-2884.672506993288,-2884.672506993288,-2884.672506993288,0,0,0,0,0,0,0,0,0,0,0,0,0,0,0,0,0,0,-938.4393691923482,-938.4393691923482,-938.4393691923482,0,0,0,0,0,0,-2070.330156388615,-2070.330156388615,-2070.330156388615,124.09701858767451,124.09701858767451,124.09701858767451,0,0,0,-2464.2202476573852,1557.5546108407925,2511.29299155299,2511.29299155299,-373.3795154402983
2024-11-11T00:00:00Z,2511.5285789153154,-149.56970192216468,-149.56970192216468,-149.56970192216468,0,0,0,0,0,0,0,0,0,0,0,0,0,0,0,0,0,0,-693.943007696062,-693.943007696062,-693.943007696062,0,0,0,0,0,0,407.34003320196734,407.34003320196734,407.34003320196734,137.03327257193004,137.03327257193004,137.03327257193004,0,0,0,402.33923480311506,4250.142422953715,2511.5285789153154,2511.5285789153154,2361.9588769931506
2024-11-12T00:00:00Z,2511.7641662776405,259.20018012331025,259.20018012331025,259.20018012331025,0,0,0,0,0,0,0,0,0,0,0,0,0,0,0,0,0,0,-640.0694573007826,-640.0694573007826,-640.0694573007826,0,0,0,0,0,0,751.8708176889251,751.8708176889251,751.8708176889251,147.39881973516765,147.39881973516765,147.39881973516765,0,0,0,758.0178342458636,4765.086829019659,2511.7641662776405,2511.7641662776405,2770.9643464009505
2024-11-13T00:00:00Z,2511.9997536399655,240.01693205171475,240.01693205171475,240.01693205171475,0,0,0,0,0,0,0,0,0,0,0,0,0,0,0,0,0,0,-700.355306272302,-700.355306272302,-700.355306272302,0,0,0,0,0,0,785.6068199372961,785.6068199372961,785.6068199372961,154.76541838672048,154.76541838672048,154.76541838672048,0,0,0,845.2911270612523,4732.298900320985,2511.9997536399655,2511.9997536399655,2752.0166856916803
2024-11-14T00:00:00Z,2512.2353410022906,288.33986519776266,288.33986519776266,288.33986519776266,0,0,0,0,0,0,0,0,0,0,0,0,0,0,0,0,0,0,-682.6256521213581,-682.6256521213581,-682.6256521213581,0,0,0,0,0,0,812.1740657426457,812.1740657426457,812.1740657426457,158.79145157647457,158.79145157647457,158.79145157647457,0,0,0,948.6157807357528,4574.030859121829,2512.2353410022906,2512.2353410022906,2800.5752062000533
2024-11-15T00:00:00Z,2512.470928364616,442.40667674343445,442.40667674343445,442.40667674343445,0,0,0,0,0,0,0,0,0,0,0,0,0,0,0,0,0,0,-496.30956968888745,-496.30956968888745,-496.30956968888745,0,0,0,0,0,0,779.4799552346993,779.4799552346993,779.4799552346993,159.2362911976226,159.2362911976226,159.2362911976226,0,0,0,976.3608453520642,4851.745688937916,2512.470928364616,2512.470928364616,2954.8776051080504
2024-11-16T00:00:00Z,2512.7065157269412,-1560.7949496559752,-1560.7949496559752,-1560.7949496559752,0,0,0,0,0,0,0,0,0,0,0,0,0,0,0,0,0,0,-250.62542622551103,-250.62542622551103,-250.62542622551103,0,0,0,0,0,0,-1466.1415354167132,-1466.1415354167132,-1466.1415354167132,155.97201198624902,155.97201198624902,155.97201198624902,0,0,0,-826.4021414983122,2940.0309653359504,2512.7065157269412,2512.7065157269412,951.911566070966
2024-11-17T00:00:00Z,2512.9421030892668,-2051.343092307286,-2051.343092307286,-2051.343092307286,0,0,0,0,0,0,0,0,0,0,0,0,0,0,0,0,0,0,-130.0049736345088,-130.0049736345088,-130.0049736345088,0,0,0,0,0,0,-2070.330156386345,-2070.330156386345,-2070.330156386345,148.99203771356872,148.99203771356872,148.99203771356872,0,0,0,-1550.7085197985352,2523.994723779126,2512.9421030892668,2512.9421030892668,461.5990107819807
2024-11-18T00:00:00Z,2513.1776904515923,362.11453593628966,362.11453593628966,362.11453593628966,0,0,0,0,0,0,0,0,0,0,0,0,0,0,0,0,0,0,-183.64187826944777,-183.64187826944777,-183.64187826944777,0,0,0,0,0,0,407.3400332036993,407.3400332036993,407.3400332036993,138.4163810020381,138.4163810020381,138.4163810020381,0,0,0,777.8021858129081,4858.177442161908,2513.1776904515923,2513.1776904515923,2875.292226387882
2024-11-19T00:00:00Z,2513.4132778139174,616.302013561417,616.302013561417,616.302013561417,0,0,0,0,0,0,0,0,0,0,0,0,0,0,0,0,0,0,-260.06203280567746,-260.06203280567746,-260.06203280567746,0,0,0,0,0,0,751.8708176888598,751.8708176888598,751.8708176888598,124.49322867823464,124.49322867823464,124.49322867823464,0,0,0,1534.5407199297558,5039.536621872574,2513.4132778139174,2513.4132778139174,3129.7152913753343
2024-11-20T00:00:00Z,2513.648865176243,728.1799262563904,728.1799262563904,728.1799262563904,0,0,0,0,0,0,0,0,0,0,0,0,0,0,0,0,0,0,-165.02361771829337,-165.02361771829337,-165.02361771829337,0,0,0,0,0,0,785.6068199370528,785.6068199370528,785.6068199370528,107.59672403763118,107.59672403763118,107.59672403763118,0,0,0,1351.5564903069073,5261.198867052105,2513.648865176243,2513.648865176243,3241.8287914326334
2024-11-21T00:00:00Z,2513.884452538568,1022.0968272055622,1022.0968272055622,1022.0968272055622,0,0,0,0,0,0,0,0,0,0,0,0,0,0,0,0,0,0,121.7018582784376,121.7018582784376,121.7018582784376,0,0,0,0,0,0,812.1740657448717,812.1740657448717,812.1740657448717,88.22090318225302,88.22090318225302,88.22090318225302,0,0,0,1499.2413500912885,5431.959864270357,2513.884452538568,2513.884452538568,3535.98127974413
2024-11-22T00:00:00Z,2514.120039900893,1258.8876559368994,1258.8876559368994,1258.8876559368994,0,0,0,0,0,0,0,0,0,0,0,0,0,0,0,0,0,0,412.4378488791279,412.4378488791279,412.4378488791279,0,0,0,0,0,0,779.4799552349989,779.4799552349989,779.4799552349989,66.9698518227725,66.9698518227725,66.9698518227725,0,0,0,1761.6029601824603,5575.536931741619,2514.120039900893,2514.120039900893,3773.007695837792
2024-11-23T00:00:00Z,2514.3556272632186,-899.924259917854,-899.924259917854,-899.924259917854,0,0,0,0,0,0,0,0,0,0,0,0,0,0,0,0,0,0,521.6730169266515,521.6730169266515,521.6730169266515,0,0,0,0,0,0,-1466.1415354157516,-1466.1415354157516,-1466.1415354157516,44.54425857124619,44.54425857124619,44.54425857124619,0,0,0,-300.4424223446605,3508.5338550085658,2514.3556272632186,2514.3556272632186,1614.4313673453646
2024-11-24T00:00:00Z,2514.5912146255437,-1532.7049020975737,-1532.7049020975737,-1532.7049020975737,0,0,0,0,0,0,0,0,0,0,0,0,0,0,0,0,0,0,515.9006065726757,515.9006065726757,515.9006065726757,0,0,0,0,0,0,-2070.3301563840764,-2070.3301563840764,-2070.3301563840764,21.724647713827355,21.724647713827355,21.724647713827355,0,0,0,-990.9753585989827,2753.0130089914906,2514.5912146255437,2514.5912146255437,981.88631252797
2024-11-25T00:00:00Z,2514.826801987869,1130.0639879546914,1130.0639879546914,1130.0639879546914,0,0,0,0,0,0,0,0,0,0,0,0,0,0,0,0,0,0,723.3722790889123,723.3722790889123,723.3722790889123,0,0,0,0,0,0,407.34003320543155,407.34003320543155,407.34003320543155,-0.6483243396521742,-0.6483243396521742,-0.6483243396521742,0,0,0,1814.2083868672976,5625.352323339901,2514.826801987869,2514.826801987869,3644.8907899425603
2024-11-26T00:00:00Z,2515.0623893501943,2167.054816326285,2167.054816326285,2167.054816326285,0,0,0,0,0,0,0,0,0,0,0,0,0,0,0,0,0,0,1436.8800308678203,1436.8800308678203,1436.8800308678203,0,0,0,0,0,0,751.8708176885873,751.8708176885873,751.8708176885873,-21.6960322301222,-21.6960322301222,-21.6960322301222,0,0,0,2794.8595885306627,6668.843399131772,2515.0623893501943,2515.0623893501943,4682.117205676479
2024-11-27T00:00:00Z,2515.29797671252,3300.407446701353,3300.407446701353,3300.407446701353,0,0,0,0,0,0,0,0,0,0,0,0,0,0,0,0,0,0,2555.3265734697948,2555.3265734697948,2555.3265734697948,0,0,0,0,0,0,785.606819937306,785.606819937306,785.606819937306,-40.52594670574769,-40.52594670574769,-40.52594670574769,0,0,0,3810.8903131077136,7602.875552533169,2515.29797671252,2515.29797671252,5815.705423413872
2024-11-28T00:00:00Z,2515.5335640748453,4271.640047361102,4271.640047361102,4271.640047361102,0,0,0,0,0,0,0,0,0,0,0,0,0,0,0,0,0,0,3515.7229583590424,3515.7229583590424,3515.7229583590424,0,0,0,0,0,0,812.1740657442535,812.1740657442535,812.1740657442535,-56.2569767421955,-56.2569767421955,-56.2569767421955,0,0,0,4866.120589921556,8761.987018300872,2515.5335640748453,2515.5335640748453,6787.173611435947
2024-11-29T00:00:00Z,2515.76915143717,4350.985582958384,4350.985582958384,4350.985582958384,0,0,0,0,0,0,0,0,0,0,0,0,0,0,0,0,0,0,3639.5510406304375,3639.5510406304375,3639.5510406304375,0,0,0,0,0,0,779.4799552315216,779.4799552315216,779.4799552315216,-68.04541290357507,-68.04541290357507,-68.04541290357507,0,0,0,4887.661950839783,8724.197949240073,2515.76915143717,2515.76915143717,6866.754734395554
2024-11-30T00:00:00Z,2516.0047387994955,1104.1043546714225,1104.1043546714225,1104.1043546714225,0,0,0,0,0,0,0,0,0,0,0,0,0,0,0,0,0,0,2645.356653022935,2645.356653022935,2645.356653022935,0,0,0,0,0,0,-1466.1415354187518,-1466.1415354187518,-1466.1415354187518,-75.11076293276079,-75.11076293276079,-75.11076293276079,0,0,0,1747.534777538864,5609.91006529546,2516.0047387994955,2516.0047387994955,3620.109093470918
2024-12-01T00:00:00Z,2516.2404456227487,-1243.3468503080671,-1243.3468503080671,-1243.3468503080671,0,0,0,0,0,0,0,0,0,0,0,0,0,0,0,0,0,0,903.7440624951688,903.7440624951688,903.7440624951688,0,0,0,0,0,0,-2070.330156385169,-2070.330156385169,-2070.330156385169,-76.76075641806663,-76.76075641806663,-76.76075641806663,0,0,0,-636.6574560353217,3237.166729404795,2516.2404456227487,2516.2404456227487,1272.8935953146815
2024-12-02T00:00:00Z,2516.476152446002,-458.6897354679617,-458.6897354679617,-458.6897354679617,0,0,0,0,0,0,0,0,0,0,0,0,0,0,0,0,0,0,-793.6149676331515,-793.6149676331515,-793.6149676331515,0,0,0,0,0,0,407.34003319893793,407.34003319893793,407.34003319893793,-72.4148010337481,-72.4148010337481,-72.4148010337481,0,0,0,168.55987484525463,3876.3884092391627,2516.476152446002,2516.476152446002,2057.78641697804
2024-12-03T00:00:00Z,2516.711859269254,-1084.6034259083387,-1084.6034259083387,-1084.6034259083387,0,0,0,0,0,0,0,0,0,0,0,0,0,0,0,0,0,0,-1774.8490451068344,-1774.8490451068344,-1774.8490451068344,0,0,0,0,0,0,751.8708176885222,751.8708176885222,751.8708176885222,-61.62519849002655,-61.62519849002655,-61.62519849002655,0,0,0,-460.35712492089493,3443.349626406344,2516.711859269254,2516.711859269254,1432.1084333609153
2024-12-04T00:00:00Z,2516.9475660925073,-1164.4584004116718,-1164.4584004116718,-1164.4584004116718,0,0,0,0,0,0,0,0,0,0,0,0,0,0,0,0,0,0,-1905.9697467532822,-1905.9697467532822,-1905.9697467532822,0,0,0,0,0,0,785.6068199370619,785.6068199370619,785.6068199370619,-44.09547359545175,-44.09547359545175,-44.09547359545175,0,0,0,-459.9422053140592,3350.5087234266966,2516.9475660925073,2516.9475660925073,1352.4891656808354
2024-12-05T00:00:00Z,2517.1832729157604,-778.2693131675935,-778.2693131675935,-778.2693131675935,0,0,0,0,0,0,0,0,0,0,0,0,0,0,0,0,0,0,-1570.7481450830248,-1570.7481450830248,-1570.7481450830248,0,0,0,0,0,0,812.1740657409905,812.1740657409905,812.1740657409905,-19.695233825559765,-19.695233825559765,-19.695233825559765,0,0,0,-219.52227686020925,3708.3089620708965,2517.1832729157604,2517.1832729157604,1738.913959748167
2024-12-06T00:00:00Z,2517.4189797390136,-485.70656849610486,-485.70656849610486,-485.70656849610486,0,0,0,0,0,0,0,0,0,0,0,0,0,0,0,0,0,0,-1276.7154656590646,-1276.7154656590646,-1276.7154656590646,0,0,0,0,0,0,779.4799552318215,779.4799552318215,779.4799552318215,11.528941931138077,11.528941931138077,11.528941931138077,0,0,0,71.3825123036225,3987.2060651672437,2517.4189797390136,2517.4189797390136,2031.7124112429087
2024-12-08T00:00:00Z,2517.890393385519,-3334.077263234217,-3334.077263234217,-3334.077263234217,0,0,0,0,0,0,0,0,0,0,0,0,0,0,0,0,0,0,-1357.0906270623052,-1357.0906270623052,-1357.0906270623052,0,0,0,0,0,0,-2070.3301563882474,-2070.3301563882474,-2070.3301563882474,93.34352021633595,93.34352021633595,93.34352021633595,0,0,0,-2792.561072800394,1216.4482179677836,2517.890393385519,2517.890393385519,-816.1868698486978
2024-12-09T00:00:00Z,2518.126100208772,-783.1985149414854,-783.1985149414854,-783.1985149414854,0,0,0,0,0,0,0,0,0,0,0,0,0,0,0,0,0,0,-1333.4593659953368,-1333.4593659953368,-1333.4593659953368,0,0,0,0,0,0,407.34003319962216,407.34003319962216,407.34003319962216,142.92081785422948,142.92081785422948,142.92081785422948,0,0,0,-287.8920667536469,3650.3257540175737,2518.126100208772,2518.126100208772,1734.9275852672868
2024-12-10T00:00:00Z,2518.361807032025,-145.80922919262352,-145.80922919262352,-145.80922919262352,0,0,0,0,0,0,0,0,0,0,0,0,0,0,0,0,0,0,-1094.9867904682847,-1094.9867904682847,-1094.9867904682847,0,0,0,0,0,0,751.8708176880418,751.8708176880418,751.8708176880418,197.3067435876195,197.3067435876195,197.3067435876195,0,0,0,400.5341388034285,4254.024710289513,2518.361807032025,2518.361807032025,2372.5525778394012
2024-12-11T00:00:00Z,2518.5975138552776,244.68127315593148,244.68127315593148,244.68127315593148,0,0,0,0,0,0,0,0,0,0,0,0,0,0,0,0,0,0,-796.4929906571663,-796.4929906571663,-796.4929906571663,0,0,0,0,0,0,785.6068199374924,785.6068199374924,785.6068199374924,255.56744387560542,255.56744387560542,255.56744387560542,0,0,0,839.978006647339,4651.924430759374,2518.5975138552776,2518.5975138552776,2763.2787870112093
2024-12-12T00:00:00Z,2518.833220678531,485.83978772674567,485.83978772674567,485.83978772674567,0,0,0,0,0,0,0,0,0,0,0,0,0,0,0,0,0,0,-642.9589407060521,-642.9589407060521,-642.9589407060521,0,0,0,0,0,0,812.1740657432165,812.1740657432165,812.1740657432165,316.62466268958127,316.62466268958127,316.62466268958127,0,0,0,960.4976126139478,4865.94325602387,2518.833220678531,2518.833220678531,3004.6730084052765
2024-12-13T00:00:00Z,2519.068927501784,490.95411279752136,490.95411279752136,490.95411279752136,0,0,0,0,0,0,0,0,0,0,0,0,0,0,0,0,0,0,-667.8031559868548,-667.8031559868548,-667.8031559868548,0,0,0,0,0,0,779.4799552366151,779.4799552366151,779.4799552366151,379.2773135477611,379.2773135477611,379.2773135477611,0,0,0,1143.5691734251848,4986.035904074492,2519.068927501784,2519.068927501784,3010.023040299305
2024-12-14T00:00:00Z,2519.3046343250367,-1735.447349384601,-1735.447349384601,-1735.447349384601,0,0,0,0,0,0,0,0,0,0,0,0,0,0,0,0,0,0,-711.5326656108704,-711.5326656108704,-711.5326656108704,0,0,0,0,0,0,-1466.1415354207904,-1466.1415354207904,-1466.1415354207904,442.2268516470598,442.2268516470598,442.2268516470598,0,0,0,-1101.8826465258917,2673.9205586744365,2519.3046343250367,2519.3046343250367,783.8572849404356
2024-12-15T00:00:00Z,2519.5403411482894,-2174.1493766193594,-2174.1493766193594,-2174.1493766193594,0,0,0,0,0,0,0,0,0,0,0,0,0,0,0,0,0,0,-607.9250956959866,-607.9250956959866,-607.9250956959866,0,0,0,0,0,0,-2070.330156387659,-2070.330156387659,-2070.330156387659,504.10587546428616,504.10587546428616,504.10587546428616,0,0,0,-1669.645648533865,2352.7025888789653,2519.5403411482894,2519.5403411482894,345.39096452893
2024-12-16T00:00:00Z,2519.7760479715425,602.375565444169,602.375565444169,602.375565444169,0,0,0,0,0,0,0,0,0,0,0,0,0,0,0,0,0,0,-368.47375806976993,-368.47375806976993,-368.47375806976993,0,0,0,0,0,0,407.3400332024022,407.3400332024022,407.3400332024022,563.5092903115367,563.5092903115367,563.5092903115367,0,0,0,1288.110596691066,4950.446658716096,2519.7760479715425,2519.7760479715425,3122.1516134157114
2024-12-17T00:00:00Z,2520.0117547947953,1204.4018637666584,1204.4018637666584,1204.4018637666584,0,0,0,0,0,0,0,0,0,0,0,0,0,0,0,0,0,0,-166.4962395463632,-166.4962395463632,-166.4962395463632,0,0,0,0,0,0,751.8708176879765,751.8708176879765,751.8708176879765,619.027285625045,619.027285625045,619.027285625045,0,0,0,1805.9343007906734,5775.564151030968,2520.0117547947953,2520.0117547947953,3724.4136185614534
2024-12-18T00:00:00Z,2520.247461618048,1314.145452749259,1314.145452749259,1314.145452749259,0,0,0,0,0,0,0,0,0,0,0,0,0,0,0,0,0,0,-140.7406828643189,-140.7406828643189,-140.7406828643189,0,0,0,0,0,0,785.6068199365749,785.6068199365749,785.6068199365749,669.2793156770028,669.2793156770028,669.2793156770028,0,0,0,1853.2272717204405,5876.072657773624,2520.247461618048,2520.247461618048,3834.3929143673067
2024-12-19T00:00:00Z,2520.483168441301,1292.0703198302892,1292.0703198302892,1292.0703198302892,0,0,0,0,0,0,0,0,0,0,0,0,0,0,0,0,0,0,-233.05197774119296,-233.05197774119296,-233.05197774119296,0,0,0,0,0,0,812.1740657425985,812.1740657425985,812.1740657425985,712.9482318288839,712.9482318288839,712.9482318288839,0,0,0,1761.70505404937,5651.40319246577,2520.483168441301,2520.483168441301,3812.55348827159
2024-12-20T00:00:00Z,2520.718875264554,1287.228817830345,1287.228817830345,1287.228817830345,0,0,0,0,0,0,0,0,0,0,0,0,0,0,0,0,0,0,-241.06483225107644,-241.06483225107644,-241.06483225107644,0,0,0,0,0,0,779.4799552369149,779.4799552369149,779.4799552369149,748.8136948445065,748.8136948445065,748.8136948445065,0,0,0,1906.3712372567932,5774.186598955985,2520.718875264554,2520.718875264554,3807.9476930948986
2024-12-21T00:00:00Z,2520.954582087807,-727.5941393880082,-727.5941393880082,-727.5941393880082,0,0,0,0,0,0,0,0,0,0,0,0,0,0,0,0,0,0,-37.2366029109356,-37.2366029109356,-37.2366029109356,0,0,0,0,0,0,-1466.1415354218097,-1466.1415354218097,-1466.1415354218097,775.7839989447369,775.7839989447369,775.7839989447369,0,0,0,-160.69165253403438,3722.671271596937,2520.954582087807,2520.954582087807,1793.3604426997988
2024-12-22T00:00:00Z,2521.1902889110597,-995.688092389565,-995.688092389565,-995.688092389565,0,0,0,0,0,0,0,0,0,0,0,0,0,0,0,0,0,0,281.7165985424346,281.7165985424346,281.7165985424346,0,0,0,0,0,0,-2070.33015638539,-2070.33015638539,-2070.33015638539,792.9254654533904,792.9254654533904,792.9254654533904,0,0,0,-381.3626051897742,3549.917418354371,2521.1902889110597,2521.1902889110597,1525.5021965214946
2024-12-23T00:00:00Z,2521.425995734313,1700.1288787795056,1700.1288787795056,1700.1288787795056,0,0,0,0,0,0,0,0,0,0,0,0,0,0,0,0,0,0,493.300232903315,493.300232903315,493.300232903315,0,0,0,0,0,0,407.3400332030864,407.3400332030864,407.3400332030864,799.4886126731038,799.4886126731038,799.4886126731038,0,0,0,2356.8176803718607,6084.738405947001,2521.425995734313,2521.425995734313,4221.5548745138185
2024-12-24T00:00:00Z,2521.6617025575656,2063.2901150606535,2063.2901150606535,2063.2901150606535,0,0,0,0,0,0,0,0,0,0,0,0,0,0,0,0,0,0,516.4889183689485,516.4889183689485,516.4889183689485,0,0,0,0,0,0,751.8708176889457,751.8708176889457,751.8708176889457,794.9303790027587,794.9303790027587,794.9303790027587,0,0,0,2575.088748423225,6518.728821621038,2521.6617025575656,2521.6617025575656,4584.951817618219
2024-12-25T00:00:00Z,2521.8974093808188,-1856.7988840189776,-1856.7988840189776,-1856.7988840189776,-3990.354493456546,-3990.354493456546,-3990.354493456546,0,0,0,-3990.354493456546,-3990.354493456546,-3990.354493456546,0,0,0,0,0,0,0,0,0,569.0170228025471,569.0170228025471,569.0170228025471,0,0,0,0,0,0,785.6068199370054,785.6068199370054,785.6068199370054,778.9317666980158,778.9317666980158,778.9317666980158,0,0,0,-1270.419454246543,2703.1497428349417,2521.8974093808188,2521.8974093808188,665.0985253618412
2024-12-26T00:00:00Z,2522.1331162040715,2574.624362850767,2574.624362850767,2574.624362850767,0,0,0,0,0,0,0,0,0,0,0,0,0,0,0,0,0,0,1011.0399152075244,1011.0399152075244,1011.0399152075244,0,0,0,0,0,0,812.1740657434025,812.1740657434025,812.1740657434025,751.4103818998396,751.4103818998396,751.4103818998396,0,0,0,3189.8970729228886,6988.590252420897,2522.1331162040715,2522.1331162040715,5096.757479054839
2024-12-27T00:00:00Z,2522.368823027324,3464.1242898189334,3464.1242898189334,3464.1242898189334,0,0,0,0,0,0,0,0,0,0,0,0,0,0,0,0,0,0,1972.116864619671,1972.116864619671,1972.116864619671,0,0,0,0,0,0,779.4799552334377,779.4799552334377,779.4799552334377,712.5274699658243,712.5274699658243,712.5274699658243,0,0,0,3953.730876152768,7943.663041491507,2522.368823027324,2522.368823027324,5986.493112846258
2024-12-28T00:00:00Z,2522.6045298505774,2297.76627097116,2297.76627097116,2297.76627097116,0,0,0,0,0,0,0,0,0,0,0,0,0,0,0,0,0,0,3101.218625753821,3101.218625753821,3101.218625753821,0,0,0,0,0,0,-1466.1415354248097,-1466.1415354248097,-1466.1415354248097,662.6891806421493,662.6891806421493,662.6891806421493,0,0,0,2905.4874529024214,6584.559306885317,2522.6045298505774,2522.6045298505774,4820.370800821737
2024-12-29T00:00:00Z,2522.8402366738305,2246.5197189350715,2246.5197189350715,2246.5197189350715,0,0,0,0,0,0,0,0,0,0,0,0,0,0,0,0,0,0,3714.3079335783973,3714.3079335783973,3714.3079335783973,0,0,0,0,0,0,-2070.33015639183,-2070.33015639183,-2070.33015639183,602.5419417485042,602.5419417485042,602.5419417485042,0,0,0,2756.9007589835437,6750.895814693441,2522.8402366738305,2522.8402366738305,4769.359955608902
2024-12-30T00:00:00Z,2523.0759434970832,4214.306414815939,4214.306414815939,4214.306414815939,0,0,0,0,0,0,0,0,0,0,0,0,0,0,0,0,0,0,3274.0044125010154,3274.0044125010154,3274.0044125010154,0,0,0,0,0,0,407.3400332037705,407.3400332037705,407.3400332037705,532.9619691111532,532.9619691111532,532.9619691111532,0,0,0,4615.7217690507205,8726.870507820662,2523.0759434970832,2523.0759434970832,6737.382358313022
2024-12-31T00:00:00Z,2523.311650320336,3029.48695608181,3029.48695608181,3029.48695608181,0,0,0,0,0,0,0,0,0,0,0,0,0,0,0,0,0,0,1822.5770478158584,1822.5770478158584,1822.5770478158584,0,0,0,0,0,0,751.8708176886731,751.8708176886731,751.8708176886731,455.039090577279,455.039090577279,455.039090577279,0,0,0,3634.992088923146,7446.8352645632585,2523.311650320336,2523.311650320336,5552.798606402146
2025-01-01T00:00:00Z,2523.547357143589,-613.3099947602094,-613.3099947602094,-613.3099947602094,0,0,0,0,0,0,-1767.1012203123178,-1767.1012203123178,-1767.1012203123178,0,0,0,0,0,0,-1767.1012203123178,-1767.1012203123178,-1767.1012203123178,-1.8708035149418496,-1.8708035149418496,-1.8708035149418496,0,0,0,0,0,0,785.6068199367616,785.6068199367616,785.6068199367616,370.0552091302884,370.0552091302884,370.0552091302884,0,0,0,53.27428344374527,3858.331442894915,2523.547357143589,2523.547357143589,1910.2373623833796
2025-01-02T00:00:00Z,2523.783063966842,-305.2975940909522,-305.2975940909522,-305.2975940909522,0,0,0,0,0,0,0,0,0,0,0,0,0,0,0,0,0,0,-1396.9295303292115,-1396.9295303292115,-1396.9295303292115,0,0,0,0,0,0,812.1740657442066,812.1740657442066,812.1740657442066,279.4578704940531,279.4578704940531,279.4578704940531,0,0,0,286.76934412786943,4275.271585163375,2523.783063966842,2523.783063966842,2218.4854698758895
2025-01-03T00:00:00Z,2524.0187707900945,-967.0024576895004,-967.0024576895004,-967.0024576895004,0,0,0,0,0,0,0,0,0,0,0,0,0,0,0,0,0,0,-1931.3119433313263,-1931.3119433313263,-1931.3119433313263,0,0,0,0,0,0,779.4799552337372,779.4799552337372,779.4799552337372,184.82953040808877,184.82953040808877,184.82953040808877,0,0,0,-447.5288967286334,3498.9896719245476,2524.0187707900945,2524.0187707900945,1557.0163131005943
2025-01-04T00:00:00Z,2524.2544776133477,-3140.392903238933,-3140.392903238933,-3140.392903238933,0,0,0,0,0,0,0,0,0,0,0,0,0,0,0,0,0,0,-1762.1046002788264,-1762.1046002788264,-1762.1046002788264,0,0,0,0,0,0,-1466.1415354157512,-1466.1415354157512,-1466.1415354157512,87.85323245564506,87.85323245564506,87.85323245564506,0,0,0,-2587.6770019151354,1256.5852963680961,2524.2544776133477,2524.2544776133477,-616.1384256255851
2025-01-05T00:00:00Z,2524.490184436601,-3474.8534982705773,-3474.8534982705773,-3474.8534982705773,0,0,0,0,0,0,0,0,0,0,0,0,0,0,0,0,0,0,-1394.7988476531598,-1394.7988476531598,-1394.7988476531598,0,0,0,0,0,0,-2070.330156389561,-2070.330156389561,-2070.330156389561,-9.724494227857472,-9.724494227857472,-9.724494227857472,0,0,0,-2915.6565930014917,978.0866885477757,2524.490184436601,2524.490184436601,-950.3633138339765
2025-01-06T00:00:00Z,2524.7258912598536,-931.0988533103464,-931.0988533103464,-931.0988533103464,0,0,0,0,0,0,0,0,0,0,0,0,0,0,0,0,0,0,-1232.306256942759,-1232.306256942759,-1232.306256942759,0,0,0,0,0,0,407.3400332055028,407.3400332055028,407.3400332055028,-106.13262957308955,-106.13262957308955,-106.13262957308955,0,0,0,-524.2294500839331,3489.9889881271592,2524.7258912598536,2524.7258912598536,1593.6270379495072
2025-01-07T00:00:00Z,2524.9615980831063,-753.1832830756546,-753.1832830756546,-753.1832830756546,0,0,0,0,0,0,0,0,0,0,0,0,0,0,0,0,0,0,-1305.4384952842727,-1305.4384952842727,-1305.4384952842727,0,0,0,0,0,0,751.8708176884004,751.8708176884004,751.8708176884004,-199.6156054797824,-199.6156054797824,-199.6156054797824,0,0,0,-155.61790656885816,3759.5506142197855,2524.9615980831063,2524.9615980831063,1771.7783150074517
2025-01-08T00:00:00Z,2525.1973049063595,-876.0414615085624,-876.0414615085624,-876.0414615085624,0,0,0,0,0,0,0,0,0,0,0,0,0,0,0,0,0,0,-1373.1750608726109,-1373.1750608726109,-1373.1750608726109,0,0,0,0,0,0,785.6068199376889,785.6068199376889,785.6068199376889,-288.4732205736399,-288.4732205736399,-288.4732205736399,0,0,0,-341.3009204392279,3440.1018081703905,2525.1973049063595,2525.1973049063595,1649.155843397797
2025-01-09T00:00:00Z,2525.433011729612,-794.6082686788347,-794.6082686788347,-794.6082686788347,0,0,0,0,0,0,0,0,0,0,0,0,0,0,0,0,0,0,-1235.6827915482074,-1235.6827915482074,-1235.6827915482074,0,0,0,0,0,0,812.1740657423654,812.1740657423654,812.1740657423654,-371.09954287299325,-371.09954287299325,-371.09954287299325,0,0,0,-72.758438786361,3722.497204195779,2525.433011729612,2525.433011729612,1730.8247430507774
2025-01-10T00:00:00Z,2525.668718552865,-604.9792481547496,-604.9792481547496,-604.9792481547496,0,0,0,0,0,0,0,0,0,0,0,0,0,0,0,0,0,0,-938.4393691909268,-938.4393691909268,-938.4393691909268,0,0,0,0,0,0,779.4799552340369,779.4799552340369,779.4799552340369,-446.0198341978594,-446.0198341978594,-446.0198341978594,0,0,0,-2.5170944851930033,3866.2110145121806,2525.668718552865,2525.668718552865,1920.6894703981152
2025-01-11T00:00:00Z,2525.904425376118,-2672.00911599539,-2672.00911599539,-2672.00911599539,0,0,0,0,0,0,0,0,0,0,0,0,0,0,0,0,0,0,-693.9430076967695,-693.9430076967695,-693.9430076967695,0,0,0,0,0,0,-1466.1415354187516,-1466.1415354187516,-1466.1415354187516,-511.92457287986866,-511.92457287986866,-511.92457287986866,0,0,0,-2121.7327890307256,1845.605282462661,2525.904425376118,2525.904425376118,-146.10469061927188
2025-01-12T00:00:00Z,2526.1401321993712,-3278.0993318021315,-3278.0993318021315,-3278.0993318021315,0,0,0,0,0,0,0,0,0,0,0,0,0,0,0,0,0,0,-640.0694573010784,-640.0694573010784,-640.0694573010784,0,0,0,0,0,0,-2070.3301563889727,-2070.3301563889727,-2070.3301563889727,-567.6997181120798,-567.6997181120798,-567.6997181120798,0,0,0,-2652.0370986797193,1113.9588537349298,2526.1401321993712,2526.1401321993712,-751.9591996027602
2025-01-13T00:00:00Z,2526.375839022624,-905.4677215349534,-905.4677215349534,-905.4677215349534,0,0,0,0,0,0,0,0,0,0,0,0,0,0,0,0,0,0,-700.3553062715043,-700.3553062715043,-700.3553062715043,0,0,0,0,0,0,407.34003320723485,407.34003320723485,407.34003320723485,-612.452448470684,-612.452448470684,-612.452448470684,0,0,0,-417.3190859681171,3591.739727887979,2526.375839022624,2526.375839022624,1620.9081174876706
2025-01-14T00:00:00Z,2526.6115458458767,-576.2865510241503,-576.2865510241503,-576.2865510241503,0,0,0,0,0,0,0,0,0,0,0,0,0,0,0,0,0,0,-682.6256521210402,-682.6256521210402,-682.6256521210402,0,0,0,0,0,0,751.870817688335,751.870817688335,751.870817688335,-645.5317165914453,-645.5317165914453,-645.5317165914453,0,0,0,-67.70863672663738,4102.445477847541,2526.6115458458767,2526.6115458458767,1950.3249948217262
2025-01-15T00:00:00Z,2526.84725266913,-377.24583868497905,-377.24583868497905,-377.24583868497905,0,0,0,0,0,0,0,0,0,0,0,0,0,0,0,0,0,0,-496.3095696898149,-496.3095696898149,-496.3095696898149,0,0,0,0,0,0,785.6068199367712,785.6068199367712,785.6068199367712,-666.5430889319357,-666.5430889319357,-666.5430889319357,0,0,0,80.5415701863466,4061.7159049992697,2526.84725266913,2526.84725266913,2149.601413984151
2025-01-16T00:00:00Z,2527.082959492383,-113.8088412708284,-113.8088412708284,-113.8088412708284,0,0,0,0,0,0,0,0,0,0,0,0,0,0,0,0,0,0,-250.62542622420003,-250.62542622420003,-250.62542622420003,0,0,0,0,0,0,812.1740657417472,812.1740657417472,812.1740657417472,-675.3574807883757,-675.3574807883757,-675.3574807883757,0,0,0,254.38529127388182,4255.119105656613,2527.082959492383,2527.082959492383,2413.2741182215545
2025-01-17T00:00:00Z,2527.3186663156353,-22.63856706662888,-22.63856706662888,-22.63856706662888,0,0,0,0,0,0,0,0,0,0,0,0,0,0,0,0,0,0,-130.00497363490047,-130.00497363490047,-130.00497363490047,0,0,0,0,0,0,779.4799552305595,779.4799552305595,779.4799552305595,-672.1135486622883,-672.1135486622883,-672.1135486622883,0,0,0,497.12508677125226,4473.247058304822,2527.3186663156353,2527.3186663156353,2504.680099249006
2025-01-18T00:00:00Z,2527.5543731388884,-2306.9970744637676,-2306.9970744637676,-2306.9970744637676,0,0,0,0,0,0,0,0,0,0,0,0,0,0,0,0,0,0,-183.6418782697707,-183.6418782697707,-183.6418782697707,0,0,0,0,0,0,-1466.1415354197707,-1466.1415354197707,-1466.1415354197707,-657.2136607742258,-657.2136607742258,-657.2136607742258,0,0,0,-1741.0424557034491,2286.698877148262,2527.5543731388884,2527.5543731388884,220.55729867512082
2025-01-19T00:00:00Z,2527.7900799621416,-2961.7057171040833,-2961.7057171040833,-2961.7057171040833,0,0,0,0,0,0,0,0,0,0,0,0,0,0,0,0,0,0,-260.0620328061835,-260.0620328061835,-260.0620328061835,0,0,0,0,0,0,-2070.330156388384,-2070.330156388384,-2070.330156388384,-631.3135279095159,-631.3135279095159,-631.3135279095159,0,0,0,-2374.841666754646,1457.7122479928685,2527.7900799621416,2527.7900799621416,-433.9156371419417
2025-01-20T00:00:00Z,2528.0257867853943,-352.9893211828775,-352.9893211828775,-352.9893211828775,0,0,0,0,0,0,0,0,0,0,0,0,0,0,0,0,0,0,-165.02361771628412,-165.02361771628412,-165.02361771628412,0,0,0,0,0,0,407.3400332007413,407.3400332007413,407.3400332007413,-595.3057366673347,-595.3057366673347,-595.3057366673347,0,0,0,347.72654264836325,4146.803248092039,2528.0257867853943,2528.0257867853943,2175.0364656025167
2025-01-21T00:00:00Z,2528.261538963447,323.2750945593934,323.2750945593934,323.2750945593934,0,0,0,0,0,0,0,0,0,0,0,0,0,0,0,0,0,0,121.70185827891342,121.70185827891342,121.70185827891342,0,0,0,0,0,0,751.8708176878548,751.8708176878548,751.8708176878548,-550.2975814073748,-550.2975814073748,-550.2975814073748,0,0,0,765.7546698608905,4728.716662877575,2528.261538963447,2528.261538963447,2851.5366335228405
2025-01-22T00:00:00Z,2528.4972911414993,700.4609330862822,700.4609330862822,700.4609330862822,0,0,0,0,0,0,0,0,0,0,0,0,0,0,0,0,0,0,412.4378488792505,412.4378488792505,412.4378488792505,0,0,0,0,0,0,785.6068199372017,785.6068199372017,785.6068199372017,-497.58373573016985,-497.58373573016985,-497.58373573016985,0,0,0,1255.357193022328,5290.681772731096,2528.4972911414993,2528.4972911414993,3228.9582242277816
2025-01-23T00:00:00Z,2528.733043319552,895.2326472725608,895.2326472725608,895.2326472725608,0,0,0,0,0,0,0,0,0,0,0,0,0,0,0,0,0,0,521.6730169257951,521.6730169257951,521.6730169257951,0,0,0,0,0,0,812.1740657425514,812.1740657425514,812.1740657425514,-438.6144353957856,-438.6144353957856,-438.6144353957856,0,0,0,1468.4254119023421,5425.544118793442,2528.733043319552,2528.733043319552,3423.965690592113
2025-01-24T00:00:00Z,2528.9687954976043,920.4206030430252,920.4206030430252,920.4206030430252,0,0,0,0,0,0,0,0,0,0,0,0,0,0,0,0,0,0,515.9006065733685,515.9006065733685,515.9006065733685,0,0,0,0,0,0,779.4799552308592,779.4799552308592,779.4799552308592,-374.95995876120253,-374.95995876120253,-374.95995876120253,0,0,0,1479.2172337340348,5443.270541008336,2528.9687954976043,2528.9687954976043,3449.3893985406294
2025-01-25T00:00:00Z,2529.204547675657,-1051.0415413983233,-1051.0415413983233,-1051.0415413983233,0,0,0,0,0,0,0,0,0,0,0,0,0,0,0,0,0,0,723.3722790911489,723.3722790911489,723.3722790911489,0,0,0,0,0,0,-1466.1415354146734,-1466.1415354146734,-1466.1415354146734,-308.2722850747984,-308.2722850747984,-308.2722850747984,0,0,0,-600.5643260613199,3381.669546061663,2529.204547675657,2529.204547675657,1478.1630062773338
2025-01-26T00:00:00Z,2529.4402998537093,-873.6950083683097,-873.6950083683097,-873.6950083683097,0,0,0,0,0,0,0,0,0,0,0,0,0,0,0,0,0,0,1436.8800308654083,1436.8800308654083,1436.8800308654083,0,0,0,0,0,0,-2070.330156387796,-2070.330156387796,-2070.330156387796,-240.24488284592218,-240.24488284592218,-240.24488284592218,0,0,0,-286.5633004797308,3658.9379925319236,2529.4402998537093,2529.4402998537093,1655.7452914853998
2025-01-27T00:00:00Z,2529.6760520317616,2790.0949785800904,2790.0949785800904,2790.0949785800904,0,0,0,0,0,0,0,0,0,0,0,0,0,0,0,0,0,0,2555.3265734707907,2555.3265734707907,2555.3265734707907,0,0,0,0,0,0,407.34003320142534,407.34003320142534,407.34003320142534,-172.57162809212517,-172.57162809212517,-172.57162809212517,0,0,0,3486.220163091558,7214.4523224450295,2529.6760520317616,2529.6760520317616,5319.7710306118515
2025-01-28T00:00:00Z,2529.9118042098144,4160.687901754086,4160.687901754086,4160.687901754086,0,0,0,0,0,0,0,0,0,0,0,0,0,0,0,0,0,0,3515.722958357539,3515.722958357539,3515.722958357539,0,0,0,0,0,0,751.8708176877896,751.8708176877896,751.8708176877896,-106.90587429124243,-106.90587429124243,-106.90587429124243,0,0,0,4825.6778425386965,8572.355787775125,2529.9118042098144,2529.9118042098144,6690.5997059639
2025-01-29T00:00:00Z,2530.1475563878666,1876.2858570653943,1876.2858570653943,1876.2858570653943,0,0,0,-2504.051311748948,-2504.051311748948,-2504.051311748948,-2504.051311748948,-2504.051311748948,-2504.051311748948,0,0,0,0,0,0,0,0,0,3639.551040629446,3639.551040629446,3639.551040629446,0,0,0,0,0,0,785.6068199369579,785.6068199369579,785.6068199369579,-44.8206917520616,-44.8206917520616,-44.8206917520616,0,0,0,2396.5683047024595,6244.11108026547,2530.1475563878666,2530.1475563878666,4406.433413453261
2025-01-30T00:00:00Z,2530.383308565919,965.7081430976067,965.7081430976067,965.7081430976067,0,0,0,-2504.051311748948,-2504.051311748948,-2504.051311748948,-2504.051311748948,-2504.051311748948,-2504.051311748948,0,0,0,0,0,0,0,0,0,2645.3566530240437,2645.3566530240437,2645.3566530240437,0,0,0,0,0,0,812.1740657433553,812.1740657433553,812.1740657433553,12.228736079155917,12.228736079155917,12.228736079155917,0,0,0,1508.3221809348333,5407.37939561794,2530.383308565919,2530.383308565919,3496.0914516635257
2025-01-31T00:00:00Z,2530.6190607439717,1746.1636450518724,1746.1636450518724,1746.1636450518724,0,0,0,0,0,0,0,0,0,0,0,0,0,0,0,0,0,0,903.7440624917036,903.7440624917036,903.7440624917036,0,0,0,0,0,0,779.4799552356529,779.4799552356529,779.4799552356529,62.939627324515705,62.939627324515705,62.939627324515705,0,0,0,2368.0686587999285,6156.923150517563,2530.6190607439717,2530.6190607439717,4276.782705795844
2025-02-01T00:00:00Z,2530.854812922024,-3920.6655486912696,-3920.6655486912696,-3920.6655486912696,0,0,0,0,0,0,-1767.1012203123178,-1767.1012203123178,-1767.1012203123178,0,0,0,0,0,0,-1767.1012203123178,-1767.1012203123178,-1767.1012203123178,-793.6149676352376,-793.6149676352376,-793.6149676352376,0,0,0,0,0,0,-1466.141535413712,-1466.141535413712,-1466.141535413712,106.19217466999868,106.19217466999868,106.19217466999868,0,0,0,-3303.8833217843235,605.0659300034931,2530.854812922024,2530.854812922024,-1389.8107357692456
2025-02-02T00:00:00Z,2531.090565100076,-3704.103776453212,-3704.103776453212,-3704.103776453212,0,0,0,0,0,0,0,0,0,0,0,0,0,0,0,0,0,0,-1774.8490451083287,-1774.8490451083287,-1774.8490451083287,0,0,0,0,0,0,-2070.330156385526,-2070.330156385526,-2070.330156385526,141.07542504064412,141.07542504064412,141.07542504064412,0,0,0,-3121.7871833271083,845.4851292705373,2531.090565100076,2531.090565100076,-1173.0132113531358
2025-02-03T00:00:00Z,2531.326317278129,-1331.7218789432482,-1331.7218789432482,-1331.7218789432482,0,0,0,0,0,0,0,0,0,0,0,0,0,0,0,0,0,0,-1905.9697467531387,-1905.9697467531387,-1905.9697467531387,0,0,0,0,0,0,407.3400332042055,407.3400332042055,407.3400332042055,166.90783460568477,166.90783460568477,166.90783460568477,0,0,0,-741.0367303783096,3057.3498343659244,2531.326317278129,2531.326317278129,1199.6044383348808
2025-02-04T00:00:00Z,2531.5620694561812,-635.6253233463968,-635.6253233463968,-635.6253233463968,0,0,0,0,0,0,0,0,0,0,0,0,0,0,0,0,0,0,-1570.7481450838063,-1570.7481450838063,-1570.7481450838063,0,0,0,0,0,0,751.8708176889663,751.8708176889663,751.8708176889663,183.25200404844338,183.25200404844338,183.25200404844338,0,0,0,-98.162997557585,3967.532095511995,2531.5620694561812,2531.5620694561812,1895.9367461097845
2025-02-05T00:00:00Z,2531.797821634234,-301.18539795131346,-301.18539795131346,-301.18539795131346,0,0,0,0,0,0,0,0,0,0,0,0,0,0,0,0,0,0,-1276.7154656599769,-1276.7154656599769,-1276.7154656599769,0,0,0,0,0,0,785.6068199372113,785.6068199372113,785.6068199372113,189.92324777145203,189.92324777145203,189.92324777145203,0,0,0,188.75705711026296,4115.707559991703,2531.797821634234,2531.797821634234,2230.6124236829205
2025-02-06T00:00:00Z,2532.0335738122862,-252.35891042246902,-252.35891042246902,-252.35891042246902,0,0,0,0,0,0,0,0,0,0,0,0,0,0,0,0,0,0,-1251.5247842016431,-1251.5247842016431,-1251.5247842016431,0,0,0,0,0,0,812.1740657441593,812.1740657441593,812.1740657441593,186.99180803501474,186.99180803501474,186.99180803501474,0,0,0,357.47157624625135,4335.528151832134,2532.0335738122862,2532.0335738122862,2279.6746633898174
2025-02-07T00:00:00Z,2532.2693259903385,-402.83198499460246,-402.83198499460246,-402.83198499460246,0,0,0,0,0,0,0,0,0,0,0,0,0,0,0,0,0,0,-1357.0906270628525,-1357.0906270628525,-1357.0906270628525,0,0,0,0,0,0,779.479955234064,779.479955234064,779.479955234064,174.77868683418598,174.77868683418598,174.77868683418598,0,0,0,240.2422082100059,4081.8629620921033,2532.2693259903385,2532.2693259903385,2129.437340995736
2025-02-08T00:00:00Z,2532.5050781683913,-2645.755671004606,-2645.755671004606,-2645.755671004606,0,0,0,0,0,0,0,0,0,0,0,0,0,0,0,0,0,0,-1333.4593659947568,-1333.4593659947568,-1333.4593659947568,0,0,0,0,0,0,-1466.1415354167123,-1466.1415354167123,-1466.1415354167123,153.84523040686298,153.84523040686298,153.84523040686298,0,0,0,-2108.7610330690213,1803.315212845253,2532.5050781683913,2532.5050781683913,-113.25059283621476
2025-02-09T00:00:00Z,2532.7408303464435,-3040.3401874388805,-3040.3401874388805,-3040.3401874388805,0,0,0,0,0,0,0,0,0,0,0,0,0,0,0,0,0,0,-1094.9867904669165,-1094.9867904669165,-1094.9867904669165,0,0,0,0,0,0,-2070.3301563866185,-2070.3301563866185,-2070.3301563866185,124.9767594146551,124.9767594146551,124.9767594146551,0,0,0,-2407.6213251153677,1409.3233169988794,2532.7408303464435,2532.7408303464435,-507.599357092437
2025-02-10T00:00:00Z,2532.976582524496,-299.9922694869323,-299.9922694869323,-299.9922694869323,0,0,0,0,0,0,0,0,0,0,0,0,0,0,0,0,0,0,-796.4929906588281,-796.4929906588281,-796.4929906588281,0,0,0,0,0,0,407.3400332048897,407.3400332048897,407.3400332048897,89.1606879670061,89.1606879670061,89.1606879670061,0,0,0,230.23178312647661,4187.62277465122,2532.976582524496,2532.976582524496,2232.9843130375634
2025-02-11T00:00:00Z,2533.2123347025486,-1610.6296304603384,-1610.6296304603384,-1610.6296304603384,0,0,0,0,0,0,-1767.1012203123178,-1767.1012203123178,-1767.1012203123178,0,0,0,0,0,0,-1767.1012203123178,-1767.1012203123178,-1767.1012203123178,-642.9589407077648,-642.9589407077648,-642.9589407077648,0,0,0,0,0,0,751.8708176886935,751.8708176886935,751.8708176886935,47.55971287105059,47.55971287105059,47.55971287105059,0,0,0,-978.8208965552927,2704.172067934164,2533.2123347025486,2533.2123347025486,922.5827042422102
2025-02-12T00:00:00Z,2533.448086880601,119.28444120284583,119.28444120284583,119.28444120284583,0,0,0,0,0,0,0,0,0,0,0,0,0,0,0,0,0,0,-667.8031559850516,-667.8031559850516,-667.8031559850516,0,0,0,0,0,0,785.6068199369673,785.6068199369673,785.6068199369673,1.4807772509299308,1.4807772509299308,1.4807772509299308,0,0,0,657.9040201682103,4447.114489871049,2533.448086880601,2533.448086880601,2652.7325280834466
2025-02-13T00:00:00Z,2533.683839058653,52.98201697439074,52.98201697439074,52.98201697439074,0,0,0,0,0,0,0,0,0,0,0,0,0,0,0,0,0,0,-711.5326656110426,-711.5326656110426,-711.5326656110426,0,0,0,0,0,0,812.1740657435413,812.1740657435413,812.1740657435413,-47.65938315810799,-47.65938315810799,-47.65938315810799,0,0,0,643.9603344096557,4519.259576977997,2533.683839058653,2533.683839058653,2586.665856033044
2025-02-14T00:00:00Z,2533.919591236706,73.1836397215123,73.1836397215123,73.1836397215123,0,0,0,0,0,0,0,0,0,0,0,0,0,0,0,0,0,0,-607.9250956965902,-607.9250956965902,-607.9250956965902,0,0,0,0,0,0,779.4799552324754,779.4799552324754,779.4799552324754,-98.37121981437284,-98.37121981437284,-98.37121981437284,0,0,0,593.4117291965617,4565.299607705457,2533.919591236706,2533.919591236706,2607.1032309582183
2025-02-15T00:00:00Z,2534.155343414758,-1983.7462199121392,-1983.7462199121392,-1983.7462199121392,0,0,0,0,0,0,0,0,0,0,0,0,0,0,0,0,0,0,-368.47375806851363,-368.47375806851363,-368.47375806851363,0,0,0,0,0,0,-1466.1415354197122,-1466.1415354197122,-1466.1415354197122,-149.13092642391317,-149.13092642391317,-149.13092642391317,0,0,0,-1564.0310923577103,2518.5429150292807,2534.155343414758,2534.155343414758,550.409123502619
2025-02-16T00:00:00Z,2534.391095592811,-2435.245979482564,-2435.245979482564,-2435.245979482564,0,0,0,0,0,0,0,0,0,0,0,0,0,0,0,0,0,0,-166.49623954713306,-166.49623954713306,-166.49623954713306,0,0,0,0,0,0,-2070.3301563896975,-2070.3301563896975,-2070.3301563896975,-198.41958354573396,-198.41958354573396,-198.41958354573396,0,0,0,-1872.6967013265005,2039.1481542854729,2534.391095592811,2534.391095592811,99.14511611024682
2025-02-17T00:00:00Z,2534.626847770863,21.837452594201356,21.837452594201356,21.837452594201356,0,0,0,0,0,0,0,0,0,0,0,0,0,0,0,0,0,0,-140.74068286379187,-140.74068286379187,-140.74068286379187,0,0,0,0,0,0,407.34003320662174,407.34003320662174,407.34003320662174,-244.76189774862846,-244.76189774862846,-244.76189774862846,0,0,0,570.3146929945942,4532.639236343974,2534.626847770863,2534.626847770863,2556.4643003650644
2025-02-18T00:00:00Z,2534.8625999489154,232.05528324335143,232.05528324335143,232.05528324335143,0,0,0,0,0,0,0,0,0,0,0,0,0,0,0,0,0,0,-233.0519777429349,-233.0519777429349,-233.0519777429349,0,0,0,0,0,0,751.8708176884209,751.8708176884209,751.8708176884209,-286.76355670213434,-286.76355670213434,-286.76355670213434,0,0,0,754.8190044981325,4881.576891787516,2534.8625999489154,2534.8625999489154,2766.917883192267
2025-02-19T00:00:00Z,2535.098352126968,221.39572459538914,221.39572459538914,221.39572459538914,0,0,0,0,0,0,0,0,0,0,0,0,0,0,0,0,0,0,-241.0648322498698,-241.0648322498698,-241.0648322498698,0,0,0,0,0,0,785.6068199373975,785.6068199373975,785.6068199373975,-323.1462630921387,-323.1462630921387,-323.1462630921387,0,0,0,758.53305261537,4625.523747457833,2535.098352126968,2535.098352126968,2756.4940767223575
2025-02-20T00:00:00Z,2535.3341043050204,422.15788716904166,422.15788716904166,422.15788716904166,0,0,0,0,0,0,0,0,0,0,0,0,0,0,0,0,0,0,-37.23660290898088,-37.23660290898088,-37.23660290898088,0,0,0,0,0,0,812.1740657457673,812.1740657457673,812.1740657457673,-352.77957566774495,-352.77957566774495,-352.77957566774495,0,0,0,872.8438989486377,4912.828331031773,2535.3341043050204,2535.3341043050204,2957.491991474062
2025-02-21T00:00:00Z,2535.569856483073,686.4877805581001,686.4877805581001,686.4877805581001,0,0,0,0,0,0,0,0,0,0,0,0,0,0,0,0,0,0,281.71659854392584,281.71659854392584,281.71659854392584,0,0,0,0,0,0,779.4799552391578,779.4799552391578,779.4799552391578,-374.7087732249835,-374.7087732249835,-374.7087732249835,0,0,0,1305.5352759801624,5270.304808529894,2535.569856483073,2535.569856483073,3222.057637041173
2025-02-22T00:00:00Z,2535.8056086611255,-1361.0193670192637,-1361.0193670192637,-1361.0193670192637,0,0,0,0,0,0,0,0,0,0,0,0,0,0,0,0,0,0,493.3002329019516,493.3002329019516,493.3002329019516,0,0,0,0,0,0,-1466.1415354187507,-1466.1415354187507,-1466.1415354187507,-388.17806450246417,-388.17806450246417,-388.17806450246417,0,0,0,-872.6311067235007,2977.5011134066035,2535.8056086611255,2535.8056086611255,1174.7862416418618
2025-02-23T00:00:00Z,2536.0413608391777,-1946.4898289079395,-1946.4898289079395,-1946.4898289079395,0,0,0,0,0,0,0,0,0,0,0,0,0,0,0,0,0,0,516.4889183693668,516.4889183693668,516.4889183693668,0,0,0,0,0,0,-2070.330156389109,-2070.330156389109,-2070.330156389109,-392.6485908881975,-392.6485908881975,-392.6485908881975,0,0,0,-1342.3052918585854,2411.1144440891426,2536.0413608391777,2536.0413608391777,589.5515319312383
2025-02-24T00:00:00Z,2536.2771130172305,588.5462498130803,588.5462498130803,588.5462498130803,0,0,0,0,0,0,0,0,0,0,0,0,0,0,0,0,0,0,569.0170228021685,569.0170228021685,569.0170228021685,0,0,0,0,0,0,407.3400332083539,407.3400332083539,407.3400332083539,-387.8108061974421,-387.8108061974421,-387.8108061974421,0,0,0,1202.9915563204215,4961.63470405996,2536.2771130172305,2536.2771130172305,3124.8233628303105
2025-02-25T00:00:00Z,2536.5128651952828,1389.3197680101928,1389.3197680101928,1389.3197680101928,0,0,0,0,0,0,0,0,0,0,0,0,0,0,0,0,0,0,1011.0399152066448,1011.0399152066448,1011.0399152066448,0,0,0,0,0,0,751.8708176881479,751.8708176881479,751.8708176881479,-373.5909648845998,-373.5909648845998,-373.5909648845998,0,0,0,2003.2511548415278,5894.198515593687,2536.5128651952828,2536.5128651952828,3925.8326332054758
2025-02-26T00:00:00Z,2536.748617373335,2407.5720815372742,2407.5720815372742,2407.5720815372742,0,0,0,0,0,0,0,0,0,0,0,0,0,0,0,0,0,0,1972.1168646214646,1972.1168646214646,1972.1168646214646,0,0,0,0,0,0,785.6068199364802,785.6068199364802,785.6068199364802,-350.15160302067073,-350.15160302067073,-350.15160302067073,0,0,0,2984.8182986536167,7056.338198525972,2536.748617373335,2536.748617373335,4944.320698910609
2025-02-27T00:00:00Z,2536.9843695513878,3595.5066403524465,3595.5066403524465,3595.5066403524465,0,0,0,0,0,0,0,0,0,0,0,0,0,0,0,0,0,0,3101.2186257548788,3101.2186257548788,3101.2186257548788,0,0,0,0,0,0,812.174065742504,812.174065742504,812.174065742504,-317.8860511449366,-317.8860511449366,-317.8860511449366,0,0,0,3999.6567978544704,8123.546611729933,2536.9843695513878,2536.9843695513878,6132.491009903834
2025-02-28T00:00:00Z,2537.22012172944,4216.380718163722,4216.380718163722,4216.380718163722,0,0,0,0,0,0,0,0,0,0,0,0,0,0,0,0,0,0,3714.307933578815,3714.307933578815,3714.307933578815,0,0,0,0,0,0,779.4799552375689,779.4799552375689,779.4799552375689,-277.40717065266347,-277.40717065266347,-277.40717065266347,0,0,0,4759.072878190047,8724.521011193157,2537.22012172944,2537.22012172944,6753.600839893163
2025-03-01T00:00:00Z,2537.4558739074923,1578.3322253606002,1578.3322253606002,1578.3322253606002,0,0,0,0,0,0,0,0,0,0,0,0,0,0,0,0,0,0,3274.0044125032214,3274.0044125032214,3274.0044125032214,0,0,0,0,0,0,-1466.141535421751,-1466.141535421751,-1466.141535421751,-229.53065172087062,-229.53065172087062,-229.53065172087062,0,0,0,2053.3552871246147,6016.792690588922,2537.4558739074923,2537.4558739074923,4115.788099268093
2025-03-02T00:00:00Z,2537.691626085545,-423.00645572976856,-423.00645572976856,-423.00645572976856,0,0,0,0,0,0,0,0,0,0,0,0,0,0,0,0,0,0,1822.5770478126574,1822.5770478126574,1822.5770478126574,0,0,0,0,0,0,-2070.33015638684,-2070.33015638684,-2070.33015638684,-175.25334715558606,-175.25334715558606,-175.25334715558606,0,0,0,130.50219328825827,3927.670965282608,2537.691626085545,2537.691626085545,2114.6851703557763
2025-03-03T00:00:00Z,2537.9273782635973,289.74199024693434,289.74199024693434,289.74199024693434,0,0,0,0,0,0,0,0,0,0,0,0,0,0,0,0,0,0,-1.87080351162229,-1.87080351162229,-1.87080351162229,0,0,0,0,0,0,407.3400332018605,407.3400332018605,407.3400332018605,-115.72723944330376,-115.72723944330376,-115.72723944330376,0,0,0,816.9705346766091,4734.472460651537,2537.9273782635973,2537.9273782635973,2827.6693685105315
2025-03-04T00:00:00Z,2538.16313044165,-697.2884572912653,-697.2884572912653,-697.2884572912653,0,0,0,0,0,0,0,0,0,0,0,0,0,0,0,0,0,0,-1396.9295303319311,-1396.9295303319311,-1396.9295303319311,0,0,0,0,0,0,751.8708176893248,751.8708176893248,751.8708176893248,-52.22974464865926,-52.22974464865926,-52.22974464865926,0,0,0,-201.5480396238999,3747.6727067572406,2538.16313044165,2538.16313044165,1840.8746731503848
2025-03-05T00:00:00Z,2538.3988826197024,-1131.8362673353506,-1131.8362673353506,-1131.8362673353506,0,0,0,0,0,0,0,0,0,0,0,0,0,0,0,0,0,0,-1931.3119433305922,-1931.3119433305922,-1931.3119433305922,0,0,0,0,0,0,785.6068199369104,785.6068199369104,785.6068199369104,13.868856058330824,13.868856058330824,13.868856058330824,0,0,0,-434.69132116760903,3414.312170874457,2538.3988826197024,2538.3988826197024,1406.5626152843518
2025-03-06T00:00:00Z,2538.6346347977546,-868.7905339060258,-868.7905339060258,-868.7905339060258,0,0,0,0,0,0,0,0,0,0,0,0,0,0,0,0,0,0,-1762.1046002784578,-1762.1046002784578,-1762.1046002784578,0,0,0,0,0,0,812.1740657433082,812.1740657433082,812.1740657433082,81.14000062912362,81.14000062912362,81.14000062912362,0,0,0,-382.6757613479106,3476.0010251618933,2538.6346347977546,2538.6346347977546,1669.8441008917289
2025-03-07T00:00:00Z,2538.8703869758074,-467.18634590327815,-467.18634590327815,-467.18634590327815,0,0,0,0,0,0,0,0,0,0,0,0,0,0,0,0,0,0,-1394.7988476540297,-1394.7988476540297,-1394.7988476540297,0,0,0,0,0,0,779.4799552359801,779.4799552359801,779.4799552359801,148.13254651477143,148.13254651477143,148.13254651477143,0,0,0,78.86825442675823,3943.006969342653,2538.8703869758074,2538.8703869758074,2071.684041072529
2025-03-08T00:00:00Z,2539.1061391538597,-2485.039124004815,-2485.039124004815,-2485.039124004815,0,0,0,0,0,0,0,0,0,0,0,0,0,0,0,0,0,0,-1232.3062569446518,-1232.3062569446518,-1232.3062569446518,0,0,0,0,0,0,-1466.1415354227702,-1466.1415354227702,-1466.1415354227702,213.40866836260693,213.40866836260693,213.40866836260693,0,0,0,-2028.3080745317677,2076.6467455234697,2539.1061391538597,2539.1061391538597,54.06701514904444
2025-03-09T00:00:00Z,2539.3418913319124,-3100.189612663178,-3100.189612663178,-3100.189612663178,0,0,0,0,0,0,0,0,0,0,0,0,0,0,0,0,0,0,-1305.4384952861253,-1305.4384952861253,-1305.4384952861253,0,0,0,0,0,0,-2070.330156387932,-2070.330156387932,-2070.330156387932,275.5790390108789,275.5790390108789,275.5790390108789,0,0,0,-2644.4010764384057,1411.2500121038452,2539.3418913319124,2539.3418913319124,-560.8477213312658
2025-03-10T00:00:00Z,2539.5776435099647,-632.4986194259765,-632.4986194259765,-632.4986194259765,0,0,0,0,0,0,0,0,0,0,0,0,0,0,0,0,0,0,-1373.1750608726145,-1373.1750608726145,-1373.1750608726145,0,0,0,0,0,0,407.3400332025445,407.3400332025445,407.3400332025445,333.3364082440935,333.3364082440935,333.3364082440935,0,0,0,-46.4688990725448,3761.661774780005,2539.5776435099647,2539.5776435099647,1907.0790240839883
2025-03-11T00:00:00Z,2539.813395688017,-98.32522891351084,-98.32522891351084,-98.32522891351084,0,0,0,0,0,0,0,0,0,0,0,0,0,0,0,0,0,0,-1235.6827915483498,-1235.6827915483498,-1235.6827915483498,0,0,0,0,0,0,751.8708176888446,751.8708176888446,751.8708176888446,385.4867449459948,385.4867449459948,385.4867449459948,0,0,0,528.4013151328971,4198.564665872389,2539.813395688017,2539.813395688017,2441.488166774506
2025-03-12T00:00:00Z,2540.0491478660692,278.1446313258588,278.1446313258588,278.1446313258588,0,0,0,0,0,0,0,0,0,0,0,0,0,0,0,0,0,0,-938.4393691932821,-938.4393691932821,-938.4393691932821,0,0,0,0,0,0,785.6068199373408,785.6068199373408,785.6068199373408,430.97718058180044,430.97718058180044,430.97718058180044,0,0,0,762.130658594654,4812.910368243212,2540.0491478660692,2540.0491478660692,2818.193779191928
2025-03-13T00:00:00Z,2540.284900040196,587.1511412689484,587.1511412689484,587.1511412689484,0,0,0,0,0,0,0,0,0,0,0,0,0,0,0,0,0,0,-693.9430076956496,-693.9430076956496,-693.9430076956496,0,0,0,0,0,0,812.1740657441121,812.1740657441121,812.1740657441121,468.9200832204861,468.9200832204861,468.9200832204861,0,0,0,1245.5724661249078,5061.978838636418,2540.284900040196,2540.284900040196,3127.4360413091445
2025-03-14T00:00:00Z,2540.5206522143226,638.0231969273588,638.0231969273588,638.0231969273588,0,0,0,0,0,0,0,0,0,0,0,0,0,0,0,0,0,0,-640.0694572997642,-640.0694572997642,-640.0694572997642,0,0,0,0,0,0,779.4799552343915,779.4799552343915,779.4799552343915,498.6126989927318,498.6126989927318,498.6126989927318,0,0,0,1287.9386517469534,5280.187950050702,2540.5206522143226,2540.5206522143226,3178.543849141681
2025-03-15T00:00:00Z,2540.7564043884495,-1646.9449227533237,-1646.9449227533237,-1646.9449227533237,0,0,0,0,0,0,0,0,0,0,0,0,0,0,0,0,0,0,-700.3553062718815,-700.3553062718815,-700.3553062718815,0,0,0,0,0,0,-1466.1415354156925,-1466.1415354156925,-1466.1415354156925,519.5519189342506,519.5519189342506,519.5519189342506,0,0,0,-973.1709226694928,3054.280979570753,2540.7564043884495,2540.7564043884495,893.8114816351258
2025-03-16T00:00:00Z,2540.9921565625755,-2221.5119482316813,-2221.5119482316813,-2221.5119482316813,0,0,0,0,0,0,0,0,0,0,0,0,0,0,0,0,0,0,-682.6256521216866,-682.6256521216866,-682.6256521216866,0,0,0,0,0,0,-2070.3301563856635,-2070.3301563856635,-2070.3301563856635,531.4438602756686,531.4438602756686,531.4438602756686,0,0,0,-1626.072700149832,2299.7335652202514,2540.9921565625755,2540.9921565625755,319.48020833089413
2025-03-17T00:00:00Z,2541.2279087367024,445.2385523458856,445.2385523458856,445.2385523458856,0,0,0,0,0,0,0,0,0,0,0,0,0,0,0,0,0,0,-496.309569687569,-496.309569687569,-496.309569687569,0,0,0,0,0,0,407.34003320427655,407.34003320427655,407.34003320427655,534.2080888291781,534.2080888291781,534.2080888291781,0,0,0,1106.7491683680673,4924.458926497446,2541.2279087367024,2541.2279087367024,2986.466461082588
2025-03-18T00:00:00Z,2541.463660910829,-737.8793793473537,-737.8793793473537,-737.8793793473537,0,0,0,0,0,0,-1767.1012203123178,-1767.1012203123178,-1767.1012203123178,0,0,0,0,0,0,-1767.1012203123178,-1767.1012203123178,-1767.1012203123178,-250.62542622416876,-250.62542622416876,-250.62542622416876,0,0,0,0,0,0,751.8708176887791,751.8708176887791,751.8708176887791,527.9764495003537,527.9764495003537,527.9764495003537,0,0,0,-61.999743700049855,3862.9554593223247,2541.463660910829,2541.463660910829,1803.584281563475
2025-03-19T00:00:00Z,2541.6994130849557,1168.6884576832863,1168.6884576832863,1168.6884576832863,0,0,0,0,0,0,0,0,0,0,0,0,0,0,0,0,0,0,-130.00497363297563,-130.00497363297563,-130.00497363297563,0,0,0,0,0,0,785.6068199370974,785.6068199370974,785.6068199370974,513.0866113791644,513.0866113791644,513.0866113791644,0,0,0,1672.69016527317,5756.109546292702,2541.6994130849557,2541.6994130849557,3710.387870768242
2025-03-20T00:00:00Z,2541.935165259082,1118.6027561670885,1118.6027561670885,1118.6027561670885,0,0,0,0,0,0,0,0,0,0,0,0,0,0,0,0,0,0,-183.64187827087343,-183.64187827087343,-183.64187827087343,0,0,0,0,0,0,812.1740657422708,812.1740657422708,812.1740657422708,490.0705686956913,490.0705686956913,490.0705686956913,0,0,0,1763.5463848433983,5646.669442200293,2541.935165259082,2541.935165259082,3660.5379214261707
2025-03-21T00:00:00Z,2542.170917433209,979.0563880652174,979.0563880652174,979.0563880652174,0,0,0,0,0,0,0,0,0,0,0,0,0,0,0,0,0,0,-260.0620328056157,-260.0620328056157,-260.0620328056157,0,0,0,0,0,0,779.4799552346911,779.4799552346911,779.4799552346911,459.638465636142,459.638465636142,459.638465636142,0,0,0,1606.1199852741665,5460.683330437908,2542.170917433209,2542.170917433209,3521.2273054984266
2025-03-22T00:00:00Z,2542.4066696073355,-1208.506924739749,-1208.506924739749,-1208.506924739749,0,0,0,0,0,0,0,0,0,0,0,0,0,0,0,0,0,0,-165.02361771535845,-165.02361771535845,-165.02361771535845,0,0,0,0,0,0,-1466.141535416712,-1466.141535416712,-1466.141535416712,422.65822839232146,422.65822839232146,422.65822839232146,0,0,0,-613.0718303302534,3181.7998513333396,2542.4066696073355,2542.4066696073355,1333.8997448675866
2025-03-23T00:00:00Z,2542.642421781462,-1568.4967091518804,-1568.4967091518804,-1568.4967091518804,0,0,0,0,0,0,0,0,0,0,0,0,0,0,0,0,0,0,121.70185827737514,121.70185827737514,121.70185827737514,0,0,0,0,0,0,-2070.3301563833934,-2070.3301563833934,-2070.3301563833934,380.1315889541385,380.1315889541385,380.1315889541385,0,0,0,-978.8465535003111,2954.1653465956933,2542.642421781462,2542.642421781462,974.1457126295816
2025-03-24T00:00:00Z,2542.878173955589,1152.9450516429017,1152.9450516429017,1152.9450516429017,0,0,0,0,0,0,0,0,0,0,0,0,0,0,0,0,0,0,412.4378488792858,412.4378488792858,412.4378488792858,0,0,0,0,0,0,407.3400332060087,407.3400332060087,407.3400332060087,333.1671695576073,333.1671695576073,333.1671695576073,0,0,0,1662.9663478724917,5664.228466203529,2542.878173955589,2542.878173955589,3695.8232255984904
2025-03-25T00:00:00Z,2543.1139261297153,1556.4951970063614,1556.4951970063614,1556.4951970063614,0,0,0,0,0,0,0,0,0,0,0,0,0,0,0,0,0,0,521.6730169264248,521.6730169264248,521.6730169264248,0,0,0,0,0,0,751.8708176885063,751.8708176885063,751.8708176885063,282.95136239143034,282.95136239143034,282.95136239143034,0,0,0,2251.377546729501,5980.112078662203,2543.1139261297153,2543.1139261297153,4099.609123136077
2025-03-26T00:00:00Z,2543.349678303842,1532.225211149225,1532.225211149225,1532.225211149225,0,0,0,0,0,0,0,0,0,0,0,0,0,0,0,0,0,0,515.9006065727463,515.9006065727463,515.9006065727463,0,0,0,0,0,0,785.6068199373502,785.6068199373502,785.6068199373502,230.71778463912804,230.71778463912804,230.71778463912804,0,0,0,2073.619389424316,5961.175563691925,2543.349678303842,2543.349678303842,4075.574889453067
2025-03-27T00:00:00Z,2543.5854304779687,1713.2624581208354,1713.2624581208354,1713.2624581208354,0,0,0,0,0,0,0,0,0,0,0,0,0,0,0,0,0,0,723.3722790893978,723.3722790893978,723.3722790893978,0,0,0,0,0,0,812.174065741653,812.174065741653,812.174065741653,177.71611328978454,177.71611328978454,177.71611328978454,0,0,0,2392.598893523806,6062.144252613803,2543.5854304779687,2543.5854304779687,4256.847888598804
2025-03-28T00:00:00Z,2543.8211826520956,2341.541093139851,2341.541093139851,2341.541093139851,0,0,0,0,0,0,0,0,0,0,0,0,0,0,0,0,0,0,1436.880030866791,1436.880030866791,1436.880030866791,0,0,0,0,0,0,779.4799552312137,779.4799552312137,779.4799552312137,125.18110704184566,125.18110704184566,125.18110704184566,0,0,0,2894.8473658629346,6855.540245640076,2543.8211826520956,2543.8211826520956,4885.362275791947
2025-03-29T00:00:00Z,2544.0569348262215,1163.4876423390533,1163.4876423390533,1163.4876423390533,0,0,0,0,0,0,0,0,0,0,0,0,0,0,0,0,0,0,2555.3265734728225,2555.3265734728225,2555.3265734728225,0,0,0,0,0,0,-1466.141535419712,-1466.141535419712,-1466.141535419712,74.30260428594336,74.30260428594336,74.30260428594336,0,0,0,1877.0089806812443,5543.850381850537,2544.0569348262215,2544.0569348262215,3707.544577165275
2025-03-30T00:00:00Z,2544.2926870003485,1471.5900493643778,1471.5900493643778,1471.5900493643778,0,0,0,0,0,0,0,0,0,0,0,0,0,0,0,0,0,0,3515.72295835824,3515.72295835824,3515.72295835824,0,0,0,0,0,0,-2070.330156384486,-2070.330156384486,-2070.330156384486,26.197247390624103,26.197247390624103,26.197247390624103,0,0,0,2032.1927110290421,5978.6191418093995,2544.2926870003485,2544.2926870003485,4015.882736364726
2025-03-31T00:00:00Z,2544.528439174475,1304.4083094560272,1304.4083094560272,1304.4083094560272,0,0,0,0,0,0,-2724.3653900430054,-2724.3653900430054,-2724.3653900430054,0,0,0,0,0,0,0,0,0,3639.551040630599,3639.551040630599,3639.551040630599,0,0,0,-2724.3653900430054,-2724.3653900430054,-2724.3653900430054,407.3400331995152,407.3400331995152,407.3400331995152,-18.117374331080068,-18.117374331080068,-18.117374331080068,0,0,0,2002.440764570621,5788.145498998894,2544.528439174475,2544.528439174475,3848.936748630502
2025-04-01T00:00:00Z,2544.764191348602,420.9393517343544,420.9393517343544,420.9393517343544,0,0,0,0,0,0,-2918.5425732747135,-2918.5425732747135,-2918.5425732747135,0,0,0,0,0,0,0,0,0,2645.356653023296,2645.356653023296,2645.356653023296,0,0,0,-2918.5425732747135,-2918.5425732747135,-2918.5425732747135,751.8708176882337,751.8708176882337,751.8708176882337,-57.74554570246238,-57.74554570246238,-57.74554570246238,0,0,0,860.1547348824025,4899.692563494098,2544.764191348602,2544.764191348602,2965.703543082956
2025-04-02T00:00:00Z,2544.9999435227287,536.7764984378427,536.7764984378427,536.7764984378427,0,0,0,0,0,0,-1060.6417003709078,-1060.6417003709078,-1060.6417003709078,0,0,0,0,0,0,0,0,0,903.7440624956027,903.7440624956027,903.7440624956027,0,0,0,-1060.6417003709078,-1060.6417003709078,-1060.6417003709078,785.6068199371068,785.6068199371068,785.6068199371068,-91.93268362395891,-91.93268362395891,-91.93268362395891,0,0,0,1243.617504810925,5214.098157166471,2544.9999435227287,2544.9999435227287,3081.7764419605714
2025-04-03T00:00:00Z,2545.2356956968547,-1547.7641508649526,-1547.7641508649526,-1547.7641508649526,0,0,0,0,0,0,-1446.2426418449136,-1446.2426418449136,-1446.2426418449136,0,0,0,0,0,0,0,0,0,-793.6149676319378,-793.6149676319378,-793.6149676319378,0,0,0,-1446.2426418449136,-1446.2426418449136,-1446.2426418449136,812.1740657438792,812.1740657438792,812.1740657438792,-120.08060713198051,-120.08060713198051,-120.08060713198051,0,0,0,-827.0442670304035,2923.592682121055,2545.2356956968547,2545.2356956968547,997.4715448319021
2025-04-04T00:00:00Z,2545.4714478709816,-2191.058076984924,-2191.058076984924,-2191.058076984924,0,0,0,0,0,0,-1053.9304804193164,-1053.9304804193164,-1053.9304804193164,0,0,0,0,0,0,0,0,0,-1774.8490451071252,-1774.8490451071252,-1774.8490451071252,0,0,0,-1053.9304804193164,-1053.9304804193164,-1053.9304804193164,779.4799552315135,779.4799552315135,779.4799552315135,-141.75850668999536,-141.75850668999536,-141.75850668999536,0,0,0,-1659.3959377031908,2136.4462039429936,2545.4714478709816,2545.4714478709816,354.4133708860577
2025-04-05T00:00:00Z,2545.707200045108,-3668.4896345677826,-3668.4896345677826,-3668.4896345677826,0,0,0,0,0,0,-139.66893441936705,-139.66893441936705,-139.66893441936705,0,0,0,0,0,0,0,0,0,-1905.9697467535498,-1905.9697467535498,-1905.9697467535498,0,0,0,-139.66893441936705,-139.66893441936705,-139.66893441936705,-1466.141535420731,-1466.141535420731,-1466.141535420731,-156.709417974134,-156.709417974134,-156.709417974134,0,0,0,-3086.9184363882614,776.5601690624916,2545.707200045108,2545.707200045108,-1122.7824345226745
2025-04-06T00:00:00Z,2545.942952219235,-3854.5673613030717,-3854.5673613030717,-3854.5673613030717,0,0,0,0,0,0,-48.636933243033084,-48.636933243033084,-48.636933243033084,0,0,0,0,0,0,0,0,0,-1570.7481450837258,-1570.7481450837258,-1570.7481450837258,0,0,0,-48.636933243033084,-48.636933243033084,-48.636933243033084,-2070.3301563875652,-2070.3301563875652,-2070.3301563875652,-164.85212658874772,-164.85212658874772,-164.85212658874772,0,0,0,-3291.701120450335,615.2556396532024,2545.942952219235,2545.942952219235,-1308.6244090838368
2025-04-07T00:00:00Z,2546.1787043933614,-2574.580326716399,-2574.580326716399,-2574.580326716399,0,0,0,0,0,0,-1538.9263432042626,-1538.9263432042626,-1538.9263432042626,0,0,0,0,0,0,0,0,0,-1276.715465659175,-1276.715465659175,-1276.715465659175,0,0,0,-1538.9263432042626,-1538.9263432042626,-1538.9263432042626,407.34003320019934,407.34003320019934,407.34003320019934,-166.27855105316115,-166.27855105316115,-166.27855105316115,0,0,0,-1847.4814090123693,1936.2347435217148,2546.1787043933614,2546.1787043933614,-28.401622323037827
2025-04-08T00:00:00Z,2546.4144565674883,-1816.7067240106198,-1816.7067240106198,-1816.7067240106198,0,0,0,0,0,0,-1155.8059886669942,-1155.8059886669942,-1155.8059886669942,0,0,0,0,0,0,0,0,0,-1251.5247842038564,-1251.5247842038564,-1251.5247842038564,0,0,0,-1155.8059886669942,-1155.8059886669942,-1155.8059886669942,751.8708176879611,751.8708176879611,751.8708176879611,-161.24676882773062,-161.24676882773062,-161.24676882773062,0,0,0,-1100.4095046514385,2725.912647148502,2546.4144565674883,2546.4144565674883,729.70773255686845
2025-04-09T00:00:00Z,2546.6502087416147,-721.6537681203341,-721.6537681203341,-721.6537681203341,0,0,0,0,0,0,0,0,0,0,0,0,0,0,0,0,0,0,-1357.0906270630376,-1357.0906270630376,-1357.0906270630376,0,0,0,0,0,0,785.606819937537,785.606819937537,785.606819937537,-150.16996099483367,-150.16996099483367,-150.16996099483367,0,0,0,-164.0103767866369,3805.078195059021,2546.6502087416147,2546.6502087416147,1824.9964406212807
2025-04-10T00:00:00Z,2546.8859609157416,-654.8869528947982,-654.8869528947982,-654.8869528947982,0,0,0,0,0,0,0,0,0,0,0,0,0,0,0,0,0,0,-1333.459365994869,-1333.459365994869,-1333.459365994869,0,0,0,0,0,0,812.174065743261,812.174065743261,812.174065743261,-133.60165264319045,-133.60165264319045,-133.60165264319045,0,0,0,54.93385361618986,3838.3773528013826,2546.8859609157416,2546.8859609157416,1891.9990080209434
2025-04-11T00:00:00Z,2547.121713089868,-427.72455069030593,-427.72455069030593,-427.72455069030593,0,0,0,0,0,0,0,0,0,0,0,0,0,0,0,0,0,0,-1094.986790468799,-1094.986790468799,-1094.986790468799,0,0,0,0,0,0,779.4799552363072,779.4799552363072,779.4799552363072,-112.21771545781435,-112.21771545781435,-112.21771545781435,0,0,0,349.1341788749387,4081.480663678354,2547.121713089868,2547.121713089868,2119.397162399562
2025-04-12T00:00:00Z,2547.3574652639945,-2349.43020040794,-2349.43020040794,-2349.43020040794,0,0,0,0,0,0,0,0,0,0,0,0,0,0,0,0,0,0,-796.4929906580122,-796.4929906580122,-796.4929906580122,0,0,0,0,0,0,-1466.1415354217506,-1466.1415354217506,-1466.1415354217506,-86.79567432817728,-86.79567432817728,-86.79567432817728,0,0,0,-1795.7949971211162,2122.619262707496,2547.3574652639945,2547.3574652639945,197.92726485605453
2025-04-13T00:00:00Z,2547.5932174381214,-2771.481016263901,-2771.481016263901,-2771.481016263901,0,0,0,0,0,0,0,0,0,0,0,0,0,0,0,0,0,0,-642.9589407056507,-642.9589407056507,-642.9589407056507,0,0,0,0,0,0,-2070.330156386977,-2070.330156386977,-2070.330156386977,-58.19191917127388,-58.19191917127388,-58.19191917127388,0,0,0,-2118.611683440013,1726.4386867881885,2547.5932174381214,2547.5932174381214,-223.88779882577956
2025-04-14T00:00:00Z,2547.828969612248,-287.7805881380167,-287.7805881380167,-287.7805881380167,0,0,0,0,0,0,0,0,0,0,0,0,0,0,0,0,0,0,-667.8031559861785,-667.8031559861785,-667.8031559861785,0,0,0,0,0,0,407.3400332029793,407.3400332029793,407.3400332029793,-27.317465354817834,-27.317465354817834,-27.317465354817834,0,0,0,228.2382480092148,4162.850747380051,2547.828969612248,2547.828969612248,2260.048381474231
2025-04-15T00:00:00Z,2548.064721786375,45.22522181532478,45.22522181532478,45.22522181532478,0,0,0,0,0,0,0,0,0,0,0,0,0,0,0,0,0,0,-711.5326656102155,-711.5326656102155,-711.5326656102155,0,0,0,0,0,0,751.870817687896,751.870817687896,751.870817687896,4.887069737644581,4.887069737644581,4.887069737644581,0,0,0,697.6573945272074,4424.679976117115,2548.064721786375,2548.064721786375,2593.2899436016996
2025-04-16T00:00:00Z,2548.3004739605008,215.1583248540146,215.1583248540146,215.1583248540146,0,0,0,0,0,0,0,0,0,0,0,0,0,0,0,0,0,0,-607.9250956959125,-607.9250956959125,-607.9250956959125,0,0,0,0,0,0,785.6068199371163,785.6068199371163,785.6068199371163,37.476600612810834,37.476600612810834,37.476600612810834,0,0,0,858.9710696187846,4820.339966074755,2548.3004739605008,2548.3004739605008,2763.4587988145154
2025-04-17T00:00:00Z,2548.5362261346277,513.2264646040568,513.2264646040568,513.2264646040568,0,0,0,0,0,0,0,0,0,0,0,0,0,0,0,0,0,0,-368.47375806956757,-368.47375806956757,-368.47375806956757,0,0,0,0,0,0,812.1740657426429,812.1740657426429,812.1740657426429,69.52615693098154,69.52615693098154,69.52615693098154,0,0,0,819.7233975873521,4869.496626837363,2548.5362261346277,2548.5362261346277,3061.7626907386843
2025-04-18T00:00:00Z,2548.771978308754,713.1380004072435,713.1380004072435,713.1380004072435,0,0,0,0,0,0,0,0,0,0,0,0,0,0,0,0,0,0,-166.49623954660956,-166.49623954660956,-166.49623954660956,0,0,0,0,0,0,779.4799552347184,779.4799552347184,779.4799552347184,100.1542847191346,100.1542847191346,100.1542847191346,0,0,0,1371.7557300868891,5239.469758946708,2548.771978308754,2548.771978308754,3261.9099787159976
2025-04-19T00:00:00Z,2549.007730482881,-1478.3375381946098,-1478.3375381946098,-1478.3375381946098,0,0,0,0,0,0,0,0,0,0,0,0,0,0,0,0,0,0,-140.74068286446357,-140.74068286446357,-140.74068286446357,0,0,0,0,0,0,-1466.1415354227697,-1466.1415354227697,-1466.1415354227697,128.5446800926236,128.5446800926236,128.5446800926236,0,0,0,-963.2497530273348,3060.0005126450565,2549.007730482881,2549.007730482881,1070.6701922882712
2025-04-20T00:00:00Z,2549.2434826570075,-2149.416603413021,-2149.416603413021,-2149.416603413021,0,0,0,0,0,0,0,0,0,0,0,0,0,0,0,0,0,0,-233.05197774213167,-233.05197774213167,-233.05197774213167,0,0,0,0,0,0,-2070.3301563863884,-2070.3301563863884,-2070.3301563863884,153.9655307154984,153.9655307154984,153.9655307154984,0,0,0,-1567.4977196209459,2285.8341933355177,2549.2434826570075,2549.2434826570075,399.82687924398624
2025-04-21T00:00:00Z,2549.4792348311344,342.0613145949085,342.0613145949085,342.0613145949085,0,0,0,0,0,0,0,0,0,0,0,0,0,0,0,0,0,0,-241.06483225118012,-241.06483225118012,-241.06483225118012,0,0,0,0,0,0,407.34003320366367,407.34003320366367,407.34003320366367,175.786113642425,175.786113642425,175.786113642425,0,0,0,783.7709146269063,4907.878740126857,2549.4792348311344,2549.4792348311344,2891.540549426043
2025-04-22T00:00:00Z,2549.7149870052613,908.1244968561826,908.1244968561826,908.1244968561826,0,0,0,0,0,0,0,0,0,0,0,0,0,0,0,0,0,0,-37.236602912490596,-37.236602912490596,-37.236602912490596,0,0,0,0,0,0,751.870817688865,751.870817688865,751.870817688865,193.49028207980825,193.49028207980825,193.49028207980825,0,0,0,1612.2004217637432,5332.952162955599,2549.7149870052613,2549.7149870052613,3457.839483861444
2025-04-23T00:00:00Z,2549.9507391793873,1274.0099839752168,1274.0099839752168,1274.0099839752168,0,0,0,0,0,0,0,0,0,0,0,0,0,0,0,0,0,0,281.7165985426062,281.7165985426062,281.7165985426062,0,0,0,0,0,0,785.6068199375466,785.6068199375466,785.6068199375466,206.68656549506406,206.68656549506406,206.68656549506406,0,0,0,1975.4863107778365,5742.990276365618,2549.9507391793873,2549.9507391793873,3823.9607231546042
2025-04-24T00:00:00Z,2550.186491353514,1520.5890033361566,1520.5890033361566,1520.5890033361566,0,0,0,0,0,0,0,0,0,0,0,0,0,0,0,0,0,0,493.3002329020544,493.3002329020544,493.3002329020544,0,0,0,0,0,0,812.1740657434466,812.1740657434466,812.1740657434466,215.11470469065557,215.11470469065557,215.11470469065557,0,0,0,2014.1589048388612,6053.949122208377,2550.186491353514,2550.186491353514,4070.7754946896707
2025-04-25T00:00:00Z,2550.4222435276406,1514.6174168135801,1514.6174168135801,1514.6174168135801,0,0,0,0,0,0,0,0,0,0,0,0,0,0,0,0,0,0,516.488918368527,516.488918368527,516.488918368527,0,0,0,0,0,0,779.4799552331295,779.4799552331295,779.4799552331295,218.64854321192377,218.64854321192377,218.64854321192377,0,0,0,2230.3047270706056,5915.155735159104,2550.4222435276406,2550.4222435276406,4065.039660341221
2025-04-26T00:00:00Z,2550.6579957017675,-679.8292166505644,-679.8292166505644,-679.8292166505644,0,0,0,0,0,0,0,0,0,0,0,0,0,0,0,0,0,0,569.0170228018733,569.0170228018733,569.0170228018733,0,0,0,0,0,0,-1466.1415354257704,-1466.1415354257704,-1466.1415354257704,217.29529597333251,217.29529597333251,217.29529597333251,0,0,0,-110.43994952296411,3767.289012648419,2550.6579957017675,2550.6579957017675,1870.8287790512031
2025-04-27T00:00:00Z,2550.893747875894,-848.0989286188666,-848.0989286188666,-848.0989286188666,0,0,0,0,0,0,0,0,0,0,0,0,0,0,0,0,0,0,1011.0399152060793,1011.0399152060793,1011.0399152060793,0,0,0,0,0,0,-2070.330156391147,-2070.330156391147,-2070.330156391147,211.19131256620125,211.19131256620125,211.19131256620125,0,0,0,-299.9881176434143,3766.2416301240582,2550.893747875894,2550.893747875894,1702.7948192570275
2025-04-28T00:00:00Z,2551.1295000500204,2580.051441605824,2580.051441605824,2580.051441605824,0,0,0,0,0,0,0,0,0,0,0,0,0,0,0,0,0,0,1972.1168646239744,1972.1168646239744,1972.1168646239744,0,0,0,0,0,0,407.34003320434783,407.34003320434783,407.34003320434783,200.59454377750313,200.59454377750313,200.59454377750313,0,0,0,3335.777305545133,7016.332299467094,2551.1295000500204,2551.1295000500204,5131.180941655844
2025-04-29T00:00:00Z,2551.365252224147,4038.9634464691408,4038.9634464691408,4038.9634464691408,0,0,0,0,0,0,0,0,0,0,0,0,0,0,0,0,0,0,3101.218625753944,3101.218625753944,3101.218625753944,0,0,0,0,0,0,751.8708176885924,751.8708176885924,751.8708176885924,185.87400302660362,185.87400302660362,185.87400302660362,0,0,0,4584.648751181521,8491.134226147538,2551.365252224147,2551.365252224147,6590.328698693287
2025-04-30T00:00:00Z,2551.6010043982737,4667.411341149166,4667.411341149166,4667.411341149166,0,0,0,0,0,0,0,0,0,0,0,0,0,0,0,0,0,0,3714.307933578966,3714.307933578966,3714.307933578966,0,0,0,0,0,0,785.6068199373032,785.6068199373032,785.6068199373032,167.49658763289824,167.49658763289824,167.49658763289824,0,0,0,5344.929683967088,9223.58822806949,2551.6010043982737,2551.6010043982737,7219.01234554744
2025-05-01T00:00:00Z,2551.8367565724006,2465.088944200759,2465.088944200759,2465.088944200759,0,0,0,0,0,0,-1767.1012203123178,-1767.1012203123178,-1767.1012203123178,0,0,0,0,0,0,-1767.1012203123178,-1767.1012203123178,-1767.1012203123178,3274.004412502367,3274.004412502367,3274.004412502367,0,0,0,0,0,0,812.1740657442509,812.1740657442509,812.1740657442509,146.01168626645924,146.01168626645924,146.01168626645924,0,0,0,3224.227204320675,7120.013912066352,2551.8367565724006,2551.8367565724006,5016.925700773159
2025-05-02T00:00:00Z,2552.0726328403043,2724.0910502607203,2724.0910502607203,2724.0910502607203,0,0,0,0,0,0,0,0,0,0,0,0,0,0,0,0,0,0,1822.5770478163233,1822.5770478163233,1822.5770478163233,0,0,0,0,0,0,779.4799552334295,779.4799552334295,779.4799552334295,122.03404721096787,122.03404721096787,122.03404721096787,0,0,0,3304.477174704375,7111.808306653266,2552.0726328403043,2552.0726328403043,5276.163683101025
2025-05-03T00:00:00Z,2552.308509108208,-1371.7869227625522,-1371.7869227625522,-1371.7869227625522,0,0,0,0,0,0,0,0,0,0,0,0,0,0,0,0,0,0,-1.87080350785859,-1.87080350785859,-1.87080350785859,0,0,0,0,0,0,-1466.1415354167111,-1466.1415354167111,-1466.1415354167111,96.22541616201755,96.22541616201755,96.22541616201755,0,0,0,-682.3801791088564,3289.8999673060807,2552.308509108208,2552.308509108208,1180.5215863456558
2025-05-04T00:00:00Z,2552.5443853761117,-3397.984215122584,-3397.984215122584,-3397.984215122584,0,0,0,0,0,0,0,0,0,0,0,0,0,0,0,0,0,0,-1396.9295303293404,-1396.9295303293404,-1396.9295303293404,0,0,0,0,0,0,-2070.330156388878,-2070.330156388878,-2070.330156388878,69.27547159563497,69.27547159563497,69.27547159563497,0,0,0,-2822.8809553380775,1057.4917821683448,2552.5443853761117,2552.5443853761117,-845.4398297464722
2025-05-05T00:00:00Z,2552.7802616440154,-1482.0893200134553,-1482.0893200134553,-1482.0893200134553,0,0,0,0,0,0,0,0,0,0,0,0,0,0,0,0,0,0,-1931.311943330262,-1931.311943330262,-1931.311943330262,0,0,0,0,0,0,407.34003320712793,407.34003320712793,407.34003320712793,41.88259010967892,41.88259010967892,41.88259010967892,0,0,0,-780.3509974439372,3065.6136137148383,2552.7802616440154,2552.7802616440154,1070.69094163056
2025-05-06T00:00:00Z,2553.016137911919,-995.4988187831085,-995.4988187831085,-995.4988187831085,0,0,0,0,0,0,0,0,0,0,0,0,0,0,0,0,0,0,-1762.1046002774046,-1762.1046002774046,-1762.1046002774046,0,0,0,0,0,0,751.8708176883194,751.8708176883194,751.8708176883194,14.734963805977504,14.734963805977504,14.734963805977504,0,0,0,-279.3868349696953,3397.085532458297,2553.016137911919,2553.016137911919,1557.5173191288104
2025-05-07T00:00:00Z,2553.2520141798227,-620.699460314455,-620.699460314455,-620.699460314455,0,0,0,0,0,0,0,0,0,0,0,0,0,0,0,0,0,0,-1394.7988476541295,-1394.7988476541295,-1394.7988476541295,0,0,0,0,0,0,785.6068199370593,785.6068199370593,785.6068199370593,-11.507432597384941,-11.507432597384941,-11.507432597384941,0,0,0,-8.667091662972764,3839.4352062309845,2553.2520141798227,2553.2520141798227,1932.5525538653678
2025-05-08T00:00:00Z,2553.487890447726,-456.3617558222233,-456.3617558222233,-456.3617558222233,0,0,0,0,0,0,0,0,0,0,0,0,0,0,0,0,0,0,-1232.3062569430983,-1232.3062569430983,-1232.3062569430983,0,0,0,0,0,0,812.1740657424098,812.1740657424098,812.1740657424098,-36.22956462153443,-36.22956462153443,-36.22956462153443,0,0,0,17.626307857934304,3954.984322737577,2553.487890447726,2553.487890447726,2097.126134625503
2025-05-09T00:00:00Z,2553.7237667156296,-584.8348796267218,-584.8348796267218,-584.8348796267218,0,0,0,0,0,0,0,0,0,0,0,0,0,0,0,0,0,0,-1305.43849528445,-1305.43849528445,-1305.43849528445,0,0,0,0,0,0,779.479955233729,779.479955233729,779.479955233729,-58.87633957600097,-58.87633957600097,-58.87633957600097,0,0,0,0.44890715324744407,3945.4773076087617,2553.7237667156296,2553.7237667156296,1968.8888870889077
2025-05-10T00:00:00Z,2553.9596429835337,-2918.282130813127,-2918.282130813127,-2918.282130813127,0,0,0,0,0,0,0,0,0,0,0,0,0,0,0,0,0,0,-1373.1750608734192,-1373.1750608734192,-1373.1750608734192,0,0,0,0,0,0,-1466.1415354197118,-1466.1415354197118,-1466.1415354197118,-78.96553451999701,-78.96553451999701,-78.96553451999701,0,0,0,-2334.2947218414033,1547.1017793261008,2553.9596429835337,2553.9596429835337,-364.32248782959323
2025-05-11T00:00:00Z,2554.195519251437,-3402.111313354966,-3402.111313354966,-3402.111313354966,0,0,0,0,0,0,0,0,0,0,0,0,0,0,0,0,0,0,-1235.6827915488898,-1235.6827915488898,-1235.6827915488898,0,0,0,0,0,0,-2070.33015638829,-2070.33015638829,-2070.33015638829,-96.09836541778644,-96.09836541778644,-96.09836541778644,0,0,0,-2784.923938296561,1094.5999839905598,2554.195519251437,2554.195519251437,-847.9157941035292
2025-05-12T00:00:00Z,2554.4313955193406,-2408.168041597826,-2408.168041597826,-2408.168041597826,0,0,0,0,0,0,-1767.1012203123178,-1767.1012203123178,-1767.1012203123178,0,0,0,0,0,0,-1767.1012203123178,-1767.1012203123178,-1767.1012203123178,-938.4393691916954,-938.4393691916954,-938.4393691916954,0,0,0,0,0,0,407.3400332078119,407.3400332078119,407.3400332078119,-109.9674853016251,-109.9674853016251,-109.9674853016251,0,0,0,-1820.1019011655053,2087.1733436894388,2554.4313955193406,2554.4313955193406,146.26335392151486
2025-05-13T00:00:00Z,2554.6672717872448,-62.43446607501595,-62.43446607501595,-62.43446607501595,0,0,0,0,0,0,0,0,0,0,0,0,0,0,0,0,0,0,-693.9430076974229,-693.9430076974229,-693.9430076974229,0,0,0,0,0,0,751.8708176882542,751.8708176882542,751.8708176882542,-120.36227606584731,-120.36227606584731,-120.36227606584731,0,0,0,515.8352702569771,4416.207336647955,2554.6672717872448,2554.6672717872448,2492.232805712229
2025-05-14T00:00:00Z,2554.9031480551484,18.36598579666843,18.36598579666843,18.36598579666843,0,0,0,0,0,0,0,0,0,0,0,0,0,0,0,0,0,0,-640.0694573012516,-640.0694573012516,-640.0694573012516,0,0,0,0,0,0,785.6068199368157,785.6068199368157,785.6068199368157,-127.17137683889572,-127.17137683889572,-127.17137683889572,0,0,0,550.6292947287554,4579.388065171019,2554.9031480551484,2554.9031480551484,2573.269133851817
2025-05-15T00:00:00Z,2555.1390243230517,-18.563710005586803,-18.563710005586803,-18.563710005586803,0,0,0,0,0,0,0,0,0,0,0,0,0,0,0,0,0,0,-700.3553062723835,-700.3553062723835,-700.3553062723835,0,0,0,0,0,0,812.1740657417914,812.1740657417914,812.1740657417914,-130.38246947499513,-130.38246947499513,-130.38246947499513,0,0,0,675.8672319497141,4405.019686645113,2555.1390243230517,2555.1390243230517,2536.5753143174647
2025-05-16T00:00:00Z,2555.3749005909553,-33.22511331959727,-33.22511331959727,-33.22511331959727,0,0,0,0,0,0,0,0,0,0,0,0,0,0,0,0,0,0,-682.6256521216849,-682.6256521216849,-682.6256521216849,0,0,0,0,0,0,779.4799552302518,779.4799552302518,779.4799552302518,-130.0794164281641,-130.0794164281641,-130.0794164281641,0,0,0,654.6655927520928,4511.091570617466,2555.3749005909553,2555.3749005909553,2522.149787271358
2025-05-17T00:00:00Z,2555.610776858859,-2088.888021174076,-2088.888021174076,-2088.888021174076,0,0,0,0,0,0,0,0,0,0,0,0,0,0,0,0,0,0,-496.3095696896629,-496.3095696896629,-496.3095696896629,0,0,0,0,0,0,-1466.1415354207309,-1466.1415354207309,-1466.1415354207309,-126.43691606368208,-126.43691606368208,-126.43691606368208,0,0,0,-1364.1223836673976,2399.8754531970762,2555.610776858859,2555.610776858859,466.7227556847829
2025-05-18T00:00:00Z,2555.8466531267627,-2440.668486139955,-2440.668486139955,-2440.668486139955,0,0,0,0,0,0,0,0,0,0,0,0,0,0,0,0,0,0,-250.625426224151,-250.625426224151,-250.625426224151,0,0,0,0,0,0,-2070.330156387701,-2070.330156387701,-2070.330156387701,-119.71290352810254,-119.71290352810254,-119.71290352810254,0,0,0,-1925.7387951241844,1942.6671432031885,2555.8466531267627,2555.8466531267627,115.17816698680781
2025-05-19T00:00:00Z,2556.0825293946664,167.09607954361115,167.09607954361115,167.09607954361115,0,0,0,0,0,0,0,0,0,0,0,0,0,0,0,0,0,0,-130.00497363438063,-130.00497363438063,-130.00497363438063,0,0,0,0,0,0,407.34003320131836,407.34003320131836,407.34003320131836,-110.23898002332656,-110.23898002332656,-110.23898002332656,0,0,0,678.2133398392701,4499.023193128123,2556.0825293946664,2556.0825293946664,2723.1786089382776
2025-05-20T00:00:00Z,2556.31840566257,469.81974099970574,469.81974099970574,469.81974099970574,0,0,0,0,0,0,0,0,0,0,0,0,0,0,0,0,0,0,-183.64187827076105,-183.64187827076105,-183.64187827076105,0,0,0,0,0,0,751.8708176890163,751.8708176890163,751.8708176890163,-98.40919841854954,-98.40919841854954,-98.40919841854954,0,0,0,1237.2490160754446,5060.699324976294,2556.31840566257,2556.31840566257,3026.1381466622756
2025-05-21T00:00:00Z,2556.5542819304733,440.8772195437659,440.8772195437659,440.8772195437659,0,0,0,0,0,0,0,0,0,0,0,0,0,0,0,0,0,0,-260.06203280612186,-260.06203280612186,-260.06203280612186,0,0,0,0,0,0,785.6068199372463,785.6068199372463,785.6068199372463,-84.66756758735846,-84.66756758735846,-84.66756758735846,0,0,0,999.4554505287435,4889.958497122613,2556.5542819304733,2556.5542819304733,2997.431501474239
2025-05-22T00:00:00Z,2556.7901581983774,577.6557870222754,577.6557870222754,577.6557870222754,0,0,0,0,0,0,0,0,0,0,0,0,0,0,0,0,0,0,-165.02361771690659,-165.02361771690659,-165.02361771690659,0,0,0,0,0,0,812.1740657440179,812.1740657440179,812.1740657440179,-69.49466100483588,-69.49466100483588,-69.49466100483588,0,0,0,1098.4042493347656,4937.297261409986,2556.7901581983774,2556.7901581983774,3134.445945220653
2025-05-23T00:00:00Z,2557.026034466281,847.7880868289445,847.7880868289445,847.7880868289445,0,0,0,0,0,0,0,0,0,0,0,0,0,0,0,0,0,0,121.70185827785117,121.70185827785117,121.70185827785117,0,0,0,0,0,0,779.4799552305514,779.4799552305514,779.4799552305514,-53.39372667945796,-53.39372667945796,-53.39372667945796,0,0,0,1405.8874406616271,5231.293042892725,2557.026034466281,2557.026034466281,3404.8141212952255
2025-05-24T00:00:00Z,2557.2619107341843,-1090.5803819597331,-1090.5803819597331,-1090.5803819597331,0,0,0,0,0,0,0,0,0,0,0,0,0,0,0,0,0,0,412.4378488805224,412.4378488805224,412.4378488805224,0,0,0,0,0,0,-1466.141535413653,-1466.141535413653,-1466.141535413653,-36.87669542660242,-36.87669542660242,-36.87669542660242,0,0,0,-524.6989822544782,3365.5177222061075,2557.2619107341843,2557.2619107341843,1466.6815287744512
2025-05-25T00:00:00Z,2557.497787002088,-1569.107612669892,-1569.107612669892,-1569.107612669892,0,0,0,0,0,0,0,0,0,0,0,0,0,0,0,0,0,0,521.6730169260304,521.6730169260304,521.6730169260304,0,0,0,0,0,0,-2070.3301563871137,-2070.3301563871137,-2070.3301563871137,-20.450473208809495,-20.450473208809495,-20.450473208809495,0,0,0,-880.8096743362348,2874.8601188850525,2557.497787002088,2557.497787002088,988.390174332196
2025-05-26T00:00:00Z,2557.733663269992,918.6367583654612,918.6367583654612,918.6367583654612,0,0,0,0,0,0,0,0,0,0,0,0,0,0,0,0,0,0,515.9006065738049,515.9006065738049,515.9006065738049,0,0,0,0,0,0,407.34003320200264,407.34003320200264,407.34003320200264,-4.603881410346496,-4.603881410346496,-4.603881410346496,0,0,0,1589.2359252114172,5518.735700446502,2557.733663269992,2557.733663269992,3476.3704216354536
2025-05-27T00:00:00Z,2557.969539537896,1485.4475192968282,1485.4475192968282,1485.4475192968282,0,0,0,0,0,0,0,0,0,0,0,0,0,0,0,0,0,0,723.3722790895997,723.3722790895997,723.3722790895997,0,0,0,0,0,0,751.8708176889508,751.8708176889508,751.8708176889508,10.204422518277754,10.204422518277754,10.204422518277754,0,0,0,2069.119170310986,6082.071828295949,2557.969539537896,2557.969539537896,4043.4170588347242
2025-05-28T00:00:00Z,2558.205415805799,2246.0436022343943,2246.0436022343943,2246.0436022343943,0,0,0,0,0,0,0,0,0,0,0,0,0,0,0,0,0,0,1436.8800308681748,1436.8800308681748,1436.8800308681748,0,0,0,0,0,0,785.6068199370027,785.6068199370027,785.6068199370027,23.55675142921731,23.55675142921731,23.55675142921731,0,0,0,2865.4556596648235,6728.493697808286,2558.205415805799,2558.205415805799,4804.249018040193
2025-05-29T00:00:00Z,2558.4412920737027,3402.586315225278,3402.586315225278,3402.586315225278,0,0,0,0,0,0,0,0,0,0,0,0,0,0,0,0,0,0,2555.3265734705365,2555.3265734705365,2555.3265734705365,0,0,0,0,0,0,812.1740657433996,812.1740657433996,812.1740657433996,35.08567601134139,35.08567601134139,35.08567601134139,0,0,0,4118.277873653524,7862.122717909905,2558.4412920737027,2558.4412920737027,5961.027607298981
2025-05-30T00:00:00Z,2558.677168341607,4339.684513359119,4339.684513359119,4339.684513359119,0,0,0,0,0,0,0,0,0,0,0,0,0,0,0,0,0,0,3515.7229583582543,3515.7229583582543,3515.7229583582543,0,0,0,0,0,0,779.4799552353452,779.4799552353452,779.4799552353452,44.48159976552044,44.48159976552044,44.48159976552044,0,0,0,4842.3534984118605,8785.081942088425,2558.677168341607,2558.677168341607,6898.361681700726
2025-05-31T00:00:00Z,2558.91304460951,2224.907988716623,2224.907988716623,2224.907988716623,0,0,0,0,0,0,0,0,0,0,0,0,0,0,0,0,0,0,3639.551040629738,3639.551040629738,3639.551040629738,0,0,0,0,0,0,-1466.1415354146723,-1466.1415354146723,-1466.1415354146723,51.49848350155856,51.49848350155856,51.49848350155856,0,0,0,2878.9091256342886,6697.183969870733,2558.91304460951,2558.91304460951,4783.821033326133
2025-06-01T00:00:00Z,2559.1489208774137,630.9841357848225,630.9841357848225,630.9841357848225,0,0,0,0,0,0,0,0,0,0,0,0,0,0,0,0,0,0,2645.3566530244243,2645.3566530244243,2645.3566530244243,0,0,0,0,0,0,-2070.330156384844,-2070.330156384844,-2070.330156384844,55.957639145242666,55.957639145242666,55.957639145242666,0,0,0,1139.4514510038634,5073.524264033661,2559.1489208774137,2559.1489208774137,3190.1330566622364
2025-06-02T00:00:00Z,2559.3847971453174,-398.2675541015539,-398.2675541015539,-398.2675541015539,0,0,0,0,0,0,-1767.1012203123178,-1767.1012203123178,-1767.1012203123178,0,0,0,0,0,0,-1767.1012203123178,-1767.1012203123178,-1767.1012203123178,903.7440624934261,903.7440624934261,903.7440624934261,0,0,0,0,0,0,407.3400332047825,407.3400332047825,407.3400332047825,57.749570512555145,57.749570512555145,57.749570512555145,0,0,0,249.7610732089059,4201.149291801584,2559.3847971453174,2559.3847971453174,2161.1172430437637
2025-06-03T00:00:00Z,2559.620673413221,15.089745084524985,15.089745084524985,15.089745084524985,0,0,0,0,0,0,0,0,0,0,0,0,0,0,0,0,0,0,-793.614967635385,-793.614967635385,-793.614967635385,0,0,0,0,0,0,751.8708176888855,751.8708176888855,751.8708176888855,56.83389503102457,56.83389503102457,56.83389503102457,0,0,0,558.7058900961714,4370.058519600239,2559.620673413221,2559.620673413221,2574.710418497746
2025-06-04T00:00:00Z,2559.8565496811248,-936.004791624762,-936.004791624762,-936.004791624762,0,0,0,0,0,0,0,0,0,0,0,0,0,0,0,0,0,0,-1774.849045108074,-1774.849045108074,-1774.849045108074,0,0,0,0,0,0,785.6068199372559,785.6068199372559,785.6068199372559,53.237433546056664,53.237433546056664,53.237433546056664,0,0,0,-284.3923669728181,3555.7370606440336,2559.8565496811248,2559.8565496811248,1623.8517580563628
2025-06-05T00:00:00Z,2560.0924259490284,-1046.7450771094275,-1046.7450771094275,-1046.7450771094275,0,0,0,0,0,0,0,0,0,0,0,0,0,0,0,0,0,0,-1905.9697467521885,-1905.9697467521885,-1905.9697467521885,0,0,0,0,0,0,812.1740657442039,812.1740657442039,812.1740657442039,47.050603898557405,47.050603898557405,47.050603898557405,0,0,0,-441.0633475420207,3402.8274007497103,2560.0924259490284,2560.0924259490284,1513.347348839601
2025-06-06T00:00:00Z,2560.328302216932,-3560.016406511818,-3560.016406511818,-3560.016406511818,0,0,0,0,0,0,-2807.1705132673496,-2807.1705132673496,-2807.1705132673496,0,0,0,0,0,0,0,0,0,-1570.7481450845073,-1570.7481450845073,-1570.7481450845073,-2807.1705132673496,-2807.1705132673496,-2807.1705132673496,0,0,0,779.4799552337562,779.4799552337562,779.4799552337562,38.42229660628366,38.42229660628366,38.42229660628366,0,0,0,-2929.914782696597,975.1675851712135,2560.328302216932,2560.328302216932,-999.6881042948858
2025-06-07T00:00:00Z,2560.564178484836,-2942.2354504311093,-2942.2354504311093,-2942.2354504311093,0,0,0,0,0,0,-226.93189602890334,-226.93189602890334,-226.93189602890334,0,0,0,0,0,0,0,0,0,-1276.715465658807,-1276.715465658807,-1276.715465658807,-226.93189602890334,-226.93189602890334,-226.93189602890334,0,0,0,-1466.1415354176725,-1466.1415354176725,-1466.1415354176725,27.553446674273157,27.553446674273157,27.553446674273157,0,0,0,-2391.443691363096,1393.3319219402513,2560.564178484836,2560.564178484836,-381.67127194627346
2025-06-08T00:00:00Z,2560.8000547527395,-3929.7183521179395,-3929.7183521179395,-3929.7183521179395,0,0,0,0,0,0,-622.5529550184158,-622.5529550184158,-622.5529550184158,0,0,0,0,0,0,0,0,0,-1251.5247842031124,-1251.5247842031124,-1251.5247842031124,-622.5529550184158,-622.5529550184158,-622.5529550184158,0,0,0,-2070.3301563859363,-2070.3301563859363,-2070.3301563859363,14.689543489524139,14.689543489524139,14.689543489524139,0,0,0,-3376.1565689834924,548.3181373292459,2560.8000547527395,2560.8000547527395,-1368.9182973652
2025-06-09T00:00:00Z,2561.035931020643,-1130.9690367186183,-1130.9690367186183,-1130.9690367186183,0,0,0,0,0,0,-181.3307832169664,-181.3307832169664,-181.3307832169664,0,0,0,0,0,0,0,0,0,-1357.0906270624268,-1357.0906270624268,-1357.0906270624268,-181.3307832169664,-181.3307832169664,-181.3307832169664,0,0,0,407.34003320546685,407.34003320546685,407.34003320546685,0.11234035530825674,0.11234035530825674,0.11234035530825674,0,0,0,-411.3046652020649,3333.98084721046,2561.035931020643,2561.035931020643,1430.0668943020248
2025-06-10T00:00:00Z,2561.2718072885464,-1088.1060388168646,-1088.1060388168646,-1088.1060388168646,0,0,0,0,0,0,-490.648526741202,-490.648526741202,-490.648526741202,0,0,0,0,0,0,0,0,0,-1333.4593659949464,-1333.4593659949464,-1333.4593659949464,-490.648526741202,-490.648526741202,-490.648526741202,0,0,0,751.8708176884053,751.8708176884053,751.8708176884053,-15.868963769121802,-15.868963769121802,-15.868963769121802,0,0,0,-544.1934743026926,3509.6112127480974,2561.2718072885464,2561.2718072885464,1473.1657684716818
2025-06-11T00:00:00Z,2561.5076835564505,-720.1672735919446,-720.1672735919446,-720.1672735919446,0,0,0,0,0,0,-377.86050769705633,-377.86050769705633,-377.86050769705633,0,0,0,0,0,0,0,0,0,-1094.9867904690493,-1094.9867904690493,-1094.9867904690493,-377.86050769705633,-377.86050769705633,-377.86050769705633,0,0,0,785.606819937012,785.606819937012,785.606819937012,-32.92679536285102,-32.92679536285102,-32.92679536285102,0,0,0,-148.14413114464918,3912.5168815694296,2561.5076835564505,2561.5076835564505,1841.3404099645059
2025-06-12T00:00:00Z,2561.743559824354,-181.57491239671398,-181.57491239671398,-181.57491239671398,0,0,0,0,0,0,-146.53172622105853,-146.53172622105853,-146.53172622105853,0,0,0,0,0,0,0,0,0,-796.4929906579798,-796.4929906579798,-796.4929906579798,-146.53172622105853,-146.53172622105853,-146.53172622105853,0,0,0,812.1740657450077,812.1740657450077,812.1740657450077,-50.72426126268363,-50.72426126268363,-50.72426126268363,0,0,0,354.57278500116416,4431.7882254068945,2561.743559824354,2561.743559824354,2380.1686474276403
2025-06-13T00:00:00Z,2561.9794360922574,-290.8626306237953,-290.8626306237953,-290.8626306237953,0,0,0,0,0,0,-358.4597129499334,-358.4597129499334,-358.4597129499334,0,0,0,0,0,0,0,0,0,-642.9589407069902,-642.9589407069902,-642.9589407069902,-358.4597129499334,-358.4597129499334,-358.4597129499334,0,0,0,779.4799552321676,779.4799552321676,779.4799552321676,-68.92393219903933,-68.92393219903933,-68.92393219903933,0,0,0,488.99268768749425,4165.546955795494,2561.9794360922574,2561.9794360922574,2271.116805468462
2025-06-14T00:00:00Z,2562.215312360161,-2221.140812057094,-2221.140812057094,-2221.140812057094,0,0,0,0,0,0,0,0,0,0,0,0,0,0,0,0,0,0,-667.8031559863007,-667.8031559863007,-667.8031559863007,0,0,0,0,0,0,-1466.1415354206724,-1466.1415354206724,-1466.1415354206724,-87.19612065012065,-87.19612065012065,-87.19612065012065,0,0,0,-1594.4091032620488,2252.184609206345,2562.215312360161,2562.215312360161,341.074500303067
2025-06-15T00:00:00Z,2562.451188628065,-2887.0892678173964,-2887.0892678173964,-2887.0892678173964,0,0,0,0,0,0,0,0,0,0,0,0,0,0,0,0,0,0,-711.532665610362,-711.532665610362,-711.532665610362,0,0,0,0,0,0,-2070.330156389015,-2070.330156389015,-2070.330156389015,-105.22644581801906,-105.22644581801906,-105.22644581801906,0,0,0,-2287.132684941495,1548.7062735007496,2562.451188628065,2562.451188628065,-324.63807918933117
2025-06-16T00:00:00Z,2562.6870648959684,-323.3075732164807,-323.3075732164807,-323.3075732164807,0,0,0,0,0,0,0,0,0,0,0,0,0,0,0,0,0,0,-607.925095695684,-607.925095695684,-607.925095695684,0,0,0,0,0,0,407.34003319897334,407.34003319897334,407.34003319897334,-122.72251071977001,-122.72251071977001,-122.72251071977001,0,0,0,209.74495893946997,4229.400628233745,2562.6870648959684,2562.6870648959684,2239.3794916794877
2025-06-17T00:00:00Z,2562.922941163872,243.97750715073894,243.97750715073894,243.97750715073894,0,0,0,0,0,0,0,0,0,0,0,0,0,0,0,0,0,0,-368.4737580682944,-368.4737580682944,-368.4737580682944,0,0,0,0,0,0,751.8708176883401,751.8708176883401,751.8708176883401,-139.4195524693067,-139.4195524693067,-139.4195524693067,0,0,0,860.72952387769,4683.345034863561,2562.922941163872,2562.922941163872,2806.900448314611
2025-06-18T00:00:00Z,2563.158817431776,464.02561489521344,464.02561489521344,464.02561489521344,0,0,0,0,0,0,0,0,0,0,0,0,0,0,0,0,0,0,-166.4962395461689,-166.4962395461689,-166.4962395461689,0,0,0,0,0,0,785.6068199374425,785.6068199374425,785.6068199374425,-155.0849654960602,-155.0849654960602,-155.0849654960602,0,0,0,1051.4226851401247,4850.7187741914395,2563.158817431776,2563.158817431776,3027.1844323269893
2025-06-19T00:00:00Z,2563.39469369968,501.91174550532986,501.91174550532986,501.91174550532986,0,0,0,0,0,0,0,0,0,0,0,0,0,0,0,0,0,0,-140.74068286394973,-140.74068286394973,-140.74068286394973,0,0,0,0,0,0,812.174065745812,812.174065745812,812.174065745812,-169.52163737653223,-169.52163737653223,-169.52163737653223,0,0,0,1134.8749376026346,5054.949389013631,2563.39469369968,2563.39469369968,3065.3064392050096
2025-06-20T00:00:00Z,2563.6305699675827,363.8579006694747,363.8579006694747,363.8579006694747,0,0,0,0,0,0,0,0,0,0,0,0,0,0,0,0,0,0,-233.0519777413238,-233.0519777413238,-233.0519777413238,0,0,0,0,0,0,779.4799552388497,779.4799552388497,779.4799552388497,-182.57007682805107,-182.57007682805107,-182.57007682805107,0,0,0,1176.4388471182035,4842.77050094411,2563.6305699675827,2563.6305699675827,2927.4884706370576
2025-06-21T00:00:00Z,2563.870103898964,-1901.3157196236073,-1901.3157196236073,-1901.3157196236073,0,0,0,0,0,0,0,0,0,0,0,0,0,0,0,0,0,0,-241.06483224936764,-241.06483224936764,-241.06483224936764,0,0,0,0,0,0,-1466.1415354197109,-1466.1415354197109,-1466.1415354197109,-194.1093519545288,-194.1093519545288,-194.1093519545288,0,0,0,-1248.9047114538353,2545.129265136161,2563.870103898964,2563.870103898964,662.5543842753566
2025-06-22T00:00:00Z,2564.109637830345,-2311.623652139181,-2311.623652139181,-2311.623652139181,0,0,0,0,0,0,0,0,0,0,0,0,0,0,0,0,0,0,-37.23660290988482,-37.23660290988482,-37.23660290988482,0,0,0,0,0,0,-2070.330156388426,-2070.330156388426,-2070.330156388426,-204.0568928408702,-204.0568928408702,-204.0568928408702,0,0,0,-1879.3836245200023,2274.2044169775754,2564.109637830345,2564.109637830345,252.48598569116393
2025-06-23T00:00:00Z,2564.349171761726,476.68938671137045,476.68938671137045,476.68938671137045,0,0,0,0,0,0,0,0,0,0,0,0,0,0,0,0,0,0,281.7165985441408,281.7165985441408,281.7165985441408,0,0,0,0,0,0,407.3400332007055,407.3400332007055,407.3400332007055,-212.36724503347585,-212.36724503347585,-212.36724503347585,0,0,0,1077.836182501534,4908.201803049095,2564.349171761726,2564.349171761726,3041.0385584730966
2025-06-24T00:00:00Z,2564.588705693107,1026.1411622102355,1026.1411622102355,1026.1411622102355,0,0,0,0,0,0,0,0,0,0,0,0,0,0,0,0,0,0,493.3002329020169,493.3002329020169,493.3002329020169,0,0,0,0,0,0,751.8708176880674,751.8708176880674,751.8708176880674,-219.02988837984904,-219.02988837984904,-219.02988837984904,0,0,0,1656.8915853741978,5433.869214088142,2564.588705693107,2564.588705693107,3590.7298679033424
2025-06-25T00:00:00Z,2564.828239624488,1078.029479881929,1078.029479881929,1078.029479881929,0,0,0,0,0,0,0,0,0,0,0,0,0,0,0,0,0,0,516.4889183689454,516.4889183689454,516.4889183689454,0,0,0,0,0,0,785.6068199365247,785.6068199365247,785.6068199365247,-224.06625842354111,-224.06625842354111,-224.06625842354111,0,0,0,1718.456719340082,5730.433970998067,2564.828239624488,2564.828239624488,3642.857719506417
2025-06-26T00:00:00Z,2565.0677735558693,1153.6649640130188,1153.6649640130188,1153.6649640130188,0,0,0,0,0,0,0,0,0,0,0,0,0,0,0,0,0,0,569.0170228014948,569.0170228014948,569.0170228014948,0,0,0,0,0,0,812.1740657425486,812.1740657425486,812.1740657425486,-227.5261245310246,-227.5261245310246,-227.5261245310246,0,0,0,1765.6688321899833,5600.706664979563,2565.0677735558693,2565.0677735558693,3718.7327375688883
2025-06-27T00:00:00Z,2565.30730748725,-206.06483970182552,-206.06483970182552,-206.06483970182552,0,0,0,0,0,0,-1767.1012203123178,-1767.1012203123178,-1767.1012203123178,0,0,0,0,0,0,-1767.1012203123178,-1767.1012203123178,-1767.1012203123178,1011.039915207444,1011.039915207444,1011.039915207444,0,0,0,0,0,0,779.4799552353725,779.4799552353725,779.4799552353725,-229.4834898323242,-229.4834898323242,-229.4834898323242,0,0,0,459.25744918099406,4355.230043924066,2565.30730748725,2565.30730748725,2359.2424677854247
2025-06-28T00:00:00Z,2565.546841418631,275.9431463924563,275.9431463924563,275.9431463924563,0,0,0,0,0,0,0,0,0,0,0,0,0,0,0,0,0,0,1972.1168646214767,1972.1168646214767,1972.1168646214767,0,0,0,0,0,0,-1466.141535422711,-1466.141535422711,-1466.141535422711,-230.0321828063089,-230.0321828063089,-230.0321828063089,0,0,0,938.6223537120728,4786.087235724775,2565.546841418631,2565.546841418631,2841.4899878110873
2025-06-29T00:00:00Z,2565.786375350012,801.6071603450946,801.6071603450946,801.6071603450946,0,0,0,0,0,0,0,0,0,0,0,0,0,0,0,0,0,0,3101.2186257524645,3101.2186257524645,3101.2186257524645,0,0,0,0,0,0,-2070.330156387838,-2070.330156387838,-2070.330156387838,-229.28130901953168,-229.28130901953168,-229.28130901953168,0,0,0,1314.5693352402238,5135.558586884897,2565.786375350012,2565.786375350012,3367.3935356951065
2025-06-30T00:00:00Z,2566.025909281393,3894.2972423139304,3894.2972423139304,3894.2972423139304,0,0,0,0,0,0,0,0,0,0,0,0,0,0,0,0,0,0,3714.307933578518,3714.307933578518,3714.307933578518,0,0,0,0,0,0,407.3400332024375,407.3400332024375,407.3400332024375,-227.35072446702264,-227.35072446702264,-227.35072446702264,0,0,0,4578.8846928135645,8318.383192496854,2566.025909281393,2566.025909281393,6460.323151595323
2025-07-01T00:00:00Z,2566.265443212774,3801.5085505513744,3801.5085505513744,3801.5085505513744,0,0,0,0,0,0,0,0,0,0,0,0,0,0,0,0,0,0,3274.0044125032337,3274.0044125032337,3274.0044125032337,0,0,0,0,0,0,751.870817689244,751.870817689244,751.870817689244,-224.36667964110342,-224.36667964110342,-224.36667964110342,0,0,0,4478.534430550308,8319.105862886538,2566.265443212774,2566.265443212774,6367.773993764148
2025-07-02T00:00:00Z,2566.504977144155,2387.726101196221,2387.726101196221,2387.726101196221,0,0,0,0,0,0,0,0,0,0,0,0,0,0,0,0,0,0,1822.5770478130507,1822.5770478130507,1822.5770478130507,0,0,0,0,0,0,785.606819936955,785.606819936955,785.606819936955,-220.4577665537848,-220.4577665537848,-220.4577665537848,0,0,0,2964.24018418742,6877.143607339538,2566.504977144155,2566.504977144155,4954.2310783403755
2025-07-03T00:00:00Z,2566.7445110755357,594.5519819956687,594.5519819956687,594.5519819956687,0,0,0,0,0,0,0,0,0,0,0,0,0,0,0,0,0,0,-1.870803512149345,-1.870803512149345,-1.870803512149345,0,0,0,0,0,0,812.1740657433526,812.1740657433526,812.1740657433526,-215.7512802355345,-215.7512802355345,-215.7512802355345,0,0,0,1125.0961979278986,5048.807413899778,2566.7445110755357,2566.7445110755357,3161.296493071204
2025-07-04T00:00:00Z,2566.984045006917,-827.8196577503859,-827.8196577503859,-827.8196577503859,0,0,0,0,0,0,0,0,0,0,0,0,0,0,0,0,0,0,-1396.92953033077,-1396.92953033077,-1396.92953033077,0,0,0,0,0,0,779.4799552356722,779.4799552356722,779.4799552356722,-210.3700826552884,-210.3700826552884,-210.3700826552884,0,0,0,-333.1669004622495,3794.840019144382,2566.984045006917,2566.984045006917,1739.164387256531
2025-07-05T00:00:00Z,2567.223578938298,-3601.883510264882,-3601.883510264882,-3601.883510264882,0,0,0,0,0,0,0,0,0,0,0,0,0,0,0,0,0,0,-1931.3119433296902,-1931.3119433296902,-1931.3119433296902,0,0,0,0,0,0,-1466.1415354237304,-1466.1415354237304,-1466.1415354237304,-204.43003151145965,-204.43003151145965,-204.43003151145965,0,0,0,-3009.4941370903625,977.269366074325,2567.223578938298,2567.223578938298,-1034.6599313265838
2025-07-06T00:00:00Z,2567.463112869679,-4030.4727666242966,-4030.4727666242966,-4030.4727666242966,0,0,0,0,0,0,0,0,0,0,0,0,0,0,0,0,0,0,-1762.1046002791322,-1762.1046002791322,-1762.1046002791322,0,0,0,0,0,0,-2070.33015638725,-2070.33015638725,-2070.33015638725,-198.03800995791374,-198.03800995791374,-198.03800995791374,0,0,0,-3396.1770076976745,347.61675641182956,2567.463112869679,2567.463112869679,-1463.0096537546174
2025-07-07T00:00:00Z,2567.70264680106,-1178.749381514299,-1178.749381514299,-1178.749381514299,0,0,0,0,0,0,0,0,0,0,0,0,0,0,0,0,0,0,-1394.79884765384,-1394.79884765384,-1394.79884765384,0,0,0,0,0,0,407.34003320312166,407.34003320312166,407.34003320312166,-191.29056706358074,-191.29056706358074,-191.29056706358074,0,0,0,-659.7523989103026,3359.5449070505324,2567.70264680106,2567.70264680106,1388.9532652867608
2025-07-08T00:00:00Z,2567.942180732441,-664.7085928801043,-664.7085928801043,-664.7085928801043,0,0,0,0,0,0,0,0,0,0,0,0,0,0,0,0,0,0,-1232.3062569437584,-1232.3062569437584,-1232.3062569437584,0,0,0,0,0,0,751.8708176887639,751.8708176887639,751.8708176887639,-184.27315362510944,-184.27315362510944,-184.27315362510944,0,0,0,60.96393757342192,3925.1278488083485,2567.942180732441,2567.942180732441,1903.2335878523368
2025-07-09T00:00:00Z,2568.181714663822,-696.8915901396317,-696.8915901396317,-696.8915901396317,0,0,0,0,0,0,0,0,0,0,0,0,0,0,0,0,0,0,-1305.4384952844591,-1305.4384952844591,-1305.4384952844591,0,0,0,0,0,0,785.6068199373855,785.6068199373855,785.6068199373855,-177.05991479255886,-177.05991479255886,-177.05991479255886,0,0,0,-147.50303800791423,3821.8537022785217,2568.181714663822,2568.181714663822,1871.29012452419
2025-07-10T00:00:00Z,2568.421248595203,-730.7149757344392,-730.7149757344392,-730.7149757344392,0,0,0,0,0,0,0,0,0,0,0,0,0,0,0,0,0,0,-1373.175060873095,-1373.175060873095,-1373.175060873095,0,0,0,0,0,0,812.1740657441567,812.1740657441567,812.1740657441567,-169.71398060550123,-169.71398060550123,-169.71398060550123,0,0,0,-45.07361431265349,3842.431118116838,2568.421248595203,2568.421248595203,1837.7062728607639
2025-07-11T00:00:00Z,2568.6607825265837,-618.4910149949147,-618.4910149949147,-618.4910149949147,0,0,0,0,0,0,0,0,0,0,0,0,0,0,0,0,0,0,-1235.6827915478184,-1235.6827915478184,-1235.6827915478184,0,0,0,0,0,0,779.4799552340834,779.4799552340834,779.4799552340834,-162.2881786811793,-162.2881786811793,-162.2881786811793,0,0,0,13.673095608232646,3914.657257755579,2568.6607825265837,2568.6607825265837,1950.169767531669
2025-07-12T00:00:00Z,2568.900316457965,-2559.4069850716733,-2559.4069850716733,-2559.4069850716733,0,0,0,0,0,0,0,0,0,0,0,0,0,0,0,0,0,0,-938.4393691921248,-938.4393691921248,-938.4393691921248,0,0,0,0,0,0,-1466.1415354166525,-1466.1415354166525,-1466.1415354166525,-154.82608046289576,-154.82608046289576,-154.82608046289576,0,0,0,-1954.0169943590972,2010.0447010802486,2568.900316457965,2568.900316457965,9.49333138629163
2025-07-13T00:00:00Z,2569.139850389346,-2911.6364480890297,-2911.6364480890297,-2911.6364480890297,0,0,0,0,0,0,0,0,0,0,0,0,0,0,0,0,0,0,-693.9430076994187,-693.9430076994187,-693.9430076994187,0,0,0,0,0,0,-2070.3301563903283,-2070.3301563903283,-2070.3301563903283,-147.3632839992821,-147.3632839992821,-147.3632839992821,0,0,0,-2386.435610415264,1658.8429545700192,2569.139850389346,2569.139850389346,-342.49659769968366
2025-07-14T00:00:00Z,2569.379384320727,-372.6582564726587,-372.6582564726587,-372.6582564726587,0,0,0,0,0,0,0,0,0,0,0,0,0,0,0,0,0,0,-640.0694573001592,-640.0694573001592,-640.0694573001592,0,0,0,0,0,0,407.3400332059018,407.3400332059018,407.3400332059018,-139.92883237840093,-139.92883237840093,-139.92883237840093,0,0,0,305.4355017907792,4210.602939245857,2569.379384320727,2569.379384320727,2196.721127848068
2025-07-15T00:00:00Z,2569.6189182521075,-81.03115627681,-81.03115627681,-81.03115627681,0,0,0,0,0,0,0,0,0,0,0,0,0,0,0,0,0,0,-700.355306270287,-700.355306270287,-700.355306270287,0,0,0,0,0,0,751.8708176886985,751.8708176886985,751.8708176886985,-132.54666769522132,-132.54666769522132,-132.54666769522132,0,0,0,533.9657403606824,4445.208836177131,2569.6189182521075,2569.6189182521075,2488.5877619752973
2025-07-16T00:00:00Z,2569.858452183489,-22.25585780925753,-22.25585780925753,-22.25585780925753,0,0,0,0,0,0,0,0,0,0,0,0,0,0,0,0,0,0,-682.6256521218578,-682.6256521218578,-682.6256521218578,0,0,0,0,0,0,785.6068199364678,785.6068199364678,785.6068199364678,-125.23702562386775,-125.23702562386775,-125.23702562386775,0,0,0,621.0032606155271,4596.368273546822,2569.858452183489,2569.858452183489,2547.6025943742316
2025-07-17T00:00:00Z,2570.0979861148703,197.84681108262,197.84681108262,197.84681108262,0,0,0,0,0,0,0,0,0,0,0,0,0,0,0,0,0,0,-496.30956968858385,-496.30956968858385,-496.30956968858385,0,0,0,0,0,0,812.1740657423156,812.1740657423156,812.1740657423156,-118.01768497111155,-118.01768497111155,-118.01768497111155,0,0,0,788.957242641858,4664.1257603795275,2570.0979861148703,2570.0979861148703,2767.9447971974905
2025-07-18T00:00:00Z,2570.337520046251,417.9495295010106,417.9495295010106,417.9495295010106,0,0,0,0,0,0,0,0,0,0,0,0,0,0,0,0,0,0,-250.62542622387068,-250.62542622387068,-250.62542622387068,0,0,0,0,0,0,779.479955234383,779.479955234383,779.479955234383,-110.9049995095021,-110.9049995095021,-110.9049995095021,0,0,0,1194.5160266217895,5024.840134152911,2570.337520046251,2570.337520046251,2988.2870495472616
2025-07-19T00:00:00Z,2570.577053977632,-1700.061164371745,-1700.061164371745,-1700.061164371745,0,0,0,0,0,0,0,0,0,0,0,0,0,0,0,0,0,0,-130.00497363346898,-130.00497363346898,-130.00497363346898,0,0,0,0,0,0,-1466.141535417672,-1466.141535417672,-1466.141535417672,-103.91465532060388,-103.91465532060388,-103.91465532060388,0,0,0,-1049.9975984382804,2871.6792704204877,2570.577053977632,2570.577053977632,870.5158896058872
2025-07-20T00:00:00Z,2570.816587909013,-2351.0341497392315,-2351.0341497392315,-2351.0341497392315,0,0,0,0,0,0,0,0,0,0,0,0,0,0,0,0,0,0,-183.64187827036693,-183.64187827036693,-183.64187827036693,0,0,0,0,0,0,-2070.3301563880586,-2070.3301563880586,-2070.3301563880586,-97.06211508080575,-97.06211508080575,-97.06211508080575,0,0,0,-1672.6306960985964,2177.447367367538,2570.816587909013,2570.816587909013,219.78243816978147
2025-07-21T00:00:00Z,2571.056121840394,56.915270003059184,56.915270003059184,56.915270003059184,0,0,0,0,0,0,0,0,0,0,0,0,0,0,0,0,0,0,-260.06203280620593,-260.06203280620593,-260.06203280620593,0,0,0,0,0,0,407.340033206586,407.340033206586,407.340033206586,-90.36273039732089,-90.36273039732089,-90.36273039732089,0,0,0,545.4265092545121,4483.649631698631,2571.056121840394,2571.056121840394,2627.971391843453
2025-07-22T00:00:00Z,2571.295655771775,503.0156763988079,503.0156763988079,503.0156763988079,0,0,0,0,0,0,0,0,0,0,0,0,0,0,0,0,0,0,-165.02361771595506,-165.02361771595506,-165.02361771595506,0,0,0,0,0,0,751.8708176884257,751.8708176884257,751.8708176884257,-83.8315235736629,-83.8315235736629,-83.8315235736629,0,0,0,1086.9966779555778,4982.585200115847,2571.295655771775,2571.295655771775,3074.3113321705828
2025-07-23T00:00:00Z,2571.535189703156,829.8260180205624,829.8260180205624,829.8260180205624,0,0,0,0,0,0,0,0,0,0,0,0,0,0,0,0,0,0,121.70185827871515,121.70185827871515,121.70185827871515,0,0,0,0,0,0,785.606819937395,785.606819937395,785.606819937395,-77.48266019554777,-77.48266019554777,-77.48266019554777,0,0,0,1376.7449232825509,5444.501179280153,2571.535189703156,2571.535189703156,3401.3612077237185
2025-07-24T00:00:00Z,2571.7747236345367,1153.2832618260086,1153.2832618260086,1153.2832618260086,0,0,0,0,0,0,0,0,0,0,0,0,0,0,0,0,0,0,412.43784887839035,412.43784887839035,412.43784887839035,0,0,0,0,0,0,812.1740657416973,812.1740657416973,812.1740657416973,-71.32865279407909,-71.32865279407909,-71.32865279407909,0,0,0,1919.669139732773,5513.193388298514,2571.7747236345367,2571.7747236345367,3725.0579854605453
2025-07-25T00:00:00Z,2572.014257565918,1235.7736193911421,1235.7736193911421,1235.7736193911421,0,0,0,0,0,0,0,0,0,0,0,0,0,0,0,0,0,0,521.6730169262383,521.6730169262383,521.6730169262383,0,0,0,0,0,0,779.4799552309058,779.4799552309058,779.4799552309058,-65.37935276600184,-65.37935276600184,-65.37935276600184,0,0,0,1841.1299909405896,5662.966521188815,2572.014257565918,2572.014257565918,3807.78787695706
2025-07-26T00:00:00Z,2572.2537914972986,-1009.8817308191728,-1009.8817308191728,-1009.8817308191728,0,0,0,0,0,0,0,0,0,0,0,0,0,0,0,0,0,0,515.9006065735476,515.9006065735476,515.9006065735476,0,0,0,0,0,0,-1466.1415354206722,-1466.1415354206722,-1466.1415354206722,-59.64080197204827,-59.64080197204827,-59.64080197204827,0,0,0,-412.59766299092337,3563.5603349596845,2572.2537914972986,2572.2537914972986,1562.3720606781258
2025-07-27T00:00:00Z,2572.49332542868,-1401.071903636582,-1401.071903636582,-1401.071903636582,0,0,0,0,0,0,0,0,0,0,0,0,0,0,0,0,0,0,723.3722790908187,723.3722790908187,723.3722790908187,0,0,0,0,0,0,-2070.3301563891514,-2070.3301563891514,-2070.3301563891514,-54.114026338249474,-54.114026338249474,-54.114026338249474,0,0,0,-812.1647226295802,3118.031406589007,2572.49332542868,2572.49332542868,1171.4214217920978
2025-07-28T00:00:00Z,2572.732859360061,1795.4262031654596,1795.4262031654596,1795.4262031654596,0,0,0,0,0,0,0,0,0,0,0,0,0,0,0,0,0,0,1436.880030867056,1436.880030867056,1436.880030867056,0,0,0,0,0,0,407.3400332000924,407.3400332000924,407.3400332000924,-48.793860901688824,-48.793860901688824,-48.793860901688824,0,0,0,2508.0155265884064,6325.854325655252,2572.732859360061,2572.732859360061,4368.15906252552
2025-07-29T00:00:00Z,2572.972393291442,3263.529492505272,3263.529492505272,3263.529492505272,0,0,0,0,0,0,0,0,0,0,0,0,0,0,0,0,0,0,2555.326573471532,2555.326573471532,2555.326573471532,0,0,0,0,0,0,751.8708176881531,751.8708176881531,751.8708176881531,-43.66789865441358,-43.66789865441358,-43.66789865441358,0,0,0,3848.6467644358077,7758.776242852557,2572.972393291442,2572.972393291442,5836.501885796714
2025-07-30T00:00:00Z,2573.211927222823,4262.614124178883,4262.614124178883,4262.614124178883,0,0,0,0,0,0,0,0,0,0,0,0,0,0,0,0,0,0,3515.722958357922,3515.722958357922,3515.722958357922,0,0,0,0,0,0,785.6068199371514,785.6068199371514,785.6068199371514,-38.71565411619104,-38.71565411619104,-38.71565411619104,0,0,0,4979.818711239999,8757.43507475395,2573.211927222823,2573.211927222823,6835.826051401706
2025-07-31T00:00:00Z,2573.451461154204,4417.817079621136,4417.817079621136,4417.817079621136,0,0,0,0,0,0,0,0,0,0,0,0,0,0,0,0,0,0,3639.551040630892,3639.551040630892,3639.551040630892,0,0,0,0,0,0,812.1740657439235,812.1740657439235,812.1740657439235,-33.90802675367959,-33.90802675367959,-33.90802675367959,0,0,0,4865.340066371816,9005.49499053107,2573.451461154204,2573.451461154204,6991.26854077534
2025-08-01T00:00:00Z,2573.6909950855847,3395.6294689265783,3395.6294689265783,3395.6294689265783,0,0,0,0,0,0,0,0,0,0,0,0,0,0,0,0,0,0,2645.3566530226803,2645.3566530226803,2645.3566530226803,0,0,0,0,0,0,779.4799552312054,779.4799552312054,779.4799552312054,-29.20713932730782,-29.20713932730782,-29.20713932730782,0,0,0,4103.361921818825,8063.572942906838,2573.6909950855847,2573.6909950855847,5969.320464012163
2025-08-02T00:00:00Z,2573.930529016966,-586.9640852455406,-586.9640852455406,-586.9640852455406,0,0,0,0,0,0,0,0,0,0,0,0,0,0,0,0,0,0,903.74406249125,903.74406249125,903.74406249125,0,0,0,0,0,0,-1466.1415354197109,-1466.1415354197109,-1466.1415354197109,-24.566612317079947,-24.566612317079947,-24.566612317079947,0,0,0,72.43897144005938,3937.5746045226465,2573.930529016966,2573.930529016966,1986.9664437714255
2025-08-03T00:00:00Z,2574.1700629483466,-2883.877442249531,-2883.877442249531,-2883.877442249531,0,0,0,0,0,0,0,0,0,0,0,0,0,0,0,0,0,0,-793.6149676374715,-793.6149676374715,-793.6149676374715,0,0,0,0,0,0,-2070.3301563868818,-2070.3301563868818,-2070.3301563868818,-19.932318225177745,-19.932318225177745,-19.932318225177745,0,0,0,-2161.681166611531,1695.745323892375,2574.1700629483466,2574.1700629483466,-309.7073793011846
2025-08-04T00:00:00Z,2574.409596879728,-1382.752651319917,-1382.752651319917,-1382.752651319917,0,0,0,0,0,0,0,0,0,0,0,0,0,0,0,0,0,0,-1774.8490451068703,-1774.8490451068703,-1774.8490451068703,0,0,0,0,0,0,407.34003320182444,407.34003320182444,407.34003320182444,-15.243639414871302,-15.243639414871302,-15.243639414871302,0,0,0,-796.2276984293595,3012.8362211520534,2574.409596879728,2574.409596879728,1191.6569455598108
2025-08-05T00:00:00Z,2574.6491308111085,-1164.534160018098,-1164.534160018098,-1164.534160018098,0,0,0,0,0,0,0,0,0,0,0,0,0,0,0,0,0,0,-1905.9697467528347,-1905.9697467528347,-1905.9697467528347,0,0,0,0,0,0,751.8708176878802,751.8708176878802,751.8708176878802,-10.435230953143964,-10.435230953143964,-10.435230953143964,0,0,0,-439.60834618057913,3192.4345324256387,2574.6491308111085,2574.6491308111085,1410.1149707930106
2025-08-06T00:00:00Z,2574.8886647424897,-790.5805916819992,-790.5805916819992,-790.5805916819992,0,0,0,0,0,0,0,0,0,0,0,0,0,0,0,0,0,0,-1570.7481450834973,-1570.7481450834973,-1570.7481450834973,0,0,0,0,0,0,785.6068199375817,785.6068199375817,785.6068199375817,-5.4392665360834105,-5.4392665360834105,-5.4392665360834105,0,0,0,-112.05066872067002,3754.8398586106937,2574.8886647424897,2574.8886647424897,1784.3080730604906
2025-08-07T00:00:00Z,2575.128198673871,-464.7295218003655,-464.7295218003655,-464.7295218003655,0,0,0,0,0,0,0,0,0,0,0,0,0,0,0,0,0,0,-1276.7154656596558,-1276.7154656596558,-1276.7154656596558,0,0,0,0,0,0,812.1740657433054,812.1740657433054,812.1740657433054,-0.18812188401463364,-0.18812188401463364,-0.18812188401463364,0,0,0,74.75585290386982,4035.710556684035,2575.128198673871,2575.128198673871,2110.3986768735053
2025-08-08T00:00:00Z,2575.367732605252,-466.66225591379725,-466.66225591379725,-466.66225591379725,0,0,0,0,0,0,0,0,0,0,0,0,0,0,0,0,0,0,-1251.5247842029337,-1251.5247842029337,-1251.5247842029337,0,0,0,0,0,0,779.4799552359992,779.4799552359992,779.4799552359992,5.382573053136968,5.382573053136968,5.382573053136968,0,0,0,179.33156739678262,4002.7502869101127,2575.367732605252,2575.367732605252,2108.705476691455
2025-08-09T00:00:00Z,2575.6072665366332,-2811.901559283782,-2811.901559283782,-2811.901559283782,0,0,0,0,0,0,0,0,0,0,0,0,0,0,0,0,0,0,-1357.0906270628539,-1357.0906270628539,-1357.0906270628539,0,0,0,0,0,0,-1466.1415354227106,-1466.1415354227106,-1466.1415354227106,11.33060320178231,11.33060320178231,11.33060320178231,0,0,0,-2114.295505770997,1670.78621170738,2575.6072665366332,2575.6072665366332,-236.29429274714857
2025-08-10T00:00:00Z,2575.846800468014,-3386.0858544979073,-3386.0858544979073,-3386.0858544979073,0,0,0,0,0,0,0,0,0,0,0,0,0,0,0,0,0,0,-1333.459365994536,-1333.459365994536,-1333.459365994536,0,0,0,0,0,0,-2070.330156386294,-2070.330156386294,-2070.330156386294,17.703667882922765,17.703667882922765,17.703667882922765,0,0,0,-2691.506520680166,1220.246632544158,2575.846800468014,2575.846800468014,-810.2390540298934
2025-08-11T00:00:00Z,2576.086334399395,-663.110921772426,-663.110921772426,-663.110921772426,0,0,0,0,0,0,0,0,0,0,0,0,0,0,0,0,0,0,-1094.986790468799,-1094.986790468799,-1094.986790468799,0,0,0,0,0,0,407.34003320355663,407.34003320355663,407.34003320355663,24.535835492816275,24.535835492816275,24.535835492816275,0,0,0,-55.616238944384015,3823.469407534673,2576.086334399395,2576.086334399395,1912.975412626969
2025-08-12T00:00:00Z,2576.325868330776,-12.778083285451029,-12.778083285451029,-12.778083285451029,0,0,0,0,0,0,0,0,0,0,0,0,0,0,0,0,0,0,-796.4929906584315,-796.4929906584315,-796.4929906584315,0,0,0,0,0,0,751.8708176878152,751.8708176878152,751.8708176878152,31.8440896851654,31.8440896851654,31.8440896851654,0,0,0,613.9893798895852,4437.559179293979,2576.325868330776,2576.325868330776,2563.547785045325
2025-08-13T00:00:00Z,2576.565402262157,182.27298955296834,182.27298955296834,182.27298955296834,0,0,0,0,0,0,0,0,0,0,0,0,0,0,0,0,0,0,-642.9589407056882,-642.9589407056882,-642.9589407056882,0,0,0,0,0,0,785.6068199371609,785.6068199371609,785.6068199371609,39.625110321495434,39.625110321495434,39.625110321495434,0,0,0,856.7559788827433,4728.293018857917,2576.565402262157,2576.565402262157,2758.8383918151253
2025-08-14T00:00:00Z,2576.8049361935377,192.22334399948951,192.22334399948951,192.22334399948951,0,0,0,0,0,0,0,0,0,0,0,0,0,0,0,0,0,0,-667.8031559851617,-667.8031559851617,-667.8031559851617,0,0,0,0,0,0,812.1740657426873,812.1740657426873,812.1740657426873,47.85243424196385,47.85243424196385,47.85243424196385,0,0,0,851.8593658976215,4607.304312655058,2576.8049361935377,2576.8049361935377,2769.028280193027
2025-08-15T00:00:00Z,2577.044470124919,124.42142693621835,124.42142693621835,124.42142693621835,0,0,0,0,0,0,0,0,0,0,0,0,0,0,0,0,0,0,-711.5326656106379,-711.5326656106379,-711.5326656106379,0,0,0,0,0,0,779.4799552344105,779.4799552344105,779.4799552344105,56.47413731244604,56.47413731244604,56.47413731244604,0,0,0,750.419109920183,4561.120581012954,2577.044470124919,2577.044470124919,2701.465897061137
2025-08-16T00:00:00Z,2577.2840040562996,-2008.655461028104,-2008.655461028104,-2008.655461028104,0,0,0,0,0,0,0,0,0,0,0,0,0,0,0,0,0,0,-607.9250956957666,-607.9250956957666,-607.9250956957666,0,0,0,0,0,0,-1466.1415354156331,-1466.1415354156331,-1466.1415354156331,65.41117008329539,65.41117008329539,65.41117008329539,0,0,0,-1474.4639213092505,2566.2537912786124,2577.2840040562996,2577.2840040562996,568.6285430281957
2025-08-17T00:00:00Z,2577.523537987681,-2364.247449562852,-2364.247449562852,-2364.247449562852,0,0,0,0,0,0,0,0,0,0,0,0,0,0,0,0,0,0,-368.47375807061815,-368.47375807061815,-368.47375807061815,0,0,0,0,0,0,-2070.3301563857062,-2070.3301563857062,-2070.3301563857062,74.55646489347193,74.55646489347193,74.55646489347193,0,0,0,-1900.5027344170642,2107.6895823795157,2577.523537987681,2577.523537987681,213.27608842482869
2025-08-18T00:00:00Z,2577.7630719190615,324.6187062963077,324.6187062963077,324.6187062963077,0,0,0,0,0,0,0,0,0,0,0,0,0,0,0,0,0,0,-166.49623954552933,-166.49623954552933,-166.49623954552933,0,0,0,0,0,0,407.3400332042407,407.3400332042407,407.3400332042407,83.77491263759636,83.77491263759636,83.77491263759636,0,0,0,808.3205956983708,4984.621420849379,2577.7630719190615,2577.7630719190615,2902.381778215369
2025-08-19T00:00:00Z,2578.0026058504427,704.0344180074148,704.0344180074148,704.0344180074148,0,0,0,0,0,0,0,0,0,0,0,0,0,0,0,0,0,0,-140.74068286460806,-140.74068286460806,-140.74068286460806,0,0,0,0,0,0,751.8708176885768,751.8708176885768,751.8708176885768,92.9042831834462,92.9042831834462,92.9042831834462,0,0,0,1453.3042538176821,5268.208696358625,2578.0026058504427,2578.0026058504427,3282.0370238578575
2025-08-20T00:00:00Z,2578.242139781824,654.3119774485224,654.3119774485224,654.3119774485224,0,0,0,0,0,0,0,0,0,0,0,0,0,0,0,0,0,0,-233.05197774179538,-233.05197774179538,-233.05197774179538,0,0,0,0,0,0,785.6068199375911,785.6068199375911,785.6068199375911,101.75713525272673,101.75713525272673,101.75713525272673,0,0,0,1208.793274818718,5034.128933206538,2578.242139781824,2578.242139781824,3232.5541172303465
2025-08-21T00:00:00Z,2578.481673713205,681.2329637643188,681.2329637643188,681.2329637643188,0,0,0,0,0,0,0,0,0,0,0,0,0,0,0,0,0,0,-241.06483224894134,-241.06483224894134,-241.06483224894134,0,0,0,0,0,0,812.1740657449135,812.1740657449135,812.1740657449135,110.12373026834672,110.12373026834672,110.12373026834672,0,0,0,1377.2435839434381,5161.588271472419,2578.481673713205,2578.481673713205,3259.714637477524
2025-08-22T00:00:00Z,2578.721207644586,860.0192835358753,860.0192835358753,860.0192835358753,0,0,0,0,0,0,0,0,0,0,0,0,0,0,0,0,0,0,-37.236602911508584,-37.236602911508584,-37.236602911508584,0,0,0,0,0,0,779.4799552328216,779.4799552328216,779.4799552328216,117.77593121456225,117.77593121456225,117.77593121456225,0,0,0,1475.4971985453992,5410.431730958816,2578.721207644586,2578.721207644586,3438.740491180461
2025-08-23T00:00:00Z,2578.960741575967,-1059.952903881588,-1059.952903881588,-1059.952903881588,0,0,0,0,0,0,0,0,0,0,0,0,0,0,0,0,0,0,281.71659854282154,281.71659854282154,281.71659854282154,0,0,0,0,0,0,-1466.141535418633,-1466.141535418633,-1466.141535418633,124.47203299422303,124.47203299422303,124.47203299422303,0,0,0,-481.35414842398325,3415.064696871819,2578.960741575967,2578.960741575967,1519.0078376943788
2025-08-24T00:00:00Z,2579.200275507348,-1447.0674872262182,-1447.0674872262182,-1447.0674872262182,0,0,0,0,0,0,0,0,0,0,0,0,0,0,0,0,0,0,493.30023290289427,493.30023290289427,493.30023290289427,0,0,0,0,0,0,-2070.3301563904647,-2070.3301563904647,-2070.3301563904647,129.96243626135188,129.96243626135188,129.96243626135188,0,0,0,-683.7639172758468,3212.0333125623793,2579.200275507348,2579.200275507348,1132.13278828113
2025-08-25T00:00:00Z,2579.439809438729,1057.8249950045572,1057.8249950045572,1057.8249950045572,0,0,0,0,0,0,0,0,0,0,0,0,0,0,0,0,0,0,516.4889183692633,516.4889183692633,516.4889183692633,0,0,0,0,0,0,407.3400332049249,407.3400332049249,407.3400332049249,133.9960434303691,133.9960434303691,133.9960434303691,0,0,0,1802.8146668716108,5673.524444419143,2579.439809438729,2579.439809438729,3637.2648044432863
2025-08-26T00:00:00Z,2579.6793433701096,1457.2150651778365,1457.2150651778365,1457.2150651778365,0,0,0,0,0,0,0,0,0,0,0,0,0,0,0,0,0,0,569.017022802474,569.017022802474,569.017022802474,0,0,0,0,0,0,751.8708176885116,751.8708176885116,751.8708176885116,136.32722468685077,136.32722468685077,136.32722468685077,0,0,0,2167.539056554048,6070.489284772441,2579.6793433701096,2579.6793433701096,4036.894408547946
2025-08-27T00:00:00Z,2579.9188773014907,1933.3699096358969,1933.3699096358969,1933.3699096358969,0,0,0,0,0,0,0,0,0,0,0,0,0,0,0,0,0,0,1011.039915208496,1011.039915208496,1011.039915208496,0,0,0,0,0,0,785.6068199373478,785.6068199373478,785.6068199373478,136.72317449005357,136.72317449005357,136.72317449005357,0,0,0,2639.372946872209,6470.689333284377,2579.9188773014907,2579.9188773014907,4513.288786937388
2025-08-28T00:00:00Z,2580.158411232872,2919.2623866801414,2919.2623866801414,2919.2623866801414,0,0,0,0,0,0,0,0,0,0,0,0,0,0,0,0,0,0,1972.1168646227359,1972.1168646227359,1972.1168646227359,0,0,0,0,0,0,812.1740657442954,812.1740657442954,812.1740657442954,134.97145631310968,134.97145631310968,134.97145631310968,0,0,0,3592.7370380717302,7474.736585147332,2580.158411232872,2580.158411232872,5499.420797913013
2025-08-29T00:00:00Z,2580.3979451642526,4011.5860971389125,4011.5860971389125,4011.5860971389125,0,0,0,0,0,0,0,0,0,0,0,0,0,0,0,0,0,0,3101.218625753625,3101.218625753625,3101.218625753625,0,0,0,0,0,0,779.4799552331214,779.4799552331214,779.4799552331214,130.8875161521659,130.8875161521659,130.8875161521659,0,0,0,4617.058815200828,8608.705225768048,2580.3979451642526,2580.3979451642526,6591.984042303166
2025-08-30T00:00:00Z,2580.6374790956334,2372.4883325903957,2372.4883325903957,2372.4883325903957,0,0,0,0,0,0,0,0,0,0,0,0,0,0,0,0,0,0,3714.307933579441,3714.307933579441,3714.307933579441,0,0,0,0,0,0,-1466.1415354176715,-1466.1415354176715,-1466.1415354176715,124.3219344286269,124.3219344286269,124.3219344286269,0,0,0,3153.6098473541965,6925.70102905943,2580.6374790956334,2580.6374790956334,4953.125811686029
2025-08-31T00:00:00Z,2580.877013027015,-448.2597822836077,-448.2597822836077,-448.2597822836077,0,0,0,0,0,0,-1767.1012203123178,-1767.1012203123178,-1767.1012203123178,0,0,0,0,0,0,-1767.1012203123178,-1767.1012203123178,-1767.1012203123178,3274.0044125020986,3274.0044125020986,3274.0044125020986,0,0,0,0,0,0,-2070.3301563881955,-2070.3301563881955,-2070.3301563881955,115.16718191480614,115.16718191480614,115.16718191480614,0,0,0,268.5543100535054,4035.323001636578,2580.877013027015,2580.877013027015,2132.617230743407
2025-09-01T00:00:00Z,2581.116546958396,566.1795093352752,566.1795093352752,566.1795093352752,0,0,0,0,0,0,-1767.1012203123178,-1767.1012203123178,-1767.1012203123178,0,0,0,0,0,0,-1767.1012203123178,-1767.1012203123178,-1767.1012203123178,1822.5770478122263,1822.5770478122263,1822.5770478122263,0,0,0,0,0,0,407.340033207705,407.340033207705,407.340033207705,103.36364862766158,103.36364862766158,103.36364862766158,0,0,0,1196.9802029992325,5027.840378354107,2581.116546958396,2581.116546958396,3147.2960562936714
2025-09-02T00:00:00Z,2581.356080889777,838.9047395897759,838.9047395897759,838.9047395897759,0,0,0,0,0,0,0,0,0,0,0,0,0,0,0,0,0,0,-1.8708035130839393,-1.8708035130839393,-1.8708035130839393,0,0,0,0,0,0,751.8708176882391,751.8708176882391,751.8708176882391,88.9047254146207,88.9047254146207,88.9047254146207,0,0,0,1476.9109614519214,5314.950544369442,2581.356080889777,2581.356080889777,3420.260820479553
2025-09-03T00:00:00Z,2581.595614821158,-539.4819742336247,-539.4819742336247,-539.4819742336247,0,0,0,0,0,0,0,0,0,0,0,0,0,0,0,0,0,0,-1396.929530329469,-1396.929530329469,-1396.929530329469,0,0,0,0,0,0,785.6068199371039,785.6068199371039,785.6068199371039,71.84073615873967,71.84073615873967,71.84073615873967,0,0,0,250.55487517166702,3979.710702155577,2581.595614821158,2581.595614821158,2042.1136405875334
2025-09-04T00:00:00Z,2581.8351487525388,-1066.8563337791772,-1066.8563337791772,-1066.8563337791772,0,0,0,0,0,0,0,0,0,0,0,0,0,0,0,0,0,0,-1931.3119433307704,-1931.3119433307704,-1931.3119433307704,0,0,0,0,0,0,812.1740657424541,812.1740657424541,812.1740657424541,52.28154380913828,52.28154380913828,52.28154380913828,0,0,0,-414.4162151501561,3536.4680277539474,2581.8351487525388,2581.8351487525388,1514.9788149733615
2025-09-05T00:00:00Z,2582.07468268392,-2719.3281800657383,-2719.3281800657383,-2719.3281800657383,0,0,0,0,0,0,-1767.1012203123178,-1767.1012203123178,-1767.1012203123178,0,0,0,0,0,0,-1767.1012203123178,-1767.1012203123178,-1767.1012203123178,-1762.1046002789508,-1762.1046002789508,-1762.1046002789508,0,0,0,0,0,0,779.4799552296439,779.4799552296439,779.4799552296439,30.397685295886543,30.397685295886543,30.397685295886543,0,0,0,-1870.3310200277167,1766.731286294877,2582.07468268392,2582.07468268392,-137.2534973818183
2025-09-06T00:00:00Z,2582.3142166153007,-2854.520455068355,-2854.520455068355,-2854.520455068355,0,0,0,0,0,0,0,0,0,0,0,0,0,0,0,0,0,0,-1394.7988476535895,-1394.7988476535895,-1394.7988476535895,0,0,0,0,0,0,-1466.141535420672,-1466.141535420672,-1466.141535420672,6.419928005906093,6.419928005906093,6.419928005906093,0,0,0,-2103.9226023870015,1726.0181227609773,2582.3142166153007,2582.3142166153007,-272.20623845305454
2025-09-07T00:00:00Z,2582.553750546682,-3321.999230418485,-3321.999230418485,-3321.999230418485,0,0,0,0,0,0,0,0,0,0,0,0,0,0,0,0,0,0,-1232.30625694467,-1232.30625694467,-1232.30625694467,0,0,0,0,0,0,-2070.330156389288,-2070.330156389288,-2070.330156389288,-19.362817084527062,-19.362817084527062,-19.362817084527062,0,0,0,-2719.1603298948735,1320.7701037401064,2582.553750546682,2582.553750546682,-739.445479871803
2025-09-08T00:00:00Z,2582.7932844780626,-944.7057065339545,-944.7057065339545,-944.7057065339545,0,0,0,0,0,0,0,0,0,0,0,0,0,0,0,0,0,0,-1305.4384952863118,-1305.4384952863118,-1305.4384952863118,0,0,0,0,0,0,407.3400332083892,407.3400332083892,407.3400332083892,-46.60724445603237,-46.60724445603237,-46.60724445603237,0,0,0,-386.5925079134713,3606.6598129329714,2582.7932844780626,2582.7932844780626,1638.087577944108
2025-09-09T00:00:00Z,2583.0328184094437,-696.2252789106111,-696.2252789106111,-696.2252789106111,0,0,0,0,0,0,0,0,0,0,0,0,0,0,0,0,0,0,-1373.1750608730981,-1373.1750608730981,-1373.1750608730981,0,0,0,0,0,0,751.8708176894154,751.8708176894154,751.8708176894154,-74.92103572692862,-74.92103572692862,-74.92103572692862,0,0,0,-77.30358179759564,3809.0347409443325,2583.0328184094437,2583.0328184094437,1886.8075394988327
2025-09-10T00:00:00Z,2583.2723523408245,-553.9457667359594,-553.9457667359594,-553.9457667359594,0,0,0,0,0,0,0,0,0,0,0,0,0,0,0,0,0,0,-1235.6827915478063,-1235.6827915478063,-1235.6827915478063,0,0,0,0,0,0,785.6068199368605,785.6068199368605,785.6068199368605,-103.86979512501341,-103.86979512501341,-103.86979512501341,0,0,0,108.84441407990204,3976.255279751805,2583.2723523408245,2583.2723523408245,2029.3265856048652
2025-09-11T00:00:00Z,2583.5118862722056,-259.25071465514895,-259.25071465514895,-259.25071465514895,0,0,0,0,0,0,0,0,0,0,0,0,0,0,0,0,0,0,-938.4393691927954,-938.4393691927954,-938.4393691927954,0,0,0,0,0,0,812.1740657418362,812.1740657418362,812.1740657418362,-132.9854112041897,-132.9854112041897,-132.9854112041897,0,0,0,494.7009106510555,4143.4171298312785,2583.5118862722056,2583.5118862722056,2324.261171617057
2025-09-12T00:00:00Z,2583.751420203587,-76.23872311934147,-76.23872311934147,-76.23872311934147,0,0,0,0,0,0,0,0,0,0,0,0,0,0,0,0,0,0,-693.9430076980761,-693.9430076980761,-693.9430076980761,0,0,0,0,0,0,779.4799552363264,779.4799552363264,779.4799552363264,-161.7756706575914,-161.7756706575914,-161.7756706575914,0,0,0,433.31181029751167,4375.529625090664,2583.751420203587,2583.751420203587,2507.5126970842452
2025-09-13T00:00:00Z,2583.990954134968,-2295.9458997966062,-2295.9458997966062,-2295.9458997966062,0,0,0,0,0,0,0,0,0,0,0,0,0,0,0,0,0,0,-640.0694572998156,-640.0694572998156,-640.0694572998156,0,0,0,0,0,0,-1466.1415354216908,-1466.1415354216908,-1466.1415354216908,-189.73490707509987,-189.73490707509987,-189.73490707509987,0,0,0,-1611.9702047166447,2172.701336848745,2583.990954134968,2583.990954134968,288.04505433836175
2025-09-14T00:00:00Z,2584.2304880663487,-2987.0408921783846,-2987.0408921783846,-2987.0408921783846,0,0,0,0,0,0,0,0,0,0,0,0,0,0,0,0,0,0,-700.3553062709585,-700.3553062709585,-700.3553062709585,0,0,0,0,0,0,-2070.3301563870186,-2070.3301563870186,-2070.3301563870186,-216.3554295204072,-216.3554295204072,-216.3554295204072,0,0,0,-2310.8161276622477,1477.6524849936045,2584.2304880663487,2584.2304880663487,-402.81040411203594
2025-09-15T00:00:00Z,2584.47002199773,-2283.5262833904394,-2283.5262833904394,-2283.5262833904394,0,0,0,0,0,0,-1767.1012203123178,-1767.1012203123178,-1767.1012203123178,0,0,0,0,0,0,-1767.1012203123178,-1767.1012203123178,-1767.1012203123178,-682.6256521215217,-682.6256521215217,-682.6256521215217,0,0,0,0,0,0,407.34003320189555,407.34003320189555,407.34003320189555,-241.13944415849556,-241.13944415849556,-241.13944415849556,0,0,0,-1553.228944371825,2219.4707514023285,2584.47002199773,2584.47002199773,300.94373860729047
2025-09-16T00:00:00Z,2584.7095559291106,-1775.151130322023,-1775.151130322023,-1775.151130322023,0,0,0,0,0,0,-1767.1012203123178,-1767.1012203123178,-1767.1012203123178,0,0,0,0,0,0,-1767.1012203123178,-1767.1012203123178,-1767.1012203123178,-496.3095696906056,-496.3095696906056,-496.3095696906056,0,0,0,0,0,0,751.8708176889354,751.8708176889354,751.8708176889354,-263.6111580080348,-263.6111580080348,-263.6111580080348,0,0,0,-1193.1651679559395,2821.8383107499394,2584.7095559291106,2584.7095559291106,809.5584256070877
2025-09-17T00:00:00Z,2584.9490898604918,251.65265553612474,251.65265553612474,251.65265553612474,0,0,0,0,0,0,0,0,0,0,0,0,0,0,0,0,0,0,-250.62542622280887,-250.62542622280887,-250.62542622280887,0,0,0,0,0,0,785.6068199372909,785.6068199372909,785.6068199372909,-283.3287381783573,-283.3287381783573,-283.3287381783573,0,0,0,959.9636443988933,4678.761353975836,2584.9490898604918,2584.9490898604918,2836.6017453966165
2025-09-18T00:00:00Z,2585.188623791873,382.2732987236604,382.2732987236604,382.2732987236604,0,0,0,0,0,0,0,0,0,0,0,0,0,0,0,0,0,0,-130.0049736349658,-130.0049736349658,-130.0049736349658,0,0,0,0,0,0,812.1740657440622,812.1740657440622,812.1740657440622,-299.895793385436,-299.895793385436,-299.895793385436,0,0,0,886.3203775674614,4946.4751180931335,2585.188623791873,2585.188623791873,2967.4619225155334
2025-09-19T00:00:00Z,2585.4281577232537,282.8660293664671,282.8660293664671,282.8660293664671,0,0,0,0,0,0,0,0,0,0,0,0,0,0,0,0,0,0,-183.64187827103447,-183.64187827103447,-183.64187827103447,0,0,0,0,0,0,779.479955236626,779.479955236626,779.479955236626,-312.9720475991246,-312.9720475991246,-312.9720475991246,0,0,0,912.6352865386898,4814.721745162127,2585.4281577232537,2585.4281577232537,2868.2941870897207
2025-09-20T00:00:00Z,2585.6676916546344,-2048.486456740384,-2048.486456740384,-2048.486456740384,0,0,0,0,0,0,0,0,0,0,0,0,0,0,0,0,0,0,-260.06203280520936,-260.06203280520936,-260.06203280520936,0,0,0,0,0,0,-1466.141535414613,-1466.141535414613,-1466.141535414613,-322.2828885205609,-322.2828885205609,-322.2828885205609,0,0,0,-1482.39741378428,2475.389375441504,2585.6676916546344,2585.6676916546344,537.1812349142506
2025-09-21T00:00:00Z,2585.9072255860156,-2562.9812702205704,-2562.9812702205704,-2562.9812702205704,0,0,0,0,0,0,0,0,0,0,0,0,0,0,0,0,0,0,-165.02361771752928,-165.02361771752928,-165.02361771752928,0,0,0,0,0,0,-2070.3301563864306,-2070.3301563864306,-2070.3301563864306,-327.62749611661036,-327.62749611661036,-327.62749611661036,0,0,0,-1867.0216887829836,2026.435458941322,2585.9072255860156,2585.9072255860156,22.925955365445134
2025-09-22T00:00:00Z,2586.1467595173967,200.15660325432268,200.15660325432268,200.15660325432268,0,0,0,0,0,0,0,0,0,0,0,0,0,0,0,0,0,0,121.70185827919109,121.70185827919109,121.70185827919109,0,0,0,0,0,0,407.3400332036277,407.3400332036277,407.3400332036277,-328.8852882284962,-328.8852882284962,-328.8852882284962,0,0,0,709.2381701142609,4746.98493670259,2586.1467595173967,2586.1467595173967,2786.3033627717195
2025-09-23T00:00:00Z,2586.386293448778,838.288205930246,838.288205930246,838.288205930246,0,0,0,0,0,0,0,0,0,0,0,0,0,0,0,0,0,0,412.43784887851274,412.43784887851274,412.43784887851274,0,0,0,0,0,0,751.87081768887,751.87081768887,751.87081768887,-326.02046063713703,-326.02046063713703,-326.02046063713703,0,0,0,1433.5494120295843,5429.642702223115,2586.386293448778,2586.386293448778,3424.674499379024
2025-09-24T00:00:00Z,2586.625827380159,988.1953899529385,988.1953899529385,988.1953899529385,0,0,0,0,0,0,0,0,0,0,0,0,0,0,0,0,0,0,521.6730169262257,521.6730169262257,521.6730169262257,0,0,0,0,0,0,785.6068199363731,785.6068199363731,785.6068199363731,-319.0844469096604,-319.0844469096604,-319.0844469096604,0,0,0,1593.8390252075578,5604.930108516045,2586.625827380159,2586.625827380159,3574.8212173330976
2025-09-25T00:00:00Z,2586.86536131154,1019.8584946544863,1019.8584946544863,1019.8584946544863,0,0,0,0,0,0,0,0,0,0,0,0,0,0,0,0,0,0,515.9006065738753,515.9006065738753,515.9006065738753,0,0,0,0,0,0,812.1740657434441,812.1740657434441,812.1740657434441,-308.21617766283293,-308.21617766283293,-308.21617766283293,0,0,0,1670.9407522091165,5582.0589459723615,2586.86536131154,2586.86536131154,3606.7238559660263
2025-09-26T00:00:00Z,2587.104895242921,1209.2121562292543,1209.2121562292543,1209.2121562292543,0,0,0,0,0,0,0,0,0,0,0,0,0,0,0,0,0,0,723.3722790890677,723.3722790890677,723.3722790890677,0,0,0,0,0,0,779.4799552350372,779.4799552350372,779.4799552350372,-293.64007809485065,-293.64007809485065,-293.64007809485065,0,0,0,1891.7367538623203,5909.6463889545075,2587.104895242921,2587.104895242921,3796.317051472175
2025-09-27T00:00:00Z,2587.3444291743017,-304.9233096769023,-304.9233096769023,-304.9233096769023,0,0,0,0,0,0,0,0,0,0,0,0,0,0,0,0,0,0,1436.8800308683337,1436.8800308683337,1436.8800308683337,0,0,0,0,0,0,-1466.1415354156325,-1466.1415354156325,-1466.1415354156325,-275.66180512960335,-275.66180512960335,-275.66180512960335,0,0,0,313.6189982256182,4079.322901707902,2587.3444291743017,2587.3444291743017,2282.4211194973996
2025-09-28T00:00:00Z,2587.583963105683,230.33462755850792,230.33462755850792,230.33462755850792,0,0,0,0,0,0,0,0,0,0,0,0,0,0,0,0,0,0,2555.3265734714273,2555.3265734714273,2555.3265734714273,0,0,0,0,0,0,-2070.330156384161,-2070.330156384161,-2070.330156384161,-254.66178952875842,-254.66178952875842,-254.66178952875842,0,0,0,799.6361321527247,4834.234587255428,2587.583963105683,2587.583963105683,2817.9185906641906
2025-09-29T00:00:00Z,2587.8234970370636,3691.976279577908,3691.976279577908,3691.976279577908,0,0,0,0,0,0,0,0,0,0,0,0,0,0,0,0,0,0,3515.7229583586227,3515.7229583586227,3515.7229583586227,0,0,0,0,0,0,407.3400332053599,407.3400332053599,407.3400332053599,-231.0867119860746,-231.0867119860746,-231.0867119860746,0,0,0,4304.238980812091,8094.857136210693,2587.8234970370636,2587.8234970370636,6279.799776614971
2025-09-30T00:00:00Z,2588.0630309684448,4185.982754656739,4185.982754656739,4185.982754656739,0,0,0,0,0,0,0,0,0,0,0,0,0,0,0,0,0,0,3639.551040629731,3639.551040629731,3639.551040629731,0,0,0,0,0,0,751.8708176888047,751.8708176888047,751.8708176888047,-205.4391036617975,-205.4391036617975,-205.4391036617975,0,0,0,4788.917977845883,8620.54266125464,2588.0630309684448,2588.0630309684448,6774.045785625184
2025-10-01T00:00:00Z,2588.3025648998255,3252.6981539959597,3252.6981539959597,3252.6981539959597,0,0,0,0,0,0,0,0,0,0,0,0,0,0,0,0,0,0,2645.3566530209578,2645.3566530209578,2645.3566530209578,0,0,0,0,0,0,785.6068199373003,785.6068199373003,785.6068199373003,-178.26531896229872,-178.26531896229872,-178.26531896229872,0,0,0,3900.083114423699,7828.918366317778,2588.3025648998255,2588.3025648998255,5841.000718895785
2025-10-02T00:00:00Z,2588.5420988312067,1565.7759483793213,1565.7759483793213,1565.7759483793213,0,0,0,0,0,0,0,0,0,0,0,0,0,0,0,0,0,0,903.7440624938603,903.7440624938603,903.7440624938603,0,0,0,0,0,0,812.1740657442482,812.1740657442482,812.1740657442482,-150.14217985878693,-150.14217985878693,-150.14217985878693,0,0,0,2222.966263524194,6254.6866573549905,2588.5420988312067,2588.5420988312067,4154.318047210528
2025-10-03T00:00:00Z,2588.7816327625874,-135.79764741174415,-135.79764741174415,-135.79764741174415,0,0,0,0,0,0,0,0,0,0,0,0,0,0,0,0,0,0,-793.6149676341714,-793.6149676341714,-793.6149676341714,0,0,0,0,0,0,779.4799552334484,779.4799552334484,779.4799552334484,-121.66263501102155,-121.66263501102155,-121.66263501102155,0,0,0,401.6526617610273,4445.294781385474,2588.7816327625874,2588.7816327625874,2452.9839853508433
2025-10-04T00:00:00Z,2589.0211666939686,-3334.4113924993967,-3334.4113924993967,-3334.4113924993967,0,0,0,0,0,0,0,0,0,0,0,0,0,0,0,0,0,0,-1774.8490451083653,-1774.8490451083653,-1774.8490451083653,0,0,0,0,0,0,-1466.1415354186327,-1466.1415354186327,-1466.1415354186327,-93.42081197239835,-93.42081197239835,-93.42081197239835,0,0,0,-2628.6471254516446,973.3760875870522,2589.0211666939686,2589.0211666939686,-745.3902258054281
2025-10-05T00:00:00Z,2589.2607006253497,-4042.2967687038613,-4042.2967687038613,-4042.2967687038613,0,0,0,0,0,0,0,0,0,0,0,0,0,0,0,0,0,0,-1905.9697467526914,-1905.9697467526914,-1905.9697467526914,0,0,0,0,0,0,-2070.3301563852538,-2070.3301563852538,-2070.3301563852538,-65.99686556591688,-65.99686556591688,-65.99686556591688,0,0,0,-3472.649304102945,404.64139860616405,2589.2607006253497,2589.2607006253497,-1453.0360680785116
2025-10-06T00:00:00Z,2589.500234556731,-1203.3501510957144,-1203.3501510957144,-1203.3501510957144,0,0,0,0,0,0,0,0,0,0,0,0,0,0,0,0,0,0,-1570.7481450830485,-1570.7481450830485,-1570.7481450830485,0,0,0,0,0,0,407.3400331978184,407.3400331978184,407.3400331978184,-39.94203921048416,-39.94203921048416,-39.94203921048416,0,0,0,-604.0698285283412,3320.549237111431,2589.500234556731,2589.500234556731,1386.1500834610165
2025-10-07T00:00:00Z,2589.7397684881116,-540.6090058546843,-540.6090058546843,-540.6090058546843,0,0,0,0,0,0,0,0,0,0,0,0,0,0,0,0,0,0,-1276.715465659288,-1276.715465659288,-1276.715465659288,0,0,0,0,0,0,751.8708176883245,751.8708176883245,751.8708176883245,-15.764357883721113,-15.764357883721113,-15.764357883721113,0,0,0,52.2288174029713,3929.088101247916,2589.7397684881116,2589.7397684881116,2049.1307626334274
2025-10-08T00:00:00Z,2589.979302419493,-459.83332551858985,-459.83332551858985,-459.83332551858985,0,0,0,0,0,0,0,0,0,0,0,0,0,0,0,0,0,0,-1251.5247842039905,-1251.5247842039905,-1251.5247842039905,0,0,0,0,0,0,785.6068199370565,785.6068199370565,785.6068199370565,6.084638748344066,6.084638748344066,6.084638748344066,0,0,0,189.0846163237009,4112.954166946826,2589.979302419493,2589.979302419493,2130.145976900903
2025-10-09T00:00:00Z,2590.2188363508735,-519.6948246347586,-519.6948246347586,-519.6948246347586,0,0,0,0,0,0,0,0,0,0,0,0,0,0,0,0,0,0,-1357.0906270626067,-1357.0906270626067,-1357.0906270626067,0,0,0,0,0,0,812.1740657424069,812.1740657424069,812.1740657424069,25.22173668544095,25.22173668544095,25.22173668544095,0,0,0,172.0054964324148,3907.60999988983,2590.2188363508735,2590.2188363508735,2070.5240117161147
2025-10-10T00:00:00Z,2590.4583702822547,-512.6373018766707,-512.6373018766707,-512.6373018766707,0,0,0,0,0,0,0,0,0,0,0,0,0,0,0,0,0,0,-1333.459365994443,-1333.459365994443,-1333.459365994443,0,0,0,0,0,0,779.4799552318597,779.4799552318597,779.4799552318597,41.342108885912616,41.342108885912616,41.342108885912616,0,0,0,306.11957712920395,3929.8852634205364,2590.4583702822547,2590.4583702822547,2077.821068405584
2025-10-11T00:00:00Z,2590.6979042136354,-2506.901036274217,-2506.901036274217,-2506.901036274217,0,0,0,0,0,0,0,0,0,0,0,0,0,0,0,0,0,0,-1094.9867904677994,-1094.9867904677994,-1094.9867904677994,0,0,0,0,0,0,-1466.1415354176713,-1466.1415354176713,-1466.1415354176713,54.22728961125355,54.22728961125355,54.22728961125355,0,0,0,-1820.5022812994587,2032.048451148627,2590.6979042136354,2590.6979042136354,83.79686793941846
2025-10-12T00:00:00Z,2590.9374381450166,-2803.0723386740215,-2803.0723386740215,-2803.0723386740215,0,0,0,0,0,0,0,0,0,0,0,0,0,0,0,0,0,0,-796.4929906588251,-796.4929906588251,-796.4929906588251,0,0,0,0,0,0,-2070.330156388332,-2070.330156388332,-2070.330156388332,63.75080837313546,63.75080837313546,63.75080837313546,0,0,0,-2086.898553208747,1663.9085659703446,2590.9374381450166,2590.9374381450166,-212.13490052900488
2025-10-13T00:00:00Z,2591.1769720763978,-165.73761466258512,-165.73761466258512,-165.73761466258512,0,0,0,0,0,0,0,0,0,0,0,0,0,0,0,0,0,0,-642.9589407062153,-642.9589407062153,-642.9589407062153,0,0,0,0,0,0,407.34003320059827,407.34003320059827,407.34003320059827,69.8812928430321,69.8812928430321,69.8812928430321,0,0,0,414.56861636600496,4216.458929096306,2591.1769720763978,2591.1769720763978,2425.4393574138126
2025-10-14T00:00:00Z,2591.4165060077785,156.75058129865985,156.75058129865985,156.75058129865985,0,0,0,0,0,0,0,0,0,0,0,0,0,0,0,0,0,0,-667.8031559862881,-667.8031559862881,-667.8031559862881,0,0,0,0,0,0,751.8708176882593,751.8708176882593,751.8708176882593,72.68291959668868,72.68291959668868,72.68291959668868,0,0,0,757.4694788008114,4730.40886061138,2591.4165060077785,2591.4165060077785,2748.167087306438
2025-10-15T00:00:00Z,2591.6560399391597,146.38732020161555,146.38732020161555,146.38732020161555,0,0,0,0,0,0,0,0,0,0,0,0,0,0,0,0,0,0,-711.532665610194,-711.532665610194,-711.532665610194,0,0,0,0,0,0,785.606819937487,785.606819937487,785.606819937487,72.31316587432246,72.31316587432246,72.31316587432246,0,0,0,926.3423238743072,4606.63978306265,2591.6560399391597,2591.6560399391597,2738.0433601407753
2025-10-16T00:00:00Z,2591.895573870541,273.26686262664583,273.26686262664583,273.26686262664583,0,0,0,0,0,0,0,0,0,0,0,0,0,0,0,0,0,0,-607.9250956963704,-607.9250956963704,-607.9250956963704,0,0,0,0,0,0,812.1740657432114,812.1740657432114,812.1740657432114,69.01789257980519,69.01789257980519,69.01789257980519,0,0,0,893.59071040726,4808.650955126113,2591.895573870541,2591.895573870541,2865.1624364971867
2025-10-17T00:00:00Z,2592.135107801922,474.13006346543347,474.13006346543347,474.13006346543347,0,0,0,0,0,0,0,0,0,0,0,0,0,0,0,0,0,0,-368.47375806682174,-368.47375806682174,-368.47375806682174,0,0,0,0,0,0,779.4799552385417,779.4799552385417,779.4799552385417,63.12386629371334,63.12386629371334,63.12386629371334,0,0,0,1038.0710974550111,5006.121136539421,2592.135107801922,2592.135107801922,3066.2651712673555
2025-10-18T00:00:00Z,2592.3746417333027,-1577.608871053926,-1577.608871053926,-1577.608871053926,0,0,0,0,0,0,0,0,0,0,0,0,0,0,0,0,0,0,-166.4962395469623,-166.4962395469623,-166.4962395469623,0,0,0,0,0,0,-1466.141535420671,-1466.141535420671,-1466.141535420671,55.028903913707495,55.028903913707495,55.028903913707495,0,0,0,-889.2638834663977,2930.815127277883,2592.3746417333027,2592.3746417333027,1014.7657706793768
2025-10-19T00:00:00Z,2592.614175664684,-2165.880943861224,-2165.880943861224,-2165.880943861224,0,0,0,0,0,0,0,0,0,0,0,0,0,0,0,0,0,0,-140.74068286455937,-140.74068286455937,-140.74068286455937,0,0,0,0,0,0,-2070.330156387744,-2070.330156387744,-2070.330156387744,45.18989539107968,45.18989539107968,45.18989539107968,0,0,0,-1523.6158550009832,2466.8911438042537,2592.614175664684,2592.614175664684,426.73323180346006
2025-10-20T00:00:00Z,2592.8537095960646,-1558.704139109158,-1558.704139109158,-1558.704139109158,0,0,0,0,0,0,-1767.1012203123178,-1767.1012203123178,-1767.1012203123178,0,0,0,0,0,0,-1767.1012203123178,-1767.1012203123178,-1767.1012203123178,-233.05197774095532,-233.05197774095532,-233.05197774095532,0,0,0,0,0,0,407.3400332012827,407.3400332012827,407.3400332012827,34.10902574283254,34.10902574283254,34.10902574283254,0,0,0,-966.6122312656481,2888.3160064955164,2592.8537095960646,2592.8537095960646,1034.1495704869067
2025-10-21T00:00:00Z,2593.093243527446,533.1245605024386,533.1245605024386,533.1245605024386,0,0,0,0,0,0,0,0,0,0,0,0,0,0,0,0,0,0,-241.06483225103176,-241.06483225103176,-241.06483225103176,0,0,0,0,0,0,751.8708176879867,751.8708176879867,751.8708176879867,22.318575065484048,22.318575065484048,22.318575065484048,0,0,0,1212.6998416576089,5060.742311147748,2593.093243527446,2593.093243527446,3126.2178040298845
2025-10-22T00:00:00Z,2593.3327774588265,758.7349398263179,758.7349398263179,758.7349398263179,0,0,0,0,0,0,0,0,0,0,0,0,0,0,0,0,0,0,-37.23660291078866,-37.23660291078866,-37.23660291078866,0,0,0,0,0,0,785.6068199365693,785.6068199365693,785.6068199365693,10.364722800537427,10.364722800537427,10.364722800537427,0,0,0,1386.2057183263296,5201.951414760893,2593.3327774588265,2593.3327774588265,3352.0677172851447
2025-10-23T00:00:00Z,2593.5723113902077,1092.681482759712,1092.681482759712,1092.681482759712,0,0,0,0,0,0,0,0,0,0,0,0,0,0,0,0,0,0,281.7165985418037,281.7165985418037,281.7165985418037,0,0,0,0,0,0,812.174065742593,812.174065742593,812.174065742593,-1.2091815246843822,-1.2091815246843822,-1.2091815246843822,0,0,0,1665.829423686531,5723.814854631488,2593.5723113902077,2593.5723113902077,3686.2537941499195
2025-10-24T00:00:00Z,2593.8118453215884,1260.900792399835,1260.900792399835,1260.900792399835,0,0,0,0,0,0,0,0,0,0,0,0,0,0,0,0,0,0,493.30023290219367,493.30023290219367,493.30023290219367,0,0,0,0,0,0,779.4799552350647,779.4799552350647,779.4799552350647,-11.879395737423357,-11.879395737423357,-11.879395737423357,0,0,0,1998.0051900094306,5939.120525081692,2593.8118453215884,2593.8118453215884,3854.7126377214236
2025-10-25T00:00:00Z,2594.0513792529696,-970.8107329584332,-970.8107329584332,-970.8107329584332,0,0,0,0,0,0,0,0,0,0,0,0,0,0,0,0,0,0,516.4889183696812,516.4889183696812,516.4889183696812,0,0,0,0,0,0,-1466.1415354236715,-1466.1415354236715,-1466.1415354236715,-21.15811590444306,-21.15811590444306,-21.15811590444306,0,0,0,-465.8765228291311,3561.2951544825196,2594.0513792529696,2594.0513792529696,1623.2406462945364
2025-10-26T00:00:00Z,2594.2909131843503,-1529.9220043901423,-1529.9220043901423,-1529.9220043901423,0,0,0,0,0,0,0,0,0,0,0,0,0,0,0,0,0,0,569.0170228000954,569.0170228000954,569.0170228000954,0,0,0,0,0,0,-2070.330156387156,-2070.330156387156,-2070.330156387156,-28.608870803082382,-28.608870803082382,-28.608870803082382,0,0,0,-779.7605284413883,3047.3424738451977,2594.2909131843503,2594.2909131843503,1064.368908794208
2025-10-27T00:00:00Z,2594.5304471157315,1384.5194390337301,1384.5194390337301,1384.5194390337301,0,0,0,0,0,0,0,0,0,0,0,0,0,0,0,0,0,0,1011.0399152079301,1011.0399152079301,1011.0399152079301,0,0,0,0,0,0,407.34003320301474,407.34003320301474,407.34003320301474,-33.86050937721427,-33.86050937721427,-33.86050937721427,0,0,0,2046.1245227530203,5932.519567750472,2594.5304471157315,2594.5304471157315,3979.0498861494616
2025-10-28T00:00:00Z,2594.7699810471127,2687.368338390736,2687.368338390736,2687.368338390736,0,0,0,0,0,0,0,0,0,0,0,0,0,0,0,0,0,0,1972.1168646207743,1972.1168646207743,1972.1168646207743,0,0,0,0,0,0,751.8708176889559,751.8708176889559,751.8708176889559,-36.61934391899239,-36.61934391899239,-36.61934391899239,0,0,0,3464.138027993386,7169.915128997783,2594.7699810471127,2594.7699810471127,5282.138319437849
2025-10-29T00:00:00Z,2595.009514978494,3850.1463872705463,3850.1463872705463,3850.1463872705463,0,0,0,0,0,0,0,0,0,0,0,0,0,0,0,0,0,0,3101.2186257534145,3101.2186257534145,3101.2186257534145,0,0,0,0,0,0,785.6068199369996,785.6068199369996,785.6068199369996,-36.67905841986655,-36.67905841986655,-36.67905841986655,0,0,0,4572.333524575984,8406.405164112175,2595.009514978494,2595.009514978494,6445.15590224904
2025-10-30T00:00:00Z,2595.249048909875,4492.553948830656,4492.553948830656,4492.553948830656,0,0,0,0,0,0,0,0,0,0,0,0,0,0,0,0,0,0,3714.3079335790867,3714.3079335790867,3714.3079335790867,0,0,0,0,0,0,812.174065744819,812.174065744819,812.174065744819,-33.9280504932498,-33.9280504932498,-33.9280504932498,0,0,0,5276.646039377632,9176.260691603762,2595.249048909875,2595.249048909875,7087.802997740531
2025-10-31T00:00:00Z,2595.4885828412557,4025.130422755164,4025.130422755164,4025.130422755164,0,0,0,0,0,0,0,0,0,0,0,0,0,0,0,0,0,0,3274.004412503635,3274.004412503635,3274.004412503635,0,0,0,0,0,0,779.4799552353643,779.4799552353643,779.4799552353643,-28.353944983836474,-28.353944983836474,-28.353944983836474,0,0,0,4664.593686484905,8569.44196884129,2595.4885828412557,2595.4885828412557,6620.61900559642
2025-11-01T00:00:00Z,2595.7281167726364,336.39041637331684,336.39041637331684,336.39041637331684,0,0,0,0,0,0,0,0,0,0,0,0,0,0,0,0,0,0,1822.5770478147758,1822.5770478147758,1822.5770478147758,0,0,0,0,0,0,-1466.1415354246906,-1466.1415354246906,-1466.1415354246906,-20.04509601676859,-20.04509601676859,-20.04509601676859,0,0,0,1069.255795837507,4790.5773292861595,2595.7281167726364,2595.7281167726364,2932.1185331459533
2025-11-02T00:00:00Z,2595.9676507040176,-2081.3899395848366,-2081.3899395848366,-2081.3899395848366,0,0,0,0,0,0,0,0,0,0,0,0,0,0,0,0,0,0,-1.8708035105871108,-1.8708035105871108,-1.8708035105871108,0,0,0,0,0,0,-2070.330156391915,-2070.330156391915,-2070.330156391915,-9.188979682334667,-9.188979682334667,-9.188979682334667,0,0,0,-1475.0462508258017,2460.8547128433884,2595.9676507040176,2595.9676507040176,514.577711119181
2025-11-03T00:00:00Z,2596.207184635399,-985.6569665662524,-985.6569665662524,-985.6569665662524,0,0,0,0,0,0,0,0,0,0,0,0,0,0,0,0,0,0,-1396.9295303313115,-1396.9295303313115,-1396.9295303313115,0,0,0,0,0,0,407.3400332036989,407.3400332036989,407.3400332036989,3.932530561360122,3.932530561360122,3.932530561360122,0,0,0,-291.1673368949576,3526.8560809313235,2596.207184635399,2596.207184635399,1610.5502180691465
2025-11-04T00:00:00Z,2596.4467185667795,-1160.490203759429,-1160.490203759429,-1160.490203759429,0,0,0,0,0,0,0,0,0,0,0,0,0,0,0,0,0,0,-1931.3119433286258,-1931.3119433286258,-1931.3119433286258,0,0,0,0,0,0,751.8708176886831,751.8708176886831,751.8708176886831,18.95092188051376,18.95092188051376,18.95092188051376,0,0,0,-399.0735167659367,3378.206542243778,2596.4467185667795,2596.4467185667795,1435.9565148073505
2025-11-05T00:00:00Z,2596.6862524981602,-941.0761218715533,-941.0761218715533,-941.0761218715533,0,0,0,0,0,0,0,0,0,0,0,0,0,0,0,0,0,0,-1762.1046002783228,-1762.1046002783228,-1762.1046002783228,0,0,0,0,0,0,785.6068199374301,785.6068199374301,785.6068199374301,35.421658469338944,35.421658469338944,35.421658469338944,0,0,0,-300.5089809701402,3592.0887784035476,2596.6862524981602,2596.6862524981602,1655.6101306266069
2025-11-06T00:00:00Z,2596.9257864295414,-529.787388257713,-529.787388257713,-529.787388257713,0,0,0,0,0,0,0,0,0,0,0,0,0,0,0,0,0,0,-1394.7988476548094,-1394.7988476548094,-1394.7988476548094,0,0,0,0,0,0,812.174065744201,812.174065744201,812.174065744201,52.837393652895365,52.837393652895365,52.837393652895365,0,0,0,94.12298229923464,3946.162665121083,2596.9257864295414,2596.9257864295414,2067.138398171828
2025-11-07T00:00:00Z,2597.1653203609226,-382.18286850131375,-382.18286850131375,-382.18286850131375,0,0,0,0,0,0,0,0,0,0,0,0,0,0,0,0,0,0,-1232.3062569430706,-1232.3062569430706,-1232.3062569430706,0,0,0,0,0,0,779.4799552337755,779.4799552337755,779.4799552337755,70.64343320798139,70.64343320798139,70.64343320798139,0,0,0,357.55117401847053,4270.848877190192,2597.1653203609226,2597.1653203609226,2214.9824518596088
2025-11-08T00:00:00Z,2597.4048542923038,-2683.3249986074384,-2683.3249986074384,-2683.3249986074384,0,0,0,0,0,0,0,0,0,0,0,0,0,0,0,0,0,0,-1305.4384952855617,-1305.4384952855617,-1305.4384952855617,0,0,0,0,0,0,-1466.1415354176129,-1466.1415354176129,-1466.1415354176129,88.25503209573702,88.25503209573702,88.25503209573702,0,0,0,-2055.3984098334245,1792.5399172957718,2597.4048542923038,2597.4048542923038,-85.92014431513462
2025-11-09T00:00:00Z,2597.644388223685,-3338.4291730659115,-3338.4291730659115,-3338.4291730659115,0,0,0,0,0,0,0,0,0,0,0,0,0,0,0,0,0,0,-1373.1750608727746,-1373.1750608727746,-1373.1750608727746,0,0,0,0,0,0,-2070.3301563896453,-2070.3301563896453,-2070.3301563896453,105.07604419650829,105.07604419650829,105.07604419650829,0,0,0,-2691.9282731142494,1350.5373807341432,2597.644388223685,2597.644388223685,-740.7847848422266
2025-11-10T00:00:00Z,2597.8839221550656,-707.8243636013199,-707.8243636013199,-707.8243636013199,0,0,0,0,0,0,0,0,0,0,0,0,0,0,0,0,0,0,-1235.6827915491626,-1235.6827915491626,-1235.6827915491626,0,0,0,0,0,0,407.34003320647884,407.34003320647884,407.34003320647884,120.51839474136436,120.51839474136436,120.51839474136436,0,0,0,94.76694537434653,4034.715199722561,2597.8839221550656,2597.8839221550656,1890.0595585537458
2025-11-11T00:00:00Z,2598.123456086447,-52.54674184556203,-52.54674184556203,-52.54674184556203,0,0,0,0,0,0,0,0,0,0,0,0,0,0,0,0,0,0,-938.4393691930585,-938.4393691930585,-938.4393691930585,0,0,0,0,0,0,751.8708176886178,751.8708176886178,751.8708176886178,134.02180965887894,134.02180965887894,134.02180965887894,0,0,0,601.7572381621961,4664.090801147201,2598.123456086447,2598.123456086447,2545.576714240885
2025-11-12T00:00:00Z,2598.3629900178275,236.7370284854314,236.7370284854314,236.7370284854314,0,0,0,0,0,0,0,0,0,0,0,0,0,0,0,0,0,0,-693.9430076985618,-693.9430076985618,-693.9430076985618,0,0,0,0,0,0,785.6068199370092,785.6068199370092,785.6068199370092,145.073216246984,145.073216246984,145.073216246984,0,0,0,972.9699642397111,4823.581659570703,2598.3629900178275,2598.3629900178275,2835.100018503259
2025-11-13T00:00:00Z,2598.6025239492087,325.3298347783429,325.3298347783429,325.3298347783429,0,0,0,0,0,0,0,0,0,0,0,0,0,0,0,0,0,0,-640.0694573003327,-640.0694573003327,-640.0694573003327,0,0,0,0,0,0,812.1740657423599,812.1740657423599,812.1740657423599,153.22522633631584,153.22522633631584,153.22522633631584,0,0,0,1103.7874796636818,4942.943513070001,2598.6025239492087,2598.6025239492087,2923.9323587275517
2025-11-14T00:00:00Z,2598.8420578805894,237.2377757762441,237.2377757762441,237.2377757762441,0,0,0,0,0,0,0,0,0,0,0,0,0,0,0,0,0,0,-700.3553062708722,-700.3553062708722,-700.3553062708722,0,0,0,0,0,0,779.4799552321867,779.4799552321867,779.4799552321867,158.11312681492916,158.11312681492916,158.11312681492916,0,0,0,944.3848282178084,4838.710885165743,2598.8420578805894,2598.8420578805894,2836.0798336568337
2025-11-15T00:00:00Z,2599.0815918119706,-1989.29735457593,-1989.29735457593,-1989.29735457593,0,0,0,0,0,0,0,0,0,0,0,0,0,0,0,0,0,0,-682.6256521210471,-682.6256521210471,-682.6256521210471,0,0,0,0,0,0,-1466.1415354186322,-1466.1415354186322,-1466.1415354186322,159.46983296374964,159.46983296374964,159.46983296374964,0,0,0,-1302.9855507873413,2477.9204643555313,2599.0815918119706,2599.0815918119706,609.7842372360406
2025-11-16T00:00:00Z,2599.3211257433513,-2409.501419126009,-2409.501419126009,-2409.501419126009,0,0,0,0,0,0,0,0,0,0,0,0,0,0,0,0,0,0,-496.3095696883599,-496.3095696883599,-496.3095696883599,0,0,0,0,0,0,-2070.330156390738,-2070.330156390738,-2070.330156390738,157.13830695308857,157.13830695308857,157.13830695308857,0,0,0,-1683.057743333734,2012.8516247681928,2599.3211257433513,2599.3211257433513,189.8197066173425
2025-11-17T00:00:00Z,2599.5606596747325,307.79561301193775,307.79561301193775,307.79561301193775,0,0,0,0,0,0,0,0,0,0,0,0,0,0,0,0,0,0,-250.62542622486552,-250.62542622486552,-250.62542622486552,0,0,0,0,0,0,407.34003320716323,407.34003320716323,407.34003320716323,151.08100602964006,151.08100602964006,151.08100602964006,0,0,0,925.7581762406076,4890.1348304348585,2599.5606596747325,2599.5606596747325,2907.3562726866703
2025-11-18T00:00:00Z,2599.800193606113,763.251844947453,763.251844947453,763.251844947453,0,0,0,0,0,0,0,0,0,0,0,0,0,0,0,0,0,0,-130.00497363304072,-130.00497363304072,-130.00497363304072,0,0,0,0,0,0,751.8708176883448,751.8708176883448,751.8708176883448,141.38600089214884,141.38600089214884,141.38600089214884,0,0,0,1442.6061510405418,5396.6047277994,2599.800193606113,2599.800193606113,3363.0520385535665
2025-11-19T00:00:00Z,2600.0397275374944,730.234434275673,730.234434275673,730.234434275673,0,0,0,0,0,0,0,0,0,0,0,0,0,0,0,0,0,0,-183.64187826978366,-183.64187826978366,-183.64187826978366,0,0,0,0,0,0,785.6068199374399,785.6068199374399,785.6068199374399,128.2694926080169,128.2694926080169,128.2694926080169,0,0,0,1335.9177080795364,5333.230443403663,2600.0397275374944,2600.0397275374944,3330.2741618131677
2025-11-20T00:00:00Z,2600.2792614688756,664.1865868160017,664.1865868160017,664.1865868160017,0,0,0,0,0,0,0,0,0,0,0,0,0,0,0,0,0,0,-260.06203280614415,-260.06203280614415,-260.06203280614415,0,0,0,0,0,0,812.1740657417417,812.1740657417417,812.1740657417417,112.07455388040405,112.07455388040405,112.07455388040405,0,0,0,1104.7424981267175,5283.470104740092,2600.2792614688756,2600.2792614688756,3264.465848284877
2025-11-21T00:00:00Z,2600.5187954002567,707.722362455953,707.722362455953,707.722362455953,0,0,0,0,0,0,0,0,0,0,0,0,0,0,0,0,0,0,-165.0236177155461,-165.0236177155461,-165.0236177155461,0,0,0,0,0,0,779.4799552305979,779.4799552305979,779.4799552305979,93.26602494090118,93.26602494090118,93.26602494090118,0,0,0,1490.6527410157385,5352.29451331633,2600.5187954002567,2600.5187954002567,3308.2411578562096
2025-11-22T00:00:00Z,2600.7583293316375,-1272.0180741504905,-1272.0180741504905,-1272.0180741504905,0,0,0,0,0,0,0,0,0,0,0,0,0,0,0,0,0,0,121.70185827765275,121.70185827765275,121.70185827765275,0,0,0,0,0,0,-1466.1415354216322,-1466.1415354216322,-1466.1415354216322,72.4216029934888,72.4216029934888,72.4216029934888,0,0,0,-541.1677493725435,3273.462530307628,2600.7583293316375,2600.7583293316375,1328.740255181147
2025-11-23T00:00:00Z,2600.9978632630186,-1607.673033552604,-1607.673033552604,-1607.673033552604,0,0,0,0,0,0,0,0,0,0,0,0,0,0,0,0,0,0,412.4378488774946,412.4378488774946,412.4378488774946,0,0,0,0,0,0,-2070.330156388469,-2070.330156388469,-2070.330156388469,50.219273958369875,50.219273958369875,50.219273958369875,0,0,0,-992.5532282037917,2900.6420658858765,2600.9978632630186,2600.9978632630186,993.3248297104146
2025-11-24T00:00:00Z,2601.2373971944,956.4343933091441,956.4343933091441,956.4343933091441,0,0,0,0,0,0,0,0,0,0,0,0,0,0,0,0,0,0,521.6730169260511,521.6730169260511,521.6730169260511,0,0,0,0,0,0,407.3400332006695,407.3400332006695,407.3400332006695,27.421343182423303,27.421343182423303,27.421343182423303,0,0,0,1719.8774969205956,5489.61300454234,2601.2373971944,2601.2373971944,3557.671790503544
2025-11-25T00:00:00Z,2601.4769311257805,1272.6268489782788,1272.6268489782788,1272.6268489782788,0,0,0,0,0,0,0,0,0,0,0,0,0,0,0,0,0,0,515.9006065734953,515.9006065734953,515.9006065734953,0,0,0,0,0,0,751.8708176880723,751.8708176880723,751.8708176880723,4.855424716711218,4.855424716711218,4.855424716711218,0,0,0,1857.7507219007318,5920.356522116295,2601.4769311257805,2601.4769311257805,3874.1037801040593
2025-11-26T00:00:00Z,2601.7164650571613,1492.3719427341823,1492.3719427341823,1492.3719427341823,0,0,0,0,0,0,0,0,0,0,0,0,0,0,0,0,0,0,723.3722790914312,723.3722790914312,723.3722790914312,0,0,0,0,0,0,785.606819937196,785.606819937196,785.606819937196,-16.607156294444692,-16.607156294444692,-16.607156294444692,0,0,0,2169.275138910093,6112.881429459365,2601.7164650571613,2601.7164650571613,4094.0884077913433
2025-11-27T00:00:00Z,2601.9559989885424,2212.9790871933787,2212.9790871933787,2212.9790871933787,0,0,0,0,0,0,0,0,0,0,0,0,0,0,0,0,0,0,1436.8800308659206,1436.8800308659206,1436.8800308659206,0,0,0,0,0,0,812.1740657439682,812.1740657439682,812.1740657439682,-36.07500941650907,-36.07500941650907,-36.07500941650907,0,0,0,2923.6462943911806,6617.85070997371,2601.9559989885424,2601.9559989885424,4814.935086181921
2025-11-28T00:00:00Z,2602.1955329199236,3282.1447652657857,3282.1447652657857,3282.1447652657857,0,0,0,0,0,0,0,0,0,0,0,0,0,0,0,0,0,0,2555.3265734713327,2555.3265734713327,2555.3265734713327,0,0,0,0,0,0,779.4799552308976,779.4799552308976,779.4799552308976,-52.661763436444815,-52.661763436444815,-52.661763436444815,0,0,0,3894.7753286329585,7758.393948274608,2602.1955329199236,2602.1955329199236,5884.340298185709
2025-11-29T00:00:00Z,2602.4350668513043,1984.0694980393255,1984.0694980393255,1984.0694980393255,0,0,0,0,0,0,0,0,0,0,0,0,0,0,0,0,0,0,3515.7229583582916,3515.7229583582916,3515.7229583582916,0,0,0,0,0,0,-1466.1415354125734,-1466.1415354125734,-1466.1415354125734,-65.51192490639262,-65.51192490639262,-65.51192490639262,0,0,0,2738.7171900060553,6580.055421498249,2602.4350668513043,2602.4350668513043,4586.50456489063
2025-11-30T00:00:00Z,2602.6746007826855,1495.3940759916534,1495.3940759916534,1495.3940759916534,0,0,0,0,0,0,0,0,0,0,0,0,0,0,0,0,0,0,3639.551040630884,3639.551040630884,3639.551040630884,0,0,0,0,0,0,-2070.3301563861996,-2070.3301563861996,-2070.3301563861996,-73.82680825303125,-73.82680825303125,-73.82680825303125,0,0,0,1926.9293732235924,5954.8968395938045,2602.6746007826855,2602.6746007826855,4098.068676774339
2025-12-01T00:00:00Z,2602.914134714066,2975.8068702213545,2975.8068702213545,2975.8068702213545,0,0,0,0,0,0,0,0,0,0,0,0,0,0,0,0,0,0,2645.3566530230614,2645.3566530230614,2645.3566530230614,0,0,0,0,0,0,407.3400332024016,407.3400332024016,407.3400332024016,-76.88981600410776,-76.88981600410776,-76.88981600410776,0,0,0,3578.759108673516,7392.759474455516,2602.914134714066,2602.914134714066,5578.721004935421
2025-12-02T00:00:00Z,2603.153668645448,1581.5245318400503,1581.5245318400503,1581.5245318400503,0,0,0,0,0,0,0,0,0,0,0,0,0,0,0,0,0,0,903.7440624916841,903.7440624916841,903.7440624916841,0,0,0,0,0,0,751.8708176877996,751.8708176877996,751.8708176877996,-74.09034833943335,-74.09034833943335,-74.09034833943335,0,0,0,2288.527957796937,6005.761158146402,2603.153668645448,2603.153668645448,4184.678200485498
2025-12-03T00:00:00Z,2603.3932025768286,-72.95378952894148,-72.95378952894148,-72.95378952894148,0,0,0,0,0,0,0,0,0,0,0,0,0,0,0,0,0,0,-793.6149676364935,-793.6149676364935,-793.6149676364935,0,0,0,0,0,0,785.6068199369524,785.6068199369524,785.6068199369524,-64.94564182940054,-64.94564182940054,-64.94564182940054,0,0,0,608.1645264005647,4435.282423102309,2603.3932025768286,2603.3932025768286,2530.4394130478872
2025-12-04T00:00:00Z,2603.6327365082097,-1011.7948570084593,-1011.7948570084593,-1011.7948570084593,0,0,0,0,0,0,0,0,0,0,0,0,0,0,0,0,0,0,-1774.8490451062078,-1774.8490451062078,-1774.8490451062078,0,0,0,0,0,0,812.1740657433497,812.1740657433497,812.1740657433497,-49.119877645601115,-49.119877645601115,-49.119877645601115,0,0,0,-446.45886452992346,3529.921006145659,2603.6327365082097,2603.6327365082097,1591.8378794997504
2025-12-05T00:00:00Z,2603.8722704395905,-1152.929750477132,-1152.929750477132,-1152.929750477132,0,0,0,0,0,0,0,0,0,0,0,0,0,0,0,0,0,0,-1905.9697467533374,-1905.9697467533374,-1905.9697467533374,0,0,0,0,0,0,779.4799552338028,779.4799552338028,779.4799552338028,-26.439958957597128,-26.439958957597128,-26.439958957597128,0,0,0,-512.7349208176641,3389.726446091825,2603.8722704395905,2603.8722704395905,1450.9425199624584
2025-12-06T00:00:00Z,2604.1118043709716,-3033.7971148398788,-3033.7971148398788,-3033.7971148398788,0,0,0,0,0,0,0,0,0,0,0,0,0,0,0,0,0,0,-1570.7481450838982,-1570.7481450838982,-1570.7481450838982,0,0,0,0,0,0,-1466.1415354155736,-1466.1415354155736,-1466.1415354155736,3.092565659592953,3.092565659592953,3.092565659592953,0,0,0,-2232.9096110506644,1657.5183855286234,2604.1118043709716,2604.1118043709716,-429.6853104689071
2025-12-07T00:00:00Z,2604.3513383023524,-3307.751759059122,-3307.751759059122,-3307.751759059122,0,0,0,0,0,0,0,0,0,0,0,0,0,0,0,0,0,0,-1276.7154656589207,-1276.7154656589207,-1276.7154656589207,0,0,0,0,0,0,-2070.330156385611,-2070.330156385611,-2070.330156385611,39.29386298540934,39.29386298540934,39.29386298540934,0,0,0,-2697.3885102379354,1284.750204656475,2604.3513383023524,2604.3513383023524,-703.4004207567696
2025-12-08T00:00:00Z,2604.5908722337335,-762.3899673112454,-762.3899673112454,-762.3899673112454,0,0,0,0,0,0,0,0,0,0,0,0,0,0,0,0,0,0,-1251.5247842044032,-1251.5247842044032,-1251.5247842044032,0,0,0,0,0,0,407.3400332041337,407.3400332041337,407.3400332041337,81.79478368902383,81.79478368902383,81.79478368902383,0,0,0,-143.39816930471784,3769.9875868016907,2604.5908722337335,2604.5908722337335,1842.200904922488
2025-12-09T00:00:00Z,2604.8304061651143,-475.17716459552025,-475.17716459552025,-475.17716459552025,0,0,0,0,0,0,0,0,0,0,0,0,0,0,0,0,0,0,-1357.0906270613907,-1357.0906270613907,-1357.0906270613907,0,0,0,0,0,0,751.8708176889763,751.8708176889763,751.8708176889763,130.04264477689384,130.04264477689384,130.04264477689384,0,0,0,139.42934984338024,4043.2892844492662,2604.8304061651143,2604.8304061651143,2129.653241569594
2025-12-10T00:00:00Z,2605.0699400964954,-364.5446392898437,-364.5446392898437,-364.5446392898437,0,0,0,0,0,0,0,0,0,0,0,0,0,0,0,0,0,0,-1333.4593659947247,-1333.4593659947247,-1333.4593659947247,0,0,0,0,0,0,785.6068199372055,785.6068199372055,785.6068199372055,183.3079067676755,183.3079067676755,183.3079067676755,0,0,0,400.8670622116411,4447.3692099085065,2605.0699400964954,2605.0699400964954,2240.5253008066516
2025-12-11T00:00:00Z,2605.309474027876,-42.11702819953456,-42.11702819953456,-42.11702819953456,0,0,0,0,0,0,0,0,0,0,0,0,0,0,0,0,0,0,-1094.9867904696814,-1094.9867904696814,-1094.9867904696814,0,0,0,0,0,0,812.1740657427318,812.1740657427318,812.1740657427318,240.695696527415,240.695696527415,240.695696527415,0,0,0,570.8853706753272,4591.793210499919,2605.309474027876,2605.309474027876,2563.1924458283415
2025-12-12T00:00:00Z,2605.5490079592573,284.1489603001022,284.1489603001022,284.1489603001022,0,0,0,0,0,0,0,0,0,0,0,0,0,0,0,0,0,0,-796.4929906584347,-796.4929906584347,-796.4929906584347,0,0,0,0,0,0,779.4799552341025,779.4799552341025,779.4799552341025,301.16199572443435,301.16199572443435,301.16199572443435,0,0,0,1025.1975509671572,4956.562116166106,2605.5490079592573,2605.5490079592573,2889.6979682593596
2025-12-13T00:00:00Z,2605.7885418906385,-1745.5662897756395,-1745.5662897756395,-1745.5662897756395,0,0,0,0,0,0,0,0,0,0,0,0,0,0,0,0,0,0,-642.9589407069111,-642.9589407069111,-642.9589407069111,0,0,0,0,0,0,-1466.141535416593,-1466.141535416593,-1466.141535416593,363.53418634786476,363.53418634786476,363.53418634786476,0,0,0,-950.4204368774663,2942.5245615927156,2605.7885418906385,2605.7885418906385,860.222252114999
2025-12-14T00:00:00Z,2606.0280758220197,-2311.597790159118,-2311.597790159118,-2311.597790159118,0,0,0,0,0,0,0,0,0,0,0,0,0,0,0,0,0,0,-667.8031559844851,-667.8031559844851,-667.8031559844851,0,0,0,0,0,0,-2070.3301563850227,-2070.3301563850227,-2070.3301563850227,426.5355222103893,426.5355222103893,426.5355222103893,0,0,0,-1553.9722377440692,2211.5144571292544,2606.0280758220197,2606.0280758220197,294.4302856629015
2025-12-15T00:00:00Z,2606.2676097534004,184.62034982797508,184.62034982797508,184.62034982797508,0,0,0,0,0,0,0,0,0,0,0,0,0,0,0,0,0,0,-711.5326656109575,-711.5326656109575,-711.5326656109575,0,0,0,0,0,0,407.340033204818,407.340033204818,407.340033204818,488.8129822341147,488.8129822341147,488.8129822341147,0,0,0,815.2795602013693,4839.476778870957,2606.2676097534004,2606.2676097534004,2790.8879595813755
2025-12-16T00:00:00Z,2606.5071436847816,692.9135828015258,692.9135828015258,692.9135828015258,0,0,0,0,0,0,0,0,0,0,0,0,0,0,0,0,0,0,-607.9250956964532,-607.9250956964532,-607.9250956964532,0,0,0,0,0,0,751.870817688496,751.870817688496,751.870817688496,548.9678608094831,548.9678608094831,548.9678608094831,0,0,0,1417.8277294333361,5393.086352709249,2606.5071436847816,2606.5071436847816,3299.420726486307
2025-12-17T00:00:00Z,2606.7466776161623,1022.7214274023825,1022.7214274023825,1022.7214274023825,0,0,0,0,0,0,0,0,0,0,0,0,0,0,0,0,0,0,-368.4737580678924,-368.4737580678924,-368.4737580678924,0,0,0,0,0,0,785.606819937636,785.606819937636,785.606819937636,605.5883655326387,605.5883655326387,605.5883655326387,0,0,0,1638.3564845528979,5530.991525739054,2606.7466776161623,2606.7466776161623,3629.4681050185445
2025-12-18T00:00:00Z,2606.9862115475435,1302.9612518642152,1302.9612518642152,1302.9612518642152,0,0,0,0,0,0,0,0,0,0,0,0,0,0,0,0,0,0,-166.49623954577572,-166.49623954577572,-166.49623954577572,0,0,0,0,0,0,812.1740657449578,812.1740657449578,812.1740657449578,657.283425665033,657.283425665033,657.283425665033,0,0,0,1953.167226083754,5874.183251076127,2606.9862115475435,2606.9862115475435,3909.9474634117587
2025-12-19T00:00:00Z,2607.2257454789246,1341.45614019232,1341.45614019232,1341.45614019232,0,0,0,0,0,0,0,0,0,0,0,0,0,0,0,0,0,0,-140.74068286404582,-140.74068286404582,-140.74068286404582,0,0,0,0,0,0,779.4799552325137,779.4799552325137,779.4799552325137,702.7168678238518,702.7168678238518,702.7168678238518,0,0,0,2024.3489462875377,5969.00882543436,2607.2257454789246,2607.2257454789246,3948.6818856712443
2025-12-20T00:00:00Z,2607.4652794103054,-958.5524229571893,-958.5524229571893,-958.5524229571893,0,0,0,0,0,0,0,0,0,0,0,0,0,0,0,0,0,0,-233.05197774142238,-233.05197774142238,-233.05197774142238,0,0,0,0,0,0,-1466.1415354176124,-1466.1415354176124,-1466.1415354176124,740.6410902018455,740.6410902018455,740.6410902018455,0,0,0,-250.8136710122241,3510.870612950877,2607.4652794103054,2607.4652794103054,1648.912856453116
2025-12-21T00:00:00Z,2607.7048133416865,-1541.4656245871863,-1541.4656245871863,-1541.4656245871863,0,0,0,0,0,0,0,0,0,0,0,0,0,0,0,0,0,0,-241.0648322486134,-241.0648322486134,-241.0648322486134,0,0,0,0,0,0,-2070.330156389782,-2070.330156389782,-2070.330156389782,769.9293640512087,769.9293640512087,769.9293640512087,0,0,0,-923.9760131423664,3028.3855073971918,2607.7048133416865,2607.7048133416865,1066.2391887545002
2025-12-22T00:00:00Z,2607.9443472730673,1159.7093418925776,1159.7093418925776,1159.7093418925776,0,0,0,0,0,0,0,0,0,0,0,0,0,0,0,0,0,0,-37.23660291052662,-37.23660291052662,-37.23660291052662,0,0,0,0,0,0,407.3400332075981,407.3400332075981,407.3400332075981,789.6059115955059,789.6059115955059,789.6059115955059,0,0,0,1961.4658995859397,5687.583909983729,2607.9443472730673,2607.9443472730673,3767.653689165645
2025-12-23T00:00:00Z,2608.1838812044484,1832.4603689634355,1832.4603689634355,1832.4603689634355,0,0,0,0,0,0,0,0,0,0,0,0,0,0,0,0,0,0,281.7165985429934,281.7165985429934,281.7165985429934,0,0,0,0,0,0,751.8708176884306,751.8708176884306,751.8708176884306,798.8729527320113,798.8729527320113,798.8729527320113,0,0,0,2376.1864135816295,6291.081989371277,2608.1838812044484,2608.1838812044484,4440.644250167884
2025-12-24T00:00:00Z,2608.423415135829,2076.041030840243,2076.041030840243,2076.041030840243,0,0,0,0,0,0,0,0,0,0,0,0,0,0,0,0,0,0,493.30023290295964,493.30023290295964,493.30023290295964,0,0,0,0,0,0,785.6068199373922,785.6068199373922,785.6068199373922,797.1339779998909,797.1339779998909,797.1339779998909,0,0,0,2707.0652229283432,6529.232409560144,2608.423415135829,2608.423415135829,4684.464445976072
2025-12-25T00:00:00Z,2608.662949067211,-1877.67891849376,-1877.67891849376,-1877.67891849376,-3990.354493456546,-3990.354493456546,-3990.354493456546,0,0,0,-3990.354493456546,-3990.354493456546,-3990.354493456546,0,0,0,0,0,0,0,0,0,516.4889183695057,516.4889183695057,516.4889183695057,0,0,0,0,0,0,812.1740657443397,812.1740657443397,812.1740657443397,784.0125908489401,784.0125908489401,784.0125908489401,0,0,0,-1015.4393250091075,2633.4183076435484,2608.662949067211,2608.662949067211,730.9840305734508
2025-12-26T00:00:00Z,2608.9024829985915,2107.863344285005,2107.863344285005,2107.863344285005,0,0,0,0,0,0,0,0,0,0,0,0,0,0,0,0,0,0,569.0170228018005,569.0170228018005,569.0170228018005,0,0,0,0,0,0,779.4799552391959,779.4799552391959,779.4799552391959,759.3663662440077,759.3663662440077,759.3663662440077,0,0,0,2787.2092352944296,6775.173633760251,2608.9024829985915,2608.9024829985915,4716.765827283596
2025-12-27T00:00:00Z,2609.1420169299727,268.19367231481647,268.19367231481647,268.19367231481647,0,0,0,0,0,0,0,0,0,0,0,0,0,0,0,0,0,0,1011.0399152070509,1011.0399152070509,1011.0399152070509,0,0,0,0,0,0,-1466.1415354186313,-1466.1415354186313,-1466.1415354186313,723.2952925263972,723.2952925263972,723.2952925263972,0,0,0,999.6877350525425,4756.829531279104,2609.1420169299727,2609.1420169299727,2877.335689244789
2025-12-28T00:00:00Z,2609.3815508613534,577.9312044793012,577.9312044793012,577.9312044793012,0,0,0,0,0,0,0,0,0,0,0,0,0,0,0,0,0,0,1972.116864623284,1972.116864623284,1972.116864623284,0,0,0,0,0,0,-2070.330156387513,-2070.330156387513,-2070.330156387513,676.1444962435289,676.1444962435289,676.1444962435289,0,0,0,1181.8386903464823,5210.303678832512,2609.3815508613534,2609.3815508613534,3187.312755340655
2025-12-29T00:00:00Z,2609.6210847927346,4127.0597509369245,4127.0597509369245,4127.0597509369245,0,0,0,0,0,0,0,0,0,0,0,0,0,0,0,0,0,0,3101.218625752479,3101.218625752479,3101.218625752479,0,0,0,0,0,0,407.34003320828225,407.34003320828225,407.34003320828225,618.5010919761642,618.5010919761642,618.5010919761642,0,0,0,4695.914913840203,8680.90907399658,2609.6210847927346,2609.6210847927346,6736.6808357296595
2025-12-30T00:00:00Z,2609.8606187241153,5017.363898648315,5017.363898648315,5017.363898648315,0,0,0,0,0,0,0,0,0,0,0,0,0,0,0,0,0,0,3714.3079335784664,3714.3079335784664,3714.3079335784664,0,0,0,0,0,0,751.8708176881582,751.8708176881582,751.8708176881582,551.1851473816907,551.1851473816907,551.1851473816907,0,0,0,5681.3834107426555,9502.922098581936,2609.8606187241153,2609.8606187241153,7627.2245173724295
2025-12-31T00:00:00Z,2610.1001526554965,4534.846136320482,4534.846136320482,4534.846136320482,0,0,0,0,0,0,0,0,0,0,0,0,0,0,0,0,0,0,3274.004412502976,3274.004412502976,3274.004412502976,0,0,0,0,0,0,785.6068199371485,785.6068199371485,785.6068199371485,475.2349038803584,475.2349038803584,475.2349038803584,0,0,0,5240.207256586588,9056.878585184111,2610.1001526554965,2610.1001526554965,7144.946288975979
2026-01-01T00:00:00Z,2610.339686586877,1259.5364349378601,1259.5364349378601,1259.5364349378601,0,0,0,0,0,0,-1767.1012203123178,-1767.1012203123178,-1767.1012203123178,0,0,0,0,0,0,-1767.1012203123178,-1767.1012203123178,-1767.1012203123178,1822.5770478126913,1822.5770478126913,1822.5770478126913,0,0,0,0,0,0,812.1740657424987,812.1740657424987,812.1740657424987,391.88654169498864,391.88654169498864,391.88654169498864,0,0,0,1974.5616457666788,5916.684129130448,2610.339686586877,2610.339686586877,3869.8761215247373
2026-01-02T00:00:00Z,2610.5792205182584,1080.1580721128153,1080.1580721128153,1080.1580721128153,0,0,0,0,0,0,0,0,0,0,0,0,0,0,0,0,0,0,-1.8708035136112875,-1.8708035136112875,-1.8708035136112875,0,0,0,0,0,0,779.4799552357186,779.4799552357186,779.4799552357186,302.54892039070785,302.54892039070785,302.54892039070785,0,0,0,1721.921382033874,5581.519036281512,2610.5792205182584,2610.5792205182584,3690.7372926310736
2026-01-03T00:00:00Z,2610.818754449639,-2654.297206916079,-2654.297206916079,-2654.297206916079,0,0,0,0,0,0,0,0,0,0,0,0,0,0,0,0,0,0,-1396.9295303291847,-1396.9295303291847,-1396.9295303291847,0,0,0,0,0,0,-1466.1415354216317,-1466.1415354216317,-1466.1415354216317,208.77385883473687,208.77385883473687,208.77385883473687,0,0,0,-1904.194835343988,1983.9529975249852,2610.818754449639,2610.818754449639,-43.4784524664401
2026-01-04T00:00:00Z,2611.0582883810202,-3889.419461684063,-3889.419461684063,-3889.419461684063,0,0,0,0,0,0,0,0,0,0,0,0,0,0,0,0,0,0,-1931.311943329706,-1931.311943329706,-1931.311943329706,0,0,0,0,0,0,-2070.3301563886057,-2070.3301563886057,-2070.3301563886057,112.22263803424852,112.22263803424852,112.22263803424852,0,0,0,-3251.3910113805773,610.005726961215,2611.0582883810202,2611.0582883810202,-1278.361173303043
2026-01-05T00:00:00Z,2611.2978223124014,-1340.1350537309602,-1340.1350537309602,-1340.1350537309602,0,0,0,0,0,0,0,0,0,0,0,0,0,0,0,0,0,0,-1762.1046002781409,-1762.1046002781409,-1762.1046002781409,0,0,0,0,0,0,407.3400332007408,407.3400332007408,407.3400332007408,14.62951334643934,14.62951334643934,14.62951334643934,0,0,0,-532.375657859012,3365.4102560943156,2611.2978223124014,2611.2978223124014,1271.1627685814412
2026-01-06T00:00:00Z,2611.5373562437826,-725.164923729355,-725.164923729355,-725.164923729355,0,0,0,0,0,0,0,0,0,0,0,0,0,0,0,0,0,0,-1394.7988476545197,-1394.7988476545197,-1394.7988476545197,0,0,0,0,0,0,751.8708176891273,751.8708176891273,751.8708176891273,-82.23689376396283,-82.23689376396283,-82.23689376396283,0,0,0,-128.8303063444277,3900.6671191086893,2611.5373562437826,2611.5373562437826,1886.3724325144276
2026-01-07T00:00:00Z,2611.7768901751633,-623.3128292565572,-623.3128292565572,-623.3128292565572,0,0,0,0,0,0,0,0,0,0,0,0,0,0,0,0,0,0,-1232.30625694373,-1232.30625694373,-1232.30625694373,0,0,0,0,0,0,785.6068199369049,785.6068199369049,785.6068199369049,-176.613392249732,-176.613392249732,-176.613392249732,0,0,0,38.36689260034716,3845.052865894378,2611.7768901751633,2611.7768901751633,1988.4640609186063
2026-01-08T00:00:00Z,2612.0164241065445,-760.0466652001,-760.0466652001,-760.0466652001,0,0,0,0,0,0,0,0,0,0,0,0,0,0,0,0,0,0,-1305.438495285577,-1305.438495285577,-1305.438495285577,0,0,0,0,0,0,812.1740657433027,812.1740657433027,812.1740657433027,-266.7822356578256,-266.7822356578256,-266.7822356578256,0,0,0,-106.18764621646125,3746.097030295589,2612.0164241065445,2612.0164241065445,1851.9697589064444
2026-01-09T00:00:00Z,2612.2559580379257,-944.8054751603994,-944.8054751603994,-944.8054751603994,0,0,0,0,0,0,0,0,0,0,0,0,0,0,0,0,0,0,-1373.1750608732923,-1373.1750608732923,-1373.1750608732923,0,0,0,0,0,0,779.4799552360183,779.4799552360183,779.4799552360183,-351.1103695231255,-351.1103695231255,-351.1103695231255,0,0,0,-232.5311238574096,3595.9599775185916,2612.2559580379257,2612.2559580379257,1667.4504828775262
2026-01-10T00:00:00Z,2612.4954919693064,-3129.9112659748466,-3129.9112659748466,-3129.9112659748466,0,0,0,0,0,0,0,0,0,0,0,0,0,0,0,0,0,0,-1235.682791550255,-1235.682791550255,-1235.682791550255,0,0,0,0,0,0,-1466.141535422651,-1466.141535422651,-1466.141535422651,-428.08693900194004,-428.08693900194004,-428.08693900194004,0,0,0,-2544.5237573947516,1375.1604687636968,2612.4954919693064,2612.4954919693064,-517.4157740055402
2026-01-11T00:00:00Z,2612.735025900687,-3505.1276459053256,-3505.1276459053256,-3505.1276459053256,0,0,0,0,0,0,0,0,0,0,0,0,0,0,0,0,0,0,-938.4393691916373,-938.4393691916373,-938.4393691916373,0,0,0,0,0,0,-2070.330156386336,-2070.330156386336,-2070.330156386336,-496.3581203273521,-496.3581203273521,-496.3581203273521,0,0,0,-2776.8634223271665,976.1409459771232,2612.735025900687,2612.735025900687,-892.3926200046385
2026-01-12T00:00:00Z,2612.9745598320683,-841.3613750431281,-841.3613750431281,-841.3613750431281,0,0,0,0,0,0,0,0,0,0,0,0,0,0,0,0,0,0,-693.9430076989519,-693.9430076989519,-693.9430076989519,0,0,0,0,0,0,407.34003320247285,407.34003320247285,407.34003320247285,-554.7584005466493,-554.7584005466493,-554.7584005466493,0,0,0,-236.08314236432005,3816.2480137922726,2612.9745598320683,2612.9745598320683,1771.61318478894
2026-01-13T00:00:00Z,2613.2140937634495,-490.5361533987112,-490.5361533987112,-490.5361533987112,0,0,0,0,0,0,0,0,0,0,0,0,0,0,0,0,0,0,-640.0694573002106,-640.0694573002106,-640.0694573002106,0,0,0,0,0,0,751.8708176888547,751.8708176888547,751.8708176888547,-602.3375137873554,-602.3375137873554,-602.3375137873554,0,0,0,194.7747460324185,3986.5869149594173,2613.2140937634495,2613.2140937634495,2122.6779403647383
2026-01-14T00:00:00Z,2613.45362769483,-553.1308332461742,-553.1308332461742,-553.1308332461742,0,0,0,0,0,0,0,0,0,0,0,0,0,0,0,0,0,0,-700.3553062718379,-700.3553062718379,-700.3553062718379,0,0,0,0,0,0,785.6068199373354,785.6068199373354,785.6068199373354,-638.382346911672,-638.382346911672,-638.382346911672,0,0,0,56.0118959566772,4031.524176287412,2613.45362769483,2613.45362769483,2060.322794448656
2026-01-15T00:00:00Z,2613.6931616262113,-532.8848366602635,-532.8848366602635,-532.8848366602635,0,0,0,0,0,0,0,0,0,0,0,0,0,0,0,0,0,0,-682.6256521218506,-682.6256521218506,-682.6256521218506,0,0,0,0,0,0,812.1740657441065,812.1740657441065,812.1740657441065,-662.4332502825196,-662.4332502825196,-662.4332502825196,0,0,0,158.9112622776534,3834.568692507612,2613.6931616262113,2613.6931616262113,2080.8083249659476
2026-01-16T00:00:00Z,2613.932695557592,-391.1239418050981,-391.1239418050981,-391.1239418050981,0,0,0,0,0,0,0,0,0,0,0,0,0,0,0,0,0,0,-496.3095696892872,-496.3095696892872,-496.3095696892872,0,0,0,0,0,0,779.4799552363181,779.4799552363181,779.4799552363181,-674.2943273521288,-674.2943273521288,-674.2943273521288,0,0,0,381.2607672505538,4205.162842573999,2613.932695557592,2613.932695557592,2222.808753752494
2026-01-17T00:00:00Z,2614.1722294889737,-2390.8043880335454,-2390.8043880335454,-2390.8043880335454,0,0,0,0,0,0,0,0,0,0,0,0,0,0,0,0,0,0,-250.62542622484764,-250.62542622484764,-250.62542622484764,0,0,0,0,0,0,-1466.1415354155731,-1466.1415354155731,-1466.1415354155731,-674.0374263931244,-674.0374263931244,-674.0374263931244,0,0,0,-1679.07493764927,2103.6658064036146,2614.1722294889737,2614.1722294889737,223.36784145542833
2026-01-18T00:00:00Z,2614.4117634203544,-2862.334845101039,-2862.334845101039,-2862.334845101039,0,0,0,0,0,0,0,0,0,0,0,0,0,0,0,0,0,0,-130.00497363343266,-130.00497363343266,-130.00497363343266,0,0,0,0,0,0,-2070.330156385748,-2070.330156385748,-2070.330156385748,-661.9997150818582,-661.9997150818582,-661.9997150818582,0,0,0,-2129.646667017106,1792.9073857246563,2614.4117634203544,2614.4117634203544,-247.9230816806844
2026-01-19T00:00:00Z,2614.6512973517356,-415.076724812718,-415.076724812718,-415.076724812718,0,0,0,0,0,0,0,0,0,0,0,0,0,0,0,0,0,0,-183.641878269748,-183.641878269748,-183.641878269748,0,0,0,0,0,0,407.340033204205,407.340033204205,407.340033204205,-638.7748797471751,-638.7748797471751,-638.7748797471751,0,0,0,283.6142917852687,4007.7392918360606,2614.6512973517356,2614.6512973517356,2199.5745725390175
2026-01-20T00:00:00Z,2614.8908312831163,-113.38936687285094,-113.38936687285094,-113.38936687285094,0,0,0,0,0,0,0,0,0,0,0,0,0,0,0,0,0,0,-260.06203280622816,-260.06203280622816,-260.06203280622816,0,0,0,0,0,0,751.8708176887893,751.8708176887893,751.8708176887893,-605.1981517554121,-605.1981517554121,-605.1981517554121,0,0,0,646.2027006332191,4388.876593482717,2614.8908312831163,2614.8908312831163,2501.5014644102653
2026-01-21T00:00:00Z,2615.1303652144975,58.257682695939785,58.257682695939785,58.257682695939785,0,0,0,0,0,0,0,0,0,0,0,0,0,0,0,0,0,0,-165.02361771706805,-165.02361771706805,-165.02361771706805,0,0,0,0,0,0,785.6068199364177,785.6068199364177,785.6068199364177,-562.3255195234095,-562.3255195234095,-562.3255195234095,0,0,0,477.2195315915942,4570.457645065636,2615.1303652144975,2615.1303652144975,2673.3880479104373
2026-01-22T00:00:00Z,2615.369899145878,422.4682920384551,422.4682920384551,422.4682920384551,0,0,0,0,0,0,0,0,0,0,0,0,0,0,0,0,0,0,121.70185827722167,121.70185827722167,121.70185827722167,0,0,0,0,0,0,812.1740657408435,812.1740657408435,812.1740657408435,-511.4076319796101,-511.4076319796101,-511.4076319796101,0,0,0,1100.1827934472585,5020.292401863406,2615.369899145878,2615.369899145878,3037.8381911843335
2026-01-23T00:00:00Z,2615.6094330772594,738.0587700420958,738.0587700420958,738.0587700420958,0,0,0,0,0,0,0,0,0,0,0,0,0,0,0,0,0,0,412.43784887978467,412.43784887978467,412.43784887978467,0,0,0,0,0,0,779.4799552328408,779.4799552328408,779.4799552328408,-453.8590340705298,-453.8590340705298,-453.8590340705298,0,0,0,1355.8565487206738,5134.228930742598,2615.6094330772594,2615.6094330772594,3353.668203119355
2026-01-24T00:00:00Z,2615.84896700864,-1335.6920120919372,-1335.6920120919372,-1335.6920120919372,0,0,0,0,0,0,0,0,0,0,0,0,0,0,0,0,0,0,521.6730169266416,521.6730169266416,521.6730169266416,0,0,0,0,0,0,-1466.1415354165927,-1466.1415354165927,-1466.1415354165927,-391.2234936019864,-391.2234936019864,-391.2234936019864,0,0,0,-588.5860462962717,3253.516788469915,2615.84896700864,2615.84896700864,1280.156954916703
2026-01-25T00:00:00Z,2616.0885009400213,-1879.5658280175144,-1879.5658280175144,-1879.5658280175144,0,0,0,0,0,0,0,0,0,0,0,0,0,0,0,0,0,0,515.900606572873,515.900606572873,515.900606572873,0,0,0,0,0,0,-2070.3301563851596,-2070.3301563851596,-2070.3301563851596,-325.13627820522805,-325.13627820522805,-325.13627820522805,0,0,0,-1177.6388550187548,2761.6085503071986,2616.0885009400213,2616.0885009400213,736.5226729225069
2026-01-26T00:00:00Z,2616.328034871402,873.4279934118435,873.4279934118435,873.4279934118435,0,0,0,0,0,0,0,0,0,0,0,0,0,0,0,0,0,0,723.3722790908251,723.3722790908251,723.3722790908251,0,0,0,0,0,0,407.34003320593683,407.34003320593683,407.34003320593683,-257.2843188849185,-257.2843188849185,-257.2843188849185,0,0,0,1440.1306413915079,5460.582174414517,2616.328034871402,2616.328034871402,3489.7560282832455
2026-01-27T00:00:00Z,2616.567568802783,1999.3855981398458,1999.3855981398458,1999.3855981398458,0,0,0,0,0,0,0,0,0,0,0,0,0,0,0,0,0,0,1436.8800308673044,1436.8800308673044,1436.8800308673044,0,0,0,0,0,0,751.8708176883091,751.8708176883091,751.8708176883091,-189.36525041576724,-189.36525041576724,-189.36525041576724,0,0,0,2637.3750413196253,6485.535121191941,2616.567568802783,2616.567568802783,4615.953166942629
2026-01-28T00:00:00Z,2616.8071027341643,3217.8870460575286,3217.8870460575286,3217.8870460575286,0,0,0,0,0,0,0,0,0,0,0,0,0,0,0,0,0,0,2555.3265734701367,2555.3265734701367,2555.3265734701367,0,0,0,0,0,0,785.6068199373451,785.6068199373451,785.6068199373451,-123.04634734995199,-123.04634734995199,-123.04634734995199,0,0,0,4030.6828746665865,7845.972403983505,2616.8071027341643,2616.8071027341643,5834.694148791693
2026-01-29T00:00:00Z,2617.0466366655455,4267.972647267995,4267.972647267995,4267.972647267995,0,0,0,0,0,0,0,0,0,0,0,0,0,0,0,0,0,0,3515.7229583583057,3515.7229583583057,3515.7229583583057,0,0,0,0,0,0,812.1740657416476,812.1740657416476,812.1740657416476,-59.92437683195839,-59.92437683195839,-59.92437683195839,0,0,0,4972.083628172942,8744.334743844984,2617.0466366655455,2617.0466366655455,6885.0192839335405
2026-01-30T00:00:00Z,2617.2861705969267,4417.543630158544,4417.543630158544,4417.543630158544,0,0,0,0,0,0,0,0,0,0,0,0,0,0,0,0,0,0,3639.551040630194,3639.551040630194,3639.551040630194,0,0,0,0,0,0,779.4799552331406,779.4799552331406,779.4799552331406,-1.4873657047912532,-1.4873657047912532,-1.4873657047912532,0,0,0,4991.063062050204,8945.10260287084,2617.2861705969267,2617.2861705969267,7034.829800755471
2026-01-31T00:00:00Z,2617.5257045283074,1230.135887476256,1230.135887476256,1230.135887476256,0,0,0,0,0,0,0,0,0,0,0,0,0,0,0,0,0,0,2645.356653020343,2645.356653020343,2645.356653020343,0,0,0,0,0,0,-1466.1415354195926,-1466.1415354195926,-1466.1415354195926,50.92076987550549,50.92076987550549,50.92076987550549,0,0,0,1849.3049045007588,5809.014109528312,2617.5257045283074,2617.5257045283074,3847.6615920045633
2026-02-01T00:00:00Z,2617.765238459688,-2837.555456577284,-2837.555456577284,-2837.555456577284,0,0,0,0,0,0,-1767.1012203123178,-1767.1012203123178,-1767.1012203123178,0,0,0,0,0,0,-1767.1012203123178,-1767.1012203123178,-1767.1012203123178,903.744062494386,903.744062494386,903.744062494386,0,0,0,0,0,0,-2070.330156384571,-2070.330156384571,-2070.330156384571,96.131857625219,96.131857625219,96.131857625219,0,0,0,-2138.8698275928755,1737.8146026185923,2617.765238459688,2617.765238459688,-219.79021811759594
2026-02-02T00:00:00Z,2618.0047723910693,-2020.195568423892,-2020.195568423892,-2020.195568423892,0,0,0,0,0,0,-1767.1012203123178,-1767.1012203123178,-1767.1012203123178,0,0,0,0,0,0,-1767.1012203123178,-1767.1012203123178,-1767.1012203123178,-793.6149676340831,-793.6149676340831,-793.6149676340831,0,0,0,0,0,0,407.34003319839564,407.34003319839564,407.34003319839564,133.18058632411334,133.18058632411334,133.18058632411334,0,0,0,-1197.1270884314454,2564.3986993045005,2618.0047723910693,2618.0047723910693,597.8092039671774
2026-02-03T00:00:00Z,2618.2443063224505,-2628.753003765456,-2628.753003765456,-2628.753003765456,0,0,0,0,0,0,-1767.1012203123178,-1767.1012203123178,-1767.1012203123178,0,0,0,0,0,0,-1767.1012203123178,-1767.1012203123178,-1767.1012203123178,-1774.849045107702,-1774.849045107702,-1774.849045107702,0,0,0,0,0,0,751.870817688244,751.870817688244,751.870817688244,161.32644396631986,161.32644396631986,161.32644396631986,0,0,0,-1911.0585822570247,1919.3008918522123,2618.2443063224505,2618.2443063224505,-10.50869744300553
2026-02-04T00:00:00Z,2618.483840253831,-940.292980396679,-940.292980396679,-940.292980396679,0,0,0,0,0,0,0,0,0,0,0,0,0,0,0,0,0,0,-1905.9697467527233,-1905.9697467527233,-1905.9697467527233,0,0,0,0,0,0,785.606819937101,785.606819937101,785.606819937101,180.06994641894352,180.06994641894352,180.06994641894352,0,0,0,-199.44589229439075,3531.8786615819367,2618.483840253831,2618.483840253831,1678.1908598571522
2026-02-05T00:00:00Z,2618.7233741852124,-569.4113072238778,-569.4113072238778,-569.4113072238778,0,0,0,0,0,0,0,0,0,0,0,0,0,0,0,0,0,0,-1570.7481450838175,-1570.7481450838175,-1570.7481450838175,0,0,0,0,0,0,812.1740657424514,812.1740657424514,812.1740657424514,189.16277211748832,189.16277211748832,189.16277211748832,0,0,0,51.120882880771696,3978.630229900432,2618.7233741852124,2618.7233741852124,2049.3120669613345
2026-02-06T00:00:00Z,2618.962908116593,-308.62393654891866,-308.62393654891866,-308.62393654891866,0,0,0,0,0,0,0,0,0,0,0,0,0,0,0,0,0,0,-1276.7154656584887,-1276.7154656584887,-1276.7154656584887,0,0,0,0,0,0,779.4799552315516,779.4799552315516,779.4799552315516,188.61157387801805,188.61157387801805,188.61157387801805,0,0,0,291.9675061192358,4347.653076497814,2618.962908116593,2618.962908116593,2310.3389715676744
2026-02-07T00:00:00Z,2619.2024420479743,-2538.9909196328413,-2538.9909196328413,-2538.9909196328413,0,0,0,0,0,0,0,0,0,0,0,0,0,0,0,0,0,0,-1251.5247842042245,-1251.5247842042245,-1251.5247842042245,0,0,0,0,0,0,-1466.141535418631,-1466.141535418631,-1466.141535418631,178.67539999001445,178.67539999001445,178.67539999001445,0,0,0,-1745.565311679113,2079.5734907638885,2619.2024420479743,2619.2024420479743,80.211522415133
2026-02-08T00:00:00Z,2619.441975979355,-3267.563964284586,-3267.563964284586,-3267.563964284586,0,0,0,0,0,0,0,0,0,0,0,0,0,0,0,0,0,0,-1357.090627062181,-1357.090627062181,-1357.090627062181,0,0,0,0,0,0,-2070.3301563876494,-2070.3301563876494,-2070.3301563876494,159.8568191652452,159.8568191652452,159.8568191652452,0,0,0,-2609.2634977886887,1437.5958953268089,2619.441975979355,2619.441975979355,-648.1219883052308
2026-02-09T00:00:00Z,2619.6815099107366,-793.2323293503698,-793.2323293503698,-793.2323293503698,0,0,0,0,0,0,0,0,0,0,0,0,0,0,0,0,0,0,-1333.459365994632,-1333.459365994632,-1333.459365994632,0,0,0,0,0,0,407.34003320117574,407.34003320117574,407.34003320117574,132.8870034430867,132.8870034430867,132.8870034430867,0,0,0,-173.72142156832976,3623.0196340502966,2619.6815099107366,2619.6815099107366,1826.4491805603668
2026-02-10T00:00:00Z,2619.9210438421173,-244.41079711926292,-244.41079711926292,-244.41079711926292,0,0,0,0,0,0,0,0,0,0,0,0,0,0,0,0,0,0,-1094.986790467431,-1094.986790467431,-1094.986790467431,0,0,0,0,0,0,751.8708176881788,751.8708176881788,751.8708176881788,98.70517565998931,98.70517565998931,98.70517565998931,0,0,0,433.6111110356717,4247.238825531437,2619.9210438421173,2619.9210438421173,2375.5102467228544
2026-02-11T00:00:00Z,2620.1605777734985,47.54679890883729,47.54679890883729,47.54679890883729,0,0,0,0,0,0,0,0,0,0,0,0,0,0,0,0,0,0,-796.4929906571923,-796.4929906571923,-796.4929906571923,0,0,0,0,0,0,785.6068199368576,785.6068199368576,785.6068199368576,58.432969629171986,58.432969629171986,58.432969629171986,0,0,0,659.9173593375831,4579.2794163794115,2620.1605777734985,2620.1605777734985,2667.707376682336
2026-02-12T00:00:00Z,2620.4001117048792,182.55950315174533,182.55950315174533,182.55950315174533,0,0,0,0,0,0,0,0,0,0,0,0,0,0,0,0,0,0,-642.958940705609,-642.958940705609,-642.958940705609,0,0,0,0,0,0,812.1740657432555,812.1740657432555,812.1740657432555,13.344378114098797,13.344378114098797,13.344378114098797,0,0,0,972.7385247949011,4793.8364360502355,2620.4001117048792,2620.4001117048792,2802.9596148566247
2026-02-13T00:00:00Z,2620.6396456362604,76.50887200514097,76.50887200514097,76.50887200514097,0,0,0,0,0,0,0,0,0,0,0,0,0,0,0,0,0,0,-667.8031559856116,-667.8031559856116,-667.8031559856116,0,0,0,0,0,0,779.4799552363455,779.4799552363455,779.4799552363455,-35.16792724559278,-35.16792724559278,-35.16792724559278,0,0,0,633.8792055579862,4706.78193671818,2620.6396456362604,2620.6396456362604,2697.148517641401
2026-02-14T00:00:00Z,2620.879179567641,-2263.3032324719043,-2263.3032324719043,-2263.3032324719043,0,0,0,0,0,0,0,0,0,0,0,0,0,0,0,0,0,0,-711.5326656106166,-711.5326656106166,-711.5326656106166,0,0,0,0,0,0,-1466.1415354216313,-1466.1415354216313,-1466.1415354216313,-85.62903143965667,-85.62903143965667,-85.62903143965667,0,0,0,-1632.6733698737823,2367.3337300449184,2620.879179567641,2620.879179567641,357.57594709573686
2026-02-15T00:00:00Z,2621.1187134990223,-2814.775280894356,-2814.775280894356,-2814.775280894356,0,0,0,0,0,0,0,0,0,0,0,0,0,0,0,0,0,0,-607.9250956962244,-607.9250956962244,-607.9250956962244,0,0,0,0,0,0,-2070.330156387061,-2070.330156387061,-2070.330156387061,-136.52002881107074,-136.52002881107074,-136.52002881107074,0,0,0,-2183.0502225031123,1865.366691789773,2621.1187134990223,2621.1187134990223,-193.6565673953337
2026-02-16T00:00:00Z,2621.358247430403,-147.45083849785652,-147.45083849785652,-147.45083849785652,0,0,0,0,0,0,0,0,0,0,0,0,0,0,0,0,0,0,-368.47375806787255,-368.47375806787255,-368.47375806787255,0,0,0,0,0,0,407.3400332018598,407.3400332018598,407.3400332018598,-186.31711363184382,-186.31711363184382,-186.31711363184382,0,0,0,657.2949308185705,4328.896305675675,2621.358247430403,2621.358247430403,2473.9074089325463
2026-02-17T00:00:00Z,2621.597781361784,-2152.207247049404,-2152.207247049404,-2152.207247049404,0,0,0,-2504.051311748948,-2504.051311748948,-2504.051311748948,-2504.051311748948,-2504.051311748948,-2504.051311748948,0,0,0,0,0,0,0,0,0,-166.49623954654535,-166.49623954654535,-166.49623954654535,0,0,0,0,0,0,751.8708176879057,751.8708176879057,751.8708176879057,-233.5305134418158,-233.5305134418158,-233.5305134418158,0,0,0,-1322.4033437724806,2487.770916518517,2621.597781361784,2621.597781361784,469.39053431238017
2026-02-18T00:00:00Z,2621.837315293165,-2135.9274547302316,-2135.9274547302316,-2135.9274547302316,0,0,0,-2504.051311748948,-2504.051311748948,-2504.051311748948,-2504.051311748948,-2504.051311748948,-2504.051311748948,0,0,0,0,0,0,0,0,0,-140.7406828640106,-140.7406828640106,-140.7406828640106,0,0,0,0,0,0,785.6068199366139,785.6068199366139,785.6068199366139,-276.74228005388693,-276.74228005388693,-276.74228005388693,0,0,0,-1561.0845155724778,2304.485662964106,2621.837315293165,2621.837315293165,485.9098605629333
2026-02-19T00:00:00Z,2622.076849224546,264.4800995689804,264.4800995689804,264.4800995689804,0,0,0,0,0,0,0,0,0,0,0,0,0,0,0,0,0,0,-233.05197774193093,-233.05197774193093,-233.05197774193093,0,0,0,0,0,0,812.1740657426374,812.1740657426374,812.1740657426374,-314.6419884317262,-314.6419884317262,-314.6419884317262,0,0,0,968.7867907345577,4841.00654027893,2622.076849224546,2622.076849224546,2886.5569487935263
2026-02-20T00:00:00Z,2622.3163831559273,192.355669736793,192.355669736793,192.355669736793,0,0,0,0,0,0,0,0,0,0,0,0,0,0,0,0,0,0,-241.06483225052943,-241.06483225052943,-241.06483225052943,0,0,0,0,0,0,779.4799552347566,779.4799552347566,779.4799552347566,-346.0594532474343,-346.0594532474343,-346.0594532474343,0,0,0,900.9404167813688,4708.094433441293,2622.3163831559273,2622.3163831559273,2814.6720528927203
2026-02-21T00:00:00Z,2622.5559170873084,-1873.3717934346985,-1873.3717934346985,-1873.3717934346985,0,0,0,0,0,0,0,0,0,0,0,0,0,0,0,0,0,0,-37.23660291104159,-37.23660291104159,-37.23660291104159,0,0,0,0,0,0,-1466.141535424631,-1466.141535424631,-1466.141535424631,-369.99365509902566,-369.99365509902566,-369.99365509902566,0,0,0,-1164.6302730272732,2808.698529050844,2622.5559170873084,2622.5559170873084,749.18412365261
2026-02-22T00:00:00Z,2622.795451018689,-2174.250728720839,-2174.250728720839,-2174.250728720839,0,0,0,0,0,0,0,0,0,0,0,0,0,0,0,0,0,0,281.7165985432518,281.7165985432518,281.7165985432518,0,0,0,0,0,0,-2070.330156386473,-2070.330156386473,-2070.330156386473,-385.6371708776179,-385.6371708776179,-385.6371708776179,0,0,0,-1530.3131772255738,2457.7895476163685,2622.795451018689,2622.795451018689,448.54472229785006
2026-02-23T00:00:00Z,2623.0349849500703,508.24474329674746,508.24474329674746,508.24474329674746,0,0,0,0,0,0,0,0,0,0,0,0,0,0,0,0,0,0,493.3002329030627,493.3002329030627,493.3002329030627,0,0,0,0,0,0,407.3400332035917,407.3400332035917,407.3400332035917,-392.395522809907,-392.395522809907,-392.395522809907,0,0,0,1341.8668278661644,5082.222512650166,2623.0349849500703,2623.0349849500703,3131.2797282468177
2026-02-24T00:00:00Z,2623.2745188814515,878.4587410292013,878.4587410292013,878.4587410292013,0,0,0,0,0,0,0,0,0,0,0,0,0,0,0,0,0,0,516.4889183692597,516.4889183692597,516.4889183692597,0,0,0,0,0,0,751.870817688875,751.870817688875,751.870817688875,-389.9009950289335,-389.9009950289335,-389.9009950289335,0,0,0,1587.6901725079867,5443.444452358793,2623.2745188814515,2623.2745188814515,3501.733259910653
2026-02-25T00:00:00Z,2623.5140528128322,976.603231178938,976.603231178938,976.603231178938,0,0,0,0,0,0,0,0,0,0,0,0,0,0,0,0,0,0,569.017022800696,569.017022800696,569.017022800696,0,0,0,0,0,0,785.6068199375413,785.6068199375413,785.6068199375413,-378.0206115592993,-378.0206115592993,-378.0206115592993,0,0,0,1582.2928653101053,5516.675361035238,2623.5140528128322,2623.5140528128322,3600.1172839917704
2026-02-26T00:00:00Z,2623.7535867442134,1466.3558594762223,1466.3558594762223,1466.3558594762223,0,0,0,0,0,0,0,0,0,0,0,0,0,0,0,0,0,0,1011.039915207203,1011.039915207203,1011.039915207203,0,0,0,0,0,0,812.1740657448636,812.1740657448636,812.1740657448636,-356.8581214758438,-356.8581214758438,-356.8581214758438,0,0,0,2085.967438921571,5957.256912536595,2623.7535867442134,2623.7535867442134,4090.1094462204355
2026-02-27T00:00:00Z,2623.993120675594,2424.8468281548817,2424.8468281548817,2424.8468281548817,0,0,0,0,0,0,0,0,0,0,0,0,0,0,0,0,0,0,1972.116864621504,1972.116864621504,1972.116864621504,0,0,0,0,0,0,779.4799552350565,779.4799552350565,779.4799552350565,-326.7499917016777,-326.7499917016777,-326.7499917016777,0,0,0,3097.9855732637006,6895.501343818585,2623.993120675594,2623.993120675594,5048.839948830476
2026-02-28T00:00:00Z,2624.2326546069753,1346.8215289331893,1346.8215289331893,1346.8215289331893,0,0,0,0,0,0,0,0,0,0,0,0,0,0,0,0,0,0,3101.2186257543644,3101.2186257543644,3101.2186257543644,0,0,0,0,0,0,-1466.1415354236697,-1466.1415354236697,-1466.1415354236697,-288.25556139750523,-288.25556139750523,-288.25556139750523,0,0,0,1977.5279587775117,5859.068387415494,2624.2326546069753,2624.2326546069753,3971.0541835401646
2026-03-01T00:00:00Z,2624.472188538356,1401.83611703381,1401.83611703381,1401.83611703381,0,0,0,0,0,0,0,0,0,0,0,0,0,0,0,0,0,0,3714.3079335788852,3714.3079335788852,3714.3079335788852,0,0,0,0,0,0,-2070.330156391232,-2070.330156391232,-2070.330156391232,-242.1416601538431,-242.1416601538431,-242.1416601538431,0,0,0,2026.8974305795175,6009.943947052641,2624.472188538356,2624.472188538356,4026.3083055721663
2026-03-02T00:00:00Z,2624.711722469737,3491.9823143054405,3491.9823143054405,3491.9823143054405,0,0,0,0,0,0,0,0,0,0,0,0,0,0,0,0,0,0,3274.0044125011727,3274.0044125011727,3274.0044125011727,0,0,0,0,0,0,407.34003320532406,407.34003320532406,407.34003320532406,-189.3621314010564,-189.3621314010564,-189.3621314010564,0,0,0,4075.1487493852155,7983.072661249733,2624.711722469737,2624.711722469737,6116.694036775178
2026-03-03T00:00:00Z,2624.951256401118,2443.4150364643474,2443.4150364643474,2443.4150364643474,0,0,0,0,0,0,0,0,0,0,0,0,0,0,0,0,0,0,1822.5770478151692,1822.5770478151692,1822.5770478151692,0,0,0,0,0,0,751.8708176886024,751.8708176886024,751.8708176886024,-131.03282903942377,-131.03282903942377,-131.03282903942377,0,0,0,2979.5800732618964,6966.922116564252,2624.951256401118,2624.951256401118,5068.366292865465
2026-03-04T00:00:00Z,2625.1907903324995,715.3332503836863,715.3332503836863,715.3332503836863,0,0,0,0,0,0,0,0,0,0,0,0,0,0,0,0,0,0,-1.870803511114539,-1.870803511114539,-1.870803511114539,0,0,0,0,0,0,785.6068199379715,785.6068199379715,785.6068199379715,-68.40276604317074,-68.40276604317074,-68.40276604317074,0,0,0,1393.7235476090336,5254.435626576307,2625.1907903324995,2625.1907903324995,3340.524040716186
2026-03-05T00:00:00Z,2625.4303242638803,-587.5776505492087,-587.5776505492087,-587.5776505492087,0,0,0,0,0,0,0,0,0,0,0,0,0,0,0,0,0,0,-1396.9295303301506,-1396.9295303301506,-1396.9295303301506,0,0,0,0,0,0,812.1740657442455,812.1740657442455,812.1740657442455,-2.8221859633035153,-2.8221859633035153,-2.8221859633035153,0,0,0,168.5994867075661,3928.083589018078,2625.4303242638803,2625.4303242638803,2037.8526737146717
2026-03-06T00:00:00Z,2625.6698581952614,-1087.540387675584,-1087.540387675584,-1087.540387675584,0,0,0,0,0,0,0,0,0,0,0,0,0,0,0,0,0,0,-1931.3119433302197,-1931.3119433302197,-1931.3119433302197,0,0,0,0,0,0,779.4799552334676,779.4799552334676,779.4799552334676,64.29160042116797,64.29160042116797,64.29160042116797,0,0,0,-416.8472071104339,3590.1331432003713,2625.6698581952614,2625.6698581952614,1538.1294705196774
2026-03-07T00:00:00Z,2625.909392126642,-4863.857633766158,-4863.857633766158,-4863.857633766158,0,0,0,0,0,0,-1767.1012203123178,-1767.1012203123178,-1767.1012203123178,0,0,0,0,0,0,-1767.1012203123178,-1767.1012203123178,-1767.1012203123178,-1762.104600278384,-1762.104600278384,-1762.104600278384,0,0,0,0,0,0,-1466.1415354185729,-1466.1415354185729,-1466.1415354185729,131.48972224311808,131.48972224311808,131.48972224311808,0,0,0,-4217.1460168752055,-255.7906933403717,2625.909392126642,2625.909392126642,-2237.948241639516
2026-03-08T00:00:00Z,2626.1489260580233,-3267.8013208400166,-3267.8013208400166,-3267.8013208400166,0,0,0,0,0,0,0,0,0,0,0,0,0,0,0,0,0,0,-1394.7988476527592,-1394.7988476527592,-1394.7988476527592,0,0,0,0,0,0,-2070.3301563889627,-2070.3301563889627,-2070.3301563889627,197.32768320170564,197.32768320170564,197.32768320170564,0,0,0,-2717.7234482585122,1268.0298642379043,2626.1489260580233,2626.1489260580233,-641.6523947819933
2026-03-09T00:00:00Z,2626.388459989404,-564.565417475128,-564.565417475128,-564.565417475128,0,0,0,0,0,0,0,0,0,0,0,0,0,0,0,0,0,0,-1232.3062569434092,-1232.3062569434092,-1232.3062569434092,0,0,0,0,0,0,407.3400332070561,407.3400332070561,407.3400332070561,260.4008062612249,260.4008062612249,260.4008062612249,0,0,0,135.59128232985228,3987.287209810079,2626.388459989404,2626.388459989404,2061.823042514276
2026-03-10T00:00:00Z,2626.6279939207852,-234.18938403366414,-234.18938403366414,-234.18938403366414,0,0,0,0,0,0,0,0,0,0,0,0,0,0,0,0,0,0,-1305.43849528482,-1305.43849528482,-1305.43849528482,0,0,0,0,0,0,751.870817688537,751.870817688537,751.870817688537,319.3782935626187,319.3782935626187,319.3782935626187,0,0,0,550.0977459393062,4327.69506046564,2626.6279939207852,2626.6279939207852,2392.438609887121
2026-03-11T00:00:00Z,2626.867527852166,-214.53318859827692,-214.53318859827692,-214.53318859827692,0,0,0,0,0,0,0,0,0,0,0,0,0,0,0,0,0,0,-1373.175060872682,-1373.175060872682,-1373.175060872682,0,0,0,0,0,0,785.6068199370537,785.6068199370537,785.6068199370537,373.03505233735103,373.03505233735103,373.03505233735103,0,0,0,353.00281542665897,4280.285589644515,2626.867527852166,2626.867527852166,2412.334339253889
2026-03-12T00:00:00Z,2627.107061783547,-3.22822099525441,-3.22822099525441,-3.22822099525441,0,0,0,0,0,0,0,0,0,0,0,0,0,0,0,0,0,0,-1235.6827915486315,-1235.6827915486315,-1235.6827915486315,0,0,0,0,0,0,812.1740657424042,812.1740657424042,812.1740657424042,420.28050481097273,420.28050481097273,420.28050481097273,0,0,0,535.8751435110028,4495.178195466543,2627.107061783547,2627.107061783547,2623.8788407882926
2026-03-13T00:00:00Z,2627.346595714928,301.2242728831781,301.2242728831781,301.2242728831781,0,0,0,0,0,0,0,0,0,0,0,0,0,0,0,0,0,0,-938.4393691900507,-938.4393691900507,-938.4393691900507,0,0,0,0,0,0,779.4799552318789,779.4799552318789,779.4799552318789,460.1836868413501,460.1836868413501,460.1836868413501,0,0,0,936.5351463367671,4959.933349121539,2627.346595714928,2627.346595714928,2928.570868598106
2026-03-14T00:00:00Z,2627.586129646309,-1668.0904992299065,-1668.0904992299065,-1668.0904992299065,0,0,0,0,0,0,0,0,0,0,0,0,0,0,0,0,0,0,-693.9430076965435,-693.9430076965435,-693.9430076965435,0,0,0,0,0,0,-1466.1415354195922,-1466.1415354195922,-1466.1415354195922,491.9940438862291,491.9940438862291,491.9940438862291,0,0,0,-938.7370499369856,2859.5900409050882,2627.586129646309,2627.586129646309,959.4956304164025
2026-03-15T00:00:00Z,2627.82566357769,-2195.242162778482,-2195.242162778482,-2195.242162778482,0,0,0,0,0,0,0,0,0,0,0,0,0,0,0,0,0,0,-640.0694573005063,-640.0694573005063,-640.0694573005063,0,0,0,0,0,0,-2070.3301563900554,-2070.3301563900554,-2070.3301563900554,515.1574509120799,515.1574509120799,515.1574509120799,0,0,0,-1387.5041843727086,2404.1748639894063,2627.82566357769,2627.82566357769,432.5835007992082
2026-03-16T00:00:00Z,2628.0651975090714,236.3118387106459,236.3118387106459,236.3118387106459,0,0,0,0,0,0,0,0,0,0,0,0,0,0,0,0,0,0,-700.3553062710401,-700.3553062710401,-700.3553062710401,0,0,0,0,0,0,407.3400332077404,407.3400332077404,407.3400332077404,529.327111773946,529.327111773946,529.327111773946,0,0,0,960.618974653602,4853.8666508280085,2628.0651975090714,2628.0651975090714,2864.3770362197174
2026-03-17T00:00:00Z,2628.3047314404525,603.6142954821844,603.6142954821844,603.6142954821844,0,0,0,0,0,0,0,0,0,0,0,0,0,0,0,0,0,0,-682.6256521215325,-682.6256521215325,-682.6256521215325,0,0,0,0,0,0,751.870817688057,751.870817688057,751.870817688057,534.36912991566,534.36912991566,534.36912991566,0,0,0,1308.5898622323787,5041.005841289286,2628.3047314404525,2628.3047314404525,3231.919026922637
2026-03-18T00:00:00Z,2628.5442653718333,819.6599325140444,819.6599325140444,819.6599325140444,0,0,0,0,0,0,0,0,0,0,0,0,0,0,0,0,0,0,-496.3095696882079,-496.3095696882079,-496.3095696882079,0,0,0,0,0,0,785.6068199374845,785.6068199374845,785.6068199374845,530.3626822647678,530.3626822647678,530.3626822647678,0,0,0,1585.1640092109662,5239.770255865251,2628.5442653718333,2628.5442653718333,3448.204197885878
2026-03-19T00:00:00Z,2628.783799303214,1079.1435077320155,1079.1435077320155,1079.1435077320155,0,0,0,0,0,0,0,0,0,0,0,0,0,0,0,0,0,0,-250.62542622481652,-250.62542622481652,-250.62542622481652,0,0,0,0,0,0,812.1740657432083,812.1740657432083,812.1740657432083,517.5948682136237,517.5948682136237,517.5948682136237,0,0,0,1645.051993097305,5770.580978501828,2628.783799303214,2628.783799303214,3707.927307035229
2026-03-20T00:00:00Z,2629.023333234595,-1578.3399665593954,-1578.3399665593954,-1578.3399665593954,0,0,0,0,0,0,-2724.3653900430054,-2724.3653900430054,-2724.3653900430054,0,0,0,0,0,0,0,0,0,-130.00497363492948,-130.00497363492948,-130.00497363492948,0,0,0,-2724.3653900430054,-2724.3653900430054,-2724.3653900430054,779.47995523029,779.47995523029,779.47995523029,496.55044188824974,496.55044188824974,496.55044188824974,0,0,0,-925.2732624068359,2820.2299970297363,2629.023333234595,2629.023333234595,1050.6833666751997
2026-03-21T00:00:00Z,2629.2628671659763,-4100.4292219998015,-4100.4292219998015,-4100.4292219998015,0,0,0,0,0,0,-2918.5425732747135,-2918.5425732747135,-2918.5425732747135,0,0,0,0,0,0,0,0,0,-183.64187827041556,-183.64187827041556,-183.64187827041556,0,0,0,-2918.5425732747135,-2918.5425732747135,-2918.5425732747135,-1466.1415354225924,-1466.1415354225924,-1466.1415354225924,467.89676496791935,467.89676496791935,467.89676496791935,0,0,0,-3456.11151223073,358.0240973870651,2629.2628671659763,2629.2628671659763,-1471.1663548338252
2026-03-22T00:00:00Z,2629.502401097357,-5682.934843797901,-5682.934843797901,-5682.934843797901,0,0,0,0,0,0,-3785.007090413913,-3785.007090413913,-3785.007090413913,0,0,0,0,0,0,0,0,0,-260.06203280673407,-260.06203280673407,-260.06203280673407,0,0,0,-3785.007090413913,-3785.007090413913,-3785.007090413913,-2070.330156387786,-2070.330156387786,-2070.330156387786,432.4644358105327,432.4644358105327,432.4644358105327,0,0,0,-4871.1663709099885,-1195.3164521753363,2629.502401097357,2629.502401097357,-3053.4324427005436
2026-03-23T00:00:00Z,2629.741935028738,-3731.244644046134,-3731.244644046134,-3731.244644046134,0,0,0,0,0,0,-4364.7852151196275,-4364.7852151196275,-4364.7852151196275,0,0,0,0,0,0,0,0,0,-165.02361771720015,-165.02361771720015,-165.02361771720015,0,0,0,-4364.7852151196275,-4364.7852151196275,-4364.7852151196275,407.34003320124657,407.34003320124657,407.34003320124657,391.2241555894471,391.2241555894471,391.2241555894471,0,0,0,-3039.593152728651,738.7040845101404,2629.741935028738,2629.741935028738,-1101.5027090173958
2026-03-24T00:00:00Z,2629.981468960119,-895.7390238851079,-895.7390238851079,-895.7390238851079,0,0,0,0,0,0,-2114.5721807902246,-2114.5721807902246,-2114.5721807902246,0,0,0,0,0,0,0,0,0,121.70185827659046,121.70185827659046,121.70185827659046,0,0,0,-2114.5721807902246,-2114.5721807902246,-2114.5721807902246,751.8708176892336,751.8708176892336,751.8708176892336,345.2604809392923,345.2604809392923,345.2604809392923,0,0,0,-242.44852736278122,3630.5289947145693,2629.981468960119,2629.981468960119,1734.242445075011
2026-03-25T00:00:00Z,2630.2210028915,-92.1237243130214,-92.1237243130214,-92.1237243130214,0,0,0,0,0,0,-1585.9115762642805,-1585.9115762642805,-1585.9115762642805,0,0,0,0,0,0,0,0,0,412.4378488788538,412.4378488788538,412.4378488788538,0,0,0,-1585.9115762642805,-1585.9115762642805,-1585.9115762642805,785.6068199372406,785.6068199372406,785.6068199372406,295.74318313516466,295.74318313516466,295.74318313516466,0,0,0,718.6929778578382,4493.078301419369,2630.2210028915,2630.2210028915,2538.097278578479
2026-03-26T00:00:00Z,2630.460536822881,475.176653478975,475.176653478975,475.176653478975,0,0,0,0,0,0,-1102.5674136623495,-1102.5674136623495,-1102.5674136623495,0,0,0,0,0,0,0,0,0,521.673016926207,521.673016926207,521.673016926207,0,0,0,-1102.5674136623495,-1102.5674136623495,-1102.5674136623495,812.1740657440123,812.1740657440123,812.1740657440123,243.89698447110527,243.89698447110527,243.89698447110527,0,0,0,1209.8933359361,4992.510468004914,2630.460536822881,2630.460536822881,3105.6371903018558
2026-03-27T00:00:00Z,2630.7000707542625,-192.24424363104407,-192.24424363104407,-192.24424363104407,0,0,0,0,0,0,-1678.5952776236295,-1678.5952776236295,-1678.5952776236295,0,0,0,0,0,0,0,0,0,515.9006065739316,515.9006065739316,515.9006065739316,0,0,0,-1678.5952776236295,-1678.5952776236295,-1678.5952776236295,779.4799552305896,779.4799552305896,779.4799552305896,190.9704721880644,190.9704721880644,190.9704721880644,0,0,0,433.37233511226015,4498.292219922734,2630.7000707542625,2630.7000707542625,2438.4558271232186
2026-03-28T00:00:00Z,2630.939604685643,-1809.007179669108,-1809.007179669108,-1809.007179669108,0,0,0,0,0,0,-1204.442921910027,-1204.442921910027,-1204.442921910027,0,0,0,0,0,0,0,0,0,723.3722790910265,723.3722790910265,723.3722790910265,0,0,0,-1204.442921910027,-1204.442921910027,-1204.442921910027,-1466.1415354135336,-1466.1415354135336,-1466.1415354135336,138.20499856342676,138.20499856342676,138.20499856342676,0,0,0,-1046.030033219902,2665.7773456701034,2630.939604685643,2630.939604685643,821.9324250165353
2026-03-29T00:00:00Z,2631.1791386170244,-2085.572106035243,-2085.572106035243,-2085.572106035243,0,0,0,0,0,0,-1538.9263432042626,-1538.9263432042626,-1538.9263432042626,0,0,0,0,0,0,0,0,0,1436.8800308660798,1436.8800308660798,1436.8800308660798,0,0,0,-1538.9263432042626,-1538.9263432042626,-1538.9263432042626,-2070.330156385517,-2070.330156385517,-2070.330156385517,86.80436268845675,86.80436268845675,86.80436268845675,0,0,0,-1395.8059678773884,2418.3707305525204,2631.1791386170244,2631.1791386170244,545.6070325817814
2026-03-30T00:00:00Z,2631.418672548405,1844.7666537044377,1844.7666537044377,1844.7666537044377,0,0,0,0,0,0,-1155.8059886669942,-1155.8059886669942,-1155.8059886669942,0,0,0,0,0,0,0,0,0,2555.326573471078,2555.326573471078,2555.326573471078,0,0,0,-1155.8059886669942,-1155.8059886669942,-1155.8059886669942,407.3400332029789,407.3400332029789,407.3400332029789,37.90603569737492,37.90603569737492,37.90603569737492,0,0,0,2507.0026010116226,6431.549301177995,2631.418672548405,2631.418672548405,4476.185326252843
2026-03-31T00:00:00Z,2631.6582064797863,4260.148414033006,4260.148414033006,4260.148414033006,0,0,0,0,0,0,0,0,0,0,0,0,0,0,0,0,0,0,3515.7229583584585,3515.7229583584585,3515.7229583584585,0,0,0,0,0,0,751.8708176889611,751.8708176889611,751.8708176889611,-7.445362014414078,-7.445362014414078,-7.445362014414078,0,0,0,4924.389525809864,8856.636928830363,2631.6582064797863,2631.6582064797863,6891.8066205127925
2026-04-01T00:00:00Z,2631.897740411167,4376.836166532291,4376.836166532291,4376.836166532291,0,0,0,0,0,0,0,0,0,0,0,0,0,0,0,0,0,0,3639.551040629334,3639.551040629334,3639.551040629334,0,0,0,0,0,0,785.606819936997,785.606819936997,785.606819936997,-48.32169403403874,-48.32169403403874,-48.32169403403874,0,0,0,5086.701944094192,8852.468305547023,2631.897740411167,2631.897740411167,7008.733906943458
2026-04-02T00:00:00Z,2632.137274342548,3373.599218103497,3373.599218103497,3373.599218103497,0,0,0,0,0,0,0,0,0,0,0,0,0,0,0,0,0,0,2645.356653023443,2645.356653023443,2645.356653023443,0,0,0,0,0,0,812.1740657433942,812.1740657433942,812.1740657433942,-83.93150066334049,-83.93150066334049,-83.93150066334049,0,0,0,4053.511131526734,7866.091703019715,2632.137274342548,2632.137274342548,6005.736492446045
2026-04-03T00:00:00Z,2632.376808273929,1569.5877179434763,1569.5877179434763,1569.5877179434763,0,0,0,0,0,0,0,0,0,0,0,0,0,0,0,0,0,0,903.7440624922098,903.7440624922098,903.7440624922098,0,0,0,0,0,0,779.4799552334948,779.4799552334948,779.4799552334948,-113.6362997822281,-113.6362997822281,-113.6362997822281,0,0,0,2375.2964843804875,6279.424964986807,2632.376808273929,2632.376808273929,4201.964526217405
2026-04-04T00:00:00Z,2632.61634220531,-2396.7191573331293,-2396.7191573331293,-2396.7191573331293,0,0,0,0,0,0,0,0,0,0,0,0,0,0,0,0,0,0,-793.6149676361696,-793.6149676361696,-793.6149676361696,0,0,0,0,0,0,-1466.141535416534,-1466.141535416534,-1466.141535416534,-136.96265428042565,-136.96265428042565,-136.96265428042565,0,0,0,-1756.7857230890422,2010.2678443325913,2632.61634220531,2632.61634220531,235.8971848721808
2026-04-05T00:00:00Z,2632.8558761366908,-3998.78898286389,-3998.78898286389,-3998.78898286389,0,0,0,0,0,0,0,0,0,0,0,0,0,0,0,0,0,0,-1774.8490451059524,-1774.8490451059524,-1774.8490451059524,0,0,0,0,0,0,-2070.33015638661,-2070.33015638661,-2070.33015638661,-153.6097813713281,-153.6097813713281,-153.6097813713281,0,0,0,-3349.854633605895,670.6199644361177,2632.8558761366908,2632.8558761366908,-1365.9331067271992
2026-04-06T00:00:00Z,2633.095410068072,-1662.0823133719969,-1662.0823133719969,-1662.0823133719969,0,0,0,0,0,0,0,0,0,0,0,0,0,0,0,0,0,0,-1905.9697467536048,-1905.9697467536048,-1905.9697467536048,0,0,0,0,0,0,407.3400332047109,407.3400332047109,407.3400332047109,-163.45259982310293,-163.45259982310293,-163.45259982310293,0,0,0,-890.0489681220781,3085.6186584017364,2633.095410068072,2633.095410068072,971.0130966960751
2026-04-07T00:00:00Z,2633.334943999453,-985.4175598247386,-985.4175598247386,-985.4175598247386,0,0,0,0,0,0,0,0,0,0,0,0,0,0,0,0,0,0,-1570.7481450842997,-1570.7481450842997,-1570.7481450842997,0,0,0,0,0,0,751.8708176886878,751.8708176886878,751.8708176886878,-166.54023242912672,-166.54023242912672,-166.54023242912672,0,0,0,-309.30231800615525,3620.9169711974623,2633.334943999453,2633.334943999453,1647.9173841747145
2026-04-08T00:00:00Z,2633.5744779308343,-654.1987453467156,-654.1987453467156,-654.1987453467156,0,0,0,0,0,0,0,0,0,0,0,0,0,0,0,0,0,0,-1276.7154656590305,-1276.7154656590305,-1276.7154656590305,0,0,0,0,0,0,785.6068199372501,785.6068199372501,785.6068199372501,-163.09009962493494,-163.09009962493494,-163.09009962493494,0,0,0,14.73934556673129,4068.264951704739,2633.5744779308343,2633.5744779308343,1979.3757325841189
2026-04-09T00:00:00Z,2633.8140118622155,-592.8285713931301,-592.8285713931301,-592.8285713931301,0,0,0,0,0,0,0,0,0,0,0,0,0,0,0,0,0,0,-1251.5247842023236,-1251.5247842023236,-1251.5247842023236,0,0,0,0,0,0,812.174065742776,812.174065742776,812.174065742776,-153.47785293358234,-153.47785293358234,-153.47785293358234,0,0,0,86.76013550110846,4136.612188231053,2633.8140118622155,2633.8140118622155,2040.9854404690855
2026-04-10T00:00:00Z,2634.053545793596,-715.8341727847461,-715.8341727847461,-715.8341727847461,0,0,0,0,0,0,0,0,0,0,0,0,0,0,0,0,0,0,-1357.0906270619337,-1357.0906270619337,-1357.0906270619337,0,0,0,0,0,0,779.4799552337945,779.4799552337945,779.4799552337945,-138.2235009566073,-138.2235009566073,-138.2235009566073,0,0,0,-56.76575061510206,3802.115209559055,2634.053545793596,2634.053545793596,1918.2193730088502
2026-04-11T00:00:00Z,2634.2930797249774,-2917.575074713383,-2917.575074713383,-2917.575074713383,0,0,0,0,0,0,0,0,0,0,0,0,0,0,0,0,0,0,-1333.4593659950838,-1333.4593659950838,-1333.4593659950838,0,0,0,0,0,0,-1466.1415354175533,-1466.1415354175533,-1466.1415354175533,-117.97417330074639,-117.97417330074639,-117.97417330074639,0,0,0,-2289.3523917771217,1754.648520005164,2634.2930797249774,2634.2930797249774,-283.2819949884056
2026-04-12T00:00:00Z,2634.532613656358,-3258.800993703044,-3258.800993703044,-3258.800993703044,0,0,0,0,0,0,0,0,0,0,0,0,0,0,0,0,0,0,-1094.9867904673135,-1094.9867904673135,-1094.9867904673135,0,0,0,0,0,0,-2070.33015638434,-2070.33015638434,-2070.33015638434,-93.48404685138973,-93.48404685138973,-93.48404685138973,0,0,0,-2489.403208162147,1240.5267227168927,2634.532613656358,2634.532613656358,-624.2683800466857
2026-04-13T00:00:00Z,2634.7721475877393,-454.74497977434237,-454.74497977434237,-454.74497977434237,0,0,0,0,0,0,0,0,0,0,0,0,0,0,0,0,0,0,-796.4929906588546,-796.4929906588546,-796.4929906588546,0,0,0,0,0,0,407.340033205395,407.340033205395,407.340033205395,-65.59202232088258,-65.59202232088258,-65.59202232088258,0,0,0,395.59169973982927,4150.789870273388,2634.7721475877393,2634.7721475877393,2180.0271678133968
2026-04-14T00:00:00Z,2635.01168151912,73.7140914128837,73.7140914128837,73.7140914128837,0,0,0,0,0,0,0,0,0,0,0,0,0,0,0,0,0,0,-642.9589407061362,-642.9589407061362,-642.9589407061362,0,0,0,0,0,0,751.8708176884152,751.8708176884152,751.8708176884152,-35.19778556939526,-35.19778556939526,-35.19778556939526,0,0,0,881.1176321916778,4514.606418438375,2635.01168151912,2635.01168151912,2708.7257729320036
2026-04-15T00:00:00Z,2635.251215450501,114.56674703285726,114.56674703285726,114.56674703285726,0,0,0,0,0,0,0,0,0,0,0,0,0,0,0,0,0,0,-667.803155984472,-667.803155984472,-667.803155984472,0,0,0,0,0,0,785.6068199376806,785.6068199376806,785.6068199376806,-3.23691692035129,-3.23691692035129,-3.23691692035129,0,0,0,962.0985336201483,4783.811786261883,2635.251215450501,2635.251215450501,2749.8179624833583
2026-04-16T00:00:00Z,2635.490749381882,129.9856780249111,129.9856780249111,129.9856780249111,0,0,0,0,0,0,0,0,0,0,0,0,0,0,0,0,0,0,-711.53266561089265,-711.53266561089265,-711.53266561089265,0,0,0,0,0,0,812.1740657450022,812.1740657450022,812.1740657450022,29.3442778908015,29.3442778908015,29.3442778908015,0,0,0,729.3742887850516,4759.098296304788,2635.490749381882,2635.490749381882,2765.476427406793
2026-04-17T00:00:00Z,2635.730283313263,233.16840882295833,233.16840882295833,233.16840882295833,0,0,0,0,0,0,0,0,0,0,0,0,0,0,0,0,0,0,-607.9250956947142,-607.9250956947142,-607.9250956947142,0,0,0,0,0,0,779.4799552322058,779.4799552322058,779.4799552322058,61.61354928546679,61.61354928546679,61.61354928546679,0,0,0,872.3133737732246,4713.322814020085,2635.730283313263,2635.730283313263,2868.898692136221
2026-04-18T00:00:00Z,2635.9698172446438,-1741.938835975835,-1741.938835975835,-1741.938835975835,0,0,0,0,0,0,0,0,0,0,0,0,0,0,0,0,0,0,-368.473758068943,-368.473758068943,-368.473758068943,0,0,0,0,0,0,-1466.1415354185724,-1466.1415354185724,-1466.1415354185724,92.67645751168037,92.67645751168037,92.67645751168037,0,0,0,-1120.2116221307497,2879.870314940448,2635.9698172446438,2635.9698172446438,894.0309812688088
2026-04-19T00:00:00Z,2636.2093511760254,-2115.127895895831,-2115.127895895831,-2115.127895895831,0,0,0,0,0,0,0,0,0,0,0,0,0,0,0,0,0,0,-166.49623954676818,-166.49623954676818,-166.49623954676818,0,0,0,0,0,0,-2070.3301563890996,-2070.3301563890996,-2070.3301563890996,121.69850004003676,121.69850004003676,121.69850004003676,0,0,0,-1447.1477033748624,2516.0246407217155,2636.2093511760254,2636.2093511760254,521.0814552801944
2026-04-20T00:00:00Z,2636.448885107406,414.5244218059341,414.5244218059341,414.5244218059341,0,0,0,0,0,0,0,0,0,0,0,0,0,0,0,0,0,0,-140.74068286420354,-140.74068286420354,-140.74068286420354,0,0,0,0,0,0,407.3400331999496,407.3400331999496,407.3400331999496,147.92507147018804,147.92507147018804,147.92507147018804,0,0,0,882.8545230474185,4893.100152546127,2636.448885107406,2636.448885107406,3050.9733069133404
2026-04-21T00:00:00Z,2636.6884190387873,689.517625104638,689.517625104638,689.517625104638,0,0,0,0,0,0,0,0,0,0,0,0,0,0,0,0,0,0,-233.05197774236112,-233.05197774236112,-233.05197774236112,0,0,0,0,0,0,751.87081768835,751.87081768835,751.87081768835,170.69878515864903,170.69878515864903,170.69878515864903,0,0,0,1438.0198639219327,5300.555262789924,2636.6884190387873,2636.6884190387873,3326.206044143425
2026-04-22T00:00:00Z,2636.927952970168,734.0157549766824,734.0157549766824,734.0157549766824,0,0,0,0,0,0,0,0,0,0,0,0,0,0,0,0,0,0,-241.06483224871707,-241.06483224871707,-241.06483224871707,0,0,0,0,0,0,785.6068199367629,785.6068199367629,785.6068199367629,189.4737672886365,189.4737672886365,189.4737672886365,0,0,0,1493.6007918542516,5288.1302616840785,2636.927952970168,2636.927952970168,3370.9437079468503
2026-04-23T00:00:00Z,2637.167486901549,978.7640870579351,978.7640870579351,978.7640870579351,0,0,0,0,0,0,0,0,0,0,0,0,0,0,0,0,0,0,-37.23660291143067,-37.23660291143067,-37.23660291143067,0,0,0,0,0,0,812.1740657443843,812.1740657443843,812.1740657443843,203.82662422498151,203.82662422498151,203.82662422498151,0,0,0,1743.941033436155,5646.931071392668,2637.167486901549,2637.167486901549,3615.931573959484
2026-04-24T00:00:00Z,2637.40702083293,1274.6604339140056,1274.6604339140056,1274.6604339140056,0,0,0,0,0,0,0,0,0,0,0,0,0,0,0,0,0,0,281.7165985431651,281.7165985431651,281.7165985431651,0,0,0,0,0,0,779.4799552369996,779.4799552369996,779.4799552369996,213.46388013384092,213.46388013384092,213.46388013384092,0,0,0,2019.9323810654041,5851.373353409311,2637.40702083293,2637.40702083293,3912.0674547469353
2026-04-25T00:00:00Z,2637.646554764311,-754.615521310832,-754.615521310832,-754.615521310832,0,0,0,0,0,0,0,0,0,0,0,0,0,0,0,0,0,0,493.300232902362,493.300232902362,493.300232902362,0,0,0,0,0,0,-1466.1415354195917,-1466.1415354195917,-1466.1415354195917,218.22578120639778,218.22578120639778,218.22578120639778,0,0,0,-83.433718003776,3767.4955451221176,2637.646554764311,2637.646554764311,1883.031033453479
2026-04-26T00:00:00Z,2637.886088695692,-1335.7547753516858,-1335.7547753516858,-1335.7547753516858,0,0,0,0,0,0,0,0,0,0,0,0,0,0,0,0,0,0,516.4889183696479,516.4889183696479,516.4889183696479,0,0,0,0,0,0,-2070.3301563868304,-2070.3301563868304,-2070.3301563868304,218.08646266549638,218.08646266549638,218.08646266549638,0,0,0,-586.2396208068584,3200.349977448507,2637.886088695692,2637.886088695692,1302.131313344006
2026-04-27T00:00:00Z,2638.125622627073,1189.5076282964142,1189.5076282964142,1189.5076282964142,0,0,0,0,0,0,0,0,0,0,0,0,0,0,0,0,0,0,569.0170228016751,569.0170228016751,569.0170228016751,0,0,0,0,0,0,407.3400332006336,407.3400332006336,407.3400332006336,213.15057229410507,213.15057229410507,213.15057229410507,0,0,0,1953.5770046102818,5827.467781813448,2638.125622627073,2638.125622627073,3827.633250923487
2026-04-28T00:00:00Z,2638.365156558454,1966.5572697913174,1966.5572697913174,1966.5572697913174,0,0,0,0,0,0,0,0,0,0,0,0,0,0,0,0,0,0,1011.0399152068184,1011.0399152068184,1011.0399152068184,0,0,0,0,0,0,751.8708176880773,751.8708176880773,751.8708176880773,203.64653689642302,203.64653689642302,203.64653689642302,0,0,0,2597.3400443025794,6359.742526954997,2638.365156558454,2638.365156558454,4604.922426349772
2026-04-29T00:00:00Z,2638.604690489835,2947.640428025943,2947.640428025943,2947.640428025943,0,0,0,0,0,0,0,0,0,0,0,0,0,0,0,0,0,0,1972.1168646220456,1972.1168646220456,1972.1168646220456,0,0,0,0,0,0,785.6068199371931,785.6068199371931,785.6068199371931,189.91674346670342,189.91674346670342,189.91674346670342,0,0,0,3512.390108477377,7529.644881824875,2638.604690489835,2638.604690489835,5586.245118515778
2026-04-30T00:00:00Z,2638.844224421216,4085.7976742095334,4085.7976742095334,4085.7976742095334,0,0,0,0,0,0,0,0,0,0,0,0,0,0,0,0,0,0,3101.21862575498,3101.21862575498,3101.21862575498,0,0,0,0,0,0,812.1740657425431,812.1740657425431,812.1740657425431,172.40498271201008,172.40498271201008,172.40498271201008,0,0,0,4774.20821181384,8640.373356724695,2638.844224421216,2638.844224421216,6724.641898630749
2026-05-01T00:00:00Z,2639.083758352597,2878.3282356131285,2878.3282356131285,2878.3282356131285,0,0,0,0,0,0,-1767.1012203123178,-1767.1012203123178,-1767.1012203123178,0,0,0,0,0,0,-1767.1012203123178,-1767.1012203123178,-1767.1012203123178,3714.3079335784355,3714.3079335784355,3714.3079335784355,0,0,0,0,0,0,779.4799552354108,779.4799552354108,779.4799552354108,151.64156711159998,151.64156711159998,151.64156711159998,0,0,0,3428.852155718073,7484.457880804122,2639.083758352597,2639.083758352597,5517.411993965726
2026-05-02T00:00:00Z,2639.3232922839784,1936.089464444788,1936.089464444788,1936.089464444788,0,0,0,0,0,0,0,0,0,0,0,0,0,0,0,0,0,0,3274.0044125020386,3274.0044125020386,3274.0044125020386,0,0,0,0,0,0,-1466.141535422592,-1466.141535422592,-1466.141535422592,128.22658736534092,128.22658736534092,128.22658736534092,0,0,0,2628.13375251069,6564.557740209411,2639.3232922839784,2639.3232922839784,4575.412756728767
2026-05-03T00:00:00Z,2639.562826215359,-144.94129977063383,-144.94129977063383,-144.94129977063383,0,0,0,0,0,0,0,0,0,0,0,0,0,0,0,0,0,0,1822.5770478131565,1822.5770478131565,1822.5770478131565,0,0,0,0,0,0,-2070.330156387922,-2070.330156387922,-2070.330156387922,102.81180880413262,102.81180880413262,102.81180880413262,0,0,0,437.2833600330555,4390.4231627706395,2639.562826215359,2639.562826215359,2494.621526444725
2026-05-04T00:00:00Z,2639.8023601467403,481.5509620573417,481.5509620573417,481.5509620573417,0,0,0,0,0,0,0,0,0,0,0,0,0,0,0,0,0,0,-1.8708035124928473,-1.8708035124928473,-1.8708035124928473,0,0,0,0,0,0,407.340033201318,407.340033201318,407.340033201318,76.0817323685166,76.0817323685166,76.0817323685166,0,0,0,1398.3229529157302,5013.268972750481,2639.8023601467403,2639.8023601467403,3121.353322204082
2026-05-05T00:00:00Z,2640.041894078121,-596.3243597756232,-596.3243597756232,-596.3243597756232,0,0,0,0,0,0,0,0,0,0,0,0,0,0,0,0,0,0,-1396.9295303284364,-1396.9295303284364,-1396.9295303284364,0,0,0,0,0,0,751.8708176890465,751.8708176890465,751.8708176890465,48.734352863766865,48.734352863766865,48.734352863766865,0,0,0,-71.19129183525456,3864.024250206457,2640.041894078121,2640.041894078121,2043.7175343024978
2026-05-06T00:00:00Z,2640.281428009502,-1124.242982905149,-1124.242982905149,-1124.242982905149,0,0,0,0,0,0,0,0,0,0,0,0,0,0,0,0,0,0,-1931.3119433312997,-1931.3119433312997,-1931.3119433312997,0,0,0,0,0,0,785.6068199369498,785.6068199369498,785.6068199369498,21.462140489200632,21.462140489200632,21.462140489200632,0,0,0,-436.64839966676885,3460.3589278313034,2640.281428009502,2640.281428009502,1516.0384451043533
2026-05-07T00:00:00Z,2640.520961940883,-954.9967838411098,-954.9967838411098,-954.9967838411098,0,0,0,0,0,0,0,0,0,0,0,0,0,0,0,0,0,0,-1762.1046002779428,-1762.1046002779428,-1762.1046002779428,0,0,0,0,0,0,812.174065743347,812.174065743347,812.174065743347,-5.06624930651407,-5.06624930651407,-5.06624930651407,0,0,0,-165.88474690944898,3684.5099957140355,2640.520961940883,2640.520961940883,1685.524178099773
2026-05-08T00:00:00Z,2640.760495872264,-645.5419592635657,-645.5419592635657,-645.5419592635657,0,0,0,0,0,0,0,0,0,0,0,0,0,0,0,0,0,0,-1394.7988476539792,-1394.7988476539792,-1394.7988476539792,0,0,0,0,0,0,779.4799552357103,779.4799552357103,779.4799552357103,-30.223066845296483,-30.223066845296483,-30.223066845296483,0,0,0,-29.78130897769718,3906.183628724539,2640.760495872264,2640.760495872264,1995.2185366086983
2026-05-09T00:00:00Z,2641.000029803645,-2751.8847279459646,-2751.8847279459646,-2751.8847279459646,0,0,0,0,0,0,0,0,0,0,0,0,0,0,0,0,0,0,-1232.3062569453011,-1232.3062569453011,-1232.3062569453011,0,0,0,0,0,0,-1466.1415354216304,-1466.1415354216304,-1466.1415354216304,-53.43693557903321,-53.43693557903321,-53.43693557903321,0,0,0,-1984.0910572031084,1861.3425906576354,2641.000029803645,2641.000029803645,-110.88469814231985
2026-05-10T00:00:00Z,2641.239563735026,-3449.974979597104,-3449.974979597104,-3449.974979597104,0,0,0,0,0,0,0,0,0,0,0,0,0,0,0,0,0,0,-1305.4384952857538,-1305.4384952857538,-1305.4384952857538,0,0,0,0,0,0,-2070.330156385653,-2070.330156385653,-2070.330156385653,-74.20632792569731,-74.20632792569731,-74.20632792569731,0,0,0,-2780.141351981912,1241.3126869902967,2641.239563735026,2641.239563735026,-808.7354158620778
2026-05-11T00:00:00Z,2641.4790976664067,-1057.9457746211153,-1057.9457746211153,-1057.9457746211153,0,0,0,0,0,0,0,0,0,0,0,0,0,0,0,0,0,0,-1373.1750608729715,-1373.1750608729715,-1373.1750608729715,0,0,0,0,0,0,407.34003320409784,407.34003320409784,407.34003320409784,-92.11074695224187,-92.11074695224187,-92.11074695224187,0,0,0,-264.45759086245,3541.8553183475397,2641.4790976664067,2641.4790976664067,1583.5333230452914
2026-05-12T00:00:00Z,2641.7186315977883,-590.6313568829656,-590.6313568829656,-590.6313568829656,0,0,0,0,0,0,0,0,0,0,0,0,0,0,0,0,0,0,-1235.682791549171,-1235.682791549171,-1235.682791549171,0,0,0,0,0,0,751.870817688774,751.870817688774,751.870817688774,-106.81938302256887,-106.81938302256887,-106.81938302256887,0,0,0,137.64719401301994,4042.765766096248,2641.7186315977883,2641.7186315977883,2051.087274714823
2026-05-13T00:00:00Z,2641.958165529169,-270.92963985183655,-270.92963985183655,-270.92963985183655,0,0,0,0,0,0,0,0,0,0,0,0,0,0,0,0,0,0,-938.439369193535,-938.439369193535,-938.439369193535,0,0,0,0,0,0,785.6068199373801,785.6068199373801,785.6068199373801,-118.09709059568212,-118.09709059568212,-118.09709059568212,0,0,0,404.8296160302179,4257.2646929995935,2641.958165529169,2641.958165529169,2371.0285256773323
2026-05-14T00:00:00Z,2642.19769946055,-7.576550479094406,-7.576550479094406,-7.576550479094406,0,0,0,0,0,0,0,0,0,0,0,0,0,0,0,0,0,0,-693.943007698317,-693.943007698317,-693.943007698317,0,0,0,0,0,0,812.1740657441511,812.1740657441511,812.1740657441511,-125.80760852492831,-125.80760852492831,-125.80760852492831,0,0,0,773.712535517749,4778.543975188686,2642.19769946055,2642.197716006955,2634.621148981456
2026-05-15T00:00:00Z,2642.437233391931,9.496472746489786,9.496472746489786,9.496472746489786,0,0,0,0,0,0,0,0,0,0,0,0,0,0,0,0,0,0,-640.0694572991924,-640.0694572991924,-640.0694572991924,0,0,0,0,0,0,779.4799552360101,779.4799552360101,779.4799552360101,-129.91402519032786,-129.91402519032786,-129.91402519032786,0,0,0,681.8719210500988,4574.681377554876,2642.4372240388702,2642.4392083982443,2651.933706138421
2026-05-16T00:00:00Z,2642.676767323312,-2296.9734071144303,-2296.9734071144303,-2296.9734071144303,0,0,0,0,0,0,0,0,0,0,0,0,0,0,0,0,0,0,-700.3553062724226,-700.3553062724226,-700.3553062724226,0,0,0,0,0,0,-1466.1415354165333,-1466.1415354165333,-1466.1415354165333,-130.47656542547418,-130.47656542547418,-130.47656542547418,0,0,0,-1540.8110543456196,2407.376514377834,2642.672200762885,2642.683611752686,345.7033602088818
2026-05-17T00:00:00Z,2642.916301254693,-2880.6036559241597,-2880.6036559241597,-2880.6036559241597,0,0,0,0,0,0,0,0,0,0,0,0,0,0,0,0,0,0,-682.6256521215306,-682.6256521215306,-682.6256521215306,0,0,0,0,0,0,-2070.3301563850655,-2070.3301563850655,-2070.3301563850655,-127.64784741756418,-127.64784741756418,-127.64784741756418,0,0,0,-2178.2896983375717,1630.5222161129755,2642.9089536554247,2642.927774236139,-237.6873546694669
2026-05-18T00:00:00Z,2643.155835186074,-210.63535913551684,-210.63535913551684,-210.63535913551684,0,0,0,0,0,0,0,0,0,0,0,0,0,0,0,0,0,0,-496.3095696890632,-496.3095696890632,-496.3095696890632,0,0,0,0,0,0,407.3400332047821,407.3400332047821,407.3400332047821,-121.66582265123562,-121.66582265123562,-121.66582265123562,0,0,0,436.8498035683704,4430.041285845518,2643.143766287173,2643.171200800298,2432.520476050557
2026-05-19T00:00:00Z,2643.395369117455,388.40072253888684,388.40072253888684,388.40072253888684,0,0,0,0,0,0,0,0,0,0,0,0,0,0,0,0,0,0,-250.62542622453608,-250.62542622453608,-250.62542622453608,0,0,0,0,0,0,751.8708176887085,751.8708176887085,751.8708176887085,-112.84466892528559,-112.84466892528559,-112.84466892528559,0,0,0,1074.717649683267,5024.967710044867,2643.379747436451,2643.415800890756,3031.796091656342
2026-05-20T00:00:00Z,2643.634903048836,554.0378922405287,554.0378922405287,554.0378922405287,0,0,0,0,0,0,0,0,0,0,0,0,0,0,0,0,0,0,-130.00497363401757,-130.00497363401757,-130.00497363401757,0,0,0,0,0,0,785.6068199364622,785.6068199364622,785.6068199364622,-101.56395406191591,-101.56395406191591,-101.56395406191591,0,0,0,1220.4295179764845,5190.375031909841,2643.613125650026,2643.6618503967757,3197.6727952893643
2026-05-21T00:00:00Z,2643.8744369802166,540.27576234421,540.27576234421,540.27576234421,0,0,0,0,0,0,0,0,0,0,0,0,0,0,0,0,0,0,-183.64187827037983,-183.64187827037983,-183.64187827037983,0,0,0,0,0,0,812.1740657408878,812.1740657408878,812.1740657408878,-88.25642512629807,-88.25642512629807,-88.25642512629807,0,0,0,1234.2542894774167,5204.554677363017,2643.8457492079915,2643.9080639316603,3184.1501993244265
2026-05-22T00:00:00Z,2644.113970911598,446.02311844406375,446.02311844406375,446.02311844406375,0,0,0,0,0,0,0,0,0,0,0,0,0,0,0,0,0,0,-260.0620328046572,-260.0620328046572,-260.0620328046572,0,0,0,0,0,0,779.4799552325329,779.4799552325329,779.4799552325329,-73.39480398381205,-73.39480398381205,-73.39480398381205,0,0,0,1042.6451861718785,5049.652258053516,2644.0774138127995,2644.156256062834,3090.1370893556614
2026-05-23T00:00:00Z,2644.353504842979,-1688.6431376151288,-1688.6431376151288,-1688.6431376151288,0,0,0,0,0,0,0,0,0,0,0,0,0,0,0,0,0,0,-165.02361771769074,-165.02361771769074,-165.02361771769074,0,0,0,0,0,0,-1466.1415354175526,-1466.1415354175526,-1466.1415354175526,-57.477984479885606,-57.477984479885606,-57.477984479885606,0,0,0,-873.5242232283003,2862.176519294922,2644.3086469250284,2644.4073866366552,955.7103672278502
2026-05-24T00:00:00Z,2644.59303877436,-1989.6453274534679,-1989.6453274534679,-1989.6453274534679,0,0,0,0,0,0,0,0,0,0,0,0,0,0,0,0,0,0,121.7018582763474,121.7018582763474,121.7018582763474,0,0,0,0,0,0,-2070.3301563898244,-2070.3301563898244,-2070.3301563898244,-41.017029339990394,-41.017029339990394,-41.017029339990394,0,0,0,-1333.1111537469658,2581.772874074688,2644.5395612052716,2644.654152344999,654.9477113208923
2026-05-25T00:00:00Z,2644.8325727057413,795.2565257319221,795.2565257319221,795.2565257319221,0,0,0,0,0,0,0,0,0,0,0,0,0,0,0,0,0,0,412.43784887888893,412.43784887888893,412.43784887888893,0,0,0,0,0,0,407.34003320651414,407.34003320651414,407.34003320651414,-24.52135635348097,-24.52135635348097,-24.52135635348097,0,0,0,1373.6361220609979,5461.968664714926,2644.7703635570065,2644.8997198638062,3440.0890984376633
2026-05-26T00:00:00Z,2645.072106637122,1265.0583504964004,1265.0583504964004,1265.0583504964004,0,0,0,0,0,0,0,0,0,0,0,0,0,0,0,0,0,0,521.6730169268768,521.6730169268768,521.6730169268768,0,0,0,0,0,0,751.8708176882282,751.8708176882282,751.8708176882282,-8.485484118704939,-8.485484118704939,-8.485484118704939,0,0,0,2001.157253145965,5840.0131845578735,2645.0021395891526,2645.1509095676574,3910.130457133522
2026-05-27T00:00:00Z,2645.311640568503,-1499.0397652330191,-1499.0397652330191,-1499.0397652330191,0,0,0,0,0,0,-2807.1705132673496,-2807.1705132673496,-2807.1705132673496,0,0,0,0,0,0,0,0,0,515.9006065726016,515.9006065726016,515.9006065726016,-2807.1705132673496,-2807.1705132673496,-2807.1705132673496,0,0,0,785.6068199373894,785.6068199373894,785.6068199373894,6.623321524339462,6.623321524339462,6.623321524339462,0,0,0,-828.588756766545,3130.0003830974842,2645.2373815202163,2645.3975628209923,1146.271875335484
2026-05-28T00:00:00Z,2645.551174499884,1328.9906458928729,1328.9906458928729,1328.9906458928729,0,0,0,0,0,0,-226.93189602890334,-226.93189602890334,-226.93189602890334,0,0,0,0,0,0,0,0,0,723.3722790892753,723.3722790892753,723.3722790892753,-226.93189602890334,-226.93189602890334,-226.93189602890334,0,0,0,812.1740657431138,812.1740657431138,812.1740657431138,20.376197089387244,20.376197089387244,20.376197089387244,0,0,0,1963.0864123832487,5972.9110546154025,2645.4677334297626,2645.6547605312862,3974.5418203927566
2026-05-29T00:00:00Z,2645.790708431265,1626.1994000413945,1626.1994000413945,1626.1994000413945,0,0,0,0,0,0,-622.5529550184158,-622.5529550184158,-622.5529550184158,0,0,0,0,0,0,0,0,0,1436.8800308675688,1436.8800308675688,1436.8800308675688,-622.5529550184158,-622.5529550184158,-622.5529550184158,0,0,0,779.4799552328325,779.4799552328325,779.4799552328325,32.39236895940914,32.39236895940914,32.39236895940914,0,0,0,2160.2728483221217,6330.089373799502,2645.701613167363,2645.911601170139,4271.99010847266
2026-05-30T00:00:00Z,2646.030242362646,950.2014264927222,950.2014264927222,950.2014264927222,0,0,0,0,0,0,-181.3307832169664,-181.3307832169664,-181.3307832169664,0,0,0,0,0,0,0,0,0,2555.326573469884,2555.326573469884,2555.326573469884,-181.3307832169664,-181.3307832169664,-181.3307832169664,0,0,0,-1466.141535418572,-1466.141535418572,-1466.141535418572,42.347171658375906,42.347171658375906,42.347171658375906,0,0,0,1661.825909963593,5443.5812432669345,2645.927663716006,2646.1696951727145,3596.2316688553683
2026-05-31T00:00:00Z,2646.269776294027,-762.3787003269241,-762.3787003269241,-762.3787003269241,0,0,0,0,0,0,-2257.74974705352,-2257.74974705352,-2257.74974705352,0,0,0,0,0,0,-1767.1012203123178,-1767.1012203123178,-1767.1012203123178,3515.722958358127,3515.722958358127,3515.722958358127,-490.648526741202,-490.648526741202,-490.648526741202,0,0,0,-2070.3301563892364,-2070.3301563892364,-2070.3301563892364,49.97824475770355,49.97824475770355,49.97824475770355,0,0,0,-210.21225990675137,3725.9666824145147,2646.159169212438,2646.4204639744958,1883.891075967103
2026-06-01T00:00:00Z,2646.5093102254077,1957.0191595169567,1957.0191595169567,1957.0191595169567,0,0,0,0,0,0,-2144.961728009374,-2144.961728009374,-2144.961728009374,0,0,0,0,0,0,-1767.1012203123178,-1767.1012203123178,-1767.1012203123178,3639.551040630186,3639.551040630186,3639.551040630186,-377.86050769705633,-377.86050769705633,-377.86050769705633,0,0,0,407.34003319897255,407.34003319897255,407.34003319897255,55.08981369717077,55.08981369717077,55.08981369717077,0,0,0,2779.955081218943,6595.177939654308,2646.3888800180603,2646.6710165282648,4603.528469742365
2026-06-02T00:00:00Z,2646.748844156789,1541.1495419681796,1541.1495419681796,1541.1495419681796,0,0,0,0,0,0,-1913.6329465333763,-1913.6329465333763,-1913.6329465333763,0,0,0,0,0,0,-1767.1012203123178,-1767.1012203123178,-1767.1012203123178,2645.3566530226944,2645.3566530226944,2645.3566530226944,-146.53172622105853,-146.53172622105853,-146.53172622105853,0,0,0,751.8708176881629,751.8708176881629,751.8708176881629,57.55501779069736,57.55501779069736,57.55501779069736,0,0,0,2244.8302185288426,6188.945165986447,2646.6157295225926,2646.9253617252234,4187.898386124969
2026-06-03T00:00:00Z,2646.9883780881696,1388.2074750303275,1388.2074750303275,1388.2074750303275,0,0,0,0,0,0,-358.4597129499334,-358.4597129499334,-358.4597129499334,0,0,0,0,0,0,0,0,0,903.7440624948199,903.7440624948199,903.7440624948199,-358.4597129499334,-358.4597129499334,-358.4597129499334,0,0,0,785.6068199371458,785.6068199371458,785.6068199371458,57.31630554829472,57.31630554829472,57.31630554829472,0,0,0,2110.7957888561077,6032.8115059791635,2646.8426095510445,2647.1777792433995,4035.1958531184973
2026-06-04T00:00:00Z,2647.2279120195512,72.94306965551027,72.94306965551027,72.94306965551027,0,0,0,0,0,0,0,0,0,0,0,0,0,0,0,0,0,0,-793.6149676339949,-793.6149676339949,-793.6149676339949,0,0,0,0,0,0,812.1740657424959,812.1740657424959,812.1740657424959,54.38397154700917,54.38397154700917,54.38397154700917,0,0,0,748.0034478558734,4644.742405667045,2647.066601280607,2647.426483855758,2720.1709816750617
2026-06-05T00:00:00Z,2647.467445950932,-946.5361309754925,-946.5361309754925,-946.5361309754925,0,0,0,0,0,0,0,0,0,0,0,0,0,0,0,0,0,0,-1774.849045107039,-1774.849045107039,-1774.849045107039,0,0,0,0,0,0,779.4799552312438,779.4799552312438,779.4799552312438,48.832958900303055,48.832958900303055,48.832958900303055,0,0,0,-342.6118423037379,3670.8073632757028,2647.290428906942,2647.6763194540617,1700.9313149754394
2026-06-06T00:00:00Z,2647.706979882313,-3331.3131865568757,-3331.3131865568757,-3331.3131865568757,0,0,0,0,0,0,0,0,0,0,0,0,0,0,0,0,0,0,-1905.9697467530334,-1905.9697467530334,-1905.9697467530334,0,0,0,0,0,0,-1466.1415354195913,-1466.1415354195913,-1466.1415354195913,40.79809561574997,40.79809561574997,40.79809561574997,0,0,0,-2635.9920903342836,1332.109784684064,2647.5149909443994,2647.93916245364,-683.6062066745626
2026-06-07T00:00:00Z,2647.946513813694,-3610.610330828452,-3610.610330828452,-3610.610330828452,0,0,0,0,0,0,0,0,0,0,0,0,0,0,0,0,0,0,-1570.7481450835899,-1570.7481450835899,-1570.7481450835899,0,0,0,0,0,0,-2070.330156386967,-2070.330156386967,-2070.330156386967,30.46797064210503,30.46797064210503,30.46797064210503,0,0,0,-2995.5673523015244,1025.3596491843498,2647.7378879961225,2648.195658325462,-962.663817014758
2026-06-08T00:00:00Z,2648.186047745075,-851.2977471160573,-851.2977471160573,-851.2977471160573,0,0,0,0,0,0,0,0,0,0,0,0,0,0,0,0,0,0,-1276.7154656598793,-1276.7154656598793,-1276.7154656598793,0,0,0,0,0,0,407.3400332017528,407.3400332017528,407.3400332017528,18.07768534206917,18.07768534206917,18.07768534206917,0,0,0,-163.84647566638165,3826.5117896898973,2647.957686448715,2648.4528262168897,1796.8883006290177
2026-06-09T00:00:00Z,2648.4255816764557,-495.7532286697344,-495.7532286697344,-495.7532286697344,0,0,0,0,0,0,0,0,0,0,0,0,0,0,0,0,0,0,-1251.5247842033018,-1251.5247842033018,-1251.5247842033018,0,0,0,0,0,0,751.8708176880979,751.8708176880979,751.8708176880979,3.900737845469763,3.900737845469763,3.900737845469763,0,0,0,255.18724375776955,4068.086715005109,2648.182181029654,2648.706126799211,2152.672353006721
2026-06-10T00:00:00Z,2648.665115607837,-583.2434962180191,-583.2434962180191,-583.2434962180191,0,0,0,0,0,0,0,0,0,0,0,0,0,0,0,0,0,0,-1357.0906270627238,-1357.0906270627238,-1357.0906270627238,0,0,0,0,0,0,785.6068199369022,785.6068199369022,785.6068199369022,-11.75968909219717,-11.75968909219717,-11.75968909219717,0,0,0,46.08761569765113,3971.764838718375,2648.4113023072405,2648.9657265871147,2065.421619389818
2026-06-11T00:00:00Z,2648.9046495392176,-549.8650618172447,-549.8650618172447,-549.8650618172447,0,0,0,0,0,0,0,0,0,0,0,0,0,0,0,0,0,0,-1333.459365994991,-1333.459365994991,-1333.459365994991,0,0,0,0,0,0,812.1740657432998,812.1740657432998,812.1740657432998,-28.579761565553664,-28.579761565553664,-28.579761565553664,0,0,0,154.09380037874044,4026.4559743290797,2648.6389999078383,2649.2136123755045,2099.039587721973
2026-06-12T00:00:00Z,2649.144183470599,-361.73091330876593,-361.73091330876593,-361.73091330876593,0,0,0,0,0,0,0,0,0,0,0,0,0,0,0,0,0,0,-1094.9867904683135,-1094.9867904683135,-1094.9867904683135,0,0,0,0,0,0,779.4799552360375,779.4799552360375,779.4799552360375,-46.22407807648977,-46.22407807648977,-46.22407807648977,0,0,0,396.6128412175243,4181.829475658197,2648.8593377400475,2649.4781907917054,2287.4132701618328
2026-06-13T00:00:00Z,2649.3837174019795,-2326.98906989095,-2326.98906989095,-2326.98906989095,0,0,0,0,0,0,0,0,0,0,0,0,0,0,0,0,0,0,-796.4929906580383,-796.4929906580383,-796.4929906580383,0,0,0,0,0,0,-1466.1415354225917,-1466.1415354225917,-1466.1415354225917,-64.35454381031985,-64.35454381031985,-64.35454381031985,0,0,0,-1599.747683094225,2355.622544162969,2649.08726602422,2649.754788790299,322.3946475110297
2026-06-14T00:00:00Z,2649.6232513333607,-2795.9278925850417,-2795.9278925850417,-2795.9278925850417,0,0,0,0,0,0,0,0,0,0,0,0,0,0,0,0,0,0,-642.9589407056465,-642.9589407056465,-642.9589407056465,0,0,0,0,0,0,-2070.330156388059,-2070.330156388059,-2070.330156388059,-82.63879549133529,-82.63879549133529,-82.63879549133529,0,0,0,-2022.4450142469818,1886.3216756694644,2649.3132803509366,2650.0106756018804,-146.304641251681
2026-06-15T00:00:00Z,2649.862785264742,-361.22108510157636,-361.22108510157636,-361.22108510157636,0,0,0,0,0,0,0,0,0,0,0,0,0,0,0,0,0,0,-667.803155986861,-667.803155986861,-667.803155986861,0,0,0,0,0,0,407.3400332024369,407.3400332024369,407.3400332024369,-100.75796231715215,-100.75796231715215,-100.75796231715215,0,0,0,320.7893713327313,4189.772492420795,2649.54401915737,2650.263113315332,2288.6417001631653
2026-06-16T00:00:00Z,2650.102319196123,-78.07542743288563,-78.07542743288563,-78.07542743288563,0,0,0,0,0,0,0,0,0,0,0,0,0,0,0,0,0,0,-711.5326656105525,-711.5326656105525,-711.5326656105525,0,0,0,0,0,0,751.8708176876175,751.8708176876175,751.8708176876175,-118.41357950995103,-118.41357950995103,-118.41357950995103,0,0,0,615.1261230949063,4387.559609047399,2649.7554939764827,2650.517032282717,2572.0268917632375
2026-06-17T00:00:00Z,2650.3418531275042,-1724.7530023134536,-1724.7530023134536,-1724.7530023134536,0,0,0,0,0,0,-1767.1012203123178,-1767.1012203123178,-1767.1012203123178,0,0,0,0,0,0,-1767.1012203123178,-1767.1012203123178,-1767.1012203123178,-607.9250956961504,-607.9250956961504,-607.9250956961504,0,0,0,0,0,0,785.6068199371555,785.6068199371555,785.6068199371555,-135.33350624214123,-135.33350624214123,-135.33350624214123,0,0,0,-1125.084845616953,3086.0047084322073,2649.9799581790785,2650.768469505432,925.5888508140506
2026-06-18T00:00:00Z,2650.581387058885,292.4235698286031,292.4235698286031,292.4235698286031,0,0,0,0,0,0,0,0,0,0,0,0,0,0,0,0,0,0,-368.47375807001356,-368.47375807001356,-368.47375807001356,0,0,0,0,0,0,812.1740657426817,812.1740657426817,812.1740657426817,-151.27673784406517,-151.27673784406517,-151.27673784406517,0,0,0,1059.7900773596666,4961.015990638778,2650.202954888495,2651.0165129575907,2943.004956887488
2026-06-19T00:00:00Z,2650.820920990266,446.9466737430576,446.9466737430576,446.9466737430576,0,0,0,0,0,0,0,0,0,0,0,0,0,0,0,0,0,0,-166.49623954679177,-166.49623954679177,-166.49623954679177,0,0,0,0,0,0,779.4799552344489,779.4799552344489,779.4799552344489,-166.0370419445993,-166.0370419445993,-166.0370419445993,0,0,0,1215.4759067338907,5085.43112381567,2650.4268919055958,2651.265812781325,3097.7675947333237
2026-06-20T00:00:00Z,2651.060454921647,-1786.3276064800216,-1786.3276064800216,-1786.3276064800216,0,0,0,0,0,0,0,0,0,0,0,0,0,0,0,0,0,0,-140.74068286297003,-140.74068286297003,-140.74068286297003,0,0,0,0,0,0,-1466.1415354174944,-1466.1415354174944,-1466.1415354174944,-179.44538819955721,-179.44538819955721,-179.44538819955721,0,0,0,-964.651224901407,2885.7356127550074,2650.6516335397923,2651.5270365568717,864.7328484416253
2026-06-21T00:00:00Z,2651.299988853028,-2494.7533143827736,-2494.7533143827736,-2494.7533143827736,0,0,0,0,0,0,0,0,0,0,0,0,0,0,0,0,0,0,-233.05197774155778,-233.05197774155778,-233.05197774155778,0,0,0,0,0,0,-2070.3301563857904,-2070.3301563857904,-2070.3301563857904,-191.37118025542563,-191.37118025542563,-191.37118025542563,0,0,0,-1711.5195982277414,2037.581216185803,2650.8774777056765,2651.7899088539375,156.5466744702544
2026-06-22T00:00:00Z,2651.5395227844087,-35.447134387733506,-35.447134387733506,-35.447134387733506,0,0,0,0,0,0,0,0,0,0,0,0,0,0,0,0,0,0,-241.06483225080743,-241.06483225080743,-241.06483225080743,0,0,0,0,0,0,407.34003320416906,407.34003320416906,407.34003320416906,-201.72233534109512,-201.72233534109512,-201.72233534109512,0,0,0,623.6300182205582,4454.012766359625,2651.0945179428063,2652.044602196933,2616.0923883966752
2026-06-23T00:00:00Z,2651.77905671579,504.18992447626823,504.18992447626823,504.18992447626823,0,0,0,0,0,0,0,0,0,0,0,0,0,0,0,0,0,0,-37.23660291136175,-37.23660291136175,-37.23660291136175,0,0,0,0,0,0,751.8708176887942,751.8708176887942,751.8708176887942,-210.44429030116444,-210.44429030116444,-210.44429030116444,0,0,0,1221.8867892109156,5066.762722196493,2651.31240971081,2652.315175717237,3155.968981192058
2026-06-24T00:00:00Z,2652.0185906471706,849.8053764538811,849.8053764538811,849.8053764538811,0,0,0,0,0,0,0,0,0,0,0,0,0,0,0,0,0,0,281.7165985434671,281.7165985434671,281.7165985434671,0,0,0,0,0,0,785.6068199375857,785.6068199375857,785.6068199375857,-217.51804202717176,-217.51804202717176,-217.51804202717176,0,0,0,1515.3166627888293,5428.742581987624,2651.5412687496923,2652.583522405372,3501.8239671010515
2026-06-25T00:00:00Z,2652.258124578552,1082.516944327206,1082.516944327206,1082.516944327206,0,0,0,0,0,0,0,0,0,0,0,0,0,0,0,0,0,0,493.30023290323953,493.30023290323953,493.30023290323953,0,0,0,0,0,0,812.1740657449079,812.1740657449079,812.1740657449079,-222.9573543209413,-222.9573543209413,-222.9573543209413,0,0,0,1805.779532638776,5466.7529573187985,2651.759153433849,2652.850404029708,3734.7750689057575
2026-06-26T00:00:00Z,2652.4976585099325,1069.163591921581,1069.163591921581,1069.163591921581,0,0,0,0,0,0,0,0,0,0,0,0,0,0,0,0,0,0,516.4889183688085,516.4889183688085,516.4889183688085,0,0,0,0,0,0,779.4799552347484,779.4799552347484,779.4799552347484,-226.80528168197617,-226.80528168197617,-226.80528168197617,0,0,0,1783.3464793790665,5704.474861279497,2651.974709199966,2653.110042431419,3721.6612504315135
2026-06-27T00:00:00Z,2652.737192441314,-1126.2546855701432,-1126.2546855701432,-1126.2546855701432,0,0,0,0,0,0,0,0,0,0,0,0,0,0,0,0,0,0,569.017022800571,569.017022800571,569.017022800571,0,0,0,0,0,0,-1466.1415354165329,-1466.1415354165329,-1466.1415354165329,-229.1301729541813,-229.1301729541813,-229.1301729541813,0,0,0,-440.83026653836293,3372.4294786597657,2652.19018309417,2653.362046543838,1526.482506871171
2026-06-28T00:00:00Z,2652.976726372695,-1289.3115652311064,-1289.3115652311064,-1289.3115652311064,0,0,0,0,0,0,0,0,0,0,0,0,0,0,0,0,0,0,1011.0399152081835,1011.0399152081835,1011.0399152081835,0,0,0,0,0,0,-2070.3301563905497,-2070.3301563905497,-2070.3301563905497,-230.0213240487409,-230.0213240487409,-230.0213240487409,0,0,0,-668.7046777592549,3405.575321358137,2652.4089973173336,2653.625352603338,1363.6651611415884
2026-06-29T00:00:00Z,2653.216260304076,2149.87244868756,2149.87244868756,2149.87244868756,0,0,0,0,0,0,0,0,0,0,0,0,0,0,0,0,0,0,1972.1168646208005,1972.1168646208005,1972.1168646208005,0,0,0,0,0,0,407.34003320590125,407.34003320590125,407.34003320590125,-229.58444913914167,-229.58444913914167,-229.58444913914167,0,0,0,2836.2021719995005,6634.4801601345625,2652.6273699508824,2653.877287746936,4803.088708991636
2026-06-30T00:00:00Z,2653.455794235457,3625.1523093871733,3625.1523093871733,3625.1523093871733,0,0,0,0,0,0,0,0,0,0,0,0,0,0,0,0,0,0,3101.2186257540448,3101.2186257540448,3101.2186257540448,0,0,0,0,0,0,751.8708176885216,751.8708176885216,751.8708176885216,-227.93713405539273,-227.93713405539273,-227.93713405539273,0,0,0,4466.023329947715,8253.265464769098,2652.8411224733404,2654.132507148203,6278.60810362263
2026-07-01T00:00:00Z,2653.695328166838,4274.710328972242,4274.710328972242,4274.710328972242,0,0,0,0,0,0,0,0,0,0,0,0,0,0,0,0,0,0,3714.307933578587,3714.307933578587,3714.307933578587,0,0,0,0,0,0,785.606819936668,785.606819936668,785.606819936668,-225.2044245430126,-225.2044245430126,-225.2044245430126,0,0,0,4902.781430684313,8850.004248273686,2653.051940582851,2654.384951503897,6928.405657139079
2026-07-02T00:00:00Z,2653.9348620982187,3864.663792019486,3864.663792019486,3864.663792019486,0,0,0,0,0,0,0,0,0,0,0,0,0,0,0,0,0,0,3274.0044125018535,3274.0044125018535,3274.0044125018535,0,0,0,0,0,0,812.1740657442896,812.1740657442896,812.1740657442896,-221.51468622665774,-221.51468622665774,-221.51468622665774,0,0,0,4725.765782169753,8589.867069929645,2653.2747154216286,2654.6402604225996,6518.598654117704
2026-07-03T00:00:00Z,2654.1743960296,2385.0611497629675,2385.0611497629675,2385.0611497629675,0,0,0,0,0,0,0,0,0,0,0,0,0,0,0,0,0,0,1822.5770478155625,1822.5770478155625,1822.5770478155625,0,0,0,0,0,0,779.4799552312711,779.4799552312711,779.4799552312711,-216.9958532838657,-216.9958532838657,-216.9958532838657,0,0,0,3111.4641741410774,7013.616388391671,2653.5028138813686,2654.8914600657563,5039.235545792568
2026-07-04T00:00:00Z,2654.413929960981,-1679.7844988145719,-1679.7844988145719,-1679.7844988145719,0,0,0,0,0,0,0,0,0,0,0,0,0,0,0,0,0,0,-1.870803509552198,-1.870803509552198,-1.870803509552198,0,0,0,0,0,0,-1466.1415354195326,-1466.1415354195326,-1466.1415354195326,-211.77215988548667,-211.77215988548667,-211.77215988548667,0,0,0,-1092.4322506329752,2913.6928640797005,2653.7235651276023,2655.165283581561,974.6294311464092
2026-07-05T00:00:00Z,2654.6534638923617,-3673.221110069925,-3673.221110069925,-3673.221110069925,0,0,0,0,0,0,0,0,0,0,0,0,0,0,0,0,0,0,-1396.929530329866,-1396.929530329866,-1396.929530329866,0,0,0,0,0,0,-2070.3301563882806,-2070.3301563882806,-2070.3301563882806,-205.9614233517782,-205.9614233517782,-205.9614233517782,0,0,0,-2928.199283244623,951.5436501942514,2653.9431744997573,2655.428779100296,-1018.5676461775633
2026-07-06T00:00:00Z,2654.8929978237425,-1723.6448318353202,-1723.6448318353202,-1723.6448318353202,0,0,0,0,0,0,0,0,0,0,0,0,0,0,0,0,0,0,-1931.3119433311322,-1931.3119433311322,-1931.3119433311322,0,0,0,0,0,0,407.34003320763344,407.34003320763344,407.34003320763344,-199.67292171182177,-199.67292171182177,-199.67292171182177,0,0,0,-989.940042066091,2778.9088144641487,2654.1664087125605,2655.6937108929924,931.2481659884222
2026-07-07T00:00:00Z,2655.1325317551236,-1203.2396645537312,-1203.2396645537312,-1203.2396645537312,0,0,0,0,0,0,0,0,0,0,0,0,0,0,0,0,0,0,-1762.1046002775745,-1762.1046002775745,-1762.1046002775745,0,0,0,0,0,0,751.8708176884563,751.8708176884563,751.8708176884563,-193.00588196461266,-193.00588196461266,-193.00588196461266,0,0,0,-490.368638672721,3397.832055828197,2654.388196099066,2655.9614943674687,1451.8928672013924
2026-07-08T00:00:00Z,2655.372065686505,-795.240597522707,-795.240597522707,-795.240597522707,0,0,0,0,0,0,0,0,0,0,0,0,0,0,0,0,0,0,-1394.7988476537291,-1394.7988476537291,-1394.7988476537291,0,0,0,0,0,0,785.6068199370985,785.6068199370985,785.6068199370985,-186.04856980607659,-186.04856980607659,-186.04856980607659,0,0,0,-17.20922155220585,3978.8502139461148,2654.605451707947,2656.231602878924,1860.1314681637978
2026-07-09T00:00:00Z,2655.611599617886,-599.0101390321938,-599.0101390321938,-599.0101390321938,0,0,0,0,0,0,0,0,0,0,0,0,0,0,0,0,0,0,-1232.306256943701,-1232.306256943701,-1232.306256943701,0,0,0,0,0,0,812.1740657424485,812.1740657424485,812.1740657424485,-178.87794783094114,-178.87794783094114,-178.87794783094114,0,0,0,65.37095795782298,4108.511539558302,2654.824832019177,2656.51215760833,2056.601460585692
2026-07-10T00:00:00Z,2655.851133549267,-697.5183881551388,-697.5183881551388,-697.5183881551388,0,0,0,0,0,0,0,0,0,0,0,0,0,0,0,0,0,0,-1305.4384952850025,-1305.4384952850025,-1305.4384952850025,0,0,0,0,0,0,779.4799552315707,779.4799552315707,779.4799552315707,-171.55984810170688,-171.55984810170688,-171.55984810170688,0,0,0,8.207020013333121,3953.2529218768336,2655.0408774502575,2656.7830493065294,1958.3327453941283
2026-07-11T00:00:00Z,2656.090667480648,-3003.466183469359,-3003.466183469359,-3003.466183469359,0,0,0,0,0,0,0,0,0,0,0,0,0,0,0,0,0,0,-1373.175060872934,-1373.175060872934,-1373.175060872934,0,0,0,0,0,0,-1466.1415354205526,-1466.1415354205526,-1466.1415354205526,-164.14958717587268,-164.14958717587268,-164.14958717587268,0,0,0,-2255.4721613528877,1565.309522661821,2655.2782582929835,2657.0434836821278,-347.37551598871096
2026-07-12T00:00:00Z,2656.330201412029,-3462.705885746547,-3462.705885746547,-3462.705885746547,0,0,0,0,0,0,0,0,0,0,0,0,0,0,0,0,0,0,-1235.6827915487618,-1235.6827915487618,-1235.6827915487618,0,0,0,0,0,0,-2070.3301563893724,-2070.3301563893724,-2070.3301563893724,-156.69293780841292,-156.69293780841292,-156.69293780841292,0,0,0,-2725.6411948315126,1108.1053274159563,2655.4961539510314,2657.305301430827,-806.3756843345182
2026-07-13T00:00:00Z,2656.56973534341,-680.326697967331,-680.326697967331,-680.326697967331,0,0,0,0,0,0,0,0,0,0,0,0,0,0,0,0,0,0,-938.4393691909847,-938.4393691909847,-938.4393691909847,0,0,0,0,0,0,407.3400332083176,407.3400332083176,407.3400332083176,-149.22736198466393,-149.22736198466393,-149.22736198466393,0,0,0,154.3259367304518,3913.4944239979573,2655.7061433325257,2657.5804697196627,1976.2430373760787
2026-07-14T00:00:00Z,2656.809269274791,-83.85559494224121,-83.85559494224121,-83.85559494224121,0,0,0,0,0,0,0,0,0,0,0,0,0,0,0,0,0,0,-693.9430076974189,-693.9430076974189,-693.9430076974189,0,0,0,0,0,0,751.8708176892179,751.8708176892179,751.8708176892179,-141.7834049340402,-141.7834049340402,-141.7834049340402,0,0,0,372.52837132678417,4563.820565584069,2655.929682306276,2657.8449385869053,2572.95367433255
2026-07-15T00:00:00Z,2657.0488032061717,11.151213245863678,11.151213245863678,11.151213245863678,0,0,0,0,0,0,0,0,0,0,0,0,0,0,0,0,0,0,-640.0694573018719,-640.0694573018719,-640.0694573018719,0,0,0,0,0,0,785.606819937529,785.606819937529,785.606819937529,-134.38614938979322,-134.38614938979322,-134.38614938979322,0,0,0,729.043298905225,4595.970208130967,2656.1505736004706,2658.12577098171,2668.2000164520355
2026-07-16T00:00:00Z,2657.288337137553,-15.237873995760438,-15.237873995760438,-15.237873995760438,0,0,0,0,0,0,0,0,0,0,0,0,0,0,0,0,0,0,-700.3553062716254,-700.3553062716254,-700.3553062716254,0,0,0,0,0,0,812.1740657432528,812.1740657432528,812.1740657432528,-127.05663346738783,-127.05663346738783,-127.05663346738783,0,0,0,842.1192506168545,4558.298219222679,2656.3712783565898,2658.388842471327,2642.0504631417925
2026-07-17T00:00:00Z,2657.5278710689336,-22.958840734223035,-22.958840734223035,-22.958840734223035,0,0,0,0,0,0,0,0,0,0,0,0,0,0,0,0,0,0,-682.6256521212129,-682.6256521212129,-682.6256521212129,0,0,0,0,0,0,779.4799552363645,779.4799552363645,779.4799552363645,-119.81314384937492,-119.81314384937492,-119.81314384937492,0,0,0,620.5039842404808,4683.42286405401,2656.5952642277066,2658.669268231561,2634.5690303347105
2026-07-18T00:00:00Z,2657.7674050003147,-2075.123413150797,-2075.123413150797,-2075.123413150797,0,0,0,0,0,0,0,0,0,0,0,0,0,0,0,0,0,0,-496.30956969115687,-496.30956969115687,-496.30956969115687,0,0,0,0,0,0,-1466.1415354215717,-1466.1415354215717,-1466.1415354215717,-112.67230803806838,-112.67230803806838,-112.67230803806838,0,0,0,-1405.3023279867675,2734.367209940846,2656.8227235072845,2658.930366639216,582.6439918495175
2026-07-19T00:00:00Z,2658.0069389316955,-2426.6055072909326,-2426.6055072909326,-2426.6055072909326,0,0,0,0,0,0,0,0,0,0,0,0,0,0,0,0,0,0,-250.62542622451826,-250.62542622451826,-250.62542622451826,0,0,0,0,0,0,-2070.330156387103,-2070.330156387103,-2070.330156387103,-105.64992467931128,-105.64992467931128,-105.64992467931128,0,0,0,-1701.8842798844446,2241.6858489877827,2657.0506316611695,2659.193956612608,231.4014316407629
2026-07-20T00:00:00Z,2658.2464728630766,178.57357089758685,178.57357089758685,178.57357089758685,0,0,0,0,0,0,0,0,0,0,0,0,0,0,0,0,0,0,-130.00497363533117,-130.00497363533117,-130.00497363533117,0,0,0,0,0,0,407.340033202872,407.340033202872,407.340033202872,-98.76148866995388,-98.76148866995388,-98.76148866995388,0,0,0,724.9314503263768,4860.492470336672,2657.2612276384725,2659.4619620622584,2836.8200437606633
2026-07-21T00:00:00Z,2658.486006794458,476.20655227388085,476.20655227388085,476.20655227388085,0,0,0,0,0,0,0,0,0,0,0,0,0,0,0,0,0,0,-183.6418782702677,-183.6418782702677,-183.6418782702677,0,0,0,0,0,0,751.8708176891527,751.8708176891527,751.8708176891527,-92.02238714500415,-92.02238714500415,-92.02238714500415,0,0,0,1369.1816201519425,5121.990250787981,2657.47508950617,2659.73454654216,3134.6925590683386
2026-07-22T00:00:00Z,2658.725540725839,440.0970244807859,440.0970244807859,440.0970244807859,0,0,0,0,0,0,0,0,0,0,0,0,0,0,0,0,0,0,-260.0620328060211,-260.0620328060211,-260.0620328060211,0,0,0,0,0,0,785.6068199372852,785.6068199372852,785.6068199372852,-85.44776265047825,-85.44776265047825,-85.44776265047825,0,0,0,1084.6694809118371,4973.669431997374,2657.711991383825,2659.9932447578103,3098.822565206625
2026-07-23T00:00:00Z,2658.9650746572197,568.0983880688577,568.0983880688577,568.0983880688577,0,0,0,0,0,0,0,0,0,0,0,0,0,0,0,0,0,0,-165.02361771673918,-165.02361771673918,-165.02361771673918,0,0,0,0,0,0,812.1740657440566,812.1740657440566,812.1740657440566,-79.05205995845992,-79.05205995845992,-79.05205995845992,0,0,0,1378.5200909383504,5169.692605663602,2657.921828822561,2660.25716226635,3227.0634627260774
2026-07-24T00:00:00Z,2659.204608588601,828.3335212916822,828.3335212916822,828.3335212916822,0,0,0,0,0,0,0,0,0,0,0,0,0,0,0,0,0,0,121.7018582766353,121.7018582766353,121.7018582766353,0,0,0,0,0,0,779.4799552366642,779.4799552366642,779.4799552366642,-72.84829222161723,-72.84829222161723,-72.84829222161723,0,0,0,1536.9247367308046,5432.207054754621,2658.1455803866893,2660.5210477504706,3487.538129880283
2026-07-25T00:00:00Z,2659.444142519982,-1120.5507661723564,-1120.5507661723564,-1120.5507661723564,0,0,0,0,0,0,0,0,0,0,0,0,0,0,0,0,0,0,412.4378488801256,412.4378488801256,412.4378488801256,0,0,0,0,0,0,-1466.1415354144938,-1466.1415354144938,-1466.1415354144938,-66.84707963798819,-66.84707963798819,-66.84707963798819,0,0,0,-196.37104796719058,3664.6134342296514,2658.3687094710435,2660.782096917365,1538.8933763476257
2026-07-26T00:00:00Z,2659.6836764513628,-1609.712668233041,-1609.712668233041,-1609.712668233041,0,0,0,0,0,0,0,0,0,0,0,0,0,0,0,0,0,0,521.6730169260203,521.6730169260203,521.6730169260203,0,0,0,0,0,0,-2070.330156384834,-2070.330156384834,-2070.330156384834,-61.05552877422705,-61.05552877422705,-61.05552877422705,0,0,0,-827.156954131626,2713.9091988689697,2658.595561948853,2661.0436120180084,1049.9710082183217
2026-07-27T00:00:00Z,2659.9232103827435,867.7646072856204,867.7646072856204,867.7646072856204,0,0,0,0,0,0,0,0,0,0,0,0,0,0,0,0,0,0,515.9006065740024,515.9006065740024,515.9006065740024,0,0,0,0,0,0,407.34003320355595,407.34003320355595,407.34003320355595,-55.476032491937936,-55.476032491937936,-55.476032491937936,0,0,0,1663.3989337144365,5337.525893999503,2658.8215790444383,2661.307044059959,3527.687817668364
2026-07-28T00:00:00Z,2660.1627443141247,1425.1380182673715,1425.1380182673715,1425.1380182673715,0,0,0,0,0,0,0,0,0,0,0,0,0,0,0,0,0,0,723.3722790904947,723.3722790904947,723.3722790904947,0,0,0,0,0,0,751.8708176888802,751.8708176888802,751.8708176888802,-50.10507851200295,-50.10507851200295,-50.10507851200295,0,0,0,2218.2155854946454,6046.0943015142875,2659.029693068502,2661.570372482828,4085.300762581496
2026-07-29T00:00:00Z,2660.402278245506,2177.5546921466143,2177.5546921466143,2177.5546921466143,0,0,0,0,0,0,0,0,0,0,0,0,0,0,0,0,0,0,1436.8800308651562,1436.8800308651562,1436.8800308651562,0,0,0,0,0,0,785.6068199370416,785.6068199370416,785.6068199370416,-44.932158655583855,-44.932158655583855,-44.932158655583855,0,0,0,3053.723976805317,6756.500169869629,2659.235773689627,2661.834867734548,4837.956970392121
2026-07-30T00:00:00Z,2660.6418121768866,3327.5617687630747,3327.5617687630747,3327.5617687630747,0,0,0,0,0,0,0,0,0,0,0,0,0,0,0,0,0,0,2555.32657347197,2555.32657347197,2555.32657347197,0,0,0,0,0,0,812.1740657434387,812.1740657434387,812.1740657434387,-39.93887045233464,-39.93887045233464,-39.93887045233464,0,0,0,4086.8167687526775,7996.072226165326,2659.4596239305342,2662.0987299011063,5988.203580939961
2026-07-31T00:00:00Z,2660.8813461082677,4260.104615492744,4260.104615492744,4260.104615492744,0,0,0,0,0,0,0,0,0,0,0,0,0,0,0,0,0,0,3515.7229583576564,3515.7229583576564,3515.7229583576564,0,0,0,0,0,0,779.479955233187,779.479955233187,779.479955233187,-35.09829809809739,-35.09829809809739,-35.09829809809739,0,0,0,4930.666159395289,8946.902690444325,2659.684550842503,2662.362908610245,6920.985961601013
2026-08-01T00:00:00Z,2661.120880039649,2143.0347544822976,2143.0347544822976,2143.0347544822976,0,0,0,0,0,0,0,0,0,0,0,0,0,0,0,0,0,0,3639.5510406294966,3639.5510406294966,3639.5510406294966,0,0,0,0,0,0,-1466.141535417494,-1466.141535417494,-1466.141535417494,-30.374750729705124,-30.374750729705124,-30.374750729705124,0,0,0,2896.4900499051782,6839.649081669806,2659.8970236433447,2662.6407201187517,4804.155634521947
2026-08-02T00:00:00Z,2661.36041397103,549.3025736437606,549.3025736437606,549.3025736437606,0,0,0,0,0,0,0,0,0,0,0,0,0,0,0,0,0,0,2645.356653023803,2645.356653023803,2645.356653023803,0,0,0,0,0,0,-2070.330156385927,-2070.330156385927,-2070.330156385927,-25.723922994115995,-25.723922994115995,-25.723922994115995,0,0,0,1168.1477701770293,5187.281507232513,2660.117675890993,2662.9205726797436,3210.662987614791
2026-08-03T00:00:00Z,2661.599947902411,1289.990569365122,1289.990569365122,1289.990569365122,0,0,0,0,0,0,0,0,0,0,0,0,0,0,0,0,0,0,903.7440624962333,903.7440624962333,903.7440624962333,0,0,0,0,0,0,407.3400332052882,407.3400332052882,407.3400332052882,-21.09352633639973,-21.09352633639973,-21.09352633639973,0,0,0,2029.3065961580558,5837.0496235083,2660.334155010887,2663.1856640989176,3951.590517267533
2026-08-04T00:00:00Z,2661.839481833792,-58.168569869319,-58.168569869319,-58.168569869319,0,0,0,0,0,0,0,0,0,0,0,0,0,0,0,0,0,0,-793.6149676351913,-793.6149676351913,-793.6149676351913,0,0,0,0,0,0,751.8708176886075,751.8708176886075,751.8708176886075,-16.42441992273519,-16.42441992273519,-16.42441992273519,0,0,0,726.0848399785025,4585.101187308684,2660.5229735708767,2663.448258388039,2603.670911964473
2026-08-05T00:00:00Z,2662.0790157651727,-1000.8944735325749,-1000.8944735325749,-1000.8944735325749,0,0,0,0,0,0,0,0,0,0,0,0,0,0,0,0,0,0,-1774.849045108942,-1774.849045108942,-1774.849045108942,0,0,0,0,0,0,785.6068199372946,785.6068199372946,785.6068199372946,-11.65224836092714,-11.65224836092714,-11.65224836092714,0,0,0,-137.3377360800339,3631.2143347797055,2660.707112324878,2663.7101095748194,1661.1845422325978
2026-08-06T00:00:00Z,2662.318549696554,-1100.5052512172979,-1100.5052512172979,-1100.5052512172979,0,0,0,0,0,0,0,0,0,0,0,0,0,0,0,0,0,0,-1905.96974675289,-1905.96974675289,-1905.96974675289,0,0,0,0,0,0,812.1740657456647,812.1740657456647,812.1740657456647,-6.709570210072751,-6.709570210072751,-6.709570210072751,0,0,0,-479.63917160393186,3551.1585627489826,2660.895948848539,2663.9790426441295,1561.813298479256
2026-08-07T00:00:00Z,2662.5580836279346,-792.7966274141755,-792.7966274141755,-792.7966274141755,0,0,0,0,0,0,0,0,0,0,0,0,0,0,0,0,0,0,-1570.7481450834414,-1570.7481450834414,-1570.7481450834414,0,0,0,0,0,0,779.4799552334866,779.4799552334866,779.4799552334866,-1.5284375642207608,-1.5284375642207608,-1.5284375642207608,0,0,0,41.76908124443834,3793.8154471164885,2661.106275983536,2664.2426437933836,1869.7614562137592
2026-08-08T00:00:00Z,2662.7976175593158,-2738.90036477813,-2738.90036477813,-2738.90036477813,0,0,0,0,0,0,0,0,0,0,0,0,0,0,0,0,0,0,-1276.7154656595121,-1276.7154656595121,-1276.7154656595121,0,0,0,0,0,0,-1466.1415354165324,-1466.1415354165324,-1466.1415354165324,3.9566362979142955,3.9566362979142955,3.9566362979142955,0,0,0,-2048.526760662413,1862.8853261141467,2661.319827097053,2664.5011827754197,-76.10274721881433
2026-08-09T00:00:00Z,2663.0371514906965,-3312.0495344319434,-3312.0495344319434,-3312.0495344319434,0,0,0,0,0,0,0,0,0,0,0,0,0,0,0,0,0,0,-1251.5247842025572,-1251.5247842025572,-1251.5247842025572,0,0,0,0,0,0,-2070.3301563836576,-2070.3301563836576,-2070.3301563836576,9.805406154272157,9.805406154272157,9.805406154272157,0,0,0,-2639.084887209785,1214.8652776129154,2661.522156568395,2664.765244163447,-649.0123829412469
2026-08-10T00:00:00Z,2663.2766854220777,-933.6821682579226,-933.6821682579226,-933.6821682579226,0,0,0,0,0,0,0,0,0,0,0,0,0,0,0,0,0,0,-1357.0906270615078,-1357.0906270615078,-1357.0906270615078,0,0,0,0,0,0,407.3400331977466,407.3400331977466,407.3400331977466,16.068425605838602,16.068425605838602,16.068425605838602,0,0,0,-212.45964595138446,3768.582199476541,2661.7418237870233,2665.019177562245,1729.5945171641551
2026-08-11T00:00:00Z,2663.5162193534584,-558.80504774385,-558.80504774385,-558.80504774385,0,0,0,0,0,0,0,0,0,0,0,0,0,0,0,0,0,0,-1333.4593659944112,-1333.4593659944112,-1333.4593659944112,0,0,0,0,0,0,751.8708176883345,751.8708176883345,751.8708176883345,22.783500562226767,22.783500562226767,22.783500562226767,0,0,0,158.15789067382838,4134.921075829727,2661.951338348493,2665.278437385903,2104.7111716096083
2026-08-12T00:00:00Z,2663.7557532848396,-279.4077712258554,-279.4077712258554,-279.4077712258554,0,0,0,0,0,0,0,0,0,0,0,0,0,0,0,0,0,0,-1094.9867904669454,-1094.9867904669454,-1094.9867904669454,0,0,0,0,0,0,785.6068199377252,785.6068199377252,785.6068199377252,29.972199303365205,29.972199303365205,29.972199303365205,0,0,0,594.6824620256689,4345.919787730932,2662.164928065168,2665.5691481654617,2384.347982058984
2026-08-13T00:00:00Z,2663.9952872162207,53.317636204745746,53.317636204745746,53.317636204745746,0,0,0,0,0,0,0,0,0,0,0,0,0,0,0,0,0,0,-796.4929906580063,-796.4929906580063,-796.4929906580063,0,0,0,0,0,0,812.1740657450468,812.1740657450468,812.1740657450468,37.636561117705234,37.636561117705234,37.636561117705234,0,0,0,799.4226582104563,4631.430779303723,2662.371783544074,2665.8361708758157,2717.3129234209664
2026-08-14T00:00:00Z,2664.234821147602,182.2771631480258,182.2771631480258,182.2771631480258,0,0,0,0,0,0,0,0,0,0,0,0,0,0,0,0,0,0,-642.9589407065466,-642.9589407065466,-642.9589407065466,0,0,0,0,0,0,779.4799552318977,779.4799552318977,779.4799552318977,45.75614862267476,45.75614862267476,45.75614862267476,0,0,0,901.2295746356302,4661.1142791507145,2662.578579491581,2666.104091941199,2846.511984295628
2026-08-15T00:00:00Z,2664.4743550789826,-2079.659104770633,-2079.659104770633,-2079.659104770633,0,0,0,0,0,0,0,0,0,0,0,0,0,0,0,0,0,0,-667.8031559857213,-667.8031559857213,-667.8031559857213,0,0,0,0,0,0,-1466.1415354195326,-1466.1415354195326,-1466.1415354195326,54.28558663462059,54.28558663462059,54.28558663462059,0,0,0,-1405.8712431859453,2599.5463304105997,2662.7841015229696,2666.3794478378695,584.8152503083497
2026-08-16T00:00:00Z,2664.713889010364,-2718.71009927569,-2718.71009927569,-2718.71009927569,0,0,0,0,0,0,0,0,0,0,0,0,0,0,0,0,0,0,-711.5326656106214,-711.5326656106214,-711.5326656106214,0,0,0,0,0,0,-2070.3301563884174,-2070.3301563884174,-2070.3301563884174,63.15272272334892,63.15272272334892,63.15272272334892,0,0,0,-1972.5314419219044,1893.977388482424,2662.99186464507,2666.6406579305412,-53.996210265326226
2026-08-17T00:00:00Z,2664.9534229417445,-128.32753110049467,-128.32753110049467,-128.32753110049467,0,0,0,0,0,0,0,0,0,0,0,0,0,0,0,0,0,0,-607.9250956967542,-607.9250956967542,-607.9250956967542,0,0,0,0,0,0,407.3400332005268,407.3400332005268,407.3400332005268,72.25753139573251,72.25753139573251,72.25753139573251,0,0,0,703.7311598497926,4464.417925977828,2663.192967555021,2666.9161144016225,2536.62589184125
2026-08-18T00:00:00Z,2665.1929568731257,464.8689251113223,464.8689251113223,464.8689251113223,0,0,0,0,0,0,0,0,0,0,0,0,0,0,0,0,0,0,-368.47375806874055,-368.47375806874055,-368.47375806874055,0,0,0,0,0,0,751.8708176882695,751.8708176882695,751.8708176882695,81.47186549179351,81.47186549179351,81.47186549179351,0,0,0,1131.3115937156024,5054.02584957191,2663.398696076685,2667.174421872434,3130.061881984448
2026-08-19T00:00:00Z,2665.4324908045064,709.7507156231795,709.7507156231795,709.7507156231795,0,0,0,0,0,0,0,0,0,0,0,0,0,0,0,0,0,0,-166.49623954756174,-166.49623954756174,-166.49623954756174,0,0,0,0,0,0,785.6068199368076,785.6068199368076,785.6068199368076,90.64013523393383,90.64013523393383,90.64013523393383,0,0,0,1461.677050101761,5254.8265728431625,2663.603763453735,2667.442560654817,3375.183206427686
2026-08-20T00:00:00Z,2665.6720247358876,771.0143509912775,771.0143509912775,771.0143509912775,0,0,0,0,0,0,0,0,0,0,0,0,0,0,0,0,0,0,-140.74068286364172,-140.74068286364172,-140.74068286364172,0,0,0,0,0,0,812.1740657417835,812.1740657417835,812.1740657417835,99.58096811313584,99.58096811313584,99.58096811313584,0,0,0,1478.9178303192466,5473.567139181565,2663.799321087475,2667.7285638097696,3436.686375727165
2026-08-21T00:00:00Z,2665.9115586672683,654.5178496838245,654.5178496838245,654.5178496838245,0,0,0,0,0,0,0,0,0,0,0,0,0,0,0,0,0,0,-233.051977741988,-233.051977741988,-233.051977741988,0,0,0,0,0,0,779.4799552366916,779.4799552366916,779.4799552366916,108.08987218912085,108.08987218912085,108.08987218912085,0,0,0,1474.53340241734,5281.764659273567,2664.0119538032536,2668.0042125164,3320.4294083510927
2026-08-22T00:00:00Z,2666.1510925986495,-1591.263475315151,-1591.263475315151,-1591.263475315151,0,0,0,0,0,0,0,0,0,0,0,0,0,0,0,0,0,0,-241.06483224960093,-241.06483224960093,-241.06483224960093,0,0,0,0,0,0,-1466.141535420552,-1466.141535420552,-1466.141535420552,115.94289235500209,115.94289235500209,115.94289235500209,0,0,0,-898.8573784182693,3019.74615133919,2664.219516532045,2668.2577850751145,1074.8876172834985
2026-08-23T00:00:00Z,2666.3906265300307,-1984.6655445607514,-1984.6655445607514,-1984.6655445607514,0,0,0,0,0,0,0,0,0,0,0,0,0,0,0,0,0,0,-37.23660290999097,-37.23660290999097,-37.23660290999097,0,0,0,0,0,0,-2070.330156387829,-2070.330156387829,-2070.330156387829,122.90121473706819,122.90121473706819,122.90121473706819,0,0,0,-1231.3494363638893,2765.4386994556653,2664.4298972858733,2668.51217148281,681.7250819692792
2026-08-24T00:00:00Z,2666.630160461412,817.7732715065865,817.7732715065865,817.7732715065865,0,0,0,0,0,0,0,0,0,0,0,0,0,0,0,0,0,0,281.71659854372524,281.71659854372524,281.71659854372524,0,0,0,0,0,0,407.3400332012109,407.3400332012109,407.3400332012109,128.7166397616505,128.7166397616505,128.7166397616505,0,0,0,1383.0120493646286,5490.376214154565,2664.6457723839194,2668.7754777149844,3484.4034319679986
2026-08-25T00:00:00Z,2666.869694392793,-388.79235898882456,-388.79235898882456,-388.79235898882456,0,0,0,0,0,0,-1767.1012203123178,-1767.1012203123178,-1767.1012203123178,0,0,0,0,0,0,-1767.1012203123178,-1767.1012203123178,-1767.1012203123178,493.300232902539,493.300232902539,493.300232902539,0,0,0,0,0,0,751.8708176877891,751.8708176877891,751.8708176877891,133.13781073316568,133.13781073316568,133.13781073316568,0,0,0,248.7093708543874,4225.049142329567,2664.844697656281,2669.0519395497677,2278.0773354039684
2026-08-26T00:00:00Z,2667.1092283241737,1438.0127914826758,1438.0127914826758,1438.0127914826758,0,0,0,0,0,0,0,0,0,0,0,0,0,0,0,0,0,0,516.4889183692264,516.4889183692264,516.4889183692264,0,0,0,0,0,0,785.6068199372378,785.6068199372378,785.6068199372378,135.91705317621123,135.91705317621123,135.91705317621123,0,0,0,2307.1753103418773,5992.037514402819,2665.047321013983,2669.343385221857,4105.1220198068495
2026-08-27T00:00:00Z,2667.348762255555,1518.0087404207236,1518.0087404207236,1518.0087404207236,0,0,0,0,0,0,0,0,0,0,0,0,0,0,0,0,0,0,569.0170228022756,569.0170228022756,569.0170228022756,0,0,0,0,0,0,812.1740657425875,812.1740657425875,812.1740657425875,136.8176518758605,136.8176518758605,136.8176518758605,0,0,0,2294.3056230370817,6141.874138919571,2665.252719397516,2669.613909755598,4185.357502676278
2026-08-28T00:00:00Z,2667.5882961869356,1926.1412390048877,1926.1412390048877,1926.1412390048877,0,0,0,0,0,0,0,0,0,0,0,0,0,0,0,0,0,0,1011.0399152060917,1011.0399152060917,1011.0399152060917,0,0,0,0,0,0,779.4799552351028,779.4799552351028,779.4799552351028,135.62136856369366,135.62136856369366,135.62136856369366,0,0,0,2677.6815357999662,6351.516515869083,2665.458770457146,2669.9032305942414,4593.729535191824
2026-08-29T00:00:00Z,2667.827830118317,638.1113137187272,638.1113137187272,638.1113137187272,0,0,0,0,0,0,0,0,0,0,0,0,0,0,0,0,0,0,1972.116864622059,1972.116864622059,1972.116864622059,0,0,0,0,0,0,-1466.1415354235519,-1466.1415354235519,-1466.1415354235519,132.13598452022015,132.13598452022015,132.13598452022015,0,0,0,1365.562470529618,5260.385836629775,2665.6639060840594,2670.1888268457838,3305.939143837044
2026-08-30T00:00:00Z,2668.0673640496975,1157.0911091818298,1157.0911091818298,1157.0911091818298,0,0,0,0,0,0,0,0,0,0,0,0,0,0,0,0,0,0,3101.2186257510148,3101.2186257510148,3101.2186257510148,0,0,0,0,0,0,-2070.33015638724,-2070.33015638724,-2070.33015638724,126.20263981805485,126.20263981805485,126.20263981805485,0,0,0,2019.7620193240618,5717.353233264373,2665.868575150963,2670.4615319754566,3825.1584732315273
2026-08-31T00:00:00Z,2668.3068979810787,2472.24948162836,2472.24948162836,2472.24948162836,0,0,0,0,0,0,-1767.1012203123178,-1767.1012203123178,-1767.1012203123178,0,0,0,0,0,0,-1767.1012203123178,-1767.1012203123178,-1767.1012203123178,3714.3079335791012,3714.3079335791012,3714.3079335791012,0,0,0,0,0,0,407.34003320189504,407.34003320189504,407.34003320189504,117.70273515968071,117.70273515968071,117.70273515968071,0,0,0,3249.3721193988217,7166.3513049615085,2666.078714519178,2670.7295563049415,5140.556379609439
2026-09-01T00:00:00Z,2668.5464319124594,4132.4393939204865,4132.4393939204865,4132.4393939204865,0,0,0,0,0,0,0,0,0,0,0,0,0,0,0,0,0,0,3274.004412502916,3274.004412502916,3274.004412502916,0,0,0,0,0,0,751.8708176889658,751.8708176889658,751.8708176889658,106.56416372860284,106.56416372860284,106.56416372860284,0,0,0,4722.780818949457,8696.567859458422,2666.2885580922475,2671.0000713098184,6800.985825832946
2026-09-02T00:00:00Z,2668.7859658438406,2700.950517132511,2700.950517132511,2700.950517132511,0,0,0,0,0,0,0,0,0,0,0,0,0,0,0,0,0,0,1822.5770478123616,1822.5770478123616,1822.5770478123616,0,0,0,0,0,0,785.6068199369942,785.6068199369942,785.6068199369942,92.76664938315538,92.76664938315538,92.76664938315538,0,0,0,3356.584751306063,7390.600403051464,2666.4910764009223,2671.2677528481227,5369.736482976352
2026-09-03T00:00:00Z,2669.0254997752213,886.649246115739,886.649246115739,886.649246115739,0,0,0,0,0,0,0,0,0,0,0,0,0,0,0,0,0,0,-1.870803511753284,-1.870803511753284,-1.870803511753284,0,0,0,0,0,0,812.1740657433916,812.1740657433916,812.1740657433916,76.3459838841006,76.3459838841006,76.3459838841006,0,0,0,1716.367864941117,5468.141980898113,2666.6935947095963,2671.534871499812,3555.6747458909604
2026-09-04T00:00:00Z,2669.2650337066025,-560.0525956877657,-560.0525956877657,-560.0525956877657,0,0,0,0,0,0,0,0,0,0,0,0,0,0,0,0,0,0,-1396.929530331709,-1396.929530331709,-1396.929530331709,0,0,0,0,0,0,779.4799552354026,779.4799552354026,779.4799552354026,57.39697940854062,57.39697940854062,57.39697940854062,0,0,0,261.2157704903564,4009.4167555997947,2666.8988536454053,2671.8162892061778,2109.212438018837
2026-09-05T00:00:00Z,2669.5045676379837,-3361.378495888921,-3361.378495888921,-3361.378495888921,0,0,0,0,0,0,0,0,0,0,0,0,0,0,0,0,0,0,-1931.311943330235,-1931.311943330235,-1931.311943330235,0,0,0,0,0,0,-1466.14153542259,-1466.14153542259,-1466.14153542259,36.07498286390433,36.07498286390433,36.07498286390433,0,0,0,-2567.373103228002,1196.0667411856264,2667.104232184315,2672.0854258343797,-691.8739282509373
2026-09-06T00:00:00Z,2669.744101569365,-3819.838921881814,-3819.838921881814,-3819.838921881814,0,0,0,0,0,0,0,0,0,0,0,0,0,0,0,0,0,0,-1762.1046002780054,-1762.1046002780054,-1762.1046002780054,0,0,0,0,0,0,-2070.3301563903187,-2070.3301563903187,-2070.3301563903187,12.595834786509222,12.595834786509222,12.595834786509222,0,0,0,-3107.616417580343,792.862841669071,2667.295707519308,2672.3539478964076,-1150.094820312449
2026-09-07T00:00:00Z,2669.9836355007455,-1000.2246175228224,-1000.2246175228224,-1000.2246175228224,0,0,0,0,0,0,0,0,0,0,0,0,0,0,0,0,0,0,-1394.7988476545997,-1394.7988476545997,-1394.7988476545997,0,0,0,0,0,0,407.34003320467525,407.34003320467525,407.34003320467525,-12.765803072897487,-12.765803072897487,-12.765803072897487,0,0,0,-269.897806072522,3784.862128005845,2667.4988214195587,2672.6202637793895,1669.7590179779231
2026-09-08T00:00:00Z,2670.2231694321267,-520.1152213585895,-520.1152213585895,-520.1152213585895,0,0,0,0,0,0,0,0,0,0,0,0,0,0,0,0,0,0,-1232.3062569418494,-1232.3062569418494,-1232.3062569418494,0,0,0,0,0,0,751.8708176886931,751.8708176886931,751.8708176886931,-39.67978210543318,-39.67978210543318,-39.67978210543318,0,0,0,103.80174897341777,4087.004307574945,2667.7025370179663,2672.895000603489,2150.107948073537
2026-09-09T00:00:00Z,2670.462703363508,-587.5971211779043,-587.5971211779043,-587.5971211779043,0,0,0,0,0,0,0,0,0,0,0,0,0,0,0,0,0,0,-1305.4384952859311,-1305.4384952859311,-1305.4384952859311,0,0,0,0,0,0,785.6068199367505,785.6068199367505,785.6068199367505,-67.7654458287239,-67.7654458287239,-67.7654458287239,0,0,0,216.74154326888913,4104.0112973907035,2667.906252616375,2673.163686762441,2082.8655821856037
2026-09-10T00:00:00Z,2670.7022372948886,-657.5991821210126,-657.5991821210126,-657.5991821210126,0,0,0,0,0,0,0,0,0,0,0,0,0,0,0,0,0,0,-1373.175060872937,-1373.175060872937,-1373.175060872937,0,0,0,0,0,0,812.1740657441956,812.1740657441956,812.1740657441956,-96.59818699227053,-96.59818699227053,-96.59818699227053,0,0,0,129.1174045235378,3909.565739879167,2668.119832979056,2673.434486679812,2013.1030551738759
2026-09-11T00:00:00Z,2670.9417712262693,-581.9203036034853,-581.9203036034853,-581.9203036034853,0,0,0,0,0,0,0,0,0,0,0,0,0,0,0,0,0,0,-1235.6827915476906,-1235.6827915476906,-1235.6827915476906,0,0,0,0,0,0,779.4799552319253,779.4799552319253,779.4799552319253,-125.71746728771978,-125.71746728771978,-125.71746728771978,0,0,0,103.45458455990712,3971.324228208564,2668.3359871255684,2673.703847421989,2089.0214676227843
2026-09-12T00:00:00Z,2671.1813051576505,-2559.2170415014416,-2559.2170415014416,-2559.2170415014416,0,0,0,0,0,0,0,0,0,0,0,0,0,0,0,0,0,0,-938.4393691923772,-938.4393691923772,-938.4393691923772,0,0,0,0,0,0,-1466.1415354174933,-1466.1415354174933,-1466.1415354174933,-154.6361368915705,-154.6361368915705,-154.6361368915705,0,0,0,-1828.030731093267,2067.8798288566645,2668.542299175849,2673.973208164166,111.96426365620891
2026-09-13T00:00:00Z,2671.4208390890317,-2947.1240111088086,-2947.1240111088086,-2947.1240111088086,0,0,0,0,0,0,0,0,0,0,0,0,0,0,0,0,0,0,-693.9430076991928,-693.9430076991928,-693.9430076991928,0,0,0,0,0,0,-2070.3301563897303,-2070.3301563897303,-2070.3301563897303,-182.85084701988563,-182.85084701988563,-182.85084701988563,0,0,0,-2116.8297184166217,1719.3497878994842,2668.758071955177,2674.2522980779286,-275.70317201977696
2026-09-14T00:00:00Z,2671.6603730204124,-442.5827334130864,-442.5827334130864,-442.5827334130864,0,0,0,0,0,0,0,0,0,0,0,0,0,0,0,0,0,0,-640.0694572995873,-640.0694572995873,-640.0694572995873,0,0,0,0,0,0,407.34003320535936,407.34003320535936,407.34003320535936,-209.85330931885832,-209.85330931885832,-209.85330931885832,0,0,0,265.85535261931756,4021.9040053940766,2668.9560428619534,2674.5199869402068,2229.077639607326
2026-09-15T00:00:00Z,2671.8999069517936,-183.62661115558203,-183.62661115558203,-183.62661115558203,0,0,0,0,0,0,0,0,0,0,0,0,0,0,0,0,0,0,-700.355306271292,-700.355306271292,-700.355306271292,0,0,0,0,0,0,751.8708176886278,751.8708176886278,751.8708176886278,-235.14212257291786,-235.14212257291786,-235.14212257291786,0,0,0,591.5653353872211,4550.28459374675,2669.1739356622534,2674.7873045152146,2488.2732957962116
2026-09-16T00:00:00Z,2672.1394408831748,-1922.354913583217,-1922.354913583217,-1922.354913583217,0,0,0,0,0,0,-1767.1012203123178,-1767.1012203123178,-1767.1012203123178,0,0,0,0,0,0,-1767.1012203123178,-1767.1012203123178,-1767.1012203123178,-682.6256521213681,-682.6256521213681,-682.6256521213681,0,0,0,0,0,0,785.6068199370039,785.6068199370039,785.6068199370039,-258.23486108653503,-258.23486108653503,-258.23486108653503,0,0,0,-1211.5321199238556,2705.0874998746435,2669.3959407725024,2675.050651132874,749.7845272999577
2026-09-17T00:00:00Z,2672.378974814556,37.18439485887235,37.18439485887235,37.18439485887235,0,0,0,0,0,0,0,0,0,0,0,0,0,0,0,0,0,0,-496.30956968898323,-496.30956968898323,-496.30956968898323,0,0,0,0,0,0,812.1740657409322,812.1740657409322,812.1740657409322,-278.6801011930769,-278.6801011930769,-278.6801011930769,0,0,0,861.9052003419338,4656.1679929009515,2669.6084660775587,2675.320011875051,2709.5633696734285
2026-09-18T00:00:00Z,2672.6185087459367,232.78547556759997,232.78547556759997,232.78547556759997,0,0,0,0,0,0,0,0,0,0,0,0,0,0,0,0,0,0,-250.62542622553065,-250.62542622553065,-250.62542622553065,0,0,0,0,0,0,779.479955232225,779.479955232225,779.479955232225,-296.06905343909426,-296.06905343909426,-296.06905343909426,0,0,0,880.1938524097388,4915.656424215934,2669.8085862891667,2675.589372617227,2905.4039843135365
2026-09-19T00:00:00Z,2672.858042677318,-1906.1929776667857,-1906.1929776667857,-1906.1929776667857,0,0,0,0,0,0,0,0,0,0,0,0,0,0,0,0,0,0,-130.00497363349768,-130.00497363349768,-130.00497363349768,0,0,0,0,0,0,-1466.1415354185126,-1466.1415354185126,-1466.1415354185126,-310.0464686147754,-310.0464686147754,-310.0464686147754,0,0,0,-1281.863290693089,2900.545815780799,2670.009495567467,2675.857903411638,766.6650650105321
2026-09-20T00:00:00Z,2673.0975766086985,-2574.2925308622416,-2574.2925308622416,-2574.2925308622416,0,0,0,0,0,0,0,0,0,0,0,0,0,0,0,0,0,0,-183.64187827137036,-183.64187827137036,-183.64187827137036,0,0,0,0,0,0,-2070.330156389142,-2070.330156389142,-2070.330156389142,-320.3204962017293,-320.3204962017293,-320.3204962017293,0,0,0,-1881.429506289995,2035.501915415056,2670.211644655201,2676.1256088037294,98.80504574645693
2026-09-21T00:00:00Z,2673.3371105400797,-179.39319353999633,-179.39319353999633,-179.39319353999633,0,0,0,0,0,0,0,0,0,0,0,0,0,0,0,0,0,0,-260.0620328056761,-260.0620328056761,-260.0620328056761,0,0,0,0,0,0,407.3400332070914,407.3400332070914,407.3400332070914,-326.67119394141184,-326.67119394141184,-326.67119394141184,0,0,0,515.1326916813105,4480.905879295575,2670.410101052597,2676.382363866668,2493.9439170000833
2026-09-22T00:00:00Z,2673.5766444714604,257.88978321152075,257.88978321152075,257.88978321152075,0,0,0,0,0,0,0,0,0,0,0,0,0,0,0,0,0,0,-165.02361771475583,-165.02361771475583,-165.02361771475583,0,0,0,0,0,0,751.8708176881476,751.8708176881476,751.8708176881476,-328.95741676187095,-328.95741676187095,-328.95741676187095,0,0,0,1007.4907510508174,4865.421895558074,2670.615795780116,2676.651467913827,2931.4664276829812
2026-09-23T00:00:00Z,2673.8161784028416,580.1868266207978,580.1868266207978,580.1868266207978,0,0,0,0,0,0,0,0,0,0,0,0,0,0,0,0,0,0,121.70185827840619,121.70185827840619,121.70185827840619,0,0,0,0,0,0,785.606819937434,785.606819937434,785.606819937434,-327.12185159504253,-327.12185159504253,-327.12185159504253,0,0,0,1375.8872033614452,5137.2606430394735,2670.8316006082564,2676.928431624183,3254.003005023639
2026-09-24T00:00:00Z,2674.0557123342223,903.4179038402381,903.4179038402381,903.4179038402381,0,0,0,0,0,0,0,0,0,0,0,0,0,0,0,0,0,0,412.43784887799325,412.43784887799325,412.43784887799325,0,0,0,0,0,0,812.1740657431584,812.1740657431584,812.1740657431584,-321.1940107809138,-321.1940107809138,-321.1940107809138,0,0,0,1642.3064953615594,5561.59850893864,2671.0445707505664,2677.197144692399,3577.4736161744604
2026-09-25T00:00:00Z,2674.2952462656035,989.8619225683234,989.8619225683234,989.8619225683234,0,0,0,0,0,0,0,0,0,0,0,0,0,0,0,0,0,0,521.673016926228,521.673016926228,521.673016926228,0,0,0,0,0,0,779.4799552325247,779.4799552325247,779.4799552325247,-311.29104959042934,-311.29104959042934,-311.29104959042934,0,0,0,1633.0738025464652,5669.421184499991,2671.263846550537,2677.4884017078402,3664.157168833927
2026-09-26T00:00:00Z,2674.5347801969842,-1247.8572603910272,-1247.8572603910272,-1247.8572603910272,0,0,0,0,0,0,0,0,0,0,0,0,0,0,0,0,0,0,515.9006065737451,515.9006065737451,515.9006065737451,0,0,0,0,0,0,-1466.141535419532,-1466.141535419532,-1466.141535419532,-297.61633154524037,-297.61633154524037,-297.61633154524037,0,0,0,-451.8119973332846,3446.7333971563817,2671.4619599024104,2677.7695299874676,1426.677519805957
2026-09-27T00:00:00Z,2674.7743141283654,-1627.4136043402846,-1627.4136043402846,-1627.4136043402846,0,0,0,0,0,0,0,0,0,0,0,0,0,0,0,0,0,0,723.3722790898884,723.3722790898884,723.3722790898884,0,0,0,0,0,0,-2070.330156388554,-2070.330156388554,-2070.330156388554,-280.4557270416193,-280.4557270416193,-280.4557270416193,0,0,0,-687.4163612910276,3091.9632900970882,2671.682978286433,2678.0497562561172,1047.3607097880808
2026-09-28T00:00:00Z,2675.0138480597466,1584.048369479452,1584.048369479452,1584.048369479452,0,0,0,0,0,0,0,0,0,0,0,0,0,0,0,0,0,0,1436.8800308664336,1436.8800308664336,1436.8800308664336,0,0,0,0,0,0,407.340033200598,407.340033200598,407.340033200598,-260.1716945875795,-260.1716945875795,-260.1716945875795,0,0,0,2260.8736364301185,6123.761746796011,2671.8773232637445,2678.3257601565792,4259.062217539198
2026-09-29T00:00:00Z,2675.2533819911278,3070.002133269107,3070.002133269107,3070.002133269107,0,0,0,0,0,0,0,0,0,0,0,0,0,0,0,0,0,0,2555.3265734729107,2555.3265734729107,2555.3265734729107,0,0,0,0,0,0,751.8708176880824,751.8708176880824,751.8708176880824,-237.19525789188555,-237.19525789188555,-237.19525789188555,0,0,0,3799.977215038305,7675.767153239672,2672.0730866803187,2678.6051409564784,5745.2555152602345
2026-09-30T00:00:00Z,2675.492915922509,4089.3137240864494,4089.3137240864494,4089.3137240864494,0,0,0,0,0,0,0,0,0,0,0,0,0,0,0,0,0,0,3515.7229583584967,3515.7229583584967,3515.7229583584967,0,0,0,0,0,0,785.6068199365162,785.6068199365162,785.6068199365162,-212.0160542085623,-212.0160542085623,-212.0160542085623,0,0,0,4689.555485915139,8609.954579792864,2672.2692240870892,2678.869713934757,6764.806640008958
2026-10-01T00:00:00Z,2675.7324498538896,4266.5544184810915,4266.5544184810915,4266.5544184810915,0,0,0,0,0,0,0,0,0,0,0,0,0,0,0,0,0,0,3639.55104063065,3639.55104063065,3639.55104063065,0,0,0,0,0,0,812.1740657425403,812.1740657425403,812.1740657425403,-185.17068789209793,-185.17068789209793,-185.17068789209793,0,0,0,4898.1320570278895,8993.263639672381,2672.465907719045,2679.131846980338,6942.286868334981
2026-10-02T00:00:00Z,2675.9719837852704,3267.6069320269703,3267.6069320269703,3267.6069320269703,0,0,0,0,0,0,0,0,0,0,0,0,0,0,0,0,0,0,2645.3566530211046,2645.3566530211046,2645.3566530211046,0,0,0,0,0,0,779.4799552309358,779.4799552309358,779.4799552309358,-157.2296762250694,-157.2296762250694,-157.2296762250694,0,0,0,4099.926496863856,7989.736551334628,2672.6743157720143,2679.4427203114465,5943.578915812241
2026-10-03T00:00:00Z,2676.2115177166515,-691.1807934961593,-691.1807934961593,-691.1807934961593,0,0,0,0,0,0,0,0,0,0,0,0,0,0,0,0,0,0,903.7440624952537,903.7440624952537,903.7440624952537,0,0,0,0,0,0,-1466.141535412454,-1466.141535412454,-1466.141535412454,-128.7833205789583,-128.7833205789583,-128.7833205789583,0,0,0,107.63341957010424,3918.1089992364223,2672.8839305975284,2679.7211354321294,1985.0307242204922
2026-10-04T00:00:00Z,2676.4510516480327,-2964.371997369079,-2964.371997369079,-2964.371997369079,0,0,0,0,0,0,0,0,0,0,0,0,0,0,0,0,0,0,-793.6149676384032,-793.6149676384032,-793.6149676384032,0,0,0,0,0,0,-2070.330156386284,-2070.330156386284,-2070.330156386284,-100.42687334439174,-100.42687334439174,-100.42687334439174,0,0,0,-2116.1280289131573,1594.9234647942433,2673.0847488432905,2679.9901928552667,-287.92094572104634
2026-10-05T00:00:00Z,2676.6905855794134,-1440.2544104346307,-1440.2544104346307,-1440.2544104346307,0,0,0,0,0,0,0,0,0,0,0,0,0,0,0,0,0,0,-1774.8490451077384,-1774.8490451077384,-1774.8490451077384,0,0,0,0,0,0,407.34003320233006,407.34003320233006,407.34003320233006,-72.74539852922167,-72.74539852922167,-72.74539852922167,0,0,0,-697.7826414569988,3104.050204628369,2673.2988411864726,2680.259250278405,1236.4361751447827
2026-10-06T00:00:00Z,2676.9301195107946,-1200.397669528994,-1200.397669528994,-1200.397669528994,0,0,0,0,0,0,0,0,0,0,0,0,0,0,0,0,0,0,-1905.9697467533006,-1905.9697467533006,-1905.9697467533006,0,0,0,0,0,0,751.8708176880172,751.8708176880172,751.8708176880172,-46.29874046371067,-46.29874046371067,-46.29874046371067,0,0,0,-453.41575652292073,3501.050339096428,2673.5127750740717,2680.5283077015433,1476.5324499818007
2026-10-07T00:00:00Z,2677.1696534421753,-806.7483450989324,-806.7483450989324,-806.7483450989324,0,0,0,0,0,0,0,0,0,0,0,0,0,0,0,0,0,0,-1570.7481450842909,-1570.7481450842909,-1570.7481450842909,0,0,0,0,0,0,785.6068199369471,785.6068199369471,785.6068199369471,-21.607019951588487,-21.607019951588487,-21.607019951588487,0,0,0,40.301326699699636,3874.6953462069287,2673.722389899586,2680.8005213323445,1870.4213083432428
2026-10-08T00:00:00Z,2677.4091873735565,-463.67846998465404,-463.67846998465404,-463.67846998465404,0,0,0,0,0,0,0,0,0,0,0,0,0,0,0,0,0,0,-1276.7154656599896,-1276.7154656599896,-1276.7154656599896,0,0,0,0,0,0,812.1740657433443,812.1740657433443,812.1740657433443,0.8629299319913281,0.8629299319913281,0.8629299319913281,0,0,0,203.80708739961727,4243.188308741402,2673.9320047251003,2681.0923583027256,2213.7307173889026
2026-10-09T00:00:00Z,2677.6487213049377,-451.33503358128104,-451.33503358128104,-451.33503358128104,0,0,0,0,0,0,0,0,0,0,0,0,0,0,0,0,0,0,-1251.524784204771,-1251.524784204771,-1251.524784204771,0,0,0,0,0,0,779.4799552357296,779.4799552357296,779.4799552357296,20.70979538776035,20.70979538776035,20.70979538776035,0,0,0,245.34980331598774,4158.860659981969,2674.1416195506145,2681.359971078889,2226.3136877236566
2026-10-10T00:00:00Z,2677.888255236319,-2785.6238437409615,-2785.6238437409615,-2785.6238437409615,0,0,0,0,0,0,0,0,0,0,0,0,0,0,0,0,0,0,-1357.0906270616917,-1357.0906270616917,-1357.0906270616917,0,0,0,0,0,0,-1466.1415354154547,-1466.1415354154547,-1466.1415354154547,37.6083187361849,37.6083187361849,37.6083187361849,0,0,0,-2036.9487029299462,1808.064019882928,2674.351234376129,2681.6391291819573,-107.73558850464269
2026-10-11T00:00:00Z,2678.1277891676996,-3352.4717018409347,-3352.4717018409347,-3352.4717018409347,0,0,0,0,0,0,0,0,0,0,0,0,0,0,0,0,0,0,-1333.459365994693,-1333.459365994693,-1333.459365994693,0,0,0,0,0,0,-2070.3301563873765,-2070.3301563873765,-2070.3301563873765,51.31782054113552,51.31782054113552,51.31782054113552,0,0,0,-2657.0933775476883,1303.7250010395,2674.5889609860037,2681.9182872850256,-674.3439126732351
2026-10-12T00:00:00Z,2678.3673230990807,-625.9583181557208,-625.9583181557208,-625.9583181557208,0,0,0,0,0,0,0,0,0,0,0,0,0,0,0,0,0,0,-1094.9867904691962,-1094.9867904691962,-1094.9867904691962,0,0,0,0,0,0,407.34003320301406,407.34003320301406,407.34003320301406,61.68843911046091,61.68843911046091,61.68843911046091,0,0,0,223.30186570078791,4117.985261248808,2674.798729087518,2682.197445388094,2052.40900494336
2026-10-13T00:00:00Z,2678.6068570304615,24.042707362673987,24.042707362673987,24.042707362673987,0,0,0,0,0,0,0,0,0,0,0,0,0,0,0,0,0,0,-796.4929906596684,-796.4929906596684,-796.4929906596684,0,0,0,0,0,0,751.8708176887789,751.8708176887789,751.8708176887789,68.66488033356356,68.66488033356356,68.66488033356356,0,0,0,740.273112335132,4596.5759221242315,2674.993461502656,2682.4621990736428,2702.6495643931353
2026-10-14T00:00:00Z,2678.8463909618426,214.9354180538949,214.9354180538949,214.9354180538949,0,0,0,0,0,0,0,0,0,0,0,0,0,0,0,0,0,0,-642.9589407052448,-642.9589407052448,-642.9589407052448,0,0,0,0,0,0,785.6068199372,785.6068199372,785.6068199372,72.28753882193982,72.28753882193982,72.28753882193982,0,0,0,989.9471289993955,4961.116473083381,2675.216255715839,2682.7182096099186,2893.7818090157375
2026-10-15T00:00:00Z,2679.0859248932234,217.06183437580344,217.06183437580344,217.06183437580344,0,0,0,0,0,0,0,0,0,0,0,0,0,0,0,0,0,0,-667.8031559861844,-667.8031559861844,-667.8031559861844,0,0,0,0,0,0,812.1740657441484,812.1740657441484,812.1740657441484,72.6909246178393,72.6909246178393,72.6909246178393,0,0,0,949.412547231903,4873.709325245307,2675.4498568791596,2683.003926841546,2896.1477592690267
2026-10-16T00:00:00Z,2679.3254588246045,138.04669592070627,138.04669592070627,138.04669592070627,0,0,0,0,0,0,0,0,0,0,0,0,0,0,0,0,0,0,-711.5326656103844,-711.5326656103844,-711.5326656103844,0,0,0,0,0,0,779.4799552341408,779.4799552341408,779.4799552341408,70.09940629694988,70.09940629694988,70.09940629694988,0,0,0,857.0176172035259,4805.670005360613,2675.651658155488,2683.2758214509217,2817.3721547453106
2026-10-17T00:00:00Z,2679.5649927559853,-2009.2462721843106,-2009.2462721843106,-2009.2462721843106,0,0,0,0,0,0,0,0,0,0,0,0,0,0,0,0,0,0,-607.9250956960764,-607.9250956960764,-607.9250956960764,0,0,0,0,0,0,-1466.1415354144929,-1466.1415354144929,-1466.1415354144929,64.82035892625866,64.82035892625866,64.82035892625866,0,0,0,-1324.9092492950592,2671.981928247387,2675.835851942643,2683.5573271665444,670.3187205716747
2026-10-18T00:00:00Z,2679.8045266873664,-2381.5690326387157,-2381.5690326387157,-2381.5690326387157,0,0,0,0,0,0,0,0,0,0,0,0,0,0,0,0,0,0,-368.47375806854103,-368.47375806854103,-368.47375806854103,0,0,0,0,0,0,-2070.330156385108,-2070.330156385108,-2070.330156385108,57.23488181493283,57.23488181493283,57.23488181493283,0,0,0,-1737.4748208815636,2128.080159227943,2676.0341809552556,2683.8461790744896,298.2354940486507
2026-10-19T00:00:00Z,2680.044060618747,288.6301177181177,288.6301177181177,288.6301177181177,0,0,0,0,0,0,0,0,0,0,0,0,0,0,0,0,0,0,-166.49623954516446,-166.49623954516446,-166.49623954516446,0,0,0,0,0,0,407.3400332047462,407.3400332047462,407.3400332047462,47.78632405853593,47.78632405853593,47.78632405853593,0,0,0,968.327714184167,5066.930876243047,2676.2447503913913,2684.1279050598073,2968.6741783368648
2026-10-20T00:00:00Z,2680.2835945501283,648.0970581419576,648.0970581419576,648.0970581419576,0,0,0,0,0,0,0,0,0,0,0,0,0,0,0,0,0,0,-140.7406828638347,-140.7406828638347,-140.7406828638347,0,0,0,0,0,0,751.8708176887135,751.8708176887135,751.8708176887135,36.96692331707876,36.96692331707876,36.96692331707876,0,0,0,1414.1157433672981,5330.228368195609,2676.4553198275266,2684.3998713563174,3328.380652692086
2026-10-21T00:00:00Z,2680.5231284815095,577.8577652332567,577.8577652332567,577.8577652332567,0,0,0,0,0,0,0,0,0,0,0,0,0,0,0,0,0,0,-233.05197774122163,-233.05197774122163,-233.05197774122163,0,0,0,0,0,0,785.6068199376305,785.6068199376305,785.6068199376305,25.302923036847865,25.302923036847865,25.302923036847865,0,0,0,1246.1025010652033,5245.46111109575,2676.6547493954304,2684.6796238296197,3258.380893714766
2026-10-22T00:00:00Z,2680.7626624128907,584.4478170108366,584.4478170108366,584.4478170108366,0,0,0,0,0,0,0,0,0,0,0,0,0,0,0,0,0,0,-241.06483224856856,-241.06483224856856,-241.06483224856856,0,0,0,0,0,0,812.1740657449523,812.1740657449523,812.1740657449523,13.338583514452946,13.338583514452946,13.338583514452946,0,0,0,1447.070778633412,5196.285265803497,2676.864980502523,2684.960287519451,3265.2104794237275
2026-10-23T00:00:00Z,2681.0021963442714,743.8628935140582,743.8628935140582,743.8628935140582,0,0,0,0,0,0,0,0,0,0,0,0,0,0,0,0,0,0,-37.236602911614675,-37.236602911614675,-37.236602911614675,0,0,0,0,0,0,779.4799552344406,779.4799552344406,779.4799552344406,1.6195411912324167,1.6195411912324167,1.6195411912324167,0,0,0,1492.1980458510982,5212.264422104643,2677.071485942512,2685.2569299927545,3424.8650898583296
2026-10-24T00:00:00Z,2681.2417302756526,-1193.7489398715338,-1193.7489398715338,-1193.7489398715338,0,0,0,0,0,0,0,0,0,0,0,0,0,0,0,0,0,0,281.7165985436386,281.7165985436386,281.7165985436386,0,0,0,0,0,0,-1466.141535417493,-1466.141535417493,-1466.141535417493,-9.324002997679308,-9.324002997679308,-9.324002997679308,0,0,0,-386.3377753192499,3396.6231911996374,2677.2686743688378,2685.530378923838,1487.4927904041188
2026-10-25T00:00:00Z,2681.4812642070337,-1596.0236959948452,-1596.0236959948452,-1596.0236959948452,0,0,0,0,0,0,0,0,0,0,0,0,0,0,0,0,0,0,493.3002329026418,493.3002329026418,493.3002329026418,0,0,0,0,0,0,-2070.3301563898667,-2070.3301563898667,-2070.3301563898667,-18.993772507620104,-18.993772507620104,-18.993772507620104,0,0,0,-844.1765447712437,3132.1880964017364,2677.466072052507,2685.8285054075714,1085.4575682121886
2026-10-26T00:00:00Z,2681.7207981384145,896.8898627003408,896.8898627003408,896.8898627003408,0,0,0,0,0,0,0,0,0,0,0,0,0,0,0,0,0,0,516.4889183689805,516.4889183689805,516.4889183689805,0,0,0,0,0,0,407.3400332064783,407.3400332064783,407.3400332064783,-26.939088875117886,-26.939088875117886,-26.939088875117886,0,0,0,1716.8760020635557,5647.403383144225,2677.679763678614,2686.1342484567285,3578.6106608387554
2026-10-27T00:00:00Z,2681.960332069795,1288.116587030971,1288.116587030971,1288.116587030971,0,0,0,0,0,0,0,0,0,0,0,0,0,0,0,0,0,0,569.0170228006233,569.0170228006233,569.0170228006233,0,0,0,0,0,0,751.8708176884409,751.8708176884409,751.8708176884409,-32.77125345809322,-32.77125345809322,-32.77125345809322,0,0,0,2025.1562470768904,5788.1607146680635,2677.891927511152,2686.406066817942,3970.076919100766
2026-10-28T00:00:00Z,2682.1998660011764,1760.470544799374,1760.470544799374,1760.470544799374,0,0,0,0,0,0,0,0,0,0,0,0,0,0,0,0,0,0,1011.0399152074561,1011.0399152074561,1011.0399152074561,0,0,0,0,0,0,785.6068199367126,785.6068199367126,785.6068199367126,-36.176190344795195,-36.176190344795195,-36.176190344795195,0,0,0,2549.6038475381074,6281.486725155224,2678.0940326661766,2686.684324126088,4442.670410800551
2026-10-29T00:00:00Z,2682.4393999325575,2747.3659833692022,2747.3659833692022,2747.3659833692022,0,0,0,0,0,0,0,0,0,0,0,0,0,0,0,0,0,0,1972.1168646238518,1972.1168646238518,1972.1168646238518,0,0,0,0,0,0,812.1740657443344,812.1740657443344,812.1740657443344,-36.92494699898416,-36.92494699898416,-36.92494699898416,0,0,0,3481.5091822824065,7305.454806175854,2678.2961378212012,2686.9632167618424,5429.80538330176
2026-10-30T00:00:00Z,2682.6789338639383,3845.816875757663,3845.816875757663,3845.816875757663,0,0,0,0,0,0,0,0,0,0,0,0,0,0,0,0,0,0,3101.2186257528997,3101.2186257528997,3101.2186257528997,0,0,0,0,0,0,779.4799552373457,779.4799552373457,779.4799552373457,-34.88170523258289,-34.88170523258289,-34.88170523258289,0,0,0,4492.100057143706,8434.182747119103,2678.498242976226,2687.2326185536485,6528.495809621601
2026-10-31T00:00:00Z,2682.9184677953194,2218.157375880576,2218.157375880576,2218.157375880576,0,0,0,0,0,0,0,0,0,0,0,0,0,0,0,0,0,0,3714.307933579156,3714.307933579156,3714.307933579156,0,0,0,0,0,0,-1466.1415354204935,-1466.1415354204935,-1466.1415354204935,-30.009022278085922,-30.009022278085922,-30.009022278085922,0,0,0,3009.0789351121957,6851.462210984322,2678.70034813125,2687.5251792951135,4901.075843675895
2026-11-01T00:00:00Z,2683.1580017267006,1181.304157783645,1181.304157783645,1181.304157783645,0,0,0,0,0,0,0,0,0,0,0,0,0,0,0,0,0,0,3274.004412502256,3274.004412502256,3274.004412502256,0,0,0,0,0,0,-2070.3301563892783,-2070.3301563892783,-2070.3301563892783,-22.370098329332535,-22.370098329332535,-22.370098329332535,0,0,0,1883.0783505817794,5836.662062617596,2678.9024532862745,2687.81337676076,3864.4621595103454
2026-11-02T00:00:00Z,2683.397535658082,2217.789130150964,2217.789130150964,2217.789130150964,0,0,0,0,0,0,0,0,0,0,0,0,0,0,0,0,0,0,1822.5770478160273,1822.5770478160273,1822.5770478160273,0,0,0,0,0,0,407.3400332082107,407.3400332082107,407.3400332082107,-12.127950873274393,-12.127950873274393,-12.127950873274393,0,0,0,2893.824499155215,6909.908973775681,2679.104558441299,2688.0991335265812,4901.186665809046
2026-11-03T00:00:00Z,2683.6370695894625,750.4585490372208,750.4585490372208,750.4585490372208,0,0,0,0,0,0,0,0,0,0,0,0,0,0,0,0,0,0,-1.8708035079896372,-1.8708035079896372,-1.8708035079896372,0,0,0,0,0,0,751.8708176881681,751.8708176881681,751.8708176881681,0.458534857042221,0.458534857042221,0.458534857042221,0,0,0,1521.843236510822,5413.821626279832,2679.2915664440116,2688.3791660635766,3434.095618626683
2026-11-04T00:00:00Z,2683.8766035208437,-596.2810919847677,-596.2810919847677,-596.2810919847677,0,0,0,0,0,0,0,0,0,0,0,0,0,0,0,0,0,0,-1396.9295303304075,-1396.9295303304075,-1396.9295303304075,0,0,0,0,0,0,785.6068199371431,785.6068199371431,785.6068199371431,15.04161840849676,15.04161840849676,15.04161840849676,0,0,0,164.6399022933533,4012.253843474407,2679.4753907605714,2688.6582269773776,2087.5955115360757
2026-11-05T00:00:00Z,2684.1161374522244,-1087.9432503947194,-1087.9432503947194,-1087.9432503947194,0,0,0,0,0,0,0,0,0,0,0,0,0,0,0,0,0,0,-1931.3119433314785,-1931.3119433314785,-1931.3119433314785,0,0,0,0,0,0,812.1740657424931,812.1740657424931,812.1740657424931,31.194627194266037,31.194627194266037,31.194627194266037,0,0,0,-349.4420066507127,3535.8239245889913,2679.666855819651,2688.9587361608264,1596.172887057505
2026-11-06T00:00:00Z,2684.3556713836056,-934.2000961428665,-934.2000961428665,-934.2000961428665,0,0,0,0,0,0,0,0,0,0,0,0,0,0,0,0,0,0,-1762.1046002782482,-1762.1046002782482,-1762.1046002782482,0,0,0,0,0,0,779.4799552376454,779.4799552376454,779.4799552376454,48.42454889773651,48.42454889773651,48.42454889773651,0,0,0,-169.82157506382924,3705.3787978030023,2679.8741431959234,2689.2359594097948,1750.155575240739
2026-11-07T00:00:00Z,2684.5952053149863,-2794.7534146139556,-2794.7534146139556,-2794.7534146139556,0,0,0,0,0,0,0,0,0,0,0,0,0,0,0,0,0,0,-1394.7988476535386,-1394.7988476535386,-1394.7988476535386,0,0,0,0,0,0,-1466.1415354215123,-1466.1415354215123,-1466.1415354215123,66.186968461096,66.186968461096,66.186968461096,0,0,0,-2090.6354614142247,1758.4821806743655,2680.074236657332,2689.5130782160595,-110.15820929896927
2026-11-08T00:00:00Z,2684.8347392463675,-4985.834684383588,-4985.834684383588,-4985.834684383588,0,0,0,0,0,0,-1767.1012203123178,-1767.1012203123178,-1767.1012203123178,0,0,0,0,0,0,-1767.1012203123178,-1767.1012203123178,-1767.1012203123178,-1232.3062569440403,-1232.3062569440403,-1232.3062569440403,0,0,0,0,0,0,-2070.3301563886903,-2070.3301563886903,-2070.3301563886903,83.90294926146056,83.90294926146056,83.90294926146056,0,0,0,-4280.6167582229955,-374.3386893481482,2680.2428725867085,2689.7901970223247,-2300.9999451372205
2026-11-09T00:00:00Z,2685.074273177748,-797.1210694815969,-797.1210694815969,-797.1210694815969,0,0,0,0,0,0,0,0,0,0,0,0,0,0,0,0,0,0,-1305.4384952859405,-1305.4384952859405,-1305.4384952859405,0,0,0,0,0,0,407.3400332088948,407.3400332088948,407.3400332088948,100.97739259544912,100.97739259544912,100.97739259544912,0,0,0,-94.16126985949212,3884.3768783575215,2680.4445620172114,2690.0660266552823,1887.9532036961514
2026-11-10T00:00:00Z,2685.3138071091294,-504.48588683069283,-504.48588683069283,-504.48588683069283,0,0,0,0,0,0,0,0,0,0,0,0,0,0,0,0,0,0,-1373.175060873455,-1373.175060873455,-1373.175060873455,0,0,0,0,0,0,751.8708176891372,751.8708176891372,751.8708176891372,116.81835635362532,116.81835635362532,116.81835635362532,0,0,0,304.08946936486825,4059.3356858524453,2680.6411953615534,2690.337528135301,2180.8279202784365
2026-11-11T00:00:00Z,2685.55334104051,-319.2191970708015,-319.2191970708015,-319.2191970708015,0,0,0,0,0,0,0,0,0,0,0,0,0,0,0,0,0,0,-1235.6827915487831,-1235.6827915487831,-1235.6827915487831,0,0,0,0,0,0,785.6068199375736,785.6068199375736,785.6068199375736,130.85677454040828,130.85677454040828,130.85677454040828,0,0,0,480.09992807012713,4325.358081637074,2680.813090091448,2690.623335773941,2366.3341439697087
2026-11-12T00:00:00Z,2685.7928749718913,16.300692031758395,16.300692031758395,16.300692031758395,0,0,0,0,0,0,0,0,0,0,0,0,0,0,0,0,0,0,-938.439369191919,-938.439369191919,-938.439369191919,0,0,0,0,0,0,812.1740657432971,812.1740657432971,812.1740657432971,142.56599548038025,142.56599548038025,142.56599548038025,0,0,0,721.4850905944606,4706.458019988801,2680.9853515491322,2690.9027874856147,2702.0935670036497
2026-11-13T00:00:00Z,2686.0324089032724,237.01749664133646,237.01749664133646,237.01749664133646,0,0,0,0,0,0,0,0,0,0,0,0,0,0,0,0,0,0,-693.9430076978502,-693.9430076978502,-693.9430076978502,0,0,0,0,0,0,779.4799552360568,779.4799552360568,779.4799552360568,151.48054910312996,151.48054910312996,151.48054910312996,0,0,0,986.6315312163703,4794.398835658351,2681.1577271709143,2691.1822391972883,2923.049905544609
2026-11-14T00:00:00Z,2686.2719428346536,-1948.997429565604,-1948.997429565604,-1948.997429565604,0,0,0,0,0,0,0,0,0,0,0,0,0,0,0,0,0,0,-640.0694573010751,-640.0694573010751,-640.0694573010751,0,0,0,0,0,0,-1466.1415354225314,-1466.1415354225314,-1466.1415354225314,157.21356315800273,157.21356315800273,157.21356315800273,0,0,0,-1248.81973446214,2730.8770197610665,2681.335658994897,2691.461690908962,737.2745132690495
2026-11-15T00:00:00Z,2686.511476766035,-2611.2131880521215,-2611.2131880521215,-2611.2131880521215,0,0,0,0,0,0,0,0,0,0,0,0,0,0,0,0,0,0,-700.3553062704945,-700.3553062704945,-700.3553062704945,0,0,0,0,0,0,-2070.330156386421,-2070.330156386421,-2070.330156386421,159.47227460479414,159.47227460479414,159.47227460479414,0,0,0,-1997.6078571712872,1993.8897130351384,2681.571443420195,2691.743418466073,75.29828871391328
2026-11-16T00:00:00Z,2686.7510106974155,-117.21449359507511,-117.21449359507511,-117.21449359507511,0,0,0,0,0,0,0,0,0,0,0,0,0,0,0,0,0,0,-682.6256521213843,-682.6256521213843,-682.6256521213843,0,0,0,0,0,0,407.34003320344914,407.34003320344914,407.34003320344914,158.07112532285967,158.07112532285967,158.07112532285967,0,0,0,793.1633928554181,4538.23768097444,2681.7899610895256,2692.0432971005275,2569.5365171023404
2026-11-17T00:00:00Z,2686.990544628796,408.5032377646924,408.5032377646924,408.5032377646924,0,0,0,0,0,0,0,0,0,0,0,0,0,0,0,0,0,0,-496.30956968983855,-496.30956968983855,-496.30956968983855,0,0,0,0,0,0,751.870817689072,751.870817689072,751.870817689072,152.94198976545894,152.94198976545894,152.94198976545894,0,0,0,1095.6343883613238,4978.86773082908,2681.983758935627,2692.3425666169464,3095.493782393489
2026-11-18T00:00:00Z,2687.2300785601774,679.1225485819053,679.1225485819053,679.1225485819053,0,0,0,0,0,0,0,0,0,0,0,0,0,0,0,0,0,0,-250.62542622446898,-250.62542622446898,-250.62542622446898,0,0,0,0,0,0,785.6068199366557,785.6068199366557,785.6068199366557,144.14115486971835,144.14115486971835,144.14115486971835,0,0,0,1426.4540397014453,5481.737621795983,2682.184127297595,2692.627587482149,3366.352627142083
2026-11-19T00:00:00Z,2687.4696124915586,814.0218497256208,814.0218497256208,814.0218497256208,0,0,0,0,0,0,0,0,0,0,0,0,0,0,0,0,0,0,-130.00497363490283,-130.00497363490283,-130.00497363490283,0,0,0,0,0,0,812.1740657441012,812.1740657441012,812.1740657441012,131.85275761642245,131.85275761642245,131.85275761642245,0,0,0,1629.5747126495228,5347.387186681997,2682.38871516451,2692.875808455868,3501.491462217179
2026-11-20T00:00:00Z,2687.7091464229393,712.2265578837965,712.2265578837965,712.2265578837965,0,0,0,0,0,0,0,0,0,0,0,0,0,0,0,0,0,0,-183.64187827089944,-183.64187827089944,-183.64187827089944,0,0,0,0,0,0,779.4799552344679,779.4799552344679,779.4799552344679,116.38848092022822,116.38848092022822,116.38848092022822,0,0,0,1528.7865590878291,5295.683160174967,2682.56243510602,2693.165402322426,3399.9357043067357
2026-11-21T00:00:00Z,2687.9486803543205,-1628.020156716859,-1628.020156716859,-1628.020156716859,0,0,0,0,0,0,0,0,0,0,0,0,0,0,0,0,0,0,-260.06203280661106,-260.06203280661106,-260.06203280661106,0,0,0,0,0,0,-1466.141535415454,-1466.141535415454,-1466.141535415454,98.18341150520581,98.18341150520581,98.18341150520581,0,0,0,-931.6507340841518,2869.988171304467,2682.7468608746176,2693.455049997072,1059.9285236374615
2026-11-22T00:00:00Z,2688.188214285701,-2157.565702805039,-2157.565702805039,-2157.565702805039,0,0,0,0,0,0,0,0,0,0,0,0,0,0,0,0,0,0,-165.0236177173875,-165.0236177173875,-165.0236177173875,0,0,0,0,0,0,-2070.330156384152,-2070.330156384152,-2070.330156384152,77.78807129650032,77.78807129650032,77.78807129650032,0,0,0,-1367.683390973698,2559.5771076986694,2682.945245929313,2693.7423192956257,530.6225114806621
2026-11-23T00:00:00Z,2688.4277482170824,584.8986351611779,584.8986351611779,584.8986351611779,0,0,0,0,0,0,0,0,0,0,0,0,0,0,0,0,0,0,121.70185827686797,121.70185827686797,121.70185827686797,0,0,0,0,0,0,407.3400332041332,407.3400332041332,407.3400332041332,55.85674368017674,55.85674368017674,55.85674368017674,0,0,0,1206.039148833716,5201.454779526763,2683.1478864814335,2694.0459141725096,3273.3263833782603
2026-11-24T00:00:00Z,2688.6672821484635,1197.4409912344547,1197.4409912344547,1197.4409912344547,0,0,0,0,0,0,0,0,0,0,0,0,0,0,0,0,0,0,412.4378488781161,412.4378488781161,412.4378488781161,0,0,0,0,0,0,751.8708176887993,751.8708176887993,751.8708176887993,33.13232466753919,33.13232466753919,33.13232466753919,0,0,0,2078.7031822424083,5958.649496822505,2683.350527033554,2694.3383094440874,3886.108273382918
2026-11-25T00:00:00Z,2688.9068160798447,1317.707870324436,1317.707870324436,1317.707870324436,0,0,0,0,0,0,0,0,0,0,0,0,0,0,0,0,0,0,521.6730169262557,521.6730169262557,521.6730169262557,0,0,0,0,0,0,785.6068199370862,785.6068199370862,785.6068199370862,10.428033461094227,10.428033461094227,10.428033461094227,0,0,0,2043.4994015629761,5998.419699691775,2683.553935646263,2694.6132533071914,4006.6146864042807
2026-11-26T00:00:00Z,2689.1463500112254,1316.681086455323,1316.681086455323,1316.681086455323,0,0,0,0,0,0,0,0,0,0,0,0,0,0,0,0,0,0,515.9006065724152,515.9006065724152,515.9006065724152,0,0,0,0,0,0,812.1740657408382,812.1740657408382,812.1740657408382,-11.393585857930088,-11.393585857930088,-11.393585857930088,0,0,0,2204.344285147163,6099.971163828162,2683.744145398997,2694.906257917589,4005.8274364665485
2026-11-27T00:00:00Z,2689.3858839426066,1471.4083816111183,1471.4083816111183,1471.4083816111183,0,0,0,0,0,0,0,0,0,0,0,0,0,0,0,0,0,0,723.3722790889454,723.3722790889454,723.3722790889454,0,0,0,0,0,0,779.479955232879,779.479955232879,779.479955232879,-31.44385271070577,-31.44385271070577,-31.44385271070577,0,0,0,2433.060810963368,6199.080882408201,2683.9343742086326,2695.197936890998,4160.7942655537245
2026-11-28T00:00:00Z,2689.6254178739873,-78.0942398468894,-78.0942398468894,-78.0942398468894,0,0,0,0,0,0,0,0,0,0,0,0,0,0,0,0,0,0,1436.8800308691107,1436.8800308691107,1436.8800308691107,0,0,0,0,0,0,-1466.141535418454,-1466.141535418454,-1466.141535418454,-48.83273529754571,-48.83273529754571,-48.83273529754571,0,0,0,631.8433347587035,4578.046406325042,2684.1408214165804,2695.484533531157,2611.531178027098
2026-11-29T00:00:00Z,2689.8649518053685,422.30183676132407,422.30183676132407,422.30183676132407,0,0,0,0,0,0,0,0,0,0,0,0,0,0,0,0,0,0,2555.326573471715,2555.326573471715,2555.326573471715,0,0,0,0,0,0,-2070.330156385244,-2070.330156385244,-2070.330156385244,-62.694580325146376,-62.694580325146376,-62.694580325146376,0,0,0,1150.0641553200426,5022.239043288826,2684.349781588628,2695.7699651560124,3112.1667885666925
2026-11-30T00:00:00Z,2690.104485736749,3850.8488991137324,3850.8488991137324,3850.8488991137324,0,0,0,0,0,0,0,0,0,0,0,0,0,0,0,0,0,0,3515.722958358511,3515.722958358511,3515.722958358511,0,0,0,0,0,0,407.3400332058654,407.3400332058654,407.3400332058654,-72.2140924506434,-72.2140924506434,-72.2140924506434,0,0,0,4600.932358687265,8496.893980005327,2684.5591147151326,2696.0553967808673,6540.953384850482
2026-12-01T00:00:00Z,2690.3440196681304,4314.770013398601,4314.770013398601,4314.770013398601,0,0,0,0,0,0,0,0,0,0,0,0,0,0,0,0,0,0,3639.551040629618,3639.551040629618,3639.551040629618,0,0,0,0,0,0,751.8708176885267,751.8708176885267,751.8708176885267,-76.65184491954513,-76.65184491954513,-76.65184491954513,0,0,0,5007.652917589326,9009.57219179841,2684.768447841637,2696.3408284057223,7005.114033066731
2026-12-02T00:00:00Z,2690.583553599511,3355.5948743896715,3355.5948743896715,3355.5948743896715,0,0,0,0,0,0,0,0,0,0,0,0,0,0,0,0,0,0,2645.356653024184,2645.356653024184,2645.356653024184,0,0,0,0,0,0,785.6068199373394,785.6068199373394,785.6068199373394,-75.36859857185266,-75.36859857185266,-75.36859857185266,0,0,0,4211.77331646216,7935.695472713691,2684.977780968142,2696.594586504617,6046.178427989183
2026-12-03T00:00:00Z,2690.8230875308923,1648.070406198591,1648.070406198591,1648.070406198591,0,0,0,0,0,0,0,0,0,0,0,0,0,0,0,0,0,0,903.7440624991523,903.7440624991523,903.7440624991523,0,0,0,0,0,0,812.1740657430641,812.1740657430641,812.1740657430641,-67.84772204362582,-67.84772204362582,-67.84772204362582,0,0,0,2416.804883555825,6211.232690064908,2685.1824102574947,2696.853063115509,4338.8934937294835
2026-12-04T00:00:00Z,2691.062621462273,-67.85005392386502,-67.85005392386502,-67.85005392386502,0,0,0,0,0,0,0,0,0,0,0,0,0,0,0,0,0,0,-793.6149676351031,-793.6149676351031,-793.6149676351031,0,0,0,0,0,0,779.4799552331787,779.4799552331787,779.4799552331787,-53.715041521940606,-53.715041521940606,-53.715041521940606,0,0,0,652.3815849854302,4547.86856639201,2685.3864071832086,2697.1371311973976,2623.212567538408
2026-12-05T00:00:00Z,2691.302155393654,-3273.746083717438,-3273.746083717438,-3273.746083717438,0,0,0,0,0,0,0,0,0,0,0,0,0,0,0,0,0,0,-1774.8490451077332,-1774.8490451077332,-1774.8490451077332,0,0,0,0,0,0,-1466.1415354174924,-1466.1415354174924,-1466.1415354174924,-32.75550319221213,-32.75550319221213,-32.75550319221213,0,0,0,-2431.2104910791295,1313.0167767654004,2685.5904041089216,2697.4202717839157,-582.4439283237839
2026-12-06T00:00:00Z,2691.541689325036,-3981.2260074905953,-3981.2260074905953,-3981.2260074905953,0,0,0,0,0,0,0,0,0,0,0,0,0,0,0,0,0,0,-1905.969746751704,-1905.969746751704,-1905.969746751704,0,0,0,0,0,0,-2070.330156382975,-2070.330156382975,-2070.330156382975,-4.9261043559159265,-4.9261043559159265,-4.9261043559159265,0,0,0,-3154.4763002522636,825.4571060037534,2685.795062819321,2697.699451767436,-1289.6843181655595
2026-12-07T00:00:00Z,2691.7812232564165,-1133.7727503065523,-1133.7727503065523,-1133.7727503065523,0,0,0,0,0,0,0,0,0,0,0,0,0,0,0,0,0,0,-1570.748145083843,-1570.748145083843,-1570.748145083843,0,0,0,0,0,0,407.3400331993717,407.3400331993717,407.3400331993717,29.63536157791819,29.63536157791819,29.63536157791819,0,0,0,-259.33167263593856,3537.5348909670297,2685.9985616638933,2697.990233290997,1558.0084729498642
2026-12-08T00:00:00Z,2692.0207571877972,-454.23855035875647,-454.23855035875647,-454.23855035875647,0,0,0,0,0,0,0,0,0,0,0,0,0,0,0,0,0,0,-1276.7154656587127,-1276.7154656587127,-1276.7154656587127,0,0,0,0,0,0,751.8708176882537,751.8708176882537,751.8708176882537,70.60609761170225,70.60609761170225,70.60609761170225,0,0,0,355.6602735250665,4372.208083584669,2686.1904096943813,2698.2780954018976,2237.7822068290407
2026-12-09T00:00:00Z,2692.2602911191784,-348.43909471448757,-348.43909471448757,-348.43909471448757,0,0,0,0,0,0,0,0,0,0,0,0,0,0,0,0,0,0,-1251.5247842040274,-1251.5247842040274,-1251.5247842040274,0,0,0,0,0,0,785.6068199370959,785.6068199370959,785.6068199370959,117.47886955244388,117.47886955244388,117.47886955244388,0,0,0,322.75796715908024,4262.148824786994,2686.409043975656,2698.5659575127984,2343.821196404691
2026-12-10T00:00:00Z,2692.4998250505596,-375.3491023339019,-375.3491023339019,-375.3491023339019,0,0,0,0,0,0,0,0,0,0,0,0,0,0,0,0,0,0,-1357.090627062482,-1357.090627062482,-1357.090627062482,0,0,0,0,0,0,812.174065742446,812.174065742446,812.174065742446,169.567458986134,169.567458986134,169.567458986134,0,0,0,243.16509516839864,4276.0669967342155,2686.613704361101,2698.8538196236987,2317.1507227166576
2026-12-11T00:00:00Z,2692.7393589819403,-327.96242428826145,-327.96242428826145,-327.96242428826145,0,0,0,0,0,0,0,0,0,0,0,0,0,0,0,0,0,0,-1333.4593659947702,-1333.4593659947702,-1333.4593659947702,0,0,0,0,0,0,779.4799552315898,779.4799552315898,779.4799552315898,226.01698647491895,226.01698647491895,226.01698647491895,0,0,0,368.79855291986286,4380.292285311774,2686.8183647465457,2699.1413541311576,2364.776934693679
2026-12-12T00:00:00Z,2692.9788929133215,-2275.3093682992785,-2275.3093682992785,-2275.3093682992785,0,0,0,0,0,0,0,0,0,0,0,0,0,0,0,0,0,0,-1094.9867904681962,-1094.9867904681962,-1094.9867904681962,0,0,0,0,0,0,-1466.1415354204928,-1466.1415354204928,-1466.1415354204928,285.8189575894105,285.8189575894105,285.8189575894105,0,0,0,-1599.2217449678162,2438.306169735502,2687.023025131991,2699.426898577629,417.669524614043
2026-12-13T00:00:00Z,2693.218426844702,-2518.992392122259,-2518.992392122259,-2518.992392122259,0,0,0,0,0,0,0,0,0,0,0,0,0,0,0,0,0,0,-796.4929906588521,-796.4929906588521,-796.4929906588521,0,0,0,0,0,0,-2070.330156387734,-2070.330156387734,-2070.330156387734,347.83075492432755,347.83075492432755,347.83075492432755,0,0,0,-1785.1392857866088,2106.752065234732,2687.2055236131873,2699.719166409956,174.22603472244327
2026-12-14T00:00:00Z,2693.4579607760834,175.18026739051504,175.18026739051504,175.18026739051504,0,0,0,0,0,0,0,0,0,0,0,0,0,0,0,0,0,0,-642.9589407069573,-642.9589407069573,-642.9589407069573,0,0,0,0,0,0,407.3400332011039,407.3400332011039,407.3400332011039,410.7991748963684,410.7991748963684,410.7991748963684,0,0,0,760.6483975393729,4750.41238176285,2687.409367962794,2700.047296469198,2868.6382281665983
2026-12-15T00:00:00Z,2693.697494707464,557.455154045612,557.455154045612,557.455154045612,0,0,0,0,0,0,0,0,0,0,0,0,0,0,0,0,0,0,-667.8031559869706,-667.8031559869706,-667.8031559869706,0,0,0,0,0,0,751.8708176881886,751.8708176881886,751.8708176881886,473.38749234439405,473.38749234439405,473.38749234439405,0,0,0,1287.152050800646,5332.104307113228,2687.616489937688,2700.3274621118176,3251.152648753076
2026-12-16T00:00:00Z,2693.9370286388453,608.279586326077,608.279586326077,608.279586326077,0,0,0,0,0,0,0,0,0,0,0,0,0,0,0,0,0,0,-711.5326656105315,-711.5326656105315,-711.5326656105315,0,0,0,0,0,0,785.6068199368519,785.6068199368519,785.6068199368519,534.2054319997563,534.2054319997563,534.2054319997563,0,0,0,1355.158210329389,5273.332187965547,2687.828815107535,2700.6068883019298,3302.2166149649224
2026-12-17T00:00:00Z,2694.1765625702265,796.0903068237283,796.0903068237283,796.0903068237283,0,0,0,0,0,0,0,0,0,0,0,0,0,0,0,0,0,0,-607.9250956966083,-607.9250956966083,-607.9250956966083,0,0,0,0,0,0,812.1740657418279,812.1740657418279,812.1740657418279,591.8413367785085,591.8413367785085,591.8413367785085,0,0,0,1720.3729840278056,5188.114906395748,2688.041140277381,2700.88191502066,3490.266869393955
2026-12-18T00:00:00Z,2694.4160965016076,1055.901948337364,1055.901948337364,1055.901948337364,0,0,0,0,0,0,0,0,0,0,0,0,0,0,0,0,0,0,-368.4737580685211,-368.4737580685211,-368.4737580685211,0,0,0,0,0,0,779.4799552363835,779.4799552363835,779.4799552363835,644.8957511695014,644.8957511695014,644.8957511695014,0,0,0,1729.3558451012018,5654.40799825315,2688.2502723769344,2701.1569417393907,3750.3180448389717
2026-12-19T00:00:00Z,2694.6556304329883,-940.6221890160315,-940.6221890160315,-940.6221890160315,0,0,0,0,0,0,0,0,0,0,0,0,0,0,0,0,0,0,-166.49623954714477,-166.49623954714477,-166.49623954714477,0,0,0,0,0,0,-1466.141535421512,-1466.141535421512,-1466.141535421512,692.0155859526253,692.0155859526253,692.0155859526253,0,0,0,-140.7408879101842,3643.3094704536334,2688.4636035038347,2701.466533722025,1754.033441416957
2026-12-20T00:00:00Z,2694.8951643643695,-1479.1428394901643,-1479.1428394901643,-1479.1428394901643,0,0,0,0,0,0,0,0,0,0,0,0,0,0,0,0,0,0,-140.74068286450597,-140.74068286450597,-140.74068286450597,0,0,0,0,0,0,-2070.3301563871464,-2070.3301563871464,-2070.3301563871464,731.9279997614879,731.9279997614879,731.9279997614879,0,0,0,-809.3699098195106,3290.561168997016,2688.673381278304,2701.788612829062,1215.7523248742052
2026-12-21T00:00:00Z,2695.1346982957502,937.7611801674253,937.7611801674253,937.7611801674253,0,0,0,0,0,0,0,0,0,0,0,0,0,0,0,0,0,0,-233.05197774165188,-233.05197774165188,-233.05197774165188,0,0,0,0,0,0,407.3400332017882,407.3400332017882,407.3400332017882,763.4731247072889,763.4731247072889,763.4731247072889,0,0,0,1697.379638831759,5554.738373781641,2688.883159052774,2702.0455020724507,3632.8958784631754
2026-12-22T00:00:00Z,2695.3742322271314,1296.4407634080887,1296.4407634080887,1296.4407634080887,0,0,0,0,0,0,0,0,0,0,0,0,0,0,0,0,0,0,-241.06483224987886,-241.06483224987886,-241.06483224987886,0,0,0,0,0,0,751.8708176877082,751.8708176877082,751.8708176877082,785.6347779702593,785.6347779702593,785.6347779702593,0,0,0,2075.7264956447434,5990.809080504008,2689.092936827243,2702.3368044185127,3991.81499563522
2026-12-23T00:00:00Z,2695.613766158512,1545.9385558493236,1545.9385558493236,1545.9385558493236,0,0,0,0,0,0,0,0,0,0,0,0,0,0,0,0,0,0,-37.23660291089486,-37.23660291089486,-37.23660291089486,0,0,0,0,0,0,785.6068199372822,785.6068199372822,785.6068199372822,797.5683388229362,797.5683388229362,797.5683388229362,0,0,0,2203.221087279583,6193.659673498553,2689.2805424858298,2702.6323386639933,4241.552322007836
2026-12-24T00:00:00Z,2695.8533000898933,1892.5156945861079,1892.5156945861079,1892.5156945861079,0,0,0,0,0,0,0,0,0,0,0,0,0,0,0,0,0,0,281.7165985451733,281.7165985451733,281.7165985451733,0,0,0,0,0,0,812.1740657440541,812.1740657440541,812.1740657440541,798.6250302968799,798.6250302968799,798.6250302968799,0,0,0,2688.2919338568972,6533.054853188705,2689.4738711469845,2702.887478594178,4588.368994676001
2026-12-25T00:00:00Z,2696.092834021274,2061.1521134588093,2061.1521134588093,2061.1521134588093,0,0,0,0,0,0,0,0,0,0,0,0,0,0,0,0,0,0,493.3002329026041,493.3002329026041,493.3002329026041,0,0,0,0,0,0,779.4799552347948,779.4799552347948,779.4799552347948,788.3719253214098,788.3719253214098,788.3719253214098,0,0,0,2772.364314831023,6895.143947180252,2689.675916490515,2703.1677842257495,4757.244947480083
2026-12-26T00:00:00Z,2696.332367952655,-183.04552027870872,-183.04552027870872,-183.04552027870872,0,0,0,0,0,0,0,0,0,0,0,0,0,0,0,0,0,0,516.4889183693989,516.4889183693989,516.4889183693989,0,0,0,0,0,0,-1466.1415354225312,-1466.1415354225312,-1466.1415354225312,766.6070967744238,766.6070967744238,766.6070967744238,0,0,0,588.5132395772572,4463.477463256899,2689.877961834046,2703.479484494412,2513.2868476739463
2026-12-27T00:00:00Z,2696.571901884036,-767.9436865278934,-767.9436865278934,-767.9436865278934,0,0,0,0,0,0,0,0,0,0,0,0,0,0,0,0,0,0,569.0170228008764,569.0170228008764,569.0170228008764,0,0,0,0,0,0,-2070.3301563865575,-2070.3301563865575,-2070.3301563865575,733.3694470577876,733.3694470577876,733.3694470577876,0,0,0,-239.85525672018497,3800.8677236972153,2690.0803433091514,2703.7911847630744,1928.6282153561424
2026-12-28T00:00:00Z,2696.811435815417,2107.3228310943264,2107.3228310943264,2107.3228310943264,0,0,0,0,0,0,0,0,0,0,0,0,0,0,0,0,0,0,1011.0399152088215,1011.0399152088215,1011.0399152088215,0,0,0,0,0,0,407.3400332024723,407.3400332024723,407.3400332024723,688.9428826830328,688.9428826830328,688.9428826830328,0,0,0,2941.1759215130464,6679.4152861830935,2690.285816403325,2704.102885031737,4804.134266909743
2026-12-29T00:00:00Z,2697.0509697467983,3357.8423219309807,3357.8423219309807,3357.8423219309807,0,0,0,0,0,0,0,0,0,0,0,0,0,0,0,0,0,0,1972.116864621356,1972.116864621356,1972.116864621356,0,0,0,0,0,0,751.870817688885,751.870817688885,751.870817688885,633.8546396207402,633.8546396207402,633.8546396207402,0,0,0,4075.6556475551406,8032.640736380108,2690.4830450625727,2704.405603599779,6054.893291677779
2026-12-30T00:00:00Z,2697.2905036781794,4455.693157929208,4455.693157929208,4455.693157929208,0,0,0,0,0,0,0,0,0,0,0,0,0,0,0,0,0,0,3101.218625752791,3101.218625752791,3101.218625752791,0,0,0,0,0,0,785.6068199375355,785.6068199375355,785.6068199375355,568.8677122388815,568.8677122388815,568.8677122388815,0,0,0,5131.730526094016,8908.307179371584,2690.6766118153123,2704.7030303181746,7152.983661607387
2026-12-31T00:00:00Z,2697.5300376095606,5021.4494880560915,5021.4494880560915,5021.4494880560915,0,0,0,0,0,0,0,0,0,0,0,0,0,0,0,0,0,0,3714.3079335788025,3714.3079335788025,3714.3079335788025,0,0,0,0,0,0,812.1740657434359,812.1740657434359,812.1740657434359,494.96748873385104,494.96748873385104,494.96748873385104,0,0,0,5771.649968238341,9593.173049908177,2690.8773834940594,2704.9909836515412,7718.9795256656525
2027-01-01T00:00:00Z,2697.7695715409413,4466.827212828313,4466.827212828313,4466.827212828313,0,0,0,0,0,0,0,0,0,0,0,0,0,0,0,0,0,0,3274.0044125031222,3274.0044125031222,3274.0044125031222,0,0,0,0,0,0,779.4799552350946,779.4799552350946,779.4799552350946,413.3428450900957,413.3428450900957,413.3428450900957,0,0,0,5197.028195843332,9107.464631967516,2691.091250181715,2705.2540103557044,7164.596784369254
2027-01-02T00:00:00Z,2698.009105472322,681.7976062550737,681.7976062550737,681.7976062550737,0,0,0,0,0,0,0,0,0,0,0,0,0,0,0,0,0,0,1822.5770478152747,1822.5770478152747,1822.5770478152747,0,0,0,0,0,0,-1466.1415354235507,-1466.1415354235507,-1466.1415354235507,325.3620938633498,325.3620938633498,325.3620938633498,0,0,0,1486.8736893678808,5375.777893125378,2691.304927816283,2705.517037059868,3379.806711727396
2027-01-03T00:00:00Z,2698.2486394037032,-1839.6566402786843,-1839.6566402786843,-1839.6566402786843,0,0,0,0,0,0,0,0,0,0,0,0,0,0,0,0,0,0,-1.8708035122808255,-1.8708035122808255,-1.8708035122808255,0,0,0,0,0,0,-2070.3301563896366,-2070.3301563896366,-2070.3301563896366,232.5443196232327,232.5443196232327,232.5443196232327,0,0,0,-1018.627781480413,2780.764267235471,2691.5016611776805,2705.780063764031,858.5919991250189
2027-01-04T00:00:00Z,2698.4881733350844,-853.0627410741313,-853.0627410741313,-853.0627410741313,0,0,0,0,0,0,0,0,0,0,0,0,0,0,0,0,0,0,-1396.9295303309602,-1396.9295303309602,-1396.9295303309602,0,0,0,0,0,0,407.34003320525227,407.34003320525227,407.34003320525227,136.52675605157657,136.52675605157657,136.52675605157657,0,0,0,4.397918606464992,3948.6121819156215,2691.6998210635293,2706.0430904681944,1845.4254322609531
2027-01-05T00:00:00Z,2698.727707266465,-1140.4121584966665,-1140.4121584966665,-1140.4121584966665,0,0,0,0,0,0,0,0,0,0,0,0,0,0,0,0,0,0,-1931.3119433293332,-1931.3119433293332,-1931.3119433293332,0,0,0,0,0,0,751.8708176886123,751.8708176886123,751.8708176886123,39.02896714405431,39.02896714405431,39.02896714405431,0,0,0,-373.38930273553626,3445.486072252915,2691.907663422357,2706.3061171723575,1558.3155487697986
2027-01-06T00:00:00Z,2698.9672411978463,-1034.683096617046,-1034.683096617046,-1034.683096617046,0,0,0,0,0,0,0,0,0,0,0,0,0,0,0,0,0,0,-1762.1046002786788,-1762.1046002786788,-1762.1046002786788,0,0,0,0,0,0,785.6068199372918,785.6068199372918,785.6068199372918,-58.18531627565872,-58.18531627565872,-58.18531627565872,0,0,0,-232.18748196092872,3774.0096790745456,2692.1156081768318,2706.5921274342063,1664.2841445808003
2027-01-07T00:00:00Z,2699.206775129227,-735.9725678326819,-735.9725678326819,-735.9725678326819,0,0,0,0,0,0,0,0,0,0,0,0,0,0,0,0,0,0,-1394.7988476532491,-1394.7988476532491,-1394.7988476532491,0,0,0,0,0,0,812.1740657442399,812.1740657442399,812.1740657442399,-153.3477859236729,-153.3477859236729,-153.3477859236729,0,0,0,-20.676784891763276,3875.4866182673363,2692.291724164111,2706.944632067451,1963.2342072965453
2027-01-08T00:00:00Z,2699.446309060608,-697.5519097084874,-697.5519097084874,-697.5519097084874,0,0,0,0,0,0,0,0,0,0,0,0,0,0,0,0,0,0,-1232.3062569434212,-1232.3062569434212,-1232.3062569434212,0,0,0,0,0,0,779.4799552316175,779.4799552316175,779.4799552316175,-244.72560799668352,-244.72560799668352,-244.72560799668352,0,0,0,36.625009833922284,3907.618879072016,2692.4864484060517,2707.320253110332,2001.8943993521207
2027-01-09T00:00:00Z,2699.6858429919894,-3102.2409850645395,-3102.2409850645395,-3102.2409850645395,0,0,0,0,0,0,0,0,0,0,0,0,0,0,0,0,0,0,-1305.4384952851892,-1305.4384952851892,-1305.4384952851892,0,0,0,0,0,0,-1466.141535418454,-1466.141535418454,-1466.141535418454,-330.6609543608964,-330.6609543608964,-330.6609543608964,0,0,0,-2334.61037022136,1492.729019450539,2692.6846682185787,2707.6057027681886,-402.5551420725501
2027-01-10T00:00:00Z,2699.9253769233705,-3853.1142520294325,-3853.1142520294325,-3853.1142520294325,0,0,0,0,0,0,0,0,0,0,0,0,0,0,0,0,0,0,-1373.175060873131,-1373.175060873131,-1373.175060873131,0,0,0,0,0,0,-2070.3301563907285,-2070.3301563907285,-2070.3301563907285,-409.6090347655726,-409.6090347655726,-409.6090347655726,0,0,0,-3124.813070985206,704.6134787890393,2692.8828880311053,2707.8655580305935,-1153.188875106062
2027-01-11T00:00:00Z,2700.1649108547513,-1308.5164405514013,-1308.5164405514013,-1308.5164405514013,0,0,0,0,0,0,0,0,0,0,0,0,0,0,0,0,0,0,-1235.6827915495865,-1235.6827915495865,-1235.6827915495865,0,0,0,0,0,0,407.34003320593655,407.34003320593655,407.34003320593655,-480.17368220775126,-480.17368220775126,-480.17368220775126,0,0,0,-424.1067868885073,3349.3638734852866,2693.0837341257657,2708.124844699798,1391.64847030335
2027-01-12T00:00:00Z,2700.4044447861324,-727.7081499758327,-727.7081499758327,-727.7081499758327,0,0,0,0,0,0,0,0,0,0,0,0,0,0,0,0,0,0,-938.4393691912198,-938.4393691912198,-938.4393691912198,0,0,0,0,0,0,751.8708176883396,751.8708176883396,751.8708176883396,-541.1395984729527,-541.1395984729527,-541.1395984729527,0,0,0,93.81750963346586,4048.139065599831,2693.291921336032,2708.3841313690023,1972.6962948102996
2027-01-13T00:00:00Z,2700.643978717513,-499.83663286937855,-499.83663286937855,-499.83663286937855,0,0,0,0,0,0,0,0,0,0,0,0,0,0,0,0,0,0,-693.9430076985583,-693.9430076985583,-693.9430076985583,0,0,0,0,0,0,785.6068199370483,785.6068199370483,785.6068199370483,-591.5004451078686,-591.5004451078686,-591.5004451078686,0,0,0,314.7951064659395,4154.33715065375,2693.5152136941715,2708.6434180382066,2200.8073458481344
2027-01-14T00:00:00Z,2700.8835126488943,-458.3774562731427,-458.3774562731427,-458.3774562731427,0,0,0,0,0,0,0,0,0,0,0,0,0,0,0,0,0,0,-640.0694573009529,-640.0694573009529,-640.0694573009529,0,0,0,0,0,0,812.1740657409766,812.1740657409766,812.1740657409766,-630.4820647131663,-630.4820647131663,-630.4820647131663,0,0,0,394.90932049408104,4252.203371170383,2693.7500043494356,2708.930413966874,2242.5060563757515
2027-01-15T00:00:00Z,2701.123046580275,-578.4355870512613,-578.4355870512613,-578.4355870512613,0,0,0,0,0,0,0,0,0,0,0,0,0,0,0,0,0,0,-700.3553062707022,-700.3553062707022,-700.3553062707022,0,0,0,0,0,0,779.479955231917,779.479955231917,779.479955231917,-657.560236012476,-657.560236012476,-657.560236012476,0,0,0,183.91195953762622,3936.4147624481297,2693.9301037110763,2709.278373007861,2122.6874595290137
2027-01-16T00:00:00Z,2701.3625805116562,-2821.2396882225084,-2821.2396882225084,-2821.2396882225084,0,0,0,0,0,0,0,0,0,0,0,0,0,0,0,0,0,0,-682.6256521210482,-682.6256521210482,-682.6256521210482,0,0,0,0,0,0,-1466.1415354194728,-1466.1415354194728,-1466.1415354194728,-672.4725006819871,-672.4725006819871,-672.4725006819871,0,0,0,-2112.5053074830294,1707.54331608313,2694.113830141749,2709.5507379643923,-119.87710771085221
2027-01-17T00:00:00Z,2701.602114443037,-3241.863473049634,-3241.863473049634,-3241.863473049634,0,0,0,0,0,0,0,0,0,0,0,0,0,0,0,0,0,0,-496.3095696887595,-496.3095696887595,-496.3095696887595,0,0,0,0,0,0,-2070.330156388459,-2070.330156388459,-2070.330156388459,-675.2237469724156,-675.2237469724156,-675.2237469724156,0,0,0,-2353.902970550866,1510.2589511790761,2694.3096158796216,2709.8176370239626,-540.2613586065972
2027-01-18T00:00:00Z,2701.841648374418,-509.3707839939626,-509.3707839939626,-509.3707839939626,0,0,0,0,0,0,0,0,0,0,0,0,0,0,0,0,0,0,-250.6254262241886,-250.6254262241886,-250.6254262241886,0,0,0,0,0,0,407.3400332076686,407.3400332076686,407.3400332076686,-666.0853909774424,-666.0853909774424,-666.0853909774424,0,0,0,46.37952436988974,4110.340105734274,2694.4739196624478,2710.0823599390033,2192.4708643804556
2027-01-19T00:00:00Z,2702.081182305799,-23.72231290847754,-23.72231290847754,-23.72231290847754,0,0,0,0,0,0,0,0,0,0,0,0,0,0,0,0,0,0,-130.0049736339911,-130.0049736339911,-130.0049736339911,0,0,0,0,0,0,751.870817688067,751.870817688067,751.870817688067,-645.5881569625532,-645.5881569625532,-645.5881569625532,0,0,0,804.520870209832,4673.0329489477645,2694.656745253219,2710.3567058404983,2678.358869397321
2027-01-20T00:00:00Z,2702.32071623718,-12.543677666297059,-12.543677666297059,-12.543677666297059,0,0,0,0,0,0,0,0,0,0,0,0,0,0,0,0,0,0,-183.64187826972534,-183.64187826972534,-183.64187826972534,0,0,0,0,0,0,785.6068199374788,785.6068199374788,785.6068199374788,-614.5086193340505,-614.5086193340505,-614.5086193340505,0,0,0,712.0567407485225,4523.841195094823,2694.8520790596112,2710.629362217882,2689.777038570883
2027-01-21T00:00:00Z,2702.5602501685617,-21.73779345568905,-21.73779345568905,-21.73779345568905,0,0,0,0,0,0,0,0,0,0,0,0,0,0,0,0,0,0,-260.0620328051855,-260.0620328051855,-260.0620328051855,0,0,0,0,0,0,812.1740657432028,812.1740657432028,812.1740657432028,-573.8498263937062,-573.8498263937062,-573.8498263937062,0,0,0,595.4124009819086,4605.698173083443,2695.047412866004,2710.902018595265,2680.8224567128727
2027-01-22T00:00:00Z,2702.7997840999424,89.63986161921824,89.63986161921824,89.63986161921824,0,0,0,0,0,0,0,0,0,0,0,0,0,0,0,0,0,0,-165.02361771537826,-165.02361771537826,-165.02361771537826,0,0,0,0,0,0,779.4799552322166,779.4799552322166,779.4799552322166,-524.8164758976203,-524.8164758976203,-524.8164758976203,0,0,0,852.9803425139891,4667.4802197238805,2695.2427466723966,2711.1746749726476,2792.4396457191606
2027-01-23T00:00:00Z,2703.039318031323,-1813.2249278407774,-1813.2249278407774,-1813.2249278407774,0,0,0,0,0,0,0,0,0,0,0,0,0,0,0,0,0,0,121.70185827845141,121.70185827845141,121.70185827845141,0,0,0,0,0,0,-1466.141535420492,-1466.141535420492,-1466.141535420492,-468.7852506987365,-468.7852506987365,-468.7852506987365,0,0,0,-1025.4285440192482,2742.4964485356,2695.438080478789,2711.4519157452637,889.8143901905457
2027-01-24T00:00:00Z,2703.2788519627043,-2065.1633532842734,-2065.1633532842734,-2065.1633532842734,0,0,0,0,0,0,0,0,0,0,0,0,0,0,0,0,0,0,412.43784887821187,412.43784887821187,412.43784887821187,0,0,0,0,0,0,-2070.330156387871,-2070.330156387871,-2070.330156387871,-407.2710457746145,-407.2710457746145,-407.2710457746145,0,0,0,-1234.118221651,2482.9071021313357,2695.622687573397,2711.7397873077593,638.1154986784309
2027-01-25T00:00:00Z,2703.5183858940854,587.1231276187835,587.1231276187835,587.1231276187835,0,0,0,0,0,0,0,0,0,0,0,0,0,0,0,0,0,0,521.6730169264636,521.6730169264636,521.6730169264636,0,0,0,0,0,0,407.34003320117506,407.34003320117506,407.34003320117506,-341.889922508855,-341.889922508855,-341.889922508855,0,0,0,1375.946460618911,5390.228470452161,2695.801998217027,2712.0651419285728,3290.641513512869
2027-01-26T00:00:00Z,2703.757919825466,993.4517148270503,993.4517148270503,993.4517148270503,0,0,0,0,0,0,0,0,0,0,0,0,0,0,0,0,0,0,515.9006065731086,515.9006065731086,515.9006065731086,0,0,0,0,0,0,751.8708176892436,751.8708176892436,751.8708176892436,-274.3197094353017,-274.3197094353017,-274.3197094353017,0,0,0,1867.8055983659888,5671.163534994344,2695.981308860657,2712.4200968063487,3697.2096346525163
2027-01-27T00:00:00Z,2703.9974537568473,1302.7198704444918,1302.7198704444918,1302.7198704444918,0,0,0,0,0,0,0,0,0,0,0,0,0,0,0,0,0,0,723.3722790913091,723.3722790913091,723.3722790913091,0,0,0,0,0,0,785.606819936561,785.606819936561,785.606819936561,-206.25922858337807,-206.25922858337807,-206.25922858337807,0,0,0,2075.629474610451,5874.347966176884,2696.1606195042864,2712.7470705083206,4006.717324201339
2027-01-28T00:00:00Z,2704.236987688228,2109.6669351159762,2109.6669351159762,2109.6669351159762,0,0,0,0,0,0,0,0,0,0,0,0,0,0,0,0,0,0,1436.8800308666987,1436.8800308666987,1436.8800308666987,0,0,0,0,0,0,812.1740657425846,812.1740657425846,812.1740657425846,-139.38716149330756,-139.38716149330756,-139.38716149330756,0,0,0,2842.7926372125658,6923.894039924671,2696.341008521007,2713.0269030335194,4813.903922804204
2027-01-29T00:00:00Z,2704.4765216196092,3259.484950755018,3259.484950755018,3259.484950755018,0,0,0,0,0,0,0,0,0,0,0,0,0,0,0,0,0,0,2555.326573470585,2555.326573470585,2555.326573470585,0,0,0,0,0,0,779.4799552287393,779.4799552287393,779.4799552287393,-75.32157794430626,-75.32157794430626,-75.32157794430626,0,0,0,4097.502187237127,8018.033264734637,2696.5219547454494,2713.3042873133372,5963.961472374627
2027-01-30T00:00:00Z,2704.71605555099,2034.0002897038326,2034.0002897038326,2034.0002897038326,0,0,0,0,0,0,0,0,0,0,0,0,0,0,0,0,0,0,3515.7229583581793,3515.7229583581793,3515.7229583581793,0,0,0,0,0,0,-1466.1415354134142,-1466.1415354134142,-1466.1415354134142,-15.581133240932546,-15.581133240932546,-15.581133240932546,0,0,0,2764.2438724914214,6714.162555310537,2696.7029009698913,2713.581671593155,4738.716345254823
2027-01-31T00:00:00Z,2704.955589482371,1607.6719873149957,1607.6719873149957,1607.6719873149957,0,0,0,0,0,0,0,0,0,0,0,0,0,0,0,0,0,0,3639.5510406304707,3639.5510406304707,3639.5510406304707,0,0,0,0,0,0,-2070.3301563872824,-2070.3301563872824,-2070.3301563872824,38.45110307180827,38.45110307180827,38.45110307180827,0,0,0,2462.4600096655145,6311.80429296312,2696.9070951963113,2713.8590558729725,4312.627576797367
2027-02-01T00:00:00Z,2705.1951234137523,3138.256978037734,3138.256978037734,3138.256978037734,0,0,0,0,0,0,0,0,0,0,0,0,0,0,0,0,0,0,2645.3566530214657,2645.3566530214657,2645.3566530214657,0,0,0,0,0,0,407.34003320290714,407.34003320290714,407.34003320290714,85.56029181336179,85.56029181336179,85.56029181336179,0,0,0,3839.209340508015,7782.058929929487,2697.1368617862668,2714.136440152791,5843.452101451487
2027-02-02T00:00:00Z,2705.4346573451335,1780.3430175349984,1780.3430175349984,1780.3430175349984,0,0,0,0,0,0,0,0,0,0,0,0,0,0,0,0,0,0,903.7440624944912,903.7440624944912,903.7440624944912,0,0,0,0,0,0,751.8708176891785,751.8708176891785,751.8708176891785,124.7281373513289,124.7281373513289,124.7281373513289,0,0,0,2359.5094897589615,6548.166441011755,2697.3675222151383,2714.4138244326086,4485.777674880132
2027-02-03T00:00:00Z,2705.674191276514,147.14802797872204,147.14802797872204,147.14802797872204,0,0,0,0,0,0,0,0,0,0,0,0,0,0,0,0,0,0,-793.614967637425,-793.614967637425,-793.614967637425,0,0,0,0,0,0,785.6068199369915,785.6068199369915,785.6068199369915,155.15617567915584,155.15617567915584,155.15617567915584,0,0,0,955.0358827144479,4839.728700838292,2697.5634250847247,2714.691208712426,2852.822219255236
2027-02-04T00:00:00Z,2705.9137252078954,-786.3915069757559,-786.3915069757559,-786.3915069757559,0,0,0,0,0,0,0,0,0,0,0,0,0,0,0,0,0,0,-1774.849045107075,-1774.849045107075,-1774.849045107075,0,0,0,0,0,0,812.1740657433886,812.1740657433886,812.1740657433886,176.28347238793035,176.28347238793035,176.28347238793035,0,0,0,-154.17609850710065,3988.8196289755856,2697.7432213417633,2714.982846613303,1919.5222182321395
2027-02-05T00:00:00Z,2706.153259139276,-938.6914830021382,-938.6914830021382,-938.6914830021382,0,0,0,0,0,0,0,0,0,0,0,0,0,0,0,0,0,0,-1905.9697467538033,-1905.9697467538033,-1905.9697467538033,0,0,0,0,0,0,779.4799552354216,779.4799552354216,779.4799552354216,187.79830851624354,187.79830851624354,187.79830851624354,0,0,0,-119.9828475141745,3931.99011623175,2697.923017598802,2715.2901264470192,1767.4617761371378
2027-02-06T00:00:00Z,2706.3927930706573,-5351.297406458493,-5351.297406458493,-5351.297406458493,0,0,0,-2504.051311748948,-2504.051311748948,-2504.051311748948,-2504.051311748948,-2504.051311748948,-2504.051311748948,0,0,0,0,0,0,0,0,0,-1570.7481450837622,-1570.7481450837622,-1570.7481450837622,0,0,0,0,0,0,-1466.1415354164146,-1466.1415354164146,-1466.1415354164146,189.64358579063207,189.64358579063207,189.64358579063207,0,0,0,-4629.501408564883,-790.9451346375538,2698.1028138558395,2715.597406280735,-2644.904613387836
2027-02-07T00:00:00Z,2706.632327002038,-5669.0810909362235,-5669.0810909362235,-5669.0810909362235,0,0,0,-2504.051311748948,-2504.051311748948,-2504.051311748948,-2504.051311748948,-2504.051311748948,-2504.051311748948,0,0,0,0,0,0,0,0,0,-1276.7154656595612,-1276.7154656595612,-1276.7154656595612,0,0,0,0,0,0,-2070.3301563866944,-2070.3301563866944,-2070.3301563866944,182.01584285898005,182.01584285898005,182.01584285898005,0,0,0,-4749.815663676592,-1048.6078105152558,2698.283829066323,2715.895796031693,-2962.4487639341855
2027-02-08T00:00:00Z,2706.871860933419,-3182.878126151955,-3182.878126151955,-3182.878126151955,0,0,0,-2504.051311748948,-2504.051311748948,-2504.051311748948,-2504.051311748948,-2504.051311748948,-2504.051311748948,0,0,0,0,0,0,0,0,0,-1251.5247842026913,-1251.5247842026913,-1251.5247842026913,0,0,0,0,0,0,407.34003320359136,407.34003320359136,407.34003320359136,165.35793659609305,165.35793659609305,165.35793659609305,0,0,0,-2481.2829642164156,1605.5032613848398,2698.476259781882,2716.1738904177373,-476.00626521853565
2027-02-09T00:00:00Z,2707.1113948648,-464.8742061730266,-464.8742061730266,-464.8742061730266,0,0,0,0,0,0,0,0,0,0,0,0,0,0,0,0,0,0,-1357.090627061872,-1357.090627061872,-1357.090627061872,0,0,0,0,0,0,751.8708176886981,751.8708176886981,751.8708176886981,140.3456032001476,140.3456032001476,140.3456032001476,0,0,0,274.8368594995281,4072.4647938520498,2698.6905416874233,2716.443084068353,2242.237188691773
2027-02-10T00:00:00Z,2707.350928796181,-439.98427761896903,-439.98427761896903,-439.98427761896903,0,0,0,0,0,0,0,0,0,0,0,0,0,0,0,0,0,0,-1333.4593659941906,-1333.4593659941906,-1333.4593659941906,0,0,0,0,0,0,785.6068199372443,785.6068199372443,785.6068199372443,107.86826843797647,107.86826843797647,107.86826843797647,0,0,0,404.63032847377775,4150.0226251754775,2698.915009699745,2716.7122777189693,2267.366651177212
2027-02-11T00:00:00Z,2707.590462727562,-213.80810368839755,-213.80810368839755,-213.80810368839755,0,0,0,0,0,0,0,0,0,0,0,0,0,0,0,0,0,0,-1094.9867904679456,-1094.9867904679456,-1094.9867904679456,0,0,0,0,0,0,812.1740657441927,812.1740657441927,812.1740657441927,69.00462103535575,69.00462103535575,69.00462103535575,0,0,0,467.8426577539424,4480.088633182958,2699.0955768584845,2716.9814713695855,2493.7823590391645
2027-02-12T00:00:00Z,2707.829996658943,7.980558687898209,7.980558687898209,7.980558687898209,0,0,0,0,0,0,0,0,0,0,0,0,0,0,0,0,0,0,-796.4929906600884,-796.4929906600884,-796.4929906600884,0,0,0,0,0,0,779.4799552338328,779.4799552338328,779.4799552338328,24.993594114153726,24.993594114153726,24.993594114153726,0,0,0,815.280858926805,4562.824334401783,2699.2551278685423,2717.2506650202013,2715.8105553468413
2027-02-13T00:00:00Z,2708.0695305903246,-2131.8989627255864,-2131.8989627255864,-2131.8989627255864,0,0,0,0,0,0,0,0,0,0,0,0,0,0,0,0,0,0,-642.9589407052823,-642.9589407052823,-642.9589407052823,0,0,0,0,0,0,-1466.14153542355,-1466.14153542355,-1466.14153542355,-22.79848659675376,-22.79848659675376,-22.79848659675376,0,0,0,-1310.708686526648,2568.6719418585913,2699.4156396247104,2717.5198586708175,576.1705678647381
2027-02-14T00:00:00Z,2708.3090645217053,-2811.047047581207,-2811.047047581207,-2811.047047581207,0,0,0,0,0,0,0,0,0,0,0,0,0,0,0,0,0,0,-667.8031559839055,-667.8031559839055,-667.8031559839055,0,0,0,0,0,0,-2070.3301563844257,-2070.3301563844257,-2070.3301563844257,-72.91373521287677,-72.91373521287677,-72.91373521287677,0,0,0,-2189.2870458055245,1830.9851535547996,2699.575940836091,2717.7890523214337,-102.73798305950186
2027-02-15T00:00:00Z,2708.5485984530865,-428.0332271629098,-428.0332271629098,-428.0332271629098,0,0,0,0,0,0,0,0,0,0,0,0,0,0,0,0,0,0,-711.5326656108073,-711.5326656108073,-711.5326656108073,0,0,0,0,0,0,407.34003319814576,407.34003319814576,407.34003319814576,-123.84059475024826,-123.84059475024826,-123.84059475024826,0,0,0,226.19609396764372,4155.816104653076,2699.73845416083,2718.05824597205,2280.5153712901765
2027-02-16T00:00:00Z,2708.788132384467,-30.10708936189841,-30.10708936189841,-30.10708936189841,0,0,0,0,0,0,0,0,0,0,0,0,0,0,0,0,0,0,-607.9250956972123,-607.9250956972123,-607.9250956972123,0,0,0,0,0,0,751.8708176886328,751.8708176886328,751.8708176886328,-174.05281135331887,-174.05281135331887,-174.05281135331887,0,0,0,751.1000297079826,4590.387227914188,2699.9018321881194,2718.3308700767125,2678.6810430225687
2027-02-17T00:00:00Z,2709.0276663158484,195.08456174226757,195.08456174226757,195.08456174226757,0,0,0,0,0,0,0,0,0,0,0,0,0,0,0,0,0,0,-368.47375806959144,-368.47375806959144,-368.47375806959144,0,0,0,0,0,0,785.606819937001,785.606819937001,785.606819937001,-222.0485001251419,-222.0485001251419,-222.0485001251419,0,0,0,882.4911665369216,4800.40708400284,2700.0655160862707,2718.6446852178506,2904.1122280581158
2027-02-18T00:00:00Z,2709.267200247229,379.2895136343312,379.2895136343312,379.2895136343312,0,0,0,0,0,0,0,0,0,0,0,0,0,0,0,0,0,0,-166.496239545958,-166.496239545958,-166.496239545958,0,0,0,0,0,0,812.1740657423516,812.1740657423516,812.1740657423516,-266.3883125620624,-266.3883125620624,-266.3883125620624,0,0,0,1015.3923613240837,4921.286480077687,2700.24184162388,2718.9717486903282,3088.5567138815604
2027-02-19T00:00:00Z,2709.5067341786103,333.00752772073093,333.00752772073093,333.00752772073093,0,0,0,0,0,0,0,0,0,0,0,0,0,0,0,0,0,0,-140.7406828637377,-140.7406828637377,-140.7406828637377,0,0,0,0,0,0,779.4799552341326,779.4799552341326,779.4799552341326,-305.7317446496639,-305.7317446496639,-305.7317446496639,0,0,0,1097.7717660447292,4982.385048357042,2700.4311949671237,2719.29101168855,3042.5142618993414
2027-02-20T00:00:00Z,2709.746268109991,-2038.064191487913,-2038.064191487913,-2038.064191487913,0,0,0,0,0,0,0,0,0,0,0,0,0,0,0,0,0,0,-233.05197774212326,-233.05197774212326,-233.05197774212326,0,0,0,0,0,0,-1466.141535418453,-1466.141535418453,-1466.141535418453,-338.8706783273365,-338.8706783273365,-338.8706783273365,0,0,0,-1234.1776669681299,2581.6745056592845,2700.637571030853,2719.593960072842,671.6820766220781
2027-02-21T00:00:00Z,2709.985802041372,-2676.154314401157,-2676.154314401157,-2676.154314401157,0,0,0,0,0,0,0,0,0,0,0,0,0,0,0,0,0,0,-241.06483225118924,-241.06483225118924,-241.06483225118924,0,0,0,0,0,0,-2070.330156389184,-2070.330156389184,-2070.330156389184,-364.75932576078395,-364.75932576078395,-364.75932576078395,0,0,0,-1975.5912317863115,2061.2793720923464,2700.843947094581,2719.8841799496417,33.83148764021507
2027-02-22T00:00:00Z,2710.225335972753,-12.43641322274369,-12.43641322274369,-12.43641322274369,0,0,0,0,0,0,0,0,0,0,0,0,0,0,0,0,0,0,-37.23660291063277,-37.23660291063277,-37.23660291063277,0,0,0,0,0,0,407.34003320705557,407.34003320705557,407.34003320705557,-382.53984351916654,-382.53984351916654,-382.53984351916654,0,0,0,735.9894277665778,4529.144638263989,2701.0456187122527,2720.1580031351773,2697.788922750009
2027-02-23T00:00:00Z,2710.464869904134,642.0244165287429,642.0244165287429,642.0244165287429,0,0,0,0,0,0,0,0,0,0,0,0,0,0,0,0,0,0,281.7165985425777,281.7165985425777,281.7165985425777,0,0,0,0,0,0,751.87081768836,751.87081768836,751.87081768836,-391.5629997021948,-391.5629997021948,-391.5629997021948,0,0,0,1357.9717501262135,5290.98557878074,2701.217108639158,2720.460627153961,3352.4892864328767
2027-02-24T00:00:00Z,2710.704403835515,887.5036446989172,887.5036446989172,887.5036446989172,0,0,0,0,0,0,0,0,0,0,0,0,0,0,0,0,0,0,493.3002329019037,493.3002329019037,493.3002329019037,0,0,0,0,0,0,785.6068199367571,785.6068199367571,785.6068199367571,-391.4034081397438,-391.4034081397438,-391.4034081397438,0,0,0,1662.368933748518,5623.874820838111,2701.3885985660627,2720.732073071295,3598.2080485344322
2027-02-25T00:00:00Z,2710.9439377668964,946.7939976173622,946.7939976173622,946.7939976173622,0,0,0,0,0,0,0,0,0,0,0,0,0,0,0,0,0,0,516.4889183690932,516.4889183690932,516.4889183690932,0,0,0,0,0,0,812.1740657443785,812.1740657443785,812.1740657443785,-381.86898649610947,-381.86898649610947,-381.86898649610947,0,0,0,1762.3858369023994,5704.797412626853,2701.5961000471243,2721.0407338416417,3657.7379353842584
2027-02-26T00:00:00Z,2711.183471698277,985.4925323941695,985.4925323941695,985.4925323941695,0,0,0,0,0,0,0,0,0,0,0,0,0,0,0,0,0,0,569.0170228018552,569.0170228018552,569.0170228018552,0,0,0,0,0,0,779.4799552370378,779.4799552370378,779.4799552370378,-363.00444564472343,-363.00444564472343,-363.00444564472343,0,0,0,1780.964805376664,5753.379700685222,2701.824472177317,2721.349394611989,3696.6760040924464
2027-02-27T00:00:00Z,2711.4230056296583,-790.1903922715112,-790.1903922715112,-790.1903922715112,0,0,0,0,0,0,0,0,0,0,0,0,0,0,0,0,0,0,1011.039915210187,1011.039915210187,1011.039915210187,0,0,0,0,0,0,-1466.1415354214532,-1466.1415354214532,-1466.1415354214532,-335.08877206024505,-335.08877206024505,-335.08877206024505,0,0,0,-73.2961970002742,3702.87907163316,2702.045891391024,2721.6608977609044,1921.232613358147
2027-02-28T00:00:00Z,2711.662539561039,-396.8401109087506,-396.8401109087506,-396.8401109087506,0,0,0,0,0,0,0,0,0,0,0,0,0,0,0,0,0,0,1972.116864622614,1972.116864622614,1972.116864622614,0,0,0,0,0,0,-2070.330156388596,-2070.330156388596,-2070.330156388596,-298.6268191427678,-298.6268191427678,-298.6268191427678,0,0,0,359.6565533591346,4407.382674246937,2702.2118781878407,2721.9650680201503,2314.822428652288
2027-03-01T00:00:00Z,2711.90207349242,3254.223385628057,3254.223385628057,3254.223385628057,0,0,0,0,0,0,0,0,0,0,0,0,0,0,0,0,0,0,3101.218625752581,3101.218625752581,3101.218625752581,0,0,0,0,0,0,407.34003320056195,407.34003320056195,407.34003320056195,-254.33527332508652,-254.33527332508652,-254.33527332508652,0,0,0,4039.2004785298195,8041.858417930185,2702.4026484018846,2722.2455637901844,5966.125459120477
2027-03-02T00:00:00Z,2712.141607423801,4263.055348640699,4263.055348640699,4263.055348640699,0,0,0,0,0,0,0,0,0,0,0,0,0,0,0,0,0,0,3714.307933578353,3714.307933578353,3714.307933578353,0,0,0,0,0,0,751.8708176880872,751.8708176880872,751.8708176880872,-203.1234026257416,-203.1234026257416,-203.1234026257416,0,0,0,4956.024626784112,8802.122973739577,2702.607458022589,2722.53130137358,6975.196956064499
2027-03-03T00:00:00Z,2712.381141355182,3913.542107070389,3913.542107070389,3913.542107070389,0,0,0,0,0,0,0,0,0,0,0,0,0,0,0,0,0,0,3274.0044125019886,3274.0044125019886,3274.0044125019886,0,0,0,0,0,0,785.6068199371875,785.6068199371875,785.6068199371875,-146.06912536878662,-146.06912536878662,-146.06912536878662,0,0,0,4843.0087698496145,8621.128660650082,2702.814654856451,2722.8733574592957,6625.923248425572
2027-03-04T00:00:00Z,2712.620675286563,2550.360061780779,2550.360061780779,2550.360061780779,0,0,0,0,0,0,0,0,0,0,0,0,0,0,0,0,0,0,1822.5770478164925,1822.5770478164925,1822.5770478164925,0,0,0,0,0,0,812.1740657439595,812.1740657439595,812.1740657439595,-84.39105177967294,-84.39105177967294,-84.39105177967294,0,0,0,3264.821316314128,7123.650306933639,2703.0218516903124,2723.191894947723,5262.980737067342
2027-03-05T00:00:00Z,2712.860209217944,758.1919035016258,758.1919035016258,758.1919035016258,0,0,0,0,0,0,0,0,0,0,0,0,0,0,0,0,0,0,-1.8708035144822113,-1.8708035144822113,-1.8708035144822113,0,0,0,0,0,0,779.479955230955,779.479955230955,779.479955230955,-19.417248214846943,-19.417248214846943,-19.417248214846943,0,0,0,1374.2189998978379,5400.630233715453,2703.2389502112765,2723.4928720058056,3471.05211271957
2027-03-06T00:00:00Z,2713.0997431493247,-2815.6226162480393,-2815.6226162480393,-2815.6226162480393,0,0,0,0,0,0,0,0,0,0,0,0,0,0,0,0,0,0,-1396.9295303292465,-1396.9295303292465,-1396.9295303292465,0,0,0,0,0,0,-1466.1415354204917,-1466.1415354204917,-1466.1415354204917,47.448449501698775,47.448449501698775,47.448449501698775,0,0,0,-2095.9952461820008,1816.6628237980144,2703.4322961446064,2723.7844402847095,-102.52287309871463
2027-03-07T00:00:00Z,2713.339277080706,-3886.8804071210525,-3886.8804071210525,-3886.8804071210525,0,0,0,0,0,0,0,0,0,0,0,0,0,0,0,0,0,0,-1931.3119433285995,-1931.3119433285995,-1931.3119433285995,0,0,0,0,0,0,-2070.3301563880073,-2070.3301563880073,-2070.3301563880073,114.7616925955548,114.7616925955548,114.7616925955548,0,0,0,-3158.2270635457235,860.6899455527503,2703.6358351815475,2724.0606031579177,-1173.5411300403466
2027-03-08T00:00:00Z,2713.5788110120875,-1173.6910335735993,-1173.6910335735993,-1173.6910335735993,0,0,0,0,0,0,0,0,0,0,0,0,0,0,0,0,0,0,-1762.1046002783107,-1762.1046002783107,-1762.1046002783107,0,0,0,0,0,0,407.3400332094718,407.3400332094718,407.3400332094718,181.07353349523987,181.07353349523987,181.07353349523987,0,0,0,-364.6446652435303,3518.361501951244,2703.8220889249014,2724.336766031126,1539.8877774384882
2027-03-09T00:00:00Z,2713.818344943468,-3122.3273418114286,-3122.3273418114286,-3122.3273418114286,0,0,0,0,0,0,-2724.3653900430054,-2724.3653900430054,-2724.3653900430054,0,0,0,0,0,0,0,0,0,-1394.7988476541589,-1394.7988476541589,-1394.7988476541589,0,0,0,-2724.3653900430054,-2724.3653900430054,-2724.3653900430054,751.8708176890565,751.8708176890565,751.8708176890565,244.96607819667867,244.96607819667867,244.96607819667867,0,0,0,-2369.952472393679,1503.124550308409,2704.016647651672,2724.612351868975,-408.5089968679604
2027-03-10T00:00:00Z,2714.057878874849,-3060.155036132228,-3060.155036132228,-3060.155036132228,0,0,0,0,0,0,-2918.5425732747135,-2918.5425732747135,-2918.5425732747135,0,0,0,0,0,0,0,0,0,-1232.3062569430997,-1232.3062569430997,-1232.3062569430997,0,0,0,-2918.5425732747135,-2918.5425732747135,-2918.5425732747135,785.6068199381149,785.6068199381149,785.6068199381149,305.0869741474705,305.0869741474705,305.0869741474705,0,0,0,-2301.3407670049237,1559.3711771571748,2704.2435605469036,2724.886624347598,-346.09715725737897
2027-03-11T00:00:00Z,2714.29741280623,-1193.7242589608356,-1193.7242589608356,-1193.7242589608356,0,0,0,0,0,0,-1060.6417003709078,-1060.6417003709078,-1060.6417003709078,0,0,0,0,0,0,0,0,0,-1305.438495285205,-1305.438495285205,-1305.438495285205,0,0,0,-1060.6417003709078,-1060.6417003709078,-1060.6417003709078,812.1740657433414,812.1740657433414,812.1740657433414,360.18187095193537,360.18187095193537,360.18187095193537,0,0,0,-412.1804587203941,3409.7282515139723,2704.4427093864815,2725.183766609106,1520.5731538453945
2027-03-12T00:00:00Z,2714.5369467376113,-1630.8136943248678,-1630.8136943248678,-1630.8136943248678,0,0,0,0,0,0,-1446.2426418449136,-1446.2426418449136,-1446.2426418449136,0,0,0,0,0,0,0,0,0,-1373.1750608729055,-1373.1750608729055,-1373.1750608729055,0,0,0,-1446.2426418449136,-1446.2426418449136,-1446.2426418449136,779.4799552357485,779.4799552357485,779.4799552357485,409.1240531572025,409.1240531572025,409.1240531572025,0,0,0,-793.0464628665025,2908.914807321322,2704.6450563811977,2725.4810862798863,1083.7232524127435
2027-03-13T00:00:00Z,2714.776480668992,-3304.8142809072065,-3304.8142809072065,-3304.8142809072065,0,0,0,0,0,0,-1053.9304804193164,-1053.9304804193164,-1053.9304804193164,0,0,0,0,0,0,0,0,0,-1235.6827915489134,-1235.6827915489134,-1235.6827915489134,0,0,0,-1053.9304804193164,-1053.9304804193164,-1053.9304804193164,-1466.1415354153949,-1466.1415354153949,-1466.1415354153949,450.9405264764181,450.9405264764181,450.9405264764181,0,0,0,-2625.7808515921765,1470.382310503002,2704.81578019337,2725.7784059506666,-590.0378002382145
2027-03-14T00:00:00Z,2715.016014600373,-2663.604521370916,-2663.604521370916,-2663.604521370916,0,0,0,0,0,0,-139.66893441936705,-139.66893441936705,-139.66893441936705,0,0,0,0,0,0,0,0,0,-938.4393691918903,-938.4393691918903,-938.4393691918903,0,0,0,-139.66893441936705,-139.66893441936705,-139.66893441936705,-2070.330156385738,-2070.330156385738,-2070.330156385738,484.83393862608,484.83393862608,484.83393862608,0,0,0,-2060.1733572352427,1879.2209358182631,2704.9705334758996,2726.0727502643617,51.41149322945739
2027-03-15T00:00:00Z,2715.255548531754,174.95992299637598,174.95992299637598,174.95992299637598,0,0,0,0,0,0,-48.636933243033084,-48.636933243033084,-48.636933243033084,0,0,0,0,0,0,0,0,0,-693.9430076974378,-693.9430076974378,-693.9430076974378,0,0,0,-48.636933243033084,-48.636933243033084,-48.636933243033084,407.3400332040262,407.3400332040262,407.3400332040262,510.1998307328205,510.1998307328205,510.1998307328205,0,0,0,969.771189709906,4900.662542730394,2705.125286758429,2726.3437332643216,2890.21547152813
2027-03-16T00:00:00Z,2715.495082463135,-900.4861410399272,-900.4861410399272,-900.4861410399272,0,0,0,0,0,0,-1538.9263432042626,-1538.9263432042626,-1538.9263432042626,0,0,0,0,0,0,0,0,0,-640.0694573024406,-640.0694573024406,-640.0694573024406,0,0,0,-1538.9263432042626,-1538.9263432042626,-1538.9263432042626,751.8708176889913,751.8708176889913,751.8708176889913,526.6388417777846,526.6388417777846,526.6388417777846,0,0,0,-281.9624979524054,3585.4322735055625,2705.2859989717826,2726.6265641805244,1815.008941423208
2027-03-17T00:00:00Z,2715.734616394516,-536.5908516501239,-536.5908516501239,-536.5908516501239,0,0,0,0,0,0,-1155.8059886669942,-1155.8059886669942,-1155.8059886669942,0,0,0,0,0,0,0,0,0,-700.3553062710794,-700.3553062710794,-700.3553062710794,0,0,0,-1155.8059886669942,-1155.8059886669942,-1155.8059886669942,785.6068199367004,785.6068199367004,785.6068199367004,533.963623351249,533.963623351249,533.963623351249,0,0,0,357.72086656896624,4088.4700926142577,2705.4485327417465,2726.9026992886847,2179.143764744392
2027-03-18T00:00:00Z,2715.974150325897,661.7487750659371,661.7487750659371,661.7487750659371,0,0,0,0,0,0,0,0,0,0,0,0,0,0,0,0,0,0,-682.6256521212216,-682.6256521212216,-682.6256521212216,0,0,0,0,0,0,812.1740657441457,812.1740657441457,812.1740657441457,532.2003614430131,532.2003614430131,532.2003614430131,0,0,0,1406.3314097061332,5277.83146429555,2705.6777610111917,2727.1788343968456,3377.722925391834
2027-03-19T00:00:00Z,2716.213684257278,804.7553278977667,804.7553278977667,804.7553278977667,0,0,0,0,0,0,0,0,0,0,0,0,0,0,0,0,0,0,-496.30956969078125,-496.30956969078125,-496.30956969078125,0,0,0,0,0,0,779.4799552277774,779.4799552277774,779.4799552277774,521.5849423607704,521.5849423607704,521.5849423607704,0,0,0,1607.1452931409056,5325.6382157334965,2705.9149713118763,2727.454969505007,3520.9690121550448
2027-03-20T00:00:00Z,2716.4532181886593,-1214.2130241964435,-1214.2130241964435,-1214.2130241964435,0,0,0,0,0,0,0,0,0,0,0,0,0,0,0,0,0,0,-250.62542622392198,-250.62542622392198,-250.62542622392198,0,0,0,0,0,0,-1466.1415354164142,-1466.1415354164142,-1466.1415354164142,502.5539374438928,502.5539374438928,502.5539374438928,0,0,0,-461.6627416615036,3258.8488792150843,2706.112240578872,2727.731104613167,1502.2401939922158
2027-03-21T00:00:00Z,2716.69275212004,-1724.6044175889624,-1724.6044175889624,-1724.6044175889624,0,0,0,0,0,0,0,0,0,0,0,0,0,0,0,0,0,0,-130.0049736331709,-130.0049736331709,-130.0049736331709,0,0,0,0,0,0,-2070.3301563921787,-2070.3301563921787,-2070.3301563921787,475.73071243638714,475.73071243638714,475.73071243638714,0,0,0,-677.4645192841461,2946.2308540417202,2706.2885274872556,2728.0050803255635,992.0883345310776
2027-03-22T00:00:00Z,2716.932286051421,665.6052437479203,665.6052437479203,665.6052437479203,0,0,0,0,0,0,0,0,0,0,0,0,0,0,0,0,0,0,-183.64187826995794,-183.64187826995794,-183.64187826995794,0,0,0,0,0,0,407.3400332047104,407.3400332047104,407.3400332047104,441.90708881316795,441.90708881316795,441.90708881316795,0,0,0,1552.000383208513,5200.035969977118,2706.464814395639,2728.277745049225,3382.5375297993414
2027-03-23T00:00:00Z,2717.171819982802,893.8298778260353,893.8298778260353,893.8298778260353,0,0,0,0,0,0,0,0,0,0,0,0,0,0,0,0,0,0,-260.06203280526967,-260.06203280526967,-260.06203280526967,0,0,0,0,0,0,751.8708176885111,751.8708176885111,751.8708176885111,402.02109294279404,402.02109294279404,402.02109294279404,0,0,0,1698.7385538108226,5663.035779496718,2706.641101304023,2728.5333107556876,3611.001697808837
2027-03-24T00:00:00Z,2717.411353914183,977.7146242511126,977.7146242511126,977.7146242511126,0,0,0,0,0,0,0,0,0,0,0,0,0,0,0,0,0,0,-165.02361771692648,-165.02361771692648,-165.02361771692648,0,0,0,0,0,0,785.6068199376277,785.6068199376277,785.6068199376277,357.13142203041144,357.13142203041144,357.13142203041144,0,0,0,1782.176536423921,5503.4083900588175,2706.8119433330294,2728.782698775029,3695.1259781652957
2027-03-25T00:00:00Z,2717.650887845564,1242.2652550620521,1242.2652550620521,1242.2652550620521,0,0,0,0,0,0,0,0,0,0,0,0,0,0,0,0,0,0,121.70185827892708,121.70185827892708,121.70185827892708,0,0,0,0,0,0,812.1740657435274,812.1740657435274,812.1740657435274,308.38933103959766,308.38933103959766,308.38933103959766,0,0,0,2149.3811335378214,5952.137806621881,2706.976565026783,2729.032086794371,3959.9161429076157
2027-03-26T00:00:00Z,2717.890421776945,1448.926504645181,1448.926504645181,1448.926504645181,0,0,0,0,0,0,0,0,0,0,0,0,0,0,0,0,0,0,412.4378488793878,412.4378488793878,412.4378488793878,0,0,0,0,0,0,779.479955232571,779.479955232571,779.479955232571,257.0087005332221,257.0087005332221,257.0087005332221,0,0,0,2320.1239020836433,6098.134944498675,2707.1298897963134,2729.2856274733244,4166.816926422126
2027-03-27T00:00:00Z,2718.1299557083257,-740.233438131117,-740.233438131117,-740.233438131117,0,0,0,0,0,0,0,0,0,0,0,0,0,0,0,0,0,0,521.6730169259894,521.6730169259894,521.6730169259894,0,0,0,0,0,0,-1466.1415354194141,-1466.1415354194141,-1466.1415354194141,204.23508036230814,204.23508036230814,204.23508036230814,0,0,0,-7.221097868792479,3858.2448460892747,2707.283214565844,2729.5624494981616,1977.8965175772087
2027-03-28T00:00:00Z,2718.369489639707,-1403.1150320488684,-1403.1150320488684,-1403.1150320488684,0,0,0,0,0,0,0,0,0,0,0,0,0,0,0,0,0,0,515.9006065738013,515.9006065738013,515.9006065738013,0,0,0,0,0,0,-2070.330156384562,-2070.330156384562,-2070.330156384562,151.3145177618921,151.3145177618921,151.3145177618921,0,0,0,-607.2467671178745,3390.6792439107858,2707.4365393353746,2729.8392715229993,1315.2544575908385
2027-03-29T00:00:00Z,2718.609023571088,1230.175282927871,1230.175282927871,1230.175282927871,0,0,0,0,0,0,0,0,0,0,0,0,0,0,0,0,0,0,723.3722790917205,723.3722790917205,723.3722790917205,0,0,0,0,0,0,407.34003320644257,407.34003320644257,407.34003320644257,99.46297062970807,99.46297062970807,99.46297062970807,0,0,0,2170.2577069735876,5810.944266775864,2707.589864104905,2730.116093547836,3948.7843064989593
2027-03-30T00:00:00Z,2718.848557502469,2238.587926623865,2238.587926623865,2238.587926623865,0,0,0,0,0,0,0,0,0,0,0,0,0,0,0,0,0,0,1436.8800308655796,1436.8800308655796,1436.8800308655796,0,0,0,0,0,0,751.8708176896878,751.8708176896878,751.8708176896878,49.837078068597705,49.837078068597705,49.837078068597705,0,0,0,2977.954239507206,6919.309364673663,2707.7646342059456,2730.3929155726732,4957.436484126334
2027-03-31T00:00:00Z,2719.08809143385,3344.4404051890074,3344.4404051890074,3344.4404051890074,0,0,0,0,0,0,0,0,0,0,0,0,0,0,0,0,0,0,2555.3265734715164,2555.3265734715164,2555.3265734715164,0,0,0,0,0,0,785.6068199373839,785.6068199373839,785.6068199373839,3.507011780106039,3.507011780106039,3.507011780106039,0,0,0,4136.331167238825,8012.447207345635,2707.9693731373627,2730.669737597511,6063.528496622857
2027-04-01T00:00:00Z,2719.327625365231,4289.329089259021,4289.329089259021,4289.329089259021,0,0,0,0,0,0,0,0,0,0,0,0,0,0,0,0,0,0,3515.7229583588805,3515.7229583588805,3515.7229583588805,0,0,0,0,0,0,812.1740657431084,812.1740657431084,812.1740657431084,-38.56793484296777,-38.56793484296777,-38.56793484296777,0,0,0,5019.715631522661,8884.506225498917,2708.1781354387313,2730.9465596223476,7008.656714624252
2027-04-02T00:00:00Z,2719.5671592966123,4343.470549890848,4343.470549890848,4343.470549890848,0,0,0,0,0,0,0,0,0,0,0,0,0,0,0,0,0,0,3639.551040631494,3639.551040631494,3639.551040631494,0,0,0,0,0,0,779.4799552392533,779.4799552392533,779.4799552392533,-75.5604459799008,-75.5604459799008,-75.5604459799008,0,0,0,5072.393072238145,8877.508240594034,2708.3984147128294,2731.231024110369,7063.03770918746
2027-04-03T00:00:00Z,2719.806693227993,1072.4226239335844,1072.4226239335844,1072.4226239335844,0,0,0,0,0,0,0,0,0,0,0,0,0,0,0,0,0,0,2645.356653020717,2645.356653020717,2645.356653020717,0,0,0,0,0,0,-1466.1415354184528,-1466.1415354184528,-1466.1415354184528,-106.79249366867965,-106.79249366867965,-106.79249366867965,0,0,0,1879.7835892774883,5810.845975643316,2708.606480138146,2731.524095237014,3792.2293171615775
2027-04-04T00:00:00Z,2720.046227159374,-1298.3345832094337,-1298.3345832094337,-1298.3345832094337,0,0,0,0,0,0,0,0,0,0,0,0,0,0,0,0,0,0,903.7440624936031,903.7440624936031,903.7440624936031,0,0,0,0,0,0,-2070.3301563876403,-2070.3301563876403,-2070.3301563876403,-131.74848931539643,-131.74848931539643,-131.74848931539643,0,0,0,-447.67856373439446,3272.671764468318,2708.7906694341896,2731.8171663636576,1421.7116439499405
2027-04-05T00:00:00Z,2720.285761090755,-536.3589564670743,-536.3589564670743,-536.3589564670743,0,0,0,0,0,0,0,0,0,0,0,0,0,0,0,0,0,0,-793.614967639276,-793.614967639276,-793.614967639276,0,0,0,0,0,0,407.3400332081747,407.3400332081747,407.3400332081747,-150.08402203597302,-150.08402203597302,-150.08402203597302,0,0,0,253.85418875600217,4115.048657348399,2708.9419030866457,2732.1102374903016,2183.9268046236807
2027-04-06T00:00:00Z,2720.525295022136,-1184.6082769198347,-1184.6082769198347,-1184.6082769198347,0,0,0,0,0,0,0,0,0,0,0,0,0,0,0,0,0,0,-1774.8490451085697,-1774.8490451085697,-1774.8490451085697,0,0,0,0,0,0,751.8708176881734,751.8708176881734,751.8708176881734,-161.6300494994382,-161.6300494994382,-161.6300494994382,0,0,0,-427.8230989934985,3432.1563561149,2709.10041342591,2732.4033086169457,1535.9170181023014
2027-04-07T00:00:00Z,2720.764828953517,-1286.7554552208649,-1286.7554552208649,-1286.7554552208649,0,0,0,0,0,0,0,0,0,0,0,0,0,0,0,0,0,0,-1905.9697467534247,-1905.9697467534247,-1905.9697467534247,0,0,0,0,0,0,785.6068199371404,785.6068199371404,785.6068199371404,-166.3925284045793,-166.3925284045793,-166.3925284045793,0,0,0,-534.4080564811492,3494.83919986522,2709.3053719225,2732.687297149777,1434.009373732652
2027-04-08T00:00:00Z,2721.004362884898,-923.1216706114161,-923.1216706114161,-923.1216706114161,0,0,0,0,0,0,0,0,0,0,0,0,0,0,0,0,0,0,-1570.7481450836815,-1570.7481450836815,-1570.7481450836815,0,0,0,0,0,0,812.1740657451355,812.1740657451355,812.1740657451355,-164.5475912728701,-164.5475912728701,-164.5475912728701,0,0,0,-103.0867074927894,3699.3315836669144,2709.498082669505,2732.9932688348154,1797.882692273482
2027-04-09T00:00:00Z,2721.2438968162787,-653.6680011895179,-653.6680011895179,-653.6680011895179,0,0,0,0,0,0,0,0,0,0,0,0,0,0,0,0,0,0,-1276.7154656601024,-1276.7154656601024,-1276.7154656601024,0,0,0,0,0,0,779.4799552293936,779.4799552293936,779.4799552293936,-156.43249075880937,-156.43249075880937,-156.43249075880937,0,0,0,90.94284115649332,4000.011697305063,2709.705786794611,2733.2877087549823,2067.575895626761
2027-04-10T00:00:00Z,2721.48343074766,-2860.198958769588,-2860.198958769588,-2860.198958769588,0,0,0,0,0,0,0,0,0,0,0,0,0,0,0,0,0,0,-1251.5247842043398,-1251.5247842043398,-1251.5247842043398,0,0,0,0,0,0,-1466.1415354133555,-1466.1415354133555,-1466.1415354133555,-142.5326391518929,-142.5326391518929,-142.5326391518929,0,0,0,-1973.0263049088237,1789.1523448935666,2709.861489067402,2733.5571703973164,-138.7155280219281
2027-04-11T00:00:00Z,2721.7229646790406,-3550.885949942216,-3550.885949942216,-3550.885949942216,0,0,0,0,0,0,0,0,0,0,0,0,0,0,0,0,0,0,-1357.0906270630253,-1357.0906270630253,-1357.0906270630253,0,0,0,0,0,0,-2070.3301563887326,-2070.3301563887326,-2070.3301563887326,-123.46516649045763,-123.46516649045763,-123.46516649045763,0,0,0,-2635.4383770467352,1303.4981662104076,2710.051478498961,2733.8677716671536,-829.1629852631754
2027-04-12T00:00:00Z,2721.9624986104222,-1026.0788361233938,-1026.0788361233938,-1026.0788361233938,0,0,0,0,0,0,0,0,0,0,0,0,0,0,0,0,0,0,-1333.4593659940974,-1333.4593659940974,-1333.4593659940974,0,0,0,0,0,0,407.3400332016811,407.3400332016811,407.3400332016811,-99.95950333097707,-99.95950333097707,-99.95950333097707,0,0,0,-345.1225091581771,3595.3700752665554,2710.213807361011,2734.1781028872942,1695.8836624870285
2027-04-13T00:00:00Z,2722.202032541803,-415.9515345435366,-415.9515345435366,-415.9515345435366,0,0,0,0,0,0,0,0,0,0,0,0,0,0,0,0,0,0,-1094.9867904698278,-1094.9867904698278,-1094.9867904698278,0,0,0,0,0,0,751.8708176893499,751.8708176893499,751.8708176893499,-72.83556176305882,-72.83556176305882,-72.83556176305882,0,0,0,396.9228591185244,4336.798646168731,2710.372048689452,2734.490161255381,2306.2504979982664
2027-04-14T00:00:00Z,2722.441566473184,-53.86630989382223,-53.86630989382223,-53.86630989382223,0,0,0,0,0,0,0,0,0,0,0,0,0,0,0,0,0,0,-796.492990659698,-796.492990659698,-796.492990659698,0,0,0,0,0,0,785.6068199368966,785.6068199368966,785.6068199368966,-42.98013917102051,-42.98013917102051,-42.98013917102051,0,0,0,822.3823969720751,4625.009851910339,2710.5302900178935,2734.801580689622,2668.575256579362
2027-04-15T00:00:00Z,2722.681100404565,157.89292254666776,157.89292254666776,157.89292254666776,0,0,0,0,0,0,0,0,0,0,0,0,0,0,0,0,0,0,-642.9589407051656,-642.9589407051656,-642.9589407051656,0,0,0,0,0,0,812.1740657418723,812.1740657418723,812.1740657418723,-11.322202490039047,-11.322202490039047,-11.322202490039047,0,0,0,1046.8310595515982,4814.699760418713,2710.683397977748,2735.091677769941,2880.5740229512326
2027-04-16T00:00:00Z,2722.920634335946,132.86907353990918,132.86907353990918,132.86907353990918,0,0,0,0,0,0,0,0,0,0,0,0,0,0,0,0,0,0,-667.8031559850319,-667.8031559850319,-667.8031559850319,0,0,0,0,0,0,779.4799552360757,779.4799552360757,779.4799552360757,21.192274288864898,21.192274288864898,21.192274288864898,0,0,0,912.4254623492345,4762.886625418145,2710.8301451603693,2735.375904258994,2855.789707875855
2027-04-17T00:00:00Z,2723.1601682673268,-2124.0489511494648,-2124.0489511494648,-2124.0489511494648,0,0,0,0,0,0,0,0,0,0,0,0,0,0,0,0,0,0,-711.5326656103633,-711.5326656103633,-711.5326656103633,0,0,0,0,0,0,-1466.1415354224723,-1466.1415354224723,-1466.1415354224723,53.62524988337089,53.62524988337089,53.62524988337089,0,0,0,-1449.5215620308572,2419.941485945811,2710.9768923429892,2735.6601307480464,599.111217117862
2027-04-18T00:00:00Z,2723.399702198708,-2593.1845677074293,-2593.1845677074293,-2593.1845677074293,0,0,0,0,0,0,0,0,0,0,0,0,0,0,0,0,0,0,-607.9250956972948,-607.9250956972948,-607.9250956972948,0,0,0,0,0,0,-2070.3301563864634,-2070.3301563864634,-2070.3301563864634,85.07068437632873,85.07068437632873,85.07068437632873,0,0,0,-1840.6013150145277,2113.248888511012,2711.1259637470057,2735.9871356229737,130.2151344912786
2027-04-19T00:00:00Z,2723.639236130089,153.54340152882963,153.54340152882963,153.54340152882963,0,0,0,0,0,0,0,0,0,0,0,0,0,0,0,0,0,0,-368.47375806704855,-368.47375806704855,-368.47375806704855,0,0,0,0,0,0,407.3400332023652,407.3400332023652,407.3400332023652,114.6771263935131,114.6771263935131,114.6771263935131,0,0,0,1083.8096063320306,4659.686391471709,2711.2945209601376,2736.317950698271,2877.182637658919
2027-04-20T00:00:00Z,2723.87877006147,727.0428401180013,727.0428401180013,727.0428401180013,0,0,0,0,0,0,0,0,0,0,0,0,0,0,0,0,0,0,-166.4962395473912,-166.4962395473912,-166.4962395473912,0,0,0,0,0,0,751.8708176876276,751.8708176876276,751.8708176876276,141.66826197776504,141.66826197776504,141.66826197776504,0,0,0,1516.7194924042155,5442.810503771851,2711.4630781732694,2736.6487657735674,3450.921610179471
2027-04-21T00:00:00Z,2724.118303992851,810.2270727070858,810.2270727070858,810.2270727070858,0,0,0,0,0,0,0,0,0,0,0,0,0,0,0,0,0,0,-140.74068286322395,-140.74068286322395,-140.74068286322395,0,0,0,0,0,0,785.6068199378241,785.6068199378241,785.6068199378241,165.36093563248548,165.36093563248548,165.36093563248548,0,0,0,1447.4279171253793,5441.445518360298,2711.6316353864017,2736.9795808488648,3534.345376699937
2027-04-22T00:00:00Z,2724.3578379242317,764.3023209724835,764.3023209724835,764.3023209724835,0,0,0,0,0,0,0,0,0,0,0,0,0,0,0,0,0,0,-233.0519777413202,-233.0519777413202,-233.0519777413202,0,0,0,0,0,0,812.1740657440985,812.1740657440985,812.1740657440985,185.18023296970537,185.18023296970537,185.18023296970537,0,0,0,1616.079715590792,5412.076715067806,2711.800192599534,2737.2791340364693,3488.660158896715
2027-04-23T00:00:00Z,2724.597371855613,739.0864255945083,739.0864255945083,739.0864255945083,0,0,0,0,0,0,0,0,0,0,0,0,0,0,0,0,0,0,-241.06483225015674,-241.06483225015674,-241.06483225015674,0,0,0,0,0,0,779.479955234487,779.479955234487,779.479955234487,200.67130261017806,200.67130261017806,200.67130261017806,0,0,0,1540.6136485869465,5457.606267077823,2711.963275676326,2737.558976807406,3463.6837974501213
2027-04-24T00:00:00Z,2724.836905786994,-1291.8704484632792,-1291.8704484632792,-1291.8704484632792,0,0,0,0,0,0,0,0,0,0,0,0,0,0,0,0,0,0,-37.236602912256764,-37.236602912256764,-37.236602912256764,0,0,0,0,0,0,-1466.1415354153942,-1466.1415354153942,-1466.1415354153942,211.50768986437168,211.50768986437168,211.50768986437168,0,0,0,-546.0557176619798,3593.815254298541,2712.1275560561567,2737.838819578343,1432.9664573237148
2027-04-25T00:00:00Z,2725.0764397183752,-1571.1175042965226,-1571.1175042965226,-1571.1175042965226,0,0,0,0,0,0,0,0,0,0,0,0,0,0,0,0,0,0,281.7165985428362,281.7165985428362,281.7165985428362,0,0,0,0,0,0,-2070.330156385875,-2070.330156385875,-2070.330156385875,217.4960535465161,217.4960535465161,217.4960535465161,0,0,0,-711.8807040255531,3114.4479555121043,2712.311718162712,2738.117655130679,1153.9589354218526
2027-04-26T00:00:00Z,2725.315973649756,1119.2175033514814,1119.2175033514814,1119.2175033514814,0,0,0,0,0,0,0,0,0,0,0,0,0,0,0,0,0,0,493.3002329027813,493.3002329027813,493.3002329027813,0,0,0,0,0,0,407.3400332051454,407.3400332051454,407.3400332051454,218.57723724355486,218.57723724355486,218.57723724355486,0,0,0,1925.7396602635677,5789.017471175245,2712.491726722398,2738.419690799042,3844.5334770012373
2027-04-27T00:00:00Z,2725.555507581137,1483.1835008081594,1483.1835008081594,1483.1835008081594,0,0,0,0,0,0,0,0,0,0,0,0,0,0,0,0,0,0,516.4889183688473,516.4889183688473,516.4889183688473,0,0,0,0,0,0,751.8708176888043,751.8708176888043,751.8708176888043,214.82376475050825,214.82376475050825,214.82376475050825,0,0,0,2267.8770950035296,6311.000276762681,2712.661803633811,2738.729487802311,4208.739008389297
2027-04-28T00:00:00Z,2725.795041512518,1561.0577662447024,1561.0577662447024,1561.0577662447024,0,0,0,0,0,0,0,0,0,0,0,0,0,0,0,0,0,0,569.0170228008337,569.0170228008337,569.0170228008337,0,0,0,0,0,0,785.6068199364094,785.6068199364094,785.6068199364094,206.43392350745998,206.43392350745998,206.43392350745998,0,0,0,2322.2137978467686,6102.546317063938,2712.8318805452227,2739.039284805579,4286.85280775722
2027-04-29T00:00:00Z,2726.034575443899,2016.9366682344598,2016.9366682344598,2016.9366682344598,0,0,0,0,0,0,0,0,0,0,0,0,0,0,0,0,0,0,1011.0399152085894,1011.0399152085894,1011.0399152085894,0,0,0,0,0,0,812.1740657434801,812.1740657434801,812.1740657434801,193.72268728239013,193.72268728239013,193.72268728239013,0,0,0,2921.830051878341,6588.817503919771,2713.001957456635,2739.36005898346,4742.971243678359
2027-04-30T00:00:00Z,2726.2741093752797,2928.7066276328696,2928.7066276328696,2928.7066276328696,0,0,0,0,0,0,0,0,0,0,0,0,0,0,0,0,0,0,1972.1168646226204,1972.1168646226204,1972.1168646226204,0,0,0,0,0,0,779.4799552347868,779.4799552347868,779.4799552347868,177.10980777546266,177.10980777546266,177.10980777546266,0,0,0,3634.967774682278,7639.056250574216,2713.1737995314847,2739.662480390697,5654.980737008149
