ds,trend,additive_terms,additive_terms_lower,additive_terms_upper,Christmas,Christmas_lower,Christmas_upper,CNY,CNY_lower,CNY_upper,holidays,holidays_lower,holidays_upper,MCO_1,MCO_1_lower,MCO_1_upper,MCO_2,MCO_2_lower,MCO_2_upper,Minor_PH,Minor_PH_lower,Minor_PH_upper,monthly,monthly_lower,monthly_upper,Raya_AA,Raya_AA_lower,Raya_AA_upper,Raya_AF,Raya_AF_lower,Raya_AF_upper,weekly,weekly_lower,weekly_upper,yearly,yearly_lower,yearly_upper,multiplicative_terms,multiplicative_terms_lower,multiplicative_terms_upper,yhat_lower,yhat_upper,trend_lower,trend_upper,yhat
2022-01-01T00:00:00Z,2114.3154729659645,-4912.830653115288,-4912.830653115288,-4912.830653115288,0,0,0,0,0,0,-1941.2219588157836,-1941.2219588157836,-1941.2219588157836,0,0,0,0,0,0,-1941.2219588157836,-1941.2219588157836,-1941.2219588157836,-1892.6832430357692,-1892.6832430357692,-1892.6832430357692,0,0,0,0,0,0,-1475.8814904583296,-1475.8814904583296,-1475.8814904583296,396.95603919459364,396.95603919459364,396.95603919459364,0,0,0,-4667.177742766186,-918.8086826893091,2114.3154729659645,2114.3154729659645,-2798.515180149324
2022-01-02T00:00:00Z,2114.9635491550357,-3491.407366906658,-3491.407366906658,-3491.407366906658,0,0,0,0,0,0,0,0,0,0,0,0,0,0,0,0,0,0,-1722.0552689305612,-1722.0552689305612,-1722.0552689305612,0,0,0,0,0,0,-2070.6412822394677,-2070.6412822394677,-2070.6412822394677,301.28918426337066,301.28918426337066,301.28918426337066,0,0,0,-3422.5217570090963,748.7518039309981,2114.9635491550357,2114.9635491550357,-1376.4438177516222
2022-01-03T00:00:00Z,2115.611625344108,-778.6660500209096,-778.6660500209096,-778.6660500209096,0,0,0,0,0,0,0,0,0,0,0,0,0,0,0,0,0,0,-1397.252030632556,-1397.252030632556,-1397.252030632556,0,0,0,0,0,0,417.2668386382863,417.2668386382863,417.2668386382863,201.31914197335996,201.31914197335996,201.31914197335996,0,0,0,-672.8359662045316,3534.9554455933876,2115.611625344108,2115.611625344108,1336.9455753231982
2022-01-04T00:00:00Z,2116.259701533179,-384.77733081459417,-384.77733081459417,-384.77733081459417,0,0,0,0,0,0,0,0,0,0,0,0,0,0,0,0,0,0,-1266.3662747069068,-1266.3662747069068,-1266.3662747069068,0,0,0,0,0,0,782.6848167504048,782.6848167504048,782.6848167504048,98.90412714190819,98.90412714190819,98.90412714190819,0,0,0,-285.4115260544665,3579.353799953671,2116.259701533179,2116.259701533179,1731.4823707185847
2022-01-05T00:00:00Z,2116.9077777222506,-583.1629255140363,-583.1629255140363,-583.1629255140363,0,0,0,0,0,0,0,0,0,0,0,0,0,0,0,0,0,0,-1329.6470733947203,-1329.6470733947203,-1329.6470733947203,0,0,0,0,0,0,750.5195902301807,750.5195902301807,750.5195902301807,-4.035442349496448,-4.035442349496448,-4.035442349496448,0,0,0,-445.48506283514195,3499.142732873949,2116.9077777222506,2116.9077777222506,1533.7448522082143
2022-01-06T00:00:00Z,2117.555853911322,-660.8540732424867,-660.8540732424867,-660.8540732424867,0,0,0,0,0,0,0,0,0,0,0,0,0,0,0,0,0,0,-1361.7360040623814,-1361.7360040623814,-1361.7360040623814,0,0,0,0,0,0,806.4432778129991,806.4432778129991,806.4432778129991,-105.56134699310456,-105.56134699310456,-105.56134699310456,0,0,0,-473.48252100901044,3457.5972162836915,2117.555853911322,2117.555853911322,1456.7017806688355
2022-01-07T00:00:00Z,2118.203930100394,-615.6636549245824,-615.6636549245824,-615.6636549245824,0,0,0,0,0,0,0,0,0,0,0,0,0,0,0,0,0,0,-1201.5092628099721,-1201.5092628099721,-1201.5092628099721,0,0,0,0,0,0,789.6082492595192,789.6082492595192,789.6082492595192,-203.76264137412946,-203.76264137412946,-203.76264137412946,0,0,0,-378.49931393739143,3492.567000162663,2118.203930100394,2118.203930100394,1502.5402751758115
2022-01-08T00:00:00Z,2118.852006289465,-2687.6032594525605,-2687.6032594525605,-2687.6032594525605,0,0,0,0,0,0,0,0,0,0,0,0,0,0,0,0,0,0,-914.9214993299516,-914.9214993299516,-914.9214993299516,0,0,0,0,0,0,-1475.881490451188,-1475.881490451188,-1475.881490451188,-296.8002696714206,-296.8002696714206,-296.8002696714206,0,0,0,-2503.68723478573,1479.2060899008243,2118.852006289465,2118.852006289465,-568.7512531630955
2022-01-09T00:00:00Z,2119.500082478537,-3151.9930500229784,-3151.9930500229784,-3151.9930500229784,0,0,0,0,0,0,0,0,0,0,0,0,0,0,0,0,0,0,-698.4016743768113,-698.4016743768113,-698.4016743768113,0,0,0,0,0,0,-2070.641282238845,-2070.641282238845,-2070.641282238845,-382.95009340732236,-382.95009340732236,-382.95009340732236,0,0,0,-2885.894370262324,1061.161585516247,2119.500082478537,2119.500082478537,-1032.4929675444414
2022-01-10T00:00:00Z,2120.148158667608,-700.4495235897028,-700.4495235897028,-700.4495235897028,0,0,0,0,0,0,0,0,0,0,0,0,0,0,0,0,0,0,-657.0731216828649,-657.0731216828649,-657.0731216828649,0,0,0,0,0,0,417.26683864002894,417.26683864002894,417.26683864002894,-460.64324054686705,-460.64324054686705,-460.64324054686705,0,0,0,-654.3284351176322,3372.408975045918,2120.148158667608,2120.148158667608,1419.6986350779052
2022-01-11T00:00:00Z,2120.79623485668,-445.7339116507002,-445.7339116507002,-445.7339116507002,0,0,0,0,0,0,0,0,0,0,0,0,0,0,0,0,0,0,-699.9159779297297,-699.9159779297297,-699.9159779297297,0,0,0,0,0,0,782.6848167503185,782.6848167503185,782.6848167503185,-528.5027504712888,-528.5027504712888,-528.5027504712888,0,0,0,-338.0200976074989,3727.4110592275506,2120.79623485668,2120.79623485668,1675.0623232059797
2022-01-12T00:00:00Z,2121.4443110457514,-486.95008067742384,-486.95008067742384,-486.95008067742384,0,0,0,0,0,0,0,0,0,0,0,0,0,0,0,0,0,0,-652.0940890217335,-652.0940890217335,-652.0940890217335,0,0,0,0,0,0,750.5195902299323,750.5195902299323,750.5195902299323,-585.3755818856223,-585.3755818856223,-585.3755818856223,0,0,0,-329.67768399517536,3587.344757800751,2121.4443110457514,2121.4443110457514,1634.4942303683276
2022-01-13T00:00:00Z,2122.092387234823,-276.1221954452468,-276.1221954452468,-276.1221954452468,0,0,0,0,0,0,0,0,0,0,0,0,0,0,0,0,0,0,-452.2063052808018,-452.2063052808018,-452.2063052808018,0,0,0,0,0,0,806.4432778124722,806.4432778124722,806.4432778124722,-630.3591679769172,-630.3591679769172,-630.3591679769172,0,0,0,-182.4227778468911,3797.7379807793586,2122.092387234823,2122.092387234823,1845.9701917895763
2022-01-14T00:00:00Z,2122.740463423894,-92.3280571251025,-92.3280571251025,-92.3280571251025,0,0,0,0,0,0,0,0,0,0,0,0,0,0,0,0,0,0,-219.11446434482812,-219.11446434482812,-219.11446434482812,0,0,0,0,0,0,789.6082492643224,789.6082492643224,789.6082492643224,-662.8218420445968,-662.8218420445968,-662.8218420445968,0,0,0,2.1350219746736365,3989.786949648603,2122.740463423894,2122.740463423894,2030.4124062987917
2022-01-15T00:00:00Z,2123.3885396129663,-2276.3154491318437,-2276.3154491318437,-2276.3154491318437,0,0,0,0,0,0,0,0,0,0,0,0,0,0,0,0,0,0,-118.01734497417006,-118.01734497417006,-118.01734497417006,0,0,0,0,0,0,-1475.881490452249,-1475.881490452249,-1475.881490452249,-682.4166137054245,-682.4166137054245,-682.4166137054245,0,0,0,-2142.5858240883963,1769.2206035047175,2123.3885396129663,2123.3885396129663,-152.92690951887744
2022-01-16T00:00:00Z,2124.0366158020374,-2931.9015254849696,-2931.9015254849696,-2931.9015254849696,0,0,0,0,0,0,0,0,0,0,0,0,0,0,0,0,0,0,-172.1722967396718,-172.1722967396718,-172.1722967396718,0,0,0,0,0,0,-2070.6412822366174,-2070.6412822366174,-2070.6412822366174,-689.0879465086807,-689.0879465086807,-689.0879465086807,0,0,0,-2896.4505397823405,1233.5948507239302,2124.0366158020374,2124.0366158020374,-807.8649096829322
2022-01-17T00:00:00Z,2124.684691991109,-492.95422728378793,-492.95422728378793,-492.95422728378793,0,0,0,0,0,0,0,0,0,0,0,0,0,0,0,0,0,0,-227.1496980973658,-227.1496980973658,-227.1496980973658,0,0,0,0,0,0,417.2668386417715,417.2668386417715,417.2668386417715,-683.0713678281935,-683.0713678281935,-683.0713678281935,0,0,0,-361.63858154614326,3445.3702809078113,2124.684691991109,2124.684691991109,1631.730464707321
2022-01-18T00:00:00Z,2125.3327681801807,-1936.818567186771,-1936.818567186771,-1936.818567186771,0,0,0,0,0,0,-1941.2219588157836,-1941.2219588157836,-1941.2219588157836,0,0,0,0,0,0,-1941.2219588157836,-1941.2219588157836,-1941.2219588157836,-113.39549864757922,-113.39549864757922,-113.39549864757922,0,0,0,0,0,0,782.6848167502321,782.6848167502321,782.6848167502321,-664.8859264736402,-664.8859264736402,-664.8859264736402,0,0,0,-1963.9532587308531,2035.642855391105,2125.3327681801807,2125.3327681801807,188.51420099340976
2022-01-19T00:00:00Z,2125.9808443692523,279.24068103854,279.24068103854,279.24068103854,0,0,0,0,0,0,0,0,0,0,0,0,0,0,0,0,0,0,164.04078846955673,164.04078846955673,164.04078846955673,0,0,0,0,0,0,750.519590230273,750.519590230273,750.519590230273,-635.3196976612898,-635.3196976612898,-635.3196976612898,0,0,0,427.47884793187364,4474.36606934241,2125.9808443692523,2125.9808443692523,2405.2215254077923
2022-01-20T00:00:00Z,2126.6289205583234,633.8542659435767,633.8542659435767,633.8542659435767,0,0,0,0,0,0,0,0,0,0,0,0,0,0,0,0,0,0,422.8197020559737,422.8197020559737,422.8197020559737,0,0,0,0,0,0,806.4432778132814,806.4432778132814,806.4432778132814,-595.4087139256784,-595.4087139256784,-595.4087139256784,0,0,0,781.6430646374653,4727.757806441422,2126.6289205583234,2126.6289205583234,2760.4831865019
2022-01-21T00:00:00Z,2127.2769967473955,757.265009422132,757.265009422132,757.265009422132,0,0,0,0,0,0,0,0,0,0,0,0,0,0,0,0,0,0,514.06662963143,514.06662963143,514.06662963143,0,0,0,0,0,0,789.6082492627601,789.6082492627601,789.6082492627601,-546.4098694720582,-546.4098694720582,-546.4098694720582,0,0,0,781.3887645498096,4826.778782942309,2127.2769967473955,2127.2769967473955,2884.5420061695277
2022-01-22T00:00:00Z,2127.9250729364667,-1428.7484695824303,-1428.7484695824303,-1428.7484695824303,0,0,0,0,0,0,0,0,0,0,0,0,0,0,0,0,0,0,536.9015207744766,536.9015207744766,536.9015207744766,0,0,0,0,0,0,-1475.881490455192,-1475.881490455192,-1475.881490455192,-489.76849990171485,-489.76849990171485,-489.76849990171485,0,0,0,-1345.3827411329091,2676.617723011276,2127.9250729364667,2127.9250729364667,699.1766033540364
2022-01-23T00:00:00Z,2128.5731491255383,-1688.485848027502,-1688.485848027502,-1688.485848027502,0,0,0,0,0,0,0,0,0,0,0,0,0,0,0,0,0,0,809.2369092904646,809.2369092904646,809.2369092904646,0,0,0,0,0,0,-2070.6412822376005,-2070.6412822376005,-2070.6412822376005,-427.081475080366,-427.081475080366,-427.081475080366,0,0,0,-1579.0544673335157,2400.48941195273,2128.5731491255383,2128.5731491255383,440.0873010980363
2022-01-24T00:00:00Z,2129.22122531461,1625.7303642936045,1625.7303642936045,1625.7303642936045,0,0,0,0,0,0,0,0,0,0,0,0,0,0,0,0,0,0,1568.5202822591716,1568.5202822591716,1568.5202822591716,0,0,0,0,0,0,417.2668386341735,417.2668386341735,417.2668386341735,-360.0567565997411,-360.0567565997411,-360.0567565997411,0,0,0,1749.6546067105096,5740.378330670767,2129.22122531461,2129.22122531461,3754.9515896082144
2022-01-25T00:00:00Z,2129.8693015036815,3148.7408068686286,3148.7408068686286,3148.7408068686286,0,0,0,0,0,0,0,0,0,0,0,0,0,0,0,0,0,0,2656.5264499230752,2656.5264499230752,2656.5264499230752,0,0,0,0,0,0,782.6848167497141,782.6848167497141,782.6848167497141,-290.47045980416095,-290.47045980416095,-290.47045980416095,0,0,0,3297.697291580436,7231.720265998957,2129.8693015036815,2129.8693015036815,5278.61010837231
2022-01-26T00:00:00Z,2130.5173776927527,4034.7791186627865,4034.7791186627865,4034.7791186627865,0,0,0,0,0,0,0,0,0,0,0,0,0,0,0,0,0,0,3504.382049854273,3504.382049854273,3504.382049854273,0,0,0,0,0,0,750.5195902300247,750.5195902300247,750.5195902300247,-220.12252142151152,-220.12252142151152,-220.12252142151152,0,0,0,4217.7199066838275,8175.817549953344,2130.5173776927527,2130.5173776927527,6165.296496355539
2022-01-27T00:00:00Z,2131.1654538818243,4148.665625436717,4148.665625436717,4148.665625436717,0,0,0,0,0,0,0,0,0,0,0,0,0,0,0,0,0,0,3493.014453515328,3493.014453515328,3493.014453515328,0,0,0,0,0,0,806.4432778140905,806.4432778140905,806.4432778140905,-150.79210589270122,-150.79210589270122,-150.79210589270122,0,0,0,4124.078005817159,8216.492894747093,2131.1654538818243,2131.1654538818243,6279.831079318541
2022-01-28T00:00:00Z,2131.813530070896,3129.6506513879694,3129.6506513879694,3129.6506513879694,0,0,0,0,0,0,0,0,0,0,0,0,0,0,0,0,0,0,2424.2362878694316,2424.2362878694316,2424.2362878694316,0,0,0,0,0,0,789.6082492611977,789.6082492611977,789.6082492611977,-84.19388574266128,-84.19388574266128,-84.19388574266128,0,0,0,3312.630355669151,7203.567138555241,2131.813530070896,2131.813530070896,5261.464181458865
2022-01-29T00:00:00Z,2132.461606259967,-786.2674882469312,-786.2674882469312,-786.2674882469312,0,0,0,0,0,0,0,0,0,0,0,0,0,0,0,0,0,0,711.5503060317327,711.5503060317327,711.5503060317327,0,0,0,0,0,0,-1475.8814904581352,-1475.8814904581352,-1475.8814904581352,-21.936303820528945,-21.936303820528945,-21.936303820528945,0,0,0,-701.0059784412514,3257.8671948405545,2132.461606259967,2132.461606259967,1346.194118013036
2022-01-30T00:00:00Z,2133.109682449039,-2919.3992925363113,-2919.3992925363113,-2919.3992925363113,0,0,0,0,0,0,0,0,0,0,0,0,0,0,0,0,0,0,-883.2751415231832,-883.2751415231832,-883.2751415231832,0,0,0,0,0,0,-2070.6412822408133,-2070.6412822408133,-2070.6412822408133,34.517131227685105,34.517131227685105,34.517131227685105,0,0,0,-2987.269541986203,1113.2588851468672,2133.109682449039,2133.109682449039,-786.2896100872722
2022-01-31T00:00:00Z,2133.7577586381103,-1263.226520483662,-1263.226520483662,-1263.226520483662,0,0,0,0,0,0,0,0,0,0,0,0,0,0,0,0,0,0,-1764.3759078363287,-1764.3759078363287,-1764.3759078363287,0,0,0,0,0,0,417.26683863591614,417.26683863591614,417.26683863591614,83.8825487167512,83.8825487167512,83.8825487167512,0,0,0,-990.3921087061798,2878.278251267451,2133.7577586381103,2133.7577586381103,870.5312381544484
2022-02-01T00:00:00Z,2134.405834827182,-5346.373332514315,-5346.373332514315,-5346.373332514315,0,0,0,-2454.7553025844145,-2454.7553025844145,-2454.7553025844145,-4395.977261400198,-4395.977261400198,-4395.977261400198,0,0,0,0,0,0,-1941.2219588157836,-1941.2219588157836,-1941.2219588157836,-1858.1664480632173,-1858.1664480632173,-1858.1664480632173,0,0,0,0,0,0,782.6848167496277,782.6848167496277,782.6848167496277,125.08556019947264,125.08556019947264,125.08556019947264,0,0,0,-5216.33945148576,-1107.125339795627,2134.405834827182,2134.405834827182,-3211.967497687133
2022-02-02T00:00:00Z,2135.0539110162536,-3096.8456041404784,-3096.8456041404784,-3096.8456041404784,0,0,0,-2454.7553025844145,-2454.7553025844145,-2454.7553025844145,-2454.7553025844145,-2454.7553025844145,-2454.7553025844145,0,0,0,0,0,0,0,0,0,-1549.8954082147127,-1549.8954082147127,-1549.8954082147127,0,0,0,0,0,0,750.5195902303979,750.5195902303979,750.5195902303979,157.28551642825062,157.28551642825062,157.28551642825062,0,0,0,-2940.9667788075567,1019.3974672127974,2135.0539110162536,2135.0539110162536,-961.7916931242248
2022-02-03T00:00:00Z,2135.701987205325,-312.9658067095855,-312.9658067095855,-312.9658067095855,0,0,0,0,0,0,0,0,0,0,0,0,0,0,0,0,0,0,-1299.302683001314,-1299.302683001314,-1299.302683001314,0,0,0,0,0,0,806.4432778148997,806.4432778148997,806.4432778148997,179.89359847682925,179.89359847682925,179.89359847682925,0,0,0,-249.8950992650564,3796.3637420414334,2135.701987205325,2135.701987205325,1822.7361804957397
2022-02-04T00:00:00Z,2136.3500633943963,-303.6743238813317,-303.6743238813317,-303.6743238813317,0,0,0,0,0,0,0,0,0,0,0,0,0,0,0,0,0,0,-1285.8669013624033,-1285.8669013624033,-1285.8669013624033,0,0,0,0,0,0,789.6082492677867,789.6082492677867,789.6082492677867,192.58432821328518,192.58432821328518,192.58432821328518,0,0,0,-346.04692165172145,3868.550388981324,2136.3500633943963,2136.3500633943963,1832.6757395130646
2022-02-05T00:00:00Z,2136.9981395834684,-2644.89739768722,-2644.89739768722,-2644.89739768722,0,0,0,0,0,0,0,0,0,0,0,0,0,0,0,0,0,0,-1364.3161642283546,-1364.3161642283546,-1364.3161642283546,0,0,0,0,0,0,-1475.8814904573137,-1475.8814904573137,-1475.8814904573137,195.3002569984491,195.3002569984491,195.3002569984491,0,0,0,-2438.4672308462546,1754.309109369863,2136.9981395834684,2136.9981395834684,-507.89925810375144
2022-02-06T00:00:00Z,2137.6462157725396,-3189.314956052486,-3189.314956052486,-3189.314956052486,0,0,0,0,0,0,0,0,0,0,0,0,0,0,0,0,0,0,-1306.923444270989,-1306.923444270989,-1306.923444270989,0,0,0,0,0,0,-2070.641282240191,-2070.641282240191,-2070.641282240191,188.24977045869286,188.24977045869286,188.24977045869286,0,0,0,-3069.2490742126456,963.1082595757321,2137.6462157725396,2137.6462157725396,-1051.6687402799466
2022-02-07T00:00:00Z,2138.294291961611,-473.0180120295965,-473.0180120295965,-473.0180120295965,0,0,0,0,0,0,0,0,0,0,0,0,0,0,0,0,0,0,-1062.1829773287927,-1062.1829773287927,-1062.1829773287927,0,0,0,0,0,0,417.2668386376586,417.2668386376586,417.2668386376586,171.89812666153728,171.89812666153728,171.89812666153728,0,0,0,-448.501923655787,3773.639871871174,2138.294291961611,2138.294291961611,1665.2762799320146
2022-02-08T00:00:00Z,2138.942368150683,142.75084702760506,142.75084702760506,142.75084702760506,0,0,0,0,0,0,0,0,0,0,0,0,0,0,0,0,0,0,-786.8859899355217,-786.8859899355217,-786.8859899355217,0,0,0,0,0,0,782.6848167493256,782.6848167493256,782.6848167493256,146.9520202138012,146.9520202138012,146.9520202138012,0,0,0,271.9718794783176,4220.602898152904,2138.942368150683,2138.942368150683,2281.693215178288
2022-02-09T00:00:00Z,2139.5904443397544,207.56688828611348,207.56688828611348,207.56688828611348,0,0,0,0,0,0,0,0,0,0,0,0,0,0,0,0,0,0,-657.2908330139971,-657.2908330139971,-657.2908330139971,0,0,0,0,0,0,750.5195902295277,750.5195902295277,750.5195902295277,114.33813107058305,114.33813107058305,114.33813107058305,0,0,0,375.54133744692626,4460.739338547836,2139.5904443397544,2139.5904443397544,2347.157332625868
2022-02-10T00:00:00Z,2140.2385205288256,202.21530671190803,202.21530671190803,202.21530671190803,0,0,0,0,0,0,0,0,0,0,0,0,0,0,0,0,0,0,-679.4042409046954,-679.4042409046954,-679.4042409046954,0,0,0,0,0,0,806.4432778115914,806.4432778115914,806.4432778115914,75.17626980501231,75.17626980501231,75.17626980501231,0,0,0,235.6763657802286,4329.967155795055,2140.2385205288256,2140.2385205288256,2342.4538272407335
2022-02-11T00:00:00Z,2140.8865967178976,124.67640286940849,124.67640286940849,124.67640286940849,0,0,0,0,0,0,0,0,0,0,0,0,0,0,0,0,0,0,-695.6797131564576,-695.6797131564576,-695.6797131564576,0,0,0,0,0,0,789.6082492644383,789.6082492644383,789.6082492644383,30.747866761427527,30.747866761427527,30.747866761427527,0,0,0,229.79514851600229,4301.069634299985,2140.8865967178976,2140.8865967178976,2265.562999587306
2022-02-12T00:00:00Z,2141.534672906969,-2060.622863275627,-2060.622863275627,-2060.622863275627,0,0,0,0,0,0,0,0,0,0,0,0,0,0,0,0,0,0,-567.202040200369,-567.202040200369,-567.202040200369,0,0,0,0,0,0,-1475.8814904602568,-1475.8814904602568,-1475.8814904602568,-17.539332615001022,-17.539332615001022,-17.539332615001022,0,0,0,-1867.5032575633643,2091.00457565883,2141.534672906969,2141.534672906969,80.91180963134184
2022-02-13T00:00:00Z,2142.1827490960404,-2466.887272242816,-2466.887272242816,-2466.887272242816,0,0,0,0,0,0,0,0,0,0,0,0,0,0,0,0,0,0,-328.0565771842164,-328.0565771842164,-328.0565771842164,0,0,0,0,0,0,-2070.6412822395687,-2070.6412822395687,-2070.6412822395687,-68.18941281903143,-68.18941281903143,-68.18941281903143,0,0,0,-2418.421232953904,1570.6071864900018,2142.1827490960404,2142.1827490960404,-324.7045231467755
2022-02-14T00:00:00Z,2142.830825285112,151.8616955492495,151.8616955492495,151.8616955492495,0,0,0,0,0,0,0,0,0,0,0,0,0,0,0,0,0,0,-145.74688803607066,-145.74688803607066,-145.74688803607066,0,0,0,0,0,0,417.26683863940116,417.26683863940116,417.26683863940116,-119.65825505408087,-119.65825505408087,-119.65825505408087,0,0,0,494.3150665208066,4213.768160794569,2142.830825285112,2142.830825285112,2294.6925208343614
2022-02-15T00:00:00Z,2143.4789014741837,479.94462703819323,479.94462703819323,479.94462703819323,0,0,0,0,0,0,0,0,0,0,0,0,0,0,0,0,0,0,-132.34592029227605,-132.34592029227605,-132.34592029227605,0,0,0,0,0,0,782.6848167504169,782.6848167504169,782.6848167504169,-170.39426941994765,-170.39426941994765,-170.39426941994765,0,0,0,688.8580402834889,4642.670500977039,2143.4789014741837,2143.4789014741837,2623.423528512377
2022-02-16T00:00:00Z,2144.126977663255,319.13006008685704,319.13006008685704,319.13006008685704,0,0,0,0,0,0,0,0,0,0,0,0,0,0,0,0,0,0,-212.51070331388325,-212.51070331388325,-212.51070331388325,0,0,0,0,0,0,750.5195902299006,750.5195902299006,750.5195902299006,-218.8788268291601,-218.8788268291601,-218.8788268291601,0,0,0,403.4073734380262,4400.213992807698,2144.126977663255,2144.126977663255,2463.257037750112
2022-02-17T00:00:00Z,2144.775053852327,346.33487822939105,346.33487822939105,346.33487822939105,0,0,0,0,0,0,0,0,0,0,0,0,0,0,0,0,0,0,-196.44305566673748,-196.44305566673748,-196.44305566673748,0,0,0,0,0,0,806.4432778124007,806.4432778124007,806.4432778124007,-263.6653439162721,-263.6653439162721,-263.6653439162721,0,0,0,563.9964015172777,4443.769841829083,2144.775053852327,2144.775053852327,2491.109932081718
2022-02-18T00:00:00Z,2145.423130041398,500.0401576341486,500.0401576341486,500.0401576341486,0,0,0,0,0,0,0,0,0,0,0,0,0,0,0,0,0,0,13.847929083784514,13.847929083784514,13.847929083784514,0,0,0,0,0,0,789.6082492646619,789.6082492646619,789.6082492646619,-303.41602071429793,-303.41602071429793,-303.41602071429793,0,0,0,742.9659206582122,4701.780177907787,2145.423130041398,2145.423130041398,2645.463287675547
2022-02-19T00:00:00Z,2146.071206230469,-1503.7472526412591,-1503.7472526412591,-1503.7472526412591,0,0,0,0,0,0,0,0,0,0,0,0,0,0,0,0,0,0,309.06954128024324,309.06954128024324,309.06954128024324,0,0,0,0,0,0,-1475.8814904613178,-1475.8814904613178,-1475.8814904613178,-336.9353034601845,-336.9353034601845,-336.9353034601845,0,0,0,-1390.553247337898,2728.4936735066603,2146.071206230469,2146.071206230469,642.3239535892101
2022-02-20T00:00:00Z,2146.7192824195413,-1943.5850228707698,-1943.5850228707698,-1943.5850228707698,0,0,0,0,0,0,0,0,0,0,0,0,0,0,0,0,0,0,490.2555007514658,490.2555007514658,490.2555007514658,0,0,0,0,0,0,-2070.641282238946,-2070.641282238946,-2070.641282238946,-363.1992413832895,-363.1992413832895,-363.1992413832895,0,0,0,-1883.5077694422241,2027.0940659815003,2146.7192824195413,2146.7192824195413,203.13425954877152
2022-02-21T00:00:00Z,2147.3673586086124,552.6117164601101,552.6117164601101,552.6117164601101,0,0,0,0,0,0,0,0,0,0,0,0,0,0,0,0,0,0,516.7249017071276,516.7249017071276,516.7249017071276,0,0,0,0,0,0,417.26683864013285,417.26683864013285,417.26683864013285,-381.3800238871505,-381.3800238871505,-381.3800238871505,0,0,0,674.6552060319455,4801.250494500134,2147.3673586086124,2147.3673586086124,2699.9790750687225
2022-02-22T00:00:00Z,2148.015434797684,1012.4743955008647,1012.4743955008647,1012.4743955008647,0,0,0,0,0,0,0,0,0,0,0,0,0,0,0,0,0,0,620.6546985744866,620.6546985744866,620.6546985744866,0,0,0,0,0,0,782.6848167501148,782.6848167501148,782.6848167501148,-390.86511982373634,-390.86511982373634,-390.86511982373634,0,0,0,1109.7939458381968,5096.3356095597,2148.015434797684,2148.015434797684,3160.489830298549
2022-02-23T00:00:00Z,2148.663510986756,1485.6605360014855,1485.6605360014855,1485.6605360014855,0,0,0,0,0,0,0,0,0,0,0,0,0,0,0,0,0,0,1126.4115355199724,1126.4115355199724,1126.4115355199724,0,0,0,0,0,0,750.5195902302735,750.5195902302735,750.5195902302735,-391.2705897487597,-391.2705897487597,-391.2705897487597,0,0,0,1535.1687365843832,5569.640505100674,2148.663510986756,2148.663510986756,3634.3240469882417
2022-02-24T00:00:00Z,2149.3115871871973,2524.078398160219,2524.078398160219,2524.078398160219,0,0,0,0,0,0,0,0,0,0,0,0,0,0,0,0,0,0,2100.0834213362195,2100.0834213362195,2100.0834213362195,0,0,0,0,0,0,806.4432778132098,806.4432778132098,806.4432778132098,-382.44830098920943,-382.44830098920943,-382.44830098920943,0,0,0,2732.777997567067,6685.037505809676,2149.3115871871973,2149.3115871871973,4673.389985347416
2022-02-25T00:00:00Z,2149.959663387639,3579.100580867939,3579.100580867939,3579.100580867939,0,0,0,0,0,0,0,0,0,0,0,0,0,0,0,0,0,0,3153.9792712745634,3153.9792712745634,3153.9792712745634,0,0,0,0,0,0,789.6082492630994,789.6082492630994,789.6082492630994,-364.48693966972394,-364.48693966972394,-364.48693966972394,0,0,0,3716.033867239086,7678.40609296016,2149.959663387639,2149.959663387639,5729.060244255577
2022-02-26T00:00:00Z,2150.60773958808,1819.188963152295,1819.188963152295,1819.188963152295,0,0,0,0,0,0,0,0,0,0,0,0,0,0,0,0,0,0,3632.777332649763,3632.777332649763,3632.777332649763,0,0,0,0,0,0,-1475.8814904541764,-1475.8814904541764,-1475.8814904541764,-337.7068790432916,-337.7068790432916,-337.7068790432916,0,0,0,1981.9274544476632,5970.414682037598,2150.60773958808,2150.60773958808,3969.796702740375
2022-02-27T00:00:00Z,2151.255815788522,705.0270060426367,705.0270060426367,705.0270060426367,0,0,0,0,0,0,0,0,0,0,0,0,0,0,0,0,0,0,3078.317413378811,3078.317413378811,3078.317413378811,0,0,0,0,0,0,-2070.6412822421585,-2070.6412822421585,-2070.6412822421585,-302.6491250940161,-302.6491250940161,-302.6491250940161,0,0,0,928.7546412282169,4881.286881738503,2151.255815788522,2151.255815788522,2856.282821831159
2022-02-28T00:00:00Z,2151.903891988963,1760.3807998451334,1760.3807998451334,1760.3807998451334,0,0,0,0,0,0,0,0,0,0,0,0,0,0,0,0,0,0,1603.1726752953941,1603.1726752953941,1603.1726752953941,0,0,0,0,0,0,417.26683864288634,417.26683864288634,417.26683864288634,-260.0587140931475,-260.0587140931475,-260.0587140931475,0,0,0,1812.9304036848503,5913.926731943262,2151.903891988963,2151.903891988963,3912.2846918340965
2022-03-01T00:00:00Z,2152.5519681894043,424.1688950011528,424.1688950011528,424.1688950011528,0,0,0,0,0,0,0,0,0,0,0,0,0,0,0,0,0,0,-147.65284320248455,-147.65284320248455,-147.65284320248455,0,0,0,0,0,0,782.6848167500285,782.6848167500285,782.6848167500285,-210.86307854639116,-210.86307854639116,-210.86307854639116,0,0,0,619.578364540443,4803.141664810602,2152.5519681894043,2152.5519681894043,2576.720863190557
2022-03-02T00:00:00Z,2153.200044389846,-836.9810256178082,-836.9810256178082,-836.9810256178082,0,0,0,0,0,0,0,0,0,0,0,0,0,0,0,0,0,0,-1431.3545917940924,-1431.3545917940924,-1431.3545917940924,0,0,0,0,0,0,750.5195902294035,750.5195902294035,750.5195902294035,-156.14602405311942,-156.14602405311942,-156.14602405311942,0,0,0,-788.1589416118401,3182.2192277763406,2153.200044389846,2153.200044389846,1316.2190187720378
2022-03-03T00:00:00Z,2153.848120590287,-1183.358032030325,-1183.358032030325,-1183.358032030325,0,0,0,0,0,0,0,0,0,0,0,0,0,0,0,0,0,0,-1892.683243035843,-1892.683243035843,-1892.683243035843,0,0,0,0,0,0,806.4432778112379,806.4432778112379,806.4432778112379,-97.11806680571985,-97.11806680571985,-97.11806680571985,0,0,0,-996.4014372549858,2895.897967814787,2153.848120590287,2153.848120590287,970.4900885599623
2022-03-04T00:00:00Z,2154.496196790729,-967.5309867647135,-967.5309867647135,-967.5309867647135,0,0,0,0,0,0,0,0,0,0,0,0,0,0,0,0,0,0,-1722.0552689305193,-1722.0552689305193,-1722.0552689305193,0,0,0,0,0,0,789.6082492615371,789.6082492615371,789.6082492615371,-35.083967095730934,-35.083967095730934,-35.083967095730934,0,0,0,-798.2208293025724,3115.907153223408,2154.496196790729,2154.496196790729,1186.9652100260155
2022-03-05T00:00:00Z,2155.14427299117,-2844.5418772986104,-2844.5418772986104,-2844.5418772986104,0,0,0,0,0,0,0,0,0,0,0,0,0,0,0,0,0,0,-1397.2520306327144,-1397.2520306327144,-1397.2520306327144,0,0,0,0,0,0,-1475.8814904552369,-1475.8814904552369,-1475.8814904552369,28.591643789341244,28.591643789341244,28.591643789341244,0,0,0,-2743.932524918045,1271.442222061455,2155.14427299117,2155.14427299117,-689.3976043074404
2022-03-06T00:00:00Z,2155.7923491916117,-3244.487948073599,-3244.487948073599,-3244.487948073599,0,0,0,0,0,0,0,0,0,0,0,0,0,0,0,0,0,0,-1266.3662747063881,-1266.3662747063881,-1266.3662747063881,0,0,0,0,0,0,-2070.64128223993,-2070.64128223993,-2070.64128223993,92.51960887272023,92.51960887272023,92.51960887272023,0,0,0,-3176.599952397453,804.2827125062985,2155.7923491916117,2155.7923491916117,-1088.6955988819873
2022-03-07T00:00:00Z,2156.440425392053,-757.0586174831946,-757.0586174831946,-757.0586174831946,0,0,0,0,0,0,0,0,0,0,0,0,0,0,0,0,0,0,-1329.6470733943972,-1329.6470733943972,-1329.6470733943972,0,0,0,0,0,0,417.26683864361803,417.26683864361803,417.26683864361803,155.32161726758446,155.32161726758446,155.32161726758446,0,0,0,-693.2390905394495,3471.0509152575523,2156.440425392053,2156.440425392053,1399.3818079088583
2022-03-08T00:00:00Z,2157.0885015924946,-363.38651628764933,-363.38651628764933,-363.38651628764933,0,0,0,0,0,0,0,0,0,0,0,0,0,0,0,0,0,0,-1361.7360040622657,-1361.7360040622657,-1361.7360040622657,0,0,0,0,0,0,782.6848167497262,782.6848167497262,782.6848167497262,215.6646710248899,215.6646710248899,215.6646710248899,0,0,0,-173.82466110737278,3775.8038793667597,2157.0885015924946,2157.0885015924946,1793.7019853048453
2022-03-09T00:00:00Z,2157.736577792936,-178.69591768199803,-178.69591768199803,-178.69591768199803,0,0,0,0,0,0,0,0,0,0,0,0,0,0,0,0,0,0,-1201.50926281116,-1201.50926281116,-1201.50926281116,0,0,0,0,0,0,750.5195902303661,750.5195902303661,750.5195902303661,272.2937548987957,272.2937548987957,272.2937548987957,0,0,0,-52.47792108716282,4053.145547037438,2157.736577792936,2157.736577792936,1979.0406601109378
2022-03-10T00:00:00Z,2158.3846539933775,215.58365812904884,215.58365812904884,215.58365812904884,0,0,0,0,0,0,0,0,0,0,0,0,0,0,0,0,0,0,-914.9214993303949,-914.9214993303949,-914.9214993303949,0,0,0,0,0,0,806.4432778107107,806.4432778107107,806.4432778107107,324.0618796487331,324.0618796487331,324.0618796487331,0,0,0,460.7689423185017,4301.826662588052,2158.3846539933775,2158.3846539933775,2373.968312122426
2022-03-11T00:00:00Z,2159.032730193818,461.163328621467,461.163328621467,461.163328621467,0,0,0,0,0,0,0,0,0,0,0,0,0,0,0,0,0,0,-698.4016743758627,-698.4016743758627,-698.4016743758627,0,0,0,0,0,0,789.6082492599749,789.6082492599749,789.6082492599749,369.95675373735486,369.95675373735486,369.95675373735486,0,0,0,656.3353556466295,4687.9681353000815,2159.032730193818,2159.032730193818,2620.196058815285
2022-03-12T00:00:00Z,2159.68080639426,-1723.8311707438986,-1723.8311707438986,-1723.8311707438986,0,0,0,0,0,0,0,0,0,0,0,0,0,0,0,0,0,0,-657.0731216829381,-657.0731216829381,-657.0731216829381,0,0,0,0,0,0,-1475.8814904581802,-1475.8814904581802,-1475.8814904581802,409.12344139721944,409.12344139721944,409.12344139721944,0,0,0,-1572.615861870288,2402.1899439024346,2159.68080639426,2159.68080639426,435.8496356503613
2022-03-13T00:00:00Z,2160.328882594701,-2329.6747762414907,-2329.6747762414907,-2329.6747762414907,0,0,0,0,0,0,0,0,0,0,0,0,0,0,0,0,0,0,-699.9159779296716,-699.9159779296716,-699.9159779296716,0,0,0,0,0,0,-2070.641282240914,-2070.641282240914,-2070.641282240914,440.88248392909463,440.88248392909463,440.88248392909463,0,0,0,-2025.6360571980306,1712.1921731970272,2160.328882594701,2160.328882594701,-169.3458936467896
2022-03-14T00:00:00Z,2160.9769587951428,229.91584188157188,229.91584188157188,229.91584188157188,0,0,0,0,0,0,0,0,0,0,0,0,0,0,0,0,0,0,-652.0940890213773,-652.0940890213773,-652.0940890213773,0,0,0,0,0,0,417.2668386370307,417.2668386370307,417.2668386370307,464.7430922659185,464.7430922659185,464.7430922659185,0,0,0,361.33870714052387,4294.398131888003,2160.9769587951428,2160.9769587951428,2390.8928006767146
2022-03-15T00:00:00Z,2161.625034995584,810.8896699983966,810.8896699983966,810.8896699983966,0,0,0,0,0,0,0,0,0,0,0,0,0,0,0,0,0,0,-452.20630527959173,-452.20630527959173,-452.20630527959173,0,0,0,0,0,0,782.6848167494243,782.6848167494243,782.6848167494243,480.4111585285643,480.4111585285643,480.4111585285643,0,0,0,897.9203349948249,4790.248469982465,2161.625034995584,2161.625034995584,2972.5147049939806
2022-03-16T00:00:00Z,2162.2731111960256,1019.1971044056548,1019.1971044056548,1019.1971044056548,0,0,0,0,0,0,0,0,0,0,0,0,0,0,0,0,0,0,-219.11446434466393,-219.11446434466393,-219.11446434466393,0,0,0,0,0,0,750.5195902301175,750.5195902301175,750.5195902301175,487.79197852020144,487.79197852020144,487.79197852020144,0,0,0,1171.4015776496321,5087.616140450913,2162.2731111960256,2162.2731111960256,3181.4702156016806
2022-03-17T00:00:00Z,2162.921187396467,1175.4136546785182,1175.4136546785182,1175.4136546785182,0,0,0,0,0,0,0,0,0,0,0,0,0,0,0,0,0,0,-118.0173449748453,-118.0173449748453,-118.0173449748453,0,0,0,0,0,0,806.4432778128562,806.4432778128562,806.4432778128562,486.9877218405075,486.9877218405075,486.9877218405075,0,0,0,1347.585704854399,5145.754367790261,2162.921187396467,2162.921187396467,3338.3348420749853
2022-03-18T00:00:00Z,2163.569263596908,1095.7257800597977,1095.7257800597977,1095.7257800597977,0,0,0,0,0,0,0,0,0,0,0,0,0,0,0,0,0,0,-172.17229673861115,-172.17229673861115,-172.17229673861115,0,0,0,0,0,0,789.6082492601984,789.6082492601984,789.6082492601984,478.2898275382105,478.2898275382105,478.2898275382105,0,0,0,1304.033660670961,5400.604783089892,2163.569263596908,2163.569263596908,3259.2950436567057
2022-03-19T00:00:00Z,2164.2173397973497,-1240.8645514213872,-1240.8645514213872,-1240.8645514213872,0,0,0,0,0,0,0,0,0,0,0,0,0,0,0,0,0,0,-227.14969809688193,-227.14969809688193,-227.14969809688193,0,0,0,0,0,0,-1475.8814904573587,-1475.8814904573587,-1475.8814904573587,462.16663713285334,462.16663713285334,462.16663713285334,0,0,0,-932.0482665206085,2781.6090218964573,2164.2173397973497,2164.2173397973497,923.3527883759625
2022-03-20T00:00:00Z,2164.865415997791,-1744.7900810602523,-1744.7900810602523,-1744.7900810602523,0,0,0,0,0,0,0,0,0,0,0,0,0,0,0,0,0,0,-113.39549864683686,-113.39549864683686,-113.39549864683686,0,0,0,0,0,0,-2070.641282238686,-2070.641282238686,-2070.641282238686,439.24669982527087,439.24669982527087,439.24669982527087,0,0,0,-1645.828844432774,2500.7296911395624,2164.865415997791,2164.865415997791,420.0753349375386
2022-03-21T00:00:00Z,2165.5134921982326,991.6059206780998,991.6059206780998,991.6059206780998,0,0,0,0,0,0,0,0,0,0,0,0,0,0,0,0,0,0,164.04078846904255,164.04078846904255,164.04078846904255,0,0,0,0,0,0,417.2668386387734,417.2668386387734,417.2668386387734,410.29829357028393,410.29829357028393,410.29829357028393,0,0,0,1330.5471095367504,5062.289044662506,2165.5134921982326,2165.5134921982326,3157.1194128763323
2022-03-22T00:00:00Z,2166.161568398674,1581.7103164147152,1581.7103164147152,1581.7103164147152,0,0,0,0,0,0,0,0,0,0,0,0,0,0,0,0,0,0,422.8197020555719,422.8197020555719,422.8197020555719,0,0,0,0,0,0,782.6848167491219,782.6848167491219,782.6848167491219,376.2057976100208,376.2057976100208,376.2057976100208,0,0,0,1649.483936071176,5714.140614976104,2166.161568398674,2166.161568398674,3747.871884813389
2022-03-23T00:00:00Z,2166.8096445991155,1602.5298446508048,1602.5298446508048,1602.5298446508048,0,0,0,0,0,0,0,0,0,0,0,0,0,0,0,0,0,0,514.0666296309233,514.0666296309233,514.0666296309233,0,0,0,0,0,0,750.5195902304905,750.5195902304905,750.5195902304905,337.9436247893899,337.9436247893899,337.9436247893899,0,0,0,1826.60873147982,5626.90341210256,2166.8096445991155,2166.8096445991155,3769.33948924992
2022-03-24T00:00:00Z,2167.4577207995567,1639.893272396381,1639.893272396381,1639.893272396381,0,0,0,0,0,0,0,0,0,0,0,0,0,0,0,0,0,0,536.9015207736409,536.9015207736409,536.9015207736409,0,0,0,0,0,0,806.443277812329,806.443277812329,806.443277812329,296.54847381041105,296.54847381041105,296.54847381041105,0,0,0,1881.5045485673845,5758.273387494885,2167.4577207995567,2167.4577207995567,3807.350993195938
2022-03-25T00:00:00Z,2168.1057969999983,1851.9358499771763,1851.9358499771763,1851.9358499771763,0,0,0,0,0,0,0,0,0,0,0,0,0,0,0,0,0,0,809.2369092917846,809.2369092917846,809.2369092917846,0,0,0,0,0,0,789.6082492650016,789.6082492650016,789.6082492650016,253.0906914203906,253.0906914203906,253.0906914203906,0,0,0,2099.5818015843615,5950.992985142504,2168.1057969999983,2168.1057969999983,4020.0416469771744
2022-03-26T00:00:00Z,2168.7538732004396,301.2843337451323,301.2843337451323,301.2843337451323,0,0,0,0,0,0,0,0,0,0,0,0,0,0,0,0,0,0,1568.520282258013,1568.520282258013,1568.520282258013,0,0,0,0,0,0,-1475.8814904520996,-1475.8814904520996,-1475.8814904520996,208.64554193921887,208.64554193921887,208.64554193921887,0,0,0,354.5367419590498,4591.2879350073945,2168.7538732004396,2168.7538732004396,2470.038206945572
2022-03-27T00:00:00Z,2169.401949400881,750.1503343594161,750.1503343594161,750.1503343594161,0,0,0,0,0,0,0,0,0,0,0,0,0,0,0,0,0,0,2656.526449922973,2656.526449922973,2656.526449922973,0,0,0,0,0,0,-2070.641282238064,-2070.641282238064,-2070.641282238064,164.26516667450727,164.26516667450727,164.26516667450727,0,0,0,825.8036958414278,4847.506772649831,2169.401949400881,2169.401949400881,2919.5522837602975
2022-03-28T00:00:00Z,2170.0500256013224,4042.6008679646534,4042.6008679646534,4042.6008679646534,0,0,0,0,0,0,0,0,0,0,0,0,0,0,0,0,0,0,3504.3820498537443,3504.3820498537443,3504.3820498537443,0,0,0,0,0,0,417.26683864051597,417.26683864051597,417.26683864051597,120.95197947039395,120.95197947039395,120.95197947039395,0,0,0,4138.419710401372,8228.393624760927,2170.0500256013224,2170.0500256013224,6212.650893565976
2022-03-29T00:00:00Z,2170.698101801764,4355.333458549337,4355.333458549337,4355.333458549337,0,0,0,0,0,0,0,0,0,0,0,0,0,0,0,0,0,0,3493.014453514976,3493.014453514976,3493.014453514976,0,0,0,0,0,0,782.6848167490357,782.6848167490357,782.6848167490357,79.63418828532544,79.63418828532544,79.63418828532544,0,0,0,4675.267952498393,8500.502148135762,2170.698101801764,2170.698101801764,6526.031560351101
2022-03-30T00:00:00Z,2171.3461780022053,3215.899936316489,3215.899936316489,3215.899936316489,0,0,0,0,0,0,0,0,0,0,0,0,0,0,0,0,0,0,2424.236287867677,2424.236287867677,2424.236287867677,0,0,0,0,0,0,750.5195902302098,750.5195902302098,750.5195902302098,41.14405821860065,41.14405821860065,41.14405821860065,0,0,0,3451.7522854216136,7363.392518130739,2171.3461780022053,2171.3461780022053,5387.246114318694
2022-03-31T00:00:00Z,2171.9942542026465,1524.193025106118,1524.193025106118,1524.193025106118,0,0,0,0,0,0,0,0,0,0,0,0,0,0,0,0,0,0,711.550306031922,711.550306031922,711.550306031922,0,0,0,0,0,0,806.4432778118019,806.4432778118019,806.4432778118019,6.199441262394097,6.199441262394097,6.199441262394097,0,0,0,1674.1072839308388,5791.860940228677,2171.9942542026465,2171.9942542026465,3696.1872793087646
2022-04-01T00:00:00Z,2172.642330403088,-118.27789722946733,-118.27789722946733,-118.27789722946733,0,0,0,0,0,0,0,0,0,0,0,0,0,0,0,0,0,0,-883.2751415231646,-883.2751415231646,-883.2751415231646,0,0,0,0,0,0,789.608249263439,789.608249263439,789.608249263439,-24.611004969741614,-24.611004969741614,-24.611004969741614,0,0,0,102.90579739307337,3897.417415549276,2172.642330403088,2172.642330403088,2054.364433173621
2022-04-02T00:00:00Z,2173.2904066035294,-3291.095998302087,-3291.095998302087,-3291.095998302087,0,0,0,0,0,0,0,0,0,0,0,0,0,0,0,0,0,0,-1764.3759078350472,-1764.3759078350472,-1764.3759078350472,0,0,0,0,0,0,-1475.88149045316,-1475.88149045316,-1475.88149045316,-50.838600013879415,-50.838600013879415,-50.838600013879415,0,0,0,-3028.634135801119,986.7046925538377,2173.2904066035294,2173.2904066035294,-1117.8055916985577
2022-04-03T00:00:00Z,2173.938482803971,-4000.9889646835873,-4000.9889646835873,-4000.9889646835873,0,0,0,0,0,0,0,0,0,0,0,0,0,0,0,0,0,0,-1858.1664480636248,-1858.1664480636248,-1858.1664480636248,0,0,0,0,0,0,-2070.6412822374414,-2070.6412822374414,-2070.6412822374414,-72.18123438252111,-72.18123438252111,-72.18123438252111,0,0,0,-3926.9647689635062,146.16764762382684,2173.938482803971,2173.938482803971,-1827.0504818796162
2022-04-04T00:00:00Z,2174.5865590044123,-1221.114275513764,-1221.114275513764,-1221.114275513764,0,0,0,0,0,0,0,0,0,0,0,0,0,0,0,0,0,0,-1549.8954082153814,-1549.8954082153814,-1549.8954082153814,0,0,0,0,0,0,417.26683864124783,417.26683864124783,417.26683864124783,-88.48570593963068,-88.48570593963068,-88.48570593963068,0,0,0,-1021.3746180983142,2956.1893938091653,2174.5865590044123,2174.5865590044123,953.4722834906484
2022-04-05T00:00:00Z,2175.234635204854,-616.3637178402386,-616.3637178402386,-616.3637178402386,0,0,0,0,0,0,0,0,0,0,0,0,0,0,0,0,0,0,-1299.3026830021684,-1299.3026830021684,-1299.3026830021684,0,0,0,0,0,0,782.6848167499112,782.6848167499112,782.6848167499112,-99.7458515879815,-99.7458515879815,-99.7458515879815,0,0,0,-497.62047985409504,3608.0731387562864,2175.234635204854,2175.234635204854,1558.8709173646153
2022-04-06T00:00:00Z,2175.882711405295,-641.4439553416915,-641.4439553416915,-641.4439553416915,0,0,0,0,0,0,0,0,0,0,0,0,0,0,0,0,0,0,-1285.8669013619785,-1285.8669013619785,-1285.8669013619785,0,0,0,0,0,0,750.5195902305829,750.5195902305829,750.5195902305829,-106.09664421029511,-106.09664421029511,-106.09664421029511,0,0,0,-504.1344817804041,3399.526124609638,2175.882711405295,2175.882711405295,1534.4387560636037
2022-04-07T00:00:00Z,2176.530787605737,-665.6774210396856,-665.6774210396856,-665.6774210396856,0,0,0,0,0,0,0,0,0,0,0,0,0,0,0,0,0,0,-1364.3161642281923,-1364.3161642281923,-1364.3161642281923,0,0,0,0,0,0,806.4432778139474,806.4432778139474,806.4432778139474,-107.80453462544062,-107.80453462544062,-107.80453462544062,0,0,0,-543.6865784194176,3514.3982614113065,2176.530787605737,2176.530787605737,1510.8533665660511
2022-04-08T00:00:00Z,2177.178863806178,-622.569612796805,-622.569612796805,-622.569612796805,0,0,0,0,0,0,0,0,0,0,0,0,0,0,0,0,0,0,-1306.9234442711966,-1306.9234442711966,-1306.9234442711966,0,0,0,0,0,0,789.6082492618768,789.6082492618768,789.6082492618768,-105.25441778748568,-105.25441778748568,-105.25441778748568,0,0,0,-472.4710314873779,3549.787648905958,2177.178863806178,2177.178863806178,1554.609251009373
2022-04-09T00:00:00Z,2177.8269400066197,-2636.9981567157074,-2636.9981567157074,-2636.9981567157074,0,0,0,0,0,0,0,0,0,0,0,0,0,0,0,0,0,0,-1062.1829773292243,-1062.1829773292243,-1062.1829773292243,0,0,0,0,0,0,-1475.881490454221,-1475.881490454221,-1475.881490454221,-98.93368893226116,-98.93368893226116,-98.93368893226116,0,0,0,-2503.428905625442,1365.9990295151847,2177.8269400066197,2177.8269400066197,-459.17121670908773
2022-04-10T00:00:00Z,2178.475016207061,-2946.9411988052507,-2946.9411988052507,-2946.9411988052507,0,0,0,0,0,0,0,0,0,0,0,0,0,0,0,0,0,0,-786.8859899346621,-786.8859899346621,-786.8859899346621,0,0,0,0,0,0,-2070.641282242259,-2070.641282242259,-2070.641282242259,-89.41392662832892,-89.41392662832892,-89.41392662832892,0,0,0,-2918.3173084130826,1179.4546239125868,2178.475016207061,2178.475016207061,-768.4661825981898
2022-04-11T00:00:00Z,2179.1230924075026,-317.3547883565764,-317.3547883565764,-317.3547883565764,0,0,0,0,0,0,0,0,0,0,0,0,0,0,0,0,0,0,-657.2908330150289,-657.2908330150289,-657.2908330150289,0,0,0,0,0,0,417.26683864197935,417.26683864197935,417.26683864197935,-77.33079398352697,-77.33079398352697,-77.33079398352697,0,0,0,-83.27647460667298,3679.5103747994326,2179.1230924075026,2179.1230924075026,1861.7683040509262
2022-04-12T00:00:00Z,2179.7711686079438,39.91779049200452,39.91779049200452,39.91779049200452,0,0,0,0,0,0,0,0,0,0,0,0,0,0,0,0,0,0,-679.4042409041114,-679.4042409041114,-679.4042409041114,0,0,0,0,0,0,782.6848167498251,782.6848167498251,782.6848167498251,-63.36278535370893,-63.36278535370893,-63.36278535370893,0,0,0,389.60499183109516,4204.062321970075,2179.7711686079438,2179.7711686079438,2219.688959099948
2022-04-13T00:00:00Z,2180.4192448083854,6.630413937804739,6.630413937804739,6.630413937804739,0,0,0,0,0,0,0,0,0,0,0,0,0,0,0,0,0,0,-695.6797131567015,-695.6797131567015,-695.6797131567015,0,0,0,0,0,0,750.5195902303346,750.5195902303346,750.5195902303346,-48.20946313582844,-48.20946313582844,-48.20946313582844,0,0,0,8.465011412296972,4069.296090565172,2180.4192448083854,2180.4192448083854,2187.0496587461903
2022-04-14T00:00:00Z,2181.0673210088266,206.67141014812904,206.67141014812904,206.67141014812904,0,0,0,0,0,0,0,0,0,0,0,0,0,0,0,0,0,0,-567.2020401994876,-567.2020401994876,-567.2020401994876,0,0,0,0,0,0,806.4432778134204,806.4432778134204,806.4432778134204,-32.56982746580364,-32.56982746580364,-32.56982746580364,0,0,0,441.06634480323646,4311.113710470281,2181.0673210088266,2181.0673210088266,2387.7387311569555
2022-04-15T00:00:00Z,2181.715397209268,444.4302307472529,444.4302307472529,444.4302307472529,0,0,0,0,0,0,0,0,0,0,0,0,0,0,0,0,0,0,-328.0565771828603,-328.0565771828603,-328.0565771828603,0,0,0,0,0,0,789.6082492621006,789.6082492621006,789.6082492621006,-17.121441331987366,-17.121441331987366,-17.121441331987366,0,0,0,524.4308437412665,4641.819638434549,2181.715397209268,2181.715397209268,2626.145627956521
2022-04-16T00:00:00Z,2182.3634734097095,-1624.1292742067515,-1624.1292742067515,-1624.1292742067515,0,0,0,0,0,0,0,0,0,0,0,0,0,0,0,0,0,0,-145.74688803585227,-145.74688803585227,-145.74688803585227,0,0,0,0,0,0,-1475.8814904552821,-1475.8814904552821,-1475.8814904552821,-2.5008957156172364,-2.5008957156172364,-2.5008957156172364,0,0,0,-1295.2390653701757,2479.747993156788,2182.3634734097095,2182.3634734097095,558.234199202958
2022-04-17T00:00:00Z,2183.0115496101507,-2192.2733478674013,-2192.2733478674013,-2192.2733478674013,0,0,0,0,0,0,0,0,0,0,0,0,0,0,0,0,0,0,-132.34592029151142,-132.34592029151142,-132.34592029151142,0,0,0,0,0,0,-2070.6412822400316,-2070.6412822400316,-2070.6412822400316,10.71385466414152,10.71385466414152,10.71385466414152,0,0,0,-2066.084689955061,1832.860617836404,2183.0115496101507,2183.0115496101507,-9.261798257250575
2022-04-18T00:00:00Z,2183.6596258017435,-1714.4470008157639,-1714.4470008157639,-1714.4470008157639,0,0,0,0,0,0,-1941.2219588157836,-1941.2219588157836,-1941.2219588157836,0,0,0,0,0,0,-1941.2219588157836,-1941.2219588157836,-1941.2219588157836,-212.51070331375425,-212.51070331375425,-212.51070331375425,0,0,0,0,0,0,417.26683864473296,417.26683864473296,417.26683864473296,22.01882266904078,22.01882266904078,22.01882266904078,0,0,0,-1591.193848359039,2427.9704452735004,2183.6596258017435,2183.6596258017435,469.2126249859796
2022-04-19T00:00:00Z,2184.307701993336,617.2383660747064,617.2383660747064,617.2383660747064,0,0,0,0,0,0,0,0,0,0,0,0,0,0,0,0,0,0,-196.44305566565308,-196.44305566565308,-196.44305566565308,0,0,0,0,0,0,782.6848167495227,782.6848167495227,782.6848167495227,30.996604990836744,30.996604990836744,30.996604990836744,0,0,0,797.8259761962199,4758.898112758425,2184.307701993336,2184.307701993336,2801.5460680680426
2022-04-20T00:00:00Z,2184.955778184929,801.6935100395355,801.6935100395355,801.6935100395355,0,0,0,0,0,0,0,0,0,0,0,0,0,0,0,0,0,0,13.847929084555139,13.847929084555139,13.847929084555139,0,0,0,0,0,0,750.519590230086,750.519590230086,750.519590230086,37.32599072489453,37.32599072489453,37.32599072489453,0,0,0,1144.3137762103318,4916.185210171541,2184.955778184929,2184.955778184929,2986.6492882244643
2022-04-21T00:00:00Z,2185.603854376521,1156.3011848189324,1156.3011848189324,1156.3011848189324,0,0,0,0,0,0,0,0,0,0,0,0,0,0,0,0,0,0,309.0695412820927,309.0695412820927,309.0695412820927,0,0,0,0,0,0,806.4432778114483,806.4432778114483,806.4432778114483,40.788365725391174,40.788365725391174,40.788365725391174,0,0,0,1448.6752475541243,5466.295842517036,2185.603854376521,2185.603854376521,3341.9050391954534
2022-04-22T00:00:00Z,2186.251930568114,1321.1345658342775,1321.1345658342775,1321.1345658342775,0,0,0,0,0,0,0,0,0,0,0,0,0,0,0,0,0,0,490.25550075130434,490.25550075130434,490.25550075130434,0,0,0,0,0,0,789.6082492651175,789.6082492651175,789.6082492651175,41.27081581785577,41.27081581785577,41.27081581785577,0,0,0,1392.7764969805453,5483.259343909427,2186.251930568114,2186.251930568114,3507.3864964023915
2022-04-23T00:00:00Z,2186.900006759707,-920.3906566329381,-920.3906566329381,-920.3906566329381,0,0,0,0,0,0,0,0,0,0,0,0,0,0,0,0,0,0,516.7249017069503,516.7249017069503,516.7249017069503,0,0,0,0,0,0,-1475.881490458225,-1475.881490458225,-1475.881490458225,38.76593211833678,38.76593211833678,38.76593211833678,0,0,0,-616.3161407201446,3236.2615772007844,2186.900006759707,2186.900006759707,1266.509350126769
2022-04-24T00:00:00Z,2187.5480829512994,-1416.6181642053714,-1416.6181642053714,-1416.6181642053714,0,0,0,0,0,0,0,0,0,0,0,0,0,0,0,0,0,0,620.6546985747724,620.6546985747724,620.6546985747724,0,0,0,0,0,0,-2070.641282241015,-2070.641282241015,-2070.641282241015,33.36841946087056,33.36841946087056,33.36841946087056,0,0,0,-1216.4641901027044,2887.3191964638136,2187.5480829512994,2187.5480829512994,770.929918745928
2022-04-25T00:00:00Z,2188.196159142892,1568.9470755898856,1568.9470755898856,1568.9470755898856,0,0,0,0,0,0,0,0,0,0,0,0,0,0,0,0,0,0,1126.411535520183,1126.411535520183,1126.411535520183,0,0,0,0,0,0,417.2668386454648,417.2668386454648,417.2668386454648,25.268701424237506,25.268701424237506,25.268701424237506,0,0,0,1770.905379357431,5634.243632140459,2188.196159142892,2188.196159142892,3757.1432347327777
2022-04-26T00:00:00Z,2188.844235334485,2897.5120381215324,2897.5120381215324,2897.5120381215324,0,0,0,0,0,0,0,0,0,0,0,0,0,0,0,0,0,0,2100.083421336209,2100.083421336209,2100.083421336209,0,0,0,0,0,0,782.6848167506141,782.6848167506141,782.6848167506141,14.743800034708672,14.743800034708672,14.743800034708672,0,0,0,3115.9888434410555,7113.971886270003,2188.844235334485,2188.844235334485,5086.356273456017
2022-04-27T00:00:00Z,2189.4923115260776,3906.644704062062,3906.644704062062,3906.644704062062,0,0,0,0,0,0,0,0,0,0,0,0,0,0,0,0,0,0,3153.9792712736776,3153.9792712736776,3153.9792712736776,0,0,0,0,0,0,750.5195902298375,750.5195902298375,750.5195902298375,2.1458425585479444,2.1458425585479444,2.1458425585479444,0,0,0,4165.237409291723,8213.969411745045,2189.4923115260776,2189.4923115260776,6096.13701558814
2022-04-28T00:00:00Z,2190.1403877176704,4427.109220329808,4427.109220329808,4427.109220329808,0,0,0,0,0,0,0,0,0,0,0,0,0,0,0,0,0,0,3632.7773326490938,3632.7773326490938,3632.7773326490938,0,0,0,0,0,0,806.4432778109214,806.4432778109214,806.4432778109214,-12.11139013020713,-12.11139013020713,-12.11139013020713,0,0,0,4658.513181111346,8649.387502607882,2190.1403877176704,2190.1403877176704,6617.2496080474775
2022-04-29T00:00:00Z,2190.7884639092626,3840.3582517478203,3840.3582517478203,3840.3582517478203,0,0,0,0,0,0,0,0,0,0,0,0,0,0,0,0,0,0,3078.3174133781436,3078.3174133781436,3078.3174133781436,0,0,0,0,0,0,789.6082492653412,789.6082492653412,789.6082492653412,-27.56741089566329,-27.56741089566329,-27.56741089566329,0,0,0,3945.8527020108295,8013.588415043922,2190.7884639092626,2190.7884639092626,6031.146715657083
2022-04-30T00:00:00Z,2191.4365401008554,83.56021134723929,83.56021134723929,83.56021134723929,0,0,0,0,0,0,0,0,0,0,0,0,0,0,0,0,0,0,1603.1726752944207,1603.1726752944207,1603.1726752944207,0,0,0,0,0,0,-1475.881490459286,-1475.881490459286,-1475.881490459286,-43.730973487895014,-43.730973487895014,-43.730973487895014,0,0,0,447.928512447747,4222.6464544513565,2191.4365401008554,2191.4365401008554,2274.9967514480945
2022-05-01T00:00:00Z,2192.0846162924486,-4219.612590330077,-4219.612590330077,-4219.612590330077,0,0,0,0,0,0,-1941.2219588157836,-1941.2219588157836,-1941.2219588157836,0,0,0,0,0,0,-1941.2219588157836,-1941.2219588157836,-1941.2219588157836,-147.6528432030176,-147.6528432030176,-147.6528432030176,0,0,0,0,0,0,-2070.641282238787,-2070.641282238787,-2070.641282238787,-60.096506072488694,-60.096506072488694,-60.096506072488694,0,0,0,-3989.774997624624,-75.83939759493514,2192.0846162924486,2192.0846162924486,-2027.5279740376286
2022-05-02T00:00:00Z,2192.732692484041,-3770.970517033386,-3770.970517033386,-3770.970517033386,0,0,0,0,0,0,-2680.7222477621226,-2680.7222477621226,-2680.7222477621226,0,0,0,0,0,0,0,0,0,-1431.3545917944539,-1431.3545917944539,-1431.3545917944539,0,0,0,-2680.7222477621226,-2680.7222477621226,-2680.7222477621226,417.2668386388775,417.2668386388775,417.2668386388775,-76.16051611568729,-76.16051611568729,-76.16051611568729,0,0,0,-3493.570448258236,399.72925955775423,2192.732692484041,2192.732692484041,-1578.237824549345
2022-05-04T00:00:00Z,2194.0288448672263,-3973.9300146053674,-3973.9300146053674,-3973.9300146053674,0,0,0,0,0,0,-2896.9196913812652,-2896.9196913812652,-2896.9196913812652,0,0,0,0,0,0,-1941.2219588157836,-1941.2219588157836,-1941.2219588157836,-1722.0552689298402,-1722.0552689298402,-1722.0552689298402,0,0,0,-955.6977325654819,-955.6977325654819,-955.6977325654819,750.5195902302106,750.5195902302106,750.5195902302106,-105.47464452447221,-105.47464452447221,-105.47464452447221,0,0,0,-3750.6279576215925,193.59015338825995,2194.0288448672263,2194.0288448672263,-1779.901169738141
2022-05-05T00:00:00Z,2194.6769210588186,-2109.5099550688565,-2109.5099550688565,-2109.5099550688565,0,0,0,0,0,0,-1400.8355893620592,-1400.8355893620592,-1400.8355893620592,0,0,0,0,0,0,0,0,0,-1397.2520306336075,-1397.2520306336075,-1397.2520306336075,0,0,0,-1400.8355893620592,-1400.8355893620592,-1400.8355893620592,806.4432778130666,806.4432778130666,806.4432778130666,-117.86561288625597,-117.86561288625597,-117.86561288625597,0,0,0,-1796.1638042514573,1860.4960572364218,2194.6769210588186,2194.6769210588186,85.16696598996214
2022-05-06T00:00:00Z,2195.324997250412,-1674.1771116592447,-1674.1771116592447,-1674.1771116592447,0,0,0,0,0,0,-1069.157249526858,-1069.157249526858,-1069.157249526858,0,0,0,0,0,0,0,0,0,-1266.3662747071673,-1266.3662747071673,-1266.3662747071673,0,0,0,-1069.157249526858,-1069.157249526858,-1069.157249526858,789.608249265565,789.608249265565,789.608249265565,-128.261836690784,-128.261836690784,-128.261836690784,0,0,0,-1640.9583469289882,2425.2130736848544,2195.324997250412,2195.324997250412,521.1478855911671
2022-05-07T00:00:00Z,2195.9730734420045,-3095.5227712233605,-3095.5227712233605,-3095.5227712233605,0,0,0,0,0,0,-153.61199978314187,-153.61199978314187,-153.61199978314187,0,0,0,0,0,0,0,0,0,-1329.647073394169,-1329.647073394169,-1329.647073394169,0,0,0,-153.61199978314187,-153.61199978314187,-153.61199978314187,-1475.8814904521444,-1475.8814904521444,-1475.8814904521444,-136.38220759390424,-136.38220759390424,-136.38220759390424,0,0,0,-2831.9401704927554,1188.0837831019435,2195.9730734420045,2195.9730734420045,-899.5496977813559
2022-05-08T00:00:00Z,2196.621149633597,-3553.959909123986,-3553.959909123986,-3553.959909123986,0,0,0,0,0,0,20.43758651665317,20.43758651665317,20.43758651665317,0,0,0,0,0,0,0,0,0,-1361.7360040622918,-1361.7360040622918,-1361.7360040622918,0,0,0,20.43758651665317,20.43758651665317,20.43758651665317,-2070.641282238165,-2070.641282238165,-2070.641282238165,-142.02020934018245,-142.02020934018245,-142.02020934018245,0,0,0,-3408.4818237615596,666.3957568780407,2196.621149633597,2196.621149633597,-1357.3387594903893
2022-05-09T00:00:00Z,2197.2692258251896,-2399.8958789059834,-2399.8958789059834,-2399.8958789059834,0,0,0,0,0,0,-1470.60488239476,-1470.60488239476,-1470.60488239476,0,0,0,0,0,0,0,0,0,-1201.5092628115103,-1201.5092628115103,-1201.5092628115103,0,0,0,-1470.60488239476,-1470.60488239476,-1470.60488239476,417.26683864062005,417.26683864062005,417.26683864062005,-145.048572340333,-145.048572340333,-145.048572340333,0,0,0,-2145.847372649467,1697.3533836185773,2197.2692258251896,2197.2692258251896,-202.62665308079386
2022-05-10T00:00:00Z,2197.9173020167823,-1459.1208320971152,-1459.1208320971152,-1459.1208320971152,0,0,0,0,0,0,-1181.4628100860057,-1181.4628100860057,-1181.4628100860057,0,0,0,0,0,0,0,0,0,-914.9214993300449,-914.9214993300449,-914.9214993300449,0,0,0,-1181.4628100860057,-1181.4628100860057,-1181.4628100860057,782.6848167502257,782.6848167502257,782.6848167502257,-145.42133943129022,-145.42133943129022,-145.42133943129022,0,0,0,-1309.1597725543534,2638.6838835147514,2197.9173020167823,2197.9173020167823,738.7964699196671
2022-05-11T00:00:00Z,2198.565378208375,-91.05543212126786,-91.05543212126786,-91.05543212126786,0,0,0,0,0,0,0,0,0,0,0,0,0,0,0,0,0,0,-698.4016743750656,-698.4016743750656,-698.4016743750656,0,0,0,0,0,0,750.5195902293402,750.5195902293402,750.5195902293402,-143.17334797554255,-143.17334797554255,-143.17334797554255,0,0,0,134.6467960012193,4024.8872220468556,2198.565378208375,2198.565378208375,2107.509946087107
2022-05-12T00:00:00Z,2199.2134543999678,10.952942563046802,10.952942563046802,10.952942563046802,0,0,0,0,0,0,0,0,0,0,0,0,0,0,0,0,0,0,-657.0731216841535,-657.0731216841535,-657.0731216841535,0,0,0,0,0,0,806.4432778125395,806.4432778125395,806.4432778125395,-138.41721356533904,-138.41721356533904,-138.41721356533904,0,0,0,189.07072573002282,4031.151012596292,2199.2134543999678,2199.2134543999678,2210.1663969630144
2022-05-13T00:00:00Z,2199.86153059156,-41.64570492011758,-41.64570492011758,-41.64570492011758,0,0,0,0,0,0,0,0,0,0,0,0,0,0,0,0,0,0,-699.915977930245,-699.915977930245,-699.915977930245,0,0,0,0,0,0,789.6082492622165,789.6082492622165,789.6082492622165,-131.3379762520892,-131.3379762520892,-131.3379762520892,0,0,0,124.14336894367213,4232.339209090889,2199.86153059156,2199.86153059156,2158.2158256714424
2022-05-14T00:00:00Z,2200.509606783153,-2250.161218642368,-2250.161218642368,-2250.161218642368,0,0,0,0,0,0,0,0,0,0,0,0,0,0,0,0,0,0,-652.094089022135,-652.094089022135,-652.094089022135,0,0,0,0,0,0,-1475.8814904532055,-1475.8814904532055,-1475.8814904532055,-122.18563916702796,-122.18563916702796,-122.18563916702796,0,0,0,-2013.1395191132542,1850.1772748745525,2200.509606783153,2200.509606783153,-49.651611859215336
2022-05-15T00:00:00Z,2201.157682974746,-4575.335435970403,-4575.335435970403,-4575.335435970403,0,0,0,0,0,0,-1941.2219588157836,-1941.2219588157836,-1941.2219588157836,0,0,0,0,0,0,-1941.2219588157836,-1941.2219588157836,-1941.2219588157836,-452.2063052795065,-452.2063052795065,-452.2063052795065,0,0,0,0,0,0,-2070.6412822359366,-2070.6412822359366,-2070.6412822359366,-111.26588963917608,-111.26588963917608,-111.26588963917608,0,0,0,-4286.804348435649,-381.7513377457673,2201.157682974746,2201.157682974746,-2374.1777529956566
2022-05-16T00:00:00Z,2201.8057591663382,-1841.9989272496598,-1841.9989272496598,-1841.9989272496598,0,0,0,0,0,0,-1941.2219588157836,-1941.2219588157836,-1941.2219588157836,0,0,0,0,0,0,-1941.2219588157836,-1941.2219588157836,-1941.2219588157836,-219.11446434537845,-219.11446434537845,-219.11446434537845,0,0,0,0,0,0,417.26683864236264,417.26683864236264,417.26683864236264,-98.92934273086055,-98.92934273086055,-98.92934273086055,0,0,0,-1707.2265865007985,2290.756226710334,2201.8057591663382,2201.8057591663382,359.80683191667845
2022-05-17T00:00:00Z,2202.453835357931,579.107786602196,579.107786602196,579.107786602196,0,0,0,0,0,0,0,0,0,0,0,0,0,0,0,0,0,0,-118.01734497419287,-118.01734497419287,-118.01734497419287,0,0,0,0,0,0,782.6848167501395,782.6848167501395,782.6848167501395,-85.5596851737505,-85.5596851737505,-85.5596851737505,0,0,0,864.6478544424272,4649.108327766797,2202.453835357931,2202.453835357931,2781.561621960127
2022-05-18T00:00:00Z,2203.1019115495233,506.7861704735147,506.7861704735147,506.7861704735147,0,0,0,0,0,0,0,0,0,0,0,0,0,0,0,0,0,0,-172.17229673838696,-172.17229673838696,-172.17229673838696,0,0,0,0,0,0,750.5195902303028,750.5195902303028,750.5195902303028,-71.56112301840123,-71.56112301840123,-71.56112301840123,0,0,0,708.4156699687984,4715.147973920812,2203.1019115495233,2203.1019115495233,2709.888082023038
2022-05-19T00:00:00Z,2203.7499877411165,521.9480313423792,521.9480313423792,521.9480313423792,0,0,0,0,0,0,0,0,0,0,0,0,0,0,0,0,0,0,-227.14969809738867,-227.14969809738867,-227.14969809738867,0,0,0,0,0,0,806.4432778133486,806.4432778133486,806.4432778133486,-57.345548373580904,-57.345548373580904,-57.345548373580904,0,0,0,700.0496551770975,4783.4945777212715,2203.7499877411165,2203.7499877411165,2725.6980190834956
2022-05-20T00:00:00Z,2204.398063932709,632.8929113358095,632.8929113358095,632.8929113358095,0,0,0,0,0,0,0,0,0,0,0,0,0,0,0,0,0,0,-113.39549864701047,-113.39549864701047,-113.39549864701047,0,0,0,0,0,0,789.60824926244,789.60824926244,789.60824926244,-43.31983927962034,-43.31983927962034,-43.31983927962034,0,0,0,914.3905163882081,4719.965507297822,2204.398063932709,2204.398063932709,2837.2909752685187
2022-05-21T00:00:00Z,2205.0461401243015,-1341.7143943169988,-1341.7143943169988,-1341.7143943169988,0,0,0,0,0,0,0,0,0,0,0,0,0,0,0,0,0,0,164.04078846961167,164.04078846961167,164.04078846961167,0,0,0,0,0,0,-1475.8814904561486,-1475.8814904561486,-1475.8814904561486,-29.873692330461775,-29.873692330461775,-29.873692330461775,0,0,0,-1115.1098477224716,2892.5716859108447,2205.0461401243015,2205.0461401243015,863.3317458073027
2022-05-22T00:00:00Z,2205.694216315894,-1665.1899410174935,-1665.1899410174935,-1665.1899410174935,0,0,0,0,0,0,0,0,0,0,0,0,0,0,0,0,0,0,422.8197020571014,422.8197020571014,422.8197020571014,0,0,0,0,0,0,-2070.64128223692,-2070.64128223692,-2070.64128223692,-17.368360837675443,-17.368360837675443,-17.368360837675443,0,0,0,-1508.00004133652,2291.736513327528,2205.694216315894,2205.694216315894,540.5042752984007
2022-05-23T00:00:00Z,2206.3422925074874,925.2068350709342,925.2068350709342,925.2068350709342,0,0,0,0,0,0,0,0,0,0,0,0,0,0,0,0,0,0,514.0666296316294,514.0666296316294,514.0666296316294,0,0,0,0,0,0,417.26683863476467,417.26683863476467,417.26683863476467,-6.126633195459777,-6.126633195459777,-6.126633195459777,0,0,0,1101.3979124362345,5056.357186605011,2206.3422925074874,2206.3422925074874,3131.5491275784216
2022-05-24T00:00:00Z,2206.9903686990797,1323.1619994406892,1323.1619994406892,1323.1619994406892,0,0,0,0,0,0,0,0,0,0,0,0,0,0,0,0,0,0,536.9015207738632,536.9015207738632,536.9015207738632,0,0,0,0,0,0,782.6848167496211,782.6848167496211,782.6848167496211,3.575661917204523,3.575661917204523,3.575661917204523,0,0,0,1550.2343004290556,5549.829149802912,2206.9903686990797,2206.9903686990797,3530.152368139769
2022-05-25T00:00:00Z,2207.6384448906724,1571.2728925906956,1571.2728925906956,1571.2728925906956,0,0,0,0,0,0,0,0,0,0,0,0,0,0,0,0,0,0,809.2369092920636,809.2369092920636,809.2369092920636,0,0,0,0,0,0,750.5195902300544,750.5195902300544,750.5195902300544,11.516393068577631,11.516393068577631,11.516393068577631,0,0,0,1663.7983621895185,5784.312214886561,2207.6384448906724,2207.6384448906724,3778.911337481368
2022-05-26T00:00:00Z,2208.286521082265,2392.495498422368,2392.495498422368,2392.495498422368,0,0,0,0,0,0,0,0,0,0,0,0,0,0,0,0,0,0,1568.5202822581164,1568.5202822581164,1568.5202822581164,0,0,0,0,0,0,806.4432778113769,806.4432778113769,806.4432778113769,17.53193835287545,17.53193835287545,17.53193835287545,0,0,0,2761.1866665192138,6692.426277426335,2208.286521082265,2208.286521082265,4600.782019504633
2022-05-27T00:00:00Z,2208.9345972738574,3467.6546701867605,3467.6546701867605,3467.6546701867605,0,0,0,0,0,0,0,0,0,0,0,0,0,0,0,0,0,0,2656.526449922872,2656.526449922872,2656.526449922872,0,0,0,0,0,0,789.6082492608778,789.6082492608778,789.6082492608778,21.519971003010802,21.519971003010802,21.519971003010802,0,0,0,3837.015895069597,7756.06351496543,2208.9345972738574,2208.9345972738574,5676.589267460618
2022-05-28T00:00:00Z,2209.5826734654506,2051.9407448129914,2051.9407448129914,2051.9407448129914,0,0,0,0,0,0,0,0,0,0,0,0,0,0,0,0,0,0,3504.3820498536097,3504.3820498536097,3504.3820498536097,0,0,0,0,0,0,-1475.8814904553271,-1475.8814904553271,-1475.8814904553271,23.440185414707692,23.440185414707692,23.440185414707692,0,0,0,2319.6136942571384,6231.835943199038,2209.5826734654506,2209.5826734654506,4261.5234182784425
2022-05-29T00:00:00Z,2210.230749657043,1445.6861701123325,1445.6861701123325,1445.6861701123325,0,0,0,0,0,0,0,0,0,0,0,0,0,0,0,0,0,0,3493.0144535144027,3493.0144535144027,3493.0144535144027,0,0,0,0,0,0,-2070.641282240132,-2070.641282240132,-2070.641282240132,23.31299883806208,23.31299883806208,23.31299883806208,0,0,0,1819.2422329481888,5629.0363221701045,2210.230749657043,2210.230749657043,3655.9169197693755
2022-05-30T00:00:00Z,2210.8788258486356,2862.7194561610554,2862.7194561610554,2862.7194561610554,0,0,0,0,0,0,0,0,0,0,0,0,0,0,0,0,0,0,2424.23628786787,2424.23628786787,2424.23628786787,0,0,0,0,0,0,417.2668386375179,417.2668386375179,417.2668386375179,21.21632965566766,21.21632965566766,21.21632965566766,0,0,0,3146.3627402144116,7055.086996428419,2210.8788258486356,2210.8788258486356,5073.598282009691
2022-05-31T00:00:00Z,2211.5269020402284,1511.5157370234197,1511.5157370234197,1511.5157370234197,0,0,0,0,0,0,0,0,0,0,0,0,0,0,0,0,0,0,711.5503060323235,711.5503060323235,711.5503060323235,0,0,0,0,0,0,782.6848167495351,782.6848167495351,782.6848167495351,17.280614241561555,17.280614241561555,17.280614241561555,0,0,0,1722.977158154837,5827.551952573143,2211.5269020402284,2211.5269020402284,3723.042639063648
2022-06-01T00:00:00Z,2212.174978231821,-121.0732723224888,-121.0732723224888,-121.0732723224888,0,0,0,0,0,0,0,0,0,0,0,0,0,0,0,0,0,0,-883.2751415241997,-883.2751415241997,-883.2751415241997,0,0,0,0,0,0,750.5195902304274,750.5195902304274,750.5195902304274,11.682278971283578,11.682278971283578,11.682278971283578,0,0,0,193.722657331093,4004.504873478928,2212.174978231821,2212.174978231821,2091.1017059093324
2022-06-02T00:00:00Z,2212.823054423414,-953.2966996590566,-953.2966996590566,-953.2966996590566,0,0,0,0,0,0,0,0,0,0,0,0,0,0,0,0,0,0,-1764.3759078351868,-1764.3759078351868,-1764.3759078351868,0,0,0,0,0,0,806.4432778121859,806.4432778121859,806.4432778121859,4.635930363944129,4.635930363944129,4.635930363944129,0,0,0,-721.5862755849914,3123.4073890130667,2212.823054423414,2212.823054423414,1259.5263547643572
2022-06-03T00:00:00Z,2213.4711306150066,-1072.1726355979686,-1072.1726355979686,-1072.1726355979686,0,0,0,0,0,0,0,0,0,0,0,0,0,0,0,0,0,0,-1858.1664480634115,-1858.1664480634115,-1858.1664480634115,0,0,0,0,0,0,789.608249267467,789.608249267467,789.608249267467,-3.614436802024369,-3.614436802024369,-3.614436802024369,0,0,0,-994.196921245978,3195.380784103487,2213.4711306150066,2213.4711306150066,1141.298495017038
2022-06-04T00:00:00Z,2214.119206806599,-3038.5817859800627,-3038.5817859800627,-3038.5817859800627,0,0,0,0,0,0,0,0,0,0,0,0,0,0,0,0,0,0,-1549.8954082152884,-1549.8954082152884,-1549.8954082152884,0,0,0,0,0,0,-1475.8814904582703,-1475.8814904582703,-1475.8814904582703,-12.804887306504556,-12.804887306504556,-12.804887306504556,0,0,0,-2645.102101029602,1179.964019367856,2214.119206806599,2214.119206806599,-824.4625791734638
2022-06-05T00:00:00Z,2214.7672829981916,-3392.605273440652,-3392.605273440652,-3392.605273440652,0,0,0,0,0,0,0,0,0,0,0,0,0,0,0,0,0,0,-1299.3026830004321,-1299.3026830004321,-1299.3026830004321,0,0,0,0,0,0,-2070.64128223951,-2070.64128223951,-2070.64128223951,-22.661308200710202,-22.661308200710202,-22.661308200710202,0,0,0,-3013.5576272419357,824.1468531361046,2214.7672829981916,2214.7672829981916,-1177.8379904424605
2022-06-06T00:00:00Z,2215.4153591897843,-2842.731163611833,-2842.731163611833,-2842.731163611833,0,0,0,0,0,0,-1941.2219588157836,-1941.2219588157836,-1941.2219588157836,0,0,0,0,0,0,-1941.2219588157836,-1941.2219588157836,-1941.2219588157836,-1285.8669013626418,-1285.8669013626418,-1285.8669013626418,0,0,0,0,0,0,417.2668386382498,417.2668386382498,417.2668386382498,-32.90914207165734,-32.90914207165734,-32.90914207165734,0,0,0,-2640.733457724855,1324.1841695056116,2215.4153591897843,2215.4153591897843,-627.3158044220486
2022-06-07T00:00:00Z,2216.063435381377,-624.914102259339,-624.914102259339,-624.914102259339,0,0,0,0,0,0,0,0,0,0,0,0,0,0,0,0,0,0,-1364.3161642280297,-1364.3161642280297,-1364.3161642280297,0,0,0,0,0,0,782.6848167492326,782.6848167492326,782.6848167492326,-43.28275478054167,-43.28275478054167,-43.28275478054167,0,0,0,-324.21265728655146,3474.6672293545575,2216.063435381377,2216.063435381377,1591.1493331220381
2022-06-08T00:00:00Z,2216.71151157297,-609.9379750625757,-609.9379750625757,-609.9379750625757,0,0,0,0,0,0,0,0,0,0,0,0,0,0,0,0,0,0,-1306.9234442702652,-1306.9234442702652,-1306.9234442702652,0,0,0,0,0,0,750.5195902295574,750.5195902295574,750.5195902295574,-53.534121021867314,-53.534121021867314,-53.534121021867314,0,0,0,-473.6229440587572,3603.0229865549186,2216.71151157297,2216.71151157297,1606.773536510394
2022-06-09T00:00:00Z,2217.359587764562,-319.1802403336449,-319.1802403336449,-319.1802403336449,0,0,0,0,0,0,0,0,0,0,0,0,0,0,0,0,0,0,-1062.1829773294553,-1062.1829773294553,-1062.1829773294553,0,0,0,0,0,0,806.443277811659,806.443277811659,806.443277811659,-63.44054081584837,-63.44054081584837,-63.44054081584837,0,0,0,-188.73268223513983,4000.2670113099684,2217.359587764562,2217.359587764562,1898.1793474309172
2022-06-10T00:00:00Z,2218.0076639561553,-70.0888797393295,-70.0888797393295,-70.0888797393295,0,0,0,0,0,0,0,0,0,0,0,0,0,0,0,0,0,0,-786.8859899337906,-786.8859899337906,-786.8859899337906,0,0,0,0,0,0,789.6082492641185,789.6082492641185,789.6082492641185,-72.81113906965706,-72.81113906965706,-72.81113906965706,0,0,0,102.6163292144633,4135.956790508491,2218.0076639561553,2218.0076639561553,2147.9187842168258
2022-06-11T00:00:00Z,2218.655738569537,-2214.6642706530192,-2214.6642706530192,-2214.6642706530192,0,0,0,0,0,0,0,0,0,0,0,0,0,0,0,0,0,0,-657.2908330152103,-657.2908330152103,-657.2908330152103,0,0,0,0,0,0,-1475.8814904612134,-1475.8814904612134,-1475.8814904612134,-81.4919471765955,-81.4919471765955,-81.4919471765955,0,0,0,-1877.7054082064549,2269.7790548927364,2218.655738569537,2218.655738569537,3.9914679165176494
2022-06-12T00:00:00Z,2219.303813182918,-2839.4149417857993,-2839.4149417857993,-2839.4149417857993,0,0,0,0,0,0,0,0,0,0,0,0,0,0,0,0,0,0,-679.4042409041024,-679.4042409041024,-679.4042409041024,0,0,0,0,0,0,-2070.6412822388875,-2070.6412822388875,-2070.6412822388875,-89.36941864280988,-89.36941864280988,-89.36941864280988,0,0,0,-2675.561285962427,1191.337643040083,2219.303813182918,2219.303813182918,-620.1111286028813
2022-06-13T00:00:00Z,2219.9518877962996,-374.7851626012055,-374.7851626012055,-374.7851626012055,0,0,0,0,0,0,0,0,0,0,0,0,0,0,0,0,0,0,-695.6797131566251,-695.6797131566251,-695.6797131566251,0,0,0,0,0,0,417.26683863999216,417.26683863999216,417.26683863999216,-96.37228808457238,-96.37228808457238,-96.37228808457238,0,0,0,-166.18322130081057,3785.294926445374,2219.9518877962996,2219.9518877962996,1845.1667251950942
2022-06-14T00:00:00Z,2220.599962409681,113.01103388246432,113.01103388246432,113.01103388246432,0,0,0,0,0,0,0,0,0,0,0,0,0,0,0,0,0,0,-567.2020402002863,-567.2020402002863,-567.2020402002863,0,0,0,0,0,0,782.6848167503242,782.6848167503242,782.6848167503242,-102.47174266757385,-102.47174266757385,-102.47174266757385,0,0,0,378.0788891064267,4340.699458172051,2220.599962409681,2220.599962409681,2333.6109962921455
2022-06-15T00:00:00Z,2221.2480370230624,314.7830779160976,314.7830779160976,314.7830779160976,0,0,0,0,0,0,0,0,0,0,0,0,0,0,0,0,0,0,-328.0565771839848,-328.0565771839848,-328.0565771839848,0,0,0,0,0,0,750.5195902299305,750.5195902299305,750.5195902299305,-107.67993512984782,-107.67993512984782,-107.67993512984782,0,0,0,487.5948432320096,4545.772947102107,2221.2480370230624,2221.2480370230624,2536.03111493916
2022-06-16T00:00:00Z,2221.896111636444,548.6494638378966,548.6494638378966,548.6494638378966,0,0,0,0,0,0,0,0,0,0,0,0,0,0,0,0,0,0,-145.7468880376542,-145.7468880376542,-145.7468880376542,0,0,0,0,0,0,806.4432778138041,806.4432778138041,806.4432778138041,-112.04692593825327,-112.04692593825327,-112.04692593825327,0,0,0,865.6598755596476,4635.131554936774,2221.896111636444,2221.896111636444,2770.5455754743407
2022-06-17T00:00:00Z,2222.5441862498255,541.6061320769792,541.6061320769792,541.6061320769792,0,0,0,0,0,0,0,0,0,0,0,0,0,0,0,0,0,0,-132.3459202904835,-132.3459202904835,-132.3459202904835,0,0,0,0,0,0,789.6082492643421,789.6082492643421,789.6082492643421,-115.65619689687934,-115.65619689687934,-115.65619689687934,0,0,0,782.1238576999599,4660.871103164751,2222.5441862498255,2222.5441862498255,2764.1503183268046
2022-06-18T00:00:00Z,2223.1922608632067,-1807.0111216485654,-1807.0111216485654,-1807.0111216485654,0,0,0,0,0,0,0,0,0,0,0,0,0,0,0,0,0,0,-212.51070331478815,-212.51070331478815,-212.51070331478815,0,0,0,0,0,0,-1475.8814904603921,-1475.8814904603921,-1475.8814904603921,-118.61892787338496,-118.61892787338496,-118.61892787338496,0,0,0,-1600.9569708252595,2353.230935200685,2223.1922608632067,2223.1922608632067,416.18113921464123
2022-06-19T00:00:00Z,2223.8403354765883,-2388.1516084901054,-2388.1516084901054,-2388.1516084901054,0,0,0,0,0,0,0,0,0,0,0,0,0,0,0,0,0,0,-196.44305566626377,-196.44305566626377,-196.44305566626377,0,0,0,0,0,0,-2070.6412822437055,-2070.6412822437055,-2070.6412822437055,-121.06727058013699,-121.06727058013699,-121.06727058013699,0,0,0,-2302.2785277130456,2068.2173621552934,2223.8403354765883,2223.8403354765883,-164.31127301351717
2022-06-20T00:00:00Z,2224.48841008997,307.96788054451514,307.96788054451514,307.96788054451514,0,0,0,0,0,0,0,0,0,0,0,0,0,0,0,0,0,0,13.847929083587657,13.847929083587657,13.847929083587657,0,0,0,0,0,0,417.26683864072396,417.26683864072396,417.26683864072396,-123.14688717979661,-123.14688717979661,-123.14688717979661,0,0,0,484.78324959033455,4573.99248464477,2224.48841008997,2224.48841008997,2532.456290634485
2022-06-21T00:00:00Z,2225.136484703351,966.7453122445045,966.7453122445045,966.7453122445045,0,0,0,0,0,0,0,0,0,0,0,0,0,0,0,0,0,0,309.06954128159714,309.06954128159714,309.06954128159714,0,0,0,0,0,0,782.6848167500223,782.6848167500223,782.6848167500223,-125.00904578711521,-125.00904578711521,-125.00904578711521,0,0,0,1136.3637854498838,5115.0869827446695,2225.136484703351,2225.136484703351,3191.8817969478555
2022-06-22T00:00:00Z,2225.7845593167326,1113.9725120611558,1113.9725120611558,1113.9725120611558,0,0,0,0,0,0,0,0,0,0,0,0,0,0,0,0,0,0,490.2555007514537,490.2555007514537,490.2555007514537,0,0,0,0,0,0,750.5195902308928,750.5195902308928,750.5195902308928,-126.80257892119087,-126.80257892119087,-126.80257892119087,0,0,0,1411.7641511910604,5270.729530663428,2225.7845593167326,2225.7845593167326,3339.7570713778887
2022-06-23T00:00:00Z,2226.432633930114,1194.5021652880748,1194.5021652880748,1194.5021652880748,0,0,0,0,0,0,0,0,0,0,0,0,0,0,0,0,0,0,516.7249017069914,516.7249017069914,516.7249017069914,0,0,0,0,0,0,806.4432778132772,806.4432778132772,806.4432778132772,-128.66601423219376,-128.66601423219376,-128.66601423219376,0,0,0,1331.3058398129772,5303.822252211838,2226.432633930114,2226.432633930114,3420.9347992181893
2022-06-24T00:00:00Z,2227.0807085434953,1279.5427685581692,1279.5427685581692,1279.5427685581692,0,0,0,0,0,0,0,0,0,0,0,0,0,0,0,0,0,0,620.6546985750585,620.6546985750585,620.6546985750585,0,0,0,0,0,0,789.6082492627797,789.6082492627797,789.6082492627797,-130.72017927966974,-130.72017927966974,-130.72017927966974,0,0,0,1605.9123870930057,5542.03985948803,2227.0807085434953,2227.0807085434953,3506.6234771016643
2022-06-25T00:00:00Z,2227.728783156877,-482.53151903985446,-482.53151903985446,-482.53151903985446,0,0,0,0,0,0,0,0,0,0,0,0,0,0,0,0,0,0,1126.4115355203933,1126.4115355203933,1126.4115355203933,0,0,0,0,0,0,-1475.8814904551327,-1475.8814904551327,-1475.8814904551327,-133.06156410511502,-133.06156410511502,-133.06156410511502,0,0,0,-232.73661698728748,3704.8462866100845,2227.728783156877,2227.728783156877,1745.1972641170225
2022-06-26T00:00:00Z,2228.3768577702585,-106.31455833153582,-106.31455833153582,-106.31455833153582,0,0,0,0,0,0,0,0,0,0,0,0,0,0,0,0,0,0,2100.0834213367802,2100.0834213367802,2100.0834213367802,0,0,0,0,0,0,-2070.6412822414777,-2070.6412822414777,-2070.6412822414777,-135.7566974268381,-135.7566974268381,-135.7566974268381,0,0,0,-71.72769060108385,4136.019955500772,2228.3768577702585,2228.3768577702585,2122.0622994387227
2022-06-27T00:00:00Z,2229.0249323836397,3432.408354426103,3432.408354426103,3432.408354426103,0,0,0,0,0,0,0,0,0,0,0,0,0,0,0,0,0,0,3153.9792712735316,3153.9792712735316,3153.9792712735316,0,0,0,0,0,0,417.26683864347734,417.26683864347734,417.26683864347734,-138.83775549090444,-138.83775549090444,-138.83775549090444,0,0,0,3931.0375444563374,7648.404708739899,2229.0249323836397,2229.0249323836397,5661.433286809743
2022-06-28T00:00:00Z,2229.6730069970213,4273.162571231327,4273.162571231327,4273.162571231327,0,0,0,0,0,0,0,0,0,0,0,0,0,0,0,0,0,0,3632.777332649234,3632.777332649234,3632.777332649234,0,0,0,0,0,0,782.6848167499357,782.6848167499357,782.6848167499357,-142.2995781678432,-142.2995781678432,-142.2995781678432,0,0,0,4465.063504758441,8488.918718255392,2229.6730069970213,2229.6730069970213,6502.835578228349
2022-06-29T00:00:00Z,2230.321081610403,3682.7387872717295,3682.7387872717295,3682.7387872717295,0,0,0,0,0,0,0,0,0,0,0,0,0,0,0,0,0,0,3078.317413377698,3078.317413377698,3078.317413377698,0,0,0,0,0,0,750.5195902300228,750.5195902300228,750.5195902300228,-146.09821633599054,-146.09821633599054,-146.09821633599054,0,0,0,3830.493242368421,7746.356759088316,2230.321081610403,2230.321081610403,5913.059868882132
2022-06-30T00:00:00Z,2230.969156223784,2259.4648734736124,2259.4648734736124,2259.4648734736124,0,0,0,0,0,0,0,0,0,0,0,0,0,0,0,0,0,0,1603.1726752946481,1603.1726752946481,1603.1726752946481,0,0,0,0,0,0,806.4432778113053,806.4432778113053,806.4432778113053,-150.15107963234038,-150.15107963234038,-150.15107963234038,0,0,0,2627.1993920223345,6437.222117764932,2230.969156223784,2230.969156223784,4490.434029697397
2022-07-01T00:00:00Z,2231.6172308371656,487.61670990068444,487.61670990068444,487.61670990068444,0,0,0,0,0,0,0,0,0,0,0,0,0,0,0,0,0,0,-147.65284320168536,-147.65284320168536,-147.65284320168536,0,0,0,0,0,0,789.6082492612176,789.6082492612176,789.6082492612176,-154.33869615884765,-154.33869615884765,-154.33869615884765,0,0,0,725.9959406135184,4592.988225013667,2231.6172308371656,2231.6172308371656,2719.23394073785
2022-07-02T00:00:00Z,2232.265305450547,-3065.744119897853,-3065.744119897853,-3065.744119897853,0,0,0,0,0,0,0,0,0,0,0,0,0,0,0,0,0,0,-1431.3545917937377,-1431.3545917937377,-1431.3545917937377,0,0,0,0,0,0,-1475.8814904561934,-1475.8814904561934,-1475.8814904561934,-158.5080376479217,-158.5080376479217,-158.5080376479217,0,0,0,-2926.187580423421,1114.3769490768561,2232.265305450547,2232.265305450547,-833.4788144473059
2022-07-03T00:00:00Z,2232.9133800639283,-4125.801832169579,-4125.801832169579,-4125.801832169579,0,0,0,0,0,0,0,0,0,0,0,0,0,0,0,0,0,0,-1892.6832430349696,-1892.6832430349696,-1892.6832430349696,0,0,0,0,0,0,-2070.6412822424604,-2070.6412822424604,-2070.6412822424604,-162.47730689214902,-162.47730689214902,-162.47730689214902,0,0,0,-3812.355737691974,29.12329554813271,2232.9133800639283,2232.9133800639283,-1892.8884521056507
2022-07-04T00:00:00Z,2233.56145467731,-1470.830461129738,-1470.830461129738,-1470.830461129738,0,0,0,0,0,0,0,0,0,0,0,0,0,0,0,0,0,0,-1722.0552689300412,-1722.0552689300412,-1722.0552689300412,0,0,0,0,0,0,417.26683864420914,417.26683864420914,417.26683864420914,-166.0420308439065,-166.0420308439065,-166.0420308439065,0,0,0,-1171.5650186728665,2694.7923016811446,2233.56145467731,2233.56145467731,762.7309935475719
2022-07-05T00:00:00Z,2234.2095292906915,-783.5494684177933,-783.5494684177933,-783.5494684177933,0,0,0,0,0,0,0,0,0,0,0,0,0,0,0,0,0,0,-1397.2520306328604,-1397.2520306328604,-1397.2520306328604,0,0,0,0,0,0,782.6848167494176,782.6848167494176,782.6848167494176,-168.9822545343502,-168.9822545343502,-168.9822545343502,0,0,0,-521.2319996560528,3405.369914161877,2234.2095292906915,2234.2095292906915,1450.6600608728982
2022-07-06T00:00:00Z,2234.8576039040727,-686.9172739498713,-686.9172739498713,-686.9172739498713,0,0,0,0,0,0,0,0,0,0,0,0,0,0,0,0,0,0,-1266.366274706715,-1266.366274706715,-1266.366274706715,0,0,0,0,0,0,750.5195902303959,750.5195902303959,750.5195902303959,-171.07058947355247,-171.07058947355247,-171.07058947355247,0,0,0,-516.7366301925622,3337.068561903418,2234.8576039040727,2234.8576039040727,1547.9403299542014
2022-07-07T00:00:00Z,2235.5056785174543,-695.2846325184281,-695.2846325184281,-695.2846325184281,0,0,0,0,0,0,0,0,0,0,0,0,0,0,0,0,0,0,-1329.6470733937522,-1329.6470733937522,-1329.6470733937522,0,0,0,0,0,0,806.4432778107781,806.4432778107781,806.4432778107781,-172.080836935454,-172.080836935454,-172.080836935454,0,0,0,-332.10982069120695,3501.307781269776,2235.5056785174543,2235.5056785174543,1540.221045999026
2022-07-08T00:00:00Z,2236.153753130836,-743.9246374589263,-743.9246374589263,-743.9246374589263,0,0,0,0,0,0,0,0,0,0,0,0,0,0,0,0,0,0,-1361.7360040620629,-1361.7360040620629,-1361.7360040620629,0,0,0,0,0,0,789.6082492596549,789.6082492596549,789.6082492596549,-171.79688265651828,-171.79688265651828,-171.79688265651828,0,0,0,-412.65423765839273,3529.1504255088726,2236.153753130836,2236.153753130836,1492.2291156719095
2022-07-09T00:00:00Z,2236.801827744217,-2847.412299108536,-2847.412299108536,-2847.412299108536,0,0,0,0,0,0,0,0,0,0,0,0,0,0,0,0,0,0,-1201.509262810705,-1201.509262810705,-1201.509262810705,0,0,0,0,0,0,-1475.8814904591366,-1475.8814904591366,-1475.8814904591366,-170.02154583869358,-170.02154583869358,-170.02154583869358,0,0,0,-2477.5452902733905,1334.5261198368771,2236.801827744217,2236.801827744217,-610.610471364319
2022-07-11T00:00:00Z,2238.09797697098,-3672.7692380524363,-3672.7692380524363,-3672.7692380524363,0,0,0,0,0,0,-3230.2815110795846,-3230.2815110795846,-3230.2815110795846,0,0,0,0,0,0,0,0,0,-698.4016743766063,-698.4016743766063,-698.4016743766063,-3230.2815110795846,-3230.2815110795846,-3230.2815110795846,0,0,0,417.26683863762196,417.26683863762196,417.26683863762196,-161.35289123386727,-161.35289123386727,-161.35289123386727,0,0,0,-3288.4324457539624,460.2187938887089,2238.09797697098,2238.09797697098,-1434.6712610814561
2022-07-12T00:00:00Z,2238.746051584362,-239.79422607424837,-239.79422607424837,-239.79422607424837,0,0,0,0,0,0,-211.17337269312887,-211.17337269312887,-211.17337269312887,0,0,0,0,0,0,0,0,0,-657.073121683085,-657.073121683085,-657.073121683085,-211.17337269312887,-211.17337269312887,-211.17337269312887,0,0,0,782.6848167493312,782.6848167493312,782.6848167493312,-154.232548447366,-154.232548447366,-154.232548447366,0,0,0,1.5382277704411786,4149.891487221347,2238.746051584362,2238.746051584362,1998.9518255101134
2022-07-13T00:00:00Z,2239.394126197743,-296.2487400234225,-296.2487400234225,-296.2487400234225,0,0,0,0,0,0,-201.67314350034442,-201.67314350034442,-201.67314350034442,0,0,0,0,0,0,0,0,0,-699.9159779303927,-699.9159779303927,-699.9159779303927,-201.67314350034442,-201.67314350034442,-201.67314350034442,0,0,0,750.5195902301474,750.5195902301474,750.5195902301474,-145.1792088228326,-145.1792088228326,-145.1792088228326,0,0,0,-129.80853700251146,3943.9934573183027,2239.394126197743,2239.394126197743,1943.1453861743205
2022-07-14T00:00:00Z,2240.0422008111245,-666.44219450318,-666.44219450318,-666.44219450318,0,0,0,0,0,0,-686.591537761583,-686.591537761583,-686.591537761583,0,0,0,0,0,0,0,0,0,-652.0940890220586,-652.0940890220586,-652.0940890220586,-686.591537761583,-686.591537761583,-686.591537761583,0,0,0,806.4432778129234,806.4432778129234,806.4432778129234,-134.199845532462,-134.199845532462,-134.199845532462,0,0,0,-396.28676820572787,3494.587071699941,2240.0422008111245,2240.0422008111245,1573.6000063079446
2022-07-15T00:00:00Z,2240.690275424506,-1350.6156045491914,-1350.6156045491914,-1350.6156045491914,0,0,0,0,0,0,-1566.6618176821923,-1566.6618176821923,-1566.6618176821923,0,0,0,0,0,0,0,0,0,-452.2063052794216,-452.2063052794216,-452.2063052794216,-1566.6618176821923,-1566.6618176821923,-1566.6618176821923,0,0,0,789.6082492598786,789.6082492598786,789.6082492598786,-121.35573084745596,-121.35573084745596,-121.35573084745596,0,0,0,-1232.3231752981023,2859.809693943821,2240.690275424506,2240.690275424506,890.0746708753147
2022-07-16T00:00:00Z,2241.3383500378873,-3500.7148898194655,-3500.7148898194655,-3500.7148898194655,0,0,0,0,0,0,-1698.9557639586671,-1698.9557639586671,-1698.9557639586671,0,0,0,0,0,0,0,0,0,-219.11446434754288,-219.11446434754288,-219.11446434754288,-1698.9557639586671,-1698.9557639586671,-1698.9557639586671,0,0,0,-1475.8814904501128,-1475.8814904501128,-1475.8814904501128,-106.76317106314268,-106.76317106314268,-106.76317106314268,0,0,0,-3227.895410915534,811.4233276216269,2241.3383500378873,2241.3383500378873,-1259.3765397815782
2022-07-17T00:00:00Z,2241.986424651269,-3788.484212786793,-3788.484212786793,-3788.484212786793,0,0,0,0,0,0,-1509.233177919356,-1509.233177919356,-1509.233177919356,0,0,0,0,0,0,0,0,0,-118.01734497508888,-118.01734497508888,-118.01734497508888,-1509.233177919356,-1509.233177919356,-1509.233177919356,0,0,0,-2070.6412822380053,-2070.6412822380053,-2070.6412822380053,-90.59240765434312,-90.59240765434312,-90.59240765434312,0,0,0,-3470.3658511292756,454.7135364395508,2241.986424651269,2241.986424651269,-1546.497788135524
2022-07-18T00:00:00Z,2242.6344992646505,-712.8066846733112,-712.8066846733112,-712.8066846733112,0,0,0,0,0,0,-884.8365488841048,-884.8365488841048,-884.8365488841048,0,0,0,0,0,0,0,0,0,-172.17229673953776,-172.17229673953776,-172.17229673953776,-884.8365488841048,-884.8365488841048,-884.8365488841048,0,0,0,417.26683863936444,417.26683863936444,417.26683863936444,-73.06467768903305,-73.06467768903305,-73.06467768903305,0,0,0,-420.78214594861066,3505.946327594046,2242.6344992646505,2242.6344992646505,1529.8278145913391
2022-07-19T00:00:00Z,2243.2825738780316,501.08762995822616,501.08762995822616,501.08762995822616,0,0,0,0,0,0,0,0,0,0,0,0,0,0,0,0,0,0,-227.14969809928823,-227.14969809928823,-227.14969809928823,0,0,0,0,0,0,782.6848167504228,782.6848167504228,782.6848167504228,-54.447488692908394,-54.447488692908394,-54.447488692908394,0,0,0,745.8750024150313,4795.757255702028,2243.2825738780316,2243.2825738780316,2744.3702038362576
2022-07-20T00:00:00Z,2243.930648491413,602.07586722672,602.07586722672,602.07586722672,0,0,0,0,0,0,0,0,0,0,0,0,0,0,0,0,0,0,-113.39549864734497,-113.39549864734497,-113.39549864734497,0,0,0,0,0,0,750.5195902298985,750.5195902298985,750.5195902298985,-35.048224355833675,-35.048224355833675,-35.048224355833675,0,0,0,837.8699737502523,4986.370088998327,2243.930648491413,2243.930648491413,2846.0065157181334
2022-07-21T00:00:00Z,2244.578723104795,955.2778106368638,955.2778106368638,955.2778106368638,0,0,0,0,0,0,0,0,0,0,0,0,0,0,0,0,0,0,164.04078846801414,164.04078846801414,164.04078846801414,0,0,0,0,0,0,806.4432778123964,806.4432778123964,806.4432778123964,-15.206255643546754,-15.206255643546754,-15.206255643546754,0,0,0,1121.177942204839,5209.143195864457,2244.578723104795,2244.578723104795,3199.8565337416585
2022-07-22T00:00:00Z,2245.226797718176,1217.1441662154175,1217.1441662154175,1217.1441662154175,0,0,0,0,0,0,0,0,0,0,0,0,0,0,0,0,0,0,422.81970205724076,422.81970205724076,422.81970205724076,0,0,0,0,0,0,789.6082492628959,789.6082492628959,789.6082492628959,4.716214895280555,4.716214895280555,4.716214895280555,0,0,0,1457.7949251643577,5449.056055561008,2245.226797718176,2245.226797718176,3462.3709639335934
2022-07-23T00:00:00Z,2245.8748723315575,-937.4705594278217,-937.4705594278217,-937.4705594278217,0,0,0,0,0,0,0,0,0,0,0,0,0,0,0,0,0,0,514.0666296315555,514.0666296315555,514.0666296315555,0,0,0,0,0,0,-1475.8814904530561,-1475.8814904530561,-1475.8814904530561,24.34430139367852,24.34430139367852,24.34430139367852,0,0,0,-781.2278761349908,3249.338738285531,2245.8748723315575,2245.8748723315575,1308.404312903736
2022-07-24T00:00:00Z,2246.522946944939,-1490.438498273357,-1490.438498273357,-1490.438498273357,0,0,0,0,0,0,0,0,0,0,0,0,0,0,0,0,0,0,536.9015207740858,536.9015207740858,536.9015207740858,0,0,0,0,0,0,-2070.6412822373827,-2070.6412822373827,-2070.6412822373827,43.301263189940045,43.301263189940045,43.301263189940045,0,0,0,-1202.2007070847158,2731.4917684470406,2246.522946944939,2246.522946944939,756.0844486715821
2022-07-25T00:00:00Z,2247.1710215583203,1287.723420879042,1287.723420879042,1287.723420879042,0,0,0,0,0,0,0,0,0,0,0,0,0,0,0,0,0,0,809.2369092913013,809.2369092913013,809.2369092913013,0,0,0,0,0,0,417.2668386411071,417.2668386411071,417.2668386411071,61.219672946633494,61.219672946633494,61.219672946633494,0,0,0,1715.2552172574628,5658.57293990338,2247.1710215583203,2247.1710215583203,3534.894442437362
2022-07-26T00:00:00Z,2247.819096171702,2428.957665129412,2428.957665129412,2428.957665129412,0,0,0,0,0,0,0,0,0,0,0,0,0,0,0,0,0,0,1568.520282258259,1568.520282258259,1568.520282258259,0,0,0,0,0,0,782.6848167503366,782.6848167503366,782.6848167503366,77.75256612081627,77.75256612081627,77.75256612081627,0,0,0,2753.485985627714,6618.719080408965,2247.819096171702,2247.819096171702,4676.776761301114
2022-07-27T00:00:00Z,2248.4671707850835,3499.6302475849548,3499.6302475849548,3499.6302475849548,0,0,0,0,0,0,0,0,0,0,0,0,0,0,0,0,0,0,2656.526449923801,2656.526449923801,2656.526449923801,0,0,0,0,0,0,750.5195902302397,750.5195902302397,750.5195902302397,92.58420743091398,92.58420743091398,92.58420743091398,0,0,0,3851.0394595928974,7748.1855834359485,2248.4671707850835,2248.4671707850835,5748.097418370038
2022-07-28T00:00:00Z,2249.1152453984646,4416.265443366299,4416.265443366299,4416.265443366299,0,0,0,0,0,0,0,0,0,0,0,0,0,0,0,0,0,0,3504.382049855062,3504.382049855062,3504.382049855062,0,0,0,0,0,0,806.4432778118693,806.4432778118693,806.4432778118693,105.44011569936677,105.44011569936677,105.44011569936677,0,0,0,4766.715598613162,8605.252123957653,2249.1152453984646,2249.1152453984646,6665.380688764764
2022-07-29T00:00:00Z,2249.763320011846,4398.718708729568,4398.718708729568,4398.718708729568,0,0,0,0,0,0,0,0,0,0,0,0,0,0,0,0,0,0,3493.0144535144445,3493.0144535144445,3493.0144535144445,0,0,0,0,0,0,789.6082492631193,789.6082492631193,789.6082492631193,116.09600595200389,116.09600595200389,116.09600595200389,0,0,0,4781.446036456433,8720.713491324372,2249.763320011846,2249.763320011846,6648.482028741414
2022-07-30T00:00:00Z,2250.411394625228,-868.481824835577,-868.481824835577,-868.481824835577,0,0,0,0,0,0,-1941.2219588157836,-1941.2219588157836,-1941.2219588157836,0,0,0,0,0,0,-1941.2219588157836,-1941.2219588157836,-1941.2219588157836,2424.2362878680556,2424.2362878680556,2424.2362878680556,0,0,0,0,0,0,-1475.8814904541168,-1475.8814904541168,-1475.8814904541168,124.38533656626848,124.38533656626848,124.38533656626848,0,0,0,-583.2304350165131,3400.132042214801,2250.411394625228,2250.411394625228,1381.929569789651
2022-07-31T00:00:00Z,2251.059469238609,-1228.8857874539049,-1228.8857874539049,-1228.8857874539049,0,0,0,0,0,0,0,0,0,0,0,0,0,0,0,0,0,0,711.5503060325127,711.5503060325127,711.5503060325127,0,0,0,0,0,0,-2070.6412822367606,-2070.6412822367606,-2070.6412822367606,130.20518875034267,130.20518875034267,130.20518875034267,0,0,0,-900.4788327189393,3052.793947569682,2251.059469238609,2251.059469238609,1022.1736817847041
2022-08-01T00:00:00Z,2251.7075438519905,-332.4880482755613,-332.4880482755613,-332.4880482755613,0,0,0,0,0,0,0,0,0,0,0,0,0,0,0,0,0,0,-883.2751415231271,-883.2751415231271,-883.2751415231271,0,0,0,0,0,0,417.26683864183866,417.26683864183866,417.26683864183866,133.52025460572722,133.52025460572722,133.52025460572722,0,0,0,18.43620643743932,3893.134758932851,2251.7075438519905,2251.7075438519905,1919.2194955764292
2022-08-02T00:00:00Z,2252.355618465372,-847.3263240642902,-847.3263240642902,-847.3263240642902,0,0,0,0,0,0,0,0,0,0,0,0,0,0,0,0,0,0,-1764.3759078348712,-1764.3759078348712,-1764.3759078348712,0,0,0,0,0,0,782.6848167498183,782.6848167498183,782.6848167498183,134.36476702076246,134.36476702076246,134.36476702076246,0,0,0,-593.0853018197936,3346.59843457113,2252.355618465372,2252.355618465372,1405.0292944010819
2022-08-03T00:00:00Z,2253.0036930787533,-974.8045899059026,-974.8045899059026,-974.8045899059026,0,0,0,0,0,0,0,0,0,0,0,0,0,0,0,0,0,0,-1858.1664480642992,-1858.1664480642992,-1858.1664480642992,0,0,0,0,0,0,750.519590230613,750.519590230613,750.519590230613,132.84226792778423,132.84226792778423,132.84226792778423,0,0,0,-629.5523922958636,3231.8720360381812,2253.0036930787533,2253.0036930787533,1278.1991031728508
2022-08-04T00:00:00Z,2253.651763197727,-614.328951282928,-614.328951282928,-614.328951282928,0,0,0,0,0,0,0,0,0,0,0,0,0,0,0,0,0,0,-1549.8954082160997,-1549.8954082160997,-1549.8954082160997,0,0,0,0,0,0,806.4432778140146,806.4432778140146,806.4432778140146,129.12317911915721,129.12317911915721,129.12317911915721,0,0,0,-355.1993000124518,3566.6511844221973,2253.651763197727,2253.651763197727,1639.3228119147993
2022-08-05T00:00:00Z,2254.2998333167006,-386.2542240185012,-386.2542240185012,-386.2542240185012,0,0,0,0,0,0,0,0,0,0,0,0,0,0,0,0,0,0,-1299.3026830009583,-1299.3026830009583,-1299.3026830009583,0,0,0,0,0,0,789.608249261557,789.608249261557,789.608249261557,123.44020972089955,123.44020972089955,123.44020972089955,0,0,0,-185.13213336368813,3807.1639577251003,2254.2998333167006,2254.2998333167006,1868.0456092981995
2022-08-06T00:00:00Z,2254.9479034356746,-2645.6666874260036,-2645.6666874260036,-2645.6666874260036,0,0,0,0,0,0,0,0,0,0,0,0,0,0,0,0,0,0,-1285.8669013622166,-1285.8669013622166,-1285.8669013622166,0,0,0,0,0,0,-1475.881490455178,-1475.881490455178,-1475.881490455178,116.08170439139056,116.08170439139056,116.08170439139056,0,0,0,-2294.447193389689,1579.8752882996546,2254.9479034356746,2254.9479034356746,-390.71878399032903
2022-08-07T00:00:00Z,2255.595973554648,-3327.574342364918,-3327.574342364918,-3327.574342364918,0,0,0,0,0,0,0,0,0,0,0,0,0,0,0,0,0,0,-1364.316164228069,-1364.316164228069,-1364.316164228069,0,0,0,0,0,0,-2070.6412822415778,-2070.6412822415778,-2070.6412822415778,107.38310410472945,107.38310410472945,107.38310410472945,0,0,0,-3100.290770118937,979.9339704121519,2255.595973554648,2255.595973554648,-1071.9783688102698
2022-08-08T00:00:00Z,2256.2440436736215,-791.9398508195787,-791.9398508195787,-791.9398508195787,0,0,0,0,0,0,0,0,0,0,0,0,0,0,0,0,0,0,-1306.9234442713641,-1306.9234442713641,-1306.9234442713641,0,0,0,0,0,0,417.2668386445923,417.2668386445923,417.2668386445923,97.716754807193,97.716754807193,97.716754807193,0,0,0,-505.09007218452894,3323.9080937442573,2256.2440436736215,2256.2440436736215,1464.3041928540429
2022-08-09T00:00:00Z,2256.8921137925954,-192.0178043523386,-192.0178043523386,-192.0178043523386,0,0,0,0,0,0,0,0,0,0,0,0,0,0,0,0,0,0,-1062.1829773289683,-1062.1829773289683,-1062.1829773289683,0,0,0,0,0,0,782.6848167497322,782.6848167497322,782.6848167497322,87.48035622689767,87.48035622689767,87.48035622689767,0,0,0,188.22499973807282,4091.9844181718504,2256.8921137925954,2256.8921137925954,2064.8743094402566
2022-08-10T00:00:00Z,2257.540183911569,40.71799206572761,40.71799206572761,40.71799206572761,0,0,0,0,0,0,0,0,0,0,0,0,0,0,0,0,0,0,-786.8859899329314,-786.8859899329314,-786.8859899329314,0,0,0,0,0,0,750.5195902297426,750.5195902297426,750.5195902297426,77.08439176891632,77.08439176891632,77.08439176891632,0,0,0,307.70187618335535,4103.913764295359,2257.540183911569,2257.540183911569,2298.2581759772966
2022-08-11T00:00:00Z,2258.1882540305423,216.09136388005803,216.09136388005803,216.09136388005803,0,0,0,0,0,0,0,0,0,0,0,0,0,0,0,0,0,0,-657.2908330142717,-657.2908330142717,-657.2908330142717,0,0,0,0,0,0,806.4432778134876,806.4432778134876,806.4432778134876,66.93891908084203,66.93891908084203,66.93891908084203,0,0,0,439.7010809051653,4346.190103021972,2258.1882540305423,2258.1882540305423,2474.2796179106003
2022-08-12T00:00:00Z,2258.8363241495167,167.64413652660966,167.64413652660966,167.64413652660966,0,0,0,0,0,0,0,0,0,0,0,0,0,0,0,0,0,0,-679.404240904668,-679.404240904668,-679.404240904668,0,0,0,0,0,0,789.6082492681463,789.6082492681463,789.6082492681463,57.440128163131455,57.440128163131455,57.440128163131455,0,0,0,455.5380214346494,4312.548483379522,2258.8363241495167,2258.8363241495167,2426.4804606761263
2022-08-13T00:00:00Z,2259.48439426849,-2122.6041148206223,-2122.6041148206223,-2122.6041148206223,0,0,0,0,0,0,0,0,0,0,0,0,0,0,0,0,0,0,-695.6797131565488,-695.6797131565488,-695.6797131565488,0,0,0,0,0,0,-1475.8814904562387,-1475.8814904562387,-1475.8814904562387,48.957088792165116,48.957088792165116,48.957088792165116,0,0,0,-1919.7118097414423,2081.6542779152837,2259.48439426849,2259.48439426849,136.8802794478679
2022-08-14T00:00:00Z,2260.1324643874636,-2596.0242115601627,-2596.0242115601627,-2596.0242115601627,0,0,0,0,0,0,0,0,0,0,0,0,0,0,0,0,0,0,-567.2020401993387,-567.2020401993387,-567.2020401993387,0,0,0,0,0,0,-2070.641282239351,-2070.641282239351,-2070.641282239351,41.819110878527056,41.819110878527056,41.819110878527056,0,0,0,-2321.2320160744075,1689.0160639743847,2260.1324643874636,2260.1324643874636,-335.89174717269907
2022-08-15T00:00:00Z,2260.7805345064376,125.51439140078391,125.51439140078391,125.51439140078391,0,0,0,0,0,0,0,0,0,0,0,0,0,0,0,0,0,0,-328.0565771849869,-328.0565771849869,-328.0565771849869,0,0,0,0,0,0,417.26683864532407,417.26683864532407,417.26683864532407,36.304129940446735,36.304129940446735,36.304129940446735,0,0,0,347.9394498421517,4296.139495682208,2260.7805345064376,2260.7805345064376,2386.2949259072216
2022-08-16T00:00:00Z,2261.428604625411,669.5664340182676,669.5664340182676,669.5664340182676,0,0,0,0,0,0,0,0,0,0,0,0,0,0,0,0,0,0,-145.74688803590925,-145.74688803590925,-145.74688803590925,0,0,0,0,0,0,782.6848167494301,782.6848167494301,782.6848167494301,32.62850530474698,32.62850530474698,32.62850530474698,0,0,0,925.8888237217351,4968.425177356788,2261.428604625411,2261.428604625411,2930.9950386436785
2022-08-17T00:00:00Z,2262.0766747443845,649.1122514542708,649.1122514542708,649.1122514542708,0,0,0,0,0,0,0,0,0,0,0,0,0,0,0,0,0,0,-132.3459202916113,-132.3459202916113,-132.3459202916113,0,0,0,0,0,0,750.5195902301157,750.5195902301157,750.5195902301157,30.938581515766653,30.938581515766653,30.938581515766653,0,0,0,938.7578720150192,4974.9111997687305,2262.0766747443845,2262.0766747443845,2911.1889261986553
2022-08-18T00:00:00Z,2262.7247448633584,625.2368892209957,625.2368892209957,625.2368892209957,0,0,0,0,0,0,0,0,0,0,0,0,0,0,0,0,0,0,-212.51070331465914,-212.51070331465914,-212.51070331465914,0,0,0,0,0,0,806.4432778115157,806.4432778115157,806.4432778115157,31.30431472413916,31.30431472413916,31.30431472413916,0,0,0,741.6317536191666,4716.5186448197755,2262.7247448633584,2262.7247448633584,2887.961634084354
2022-08-19T00:00:00Z,2263.3728149823323,626.8804004868996,626.8804004868996,626.8804004868996,0,0,0,0,0,0,0,0,0,0,0,0,0,0,0,0,0,0,-196.4430556656145,-196.4430556656145,-196.4430556656145,0,0,0,0,0,0,789.6082492647978,789.6082492647978,789.6082492647978,33.71520688771638,33.71520688771638,33.71520688771638,0,0,0,896.7680956491615,4848.395804476804,2263.3728149823323,2263.3728149823323,2890.2532154692317
2022-08-20T00:00:00Z,2264.020885101306,-1423.9548382697983,-1423.9548382697983,-1423.9548382697983,0,0,0,0,0,0,0,0,0,0,0,0,0,0,0,0,0,0,13.847929083131874,13.847929083131874,13.847929083131874,0,0,0,0,0,0,-1475.8814904591816,-1475.8814904591816,-1475.8814904591816,38.078723106251495,38.078723106251495,38.078723106251495,0,0,0,-990.8825959298288,2819.667920741327,2264.020885101306,2264.020885101306,840.0660468315075
2022-08-21T00:00:00Z,2264.6689552202797,-1717.3504476088146,-1717.3504476088146,-1717.3504476088146,0,0,0,0,0,0,0,0,0,0,0,0,0,0,0,0,0,0,309.06954128183764,309.06954128183764,309.06954128183764,0,0,0,0,0,0,-2070.641282240334,-2070.641282240334,-2070.641282240334,44.2212933496814,44.2212933496814,44.2212933496814,0,0,0,-1517.4727818041488,2379.6023587271266,2264.6689552202797,2264.6689552202797,547.3185076114651
2022-08-22T00:00:00Z,2265.317025339253,959.4142607519777,959.4142607519777,959.4142607519777,0,0,0,0,0,0,0,0,0,0,0,0,0,0,0,0,0,0,490.25550075120253,490.25550075120253,490.25550075120253,0,0,0,0,0,0,417.2668386377258,417.2668386377258,417.2668386377258,51.89192136304934,51.89192136304934,51.89192136304934,0,0,0,1326.671881366431,5187.891865804611,2265.317025339253,2265.317025339253,3224.7312860912307
2022-08-23T00:00:00Z,2265.9650954582266,1360.178061523934,1360.178061523934,1360.178061523934,0,0,0,0,0,0,0,0,0,0,0,0,0,0,0,0,0,0,516.7249017070864,516.7249017070864,516.7249017070864,0,0,0,0,0,0,782.6848167505213,782.6848167505213,782.6848167505213,60.76834306632618,60.76834306632618,60.76834306632618,0,0,0,1602.7595513463457,5529.748956644682,2265.9650954582266,2265.9650954582266,3626.1431569821607
2022-08-24T00:00:00Z,2266.6131655772,1441.639885532763,1441.639885532763,1441.639885532763,0,0,0,0,0,0,0,0,0,0,0,0,0,0,0,0,0,0,620.6546985765212,620.6546985765212,620.6546985765212,0,0,0,0,0,0,750.5195902298672,750.5195902298672,750.5195902298672,70.46559672637449,70.46559672637449,70.46559672637449,0,0,0,1896.9023070899136,5651.150569801992,2266.6131655772,2266.6131655772,3708.253051109963
2022-08-25T00:00:00Z,2267.261235696174,2013.4016033949072,2013.4016033949072,2013.4016033949072,0,0,0,0,0,0,0,0,0,0,0,0,0,0,0,0,0,0,1126.4115355188485,1126.4115355188485,1126.4115355188485,0,0,0,0,0,0,806.4432778123249,806.4432778123249,806.4432778123249,80.54679006373402,80.54679006373402,80.54679006373402,0,0,0,2393.0404154145795,6405.26747026151,2267.261235696174,2267.261235696174,4280.662839091081
2022-08-26T00:00:00Z,2267.9093058151475,2980.2274482818984,2980.2274482818984,2980.2274482818984,0,0,0,0,0,0,0,0,0,0,0,0,0,0,0,0,0,0,2100.083421336187,2100.083421336187,2100.083421336187,0,0,0,0,0,0,789.6082492650216,789.6082492650216,789.6082492650216,90.5357776806902,90.5357776806902,90.5357776806902,0,0,0,3247.5324072241974,7361.282504021798,2267.9093058151475,2267.9093058151475,5248.136754097046
2022-08-27T00:00:00Z,2268.5573759341214,1778.0291788594338,1778.0291788594338,1778.0291788594338,0,0,0,0,0,0,0,0,0,0,0,0,0,0,0,0,0,0,3153.979271273823,3153.979271273823,3153.979271273823,0,0,0,0,0,0,-1475.8814904583603,-1475.8814904583603,-1475.8814904583603,99.931398043971015,99.931398043971015,99.931398043971015,0,0,0,2242.14827614995,6176.5353671389175,2268.5573759341214,2268.5573759341214,4046.5865547935555
2022-08-28T00:00:00Z,2269.2054460530953,1670.358915221836,1670.358915221836,1670.358915221836,0,0,0,0,0,0,0,0,0,0,0,0,0,0,0,0,0,0,3632.7773326491506,3632.7773326491506,3632.7773326491506,0,0,0,0,0,0,-2070.641282238106,-2070.641282238106,-2070.641282238106,108.22286481079057,108.22286481079057,108.22286481079057,0,0,0,2059.095621642387,5915.122609627271,2269.2054460530953,2269.2054460530953,3939.5643612749313
2022-08-29T00:00:00Z,2269.853516172069,3610.490116382035,3610.490116382035,3610.490116382035,0,0,0,0,0,0,0,0,0,0,0,0,0,0,0,0,0,0,3078.3174133770935,3078.3174133770935,3078.3174133770935,0,0,0,0,0,0,417.26683863946846,417.26683863946846,417.26683863946846,114.90586436547487,114.90586436547487,114.90586436547487,0,0,0,3698.091670618979,7961.828961820016,2269.853516172069,2269.853516172069,5880.343632554104
2022-08-30T00:00:00Z,2270.5015862910423,2505.3563735561934,2505.3563735561934,2505.3563735561934,0,0,0,0,0,0,0,0,0,0,0,0,0,0,0,0,0,0,1603.172675294864,1603.172675294864,1603.172675294864,0,0,0,0,0,0,782.6848167502192,782.6848167502192,782.6848167502192,119.49888151111101,119.49888151111101,119.49888151111101,0,0,0,2817.683262876045,6587.016961802553,2270.5015862910423,2270.5015862910423,4775.857959847235
2022-08-31T00:00:00Z,2271.149656410016,-1216.7959523411532,-1216.7959523411532,-1216.7959523411532,0,0,0,0,0,0,-1941.2219588157836,-1941.2219588157836,-1941.2219588157836,0,0,0,0,0,0,-1941.2219588157836,-1941.2219588157836,-1941.2219588157836,-147.65284320213414,-147.65284320213414,-147.65284320213414,0,0,0,0,0,0,750.5195902302403,750.5195902302403,750.5195902302403,121.55925944652444,121.55925944652444,121.55925944652444,0,0,0,-1064.9600060611992,3084.129887372502,2271.149656410016,2271.149656410016,1054.353704068863
2022-09-01T00:00:00Z,2271.7977265289896,-504.212814835336,-504.212814835336,-504.212814835336,0,0,0,0,0,0,0,0,0,0,0,0,0,0,0,0,0,0,-1431.3545917921401,-1431.3545917921401,-1431.3545917921401,0,0,0,0,0,0,806.443277813134,806.443277813134,806.443277813134,120.69849914367028,120.69849914367028,120.69849914367028,0,0,0,-249.21659878547024,3743.8207922465144,2271.7977265289896,2271.7977265289896,1767.5849116936536
2022-09-02T00:00:00Z,2272.445796647963,-986.4786765143839,-986.4786765143839,-986.4786765143839,0,0,0,0,0,0,0,0,0,0,0,0,0,0,0,0,0,0,-1892.6832430362922,-1892.6832430362922,-1892.6832430362922,0,0,0,0,0,0,789.608249265245,789.608249265245,789.608249265245,116.5963172566632,116.5963172566632,116.5963172566632,0,0,0,-629.109118153977,3243.702236538585,2272.445796647963,2272.445796647963,1285.967120133579
2022-09-03T00:00:00Z,2273.0938667669375,-3088.9237488357003,-3088.9237488357003,-3088.9237488357003,0,0,0,0,0,0,0,0,0,0,0,0,0,0,0,0,0,0,-1722.0552689299993,-1722.0552689299993,-1722.0552689299993,0,0,0,0,0,0,-1475.8814904531014,-1475.8814904531014,-1475.8814904531014,109.01301054739919,109.01301054739919,109.01301054739919,0,0,0,-2781.4865848546456,1372.1836457429722,2273.0938667669375,2273.0938667669375,-815.8298820687628
2022-09-04T00:00:00Z,2273.741936885911,-3370.0935950446983,-3370.0935950446983,-3370.0935950446983,0,0,0,0,0,0,0,0,0,0,0,0,0,0,0,0,0,0,-1397.2520306330196,-1397.2520306330196,-1397.2520306330196,0,0,0,0,0,0,-2070.641282237484,-2070.641282237484,-2070.641282237484,97.79971782580525,97.79971782580525,97.79971782580525,0,0,0,-3148.084942536908,851.8601875173807,2273.741936885911,2273.741936885911,-1096.3516581587874
2022-09-05T00:00:00Z,2274.3900070048844,-766.1932095847835,-766.1932095847835,-766.1932095847835,0,0,0,0,0,0,0,0,0,0,0,0,0,0,0,0,0,0,-1266.36627470866,-1266.36627470866,-1266.36627470866,0,0,0,0,0,0,417.26683864121105,417.26683864121105,417.26683864121105,82.90622648266533,82.90622648266533,82.90622648266533,0,0,0,-485.7635617851828,3558.685460014437,2274.3900070048844,2274.3900070048844,1508.196797420101
2022-09-06T00:00:00Z,2275.0380771238583,-482.5762183302778,-482.5762183302778,-482.5762183302778,0,0,0,0,0,0,0,0,0,0,0,0,0,0,0,0,0,0,-1329.6470733934293,-1329.6470733934293,-1329.6470733934293,0,0,0,0,0,0,782.6848167501328,782.6848167501328,782.6848167501328,64.38603831301879,64.38603831301879,64.38603831301879,0,0,0,23.05568681355821,3744.057097104568,2275.0380771238583,2275.0380771238583,1792.4618587935806
2022-09-07T00:00:00Z,2275.686147242832,-568.8179272112238,-568.8179272112238,-568.8179272112238,0,0,0,0,0,0,0,0,0,0,0,0,0,0,0,0,0,0,-1361.7360040620888,-1361.7360040620888,-1361.7360040620888,0,0,0,0,0,0,750.5195902293701,750.5195902293701,750.5195902293701,42.39848662149498,42.39848662149498,42.39848662149498,0,0,0,-218.50418683480635,3721.02648188103,2275.686147242832,2275.686147242832,1706.868220031608
2022-09-08T00:00:00Z,2276.3342173618053,-377.85820365508783,-377.85820365508783,-377.85820365508783,0,0,0,0,0,0,0,0,0,0,0,0,0,0,0,0,0,0,-1201.5092628110556,-1201.5092628110556,-1201.5092628110556,0,0,0,0,0,0,806.4432778098259,806.4432778098259,806.4432778098259,17.207781346141783,17.207781346141783,17.207781346141783,0,0,0,-66.63465501390152,3832.078365548261,2276.3342173618053,2276.3342173618053,1898.4760137067174
2022-09-09T00:00:00Z,2276.982287480779,-136.13430136197073,-136.13430136197073,-136.13430136197073,0,0,0,0,0,0,0,0,0,0,0,0,0,0,0,0,0,0,-914.9214993296014,-914.9214993296014,-914.9214993296014,0,0,0,0,0,0,789.6082492618968,789.6082492618968,789.6082492618968,-10.821051294265732,-10.821051294265732,-10.821051294265732,0,0,0,63.79093007876148,4068.581367199379,2276.982287480779,2276.982287480779,2140.8479861188084
2022-09-10T00:00:00Z,2277.6303575997526,-2215.5124408280967,-2215.5124408280967,-2215.5124408280967,0,0,0,0,0,0,0,0,0,0,0,0,0,0,0,0,0,0,-698.4016743756578,-698.4016743756578,-698.4016743756578,0,0,0,0,0,0,-1475.8814904541618,-1475.8814904541618,-1475.8814904541618,-41.22927599827725,-41.22927599827725,-41.22927599827725,0,0,0,-1987.3893402028689,1965.6726193822744,2277.6303575997526,2277.6303575997526,62.11791677165593
2022-09-11T00:00:00Z,2278.2784277187266,-2801.188855939554,-2801.188855939554,-2801.188855939554,0,0,0,0,0,0,0,0,0,0,0,0,0,0,0,0,0,0,-657.0731216822691,-657.0731216822691,-657.0731216822691,0,0,0,0,0,0,-2070.6412822368616,-2070.6412822368616,-2070.6412822368616,-73.47445202042265,-73.47445202042265,-73.47445202042265,0,0,0,-2418.8502421528437,1425.4779515008652,2278.2784277187266,2278.2784277187266,-522.9104282208273
2022-09-12T00:00:00Z,2278.9264978377005,-389.592233502862,-389.592233502862,-389.592233502862,0,0,0,0,0,0,0,0,0,0,0,0,0,0,0,0,0,0,-699.915977930129,-699.915977930129,-699.915977930129,0,0,0,0,0,0,417.2668386429537,417.2668386429537,417.2668386429537,-106.94309421568663,-106.94309421568663,-106.94309421568663,0,0,0,-109.64882383308067,3898.3217572974363,2278.9264978377005,2278.9264978377005,1889.3342643348385
2022-09-13T00:00:00Z,2279.574567956674,-10.374941924720815,-10.374941924720815,-10.374941924720815,0,0,0,0,0,0,0,0,0,0,0,0,0,0,0,0,0,0,-652.0940890222568,-652.0940890222568,-652.0940890222568,0,0,0,0,0,0,782.6848167496147,782.6848167496147,782.6848167496147,-140.965669652079,-140.965669652079,-140.965669652079,0,0,0,317.6952401104663,4246.166174071001,2279.574567956674,2279.574567956674,2269.199626031953
2022-09-14T00:00:00Z,2280.2226380756474,123.47975139964332,123.47975139964332,123.47975139964332,0,0,0,0,0,0,0,0,0,0,0,0,0,0,0,0,0,0,-452.20630527821135,-452.20630527821135,-452.20630527821135,0,0,0,0,0,0,750.5195902303325,750.5195902303325,750.5195902303325,-174.8335335524779,-174.8335335524779,-174.8335335524779,0,0,0,420.17421083270006,4262.636154303189,2280.2226380756474,2280.2226380756474,2403.7023894752906
2022-09-15T00:00:00Z,2280.8707081946213,379.511468806594,379.511468806594,379.511468806594,0,0,0,0,0,0,0,0,0,0,0,0,0,0,0,0,0,0,-219.11446434524603,-219.11446434524603,-219.11446434524603,0,0,0,0,0,0,806.443277810635,806.443277810635,806.443277810635,-207.81734465879507,-207.81734465879507,-207.81734465879507,0,0,0,525.6689299151973,4515.647758273506,2280.8707081946213,2280.8707081946213,2660.3821770012155
2022-09-16T00:00:00Z,2281.518778313595,-1508.817503759179,-1508.817503759179,-1508.817503759179,0,0,0,0,0,0,-1941.2219588157836,-1941.2219588157836,-1941.2219588157836,0,0,0,0,0,0,-1941.2219588157836,-1941.2219588157836,-1941.2219588157836,-118.01734497482975,-118.01734497482975,-118.01734497482975,0,0,0,0,0,0,789.6082492621204,789.6082492621204,789.6082492621204,-239.1864492306864,-239.1864492306864,-239.1864492306864,0,0,0,-1211.5937837203967,2839.4946603929,2281.518778313595,2281.518778313595,772.7012745544157
2022-09-17T00:00:00Z,2282.1668484325683,-1916.282473678197,-1916.282473678197,-1916.282473678197,0,0,0,0,0,0,0,0,0,0,0,0,0,0,0,0,0,0,-172.17229673904419,-172.17229673904419,-172.17229673904419,0,0,0,0,0,0,-1475.8814904571045,-1475.8814904571045,-1475.8814904571045,-268.2286864820483,-268.2286864820483,-268.2286864820483,0,0,0,-1484.6182231251998,2414.9809572009126,2282.1668484325683,2282.1668484325683,365.88437475437127
2022-09-18T00:00:00Z,2282.8149185515426,-2592.0610279296966,-2592.0610279296966,-2592.0610279296966,0,0,0,0,0,0,0,0,0,0,0,0,0,0,0,0,0,0,-227.14969809788627,-227.14969809788627,-227.14969809788627,0,0,0,0,0,0,-2070.6412822416796,-2070.6412822416796,-2070.6412822416796,-294.270047590131,-294.270047590131,-294.270047590131,0,0,0,-2224.3902260889445,1584.8753252780314,2282.8149185515426,2282.8149185515426,-309.24610937815396
2022-09-19T00:00:00Z,2283.462988670516,-12.822276327455677,-12.822276327455677,-12.822276327455677,0,0,0,0,0,0,0,0,0,0,0,0,0,0,0,0,0,0,-113.39549864767916,-113.39549864767916,-113.39549864767916,0,0,0,0,0,0,417.26683863535555,417.26683863535555,417.26683863535555,-316.69361631513203,-316.69361631513203,-316.69361631513203,0,0,0,260.9422620769286,4308.167629776779,2283.462988670516,2283.462988670516,2270.6407123430604
2022-09-20T00:00:00Z,2284.1110587894896,611.7683731565429,611.7683731565429,611.7683731565429,0,0,0,0,0,0,0,0,0,0,0,0,0,0,0,0,0,0,164.04078846875967,164.04078846875967,164.04078846875967,0,0,0,0,0,0,782.6848167495285,782.6848167495285,782.6848167495285,-334.9572320617453,-334.9572320617453,-334.9572320617453,0,0,0,792.8912822989869,4754.25730028684,2284.1110587894896,2284.1110587894896,2895.8794319460326
2022-09-21T00:00:00Z,2284.7591289084635,824.7299465470564,824.7299465470564,824.7299465470564,0,0,0,0,0,0,0,0,0,0,0,0,0,0,0,0,0,0,422.8197020568385,422.8197020568385,422.8197020568385,0,0,0,0,0,0,750.519590230084,750.519590230084,750.519590230084,-348.6093457398661,-348.6093457398661,-348.6093457398661,0,0,0,1175.9738841211347,5090.253786081135,2284.7591289084635,2284.7591289084635,3109.48907545552
2022-09-22T00:00:00Z,2285.407199027437,963.2073230852554,963.2073230852554,963.2073230852554,0,0,0,0,0,0,0,0,0,0,0,0,0,0,0,0,0,0,514.066629631482,514.066629631482,514.066629631482,0,0,0,0,0,0,806.4432778114442,806.4432778114442,806.4432778114442,-357.3025843576706,-357.3025843576706,-357.3025843576706,0,0,0,1250.1344961768714,5229.63420606844,2285.407199027437,2285.407199027437,3248.6145221126926
2022-09-23T00:00:00Z,2286.0552691464104,965.705169267866,965.705169267866,965.705169267866,0,0,0,0,0,0,0,0,0,0,0,0,0,0,0,0,0,0,536.9015207732504,536.9015207732504,536.9015207732504,0,0,0,0,0,0,789.6082492605578,789.6082492605578,789.6082492605578,-360.804600765942,-360.804600765942,-360.804600765942,0,0,0,1181.5911906842184,5165.49367433727,2286.0552691464104,2286.0552691464104,3251.7604384142765
2022-09-24T00:00:00Z,2286.7033392653843,-1025.650439894927,-1025.650439894927,-1025.650439894927,0,0,0,0,0,0,0,0,0,0,0,0,0,0,0,0,0,0,809.236909290591,809.236909290591,809.236909290591,0,0,0,0,0,0,-1475.8814904562835,-1475.8814904562835,-1475.8814904562835,-359.00585872923466,-359.00585872923466,-359.00585872923466,0,0,0,-851.6656796408753,3180.2947705204506,2286.7033392653843,2286.7033392653843,1261.0528993704572
2022-09-25T00:00:00Z,2287.351409384358,-854.0450885063739,-854.0450885063739,-854.0450885063739,0,0,0,0,0,0,0,0,0,0,0,0,0,0,0,0,0,0,1568.5202822583626,1568.5202822583626,1568.5202822583626,0,0,0,0,0,0,-2070.6412822394514,-2070.6412822394514,-2070.6412822394514,-351.9240885252848,-351.9240885252848,-351.9240885252848,0,0,0,-613.3593665520998,3437.7925869894552,2287.351409384358,2287.351409384358,1433.306320877984
2022-09-26T00:00:00Z,2287.9994795033317,2734.088046407431,2734.088046407431,2734.088046407431,0,0,0,0,0,0,0,0,0,0,0,0,0,0,0,0,0,0,2656.526449922682,2656.526449922682,2656.526449922682,0,0,0,0,0,0,417.266838638109,417.266838638109,417.266838638109,-339.70524215335996,-339.70524215335996,-339.70524215335996,0,0,0,3030.2694994645594,6955.56647021231,2287.9994795033317,2287.9994795033317,5022.087525910763
2022-09-27T00:00:00Z,2288.5089094000164,3964.445989293224,3964.445989293224,3964.445989293224,0,0,0,0,0,0,0,0,0,0,0,0,0,0,0,0,0,0,3504.382049853513,3504.382049853513,3504.382049853513,0,0,0,0,0,0,782.6848167494421,782.6848167494421,782.6848167494421,-322.62087730973167,-322.62087730973167,-322.62087730973167,0,0,0,4390.458130766256,8264.505634060155,2288.5089094000164,2288.5089094000164,6252.9548986932405
2022-09-28T00:00:00Z,2289.0183392967015,3942.4720410922655,3942.4720410922655,3942.4720410922655,0,0,0,0,0,0,0,0,0,0,0,0,0,0,0,0,0,0,3493.0144535148384,3493.0144535148384,3493.0144535148384,0,0,0,0,0,0,750.5195902298357,750.5195902298357,750.5195902298357,-301.0620026524089,-301.0620026524089,-301.0620026524089,0,0,0,4172.577667890864,8199.293797861437,2289.0183392967015,2289.0183392967015,6231.4903803889665
2022-09-29T00:00:00Z,2289.5277691933866,2955.1500451581182,2955.1500451581182,2955.1500451581182,0,0,0,0,0,0,0,0,0,0,0,0,0,0,0,0,0,0,2424.2362878692475,2424.2362878692475,2424.2362878692475,0,0,0,0,0,0,806.4432778122533,806.4432778122533,806.4432778122533,-275.5295205233824,-275.5295205233824,-275.5295205233824,0,0,0,3098.77763830858,7356.496296401489,2289.5277691933866,2289.5277691933866,5244.677814351505
2022-09-30T00:00:00Z,2290.037199090071,1254.5370511651467,1254.5370511651467,1254.5370511651467,0,0,0,0,0,0,0,0,0,0,0,0,0,0,0,0,0,0,711.550306032702,711.550306032702,711.550306032702,0,0,0,0,0,0,789.608249265361,789.608249265361,789.608249265361,-246.6215041329165,-246.6215041329165,-246.6215041329165,0,0,0,1574.7631368791658,5641.929881750915,2290.037199090071,2290.037199090071,3544.574250255218
2022-10-01T00:00:00Z,2290.5466289867563,-2574.174273241482,-2574.174273241482,-2574.174273241482,0,0,0,0,0,0,0,0,0,0,0,0,0,0,0,0,0,0,-883.2751415231085,-883.2751415231085,-883.2751415231085,0,0,0,0,0,0,-1475.8814904592266,-1475.8814904592266,-1475.8814904592266,-215.01764125914548,-215.01764125914548,-215.01764125914548,0,0,0,-2196.918234029038,1689.3158188368736,2290.5466289867563,2290.5466289867563,-283.6276442547255
2022-10-02T00:00:00Z,2291.0560588834414,-4016.478452931501,-4016.478452931501,-4016.478452931501,0,0,0,0,0,0,0,0,0,0,0,0,0,0,0,0,0,0,-1764.3759078340452,-1764.3759078340452,-1764.3759078340452,0,0,0,0,0,0,-2070.6412822404345,-2070.6412822404345,-2070.6412822404345,-181.46126285702064,-181.46126285702064,-181.46126285702064,0,0,0,-3643.386041596057,245.25165388396198,2291.0560588834414,2291.0560588834414,-1725.4223940480597
2022-10-03T00:00:00Z,2291.565488780126,-1587.639059414997,-1587.639059414997,-1587.639059414997,0,0,0,0,0,0,0,0,0,0,0,0,0,0,0,0,0,0,-1858.1664480633203,-1858.1664480633203,-1858.1664480633203,0,0,0,0,0,0,417.26683863884074,417.26683863884074,417.26683863884074,-146.7394499905174,-146.7394499905174,-146.7394499905174,0,0,0,-1306.4333996118812,2695.851417190728,2291.565488780126,2291.565488780126,703.926429365129
2022-10-04T00:00:00Z,2292.074918676811,-878.8723652994006,-878.8723652994006,-878.8723652994006,0,0,0,0,0,0,0,0,0,0,0,0,0,0,0,0,0,0,-1549.8954082149853,-1549.8954082149853,-1549.8954082149853,0,0,0,0,0,0,782.6848167491399,782.6848167491399,782.6848167491399,-111.6617738335551,-111.6617738335551,-111.6617738335551,0,0,0,-505.57122586450487,3355.6389751010083,2292.074918676811,2292.074918676811,1413.2025533774106
2022-10-05T00:00:00Z,2292.5843485734963,-625.8213619474326,-625.8213619474326,-625.8213619474326,0,0,0,0,0,0,0,0,0,0,0,0,0,0,0,0,0,0,-1299.3026830018132,-1299.3026830018132,-1299.3026830018132,0,0,0,0,0,0,750.5195902301765,750.5195902301765,750.5195902301765,-77.03826917579566,-77.03826917579566,-77.03826917579566,0,0,0,-292.11509286398075,3744.087671016125,2292.5843485734963,2292.5843485734963,1666.7629866260636
2022-10-06T00:00:00Z,2293.0937784701814,-523.0808939472803,-523.0808939472803,-523.0808939472803,0,0,0,0,0,0,0,0,0,0,0,0,0,0,0,0,0,0,-1285.8669013617914,-1285.8669013617914,-1285.8669013617914,0,0,0,0,0,0,806.4432778117261,806.4432778117261,806.4432778117261,-43.657270397215825,-43.657270397215825,-43.657270397215825,0,0,0,-320.9854335633282,3816.1564210499228,2293.0937784701814,2293.0937784701814,1770.012884522901
2022-10-07T00:00:00Z,2293.603208366866,-586.9716641644529,-586.9716641644529,-586.9716641644529,0,0,0,0,0,0,0,0,0,0,0,0,0,0,0,0,0,0,-1364.3161642284226,-1364.3161642284226,-1364.3161642284226,0,0,0,0,0,0,789.6082492637987,789.6082492637987,789.6082492637987,-12.263749199829698,-12.263749199829698,-12.263749199829698,0,0,0,-130.9186281188979,3626.6628713013642,2293.603208366866,2293.603208366866,1706.6315442024131
2022-10-08T00:00:00Z,2294.112638263551,-2766.343719762535,-2766.343719762535,-2766.343719762535,0,0,0,0,0,0,0,0,0,0,0,0,0,0,0,0,0,0,-1306.9234442718187,-1306.9234442718187,-1306.9234442718187,0,0,0,0,0,0,-1475.8814904621695,-1475.8814904621695,-1475.8814904621695,16.461214971453206,16.461214971453206,16.461214971453206,0,0,0,-2235.808635599773,1509.1297267260122,2294.112638263551,2294.112638263551,-472.2310814989837
2022-10-10T00:00:00Z,2295.131498056921,-2247.2300318843145,-2247.2300318843145,-2247.2300318843145,0,0,0,0,0,0,-1941.2219588157836,-1941.2219588157836,-1941.2219588157836,0,0,0,0,0,0,-1941.2219588157836,-1941.2219588157836,-1941.2219588157836,-786.8859899345742,-786.8859899345742,-786.8859899345742,0,0,0,0,0,0,417.2668386405831,417.2668386405831,417.2668386405831,63.61107822545998,63.61107822545998,63.61107822545998,0,0,0,-1859.2431246701158,1922.4674360714073,2295.131498056921,2295.131498056921,47.90146617260643
2022-10-11T00:00:00Z,2295.640927953606,206.5444263028329,206.5444263028329,206.5444263028329,0,0,0,0,0,0,0,0,0,0,0,0,0,0,0,0,0,0,-657.290833014453,-657.290833014453,-657.290833014453,0,0,0,0,0,0,782.6848167502311,782.6848167502311,782.6848167502311,81.15044256705467,81.15044256705467,81.15044256705467,0,0,0,576.8237923399785,4564.9700547470875,2295.640927953606,2295.640927953606,2502.185354256439
2022-10-12T00:00:00Z,2296.150357850291,165.38972840470464,165.38972840470464,165.38972840470464,0,0,0,0,0,0,0,0,0,0,0,0,0,0,0,0,0,0,-679.4042409052208,-679.4042409052208,-679.4042409052208,0,0,0,0,0,0,750.5195902305495,750.5195902305495,750.5195902305495,94.27437907937592,94.27437907937592,94.27437907937592,0,0,0,483.4973043526019,4341.094366206448,2296.150357850291,2296.150357850291,2461.540086254996
2022-10-13T00:00:00Z,2296.659787746976,213.61384439141204,213.61384439141204,213.61384439141204,0,0,0,0,0,0,0,0,0,0,0,0,0,0,0,0,0,0,-695.6797131566555,-695.6797131566555,-695.6797131566555,0,0,0,0,0,0,806.4432778138716,806.4432778138716,806.4432778138716,102.85027973419601,102.85027973419601,102.85027973419601,0,0,0,596.8627286737118,4431.07412649273,2296.659787746976,2296.659787746976,2510.2736321383877
2022-10-14T00:00:00Z,2297.169217643661,329.28526256478324,329.28526256478324,329.28526256478324,0,0,0,0,0,0,0,0,0,0,0,0,0,0,0,0,0,0,-567.2020401993303,-567.2020401993303,-567.2020401993303,0,0,0,0,0,0,789.6082492640222,789.6082492640222,789.6082492640222,106.87905350009083,106.87905350009083,106.87905350009083,0,0,0,655.2866893303635,4630.912701119621,2297.169217643661,2297.169217643661,2626.4544802084442
2022-10-15T00:00:00Z,2297.678647540346,-1697.4436466779746,-1697.4436466779746,-1697.4436466779746,0,0,0,0,0,0,0,0,0,0,0,0,0,0,0,0,0,0,-328.0565771849937,-328.0565771849937,-328.0565771849937,0,0,0,0,0,0,-1475.8814904531462,-1475.8814904531462,-1475.8814904531462,106.49442096016513,106.49442096016513,106.49442096016513,0,0,0,-1411.406108451027,2662.79595648577,2297.678647540346,2297.678647540346,600.2350008623714
2022-10-16T00:00:00Z,2298.1880774370306,-2114.429855827066,-2114.429855827066,-2114.429855827066,0,0,0,0,0,0,0,0,0,0,0,0,0,0,0,0,0,0,-145.74688803569066,-145.74688803569066,-145.74688803569066,0,0,0,0,0,0,-2070.6412822430243,-2070.6412822430243,-2070.6412822430243,101.95831445164917,101.95831445164917,101.95831445164917,0,0,0,-1878.771931229421,2064.5219300647327,2298.1880774370306,2298.1880774370306,183.7582216099645
2022-10-17T00:00:00Z,2298.6975073337157,378.5734109051393,378.5734109051393,378.5734109051393,0,0,0,0,0,0,0,0,0,0,0,0,0,0,0,0,0,0,-132.3459202913451,-132.3459202913451,-132.3459202913451,0,0,0,0,0,0,417.26683864232587,417.26683864232587,417.26683864232587,93.65249255415854,93.65249255415854,93.65249255415854,0,0,0,626.1941112212057,4722.227428718996,2298.6975073337157,2298.6975073337157,2677.2709182388553
2022-10-18T00:00:00Z,2299.206937230401,652.2407039101672,652.2407039101672,652.2407039101672,0,0,0,0,0,0,0,0,0,0,0,0,0,0,0,0,0,0,-212.51070331453013,-212.51070331453013,-212.51070331453013,0,0,0,0,0,0,782.6848167499293,782.6848167499293,782.6848167499293,82.06659047476813,82.06659047476813,82.06659047476813,0,0,0,850.9177028683108,4823.275287699751,2299.206937230401,2299.206937230401,2951.447641140568
2022-10-19T00:00:00Z,2299.7163671270855,621.8594697906549,621.8594697906549,621.8594697906549,0,0,0,0,0,0,0,0,0,0,0,0,0,0,0,0,0,0,-196.4430556657904,-196.4430556657904,-196.4430556657904,0,0,0,0,0,0,750.5195902296794,750.5195902296794,750.5195902296794,67.78293522676586,67.78293522676586,67.78293522676586,0,0,0,1038.6933311205364,5025.445650583033,2299.7163671270855,2299.7163671270855,2921.57583691774
2022-10-20T00:00:00Z,2300.2257970237706,871.7497601375624,871.7497601375624,871.7497601375624,0,0,0,0,0,0,0,0,0,0,0,0,0,0,0,0,0,0,13.847929083902441,13.847929083902441,13.847929083902441,0,0,0,0,0,0,806.4432778133445,806.4432778133445,806.4432778133445,51.45855324031516,51.45855324031516,51.45855324031516,0,0,0,1216.376230991488,5077.112798407337,2300.2257970237706,2300.2257970237706,3171.975557161333
2022-10-21T00:00:00Z,2300.7352269204557,1132.4826757337387,1132.4826757337387,1132.4826757337387,0,0,0,0,0,0,0,0,0,0,0,0,0,0,0,0,0,0,309.06954128251317,309.06954128251317,309.06954128251317,0,0,0,0,0,0,789.6082492624598,789.6082492624598,789.6082492624598,33.80488518876555,33.80488518876555,33.80488518876555,0,0,0,1524.8606977534732,5432.991113622024,2300.7352269204557,2300.7352269204557,3433.2179026541944
2022-10-22T00:00:00Z,2301.2446568171404,-970.0601940382112,-970.0601940382112,-970.0601940382112,0,0,0,0,0,0,0,0,0,0,0,0,0,0,0,0,0,0,490.25550075163807,490.25550075163807,490.25550075163807,0,0,0,0,0,0,-1475.8814904560888,-1475.8814904560888,-1475.8814904560888,15.565795666239811,15.565795666239811,15.565795666239811,0,0,0,-773.8885785466487,3520.729627717499,2301.2446568171404,2301.2446568171404,1331.1844627789292
2022-10-23T00:00:00Z,2301.7540867138255,-1556.4218589290813,-1556.4218589290813,-1556.4218589290813,0,0,0,0,0,0,0,0,0,0,0,0,0,0,0,0,0,0,516.7249017065157,516.7249017065157,516.7249017065157,0,0,0,0,0,0,-2070.6412822407965,-2070.6412822407965,-2070.6412822407965,-2.5054783948002726,-2.5054783948002726,-2.5054783948002726,0,0,0,-1264.4120503217941,2729.477109673657,2301.7540867138255,2301.7540867138255,745.3322277847442
2022-10-24T00:00:00Z,2302.2635166105106,-922.9701804411176,-922.9701804411176,-922.9701804411176,0,0,0,0,0,0,-1941.2219588157836,-1941.2219588157836,-1941.2219588157836,0,0,0,0,0,0,-1941.2219588157836,-1941.2219588157836,-1941.2219588157836,620.6546985756305,620.6546985756305,620.6546985756305,0,0,0,0,0,0,417.2668386440684,417.2668386440684,417.2668386440684,-19.669758845032966,-19.669758845032966,-19.669758845032966,0,0,0,-701.3699071727546,3444.568231568642,2302.2635166105106,2302.2635166105106,1379.2933361693931
2022-10-25T00:00:00Z,2302.7729465071957,1873.8713150948042,1873.8713150948042,1873.8713150948042,0,0,0,0,0,0,0,0,0,0,0,0,0,0,0,0,0,0,1126.411535520268,1126.411535520268,1126.411535520268,0,0,0,0,0,0,782.6848167498429,782.6848167498429,782.6848167498429,-35.2250371753072,-35.2250371753072,-35.2250371753072,0,0,0,2017.8378333252895,6090.642132584725,2302.7729465071957,2302.7729465071957,4176.6442616019995
2022-10-26T00:00:00Z,2303.2823764038803,2802.0744438573133,2802.0744438573133,2802.0744438573133,0,0,0,0,0,0,0,0,0,0,0,0,0,0,0,0,0,0,2100.083421336177,2100.083421336177,2100.083421336177,0,0,0,0,0,0,750.5195902300525,750.5195902300525,750.5195902300525,-48.52856770891565,-48.52856770891565,-48.52856770891565,0,0,0,3158.902143403745,7080.174050901905,2303.2823764038803,2303.2823764038803,5105.356820261193
2022-10-27T00:00:00Z,2303.7918063005654,3901.4052803098325,3901.4052803098325,3901.4052803098325,0,0,0,0,0,0,0,0,0,0,0,0,0,0,0,0,0,0,3153.9792712750605,3153.9792712750605,3153.9792712750605,0,0,0,0,0,0,806.4432778113726,806.4432778113726,806.4432778113726,-59.01726877659962,-59.01726877659962,-59.01726877659962,0,0,0,4215.2176015289815,8220.310873778051,2303.7918063005654,2303.7918063005654,6205.197086610398
2022-10-28T00:00:00Z,2304.30123619725,4356.159781146352,4356.159781146352,4356.159781146352,0,0,0,0,0,0,0,0,0,0,0,0,0,0,0,0,0,0,3632.7773326490787,3632.7773326490787,3632.7773326490787,0,0,0,0,0,0,789.6082492608977,789.6082492608977,789.6082492608977,-66.22580076362476,-66.22580076362476,-66.22580076362476,0,0,0,4755.583742765452,8729.118430235718,2304.30123619725,2304.30123619725,6660.461017343601
2022-10-29T00:00:00Z,2304.8106660939347,1532.6341706177002,1532.6341706177002,1532.6341706177002,0,0,0,0,0,0,0,0,0,0,0,0,0,0,0,0,0,0,3078.3174133784955,3078.3174133784955,3078.3174133784955,0,0,0,0,0,0,-1475.8814904571498,-1475.8814904571498,-1475.8814904571498,-69.80175230364539,-69.80175230364539,-69.80175230364539,0,0,0,1901.1836822321027,5735.546927603829,2304.8106660939347,2304.8106660939347,3837.4448367116347
2022-10-30T00:00:00Z,2305.32009599062,-536.9860527496343,-536.9860527496343,-536.9860527496343,0,0,0,0,0,0,0,0,0,0,0,0,0,0,0,0,0,0,1603.1726752962682,1603.1726752962682,1603.1726752962682,0,0,0,0,0,0,-2070.64128224178,-2070.64128224178,-2070.64128224178,-69.51744580412195,-69.51744580412195,-69.51744580412195,0,0,0,-279.3116173382517,3712.9804196198866,2305.32009599062,2305.32009599062,1768.3340432409855
2022-10-31T00:00:00Z,2305.829525887305,204.33602667367887,204.33602667367887,204.33602667367887,0,0,0,0,0,0,0,0,0,0,0,0,0,0,0,0,0,0,-147.65284320145165,-147.65284320145165,-147.65284320145165,0,0,0,0,0,0,417.2668386448002,417.2668386448002,417.2668386448002,-65.27796876966973,-65.27796876966973,-65.27796876966973,0,0,0,481.2433705956566,4600.488195597139,2305.829525887305,2305.829525887305,2510.165552560984
2022-11-01T00:00:00Z,2306.3389557839896,-705.7949204650599,-705.7949204650599,-705.7949204650599,0,0,0,0,0,0,0,0,0,0,0,0,0,0,0,0,0,0,-1431.3545917917088,-1431.3545917917088,-1431.3545917917088,0,0,0,0,0,0,782.6848167507184,782.6848167507184,782.6848167507184,-57.12514542406921,-57.12514542406921,-57.12514542406921,0,0,0,-430.68389300419324,3505.9500412168286,2306.3389557839896,2306.3389557839896,1600.5440353189297
2022-11-02T00:00:00Z,2306.8483856806747,-1187.4009336801516,-1187.4009336801516,-1187.4009336801516,0,0,0,0,0,0,0,0,0,0,0,0,0,0,0,0,0,0,-1892.6832430361121,-1892.6832430361121,-1892.6832430361121,0,0,0,0,0,0,750.5195902304254,750.5195902304254,750.5195902304254,-45.2372808744652,-45.2372808744652,-45.2372808744652,0,0,0,-928.7804565739945,3208.2565543483165,2306.8483856806747,2306.8483856806747,1119.447452000523
2022-11-03T00:00:00Z,2307.35781557736,-945.536625315888,-945.536625315888,-945.536625315888,0,0,0,0,0,0,0,0,0,0,0,0,0,0,0,0,0,0,-1722.0552689299882,-1722.0552689299882,-1722.0552689299882,0,0,0,0,0,0,806.4432778121817,806.4432778121817,806.4432778121817,-29.924634198081797,-29.924634198081797,-29.924634198081797,0,0,0,-605.7085768043557,3402.3264173228836,2307.35781557736,2307.35781557736,1361.8211902614717
2022-11-04T00:00:00Z,2307.8672454740445,-619.2644851340456,-619.2644851340456,-619.2644851340456,0,0,0,0,0,0,0,0,0,0,0,0,0,0,0,0,0,0,-1397.2520306327256,-1397.2520306327256,-1397.2520306327256,0,0,0,0,0,0,789.6082492593351,789.6082492593351,789.6082492593351,-11.62070376065536,-11.62070376065536,-11.62070376065536,0,0,0,-291.6585560353793,3751.6042272045206,2307.8672454740445,2307.8672454740445,1688.602760339999
2022-11-05T00:00:00Z,2308.3766753707296,-2733.1172993019804,-2733.1172993019804,-2733.1172993019804,0,0,0,0,0,0,0,0,0,0,0,0,0,0,0,0,0,0,-1266.3662747082076,-1266.3662747082076,-1266.3662747082076,0,0,0,0,0,0,-1475.8814904582107,-1475.8814904582107,-1475.8814904582107,9.130465864438337,9.130465864438337,9.130465864438337,0,0,0,-2556.819163063461,1629.2644404616851,2308.3766753707296,2308.3766753707296,-424.74062393125087
2022-11-06T00:00:00Z,2308.8861052674147,-3368.5977311036586,-3368.5977311036586,-3368.5977311036586,0,0,0,0,0,0,0,0,0,0,0,0,0,0,0,0,0,0,-1329.6470733939486,-1329.6470733939486,-1329.6470733939486,0,0,0,0,0,0,-2070.641282239552,-2070.641282239552,-2070.641282239552,31.69062452984299,31.69062452984299,31.69062452984299,0,0,0,-2896.1635415446012,898.0197740614658,2308.8861052674147,2308.8861052674147,-1059.711625836244
2022-11-07T00:00:00Z,2309.3955351641,-889.122304846298,-889.122304846298,-889.122304846298,0,0,0,0,0,0,0,0,0,0,0,0,0,0,0,0,0,0,-1361.7360040625106,-1361.7360040625106,-1361.7360040625106,0,0,0,0,0,0,417.266838638213,417.266838638213,417.266838638213,55.34686057799957,55.34686057799957,55.34686057799957,0,0,0,-496.96410792969056,3403.1724657507584,2309.3955351641,2309.3955351641,1420.2732303178018
2022-11-08T00:00:00Z,2309.9049650607844,-339.49064352683666,-339.49064352683666,-339.49064352683666,0,0,0,0,0,0,0,0,0,0,0,0,0,0,0,0,0,0,-1201.5092628104999,-1201.5092628104999,-1201.5092628104999,0,0,0,0,0,0,782.6848167506322,782.6848167506322,782.6848167506322,79.33380253303105,79.33380253303105,79.33380253303105,0,0,0,-84.71832692914796,4060.3038472588955,2309.9049650607844,2309.9049650607844,1970.4143215339477
2022-11-09T00:00:00Z,2310.4143949574695,-61.54406343901838,-61.54406343901838,-61.54406343901838,0,0,0,0,0,0,0,0,0,0,0,0,0,0,0,0,0,0,-914.9214993311834,-914.9214993311834,-914.9214993311834,0,0,0,0,0,0,750.519590230177,750.519590230177,750.519590230177,102.85784566198822,102.85784566198822,102.85784566198822,0,0,0,174.4762068822293,4291.116937454903,2310.4143949574695,2310.4143949574695,2248.870331518451
2022-11-10T00:00:00Z,2310.9238248541546,233.1643045679506,233.1643045679506,233.1643045679506,0,0,0,0,0,0,0,0,0,0,0,0,0,0,0,0,0,0,-698.4016743762921,-698.4016743762921,-698.4016743762921,0,0,0,0,0,0,806.4432778129909,806.4432778129909,806.4432778129909,125.12270113125184,125.12270113125184,125.12270113125184,0,0,0,560.257386423368,4504.119528331313,2310.9238248541546,2310.9238248541546,2544.0881294221053
2022-11-11T00:00:00Z,2311.4332547508393,277.8906432106812,277.8906432106812,277.8906432106812,0,0,0,0,0,0,0,0,0,0,0,0,0,0,0,0,0,0,-657.0731216843735,-657.0731216843735,-657.0731216843735,0,0,0,0,0,0,789.6082492595591,789.6082492595591,789.6082492595591,145.3555156354954,145.3555156354954,145.3555156354954,0,0,0,733.6239432135295,4670.608781662649,2311.4332547508393,2311.4332547508393,2589.3238979615207
2022-11-12T00:00:00Z,2311.9426846475244,-2012.964687457123,-2012.964687457123,-2012.964687457123,0,0,0,0,0,0,0,0,0,0,0,0,0,0,0,0,0,0,-699.9159779309083,-699.9159779309083,-699.9159779309083,0,0,0,0,0,0,-1475.8814904510693,-1475.8814904510693,-1475.8814904510693,162.8327809248545,162.8327809248545,162.8327809248545,0,0,0,-1649.988656688868,2195.4259713430592,2311.9426846475244,2311.9426846475244,298.9779971904013
2022-11-13T00:00:00Z,2312.4521145442095,-2545.83012460242,-2545.83012460242,-2545.83012460242,0,0,0,0,0,0,0,0,0,0,0,0,0,0,0,0,0,0,-652.094089021626,-652.094089021626,-652.094089021626,0,0,0,0,0,0,-2070.6412822373245,-2070.6412822373245,-2070.6412822373245,176.90524665653052,176.90524665653052,176.90524665653052,0,0,0,-2192.5990154312985,1676.6799250811093,2312.4521145442095,2312.4521145442095,-233.3780100582103
2022-11-14T00:00:00Z,2312.961544440894,152.0816003044561,152.0816003044561,152.0816003044561,0,0,0,0,0,0,0,0,0,0,0,0,0,0,0,0,0,0,-452.20630528022525,-452.20630528022525,-452.20630528022525,0,0,0,0,0,0,417.2668386399556,417.2668386399556,417.2668386399556,187.0210669447257,187.0210669447257,187.0210669447257,0,0,0,519.1114596883132,4585.703514947517,2312.961544440894,2312.961544440894,2465.04314474535
2022-11-15T00:00:00Z,2313.4709743375793,756.3168030515966,756.3168030515966,756.3168030515966,0,0,0,0,0,0,0,0,0,0,0,0,0,0,0,0,0,0,-219.11446434633535,-219.11446434633535,-219.11446434633535,0,0,0,0,0,0,782.6848167503301,782.6848167503301,782.6848167503301,192.7464506476019,192.7464506476019,192.7464506476019,0,0,0,1051.3671362503558,4987.443271011152,2313.4709743375793,2313.4709743375793,3069.787777389176
2022-11-16T00:00:00Z,2313.9804042342644,826.285392221503,826.285392221503,826.285392221503,0,0,0,0,0,0,0,0,0,0,0,0,0,0,0,0,0,0,-118.01734497528444,-118.01734497528444,-118.01734497528444,0,0,0,0,0,0,750.5195902299284,750.5195902299284,750.5195902299284,193.78314696685896,193.78314696685896,193.78314696685896,0,0,0,1328.8864276606328,5157.821001577682,2313.9804042342644,2313.9804042342644,3140.2657964557675
2022-11-17T00:00:00Z,2314.489834130949,824.25316091189,824.25316091189,824.25316091189,0,0,0,0,0,0,0,0,0,0,0,0,0,0,0,0,0,0,-172.17229673882008,-172.17229673882008,-172.17229673882008,0,0,0,0,0,0,806.4432778124637,806.4432778124637,806.4432778124637,189.98217983824634,189.98217983824634,189.98217983824634,0,0,0,974.2644522230654,4939.907390677773,2314.489834130949,2314.489834130949,3138.742995042839
2022-11-18T00:00:00Z,2314.999264027634,-1197.4100629035636,-1197.4100629035636,-1197.4100629035636,0,0,0,0,0,0,-1941.2219588157836,-1941.2219588157836,-1941.2219588157836,0,0,0,0,0,0,-1941.2219588157836,-1941.2219588157836,-1941.2219588157836,-227.14969809789784,-227.14969809789784,-227.14969809789784,0,0,0,0,0,0,789.608249262576,789.608249262576,789.608249262576,181.35334474754168,181.35334474754168,181.35334474754168,0,0,0,-957.7672200965104,3286.587447558667,2314.999264027634,2314.999264027634,1117.5892011240705
2022-11-19T00:00:00Z,2315.508693924319,-3362.428850547645,-3362.428850547645,-3362.428850547645,0,0,0,0,0,0,-1941.2219588157836,-1941.2219588157836,-1941.2219588157836,0,0,0,0,0,0,-1941.2219588157836,-1941.2219588157836,-1941.2219588157836,-113.39549864785286,-113.39549864785286,-113.39549864785286,0,0,0,0,0,0,-1475.8814904540125,-1475.8814904540125,-1475.8814904540125,168.07009737000328,168.07009737000328,168.07009737000328,0,0,0,-3073.6548530285104,928.3386347752198,2315.508693924319,2315.508693924319,-1046.9201566233264
2022-11-20T00:00:00Z,2316.0034028581663,-1756.1309021174825,-1756.1309021174825,-1756.1309021174825,0,0,0,0,0,0,0,0,0,0,0,0,0,0,0,0,0,0,164.04078847026977,164.04078847026977,164.04078847026977,0,0,0,0,0,0,-2070.641282238307,-2070.641282238307,-2070.641282238307,150.46959165055483,150.46959165055483,150.46959165055483,0,0,0,-1252.418356514874,2581.4344018254214,2316.0034028581663,2316.0034028581663,559.8725007406838
2022-11-21T00:00:00Z,2316.4981117920142,969.1343028012948,969.1343028012948,969.1343028012948,0,0,0,0,0,0,0,0,0,0,0,0,0,0,0,0,0,0,422.81970205739145,422.81970205739145,422.81970205739145,0,0,0,0,0,0,417.2668386416981,417.2668386416981,417.2668386416981,129.04776210220535,129.04776210220535,129.04776210220535,0,0,0,1378.2086070861728,5357.545449257542,2316.4981117920142,2316.4981117920142,3285.632414593309
2022-11-22T00:00:00Z,2316.9928207258617,1401.2009337416957,1401.2009337416957,1401.2009337416957,0,0,0,0,0,0,0,0,0,0,0,0,0,0,0,0,0,0,514.06662963164,514.06662963164,514.06662963164,0,0,0,0,0,0,782.6848167500278,782.6848167500278,782.6848167500278,104.44948736002814,104.44948736002814,104.44948736002814,0,0,0,1664.563355529001,5627.66088988187,2316.9928207258617,2316.9928207258617,3718.1937544675575
2022-11-23T00:00:00Z,2317.4875296597097,1364.8751263849686,1364.8751263849686,1364.8751263849686,0,0,0,0,0,0,0,0,0,0,0,0,0,0,0,0,0,0,536.9015207740957,536.9015207740957,536.9015207740957,0,0,0,0,0,0,750.5195902302693,750.5195902302693,750.5195902302693,77.45401538060328,77.45401538060328,77.45401538060328,0,0,0,1615.8136843270545,5645.16645605661,2317.4875296597097,2317.4875296597097,3682.3626560446783
2022-11-24T00:00:00Z,2317.982238593557,1664.636158122196,1664.636158122196,1664.636158122196,0,0,0,0,0,0,0,0,0,0,0,0,0,0,0,0,0,0,809.2369092908698,809.2369092908698,809.2369092908698,0,0,0,0,0,0,806.4432778119368,806.4432778119368,806.4432778119368,48.95597101938935,48.95597101938935,48.95597101938935,0,0,0,2047.99642129857,5827.667837558337,2317.982238593557,2317.982238593557,3982.618396715753
2022-11-25T00:00:00Z,2318.476947527405,2378.070931523258,2378.070931523258,2378.070931523258,0,0,0,0,0,0,0,0,0,0,0,0,0,0,0,0,0,0,1568.5202822584258,1568.5202822584258,1568.5202822584258,0,0,0,0,0,0,789.6082492627997,789.6082492627997,789.6082492627997,19.94240000203264,19.94240000203264,19.94240000203264,0,0,0,2586.3277482078256,6522.095930532787,2318.476947527405,2318.476947527405,4696.547879050663
2022-11-26T00:00:00Z,2318.9716564612527,1172.1113850990243,1172.1113850990243,1172.1113850990243,0,0,0,0,0,0,0,0,0,0,0,0,0,0,0,0,0,0,2656.5264499245836,2656.5264499245836,2656.5264499245836,0,0,0,0,0,0,-1475.8814904550734,-1475.8814904550734,-1475.8814904550734,-8.533574370484432,-8.533574370484432,-8.533574370484432,0,0,0,1635.3778621104884,5469.086977336414,2318.9716564612527,2318.9716564612527,3491.083041560277
2022-11-27T00:00:00Z,2319.4663653951,1398.3589699035547,1398.3589699035547,1398.3589699035547,0,0,0,0,0,0,0,0,0,0,0,0,0,0,0,0,0,0,3504.3820498533796,3504.3820498533796,3504.3820498533796,0,0,0,0,0,0,-2070.64128223608,-2070.64128223608,-2070.64128223608,-35.38179771374443,-35.38179771374443,-35.38179771374443,0,0,0,1871.3649491094,5732.86410648155,2319.4663653951,2319.4663653951,3717.825335298655
2022-11-28T00:00:00Z,2319.9610743289477,1909.5532730415032,1909.5532730415032,1909.5532730415032,0,0,0,0,0,0,-1941.2219588157836,-1941.2219588157836,-1941.2219588157836,0,0,0,0,0,0,-1941.2219588157836,-1941.2219588157836,-1941.2219588157836,3493.0144535154545,3493.0144535154545,3493.0144535154545,0,0,0,0,0,0,417.26683863409994,417.26683863409994,417.26683863409994,-59.506060292269396,-59.506060292269396,-59.506060292269396,0,0,0,2267.515742186912,6313.772884538349,2319.9610743289477,2319.9610743289477,4229.514347370451
2022-11-29T00:00:00Z,2320.455783262795,3127.0849458343932,3127.0849458343932,3127.0849458343932,0,0,0,0,0,0,0,0,0,0,0,0,0,0,0,0,0,0,2424.236287868438,2424.236287868438,2424.236287868438,0,0,0,0,0,0,782.6848167497255,782.6848167497255,782.6848167497255,-79.83615878377137,-79.83615878377137,-79.83615878377137,0,0,0,3378.359378518922,7498.554941124524,2320.455783262795,2320.455783262795,5447.540729097189
2022-11-30T00:00:00Z,2320.950492196643,1366.7097417843404,1366.7097417843404,1366.7097417843404,0,0,0,0,0,0,0,0,0,0,0,0,0,0,0,0,0,0,711.5503060318415,711.5503060318415,711.5503060318415,0,0,0,0,0,0,750.5195902306425,750.5195902306425,750.5195902306425,-95.36015447814334,-95.36015447814334,-95.36015447814334,0,0,0,1631.8621422245287,5702.806935046535,2320.950492196643,2320.950492196643,3687.6602339809833
2022-12-01T00:00:00Z,2321.4452011304907,-181.98778009375334,-181.98778009375334,-181.98778009375334,0,0,0,0,0,0,0,0,0,0,0,0,0,0,0,0,0,0,-883.2751415221172,-883.2751415221172,-883.2751415221172,0,0,0,0,0,0,806.4432778140821,806.4432778140821,806.4432778140821,-105.15591638571814,-105.15591638571814,-105.15591638571814,0,0,0,201.06108612292297,4158.576046309653,2321.4452011304907,2321.4452011304907,2139.4574210367373
2022-12-02T00:00:00Z,2321.9399100643386,-1083.1886997895447,-1083.1886997895447,-1083.1886997895447,0,0,0,0,0,0,0,0,0,0,0,0,0,0,0,0,0,0,-1764.3759078364105,-1764.3759078364105,-1764.3759078364105,0,0,0,0,0,0,789.6082492612375,789.6082492612375,789.6082492612375,-108.4210412143716,-108.4210412143716,-108.4210412143716,0,0,0,-704.259448110538,3131.334254400986,2321.9399100643386,2321.9399100643386,1238.751210274794
2022-12-03T00:00:00Z,2322.434618998186,-3438.548209787968,-3438.548209787968,-3438.548209787968,0,0,0,0,0,0,0,0,0,0,0,0,0,0,0,0,0,0,-1858.1664480634174,-1858.1664480634174,-1858.1664480634174,0,0,0,0,0,0,-1475.8814904561339,-1475.8814904561339,-1475.8814904561339,-104.50027126841621,-104.50027126841621,-104.50027126841621,0,0,0,-3068.0275684405897,949.6058313792056,2322.434618998186,2322.434618998186,-1116.113590789782
2022-12-04T00:00:00Z,2322.929327932034,-3713.4462760101965,-3713.4462760101965,-3713.4462760101965,0,0,0,0,0,0,0,0,0,0,0,0,0,0,0,0,0,0,-1549.8954082148334,-1549.8954082148334,-1549.8954082148334,0,0,0,0,0,0,-2070.641282240898,-2070.641282240898,-2070.641282240898,-92.9095855544647,-92.9095855544647,-92.9095855544647,0,0,0,-3194.283543762076,601.6027093292242,2322.929327932034,2322.929327932034,-1390.5169480781624
2022-12-05T00:00:00Z,2323.4240368658816,-955.3920618870433,-955.3920618870433,-955.3920618870433,0,0,0,0,0,0,0,0,0,0,0,0,0,0,0,0,0,0,-1299.3026830014092,-1299.3026830014092,-1299.3026830014092,0,0,0,0,0,0,417.2668386368535,417.2668386368535,417.2668386368535,-73.35621752248707,-73.35621752248707,-73.35621752248707,0,0,0,-585.8685325279114,3258.4480293316196,2323.4240368658816,2323.4240368658816,1368.0319749788382
2022-12-06T00:00:00Z,2323.9187457997295,-548.9360376424858,-548.9360376424858,-548.9360376424858,0,0,0,0,0,0,0,0,0,0,0,0,0,0,0,0,0,0,-1285.8669013613667,-1285.8669013613667,-1285.8669013613667,0,0,0,0,0,0,782.6848167496396,782.6848167496396,782.6848167496396,-45.75395303075898,-45.75395303075898,-45.75395303075898,0,0,0,-223.0992173915651,3847.5449378171456,2323.9187457997295,2323.9187457997295,1774.982708157244
2022-12-07T00:00:00Z,2324.413454733577,-624.0297557717996,-624.0297557717996,-624.0297557717996,0,0,0,0,0,0,0,0,0,0,0,0,0,0,0,0,0,0,-1364.31616422826,-1364.31616422826,-1364.31616422826,0,0,0,0,0,0,750.5195902297723,750.5195902297723,750.5195902297723,-10.233181773311564,-10.233181773311564,-10.233181773311564,0,0,0,-276.11159133174857,3693.167443882717,2324.413454733577,2324.413454733577,1700.3836989617776
2022-12-08T00:00:00Z,2324.9081636674246,-467.62547789049466,-467.62547789049466,-467.62547789049466,0,0,0,0,0,0,0,0,0,0,0,0,0,0,0,0,0,0,-1306.9234442717895,-1306.9234442717895,-1306.9234442717895,0,0,0,0,0,0,806.4432778135549,806.4432778135549,806.4432778135549,32.85468856774002,32.85468856774002,32.85468856774002,0,0,0,-113.82590100216692,3853.7599777905116,2324.9081636674246,2324.9081636674246,1857.2826857769298
2022-12-09T00:00:00Z,2325.4028726012725,-189.636030680989,-189.636030680989,-189.636030680989,0,0,0,0,0,0,0,0,0,0,0,0,0,0,0,0,0,0,-1062.1829773271495,-1062.1829773271495,-1062.1829773271495,0,0,0,0,0,0,789.6082492660404,789.6082492660404,789.6082492660404,82.93869738011986,82.93869738011986,82.93869738011986,0,0,0,169.97632626035173,4017.177446453462,2325.4028726012725,2325.4028726012725,2135.7668419202837
2022-12-10T00:00:00Z,2325.89758153512,-2123.5317206572026,-2123.5317206572026,-2123.5317206572026,0,0,0,0,0,0,0,0,0,0,0,0,0,0,0,0,0,0,-786.8859899334535,-786.8859899334535,-786.8859899334535,0,0,0,0,0,0,-1475.8814904571952,-1475.8814904571952,-1475.8814904571952,139.23575973344583,139.23575973344583,139.23575973344583,0,0,0,-1921.951403076393,2197.4381515406467,2325.89758153512,2325.89758153512,202.36586087791738
2022-12-11T00:00:00Z,2326.3922904689675,-2527.1681344641297,-2527.1681344641297,-2527.1681344641297,0,0,0,0,0,0,0,0,0,0,0,0,0,0,0,0,0,0,-657.2908330146344,-657.2908330146344,-657.2908330146344,0,0,0,0,0,0,-2070.6412822402754,-2070.6412822402754,-2070.6412822402754,200.76398079078032,200.76398079078032,200.76398079078032,0,0,0,-2115.1936675666034,1935.7696386122875,2326.3922904689675,2326.3922904689675,-200.77584399516218
2022-12-12T00:00:00Z,2326.886999402815,4.224213831165035,4.224213831165035,4.224213831165035,0,0,0,0,0,0,0,0,0,0,0,0,0,0,0,0,0,0,-679.404240905212,-679.404240905212,-679.404240905212,0,0,0,0,0,0,417.2668386375852,417.2668386375852,417.2668386375852,266.36161609879167,266.36161609879167,266.36161609879167,0,0,0,437.03164982505007,4419.001876629108,2326.886999402815,2326.886999402815,2331.11121323398
2022-12-13T00:00:00Z,2327.381708336663,421.71638368956286,421.71638368956286,421.71638368956286,0,0,0,0,0,0,0,0,0,0,0,0,0,0,0,0,0,0,-695.6797131563957,-695.6797131563957,-695.6797131563957,0,0,0,0,0,0,782.6848167493371,782.6848167493371,782.6848167493371,334.7112800966217,334.7112800966217,334.7112800966217,0,0,0,797.2929029531645,4568.584901133385,2327.381708336663,2327.381708336663,2749.098092026226
2022-12-14T00:00:00Z,2327.8764172705105,587.6864062998816,587.6864062998816,587.6864062998816,0,0,0,0,0,0,0,0,0,0,0,0,0,0,0,0,0,0,-567.2020401999615,-567.2020401999615,-567.2020401999615,0,0,0,0,0,0,750.5195902301455,750.5195902301455,750.5195902301455,404.36885626969774,404.36885626969774,404.36885626969774,0,0,0,912.6316603625074,4797.750523800557,2327.8764172705105,2327.8764172705105,2915.562823570392
2022-12-15T00:00:00Z,2328.3711262043585,952.1831271348308,952.1831271348308,952.1831271348308,0,0,0,0,0,0,0,0,0,0,0,0,0,0,0,0,0,0,-328.05657718363807,-328.05657718363807,-328.05657718363807,0,0,0,0,0,0,806.4432778115832,806.4432778115832,806.4432778115832,473.79642650688567,473.79642650688567,473.79642650688567,0,0,0,1393.6135617876591,5249.509501620271,2328.3711262043585,2328.3711262043585,3280.554253339189
2022-12-16T00:00:00Z,2328.865835138206,1185.2597794851642,1185.2597794851642,1185.2597794851642,0,0,0,0,0,0,0,0,0,0,0,0,0,0,0,0,0,0,-145.74688803662076,-145.74688803662076,-145.74688803662076,0,0,0,0,0,0,789.608249264478,789.608249264478,789.608249264478,541.3984182573071,541.3984182573071,541.3984182573071,0,0,0,1654.7535232239231,5401.448652433412,2328.865835138206,2328.865835138206,3514.12561462337
2022-12-17T00:00:00Z,2329.3605440720535,-1002.6673412608136,-1002.6673412608136,-1002.6673412608136,0,0,0,0,0,0,0,0,0,0,0,0,0,0,0,0,0,0,-132.34592029107904,-132.34592029107904,-132.34592029107904,0,0,0,0,0,0,-1475.8814904601384,-1475.8814904601384,-1475.8814904601384,605.5600694904036,605.5600694904036,605.5600694904036,0,0,0,-532.0734176160216,3346.790085609882,2329.3605440720535,2329.3605440720535,1326.6932028112399
2022-12-18T00:00:00Z,2329.8552530059014,-1618.4647494034577,-1618.4647494034577,-1618.4647494034577,0,0,0,0,0,0,0,0,0,0,0,0,0,0,0,0,0,0,-212.51070331312025,-212.51070331312025,-212.51070331312025,0,0,0,0,0,0,-2070.641282239653,-2070.641282239653,-2070.641282239653,664.6872361493157,664.6872361493157,664.6872361493157,0,0,0,-1261.3465825130975,2625.2067708083655,2329.8552530059014,2329.8552530059014,711.3905036024437
2022-12-19T00:00:00Z,2330.349961939749,938.0703000048004,938.0703000048004,938.0703000048004,0,0,0,0,0,0,0,0,0,0,0,0,0,0,0,0,0,0,-196.4430556672262,-196.4430556672262,-196.4430556672262,0,0,0,0,0,0,417.266838638317,417.266838638317,417.266838638317,717.2465170337096,717.2465170337096,717.2465170337096,0,0,0,1111.909769868829,5134.963831153034,2330.349961939749,2330.349961939749,3268.4202619445496
2022-12-20T00:00:00Z,2330.844670873597,1558.3373943266122,1558.3373943266122,1558.3373943266122,0,0,0,0,0,0,0,0,0,0,0,0,0,0,0,0,0,0,13.84792908455128,13.84792908455128,13.84792908455128,0,0,0,0,0,0,782.6848167504285,782.6848167504285,782.6848167504285,761.8046484916326,761.8046484916326,761.8046484916326,0,0,0,1949.1491934867117,6013.343579109061,2330.844670873597,2330.844670873597,3889.182065200209
2022-12-21T00:00:00Z,2331.3393798074444,1856.6552582983766,1856.6552582983766,1856.6552582983766,0,0,0,0,0,0,0,0,0,0,0,0,0,0,0,0,0,0,309.0695412820174,309.0695412820174,309.0695412820174,0,0,0,0,0,0,750.519590229897,750.519590229897,750.519590229897,797.0661267864618,797.0661267864618,797.0661267864618,0,0,0,2149.465367468565,6185.775568556226,2331.3393798074444,2331.3393798074444,4187.994638105821
2022-12-22T00:00:00Z,2331.834088741292,2118.6068282202136,2118.6068282202136,2118.6068282202136,0,0,0,0,0,0,0,0,0,0,0,0,0,0,0,0,0,0,490.25550075138693,490.25550075138693,490.25550075138693,0,0,0,0,0,0,806.4432778123924,806.4432778123924,806.4432778123924,821.9080496564347,821.9080496564347,821.9080496564347,0,0,0,2529.5275043063994,6335.789988958796,2331.834088741292,2331.834088741292,4450.4409169615055
2022-12-23T00:00:00Z,2332.3287976751394,2141.7443807124178,2141.7443807124178,2141.7443807124178,0,0,0,0,0,0,0,0,0,0,0,0,0,0,0,0,0,0,516.7249017066109,516.7249017066109,516.7249017066109,0,0,0,0,0,0,789.6082492647017,789.6082492647017,789.6082492647017,835.4112297411048,835.4112297411048,835.4112297411048,0,0,0,2467.473638072604,6351.383673743498,2332.3287976751394,2332.3287976751394,4474.073178387557
2022-12-24T00:00:00Z,2332.8235066089874,-18.34007211580382,-18.34007211580382,-18.34007211580382,0,0,0,0,0,0,0,0,0,0,0,0,0,0,0,0,0,0,620.6546985751422,620.6546985751422,620.6546985751422,0,0,0,0,0,0,-1475.881490459317,-1475.881490459317,-1475.881490459317,836.8867197683708,836.8867197683708,836.8867197683708,0,0,0,311.1561095482487,4222.070473161871,2332.8235066089874,2332.8235066089874,2314.4834344931837
2022-12-25T00:00:00Z,2333.318215542835,-4144.629952766687,-4144.629952766687,-4144.629952766687,-4026.297206602625,-4026.297206602625,-4026.297206602625,0,0,0,-4026.297206602625,-4026.297206602625,-4026.297206602625,0,0,0,0,0,0,0,0,0,1126.4115355192687,1126.4115355192687,1126.4115355192687,0,0,0,0,0,0,-2070.641282237425,-2070.641282237425,-2070.641282237425,825.8970005540941,825.8970005540941,825.8970005540941,0,0,0,-3789.514481291541,258.94050979520637,2333.318215542835,2333.318215542835,-1811.311737223852
2022-12-26T00:00:00Z,2333.8129244766824,-706.6757315053992,-706.6757315053992,-706.6757315053992,-4026.297206602625,-4026.297206602625,-4026.297206602625,0,0,0,-4026.297206602625,-4026.297206602625,-4026.297206602625,0,0,0,0,0,0,0,0,0,2100.083421336146,2100.083421336146,2100.083421336146,0,0,0,0,0,0,417.2668386410705,417.2668386410705,417.2668386410705,802.2712151200092,802.2712151200092,802.2712151200092,0,0,0,-333.5819902168322,3654.5342300855095,2333.8129244766824,2333.8129244766824,1627.1371929712832
2022-12-27T00:00:00Z,2334.3076334105303,4702.778070211451,4702.778070211451,4702.778070211451,0,0,0,0,0,0,0,0,0,0,0,0,0,0,0,0,0,0,3153.9792712737367,3153.9792712737367,3153.9792712737367,0,0,0,0,0,0,782.6848167501265,782.6848167501265,782.6848167501265,766.1139821875871,766.1139821875871,766.1139821875871,0,0,0,5111.9665643150875,9064.387219697493,2334.3076334105303,2334.3076334105303,7037.085703621982
2022-12-28T00:00:00Z,2334.802342344378,5101.104408905281,5101.104408905281,5101.104408905281,0,0,0,0,0,0,0,0,0,0,0,0,0,0,0,0,0,0,3632.7773326496063,3632.7773326496063,3632.7773326496063,0,0,0,0,0,0,750.5195902296483,750.5195902296483,750.5195902296483,717.8074860260283,717.8074860260283,717.8074860260283,0,0,0,5514.424836823525,9399.531195367697,2334.802342344378,2334.802342344378,7435.906751249659
2022-12-29T00:00:00Z,2335.297051278226,4542.767403991226,4542.767403991226,4542.767403991226,0,0,0,0,0,0,0,0,0,0,0,0,0,0,0,0,0,0,3078.317413378051,3078.317413378051,3078.317413378051,0,0,0,0,0,0,806.4432778132013,806.4432778132013,806.4432778132013,658.0067127999749,658.0067127999749,658.0067127999749,0,0,0,4978.01394638671,8861.96375521806,2335.297051278226,2335.297051278226,6878.064455269452
2022-12-30T00:00:00Z,2335.7917602120733,2980.408806141713,2980.408806141713,2980.408806141713,0,0,0,0,0,0,0,0,0,0,0,0,0,0,0,0,0,0,1603.172675294118,1603.172675294118,1603.172675294118,0,0,0,0,0,0,789.6082492649253,789.6082492649253,789.6082492649253,587.6278815826698,587.6278815826698,587.6278815826698,0,0,0,3275.3694097006664,7500.466579460903,2335.7917602120733,2335.7917602120733,5316.200566353786
2022-12-31T00:00:00Z,2336.2864691459213,-1115.7040373613627,-1115.7040373613627,-1115.7040373613627,0,0,0,0,0,0,0,0,0,0,0,0,0,0,0,0,0,0,-147.65284320133506,-147.65284320133506,-147.65284320133506,0,0,0,0,0,0,-1475.8814904540575,-1475.8814904540575,-1475.8814904540575,507.83029629402984,507.83029629402984,507.83029629402984,0,0,0,-522.19972673013,3083.7257198320513,2336.2864691459213,2336.2864691459213,1220.5824317845586
2023-01-01T00:00:00Z,2336.781178079769,-5023.225814634142,-5023.225814634142,-5023.225814634142,0,0,0,0,0,0,-1941.2219588157836,-1941.2219588157836,-1941.2219588157836,0,0,0,0,0,0,-1941.2219588157836,-1941.2219588157836,-1941.2219588157836,-1431.3545917934591,-1431.3545917934591,-1431.3545917934591,0,0,0,0,0,0,-2070.641282242243,-2070.641282242243,-2070.641282242243,419.9920182173429,419.9920182173429,419.9920182173429,0,0,0,-4739.248571208304,-683.7889323655651,2336.781178079769,2336.781178079769,-2686.444636554373
2023-01-02T00:00:00Z,2337.2758870136167,-3090.9584404727475,-3090.9584404727475,-3090.9584404727475,0,0,0,0,0,0,-1941.2219588157836,-1941.2219588157836,-1941.2219588157836,0,0,0,0,0,0,-1941.2219588157836,-1941.2219588157836,-1941.2219588157836,-1892.6832430361856,-1892.6832430361856,-1892.6832430361856,0,0,0,0,0,0,417.2668386418022,417.2668386418022,417.2668386418022,325.6799227374193,325.6799227374193,325.6799227374193,0,0,0,-2606.834585302114,1174.0039575555927,2337.2758870136167,2337.2758870136167,-753.6825534591308
2023-01-03T00:00:00Z,2337.770595947464,-712.7555980905192,-712.7555980905192,-712.7555980905192,0,0,0,0,0,0,0,0,0,0,0,0,0,0,0,0,0,0,-1722.0552689299775,-1722.0552689299775,-1722.0552689299775,0,0,0,0,0,0,782.68481675004,782.68481675004,782.68481675004,226.61485408941851,226.61485408941851,226.61485408941851,0,0,0,-247.9383181329437,3754.177802755121,2337.770595947464,2337.770595947464,1625.0149978569445
2023-01-04T00:00:00Z,2338.2653048813117,-522.0997163130648,-522.0997163130648,-522.0997163130648,0,0,0,0,0,0,0,0,0,0,0,0,0,0,0,0,0,0,-1397.252030632432,-1397.252030632432,-1397.252030632432,0,0,0,0,0,0,750.5195902293999,750.5195902293999,750.5195902293999,124.63272408996686,124.63272408996686,124.63272408996686,0,0,0,20.1595835690666,3857.0500926941395,2338.2653048813117,2338.2653048813117,1816.165588568247
2023-01-05T00:00:00Z,2338.7600138151593,-438.28048547045347,-438.28048547045347,-438.28048547045347,0,0,0,0,0,0,0,0,0,0,0,0,0,0,0,0,0,0,-1266.3662747053581,-1266.3662747053581,-1266.3662747053581,0,0,0,0,0,0,806.4432778098933,806.4432778098933,806.4432778098933,21.64251142501171,21.64251142501171,21.64251142501171,0,0,0,-53.55488490121242,3756.568697700874,2338.7600138151593,2338.7600138151593,1900.4795283447058
2023-01-06T00:00:00Z,2339.2547227490068,-620.4566201092761,-620.4566201092761,-620.4566201092761,0,0,0,0,0,0,0,0,0,0,0,0,0,0,0,0,0,0,-1329.6470733936262,-1329.6470733936262,-1329.6470733936262,0,0,0,0,0,0,789.6082492615768,789.6082492615768,789.6082492615768,-80.41779597722694,-80.41779597722694,-80.41779597722694,0,0,0,-372.46105197891933,3707.1935920624546,2339.2547227490068,2339.2547227490068,1718.7981026397306
2023-01-07T00:00:00Z,2339.7494316828547,-3017.2437085875295,-3017.2437085875295,-3017.2437085875295,0,0,0,0,0,0,0,0,0,0,0,0,0,0,0,0,0,0,-1361.7360040623714,-1361.7360040623714,-1361.7360040623714,0,0,0,0,0,0,-1475.8814904551182,-1475.8814904551182,-1475.8814904551182,-179.62621407004013,-179.62621407004013,-179.62621407004013,0,0,0,-2765.105208979593,1237.9990420929164,2339.7494316828547,2339.7494316828547,-677.4942769046747
2023-01-08T00:00:00Z,2340.244140616702,-3546.2721447836275,-3546.2721447836275,-3546.2721447836275,0,0,0,0,0,0,0,0,0,0,0,0,0,0,0,0,0,0,-1201.5092628096945,-1201.5092628096945,-1201.5092628096945,0,0,0,0,0,0,-2070.641282241621,-2070.641282241621,-2070.641282241621,-274.12159973231206,-274.12159973231206,-274.12159973231206,0,0,0,-3227.8932114953395,792.0719156632426,2340.244140616702,2340.244140616702,-1206.0280041669253
2023-01-09T00:00:00Z,2340.73884955055,-859.8018403464037,-859.8018403464037,-859.8018403464037,0,0,0,0,0,0,0,0,0,0,0,0,0,0,0,0,0,0,-914.9214993296944,-914.9214993296944,-914.9214993296944,0,0,0,0,0,0,417.2668386435447,417.2668386435447,417.2668386435447,-362.1471796602539,-362.1471796602539,-362.1471796602539,0,0,0,-457.78279701577225,3506.0573560798466,2340.73884955055,2340.73884955055,1480.9370092041465
2023-01-10T00:00:00Z,2341.2335584843977,-357.80852592852017,-357.80852592852017,-357.80852592852017,0,0,0,0,0,0,0,0,0,0,0,0,0,0,0,0,0,0,-698.4016743753438,-698.4016743753438,-698.4016743753438,0,0,0,0,0,0,782.684816749522,782.684816749522,782.684816749522,-442.0916683026976,-442.0916683026976,-442.0916683026976,0,0,0,9.575454687384044,3955.435653796686,2341.2335584843977,2341.2335584843977,1983.4250325558776
2023-01-11T00:00:00Z,2341.7282674182457,-419.08046184093376,-419.08046184093376,-419.08046184093376,0,0,0,0,0,0,0,0,0,0,0,0,0,0,0,0,0,0,-657.0731216848726,-657.0731216848726,-657.0731216848726,0,0,0,0,0,0,750.5195902303625,750.5195902303625,750.5195902303625,-512.5269303864236,-512.5269303864236,-512.5269303864236,0,0,0,-116.32020305155433,3884.0724240714926,2341.7282674182457,2341.7282674182457,1922.6478055773118
2023-01-12T00:00:00Z,2342.185630769645,-465.71392965616394,-465.71392965616394,-465.71392965616394,0,0,0,0,0,0,0,0,0,0,0,0,0,0,0,0,0,0,-699.9159779308501,-699.9159779308501,-699.9159779308501,0,0,0,0,0,0,806.4432778120388,806.4432778120388,806.4432778120388,-572.2412295373523,-572.2412295373523,-572.2412295373523,0,0,0,-172.18708957529824,3732.6571328379364,2342.185630769645,2342.185630769645,1876.4717011134808
2023-01-13T00:00:00Z,2342.642994121044,-482.75305559730697,-482.75305559730697,-482.75305559730697,0,0,0,0,0,0,0,0,0,0,0,0,0,0,0,0,0,0,-652.0940890218528,-652.0940890218528,-652.0940890218528,0,0,0,0,0,0,789.6082492618007,789.6082492618007,789.6082492618007,-620.267215837255,-620.267215837255,-620.267215837255,0,0,0,63.80047454992145,3923.8435416961074,2342.642994121044,2342.642994121044,1859.889938523737
2023-01-14T00:00:00Z,2343.1003574724427,-2583.991734711886,-2583.991734711886,-2583.991734711886,0,0,0,0,0,0,0,0,0,0,0,0,0,0,0,0,0,0,-452.20630528126577,-452.20630528126577,-452.20630528126577,0,0,0,0,0,0,-1475.8814904561793,-1475.8814904561793,-1475.8814904561793,-655.9039389744405,-655.9039389744405,-655.9039389744405,0,0,0,-2332.0094968456565,1721.893917050884,2343.1003574724427,2343.1003574724427,-240.89137723944305
2023-01-15T00:00:00Z,2343.557720823842,-2968.48807299085,-2968.48807299085,-2968.48807299085,0,0,0,0,0,0,0,0,0,0,0,0,0,0,0,0,0,0,-219.1144643461709,-219.1144643461709,-219.1144643461709,0,0,0,0,0,0,-2070.6412822409984,-2070.6412822409984,-2070.6412822409984,-678.7323264036806,-678.7323264036806,-678.7323264036806,0,0,0,-2579.8110754682184,1253.3122532620391,2343.557720823842,2343.557720823842,-624.9303521670081
2023-01-16T00:00:00Z,2344.015084175241,-389.3742399503624,-389.3742399503624,-389.3742399503624,0,0,0,0,0,0,0,0,0,0,0,0,0,0,0,0,0,0,-118.01734497431133,-118.01734497431133,-118.01734497431133,0,0,0,0,0,0,417.2668386359467,417.2668386359467,417.2668386359467,-688.6237336119976,-688.6237336119976,-688.6237336119976,0,0,0,-139.92554518109958,3775.5549911050034,2344.015084175241,2344.015084175241,1954.6408442248787
2023-01-17T00:00:00Z,2344.4724475266403,-75.2288317265898,-75.2288317265898,-75.2288317265898,0,0,0,0,0,0,0,0,0,0,0,0,0,0,0,0,0,0,-172.1722967399708,-172.1722967399708,-172.1722967399708,0,0,0,0,0,0,782.6848167494356,782.6848167494356,782.6848167494356,-685.7413517360548,-685.7413517360548,-685.7413517360548,0,0,0,281.46749339374185,4296.1122778048475,2344.4724475266403,2344.4724475266403,2269.2436158000505
2023-01-18T00:00:00Z,2344.9298108780395,-147.16454953819547,-147.16454953819547,-147.16454953819547,0,0,0,0,0,0,0,0,0,0,0,0,0,0,0,0,0,0,-227.14969809882732,-227.14969809882732,-227.14969809882732,0,0,0,0,0,0,750.5195902301136,750.5195902301136,750.5195902301136,-670.5344416694818,-670.5344416694818,-670.5344416694818,0,0,0,282.38437741394705,4202.819377327248,2344.9298108780395,2344.9298108780395,2197.765261339844
2023-01-19T00:00:00Z,2345.3871742294386,49.32223060915116,49.32223060915116,49.32223060915116,0,0,0,0,0,0,0,0,0,0,0,0,0,0,0,0,0,0,-113.39549864592776,-113.39549864592776,-113.39549864592776,0,0,0,0,0,0,806.4432778115116,806.4432778115116,806.4432778115116,-643.7255485564326,-643.7255485564326,-643.7255485564326,0,0,0,273.6694251215863,4482.950878351344,2345.3871742294386,2345.3871742294386,2394.7094048385898
2023-01-20T00:00:00Z,2345.844537580838,347.3580064550958,347.3580064550958,347.3580064550958,0,0,0,0,0,0,0,0,0,0,0,0,0,0,0,0,0,0,164.0407884684957,164.0407884684957,164.0407884684957,0,0,0,0,0,0,789.608249260238,789.608249260238,789.608249260238,-606.2910312736384,-606.2910312736384,-606.2910312736384,0,0,0,714.617286314241,4697.401376272395,2345.844537580838,2345.844537580838,2693.2025440359334
2023-01-21T00:00:00Z,2346.301900932237,-1612.4972017629145,-1612.4972017629145,-1612.4972017629145,0,0,0,0,0,0,0,0,0,0,0,0,0,0,0,0,0,0,422.8197020560346,422.8197020560346,422.8197020560346,0,0,0,0,0,0,-1475.88149045724,-1475.88149045724,-1475.88149045724,-559.4354133617089,-559.4354133617089,-559.4354133617089,0,0,0,-1346.3238886711224,2762.650234012449,2346.301900932237,2346.301900932237,733.8046991693225
2023-01-23T00:00:00Z,2347.2166276350354,-1943.8150521878206,-1943.8150521878206,-1943.8150521878206,0,0,0,-2454.7553025844145,-2454.7553025844145,-2454.7553025844145,-2454.7553025844145,-2454.7553025844145,-2454.7553025844145,0,0,0,0,0,0,0,0,0,536.9015207743183,536.9015207743183,536.9015207743183,0,0,0,0,0,0,417.26683863870005,417.26683863870005,417.26683863870005,-443.2281090164247,-443.2281090164247,-443.2281090164247,0,0,0,-1470.6141947328022,2369.759361409954,2347.2166276350354,2347.2166276350354,403.4015754472148
2023-01-24T00:00:00Z,2347.6739909864345,-1239.9567910631617,-1239.9567910631617,-1239.9567910631617,0,0,0,-2454.7553025844145,-2454.7553025844145,-2454.7553025844145,-2454.7553025844145,-2454.7553025844145,-2454.7553025844145,0,0,0,0,0,0,0,0,0,809.236909291149,809.236909291149,809.236909291149,0,0,0,0,0,0,782.6848167493492,782.6848167493492,782.6848167493492,-377.1232145192457,-377.1232145192457,-377.1232145192457,0,0,0,-830.6781345113238,3168.1822615546625,2347.6739909864345,2347.6739909864345,1107.7171999232728
2023-01-25T00:00:00Z,2348.1313543378337,2011.0311378419494,2011.0311378419494,2011.0311378419494,0,0,0,0,0,0,0,0,0,0,0,0,0,0,0,0,0,0,1568.5202822584813,1568.5202822584813,1568.5202822584813,0,0,0,0,0,0,750.5195902298653,750.5195902298653,750.5195902298653,-308.0087346463977,-308.0087346463977,-308.0087346463977,0,0,0,2374.384598049374,6458.436180482645,2348.1313543378337,2348.1313543378337,4359.162492179783
2023-01-26T00:00:00Z,2348.588717689233,3225.2868870160382,3225.2868870160382,3225.2868870160382,0,0,0,0,0,0,0,0,0,0,0,0,0,0,0,0,0,0,2656.526449924496,2656.526449924496,2656.526449924496,0,0,0,0,0,0,806.4432778123207,806.4432778123207,806.4432778123207,-237.6828407207785,-237.6828407207785,-237.6828407207785,0,0,0,3600.9759245213104,7573.442112890903,2348.588717689233,2348.588717689233,5573.875604705271
2023-01-27T00:00:00Z,2349.0460810406316,4126.056256758165,4126.056256758165,4126.056256758165,0,0,0,0,0,0,0,0,0,0,0,0,0,0,0,0,0,0,3504.3820498538716,3504.3820498538716,3504.3820498538716,0,0,0,0,0,0,789.6082492650412,789.6082492650412,789.6082492650412,-167.9340423607481,-167.9340423607481,-167.9340423607481,0,0,0,4424.4211528921505,8578.43592649967,2349.0460810406316,2349.0460810406316,6475.102337798797
2023-01-28T00:00:00Z,2349.503444392031,1916.6358191603063,1916.6358191603063,1916.6358191603063,0,0,0,0,0,0,0,0,0,0,0,0,0,0,0,0,0,0,3493.0144535154973,3493.0144535154973,3493.0144535154973,0,0,0,0,0,0,-1475.8814904519809,-1475.8814904519809,-1475.8814904519809,-100.49714390320966,-100.49714390320966,-100.49714390320966,0,0,0,2272.659444278,6323.398556882771,2349.503444392031,2349.503444392031,4266.139263552337
2023-01-29T00:00:00Z,2349.96080774343,316.58409570483883,316.58409570483883,316.58409570483883,0,0,0,0,0,0,0,0,0,0,0,0,0,0,0,0,0,0,2424.236287868626,2424.236287868626,2424.236287868626,0,0,0,0,0,0,-2070.6412822397538,-2070.6412822397538,-2070.6412822397538,-37.010909924033015,-37.010909924033015,-37.010909924033015,0,0,0,691.6678817674378,4545.059288263138,2349.96080774343,2349.96080774343,2666.544903448269
2023-01-30T00:00:00Z,2350.418171094829,1149.8386367005035,1149.8386367005035,1149.8386367005035,0,0,0,0,0,0,0,0,0,0,0,0,0,0,0,0,0,0,711.5503060330803,711.5503060330803,711.5503060330803,0,0,0,0,0,0,417.26683863943174,417.26683863943174,417.26683863943174,21.02149202799141,21.02149202799141,21.02149202799141,0,0,0,1683.6720411338215,5544.593306006641,2350.418171094829,2350.418171094829,3500.256807795333
2023-01-31T00:00:00Z,2350.8755344462284,-28.3220442389151,-28.3220442389151,-28.3220442389151,0,0,0,0,0,0,0,0,0,0,0,0,0,0,0,0,0,0,-883.2751415241255,-883.2751415241255,-883.2751415241255,0,0,0,0,0,0,782.6848167488313,782.6848167488313,782.6848167488313,72.26828053637898,72.26828053637898,72.26828053637898,0,0,0,401.1065973031034,4378.6916999289015,2350.8755344462284,2350.8755344462284,2322.553490207313
2023-02-01T00:00:00Z,2351.3328977976275,-2839.478083265283,-2839.478083265283,-2839.478083265283,0,0,0,0,0,0,-1941.2219588157836,-1941.2219588157836,-1941.2219588157836,0,0,0,0,0,0,-1941.2219588157836,-1941.2219588157836,-1941.2219588157836,-1764.3759078365508,-1764.3759078365508,-1764.3759078365508,0,0,0,0,0,0,750.5195902302063,750.5195902302063,750.5195902302063,115.60019315684396,115.60019315684396,115.60019315684396,0,0,0,-2558.0758665043754,1457.0695337862649,2351.3328977976275,2351.3328977976275,-488.14518546765566
2023-02-02T00:00:00Z,2351.7902611490267,-901.606969695135,-901.606969695135,-901.606969695135,0,0,0,0,0,0,0,0,0,0,0,0,0,0,0,0,0,0,-1858.166448063825,-1858.166448063825,-1858.166448063825,0,0,0,0,0,0,806.44327781313,806.44327781313,806.44327781313,150.1162005555594,150.1162005555594,150.1162005555594,0,0,0,-491.41846423055966,3526.4542092514776,2351.7902611490267,2351.7902611490267,1450.1832914538918
2023-02-03T00:00:00Z,2352.247624500426,-585.1239743727886,-585.1239743727886,-585.1239743727886,0,0,0,0,0,0,0,0,0,0,0,0,0,0,0,0,0,0,-1549.8954082156445,-1549.8954082156445,-1549.8954082156445,0,0,0,0,0,0,789.6082492634787,789.6082492634787,789.6082492634787,175.16318457937749,175.16318457937749,175.16318457937749,0,0,0,-213.49272083345483,3768.194993539579,2352.247624500426,2352.247624500426,1767.1236501276373
2023-02-04T00:00:00Z,2352.704987851825,-2584.8350500481474,-2584.8350500481474,-2584.8350500481474,0,0,0,0,0,0,0,0,0,0,0,0,0,0,0,0,0,0,-1299.3026830019353,-1299.3026830019353,-1299.3026830019353,0,0,0,0,0,0,-1475.8814904549238,-1475.8814904549238,-1475.8814904549238,190.3491234087121,190.3491234087121,190.3491234087121,0,0,0,-2113.013990220497,1599.624949425511,2352.704987851825,2352.704987851825,-232.13006219632234
2023-02-05T00:00:00Z,2353.1623512032243,-5102.18064385283,-5102.18064385283,-5102.18064385283,0,0,0,0,0,0,-1941.2219588157836,-1941.2219588157836,-1941.2219588157836,0,0,0,0,0,0,-1941.2219588157836,-1941.2219588157836,-1941.2219588157836,-1285.8669013620408,-1285.8669013620408,-1285.8669013620408,0,0,0,0,0,0,-2070.641282237526,-2070.641282237526,-2070.641282237526,195.54949856251932,195.54949856251932,195.54949856251932,0,0,0,-4643.753697494653,-700.2972241642935,2353.1623512032243,2353.1623512032243,-2749.018292649606
2023-02-06T00:00:00Z,2353.6197145546234,-2697.3644677752736,-2697.3644677752736,-2697.3644677752736,0,0,0,0,0,0,-1941.2219588157836,-1941.2219588157836,-1941.2219588157836,0,0,0,0,0,0,-1941.2219588157836,-1941.2219588157836,-1941.2219588157836,-1364.3161642281318,-1364.3161642281318,-1364.3161642281318,0,0,0,0,0,0,417.2668386411744,417.2668386411744,417.2668386411744,190.9068166274664,190.9068166274664,190.9068166274664,0,0,0,-2309.0293216177665,1634.6233279532603,2353.6197145546234,2353.6197145546234,-343.7447532206502
2023-02-07T00:00:00Z,2354.0770779060226,-347.4153091360928,-347.4153091360928,-347.4153091360928,0,0,0,0,0,0,0,0,0,0,0,0,0,0,0,0,0,0,-1306.9234442711058,-1306.9234442711058,-1306.9234442711058,0,0,0,0,0,0,782.6848167501387,782.6848167501387,782.6848167501387,176.82331838487443,176.82331838487443,176.82331838487443,0,0,0,-10.57737516214757,4082.711582362694,2354.0770779060226,2354.0770779060226,2006.66176876993
2023-02-08T00:00:00Z,2354.534441257422,-157.71626238211263,-157.71626238211263,-157.71626238211263,0,0,0,0,0,0,0,0,0,0,0,0,0,0,0,0,0,0,-1062.1829773296201,-1062.1829773296201,-1062.1829773296201,0,0,0,0,0,0,750.5195902305791,750.5195902305791,750.5195902305791,153.9471247169283,153.9471247169283,153.9471247169283,0,0,0,293.1466717535631,4239.892202632238,2354.534441257422,2354.534441257422,2196.818178875309
2023-02-09T00:00:00Z,2354.9918046088205,142.7095254745909,142.7095254745909,142.7095254745909,0,0,0,0,0,0,0,0,0,0,0,0,0,0,0,0,0,0,-786.8859899338452,-786.8859899338452,-786.8859899338452,0,0,0,0,0,0,806.4432778139388,806.4432778139388,806.4432778139388,123.15223759449735,123.15223759449735,123.15223759449735,0,0,0,550.3726942619768,4438.657159702163,2354.9918046088205,2354.9918046088205,2497.7013300834114
2023-02-10T00:00:00Z,2355.4491679602197,217.83038738001147,217.83038738001147,217.83038738001147,0,0,0,0,0,0,0,0,0,0,0,0,0,0,0,0,0,0,-657.2908330148158,-657.2908330148158,-657.2908330148158,0,0,0,0,0,0,789.6082492637026,789.6082492637026,789.6082492637026,85.51297113112449,85.51297113112449,85.51297113112449,0,0,0,610.5821857945475,4572.706934891433,2355.4491679602197,2355.4491679602197,2573.279555340231
2023-02-11T00:00:00Z,2355.906531311619,-2113.0122033321513,-2113.0122033321513,-2113.0122033321513,0,0,0,0,0,0,0,0,0,0,0,0,0,0,0,0,0,0,-679.404240904628,-679.404240904628,-679.404240904628,0,0,0,0,0,0,-1475.8814904541025,-1475.8814904541025,-1475.8814904541025,42.27352802657858,42.27352802657858,42.27352802657858,0,0,0,-1872.2777118449872,2126.4270232843714,2355.906531311619,2355.906531311619,242.89432797946756
2023-02-12T00:00:00Z,2356.363894663018,-2771.5074383002398,-2771.5074383002398,-2771.5074383002398,0,0,0,0,0,0,0,0,0,0,0,0,0,0,0,0,0,0,-695.6797131563408,-695.6797131563408,-695.6797131563408,0,0,0,0,0,0,-2070.641282242344,-2070.641282242344,-2070.641282242344,-5.1864429015549955,-5.1864429015549955,-5.1864429015549955,0,0,0,-2305.592910108638,1660.1078186450686,2356.363894663018,2356.363894663018,-415.1435436372217
2023-02-13T00:00:00Z,2356.8212580144173,-205.3245766356322,-205.3245766356322,-205.3245766356322,0,0,0,0,0,0,0,0,0,0,0,0,0,0,0,0,0,0,-567.2020402007604,-567.2020402007604,-567.2020402007604,0,0,0,0,0,0,417.2668386429169,417.2668386429169,417.2668386429169,-55.38937507778891,-55.38937507778891,-55.38937507778891,0,0,0,-108.4915704764634,4150.8404745844555,2356.8212580144173,2356.8212580144173,2151.496681378785
2023-02-14T00:00:00Z,2357.2786213658164,347.82884602277994,347.82884602277994,347.82884602277994,0,0,0,0,0,0,0,0,0,0,0,0,0,0,0,0,0,0,-328.0565771823709,-328.0565771823709,-328.0565771823709,0,0,0,0,0,0,782.6848167498364,782.6848167498364,782.6848167498364,-106.79939354468576,-106.79939354468576,-106.79939354468576,0,0,0,818.7292659736728,4775.90341971141,2357.2786213658164,2357.2786213658164,2705.1074673885964
2023-02-15T00:00:00Z,2357.7359847172156,446.9097463703312,446.9097463703312,446.9097463703312,0,0,0,0,0,0,0,0,0,0,0,0,0,0,0,0,0,0,-145.74688803640228,-145.74688803640228,-145.74688803640228,0,0,0,0,0,0,750.5195902297089,750.5195902297089,750.5195902297089,-157.8629558229754,-157.8629558229754,-157.8629558229754,0,0,0,742.2537967200648,4738.046784509219,2357.7359847172156,2357.7359847172156,2804.6457310875467
2023-02-16T00:00:00Z,2358.193348068615,467.04789927389953,467.04789927389953,467.04789927389953,0,0,0,0,0,0,0,0,0,0,0,0,0,0,0,0,0,0,-132.34592029157503,-132.34592029157503,-132.34592029157503,0,0,0,0,0,0,806.4432778134119,806.4432778134119,806.4432778134119,-207.0494582479373,-207.0494582479373,-207.0494582479373,0,0,0,833.09082819245,4799.949553619309,2358.193348068615,2358.193348068615,2825.2412473425143
2023-02-17T00:00:00Z,2358.650711420014,324.2067922679747,324.2067922679747,324.2067922679747,0,0,0,0,0,0,0,0,0,0,0,0,0,0,0,0,0,0,-212.510703314154,-212.510703314154,-212.510703314154,0,0,0,0,0,0,789.608249260354,789.608249260354,789.608249260354,-252.89075367822525,-252.89075367822525,-252.89075367822525,0,0,0,584.2820598888974,4601.463860642734,2358.650711420014,2358.650711420014,2682.857503687989
2023-02-18T00:00:00Z,2359.1080747714127,-1966.3431123321611,-1966.3431123321611,-1966.3431123321611,0,0,0,0,0,0,0,0,0,0,0,0,0,0,0,0,0,0,-196.44305566657695,-196.44305566657695,-196.44305566657695,0,0,0,0,0,0,-1475.8814904570456,-1475.8814904570456,-1475.8814904570456,-294.0185662085389,-294.0185662085389,-294.0185662085389,0,0,0,-1619.7102845521963,2342.923361986461,2359.1080747714127,2359.1080747714127,392.7649624392516
2023-02-19T00:00:00Z,2359.5654381228123,-2385.992207923845,-2385.992207923845,-2385.992207923845,0,0,0,0,0,0,0,0,0,0,0,0,0,0,0,0,0,0,13.847929085321761,13.847929085321761,13.847929085321761,0,0,0,0,0,0,-2070.6412822417215,-2070.6412822417215,-2070.6412822417215,-329.1988547674451,-329.1988547674451,-329.1988547674451,0,0,0,-2129.1769331319197,1993.3288019383226,2359.5654381228123,2359.5654381228123,-26.426769801032606
2023-02-20T00:00:00Z,2360.022801474211,368.9741116970188,368.9741116970188,368.9741116970188,0,0,0,0,0,0,0,0,0,0,0,0,0,0,0,0,0,0,309.06954128269587,309.06954128269587,309.06954128269587,0,0,0,0,0,0,417.2668386446596,417.2668386446596,417.2668386446596,-357.36226823033655,-357.36226823033655,-357.36226823033655,0,0,0,745.6386561493002,4766.587616392725,2360.022801474211,2360.022801474211,2728.99691317123
2023-02-21T00:00:00Z,2360.4801648256107,895.3103702278476,895.3103702278476,895.3103702278476,0,0,0,0,0,0,0,0,0,0,0,0,0,0,0,0,0,0,490.25550075044816,490.25550075044816,490.25550075044816,0,0,0,0,0,0,782.6848167497503,782.6848167497503,782.6848167497503,-377.6299472723511,-377.6299472723511,-377.6299472723511,0,0,0,1282.2093545352059,5291.595056815984,2360.4801648256107,2360.4801648256107,3255.7905350534584
2023-02-22T00:00:00Z,2360.9375281770094,877.9104325609344,877.9104325609344,877.9104325609344,0,0,0,0,0,0,0,0,0,0,0,0,0,0,0,0,0,0,516.7249017067057,516.7249017067057,516.7249017067057,0,0,0,0,0,0,750.5195902300821,750.5195902300821,750.5195902300821,-389.33405937585366,-389.33405937585366,-389.33405937585366,0,0,0,1245.483674660236,5319.582166778302,2360.9375281770094,2360.9375281770094,3238.847960737944
2023-02-23T00:00:00Z,2361.3948915284086,1035.0653768843456,1035.0653768843456,1035.0653768843456,0,0,0,0,0,0,0,0,0,0,0,0,0,0,0,0,0,0,620.6546985762034,620.6546985762034,620.6546985762034,0,0,0,0,0,0,806.44327781144,806.44327781144,806.44327781144,-392.03259950329755,-392.03259950329755,-392.03259950329755,0,0,0,1434.9464276486462,5344.084268543333,2361.3948915284086,2361.3948915284086,3396.460268412754
2023-02-24T00:00:00Z,2361.852254879808,1530.501638930885,1530.501638930885,1530.501638930885,0,0,0,0,0,0,0,0,0,0,0,0,0,0,0,0,0,0,1126.4115355183553,1126.4115355183553,1126.4115355183553,0,0,0,0,0,0,789.6082492669433,789.6082492669433,789.6082492669433,-385.5181458544137,-385.5181458544137,-385.5181458544137,0,0,0,1894.4520776640154,6046.494453912147,2361.852254879808,2361.852254879808,3892.353893810693
2023-02-25T00:00:00Z,2362.309618231207,254.3815073655252,254.3815073655252,254.3815073655252,0,0,0,0,0,0,0,0,0,0,0,0,0,0,0,0,0,0,2100.0834213379458,2100.0834213379458,2100.0834213379458,0,0,0,0,0,0,-1475.8814904581063,-1475.8814904581063,-1475.8814904581063,-369.82042351431426,-369.82042351431426,-369.82042351431426,0,0,0,605.6244312660982,4585.893668559769,2362.309618231207,2362.309618231207,2616.691125596732
2023-02-26T00:00:00Z,2362.766981582606,738.1352948285221,738.1352948285221,738.1352948285221,0,0,0,0,0,0,0,0,0,0,0,0,0,0,0,0,0,0,3153.9792712740286,3153.9792712740286,3153.9792712740286,0,0,0,0,0,0,-2070.6412822410994,-2070.6412822410994,-2070.6412822410994,-345.2026942044074,-345.2026942044074,-345.2026942044074,0,0,0,1085.6567927427343,5101.415875285277,2362.766981582606,2362.766981582606,3100.9022764111282
2023-02-27T00:00:00Z,2363.2243449340053,3737.892018025765,3737.892018025765,3737.892018025765,0,0,0,0,0,0,0,0,0,0,0,0,0,0,0,0,0,0,3632.777332649535,3632.777332649535,3632.777332649535,0,0,0,0,0,0,417.26683864539126,417.26683864539126,417.26683864539126,-312.15215326916007,-312.15215326916007,-312.15215326916007,0,0,0,4088.516171165663,8060.524297505731,2363.2243449340053,2363.2243449340053,6101.11636295977
2023-02-28T00:00:00Z,2363.6817082854045,3589.6375590031084,3589.6375590031084,3589.6375590031084,0,0,0,0,0,0,0,0,0,0,0,0,0,0,0,0,0,0,3078.3174133788903,3078.3174133788903,3078.3174133788903,0,0,0,0,0,0,782.6848167506256,782.6848167506256,782.6848167506256,-271.3646711264063,-271.3646711264063,-271.3646711264063,0,0,0,3976.536822627914,7992.085121621549,2363.6817082854045,2363.6817082854045,5953.3192672885125
2023-03-01T00:00:00Z,2364.1390716368037,2129.967904020737,2129.967904020737,2129.967904020737,0,0,0,0,0,0,0,0,0,0,0,0,0,0,0,0,0,0,1603.1726752943334,1603.1726752943334,1603.1726752943334,0,0,0,0,0,0,750.5195902304554,750.5195902304554,750.5195902304554,-223.724361504051,-223.724361504051,-223.724361504051,0,0,0,2550.3812439442363,6469.961600000996,2364.1390716368037,2364.1390716368037,4494.106975657541
2023-03-02T00:00:00Z,2364.596434988203,488.51184548552243,488.51184548552243,488.51184548552243,0,0,0,0,0,0,0,0,0,0,0,0,0,0,0,0,0,0,-147.6528432034799,-147.6528432034799,-147.6528432034799,0,0,0,0,0,0,806.4432778122492,806.4432778122492,806.4432778122492,-170.27858912324683,-170.27858912324683,-170.27858912324683,0,0,0,718.4175658264378,4646.991422343006,2364.596434988203,2364.596434988203,2853.1082804737252
2023-03-03T00:00:00Z,2365.0537983396016,-753.9554842043767,-753.9554842043767,-753.9554842043767,0,0,0,0,0,0,0,0,0,0,0,0,0,0,0,0,0,0,-1431.3545917935362,-1431.3545917935362,-1431.3545917935362,0,0,0,0,0,0,789.608249265381,789.608249265381,789.608249265381,-112.20914167622072,-112.20914167622072,-112.20914167622072,0,0,0,-325.0010477425426,3511.531397543425,2365.0537983396016,2365.0537983396016,1611.0983141352249
2023-03-04T00:00:00Z,2365.5111616910012,-3419.365115701087,-3419.365115701087,-3419.365115701087,0,0,0,0,0,0,0,0,0,0,0,0,0,0,0,0,0,0,-1892.6832430363359,-1892.6832430363359,-1892.6832430363359,0,0,0,0,0,0,-1475.8814904591668,-1475.8814904591668,-1475.8814904591668,-50.80038220558417,-50.80038220558417,-50.80038220558417,0,0,0,-2993.5436249394343,954.459207180361,2365.5111616910012,2365.5111616910012,-1053.8539540100855
2023-03-05T00:00:00Z,2365.9685250424,-3780.1018172314807,-3780.1018172314807,-3780.1018172314807,0,0,0,0,0,0,0,0,0,0,0,0,0,0,0,0,0,0,-1722.0552689306664,-1722.0552689306664,-1722.0552689306664,0,0,0,0,0,0,-2070.6412822388716,-2070.6412822388716,-2070.6412822388716,12.594733938056963,12.594733938056963,12.594733938056963,0,0,0,-3382.694862801516,482.4681537753704,2365.9685250424,2365.9685250424,-1414.1332921890807
2023-03-06T00:00:00Z,2366.425888393799,-903.3953419811314,-903.3953419811314,-903.3953419811314,0,0,0,0,0,0,0,0,0,0,0,0,0,0,0,0,0,0,-1397.2520306337562,-1397.2520306337562,-1397.2520306337562,0,0,0,0,0,0,417.2668386398148,417.2668386398148,417.2668386398148,76.58985001281009,76.58985001281009,76.58985001281009,0,0,0,-547.5627660531931,3375.244417101937,2366.425888393799,2366.425888393799,1463.0305464126677
2023-03-07T00:00:00Z,2366.8159260196467,-343.8807965977136,-343.8807965977136,-343.8807965977136,0,0,0,0,0,0,0,0,0,0,0,0,0,0,0,0,0,0,-1266.3662747073029,-1266.3662747073029,-1266.3662747073029,0,0,0,0,0,0,782.6848167505393,782.6848167505393,782.6848167505393,139.80066135905025,139.80066135905025,139.80066135905025,0,0,0,53.50839603316244,3928.8812896982904,2366.8159260196467,2366.8159260196467,2022.9351294219332
2023-03-08T00:00:00Z,2367.205963645495,-378.2477890971281,-378.2477890971281,-378.2477890971281,0,0,0,0,0,0,0,0,0,0,0,0,0,0,0,0,0,0,-1329.6470733948927,-1329.6470733948927,-1329.6470733948927,0,0,0,0,0,0,750.519590229585,750.519590229585,750.519590229585,200.8796940681792,200.8796940681792,200.8796940681792,0,0,0,-6.673758227431722,3876.245897582972,2367.205963645495,2367.205963645495,1988.958174548367
2023-03-09T00:00:00Z,2367.596001271343,-296.7432216399435,-296.7432216399435,-296.7432216399435,0,0,0,0,0,0,0,0,0,0,0,0,0,0,0,0,0,0,-1361.7360040625383,-1361.7360040625383,-1361.7360040625383,0,0,0,0,0,0,806.4432778130583,806.4432778130583,806.4432778130583,258.5495046095373,258.5495046095373,258.5495046095373,0,0,0,104.67479150924461,4064.633288037048,2367.596001271343,2367.596001271343,2070.8527796313997
2023-03-10T00:00:00Z,2367.986038897191,-100.26756030532674,-100.26756030532674,-100.26756030532674,0,0,0,0,0,0,0,0,0,0,0,0,0,0,0,0,0,0,-1201.5092628106572,-1201.5092628106572,-1201.5092628106572,0,0,0,0,0,0,789.6082492656046,789.6082492656046,789.6082492656046,311.6334532397256,311.6334532397256,311.6334532397256,0,0,0,246.99275559155052,4239.570186211696,2367.986038897191,2367.986038897191,2267.7184785918644
2023-03-11T00:00:00Z,2368.376076523039,-2031.7197066666145,-2031.7197066666145,-2031.7197066666145,0,0,0,0,0,0,0,0,0,0,0,0,0,0,0,0,0,0,-914.9214993301379,-914.9214993301379,-914.9214993301379,0,0,0,0,0,0,-1475.881490452026,-1475.881490452026,-1475.881490452026,359.08328311554925,359.08328311554925,359.08328311554925,0,0,0,-1745.7495341149206,2156.002831722331,2368.376076523039,2368.376076523039,336.6563698564246
2023-03-12T00:00:00Z,2368.766114148887,-2369.0401209188612,-2369.0401209188612,-2369.0401209188612,0,0,0,0,0,0,0,0,0,0,0,0,0,0,0,0,0,0,-698.4016743765452,-698.4016743765452,-698.4016743765452,0,0,0,0,0,0,-2070.6412822366433,-2070.6412822366433,-2070.6412822366433,400.0028356943277,400.0028356943277,400.0028356943277,0,0,0,-2048.017698424946,1996.408118070673,2368.766114148887,2368.766114148887,-0.27400676997422124
2023-03-13T00:00:00Z,2369.156151774735,193.86106522546064,193.86106522546064,193.86106522546064,0,0,0,0,0,0,0,0,0,0,0,0,0,0,0,0,0,0,-657.0731216849463,-657.0731216849463,-657.0731216849463,0,0,0,0,0,0,417.26683864054655,417.26683864054655,417.26683864054655,433.66734826986027,433.66734826986027,433.66734826986027,0,0,0,454.6552366243531,4473.6505851209795,2369.156151774735,2369.156151774735,2563.0172170001956
2023-03-14T00:00:00Z,2369.546189400583,542.3067467569354,542.3067467569354,542.3067467569354,0,0,0,0,0,0,0,0,0,0,0,0,0,0,0,0,0,0,-699.9159779299547,-699.9159779299547,-699.9159779299547,0,0,0,0,0,0,782.6848167502374,782.6848167502374,782.6848167502374,459.53790793665263,459.53790793665263,459.53790793665263,0,0,0,1017.5669199300028,4704.745927102855,2369.546189400583,2369.546189400583,2911.8529361575183
2023-03-15T00:00:00Z,2369.936227026431,575.6962754079443,575.6962754079443,575.6962754079443,0,0,0,0,0,0,0,0,0,0,0,0,0,0,0,0,0,0,-652.0940890220514,-652.0940890220514,-652.0940890220514,0,0,0,0,0,0,750.5195902299582,750.5195902299582,750.5195902299582,477.2707742000369,477.2707742000369,477.2707742000369,0,0,0,902.4169921627013,4816.076283760165,2369.936227026431,2369.936227026431,2945.632502434375
2023-03-16T00:00:00Z,2370.326264652279,840.9583984552504,840.9583984552504,840.9583984552504,0,0,0,0,0,0,0,0,0,0,0,0,0,0,0,0,0,0,-452.2063052800557,-452.2063052800557,-452.2063052800557,0,0,0,0,0,0,806.4432778125312,806.4432778125312,806.4432778125312,486.7214259227748,486.7214259227748,486.7214259227748,0,0,0,1389.1992657018059,5329.456177304846,2370.326264652279,2370.326264652279,3211.2846631075295
2023-03-17T00:00:00Z,2370.716302278127,1058.4371181894978,1058.4371181894978,1058.4371181894978,0,0,0,0,0,0,0,0,0,0,0,0,0,0,0,0,0,0,-219.11446434638182,-219.11446434638182,-219.11446434638182,0,0,0,0,0,0,789.6082492622562,789.6082492622562,789.6082492622562,487.94333327362324,487.94333327362324,487.94333327362324,0,0,0,1446.4046392072005,5332.335525348882,2370.716302278127,2370.716302278127,3429.1534204676245
2023-03-18T00:00:00Z,2371.106339903975,-1112.7172375956272,-1112.7172375956272,-1112.7172375956272,0,0,0,0,0,0,0,0,0,0,0,0,0,0,0,0,0,0,-118.01734497405238,-118.01734497405238,-118.01734497405238,0,0,0,0,0,0,-1475.881490454969,-1475.881490454969,-1475.881490454969,481.1815978333938,481.1815978333938,481.1815978333938,0,0,0,-791.198238491793,3218.1784816873196,2371.106339903975,2371.106339903975,1258.3891023083477
2023-03-19T00:00:00Z,2371.496377529823,-1775.951838882595,-1775.951838882595,-1775.951838882595,0,0,0,0,0,0,0,0,0,0,0,0,0,0,0,0,0,0,-172.17229673974674,-172.17229673974674,-172.17229673974674,0,0,0,0,0,0,-2070.641282237627,-2070.641282237627,-2070.641282237627,466.86174009477827,466.86174009477827,466.86174009477827,0,0,0,-1282.2075555688275,2631.8273445655777,2371.496377529823,2371.496377529823,595.5445386472279
2023-03-20T00:00:00Z,2371.8864151556704,635.6911801832451,635.6911801832451,635.6911801832451,0,0,0,0,0,0,0,0,0,0,0,0,0,0,0,0,0,0,-227.14969809883874,-227.14969809883874,-227.14969809883874,0,0,0,0,0,0,417.26683864228914,417.26683864228914,417.26683864228914,445.5740396397946,445.5740396397946,445.5740396397946,0,0,0,983.7217898586217,4888.041271551385,2371.8864151556704,2371.8864151556704,3007.5775953389157
2023-03-21T00:00:00Z,2372.2764527815184,1087.3432640402966,1087.3432640402966,1087.3432640402966,0,0,0,0,0,0,0,0,0,0,0,0,0,0,0,0,0,0,-113.39549864642294,-113.39549864642294,-113.39549864642294,0,0,0,0,0,0,782.6848167499348,782.6848167499348,782.6848167499348,418.05394593678454,418.05394593678454,418.05394593678454,0,0,0,1538.1589308945256,5516.907334235977,2372.2764527815184,2372.2764527815184,3459.619716821815
2023-03-22T00:00:00Z,2372.6664904073664,1299.7195527986594,1299.7195527986594,1299.7195527986594,0,0,0,0,0,0,0,0,0,0,0,0,0,0,0,0,0,0,164.0407884692414,164.0407884692414,164.0407884692414,0,0,0,0,0,0,750.5195902302991,750.5195902302991,750.5195902302991,385.1591740991191,385.1591740991191,385.1591740991191,0,0,0,1743.1954933959273,5711.909069084092,2372.6664904073664,2372.6664904073664,3672.3860432060255
2023-03-23T00:00:00Z,2373.0565280332144,1577.107157516352,1577.107157516352,1577.107157516352,0,0,0,0,0,0,0,0,0,0,0,0,0,0,0,0,0,0,422.8197020566093,422.8197020566093,422.8197020566093,0,0,0,0,0,0,806.4432778146764,806.4432778146764,806.4432778146764,347.84417764506543,347.84417764506543,347.84417764506543,0,0,0,1936.7472556807309,5959.939162182852,2373.0565280332144,2373.0565280332144,3950.1636855495663
2023-03-24T00:00:00Z,2373.4465656590623,1610.807626382646,1610.807626382646,1610.807626382646,0,0,0,0,0,0,0,0,0,0,0,0,0,0,0,0,0,0,514.066629631492,514.066629631492,514.066629631492,0,0,0,0,0,0,789.60824926248,789.60824926248,789.60824926248,307.13274748867406,307.13274748867406,307.13274748867406,0,0,0,1980.2176234595493,5965.767099686265,2373.4465656590623,2373.4465656590623,3984.2541920417084
2023-03-25T00:00:00Z,2373.8366032849103,-674.8904478876156,-674.8904478876156,-674.8904478876156,0,0,0,0,0,0,0,0,0,0,0,0,0,0,0,0,0,0,536.9015207730474,536.9015207730474,536.9015207730474,0,0,0,0,0,0,-1475.881490454147,-1475.881490454147,-1475.881490454147,264.0895217934846,264.0895217934846,264.0895217934846,0,0,0,-391.7406107802425,3896.7586069778795,2373.8366032849103,2373.8366032849103,1698.9461553972947
2023-03-26T00:00:00Z,2374.2266409107583,-1041.6131685990963,-1041.6131685990963,-1041.6131685990963,0,0,0,0,0,0,0,0,0,0,0,0,0,0,0,0,0,0,809.2369092904388,809.2369092904388,809.2369092904388,0,0,0,0,0,0,-2070.641282235398,-2070.641282235398,-2070.641282235398,219.79120434586363,219.79120434586363,219.79120434586363,0,0,0,-782.3721546548819,3260.158460755972,2374.2266409107583,2374.2266409107583,1332.613472311662
2023-03-27T00:00:00Z,2374.6166785366063,2161.0854006580867,2161.0854006580867,2161.0854006580867,0,0,0,0,0,0,0,0,0,0,0,0,0,0,0,0,0,0,1568.5202822598874,1568.5202822598874,1568.5202822598874,0,0,0,0,0,0,417.26683863469106,417.26683863469106,417.26683863469106,175.2982797635076,175.2982797635076,175.2982797635076,0,0,0,2568.126274470112,6413.560741525357,2374.6166785366063,2374.6166785366063,4535.7020791946925
2023-03-28T00:00:00Z,2375.0067161624543,3570.839249480507,3570.839249480507,3570.839249480507,0,0,0,0,0,0,0,0,0,0,0,0,0,0,0,0,0,0,2656.5264499243945,2656.5264499243945,2656.5264499243945,0,0,0,0,0,0,782.6848167496328,782.6848167496328,782.6848167496328,131.6279828064797,131.6279828064797,131.6279828064797,0,0,0,3993.7908709804865,8025.843984511173,2375.0067161624543,2375.0067161624543,5945.845965642961
2023-03-29T00:00:00Z,2375.3967537883022,4344.630867638683,4344.630867638683,4344.630867638683,0,0,0,0,0,0,0,0,0,0,0,0,0,0,0,0,0,0,3504.3820498541336,3504.3820498541336,3504.3820498541336,0,0,0,0,0,0,750.5195902306723,750.5195902306723,750.5195902306723,89.72922755387818,89.72922755387818,89.72922755387818,0,0,0,4666.70890317218,8643.027244848614,2375.3967537883022,2375.3967537883022,6720.027621426985
2023-03-30T00:00:00Z,2375.7867914141502,4349.917863387559,4349.917863387559,4349.917863387559,0,0,0,0,0,0,0,0,0,0,0,0,0,0,0,0,0,0,3493.0144535158706,3493.0144535158706,3493.0144535158706,0,0,0,0,0,0,806.4432778113685,806.4432778113685,806.4432778113685,50.460132060320376,50.460132060320376,50.460132060320376,0,0,0,4896.820991472549,8845.629688554787,2375.7867914141502,2375.7867914141502,6725.70465480171
2023-03-31T00:00:00Z,2376.176829039998,3228.413224753937,3228.413224753937,3228.413224753937,0,0,0,0,0,0,0,0,0,0,0,0,0,0,0,0,0,0,2424.236287868815,2424.236287868815,2424.236287868815,0,0,0,0,0,0,789.6082492609174,789.6082492609174,789.6082492609174,14.568687624204777,14.568687624204777,14.568687624204777,0,0,0,3645.1802680898236,7652.957070668783,2376.176829039998,2376.176829039998,5604.590053793935
2023-04-01T00:00:00Z,2376.566866665846,-781.6541627065761,-781.6541627065761,-781.6541627065761,0,0,0,0,0,0,0,0,0,0,0,0,0,0,0,0,0,0,711.5503060345317,711.5503060345317,711.5503060345317,0,0,0,0,0,0,-1475.8814904570904,-1475.8814904570904,-1475.8814904570904,-17.322978284017026,-17.322978284017026,-17.322978284017026,0,0,0,-342.05776601559273,3696.3333514250708,2376.566866665846,2376.566866665846,1594.91270395927
2023-04-02T00:00:00Z,2376.956904291694,-2998.6468307631267,-2998.6468307631267,-2998.6468307631267,0,0,0,0,0,0,0,0,0,0,0,0,0,0,0,0,0,0,-883.2751415241067,-883.2751415241067,-883.2751415241067,0,0,0,0,0,0,-2070.6412822402167,-2070.6412822402167,-2070.6412822402167,-44.73040699880329,-44.73040699880329,-44.73040699880329,0,0,0,-2600.6358293165895,1356.3860270514278,2376.956904291694,2376.956904291694,-621.6899264714325
2023-04-03T00:00:00Z,2377.346941917542,-1414.4235301242143,-1414.4235301242143,-1414.4235301242143,0,0,0,0,0,0,0,0,0,0,0,0,0,0,0,0,0,0,-1764.3759078366909,-1764.3759078366909,-1764.3759078366909,0,0,0,0,0,0,417.26683863744444,417.26683863744444,417.26683863744444,-67.31446092496736,-67.31446092496736,-67.31446092496736,0,0,0,-962.7646825398683,3035.1930973251174,2377.346941917542,2377.346941917542,962.9234117933279
2023-04-04T00:00:00Z,2377.73697954339,-1160.3663553340252,-1160.3663553340252,-1160.3663553340252,0,0,0,0,0,0,0,0,0,0,0,0,0,0,0,0,0,0,-1858.1664480625363,-1858.1664480625363,-1858.1664480625363,0,0,0,0,0,0,782.6848167495466,782.6848167495466,782.6848167495466,-84.88472402103532,-84.88472402103532,-84.88472402103532,0,0,0,-801.0004391829725,3008.1345093887867,2377.73697954339,2377.73697954339,1217.370624209365
2023-04-05T00:00:00Z,2378.1270171692377,-896.7744911886182,-896.7744911886182,-896.7744911886182,0,0,0,0,0,0,0,0,0,0,0,0,0,0,0,0,0,0,-1549.895408215351,-1549.895408215351,-1549.895408215351,0,0,0,0,0,0,750.5195902298019,750.5195902298019,750.5195902298019,-97.39867320306924,-97.39867320306924,-97.39867320306924,0,0,0,-398.78484475362853,3486.7344616383252,2378.1270171692377,2378.1270171692377,1481.3525259806195
2023-04-06T00:00:00Z,2378.5170547950856,-597.8161670687236,-597.8161670687236,-597.8161670687236,0,0,0,0,0,0,0,0,0,0,0,0,0,0,0,0,0,0,-1299.3026830006024,-1299.3026830006024,-1299.3026830006024,0,0,0,0,0,0,806.4432778108416,806.4432778108416,806.4432778108416,-104.95676187896268,-104.95676187896268,-104.95676187896268,0,0,0,-142.22703249467187,3700.0651305945885,2378.5170547950856,2378.5170547950856,1780.700887726362
2023-04-07T00:00:00Z,2378.9070924209336,-604.0523208780403,-604.0523208780403,-604.0523208780403,0,0,0,0,0,0,0,0,0,0,0,0,0,0,0,0,0,0,-1285.8669013627045,-1285.8669013627045,-1285.8669013627045,0,0,0,0,0,0,789.6082492657206,789.6082492657206,789.6082492657206,-107.79366878105658,-107.79366878105658,-107.79366878105658,0,0,0,-163.42967999781905,3721.373760989969,2378.9070924209336,2378.9070924209336,1774.8547715428933
2023-04-09T00:00:00Z,2379.6871676726296,-3478.402089209589,-3478.402089209589,-3478.402089209589,0,0,0,0,0,0,0,0,0,0,0,0,0,0,0,0,0,0,-1306.9234442710551,-1306.9234442710551,-1306.9234442710551,0,0,0,0,0,0,-2070.641282239594,-2070.641282239594,-2070.641282239594,-100.83736269893892,-100.83736269893892,-100.83736269893892,0,0,0,-3153.9437572224024,715.3407934988035,2379.6871676726296,2379.6871676726296,-1098.7149215369595
2023-04-10T00:00:00Z,2380.0772052984776,-736.9760507389054,-736.9760507389054,-736.9760507389054,0,0,0,0,0,0,0,0,0,0,0,0,0,0,0,0,0,0,-1062.1829773291327,-1062.1829773291327,-1062.1829773291327,0,0,0,0,0,0,417.26683863817607,417.26683863817607,417.26683863817607,-92.0599120479488,-92.0599120479488,-92.0599120479488,0,0,0,-176.78672610456502,3543.8425102505034,2380.0772052984776,2380.0772052984776,1643.101154559572
2023-04-11T00:00:00Z,2380.4672429243255,-84.75648913173868,-84.75648913173868,-84.75648913173868,0,0,0,0,0,0,0,0,0,0,0,0,0,0,0,0,0,0,-786.8859899342368,-786.8859899342368,-786.8859899342368,0,0,0,0,0,0,782.6848167490285,782.6848167490285,782.6848167490285,-80.5553159465305,-80.5553159465305,-80.5553159465305,0,0,0,317.7723692701268,4225.149433105132,2380.4672429243255,2380.4672429243255,2295.7107537925867
2023-04-12T00:00:00Z,2380.8572805501735,26.235364828467173,26.235364828467173,26.235364828467173,0,0,0,0,0,0,0,0,0,0,0,0,0,0,0,0,0,0,-657.2908330149975,-657.2908330149975,-657.2908330149975,0,0,0,0,0,0,750.5195902301751,750.5195902301751,750.5195902301751,-66.99339238671064,-66.99339238671064,-66.99339238671064,0,0,0,391.5264505165228,4333.75372642819,2380.8572805501735,2380.8572805501735,2407.0926453786406
2023-04-13T00:00:00Z,2381.2473181760215,74.96855626113228,74.96855626113228,74.96855626113228,0,0,0,0,0,0,0,0,0,0,0,0,0,0,0,0,0,0,-679.4042409057555,-679.4042409057555,-679.4042409057555,0,0,0,0,0,0,806.4432778129868,806.4432778129868,806.4432778129868,-52.070480646098936,-52.070480646098936,-52.070480646098936,0,0,0,421.3921908028175,4406.5983706647985,2381.2473181760215,2381.2473181760215,2456.2158744371536
2023-04-14T00:00:00Z,2381.6373558018695,57.440817810556396,57.440817810556396,57.440817810556396,0,0,0,0,0,0,0,0,0,0,0,0,0,0,0,0,0,0,-695.6797131565843,-695.6797131565843,-695.6797131565843,0,0,0,0,0,0,789.6082492641583,789.6082492641583,789.6082492641583,-36.4877182970176,-36.4877182970176,-36.4877182970176,0,0,0,539.6794754437394,4394.89739489004,2381.6373558018695,2381.6373558018695,2439.078173612426
2023-04-15T00:00:00Z,2382.0273934277175,-2064.0134515501836,-2064.0134515501836,-2064.0134515501836,0,0,0,0,0,0,0,0,0,0,0,0,0,0,0,0,0,0,-567.2020401998128,-567.2020401998128,-567.2020401998128,0,0,0,0,0,0,-1475.8814904610945,-1475.8814904610945,-1475.8814904610945,-20.92992088927606,-20.92992088927606,-20.92992088927606,0,0,0,-1808.0682955323177,2285.083266101579,2382.0273934277175,2382.0273934277175,318.01394187753385
2023-04-16T00:00:00Z,2382.4174310535655,-2404.743519394498,-2404.743519394498,-2404.743519394498,0,0,0,0,0,0,0,0,0,0,0,0,0,0,0,0,0,0,-328.0565771834955,-328.0565771834955,-328.0565771834955,0,0,0,0,0,0,-2070.641282238972,-2070.641282238972,-2070.641282238972,-6.045659972030103,-6.045659972030103,-6.045659972030103,0,0,0,-1962.2188614639304,1865.7061611902834,2382.4174310535655,2382.4174310535655,-22.32608834093253
2023-04-17T00:00:00Z,2382.8074686794134,279.0908656460568,279.0908656460568,279.0908656460568,0,0,0,0,0,0,0,0,0,0,0,0,0,0,0,0,0,0,-145.74688803618398,-145.74688803618398,-145.74688803618398,0,0,0,0,0,0,417.266838638908,417.266838638908,417.266838638908,7.570915043332815,7.570915043332815,7.570915043332815,0,0,0,699.3040597044135,4645.232753034859,2382.8074686794134,2382.8074686794134,2661.8983343254704
2023-04-18T00:00:00Z,2383.197506305261,669.7349270344936,669.7349270344936,669.7349270344936,0,0,0,0,0,0,0,0,0,0,0,0,0,0,0,0,0,0,-132.34592029194073,-132.34592029194073,-132.34592029194073,0,0,0,0,0,0,782.6848167503357,782.6848167503357,782.6848167503357,19.396030576098582,19.396030576098582,19.396030576098582,0,0,0,1071.795596905292,5114.6017093284045,2383.197506305261,2383.197506305261,3052.9324333397544
2023-04-19T00:00:00Z,2383.587543931109,566.9985018699449,566.9985018699449,566.9985018699449,0,0,0,0,0,0,0,0,0,0,0,0,0,0,0,0,0,0,-212.51070331414348,-212.51070331414348,-212.51070331414348,0,0,0,0,0,0,750.5195902299266,750.5195902299266,750.5195902299266,28.98961495416175,28.98961495416175,28.98961495416175,0,0,0,937.9579038511578,5054.762051461439,2383.587543931109,2383.587543931109,2950.586045801054
2023-04-20T00:00:00Z,2383.977581556957,646.005903316306,646.005903316306,646.005903316306,0,0,0,0,0,0,0,0,0,0,0,0,0,0,0,0,0,0,-196.4430556656104,-196.4430556656104,-196.4430556656104,0,0,0,0,0,0,806.4432778124597,806.4432778124597,806.4432778124597,36.00568116945674,36.00568116945674,36.00568116945674,0,0,0,995.0869283819943,5093.744169700745,2383.977581556957,2383.977581556957,3029.983484873263
2023-04-21T00:00:00Z,2384.367619182805,-1837.0665241155561,-1837.0665241155561,-1837.0665241155561,0,0,0,0,0,0,-2680.7222477621226,-2680.7222477621226,-2680.7222477621226,0,0,0,0,0,0,0,0,0,13.847929083639658,13.847929083639658,13.847929083639658,0,0,0,-2680.7222477621226,-2680.7222477621226,-2680.7222477621226,789.6082492643818,789.6082492643818,789.6082492643818,40.19954529854501,40.19954529854501,40.19954529854501,0,0,0,-1539.7639872707032,2483.782632947905,2384.367619182805,2384.367619182805,547.3010950672488
2023-04-24T00:00:00Z,2385.537732060349,-3273.413704010855,-3273.413704010855,-3273.413704010855,0,0,0,0,0,0,-4242.3855712459135,-4242.3855712459135,-4242.3855712459135,0,0,0,0,0,0,0,0,0,516.724901706747,516.724901706747,516.724901706747,0,0,0,-4242.3855712459135,-4242.3855712459135,-4242.3855712459135,417.2668386416613,417.2668386416613,417.2668386416613,34.980126886650595,34.980126886650595,34.980126886650595,0,0,0,-2907.5599262261644,1036.0661131723643,2385.537732060349,2385.537732060349,-887.875971950506
2023-04-25T00:00:00Z,2385.927769686197,-593.9822741741096,-593.9822741741096,-593.9822741741096,0,0,0,0,0,0,-2024.85498209234,-2024.85498209234,-2024.85498209234,0,0,0,0,0,0,0,0,0,620.6546985745387,620.6546985745387,620.6546985745387,0,0,0,-2024.85498209234,-2024.85498209234,-2024.85498209234,782.6848167500335,782.6848167500335,782.6848167500335,27.533192593658487,27.533192593658487,27.533192593658487,0,0,0,-170.1639507672279,3634.546807462165,2385.927769686197,2385.927769686197,1791.9454955120873
2023-04-26T00:00:00Z,2386.317807312045,340.06782912479537,340.06782912479537,340.06782912479537,0,0,0,0,0,0,-1554.4475891452012,-1554.4475891452012,-1554.4475891452012,0,0,0,0,0,0,0,0,0,1126.4115355184802,1126.4115355184802,1126.4115355184802,0,0,0,-1554.4475891452012,-1554.4475891452012,-1554.4475891452012,750.5195902302676,750.5195902302676,750.5195902302676,17.584292521248994,17.584292521248994,17.584292521248994,0,0,0,742.1493529573956,4653.821181943859,2386.317807312045,2386.317807312045,2726.3856364368403
2023-04-27T00:00:00Z,2386.707844937893,1863.2750059441717,1863.2750059441717,1863.2750059441717,0,0,0,0,0,0,-1048.7196630102048,-1048.7196630102048,-1048.7196630102048,0,0,0,0,0,0,0,0,0,2100.083421337935,2100.083421337935,2100.083421337935,0,0,0,-1048.7196630102048,-1048.7196630102048,-1048.7196630102048,806.4432778132688,806.4432778132688,806.4432778132688,5.4679698031721635,5.4679698031721635,5.4679698031721635,0,0,0,2241.3010776481597,6388.880692718378,2386.707844937893,2386.707844937893,4249.982850882065
2023-04-28T00:00:00Z,2387.0978825637408,2310.954581430358,2310.954581430358,2310.954581430358,0,0,0,0,0,0,-1624.2168821779017,-1624.2168821779017,-1624.2168821779017,0,0,0,0,0,0,0,0,0,3153.9792712738836,3153.9792712738836,3153.9792712738836,0,0,0,-1624.2168821779017,-1624.2168821779017,-1624.2168821779017,789.6082492610333,789.6082492610333,789.6082492610333,-8.416056926657964,-8.416056926657964,-8.416056926657964,0,0,0,2620.5791079758387,6727.832778779391,2387.0978825637408,2387.0978825637408,4698.052463994099
2023-04-29T00:00:00Z,2387.487920189589,972.2531062132934,972.2531062132934,972.2531062132934,0,0,0,0,0,0,-1161.0252235693524,-1161.0252235693524,-1161.0252235693524,0,0,0,0,0,0,0,0,0,3632.7773326494626,3632.7773326494626,3632.7773326494626,0,0,0,-1161.0252235693524,-1161.0252235693524,-1161.0252235693524,-1475.8814904550136,-1475.8814904550136,-1475.8814904550136,-23.617512411802377,-23.617512411802377,-23.617512411802377,0,0,0,1272.9192416526403,5466.553714318592,2387.487920189589,2387.487920189589,3359.7410264028827
2023-04-30T00:00:00Z,2387.877957815437,-502.58006095036774,-502.58006095036774,-502.58006095036774,0,0,0,0,0,0,-1470.60488239476,-1470.60488239476,-1470.60488239476,0,0,0,0,0,0,0,0,0,3078.317413379007,3078.317413379007,3078.317413379007,0,0,0,-1470.60488239476,-1470.60488239476,-1470.60488239476,-2070.6412822431676,-2070.6412822431676,-2070.6412822431676,-39.6513096914466,-39.6513096914466,-39.6513096914466,0,0,0,-120.47789130212428,3982.9863104793008,2387.877957815437,2387.877957815437,1885.2978968650696
2023-05-02T00:00:00Z,2388.658033067133,562.8321883212764,562.8321883212764,562.8321883212764,0,0,0,0,0,0,0,0,0,0,0,0,0,0,0,0,0,0,-147.6528432040128,-147.6528432040128,-147.6528432040128,0,0,0,0,0,0,782.6848167499475,782.6848167499475,782.6848167499475,-72.19978522465826,-72.19978522465826,-72.19978522465826,0,0,0,949.0099548820904,5092.665963237788,2388.658033067133,2388.658033067133,2951.4902213884097
2023-05-03T00:00:00Z,2388.8947100650716,-768.5524674793037,-768.5524674793037,-768.5524674793037,0,0,0,0,0,0,0,0,0,0,0,0,0,0,0,0,0,0,-1431.3545917928204,-1431.3545917928204,-1431.3545917928204,0,0,0,0,0,0,750.5195902300189,750.5195902300189,750.5195902300189,-87.71746591650204,-87.71746591650204,-87.71746591650204,0,0,0,-363.5206565272569,3548.0176507117676,2388.8947100650716,2388.8947100650716,1620.342242585768
2023-05-04T00:00:00Z,2389.13138706301,-3129.5666366394144,-3129.5666366394144,-3129.5666366394144,0,0,0,0,0,0,-1941.2219588157836,-1941.2219588157836,-1941.2219588157836,0,0,0,0,0,0,-1941.2219588157836,-1941.2219588157836,-1941.2219588157836,-1892.6832430353122,-1892.6832430353122,-1892.6832430353122,0,0,0,0,0,0,806.4432778099608,806.4432778099608,806.4432778099608,-102.10471259827905,-102.10471259827905,-102.10471259827905,0,0,0,-2654.189050112228,1270.6869493520383,2389.13138706301,2389.13138706301,-740.4352495764042
2023-05-05T00:00:00Z,2389.3680640609487,-1047.3893702058651,-1047.3893702058651,-1047.3893702058651,0,0,0,0,0,0,0,0,0,0,0,0,0,0,0,0,0,0,-1722.0552689299566,-1722.0552689299566,-1722.0552689299566,0,0,0,0,0,0,789.6082492612571,789.6082492612571,789.6082492612571,-114.94235053716606,-114.94235053716606,-114.94235053716606,0,0,0,-786.0670572611815,3303.6351516399322,2389.3680640609487,2389.3680640609487,1341.9786938550835
2023-05-06T00:00:00Z,2389.604741058887,-2998.999910553271,-2998.999910553271,-2998.999910553271,0,0,0,0,0,0,0,0,0,0,0,0,0,0,0,0,0,0,-1397.2520306322965,-1397.2520306322965,-1397.2520306322965,0,0,0,0,0,0,-1475.8814904560747,-1475.8814904560747,-1475.8814904560747,-125.86638946490083,-125.86638946490083,-125.86638946490083,0,0,0,-2717.872257268198,1330.1200858770167,2389.604741058887,2389.604741058887,-609.3951694943839
2023-05-07T00:00:00Z,2389.8414180568257,-3471.5856544629937,-3471.5856544629937,-3471.5856544629937,0,0,0,0,0,0,0,0,0,0,0,0,0,0,0,0,0,0,-1266.3662747068504,-1266.3662747068504,-1266.3662747068504,0,0,0,0,0,0,-2070.6412822409397,-2070.6412822409397,-2070.6412822409397,-134.57809751520347,-134.57809751520347,-134.57809751520347,0,0,0,-3003.391026140375,715.7517765148762,2389.8414180568257,2389.8414180568257,-1081.744236406168
2023-05-08T00:00:00Z,2390.078095054764,-1053.2320087255875,-1053.2320087255875,-1053.2320087255875,0,0,0,0,0,0,0,0,0,0,0,0,0,0,0,0,0,0,-1329.64707339409,-1329.64707339409,-1329.64707339409,0,0,0,0,0,0,417.266838644136,417.266838644136,417.266838644136,-140.8517739756336,-140.8517739756336,-140.8517739756336,0,0,0,-656.5122432183557,3390.797142036168,2390.078095054764,2390.078095054764,1336.8460863291766
2023-05-09T00:00:00Z,2390.3147720527027,-723.5912295727956,-723.5912295727956,-723.5912295727956,0,0,0,0,0,0,0,0,0,0,0,0,0,0,0,0,0,0,-1361.7360040625645,-1361.7360040625645,-1361.7360040625645,0,0,0,0,0,0,782.6848167494294,782.6848167494294,782.6848167494294,-144.54004225966014,-144.54004225966014,-144.54004225966014,0,0,0,-315.20873686087253,3627.501431414933,2390.3147720527027,2390.3147720527027,1666.723542479907
2023-05-10T00:00:00Z,2390.551449050641,-596.5662381604673,-596.5662381604673,-596.5662381604673,0,0,0,0,0,0,0,0,0,0,0,0,0,0,0,0,0,0,-1201.5092628115501,-1201.5092628115501,-1201.5092628115501,0,0,0,0,0,0,750.5195902303918,750.5195902303918,750.5195902303918,-145.57656557930918,-145.57656557930918,-145.57656557930918,0,0,0,-219.46171951750324,3785.5549103719986,2390.551449050641,2390.551449050641,1793.985210890174
2023-05-11T00:00:00Z,2390.7881260485797,-252.45439155563574,-252.45439155563574,-252.45439155563574,0,0,0,0,0,0,0,0,0,0,0,0,0,0,0,0,0,0,-914.921499329442,-914.921499329442,-914.921499329442,0,0,0,0,0,0,806.443277812106,806.443277812106,806.443277812106,-143.97617003829987,-143.97617003829987,-143.97617003829987,0,0,0,282.7863383185076,3983.54973141355,2390.7881260485797,2390.7881260485797,2138.333734492944
2023-05-12T00:00:00Z,2391.0248030465186,-48.62586582006215,-48.62586582006215,-48.62586582006215,0,0,0,0,0,0,0,0,0,0,0,0,0,0,0,0,0,0,-698.4016743759356,-698.4016743759356,-698.4016743759356,0,0,0,0,0,0,789.6082492614809,789.6082492614809,789.6082492614809,-139.8324407056071,-139.8324407056071,-139.8324407056071,0,0,0,489.7807252924199,4248.321986493523,2391.0248030465186,2391.0248030465186,2342.3989372264564
2023-05-13T00:00:00Z,2391.261480044457,-2266.267545365485,-2266.267545365485,-2266.267545365485,0,0,0,0,0,0,0,0,0,0,0,0,0,0,0,0,0,0,-657.0731216861617,-657.0731216861617,-657.0731216861617,0,0,0,0,0,0,-1475.8814904571357,-1475.8814904571357,-1475.8814904571357,-133.31293322218772,-133.31293322218772,-133.31293322218772,0,0,0,-1841.3325132746527,2258.2003094663255,2391.261480044457,2391.261480044457,124.99393467897198
2023-05-14T00:00:00Z,2391.4981570423956,-2895.2094744847745,-2895.2094744847745,-2895.2094744847745,0,0,0,0,0,0,0,0,0,0,0,0,0,0,0,0,0,0,-699.9159779301073,-699.9159779301073,-699.9159779301073,0,0,0,0,0,0,-2070.6412822403177,-2070.6412822403177,-2070.6412822403177,-124.65221431434956,-124.65221431434956,-124.65221431434956,0,0,0,-2407.9100725598155,1308.5358536514434,2391.4981570423956,2391.4981570423956,-503.7113174423789
2023-05-15T00:00:00Z,2391.734834040334,-348.97025755700355,-348.97025755700355,-348.97025755700355,0,0,0,0,0,0,0,0,0,0,0,0,0,0,0,0,0,0,-652.094089021975,-652.094089021975,-652.094089021975,0,0,0,0,0,0,417.2668386375486,417.2668386375486,417.2668386375486,-114.14300717257716,-114.14300717257716,-114.14300717257716,0,0,0,116.4972815069568,4074.9945419004684,2391.734834040334,2391.734834040334,2042.7645764833305
2023-05-16T00:00:00Z,2391.9715110382726,228.3527412465019,228.3527412465019,228.3527412465019,0,0,0,0,0,0,0,0,0,0,0,0,0,0,0,0,0,0,-452.2063052799706,-452.2063052799706,-452.2063052799706,0,0,0,0,0,0,782.684816749343,782.684816749343,782.684816749343,-102.12577022287037,-102.12577022287037,-102.12577022287037,0,0,0,596.2777305111538,4539.270487246797,2391.9715110382726,2391.9715110382726,2620.3242522847745
2023-05-17T00:00:00Z,2392.208188036211,442.4280469666429,442.4280469666429,442.4280469666429,0,0,0,0,0,0,0,0,0,0,0,0,0,0,0,0,0,0,-219.11446434621755,-219.11446434621755,-219.11446434621755,0,0,0,0,0,0,750.5195902295218,750.5195902295218,750.5195902295218,-88.97707891666134,-88.97707891666134,-88.97707891666134,0,0,0,761.0791965419562,4786.301058186142,2392.208188036211,2392.208188036211,2834.636235002854
2023-05-18T00:00:00Z,2392.4448650341496,613.328724083535,613.328724083535,613.328724083535,0,0,0,0,0,0,0,0,0,0,0,0,0,0,0,0,0,0,-118.0173449747276,-118.0173449747276,-118.0173449747276,0,0,0,0,0,0,806.4432778115788,806.4432778115788,806.4432778115788,-75.09720875331625,-75.09720875331625,-75.09720875331625,0,0,0,1029.0207919097243,5050.963261201517,2392.4448650341496,2392.4448650341496,3005.7735891176844
2023-05-19T00:00:00Z,2392.681542032088,556.5386193716137,556.5386193716137,556.5386193716137,0,0,0,0,0,0,0,0,0,0,0,0,0,0,0,0,0,0,-172.17229673841652,-172.17229673841652,-172.17229673841652,0,0,0,0,0,0,789.6082492599186,789.6082492599186,789.6082492599186,-60.89733314988817,-60.89733314988817,-60.89733314988817,0,0,0,983.0851918609335,4938.073967540346,2392.681542032088,2392.681542032088,2949.2201614037017
2023-05-20T00:00:00Z,2392.9182190300266,-1749.8179403324257,-1749.8179403324257,-1749.8179403324257,0,0,0,0,0,0,0,0,0,0,0,0,0,0,0,0,0,0,-227.14969809738474,-227.14969809738474,-227.14969809738474,0,0,0,0,0,0,-1475.8814904499939,-1475.8814904499939,-1475.8814904499939,-46.78675178504728,-46.78675178504728,-46.78675178504728,0,0,0,-1544.9488579830656,2658.529430735437,2392.9182190300266,2392.9182190300266,643.100278697601
2023-05-21T00:00:00Z,2393.154896027965,-2217.1973347202106,-2217.1973347202106,-2217.1973347202106,0,0,0,0,0,0,0,0,0,0,0,0,0,0,0,0,0,0,-113.39549864783385,-113.39549864783385,-113.39549864783385,0,0,0,0,0,0,-2070.6412822380903,-2070.6412822380903,-2070.6412822380903,-33.160553834286716,-33.160553834286716,-33.160553834286716,0,0,0,-1818.149516597252,2236.8624160779777,2393.154896027965,2393.154896027965,175.95756130775453
2023-05-22T00:00:00Z,2393.391573025904,560.9195304060374,560.9195304060374,560.9195304060374,0,0,0,0,0,0,0,0,0,0,0,0,0,0,0,0,0,0,164.0407884698105,164.0407884698105,164.0407884698105,0,0,0,0,0,0,417.2668386392911,417.2668386392911,417.2668386392911,-20.38809670306426,-20.38809670306426,-20.38809670306426,0,0,0,826.1348507598003,4947.832586479821,2393.391573025904,2393.391573025904,2954.311103431942
2023-05-23T00:00:00Z,2393.6282500238426,1196.7018733654854,1196.7018733654854,1196.7018733654854,0,0,0,0,0,0,0,0,0,0,0,0,0,0,0,0,0,0,422.8197020561853,422.8197020561853,422.8197020561853,0,0,0,0,0,0,782.6848167492566,782.6848167492566,782.6848167492566,-8.802645439956544,-8.802645439956544,-8.802645439956544,0,0,0,1560.0201353039452,5438.643486574598,2393.6282500238426,2393.6282500238426,3590.330123389328
2023-05-24T00:00:00Z,2393.864927021781,1265.893747552564,1265.893747552564,1265.893747552564,0,0,0,0,0,0,0,0,0,0,0,0,0,0,0,0,0,0,514.0666296313182,514.0666296313182,514.0666296313182,0,0,0,0,0,0,750.5195902298949,750.5195902298949,750.5195902298949,1.3075276913510205,1.3075276913510205,1.3075276913510205,0,0,0,1632.8563373810093,5556.108203597449,2393.864927021781,2393.864927021781,3659.758674574345
2023-05-25T00:00:00Z,2394.101604019719,1353.0511369214048,1353.0511369214048,1353.0511369214048,0,0,0,0,0,0,0,0,0,0,0,0,0,0,0,0,0,0,536.9015207737052,536.9015207737052,536.9015207737052,0,0,0,0,0,0,806.443277812388,806.443277812388,806.443277812388,9.706338335311493,9.706338335311493,9.706338335311493,0,0,0,1527.8432644990173,5586.317339723945,2394.101604019719,2394.101604019719,3747.1527409411237
2023-05-26T00:00:00Z,2394.3382810176577,1615.0603543504546,1615.0603543504546,1615.0603543504546,0,0,0,0,0,0,0,0,0,0,0,0,0,0,0,0,0,0,809.2369092906213,809.2369092906213,809.2369092906213,0,0,0,0,0,0,789.6082492647216,789.6082492647216,789.6082492647216,16.215195795112205,16.215195795112205,16.215195795112205,0,0,0,1965.1273230631139,5896.359769759123,2394.3382810176577,2394.3382810176577,4009.398635368112
2023-05-27T00:00:00Z,2394.574958015596,113.35509289071639,113.35509289071639,113.35509289071639,0,0,0,0,0,0,0,0,0,0,0,0,0,0,0,0,0,0,1568.5202822587278,1568.5202822587278,1568.5202822587278,0,0,0,0,0,0,-1475.8814904529372,-1475.8814904529372,-1475.8814904529372,20.71630108492559,20.71630108492559,20.71630108492559,0,0,0,546.1952856202963,4645.615684940276,2394.574958015596,2394.574958015596,2507.9300509063128
2023-05-28T00:00:00Z,2394.8116350135347,609.0390548665556,609.0390548665556,609.0390548665556,0,0,0,0,0,0,0,0,0,0,0,0,0,0,0,0,0,0,2656.5264499222462,2656.5264499222462,2656.5264499222462,0,0,0,0,0,0,-2070.641282239073,-2070.641282239073,-2070.641282239073,23.153887183382682,23.153887183382682,23.153887183382682,0,0,0,806.4824189527482,4928.560335482573,2394.8116350135347,2394.8116350135347,3003.85068988009
2023-05-29T00:00:00Z,2395.048312011473,3945.182308342643,3945.182308342643,3945.182308342643,0,0,0,0,0,0,0,0,0,0,0,0,0,0,0,0,0,0,3504.3820498539994,3504.3820498539994,3504.3820498539994,0,0,0,0,0,0,417.26683864002285,417.26683864002285,417.26683864002285,23.533419848621733,23.533419848621733,23.533419848621733,0,0,0,4298.895947890038,8361.414248178677,2395.048312011473,2395.048312011473,6340.230620354116
2023-05-30T00:00:00Z,2395.2849890094117,4297.618114117908,4297.618114117908,4297.618114117908,0,0,0,0,0,0,0,0,0,0,0,0,0,0,0,0,0,0,3493.0144535158915,3493.0144535158915,3493.0144535158915,0,0,0,0,0,0,782.6848167501323,782.6848167501323,782.6848167501323,21.9188438518843,21.9188438518843,21.9188438518843,0,0,0,4742.540899022625,8509.105361325885,2395.2849890094117,2395.2849890094117,6692.903103127319
2023-05-31T00:00:00Z,2395.52166600735,3193.183899990136,3193.183899990136,3193.183899990136,0,0,0,0,0,0,0,0,0,0,0,0,0,0,0,0,0,0,2424.236287868005,2424.236287868005,2424.236287868005,0,0,0,0,0,0,750.5195902302361,750.5195902302361,750.5195902302361,18.428021891893863,18.428021891893863,18.428021891893863,0,0,0,3661.339383959325,7691.829001217954,2395.52166600735,2395.52166600735,5588.705565997487
2023-06-01T00:00:00Z,2395.7583430052887,1531.22015366631,1531.22015366631,1531.22015366631,0,0,0,0,0,0,0,0,0,0,0,0,0,0,0,0,0,0,711.5503060313348,711.5503060313348,711.5503060313348,0,0,0,0,0,0,806.4432778131971,806.4432778131971,806.4432778131971,13.22656982177782,13.22656982177782,13.22656982177782,0,0,0,1928.3644123200284,6006.543277149823,2395.7583430052887,2395.7583430052887,3926.978496671599
2023-06-02T00:00:00Z,2395.9950200032276,-87.14655184766993,-87.14655184766993,-87.14655184766993,0,0,0,0,0,0,0,0,0,0,0,0,0,0,0,0,0,0,-883.2751415241696,-883.2751415241696,-883.2751415241696,0,0,0,0,0,0,789.6082492631591,789.6082492631591,789.6082492631591,6.5203404133405645,6.5203404133405645,6.5203404133405645,0,0,0,333.2768247433118,4293.845850233662,2395.9950200032276,2395.9950200032276,2308.848468155558
2023-06-03T00:00:00Z,2396.231697001166,-3241.710551042712,-3241.710551042712,-3241.710551042712,0,0,0,0,0,0,0,0,0,0,0,0,0,0,0,0,0,0,-1764.3759078354092,-1764.3759078354092,-1764.3759078354092,0,0,0,0,0,0,-1475.881490452116,-1475.881490452116,-1475.881490452116,-1.4531527551868697,-1.4531527551868697,-1.4531527551868697,0,0,0,-2926.8172170461726,1002.1697431925929,2396.231697001166,2396.231697001166,-845.4788540415457
2023-06-04T00:00:00Z,2396.4683739991046,-3939.241781020614,-3939.241781020614,-3939.241781020614,0,0,0,0,0,0,0,0,0,0,0,0,0,0,0,0,0,0,-1858.1664480640197,-1858.1664480640197,-1858.1664480640197,0,0,0,0,0,0,-2070.641282236845,-2070.641282236845,-2070.641282236845,-10.43405071974821,-10.43405071974821,-10.43405071974821,0,0,0,-3456.393589326171,621.6169052279572,2396.4683739991046,2396.4683739991046,-1542.7734070215092
2023-06-05T00:00:00Z,2396.705050997043,-3094.000393861902,-3094.000393861902,-3094.000393861902,0,0,0,0,0,0,-1941.2219588157836,-1941.2219588157836,-1941.2219588157836,0,0,0,0,0,0,-1941.2219588157836,-1941.2219588157836,-1941.2219588157836,-1549.895408216162,-1549.895408216162,-1549.895408216162,0,0,0,0,0,0,417.2668386427763,417.2668386427763,417.2668386427763,-20.14986547273374,-20.14986547273374,-20.14986547273374,0,0,0,-2806.5775792265317,1201.907345027426,2396.705050997043,2396.705050997043,-697.2953428648589
2023-06-06T00:00:00Z,2396.9417279949816,-546.9431188640499,-546.9431188640499,-546.9431188640499,0,0,0,0,0,0,0,0,0,0,0,0,0,0,0,0,0,0,-1299.3026830001986,-1299.3026830001986,-1299.3026830001986,0,0,0,0,0,0,782.6848167500459,782.6848167500459,782.6848167500459,-30.32525261389692,-30.32525261389692,-30.32525261389692,0,0,0,-177.35603999432783,3720.774444123847,2396.9417279949816,2396.9417279949816,1849.9986091309318
2023-06-07T00:00:00Z,2397.17840499292,-576.0388122319044,-576.0388122319044,-576.0388122319044,0,0,0,0,0,0,0,0,0,0,0,0,0,0,0,0,0,0,-1285.866901361484,-1285.866901361484,-1285.866901361484,0,0,0,0,0,0,750.5195902306093,750.5195902306093,750.5195902306093,-40.69150110102934,-40.69150110102934,-40.69150110102934,0,0,0,-305.57832370700004,3798.9916769773517,2397.17840499292,2397.17840499292,1821.1395927610156
2023-06-08T00:00:00Z,2397.4150819908587,-608.8683039927531,-608.8683039927531,-608.8683039927531,0,0,0,0,0,0,0,0,0,0,0,0,0,0,0,0,0,0,-1364.3161642281202,-1364.3161642281202,-1364.3161642281202,0,0,0,0,0,0,806.4432778140064,806.4432778140064,806.4432778140064,-50.99541757863932,-50.99541757863932,-50.99541757863932,0,0,0,-109.0766093877446,3706.150426730501,2397.4150819908587,2397.4150819908587,1788.5467779981054
2023-06-09T00:00:00Z,2397.651758988797,-578.3225050532127,-578.3225050532127,-578.3225050532127,0,0,0,0,0,0,0,0,0,0,0,0,0,0,0,0,0,0,-1306.92344427151,-1306.92344427151,-1306.92344427151,0,0,0,0,0,0,789.6082492633828,789.6082492633828,789.6082492633828,-61.007310045085426,-61.007310045085426,-61.007310045085426,0,0,0,-100.41799649186893,3849.2680986602472,2397.651758988797,2397.651758988797,1819.3292539355843
2023-06-10T00:00:00Z,2397.8884359867357,-2608.592280224328,-2608.592280224328,-2608.592280224328,0,0,0,0,0,0,0,0,0,0,0,0,0,0,0,0,0,0,-1062.182977328445,-1062.182977328445,-1062.182977328445,0,0,0,0,0,0,-1475.8814904550588,-1475.8814904550588,-1475.8814904550588,-70.52781244082347,-70.52781244082347,-70.52781244082347,0,0,0,-2113.9755012860205,1683.049966152801,2397.8884359867357,2397.8884359867357,-210.70384423759242
2023-06-11T00:00:00Z,2398.125112984674,-2936.9206089510726,-2936.9206089510726,-2936.9206089510726,0,0,0,0,0,0,0,0,0,0,0,0,0,0,0,0,0,0,-786.8859899343672,-786.8859899343672,-786.8859899343672,0,0,0,0,0,0,-2070.641282241663,-2070.641282241663,-2070.641282241663,-79.3933367750423,-79.3933367750423,-79.3933367750423,0,0,0,-2506.7935588666924,1472.037422937869,2398.125112984674,2398.125112984674,-538.7954959663984
2023-06-12T00:00:00Z,2398.361789982613,-327.50398541128106,-327.50398541128106,-327.50398541128106,0,0,0,0,0,0,0,0,0,0,0,0,0,0,0,0,0,0,-657.2908330149091,-657.2908330149091,-657.2908330149091,0,0,0,0,0,0,417.26683864350804,417.26683864350804,417.26683864350804,-87.47999103988006,-87.47999103988006,-87.47999103988006,0,0,0,95.97863632252445,4138.713623802891,2398.361789982613,2398.361789982613,2070.857804571332
2023-06-13T00:00:00Z,2398.5984669805516,8.574718225625706,8.574718225625706,8.574718225625706,0,0,0,0,0,0,0,0,0,0,0,0,0,0,0,0,0,0,-679.4042409035814,-679.4042409035814,-679.4042409035814,0,0,0,0,0,0,782.6848167497437,782.6848167497437,782.6848167497437,-94.70585762053672,-94.70585762053672,-94.70585762053672,0,0,0,349.39103740173266,4437.638414039107,2398.5984669805516,2398.5984669805516,2407.1731852061775
2023-06-14T00:00:00Z,2398.83514397849,-46.191709150314594,-46.191709150314594,-46.191709150314594,0,0,0,0,0,0,0,0,0,0,0,0,0,0,0,0,0,0,-695.6797131565079,-695.6797131565079,-695.6797131565079,0,0,0,0,0,0,750.5195902297389,750.5195902297389,750.5195902297389,-101.03158622354596,-101.03158622354596,-101.03158622354596,0,0,0,365.62300199113224,4147.916611170052,2398.83514397849,2398.83514397849,2352.6434348281755
2023-06-15T00:00:00Z,2399.0718209764286,132.78192208109837,132.78192208109837,132.78192208109837,0,0,0,0,0,0,0,0,0,0,0,0,0,0,0,0,0,0,-567.2020401997386,-567.2020401997386,-567.2020401997386,0,0,0,0,0,0,806.4432778134792,806.4432778134792,806.4432778134792,-106.45931553264212,-106.45931553264212,-106.45931553264212,0,0,0,535.217507328957,4499.826543417987,2399.0718209764286,2399.0718209764286,2531.853743057527
2023-06-16T00:00:00Z,2399.308497974367,350.52167528578264,350.52167528578264,350.52167528578264,0,0,0,0,0,0,0,0,0,0,0,0,0,0,0,0,0,0,-328.0565771833798,-328.0565771833798,-328.0565771833798,0,0,0,0,0,0,789.6082492663998,789.6082492663998,789.6082492663998,-111.02999679723754,-111.02999679723754,-111.02999679723754,0,0,0,713.7576257397353,4675.293703822581,2399.308497974367,2399.308497974367,2749.83017326015
2023-06-17T00:00:00Z,2399.5451749723056,-1736.4476269228699,-1736.4476269228699,-1736.4476269228699,0,0,0,0,0,0,0,0,0,0,0,0,0,0,0,0,0,0,-145.7468880359654,-145.7468880359654,-145.7468880359654,0,0,0,0,0,0,-1475.881490458002,-1475.881490458002,-1475.881490458002,-114.81924842890237,-114.81924842890237,-114.81924842890237,0,0,0,-1316.9159457378232,2701.100350352189,2399.5451749723056,2399.5451749723056,663.0975480494358
2023-06-18T00:00:00Z,2399.781851970244,-2320.919124065814,-2320.919124065814,-2320.919124065814,0,0,0,0,0,0,0,0,0,0,0,0,0,0,0,0,0,0,-132.3459202916747,-132.3459202916747,-132.3459202916747,0,0,0,0,0,0,-2070.641282241041,-2070.641282241041,-2070.641282241041,-117.93192153309815,-117.93192153309815,-117.93192153309815,0,0,0,-2067.7643557273564,2209.28754198318,2399.781851970244,2399.781851970244,78.86272790443036
2023-06-19T00:00:00Z,2400.0185289681826,84.26053484367989,84.26053484367989,84.26053484367989,0,0,0,0,0,0,0,0,0,0,0,0,0,0,0,0,0,0,-212.5107033132197,-212.5107033132197,-212.5107033132197,0,0,0,0,0,0,417.2668386452506,417.2668386452506,417.2668386452506,-120.49560048835116,-120.49560048835116,-120.49560048835116,0,0,0,678.2272878305267,4402.419372765407,2400.0185289681826,2400.0185289681826,2484.2790638118627
2023-06-20T00:00:00Z,2400.255205966121,463.5884623405471,463.5884623405471,463.5884623405471,0,0,0,0,0,0,0,0,0,0,0,0,0,0,0,0,0,0,-196.44305566539612,-196.44305566539612,-196.44305566539612,0,0,0,0,0,0,782.6848167494417,782.6848167494417,782.6848167494417,-122.65329874349823,-122.65329874349823,-122.65329874349823,0,0,0,938.1123231478059,4962.636372678921,2400.255205966121,2400.255205966121,2863.8436683066684
2023-06-21T00:00:00Z,2400.4918829640596,639.8118825492795,639.8118825492795,639.8118825492795,0,0,0,0,0,0,0,0,0,0,0,0,0,0,0,0,0,0,13.84792908512496,13.84792908512496,13.84792908512496,0,0,0,0,0,0,750.5195902301118,750.5195902301118,750.5195902301118,-124.55563676595737,-124.55563676595737,-124.55563676595737,0,0,0,1191.3873898096977,5077.918999997654,2400.4918829640596,2400.4918829640596,3040.3037655133394
2023-06-22T00:00:00Z,2400.728559961998,989.1600133936383,989.1600133936383,989.1600133936383,0,0,0,0,0,0,0,0,0,0,0,0,0,0,0,0,0,0,309.0695412817046,309.0695412817046,309.0695412817046,0,0,0,0,0,0,806.4432778128436,806.4432778128436,806.4432778128436,-126.35280570090998,-126.35280570090998,-126.35280570090998,0,0,0,1396.3544218206907,5303.590082957573,2400.728559961998,2400.728559961998,3389.8885733556363
2023-06-23T00:00:00Z,2400.9652369599366,1151.677123758584,1151.677123758584,1151.677123758584,0,0,0,0,0,0,0,0,0,0,0,0,0,0,0,0,0,0,490.2555007511237,490.2555007511237,490.2555007511237,0,0,0,0,0,0,789.6082492666235,789.6082492666235,789.6082492666235,-128.1866262591635,-128.1866262591635,-128.1866262591635,0,0,0,1586.2594769809264,5441.314685801397,2400.9652369599366,2400.9652369599366,3552.6423607185206
2023-06-24T00:00:00Z,2401.2019139578756,-1089.3395962553002,-1089.3395962553002,-1089.3395962553002,0,0,0,0,0,0,0,0,0,0,0,0,0,0,0,0,0,0,516.7249017068957,516.7249017068957,516.7249017068957,0,0,0,0,0,0,-1475.8814904590627,-1475.8814904590627,-1475.8814904590627,-130.18300750313284,-130.18300750313284,-130.18300750313284,0,0,0,-557.0410818695668,3334.508374075245,2401.2019139578756,2401.2019139578756,1311.8623177025754
2023-06-25T00:00:00Z,2401.4346971764303,-1582.4316784002358,-1582.4316784002358,-1582.4316784002358,0,0,0,0,0,0,0,0,0,0,0,0,0,0,0,0,0,0,620.6546985755543,620.6546985755543,620.6546985755543,0,0,0,0,0,0,-2070.6412822404186,-2070.6412822404186,-2070.6412822404186,-132.44509473537153,-132.44509473537153,-132.44509473537153,0,0,0,-1243.2193819933616,2863.9349975325927,2401.4346971764303,2401.4346971764303,819.0030187761945
2023-06-26T00:00:00Z,2401.6674803949854,1408.6310039818177,1408.6310039818177,1408.6310039818177,0,0,0,0,0,0,0,0,0,0,0,0,0,0,0,0,0,0,1126.4115355198996,1126.4115355198996,1126.4115355198996,0,0,0,0,0,0,417.26683863765254,417.26683863765254,417.26683863765254,-135.04737017573487,-135.04737017573487,-135.04737017573487,0,0,0,1663.8769342357218,5910.900649741227,2401.6674803949854,2401.6674803949854,3810.298484376803
2023-06-27T00:00:00Z,2401.90026361354,2744.7373026603605,2744.7373026603605,2744.7373026603605,0,0,0,0,0,0,0,0,0,0,0,0,0,0,0,0,0,0,2100.083421336728,2100.083421336728,2100.083421336728,0,0,0,0,0,0,782.6848167505331,782.6848167505331,782.6848167505331,-138.03093542690027,-138.03093542690027,-138.03093542690027,0,0,0,3198.045703766446,7157.93703681425,2401.90026361354,2401.90026361354,5146.637566273901
2023-06-28T00:00:00Z,2402.133046832095,3763.0986994370483,3763.0986994370483,3763.0986994370483,0,0,0,0,0,0,0,0,0,0,0,0,0,0,0,0,0,0,3153.9792712737376,3153.9792712737376,3153.9792712737376,0,0,0,0,0,0,750.519590230485,750.519590230485,750.519590230485,-141.4001620671752,-141.4001620671752,-141.4001620671752,0,0,0,4129.084486769273,8241.447858056186,2402.133046832095,2402.133046832095,6165.231746269143
2023-06-29T00:00:00Z,2402.3658300506495,1267.8073360458604,1267.8073360458604,1267.8073360458604,0,0,0,0,0,0,-3026.2924268839934,-3026.2924268839934,-3026.2924268839934,0,0,0,0,0,0,0,0,0,3632.777332648782,3632.777332648782,3632.777332648782,-3026.2924268839934,-3026.2924268839934,-3026.2924268839934,0,0,0,806.4432778123164,806.4432778123164,806.4432778123164,-145.12084753124458,-145.12084753124458,-145.12084753124458,0,0,0,1589.8039519077909,5648.356330090606,2402.3658300506495,2402.3658300506495,3670.1731660965097
2023-06-30T00:00:00Z,2402.598613269204,3514.8166190359743,3514.8166190359743,3514.8166190359743,0,0,0,0,0,0,-203.98908419559135,-203.98908419559135,-203.98908419559135,0,0,0,0,0,0,0,0,0,3078.3174133778402,3078.3174133778402,3078.3174133778402,-203.98908419559135,-203.98908419559135,-203.98908419559135,0,0,0,789.6082492650612,789.6082492650612,789.6082492650612,-149.11995941133657,-149.11995941133657,-149.11995941133657,0,0,0,3948.2841879996695,7827.712275184314,2402.598613269204,2402.598613269204,5917.4152323051785
2023-07-01T00:00:00Z,2402.831396487759,-33.180097937488014,-33.180097937488014,-33.180097937488014,0,0,0,0,0,0,-7.184288497537529,-7.184288497537529,-7.184288497537529,0,0,0,0,0,0,0,0,0,1603.1726752937248,1603.1726752937248,1603.1726752937248,-7.184288497537529,-7.184288497537529,-7.184288497537529,0,0,0,-1475.8814904601238,-1475.8814904601238,-1475.8814904601238,-153.28699427355178,-153.28699427355178,-153.28699427355178,0,0,0,228.3478297012146,4375.59850071922,2402.831396487759,2402.831396487759,2369.651298550271
2023-07-02T00:00:00Z,2403.0641797063136,-2570.2598994051627,-2570.2598994051627,-2570.2598994051627,0,0,0,0,0,0,-194.4888550028069,-194.4888550028069,-194.4888550028069,0,0,0,0,0,0,0,0,0,-147.65284320389617,-147.65284320389617,-147.65284320389617,-194.4888550028069,-194.4888550028069,-194.4888550028069,0,0,0,-2070.641282238191,-2070.641282238191,-2070.641282238191,-157.47691896026913,-157.47691896026913,-157.47691896026913,0,0,0,-2074.5410147990033,1957.4389227909633,2403.0641797063136,2403.0641797063136,-167.1957196988492
2023-07-03T00:00:00Z,2403.2969629248687,-1667.705041033374,-1667.705041033374,-1667.705041033374,0,0,0,0,0,0,-492.1026827587761,-492.1026827587761,-492.1026827587761,0,0,0,0,0,0,0,0,0,-1431.354591792897,-1431.354591792897,-1431.354591792897,-492.1026827587761,-492.1026827587761,-492.1026827587761,0,0,0,417.26683864040604,417.26683864040604,417.26683864040604,-161.51460512210676,-161.51460512210676,-161.51460512210676,0,0,0,-1097.9832975925624,2531.708958988277,2403.2969629248687,2403.2969629248687,735.5919218914946
2023-07-04T00:00:00Z,2403.5297461434234,-2349.7581745337543,-2349.7581745337543,-2349.7581745337543,0,0,0,0,0,0,-1074.5591349234162,-1074.5591349234162,-1074.5591349234162,0,0,0,0,0,0,0,0,0,-1892.683243035462,-1892.683243035462,-1892.683243035462,-1074.5591349234162,-1074.5591349234162,-1074.5591349234162,0,0,0,782.6848167504467,782.6848167504467,782.6848167504467,-165.20061332532256,-165.20061332532256,-165.20061332532256,0,0,0,-1855.5289374296422,2085.7575926580616,2403.5297461434234,2403.5297461434234,53.77157160966908
2023-07-05T00:00:00Z,2403.762529361978,-1764.2504411040252,-1764.2504411040252,-1764.2504411040252,0,0,0,0,0,0,-624.396629035251,-624.396629035251,-624.396629035251,0,0,0,0,0,0,0,0,0,-1722.0552689306141,-1722.0552689306141,-1722.0552689306141,-624.396629035251,-624.396629035251,-624.396629035251,0,0,0,750.5195902296149,750.5195902296149,750.5195902296149,-168.31813336777444,-168.31813336777444,-168.31813336777444,0,0,0,-1278.8334982965405,2708.840273670699,2403.762529361978,2403.762529361978,639.5120882579529
2023-07-06T00:00:00Z,2403.9953125805328,-1646.2861458300174,-1646.2861458300174,-1646.2861458300174,0,0,0,0,0,0,-884.8365488841048,-884.8365488841048,-884.8365488841048,0,0,0,0,0,0,0,0,0,-1397.2520306331683,-1397.2520306331683,-1397.2520306331683,-884.8365488841048,-884.8365488841048,-884.8365488841048,0,0,0,806.4432778131256,806.4432778131256,806.4432778131256,-170.6408441258697,-170.6408441258697,-170.6408441258697,0,0,0,-1037.2195434368455,2833.643233797858,2403.9953125805328,2403.9953125805328,757.7091667505154
2023-07-07T00:00:00Z,2404.2280957990874,-648.6994462490031,-648.6994462490031,-648.6994462490031,0,0,0,0,0,0,0,0,0,0,0,0,0,0,0,0,0,0,-1266.3662747078117,-1266.3662747078117,-1266.3662747078117,0,0,0,0,0,0,789.6082492634989,789.6082492634989,789.6082492634989,-171.94142080469052,-171.94142080469052,-171.94142080469052,0,0,0,-152.4970741727738,3787.125197119404,2404.2280957990874,2404.2280957990874,1755.5286495500843
2023-07-08T00:00:00Z,2404.460879017642,-2977.528955007112,-2977.528955007112,-2977.528955007112,0,0,0,0,0,0,0,0,0,0,0,0,0,0,0,0,0,0,-1329.6470733930203,-1329.6470733930203,-1329.6470733930203,0,0,0,0,0,0,-1475.8814904529822,-1475.8814904529822,-1475.8814904529822,-172.0003911611103,-172.0003911611103,-172.0003911611103,0,0,0,-2525.277367006323,1280.5007348191705,2404.460879017642,2404.460879017642,-573.0680759894699
2023-07-09T00:00:00Z,2404.693662236197,-3602.992312304758,-3602.992312304758,-3602.992312304758,0,0,0,0,0,0,0,0,0,0,0,0,0,0,0,0,0,0,-1361.7360040621936,-1361.7360040621936,-1361.7360040621936,0,0,0,0,0,0,-2070.641282239174,-2070.641282239174,-2070.641282239174,-170.6150260033908,-170.6150260033908,-170.6150260033908,0,0,0,-3225.82068617189,707.828485621494,2404.693662236197,2404.693662236197,-1198.298650068561
2023-07-10T00:00:00Z,2404.926445454752,-951.8503678600346,-951.8503678600346,-951.8503678600346,0,0,0,0,0,0,0,0,0,0,0,0,0,0,0,0,0,0,-1201.5092628107454,-1201.5092628107454,-1201.5092628107454,0,0,0,0,0,0,417.2668386411376,417.2668386411376,417.2668386411376,-167.60794369042642,-167.60794369042642,-167.60794369042642,0,0,0,-589.8334274789737,3391.5070913728027,2404.926445454752,2404.926445454752,1453.0760775947174
2023-07-11T00:00:00Z,2405.1592286733066,-295.0717962819152,-295.0717962819152,-295.0717962819152,0,0,0,0,0,0,0,0,0,0,0,0,0,0,0,0,0,0,-914.9214993302309,-914.9214993302309,-914.9214993302309,0,0,0,0,0,0,782.6848167501446,782.6848167501446,782.6848167501446,-162.83511370182927,-162.83511370182927,-162.83511370182927,0,0,0,189.11668151139867,4147.873598914417,2405.1592286733066,2405.1592286733066,2110.0874323913913
2023-07-12T00:00:00Z,2405.392011891861,-104.07504466774289,-104.07504466774289,-104.07504466774289,0,0,0,0,0,0,0,0,0,0,0,0,0,0,0,0,0,0,-698.4016743762314,-698.4016743762314,-698.4016743762314,0,0,0,0,0,0,750.5195902299879,750.5195902299879,750.5195902299879,-156.1929605214993,-156.1929605214993,-156.1929605214993,0,0,0,397.1470645983508,4375.294526744585,2405.392011891861,2405.392011891861,2301.316967224118
2023-07-13T00:00:00Z,2405.624795110416,1.7458604951339942,1.7458604951339942,1.7458604951339942,0,0,0,0,0,0,0,0,0,0,0,0,0,0,0,0,0,0,-657.0731216849201,-657.0731216849201,-657.0731216849201,0,0,0,0,0,0,806.4432778098173,806.4432778098173,806.4432778098173,-147.62429562976334,-147.62429562976334,-147.62429562976334,0,0,0,521.980955431159,4331.911581679859,2405.624795110416,2405.624795110416,2407.37065560555
2023-07-14T00:00:00Z,2405.8575783289707,-47.43057018357592,-47.43057018357592,-47.43057018357592,0,0,0,0,0,0,0,0,0,0,0,0,0,0,0,0,0,0,-699.9159779298435,-699.9159779298435,-699.9159779298435,0,0,0,0,0,0,789.6082492619364,789.6082492619364,789.6082492619364,-137.12284151566885,-137.12284151566885,-137.12284151566885,0,0,0,186.78926594475067,4211.0774194435935,2405.8575783289707,2405.8575783289707,2358.4270081453947
2023-07-15T00:00:00Z,2406.0903615475254,-2252.7117356581052,-2252.7117356581052,-2252.7117356581052,0,0,0,0,0,0,0,0,0,0,0,0,0,0,0,0,0,0,-652.0940890218986,-652.0940890218986,-652.0940890218986,0,0,0,0,0,0,-1475.8814904559251,-1475.8814904559251,-1475.8814904559251,-124.73615618028154,-124.73615618028154,-124.73615618028154,0,0,0,-2039.7571235674027,2067.964903758629,2406.0903615475254,2406.0903615475254,153.37862588942016
2023-07-16T00:00:00Z,2406.32314476608,-2633.41440571848,-2633.41440571848,-2633.41440571848,0,0,0,0,0,0,0,0,0,0,0,0,0,0,0,0,0,0,-452.2063052798859,-452.2063052798859,-452.2063052798859,0,0,0,0,0,0,-2070.6412822369457,-2070.6412822369457,-2070.6412822369457,-110.56681820164846,-110.56681820164846,-110.56681820164846,0,0,0,-2272.6753543739073,1878.7474418931363,2406.32314476608,2406.32314476608,-227.0912609523998
2023-07-17T00:00:00Z,2406.555927984635,103.38058488980911,103.38058488980911,103.38058488980911,0,0,0,0,0,0,0,0,0,0,0,0,0,0,0,0,0,0,-219.1144643456783,-219.1144643456783,-219.1144643456783,0,0,0,0,0,0,417.2668386428802,417.2668386428802,417.2668386428802,-94.77178940739277,-94.77178940739277,-94.77178940739277,0,0,0,494.84959546428024,4700.195837275477,2406.555927984635,2406.555927984635,2509.9365128744444
2023-07-18T00:00:00Z,2406.78871120319,587.1075390491603,587.1075390491603,587.1075390491603,0,0,0,0,0,0,0,0,0,0,0,0,0,0,0,0,0,0,-118.01734497446871,-118.01734497446871,-118.01734497446871,0,0,0,0,0,0,782.6848167498422,782.6848167498422,782.6848167498422,-77.55993272621308,-77.55993272621308,-77.55993272621308,0,0,0,984.8471289642232,5018.414858253242,2406.78871120319,2406.78871120319,2993.89625025235
2023-07-19T00:00:00Z,2407.0214944217446,-1422.0623902079055,-1422.0623902079055,-1422.0623902079055,0,0,0,0,0,0,-1941.2219588157836,-1941.2219588157836,-1941.2219588157836,0,0,0,0,0,0,-1941.2219588157836,-1941.2219588157836,-1941.2219588157836,-172.17229673900607,-172.17229673900607,-172.17229673900607,0,0,0,0,0,0,750.5195902303286,750.5195902303286,750.5195902303286,-59.18772488344473,-59.18772488344473,-59.18772488344473,0,0,0,-1014.3657496833791,2967.3962866586658,2407.0214944217446,2407.0214944217446,984.959104213839
2023-07-20T00:00:00Z,2407.2542776402993,539.3403144807913,539.3403144807913,539.3403144807913,0,0,0,0,0,0,0,0,0,0,0,0,0,0,0,0,0,0,-227.14969809831422,-227.14969809831422,-227.14969809831422,0,0,0,0,0,0,806.4432778119628,806.4432778119628,806.4432778119628,-39.953265232857035,-39.953265232857035,-39.953265232857035,0,0,0,875.4227465086428,4943.9588087610455,2407.2542776402993,2407.2542776402993,2946.5945921210905
2023-07-21T00:00:00Z,2407.487060858854,656.0240094755176,656.0240094755176,656.0240094755176,0,0,0,0,0,0,0,0,0,0,0,0,0,0,0,0,0,0,-113.39549864693103,-113.39549864693103,-113.39549864693103,0,0,0,0,0,0,789.60824926216,789.60824926216,789.60824926216,-20.18874113971141,-20.18874113971141,-20.18874113971141,0,0,0,1047.023828030577,4961.87697855742,2407.487060858854,2407.487060858854,3063.5110703343717
2023-07-22T00:00:00Z,2407.7198440774087,-1312.0922669455167,-1312.0922669455167,-1312.0922669455167,0,0,0,0,0,0,0,0,0,0,0,0,0,0,0,0,0,0,164.0407884705559,164.0407884705559,164.0407884705559,0,0,0,0,0,0,-1475.8814904551039,-1475.8814904551039,-1475.8814904551039,-0.2515649609687384,-0.2515649609687384,-0.2515649609687384,0,0,0,-873.2754428838367,3105.7874064170487,2407.7198440774087,2407.7198440774087,1095.627577131892
2023-07-23T00:00:00Z,2407.9526272959633,-1628.3360261599635,-1628.3360261599635,-1628.3360261599635,0,0,0,0,0,0,0,0,0,0,0,0,0,0,0,0,0,0,422.81970205621906,422.81970205621906,422.81970205621906,0,0,0,0,0,0,-2070.641282240158,-2070.641282240158,-2070.641282240158,19.4855540239759,19.4855540239759,19.4855540239759,0,0,0,-1217.1098205759813,2803.6268671666076,2407.9526272959633,2407.9526272959633,779.6166011359999
2023-07-24T00:00:00Z,2408.1854105145185,969.9787673472422,969.9787673472422,969.9787673472422,0,0,0,0,0,0,0,0,0,0,0,0,0,0,0,0,0,0,514.0666296313442,514.0666296313442,514.0666296313442,0,0,0,0,0,0,417.26683863629296,417.26683863629296,417.26683863629296,38.64529907960496,38.64529907960496,38.64529907960496,0,0,0,1411.131882081732,5382.003492126992,2408.1854105145185,2408.1854105145185,3378.1641778617604
2023-07-25T00:00:00Z,2408.418193733073,1376.4431998494856,1376.4431998494856,1376.4431998494856,0,0,0,0,0,0,0,0,0,0,0,0,0,0,0,0,0,0,536.9015207744579,536.9015207744579,536.9015207744579,0,0,0,0,0,0,782.6848167495399,782.6848167495399,782.6848167495399,56.856862325487654,56.856862325487654,56.856862325487654,0,0,0,1781.3191720214918,5702.359324735382,2408.418193733073,2408.418193733073,3784.861393582559
2023-07-26T00:00:00Z,2408.6509769516274,1633.5236325091923,1633.5236325091923,1633.5236325091923,0,0,0,0,0,0,0,0,0,0,0,0,0,0,0,0,0,0,809.2369092918892,809.2369092918892,809.2369092918892,0,0,0,0,0,0,750.5195902300807,750.5195902300807,750.5195902300807,73.76713298722265,73.76713298722265,73.76713298722265,0,0,0,1990.051692381783,5984.185742455386,2408.6509769516274,2408.6509769516274,4042.1746094608197
2023-07-27T00:00:00Z,2408.8837601701825,2464.0151537346987,2464.0151537346987,2464.0151537346987,0,0,0,0,0,0,0,0,0,0,0,0,0,0,0,0,0,0,1568.520282258831,1568.520282258831,1568.520282258831,0,0,0,0,0,0,806.4432778114359,806.4432778114359,806.4432778114359,89.05159366443172,89.05159366443172,89.05159366443172,0,0,0,2937.792019250727,6896.813493426851,2408.8837601701825,2408.8837601701825,4872.898913904881
2023-07-28T00:00:00Z,2409.1165433887372,3548.559262624442,3548.559262624442,3548.559262624442,0,0,0,0,0,0,0,0,0,0,0,0,0,0,0,0,0,0,2656.5264499241916,2656.5264499241916,2656.5264499241916,0,0,0,0,0,0,789.6082492605976,789.6082492605976,789.6082492605976,102.42456343965341,102.42456343965341,102.42456343965341,0,0,0,3911.9658855212465,7954.729723013191,2409.1165433887372,2409.1165433887372,5957.67580601318
2023-07-29T00:00:00Z,2409.349326607292,2142.1490006495233,2142.1490006495233,2142.1490006495233,0,0,0,0,0,0,0,0,0,0,0,0,0,0,0,0,0,0,3504.382049854492,3504.382049854492,3504.382049854492,0,0,0,0,0,0,-1475.881490458047,-1475.881490458047,-1475.881490458047,113.64844125307951,113.64844125307951,113.64844125307951,0,0,0,2497.4261351012315,6692.017728873231,2409.349326607292,2409.349326607292,4551.498327256815
2023-07-30T00:00:00Z,2409.5821098258466,1544.9148003445766,1544.9148003445766,1544.9148003445766,0,0,0,0,0,0,0,0,0,0,0,0,0,0,0,0,0,0,3493.0144535159334,3493.0144535159334,3493.0144535159334,0,0,0,0,0,0,-2070.6412822395355,-2070.6412822395355,-2070.6412822395355,122.54162906817884,122.54162906817884,122.54162906817884,0,0,0,2014.1200430018123,5980.500123825705,2409.5821098258466,2409.5821098258466,3954.4969101704232
2023-07-31T00:00:00Z,2409.8148930444017,2970.487977813178,2970.487977813178,2970.487977813178,0,0,0,0,0,0,0,0,0,0,0,0,0,0,0,0,0,0,2424.236287867254,2424.236287867254,2424.236287867254,0,0,0,0,0,0,417.2668386380355,417.2668386380355,417.2668386380355,128.9848513078891,128.9848513078891,128.9848513078891,0,0,0,3371.649928150435,7375.767539673443,2409.8148930444017,2409.8148930444017,5380.30287085758
2023-08-01T00:00:00Z,2410.0476762629564,1627.1607565319184,1627.1607565319184,1627.1607565319184,0,0,0,0,0,0,0,0,0,0,0,0,0,0,0,0,0,0,711.5503060302619,711.5503060302619,711.5503060302619,0,0,0,0,0,0,782.6848167494537,782.6848167494537,782.6848167494537,132.92563375220266,132.92563375220266,132.92563375220266,0,0,0,1996.9129585545581,5991.011573691043,2410.0476762629564,2410.0476762629564,4037.208432794875
2023-08-02T00:00:00Z,2410.2804594815107,1.6252089413824677,1.6252089413824677,1.6252089413824677,0,0,0,0,0,0,0,0,0,0,0,0,0,0,0,0,0,0,-883.2751415240697,-883.2751415240697,-883.2751415240697,0,0,0,0,0,0,750.519590229832,750.519590229832,750.519590229832,134.3807602356203,134.3807602356203,134.3807602356203,0,0,0,520.9416503754977,4385.731452221903,2410.2804594815107,2410.2804594815107,2411.905668422893
2023-08-03T00:00:00Z,2410.513242700066,-824.4960426556868,-824.4960426556868,-824.4960426556868,0,0,0,0,0,0,0,0,0,0,0,0,0,0,0,0,0,0,-1764.3759078360051,-1764.3759078360051,-1764.3759078360051,0,0,0,0,0,0,806.4432778109087,806.4432778109087,806.4432778109087,133.43658736940924,133.43658736940924,133.43658736940924,0,0,0,-452.8984246529687,3669.9356476288503,2410.513242700066,2410.513242700066,1586.017200044379
2023-08-04T00:00:00Z,2410.7460259186205,-938.3110345295249,-938.3110345295249,-938.3110345295249,0,0,0,0,0,0,0,0,0,0,0,0,0,0,0,0,0,0,-1858.166448064117,-1858.166448064117,-1858.166448064117,0,0,0,0,0,0,789.6082492654008,789.6082492654008,789.6082492654008,130.24716426919142,130.24716426919142,130.24716426919142,0,0,0,-662.4597009022623,3389.4092373433114,2410.7460259186205,2410.7460259186205,1472.4349913890956
2023-08-05T00:00:00Z,2410.978809137175,-2900.746724853189,-2900.746724853189,-2900.746724853189,0,0,0,0,0,0,0,0,0,0,0,0,0,0,0,0,0,0,-1549.8954082150476,-1549.8954082150476,-1549.8954082150476,0,0,0,0,0,0,-1475.8814904591081,-1475.8814904591081,-1475.8814904591081,125.03017382096614,125.03017382096614,125.03017382096614,0,0,0,-2583.5109661761653,1407.5984563854604,2410.978809137175,2410.978809137175,-489.7679157160137
2023-08-06T00:00:00Z,2411.21159235573,-3251.8831830628133,-3251.8831830628133,-3251.8831830628133,0,0,0,0,0,0,0,0,0,0,0,0,0,0,0,0,0,0,-1299.3026830011286,-1299.3026830011286,-1299.3026830011286,0,0,0,0,0,0,-2070.6412822389134,-2070.6412822389134,-2070.6412822389134,118.06078217722909,118.06078217722909,118.06078217722909,0,0,0,-2888.357490503213,1043.467220015953,2411.21159235573,2411.21159235573,-840.6715907070834
2023-08-07T00:00:00Z,2411.444375574285,-758.9365110060804,-758.9365110060804,-758.9365110060804,0,0,0,0,0,0,0,0,0,0,0,0,0,0,0,0,0,0,-1285.8669013632464,-1285.8669013632464,-1285.8669013632464,0,0,0,0,0,0,417.26683863876735,417.26683863876735,417.26683863876735,109.66355171839857,109.66355171839857,109.66355171839857,0,0,0,-231.91570453850434,3570.622067128064,2411.444375574285,2411.444375574285,1652.5078645682047
2023-08-08T00:00:00Z,2411.6771587928397,-481.42871004178306,-481.42871004178306,-481.42871004178306,0,0,0,0,0,0,0,0,0,0,0,0,0,0,0,0,0,0,-1364.316164228676,-1364.316164228676,-1364.316164228676,0,0,0,0,0,0,782.6848167489354,782.6848167489354,782.6848167489354,100.20263743795707,100.20263743795707,100.20263743795707,0,0,0,-75.27315956502603,3985.522237161,2411.6771587928397,2411.6771587928397,1930.2484487510567
2023-08-09T00:00:00Z,2411.909942011394,-466.33330854767155,-466.33330854767155,-466.33330854767155,0,0,0,0,0,0,0,0,0,0,0,0,0,0,0,0,0,0,-1306.923444270826,-1306.923444270826,-1306.923444270826,0,0,0,0,0,0,750.5195902307944,750.5195902307944,750.5195902307944,90.07054549236027,90.07054549236027,90.07054549236027,0,0,0,-102.59226776347344,3991.9175342121675,2411.909942011394,2411.909942011394,1945.5766334637224
2023-08-10T00:00:00Z,2412.142725229949,-176.0639159518304,-176.0639159518304,-176.0639159518304,0,0,0,0,0,0,0,0,0,0,0,0,0,0,0,0,0,0,-1062.182977328877,-1062.182977328877,-1062.182977328877,0,0,0,0,0,0,806.443277813054,806.443277813054,806.443277813054,79.67578356399277,79.67578356399277,79.67578356399277,0,0,0,488.3843380814709,4221.237437193609,2412.142725229949,2412.142725229949,2236.0788092781186
2023-08-11T00:00:00Z,2412.3755084485038,72.15203330401961,72.15203330401961,72.15203330401961,0,0,0,0,0,0,0,0,0,0,0,0,0,0,0,0,0,0,-786.8859899350205,-786.8859899350205,-786.8859899350205,0,0,0,0,0,0,789.6082492638385,789.6082492638385,789.6082492638385,69.42977397520133,69.42977397520133,69.42977397520133,0,0,0,367.68597039856803,4449.515600156042,2412.3755084485038,2412.3755084485038,2484.5275417525236
2023-08-12T00:00:00Z,2412.6082916670584,-2073.4388927392506,-2073.4388927392506,-2073.4388927392506,0,0,0,0,0,0,0,0,0,0,0,0,0,0,0,0,0,0,-657.2908330136378,-657.2908330136378,-657.2908330136378,0,0,0,0,0,0,-1475.8814904601688,-1475.8814904601688,-1475.8814904601688,59.733430734556016,59.733430734556016,59.733430734556016,0,0,0,-1715.5303820928796,2379.520463304767,2412.6082916670584,2412.6082916670584,339.16939892780783
2023-08-13T00:00:00Z,2412.841074885613,-2699.081703379048,-2699.081703379048,-2699.081703379048,0,0,0,0,0,0,0,0,0,0,0,0,0,0,0,0,0,0,-679.4042409035721,-679.4042409035721,-679.4042409035721,0,0,0,0,0,0,-2070.6412822382913,-2070.6412822382913,-2070.6412822382913,50.96381976281486,50.96381976281486,50.96381976281486,0,0,0,-2161.7601987188436,1718.6906448056502,2412.841074885613,2412.841074885613,-286.240628493435
2023-08-14T00:00:00Z,2413.073858104168,-234.95154781450842,-234.95154781450842,-234.95154781450842,0,0,0,0,0,0,0,0,0,0,0,0,0,0,0,0,0,0,-695.6797131566148,-695.6797131566148,-695.6797131566148,0,0,0,0,0,0,417.2668386415207,417.2668386415207,417.2668386415207,43.46132670058546,43.46132670058546,43.46132670058546,0,0,0,171.09850194901802,4252.125492060384,2413.073858104168,2413.073858104168,2178.1223102896593
2023-08-15T00:00:00Z,2413.3066413227225,253.00052513577407,253.00052513577407,253.00052513577407,0,0,0,0,0,0,0,0,0,0,0,0,0,0,0,0,0,0,-567.2020402005373,-567.2020402005373,-567.2020402005373,0,0,0,0,0,0,782.6848167502433,782.6848167502433,782.6848167502433,37.51774858606851,37.51774858606851,37.51774858606851,0,0,0,590.8189626728959,4693.105468442573,2413.3066413227225,2413.3066413227225,2666.307166458497
2023-08-16T00:00:00Z,2413.539424541277,455.8287174055175,455.8287174055175,455.8287174055175,0,0,0,0,0,0,0,0,0,0,0,0,0,0,0,0,0,0,-328.05657718211273,-328.05657718211273,-328.05657718211273,0,0,0,0,0,0,750.519590230546,750.519590230546,750.519590230546,33.365704357084205,33.365704357084205,33.365704357084205,0,0,0,867.4585048928151,4820.730601391318,2413.539424541277,2413.539424541277,2869.368141946795
2023-08-17T00:00:00Z,2413.7674432516596,691.8661148565428,691.8661148565428,691.8661148565428,0,0,0,0,0,0,0,0,0,0,0,0,0,0,0,0,0,0,-145.74688803536878,-145.74688803536878,-145.74688803536878,0,0,0,0,0,0,806.4432778125271,806.4432778125271,806.4432778125271,31.169725079384545,31.169725079384545,31.169725079384545,0,0,0,1059.5908141669938,5080.291376186201,2413.7674432516596,2413.7674432516596,3105.6335581082026
2023-08-18T00:00:00Z,2413.9954619620416,688.2816678341708,688.2816678341708,688.2816678341708,0,0,0,0,0,0,0,0,0,0,0,0,0,0,0,0,0,0,-132.3459202916721,-132.3459202916721,-132.3459202916721,0,0,0,0,0,0,789.6082492640619,789.6082492640619,789.6082492640619,31.019338861780966,31.019338861780966,31.019338861780966,0,0,0,1082.2979149659427,5171.932142415203,2413.9954619620416,2413.9954619620416,3102.2771297962126
2023-08-19T00:00:00Z,2414.2234806724236,-1655.4677848737285,-1655.4677848737285,-1655.4677848737285,0,0,0,0,0,0,0,0,0,0,0,0,0,0,0,0,0,0,-212.51070331425365,-212.51070331425365,-212.51070331425365,0,0,0,0,0,0,-1475.88149046123,-1475.88149046123,-1475.88149046123,32.92440890175478,32.92440890175478,32.92440890175478,0,0,0,-1152.0378300769767,2675.377556065612,2414.2234806724236,2414.2234806724236,758.7556957986951
2023-08-20T00:00:00Z,2414.451499382805,-2230.2714203487963,-2230.2714203487963,-2230.2714203487963,0,0,0,0,0,0,0,0,0,0,0,0,0,0,0,0,0,0,-196.44305566596188,-196.44305566596188,-196.44305566596188,0,0,0,0,0,0,-2070.641282241503,-2070.641282241503,-2070.641282241503,36.81291755866893,36.81291755866893,36.81291755866893,0,0,0,-1752.6917397592636,2322.8880497932805,2414.451499382805,2414.451499382805,184.18007903400894
2023-08-21T00:00:00Z,2414.6795180931877,473.6460844549246,473.6460844549246,473.6460844549246,0,0,0,0,0,0,0,0,0,0,0,0,0,0,0,0,0,0,13.84792908466912,13.84792908466912,13.84792908466912,0,0,0,0,0,0,417.2668386422523,417.2668386422523,417.2668386422523,42.53131672800322,42.53131672800322,42.53131672800322,0,0,0,720.1412968024174,4974.289899945283,2414.6795180931877,2414.6795180931877,2888.3256025481123
2023-08-22T00:00:00Z,2414.9075368035697,1141.6018452376895,1141.6018452376895,1141.6018452376895,0,0,0,0,0,0,0,0,0,0,0,0,0,0,0,0,0,0,309.06954128120907,309.06954128120907,309.06954128120907,0,0,0,0,0,0,782.6848167499406,782.6848167499406,782.6848167499406,49.84748720653989,49.84748720653989,49.84748720653989,0,0,0,1540.8100316475675,5379.348656001456,2414.9075368035697,2414.9075368035697,3556.5093820412594
2023-08-23T00:00:00Z,2415.1355555139517,1299.2313605152651,1299.2313605152651,1299.2313605152651,0,0,0,0,0,0,0,0,0,0,0,0,0,0,0,0,0,0,490.25550075155934,490.25550075155934,490.25550075155934,0,0,0,0,0,0,750.5195902302976,750.5195902302976,750.5195902302976,58.45626953340798,58.45626953340798,58.45626953340798,0,0,0,1645.0291111883878,5713.822614553886,2415.1355555139517,2415.1355555139517,3714.3669160292166
2023-08-24T00:00:00Z,2415.3635742243337,1391.1556279412732,1391.1556279412732,1391.1556279412732,0,0,0,0,0,0,0,0,0,0,0,0,0,0,0,0,0,0,516.7249017073303,516.7249017073303,516.7249017073303,0,0,0,0,0,0,806.4432778133362,806.4432778133362,806.4432778133362,67.98744842060695,67.98744842060695,67.98744842060695,0,0,0,1781.9505913679347,5637.863024038428,2415.3635742243337,2415.3635742243337,3806.5192021656067
2023-08-25T00:00:00Z,2415.5915929347157,1488.2789426421843,1488.2789426421843,1488.2789426421843,0,0,0,0,0,0,0,0,0,0,0,0,0,0,0,0,0,0,620.6546985750653,620.6546985750653,620.6546985750653,0,0,0,0,0,0,789.6082492607137,789.6082492607137,789.6082492607137,78.01599480640517,78.01599480640517,78.01599480640517,0,0,0,1904.1042598946337,5848.5144444693815,2415.5915929347157,2415.5915929347157,3903.8705355769
2023-08-26T00:00:00Z,2415.8196116450977,-261.39565870518237,-261.39565870518237,-261.39565870518237,0,0,0,0,0,0,0,0,0,0,0,0,0,0,0,0,0,0,1126.4115355195643,1126.4115355195643,1126.4115355195643,0,0,0,0,0,0,-1475.8814904559704,-1475.8814904559704,-1475.8814904559704,88.07429623122366,88.07429623122366,88.07429623122366,0,0,0,62.82849079349135,4102.476126206608,2415.8196116450977,2415.8196116450977,2154.423952939915
2023-08-27T00:00:00Z,2416.0476303554797,127.10817907255337,127.10817907255337,127.10817907255337,0,0,0,0,0,0,0,0,0,0,0,0,0,0,0,0,0,0,2100.083421336717,2100.083421336717,2100.083421336717,0,0,0,0,0,0,-2070.641282242487,-2070.641282242487,-2070.641282242487,97.66603997832397,97.66603997832397,97.66603997832397,0,0,0,492.2283740922423,4571.28156743019,2416.0476303554797,2416.0476303554797,2543.155809428033
2023-08-28T00:00:00Z,2416.2756490658617,3677.5274662793204,3677.5274662793204,3677.5274662793204,0,0,0,0,0,0,0,0,0,0,0,0,0,0,0,0,0,0,3153.9792712747712,3153.9792712747712,3153.9792712747712,0,0,0,0,0,0,417.2668386429841,417.2668386429841,417.2668386429841,106.28135636156537,106.28135636156537,106.28135636156537,0,0,0,4191.862125717924,8020.447897284034,2416.2756490658617,2416.2756490658617,6093.803115345182
2023-08-29T00:00:00Z,2416.5036677762437,4528.8749329914235,4528.8749329914235,4528.8749329914235,0,0,0,0,0,0,0,0,0,0,0,0,0,0,0,0,0,0,3632.7773326493093,3632.7773326493093,3632.7773326493093,0,0,0,0,0,0,782.6848167496386,782.6848167496386,782.6848167496386,113.4127835924757,113.4127835924757,113.4127835924757,0,0,0,5082.7256956495385,9014.196224078598,2416.5036677762437,2416.5036677762437,6945.378600767667
2023-08-30T00:00:00Z,2416.7316864866257,3947.4085859729516,3947.4085859729516,3947.4085859729516,0,0,0,0,0,0,0,0,0,0,0,0,0,0,0,0,0,0,3078.31741337868,3078.31741337868,3078.31741337868,0,0,0,0,0,0,750.5195902300491,750.5195902300491,750.5195902300491,118.57158236422187,118.57158236422187,118.57158236422187,0,0,0,4287.364658566956,8449.442914504934,2416.7316864866257,2416.7316864866257,6364.140272459577
2023-08-31T00:00:00Z,2416.959705197008,589.6979031613691,589.6979031613691,589.6979031613691,0,0,0,0,0,0,-1941.2219588157836,-1941.2219588157836,-1941.2219588157836,0,0,0,0,0,0,-1941.2219588157836,-1941.2219588157836,-1941.2219588157836,1603.1726752951295,1603.1726752951295,1603.1726752951295,0,0,0,0,0,0,806.443277811364,806.443277811364,806.443277811364,121.30390887065964,121.30390887065964,121.30390887065964,0,0,0,936.1550758413505,5005.396000489223,2416.959705197008,2416.959705197008,3006.6576083583773
2023-09-01T00:00:00Z,2417.18772390739,763.1617562767705,763.1617562767705,763.1617562767705,0,0,0,0,0,0,0,0,0,0,0,0,0,0,0,0,0,0,-147.65284320256382,-147.65284320256382,-147.65284320256382,0,0,0,0,0,0,789.6082492609372,789.6082492609372,789.6082492609372,121.20635021839702,121.20635021839702,121.20635021839702,0,0,0,1245.428580960302,5190.402738898138,2417.18772390739,2417.18772390739,3180.3494801841607
2023-09-02T00:00:00Z,2417.4157426177717,-2789.2957457951056,-2789.2957457951056,-2789.2957457951056,0,0,0,0,0,0,0,0,0,0,0,0,0,0,0,0,0,0,-1431.3545917937663,-1431.3545917937663,-1431.3545917937663,0,0,0,0,0,0,-1475.881490457031,-1475.881490457031,-1475.881490457031,117.94033645569209,117.94033645569209,117.94033645569209,0,0,0,-2266.2382208231484,1506.0391305702167,2417.4157426177717,2417.4157426177717,-371.88000317733395
2023-09-03T00:00:00Z,2417.643761328154,-3852.0795566497454,-3852.0795566497454,-3852.0795566497454,0,0,0,0,0,0,0,0,0,0,0,0,0,0,0,0,0,0,-1892.683243035612,-1892.683243035612,-1892.683243035612,0,0,0,0,0,0,-2070.6412822402585,-2070.6412822402585,-2070.6412822402585,111.24496862612507,111.24496862612507,111.24496862612507,0,0,0,-3251.208928630883,629.5909686736254,2417.643761328154,2417.643761328154,-1434.4357953215913
2023-09-04T00:00:00Z,2417.871780038536,-1203.8405884678498,-1203.8405884678498,-1203.8405884678498,0,0,0,0,0,0,0,0,0,0,0,0,0,0,0,0,0,0,-1722.0552689299354,-1722.0552689299354,-1722.0552689299354,0,0,0,0,0,0,417.2668386447269,417.2668386447269,417.2668386447269,100.94784181735837,100.94784181735837,100.94784181735837,0,0,0,-793.003100001463,3231.0307287650658,2417.871780038536,2417.871780038536,1214.0311915706864
2023-09-05T00:00:00Z,2418.099798748918,-527.5937187660786,-527.5937187660786,-527.5937187660786,0,0,0,0,0,0,0,0,0,0,0,0,0,0,0,0,0,0,-1397.2520306328533,-1397.2520306328533,-1397.2520306328533,0,0,0,0,0,0,782.6848167507302,782.6848167507302,782.6848167507302,86.97349511604445,86.97349511604445,86.97349511604445,0,0,0,102.9025003907786,3936.358133340339,2418.099798748918,2418.099798748918,1890.5060799828395
2023-09-06T00:00:00Z,2418.3278174592997,-446.4974992037171,-446.4974992037171,-446.4974992037171,0,0,0,0,0,0,0,0,0,0,0,0,0,0,0,0,0,0,-1266.3662747072933,-1266.3662747072933,-1266.3662747072933,0,0,0,0,0,0,750.5195902304216,750.5195902304216,750.5195902304216,69.3491852731544,69.3491852731544,69.3491852731544,0,0,0,-39.06448234355092,3895.581777197281,2418.3278174592997,2418.3278174592997,1971.8303182555826
2023-09-07T00:00:00Z,2418.555836169682,-474.99603962175905,-474.99603962175905,-474.99603962175905,0,0,0,0,0,0,0,0,0,0,0,0,0,0,0,0,0,0,-1329.6470733942865,-1329.6470733942865,-1329.6470733942865,0,0,0,0,0,0,806.4432778121735,806.4432778121735,806.4432778121735,48.2077559603536,48.2077559603536,48.2077559603536,0,0,0,-142.20102508805468,4055.884321347447,2418.555836169682,2418.555836169682,1943.559796547923
2023-09-08T00:00:00Z,2418.783854880064,-548.3402972028053,-548.3402972028053,-548.3402972028053,0,0,0,0,0,0,0,0,0,0,0,0,0,0,0,0,0,0,-1361.73600406222,-1361.73600406222,-1361.73600406222,0,0,0,0,0,0,789.6082492611608,789.6082492611608,789.6082492611608,23.78745759825423,23.78745759825423,23.78745759825423,0,0,0,-120.78500468827656,4013.960053904064,2418.783854880064,2418.783854880064,1870.443557677259
2023-09-09T00:00:00Z,2419.011873590446,-2680.9620917798275,-2680.9620917798275,-2680.9620917798275,0,0,0,0,0,0,0,0,0,0,0,0,0,0,0,0,0,0,-1201.5092628104835,-1201.5092628104835,-1201.5092628104835,0,0,0,0,0,0,-1475.8814904580918,-1475.8814904580918,-1475.8814904580918,-3.5713385112513647,-3.5713385112513647,-3.5713385112513647,0,0,0,-2201.026590291102,1682.9702380531498,2419.011873590446,2419.011873590446,-261.9502181893813
2023-09-10T00:00:00Z,2419.239892300828,-3018.9952777888125,-3018.9952777888125,-3018.9952777888125,0,0,0,0,0,0,0,0,0,0,0,0,0,0,0,0,0,0,-914.9214993306742,-914.9214993306742,-914.9214993306742,0,0,0,0,0,0,-2070.641282239637,-2070.641282239637,-2070.641282239637,-33.43249621850143,-33.43249621850143,-33.43249621850143,0,0,0,-2609.04745080035,1268.384738028109,2419.239892300828,2419.239892300828,-599.7553854879843
2023-09-11T00:00:00Z,2419.46791101121,-346.40824881905223,-346.40824881905223,-346.40824881905223,0,0,0,0,0,0,0,0,0,0,0,0,0,0,0,0,0,0,-698.4016743750963,-698.4016743750963,-698.4016743750963,0,0,0,0,0,0,417.2668386381395,417.2668386381395,417.2668386381395,-65.2734130820956,-65.2734130820956,-65.2734130820956,0,0,0,174.22849862988406,4087.450543999212,2419.46791101121,2419.46791101121,2073.0596621921577
2023-09-12T00:00:00Z,2419.695929721592,27.11465094154471,27.11465094154471,27.11465094154471,0,0,0,0,0,0,0,0,0,0,0,0,0,0,0,0,0,0,-657.0731216849931,-657.0731216849931,-657.0731216849931,0,0,0,0,0,0,782.6848167506438,782.6848167506438,782.6848167506438,-98.49704412410621,-98.49704412410621,-98.49704412410621,0,0,0,622.7733486612278,4489.560957369752,2419.695929721592,2419.695929721592,2446.810580663137
2023-09-13T00:00:00Z,2419.9239484319746,-81.84273665781846,-81.84273665781846,-81.84273665781846,0,0,0,0,0,0,0,0,0,0,0,0,0,0,0,0,0,0,-699.9159779297854,-699.9159779297854,-699.9159779297854,0,0,0,0,0,0,750.5195902295515,750.5195902295515,750.5195902295515,-132.4463489575849,-132.4463489575849,-132.4463489575849,0,0,0,409.7245842422875,4326.068175706151,2419.9239484319746,2419.9239484319746,2338.081211774156
2023-09-14T00:00:00Z,2420.151967142356,-12.071594940313043,-12.071594940313043,-12.071594940313043,0,0,0,0,0,0,0,0,0,0,0,0,0,0,0,0,0,0,-652.0940890221017,-652.0940890221017,-652.0940890221017,0,0,0,0,0,0,806.4432778116463,806.4432778116463,806.4432778116463,-166.42078372985765,-166.42078372985765,-166.42078372985765,0,0,0,231.81521349818397,4401.588484394982,2420.151967142356,2420.151967142356,2408.0803722020432
2023-09-15T00:00:00Z,2420.379985852738,137.7075512129877,137.7075512129877,137.7075512129877,0,0,0,0,0,0,0,0,0,0,0,0,0,0,0,0,0,0,-452.20630527978494,-452.20630527978494,-452.20630527978494,0,0,0,0,0,0,789.6082492578126,789.6082492578126,789.6082492578126,-199.69439276503994,-199.69439276503994,-199.69439276503994,0,0,0,720.5853515794842,4494.837646982253,2420.379985852738,2420.379985852738,2558.087537065726
2023-09-17T00:00:00Z,2420.8360232735026,-2449.882591698859,-2449.882591698859,-2449.882591698859,0,0,0,0,0,0,0,0,0,0,0,0,0,0,0,0,0,0,-118.01734497536441,-118.01734497536441,-118.01734497536441,0,0,0,0,0,0,-2070.6412822390143,-2070.6412822390143,-2070.6412822390143,-261.22396448448023,-261.22396448448023,-261.22396448448023,0,0,0,-1914.0517304282173,2023.593218055542,2420.8360232735026,2420.8360232735026,-29.046568425356327
2023-09-18T00:00:00Z,2421.064041983884,-42.981382415882706,-42.981382415882706,-42.981382415882706,0,0,0,0,0,0,0,0,0,0,0,0,0,0,0,0,0,0,-172.17229673905118,-172.17229673905118,-172.17229673905118,0,0,0,0,0,0,417.26683863988205,417.26683863988205,417.26683863988205,-288.07592431671344,-288.07592431671344,-288.07592431671344,0,0,0,428.3907393452337,4352.627464166385,2421.064041983884,2421.064041983884,2378.0826595680014
2023-09-19T00:00:00Z,2421.292060694266,244.07714315105258,244.07714315105258,244.07714315105258,0,0,0,0,0,0,0,0,0,0,0,0,0,0,0,0,0,0,-227.1496980988209,-227.1496980988209,-227.1496980988209,0,0,0,0,0,0,782.6848167505575,782.6848167505575,782.6848167505575,-311.45797550068403,-311.45797550068403,-311.45797550068403,0,0,0,707.8589343568669,4644.055150041854,2421.292060694266,2421.292060694266,2665.3692038453187
2023-09-20T00:00:00Z,2421.5200794046486,306.3163888111568,306.3163888111568,306.3163888111568,0,0,0,0,0,0,0,0,0,0,0,0,0,0,0,0,0,0,-113.39549864726534,-113.39549864726534,-113.39549864726534,0,0,0,0,0,0,750.5195902299246,750.5195902299246,750.5195902299246,-330.80770277150253,-330.80770277150253,-330.80770277150253,0,0,0,772.532276141855,4814.953643036474,2421.5200794046486,2421.5200794046486,2727.8364682158053
2023-09-21T00:00:00Z,2421.7480981150306,624.834531054624,624.834531054624,624.834531054624,0,0,0,0,0,0,0,0,0,0,0,0,0,0,0,0,0,0,164.0407884676989,164.0407884676989,164.0407884676989,0,0,0,0,0,0,806.4432778124554,806.4432778124554,806.4432778124554,-345.64953522553026,-345.64953522553026,-345.64953522553026,0,0,0,1062.0906140261795,5042.165260156366,2421.7480981150306,2421.7480981150306,3046.582629169655
2023-09-22T00:00:00Z,2421.976116825412,856.8190252750115,856.8190252750115,856.8190252750115,0,0,0,0,0,0,0,0,0,0,0,0,0,0,0,0,0,0,422.81970205581706,422.81970205581706,422.81970205581706,0,0,0,0,0,0,789.6082492644017,789.6082492644017,789.6082492644017,-355.60892604520706,-355.60892604520706,-355.60892604520706,0,0,0,1429.2883746968473,5257.248840697357,2421.976116825412,2421.976116825412,3278.7951421004236
2023-09-23T00:00:00Z,2422.2041355357946,-1322.2387776643138,-1322.2387776643138,-1322.2387776643138,0,0,0,0,0,0,0,0,0,0,0,0,0,0,0,0,0,0,514.0666296312704,514.0666296312704,514.0666296312704,0,0,0,0,0,0,-1475.8814904538938,-1475.8814904538938,-1475.8814904538938,-360.42391684169024,-360.42391684169024,-360.42391684169024,0,0,0,-680.6570926402552,3147.1737218259104,2422.2041355357946,2422.2041355357946,1099.9653578714808
2023-09-24T00:00:00Z,2422.4321542461767,-1893.6934786770282,-1893.6934786770282,-1893.6934786770282,0,0,0,0,0,0,0,0,0,0,0,0,0,0,0,0,0,0,536.9015207731873,536.9015207731873,536.9015207731873,0,0,0,0,0,0,-2070.641282238392,-2070.641282238392,-2070.641282238392,-359.9537172118236,-359.9537172118236,-359.9537172118236,0,0,0,-1269.7963974894787,2579.892434630191,2422.4321542461767,2422.4321542461767,528.7386755691484
2023-09-25T00:00:00Z,2422.6601729565587,872.3197354084014,872.3197354084014,872.3197354084014,0,0,0,0,0,0,0,0,0,0,0,0,0,0,0,0,0,0,809.2369092911788,809.2369092911788,809.2369092911788,0,0,0,0,0,0,417.26683864061397,417.26683864061397,417.26683864061397,-354.1840125233915,-354.1840125233915,-354.1840125233915,0,0,0,1293.0755056224002,5296.113315826065,2422.6601729565587,2422.6601729565587,3294.97990836496
2023-09-26T00:00:00Z,2422.88819166694,2007.9762941563768,2007.9762941563768,2007.9762941563768,0,0,0,0,0,0,0,0,0,0,0,0,0,0,0,0,0,0,1568.5202822577119,1568.5202822577119,1568.5202822577119,0,0,0,0,0,0,782.6848167500393,782.6848167500393,782.6848167500393,-343.22880485137443,-343.22880485137443,-343.22880485137443,0,0,0,2435.937222385919,6492.475628162107,2422.88819166694,2422.88819166694,4430.8644858233165
2023-09-27T00:00:00Z,2423.1162103773227,3079.717349376441,3079.717349376441,3079.717349376441,0,0,0,0,0,0,0,0,0,0,0,0,0,0,0,0,0,0,2656.52644992409,2656.52644992409,2656.52644992409,0,0,0,0,0,0,750.5195902302657,750.5195902302657,750.5195902302657,-327.32869077791526,-327.32869077791526,-327.32869077791526,0,0,0,3533.9884248923563,7447.174514538554,2423.1162103773227,2423.1162103773227,5502.833559753763
2023-09-28T00:00:00Z,2423.3442290877047,2062.757786257331,2062.757786257331,2062.757786257331,0,0,0,0,0,0,-1941.2219588157836,-1941.2219588157836,-1941.2219588157836,0,0,0,0,0,0,-1941.2219588157836,-1941.2219588157836,-1941.2219588157836,3504.382049854358,3504.382049854358,3504.382049854358,0,0,0,0,0,0,806.4432778132647,806.4432778132647,806.4432778132647,-306.8455825945073,-306.8455825945073,-306.8455825945073,0,0,0,2610.1865534731123,6510.23896218273,2423.3442290877047,2423.3442290877047,4486.102015345035
2023-09-29T00:00:00Z,2423.5722477980867,4000.368719477093,4000.368719477093,4000.368719477093,0,0,0,0,0,0,0,0,0,0,0,0,0,0,0,0,0,0,3493.014453515955,3493.014453515955,3493.014453515955,0,0,0,0,0,0,789.6082492628394,789.6082492628394,789.6082492628394,-282.25398330170145,-282.25398330170145,-282.25398330170145,0,0,0,4375.2220217845,8325.481308153127,2423.5722477980867,2423.5722477980867,6423.940967275179
2023-09-30T00:00:00Z,2423.8002665084687,694.2257697801218,694.2257697801218,694.2257697801218,0,0,0,0,0,0,0,0,0,0,0,0,0,0,0,0,0,0,2424.2362878684417,2424.2362878684417,2424.2362878684417,0,0,0,0,0,0,-1475.8814904530723,-1475.8814904530723,-1475.8814904530723,-254.12902763524707,-254.12902763524707,-254.12902763524707,0,0,0,1054.1043702230852,5060.8834997955155,2423.8002665084687,2423.8002665084687,3118.0260362885906
2023-10-01T00:00:00Z,2424.0282852188507,-1582.2225743140182,-1582.2225743140182,-1582.2225743140182,0,0,0,0,0,0,0,0,0,0,0,0,0,0,0,0,0,0,711.550306031713,711.550306031713,711.550306031713,0,0,0,0,0,0,-2070.6412822361644,-2070.6412822361644,-2070.6412822361644,-223.1315981095674,-223.1315981095674,-223.1315981095674,0,0,0,-1166.159275984605,2838.938170480382,2424.0282852188507,2424.0282852188507,841.8057109048325
2023-10-02T00:00:00Z,2424.2563039292327,-655.9992167360268,-655.9992167360268,-655.9992167360268,0,0,0,0,0,0,0,0,0,0,0,0,0,0,0,0,0,0,-883.2751415229969,-883.2751415229969,-883.2751415229969,0,0,0,0,0,0,417.2668386433673,417.2668386433673,417.2668386433673,-189.99091385639687,-189.99091385639687,-189.99091385639687,0,0,0,-189.88525947856448,3785.5075931972765,2424.2563039292327,2424.2563039292327,1768.2570871932057
2023-10-03T00:00:00Z,2424.4843226396147,-1137.176159195432,-1137.176159195432,-1137.176159195432,0,0,0,0,0,0,0,0,0,0,0,0,0,0,0,0,0,0,-1764.3759078356893,-1764.3759078356893,-1764.3759078356893,0,0,0,0,0,0,782.684816749953,782.684816749953,782.684816749953,-155.4850681096962,-155.4850681096962,-155.4850681096962,0,0,0,-765.8677513529988,3291.961949835463,2424.4843226396147,2424.4843226396147,1287.3081634441826
2023-10-04T00:00:00Z,2424.7123413499967,-1228.0669129844166,-1228.0669129844166,-1228.0669129844166,0,0,0,0,0,0,0,0,0,0,0,0,0,0,0,0,0,0,-1858.166448063449,-1858.166448063449,-1858.166448063449,0,0,0,0,0,0,750.5195902300171,750.5195902300171,750.5195902300171,-120.42005515098414,-120.42005515098414,-120.42005515098414,0,0,0,-855.6612410316461,3114.787625662396,2424.7123413499967,2424.7123413499967,1196.64542836558
2023-10-05T00:00:00Z,2424.9403600603787,-829.0600076832437,-829.0600076832437,-829.0600076832437,0,0,0,0,0,0,0,0,0,0,0,0,0,0,0,0,0,0,-1549.8954082147545,-1549.8954082147545,-1549.8954082147545,0,0,0,0,0,0,806.4432778140738,806.4432778140738,806.4432778140738,-85.60787728256317,-85.60787728256317,-85.60787728256317,0,0,0,-271.5600297530468,3456.904070959155,2424.9403600603787,2424.9403600603787,1595.8803523771348
2023-10-06T00:00:00Z,2425.1683787707607,-561.5387890776836,-561.5387890776836,-561.5387890776836,0,0,0,0,0,0,0,0,0,0,0,0,0,0,0,0,0,0,-1299.3026830016545,-1299.3026830016545,-1299.3026830016545,0,0,0,0,0,0,789.6082492612769,789.6082492612769,789.6082492612769,-51.844355337305494,-51.844355337305494,-51.844355337305494,0,0,0,-231.72928577208768,3771.1553973582445,2425.1683787707607,2425.1683787707607,1863.629589693077
2023-10-07T00:00:00Z,2425.396397481143,-2781.635672992771,-2781.635672992771,-2781.635672992771,0,0,0,0,0,0,0,0,0,0,0,0,0,0,0,0,0,0,-1285.8669013628216,-1285.8669013628216,-1285.8669013628216,0,0,0,0,0,0,-1475.881490456015,-1475.881490456015,-1475.881490456015,-19.887281173934575,-19.887281173934575,-19.887281173934575,0,0,0,-2247.6395324763075,1628.0209328321491,2425.396397481143,2425.396397481143,-356.23927551162797
2023-10-08T00:00:00Z,2425.624416191525,-3425.3929934078155,-3425.3929934078155,-3425.3929934078155,0,0,0,0,0,0,0,0,0,0,0,0,0,0,0,0,0,0,-1364.3161642279974,-1364.3161642279974,-1364.3161642279974,0,0,0,0,0,0,-2070.6412822409825,-2070.6412822409825,-2070.6412822409825,9.564453061164222,9.564453061164222,9.564453061164222,0,0,0,-2951.5527930201933,975.9022676542123,2425.624416191525,2425.624416191525,-999.7685772162904
2023-10-09T00:00:00Z,2425.852434901907,-853.7664691158893,-853.7664691158893,-853.7664691158893,0,0,0,0,0,0,0,0,0,0,0,0,0,0,0,0,0,0,-1306.9234442716777,-1306.9234442716777,-1306.9234442716777,0,0,0,0,0,0,417.26683863576903,417.26683863576903,417.26683863576903,35.89013652002011,35.89013652002011,35.89013652002011,0,0,0,-246.7264332117111,3435.9388760907163,2425.852434901907,2425.852434901907,1572.0859657860178
2023-10-10T00:00:00Z,2426.0804530854994,-220.93380023929654,-220.93380023929654,-220.93380023929654,0,0,0,0,0,0,0,0,0,0,0,0,0,0,0,0,0,0,-1062.1829773293084,-1062.1829773293084,-1062.1829773293084,0,0,0,0,0,0,782.684816749651,782.684816749651,782.684816749651,58.564360340360835,58.564360340360835,58.564360340360835,0,0,0,115.62787620844837,4157.288454408812,2426.0804530854994,2426.0804530854994,2205.146652846203
2023-10-11T00:00:00Z,2426.308471269092,40.805063881471185,40.805063881471185,40.805063881471185,0,0,0,0,0,0,0,0,0,0,0,0,0,0,0,0,0,0,-786.8859899341613,-786.8859899341613,-786.8859899341613,0,0,0,0,0,0,750.5195902297686,750.5195902297686,750.5195902297686,77.1714635858641,77.1714635858641,77.1714635858641,0,0,0,397.8291522315389,4460.26113618514,2426.308471269092,2426.308471269092,2467.113535150563
2023-10-12T00:00:00Z,2426.5364894526842,240.56930901304833,240.56930901304833,240.56930901304833,0,0,0,0,0,0,0,0,0,0,0,0,0,0,0,0,0,0,-657.2908330138192,-657.2908330138192,-657.2908330138192,0,0,0,0,0,0,806.4432778135466,806.4432778135466,806.4432778135466,91.4168642133211,91.4168642133211,91.4168642133211,0,0,0,659.5909932995088,4618.819867723152,2426.5364894526842,2426.5364894526842,2667.1057984657327
2023-10-13T00:00:00Z,2426.7645076362764,211.3389305454095,211.3389305454095,211.3389305454095,0,0,0,0,0,0,0,0,0,0,0,0,0,0,0,0,0,0,-679.4042409035626,-679.4042409035626,-679.4042409035626,0,0,0,0,0,0,789.60824926608,789.60824926608,789.60824926608,101.134922182892,101.134922182892,101.134922182892,0,0,0,617.1163956178228,4455.979118982062,2426.7645076362764,2426.7645076362764,2638.1034381816858
2023-10-14T00:00:00Z,2426.9925258198687,-2065.268123152335,-2065.268123152335,-2065.268123152335,0,0,0,0,0,0,0,0,0,0,0,0,0,0,0,0,0,0,-695.6797131566753,-695.6797131566753,-695.6797131566753,0,0,0,0,0,0,-1475.8814904589583,-1475.8814904589583,-1475.8814904589583,106.29308046329879,106.29308046329879,106.29308046329879,0,0,0,-1596.212892559232,2289.2458935143486,2426.9925258198687,2426.9925258198687,361.72440266753347
2023-10-15T00:00:00Z,2427.220544003461,-2530.851185618298,-2530.851185618298,-2530.851185618298,0,0,0,0,0,0,0,0,0,0,0,0,0,0,0,0,0,0,-567.2020401996556,-567.2020401996556,-567.2020401996556,0,0,0,0,0,0,-2070.64128224036,-2070.64128224036,-2070.64128224036,106.99213682171771,106.99213682171771,106.99213682171771,0,0,0,-2072.3131722479243,2041.4908578235945,2427.220544003461,2427.220544003461,-103.63064161483726
2023-10-16T00:00:00Z,2427.4485621870535,192.67287330888516,192.67287330888516,192.67287330888516,0,0,0,0,0,0,0,0,0,0,0,0,0,0,0,0,0,0,-328.0565771831484,-328.0565771831484,-328.0565771831484,0,0,0,0,0,0,417.2668386375118,417.2668386375118,417.2668386375118,103.46261185452175,103.46261185452175,103.46261185452175,0,0,0,516.7809880279528,4632.489798103596,2427.4485621870535,2427.4485621870535,2620.121435495939
2023-10-17T00:00:00Z,2427.6765803706458,732.9952221675466,732.9952221675466,732.9952221675466,0,0,0,0,0,0,0,0,0,0,0,0,0,0,0,0,0,0,-145.74688803629886,-145.74688803629886,-145.74688803629886,0,0,0,0,0,0,782.6848167493488,782.6848167493488,782.6848167493488,96.05729345449649,96.05729345449649,96.05729345449649,0,0,0,1262.0279883209157,5161.918874365971,2427.6765803706458,2427.6765803706458,3160.6718025381924
2023-10-18T00:00:00Z,2427.904598554238,703.4138213979948,703.4138213979948,703.4138213979948,0,0,0,0,0,0,0,0,0,0,0,0,0,0,0,0,0,0,-132.34592029127575,-132.34592029127575,-132.34592029127575,0,0,0,0,0,0,750.5195902301418,750.5195902301418,750.5195902301418,85.2401514591288,85.2401514591288,85.2401514591288,0,0,0,1162.4482325028982,5093.4116414352175,2427.904598554238,2427.904598554238,3131.318419952233
2023-10-19T00:00:00Z,2428.13261673783,665.5044997177416,665.5044997177416,665.5044997177416,0,0,0,0,0,0,0,0,0,0,0,0,0,0,0,0,0,0,-212.5107033146825,-212.5107033146825,-212.5107033146825,0,0,0,0,0,0,806.4432778129111,806.4432778129111,806.4432778129111,71.57192521951305,71.57192521951305,71.57192521951305,0,0,0,962.8220297343852,5119.3351870954075,2428.13261673783,2428.13261673783,3093.6371164555717
2023-10-20T00:00:00Z,2428.360634921423,648.8579816230715,648.8579816230715,648.8579816230715,0,0,0,0,0,0,0,0,0,0,0,0,0,0,0,0,0,0,-196.44305566531244,-196.44305566531244,-196.44305566531244,0,0,0,0,0,0,789.6082492663038,789.6082492663038,789.6082492663038,55.69278802208018,55.69278802208018,55.69278802208018,0,0,0,1287.791014725647,5135.994654653821,2428.360634921423,2428.360634921423,3077.2186165444946
2023-10-21T00:00:00Z,2428.588653105015,-1423.7309787755858,-1423.7309787755858,-1423.7309787755858,0,0,0,0,0,0,0,0,0,0,0,0,0,0,0,0,0,0,13.84792908421311,13.84792908421311,13.84792908421311,0,0,0,0,0,0,-1475.8814904581373,-1475.8814904581373,-1475.8814904581373,38.30258259833806,38.30258259833806,38.30258259833806,0,0,0,-879.7013984833575,3074.4715918261554,2428.588653105015,2428.588653105015,1004.8576743294293
2023-10-22T00:00:00Z,2428.8166712886073,-1741.4325423390098,-1741.4325423390098,-1741.4325423390098,0,0,0,0,0,0,0,0,0,0,0,0,0,0,0,0,0,0,309.0695412807138,309.0695412807138,309.0695412807138,0,0,0,0,0,0,-2070.6412822397374,-2070.6412822397374,-2070.6412822397374,20.13919862001385,20.13919862001385,20.13919862001385,0,0,0,-1122.2481522435917,2634.8223902288123,2428.8166712886073,2428.8166712886073,687.3841289495974
2023-10-23T00:00:00Z,2429.0446894721995,909.4780630599104,909.4780630599104,909.4780630599104,0,0,0,0,0,0,0,0,0,0,0,0,0,0,0,0,0,0,490.25550075179905,490.25550075179905,490.25550075179905,0,0,0,0,0,0,417.26683863925444,417.26683863925444,417.26683863925444,1.9557236688569788,1.9557236688569788,1.9557236688569788,0,0,0,1278.930196213296,5366.499807121806,2429.0446894721995,2429.0446894721995,3338.5227525321097
2023-10-24T00:00:00Z,2429.2727076557917,1283.906760210449,1283.906760210449,1283.906760210449,0,0,0,0,0,0,0,0,0,0,0,0,0,0,0,0,0,0,516.7249017067599,516.7249017067599,516.7249017067599,0,0,0,0,0,0,782.6848167504402,782.6848167504402,782.6848167504402,-15.502958246751026,-15.502958246751026,-15.502958246751026,0,0,0,1819.631327473235,5739.990658690448,2429.2727076557917,2429.2727076557917,3713.179467866241
2023-10-25T00:00:00Z,2429.5007258393844,1339.6508653625087,1339.6508653625087,1339.6508653625087,0,0,0,0,0,0,0,0,0,0,0,0,0,0,0,0,0,0,620.6546985761263,620.6546985761263,620.6546985761263,0,0,0,0,0,0,750.5195902305147,750.5195902305147,750.5195902305147,-31.523423444132305,-31.523423444132305,-31.523423444132305,0,0,0,1909.8124234740196,5744.664921397067,2429.5007258393844,2429.5007258393844,3769.151591201893
2023-10-26T00:00:00Z,2429.7287440229766,1887.4086926845303,1887.4086926845303,1887.4086926845303,0,0,0,0,0,0,0,0,0,0,0,0,0,0,0,0,0,0,1126.4115355185652,1126.4115355185652,1126.4115355185652,0,0,0,0,0,0,806.4432778123839,806.4432778123839,806.4432778123839,-45.446120646419175,-45.446120646419175,-45.446120646419175,0,0,0,2275.3268663956187,6269.461337753119,2429.7287440229766,2429.7287440229766,4317.137436707507
2023-10-27T00:00:00Z,2429.956762206569,2833.0054142473864,2833.0054142473864,2833.0054142473864,0,0,0,0,0,0,0,0,0,0,0,0,0,0,0,0,0,0,2100.0834213367066,2100.0834213367066,2100.0834213367066,0,0,0,0,0,0,789.6082492647413,789.6082492647413,789.6082492647413,-56.686256354061584,-56.686256354061584,-56.686256354061584,0,0,0,3294.402404537719,7365.759014437456,2429.956762206569,2429.956762206569,5262.962176453955
2023-10-28T00:00:00Z,2430.184780390161,1613.3452710689835,1613.3452710689835,1613.3452710689835,0,0,0,0,0,0,0,0,0,0,0,0,0,0,0,0,0,0,3153.9792712738836,3153.9792712738836,3153.9792712738836,0,0,0,0,0,0,-1475.8814904610801,-1475.8814904610801,-1475.8814904610801,-64.75250974381925,-64.75250974381925,-64.75250974381925,0,0,0,2192.531701961327,5974.5592417273365,2430.184780390161,2430.184780390161,4043.5300514591445
2023-10-29T00:00:00Z,2430.412798573753,1492.8730593576893,1492.8730593576893,1492.8730593576893,0,0,0,0,0,0,0,0,0,0,0,0,0,0,0,0,0,0,3632.777332649248,3632.777332649248,3632.777332649248,0,0,0,0,0,0,-2070.6412822375096,-2070.6412822375096,-2070.6412822375096,-69.26299105404915,-69.26299105404915,-69.26299105404915,0,0,0,2009.110312354616,5910.570541045439,2430.412798573753,2430.412798573753,3923.2858579314425
2023-10-30T00:00:00Z,2430.640816757346,3425.626318885413,3425.626318885413,3425.626318885413,0,0,0,0,0,0,0,0,0,0,0,0,0,0,0,0,0,0,3078.3174133772895,3078.3174133772895,3078.3174133772895,0,0,0,0,0,0,417.2668386409969,417.2668386409969,417.2668386409969,-69.95793313287386,-69.95793313287386,-69.95793313287386,0,0,0,3826.690081498826,7826.239619863507,2430.640816757346,2430.640816757346,5856.267135642759
2023-10-31T00:00:00Z,2430.868834940938,2319.1487945560234,2319.1487945560234,2319.1487945560234,0,0,0,0,0,0,0,0,0,0,0,0,0,0,0,0,0,0,1603.1726752941556,1603.1726752941556,1603.1726752941556,0,0,0,0,0,0,782.6848167503538,782.6848167503538,782.6848167503538,-66.70869748848516,-66.70869748848516,-66.70869748848516,0,0,0,2763.419018509214,6818.549598629159,2430.868834940938,2430.868834940938,4750.0176294969615
2023-11-01T00:00:00Z,2431.0968531245303,543.3439657289903,543.3439657289903,543.3439657289903,0,0,0,0,0,0,0,0,0,0,0,0,0,0,0,0,0,0,-147.65284320244714,-147.65284320244714,-147.65284320244714,0,0,0,0,0,0,750.5195902296445,750.5195902296445,750.5195902296445,-59.52278129820721,-59.52278129820721,-59.52278129820721,0,0,0,912.6421217556158,4779.015082656896,2431.0968531245303,2431.0968531245303,2974.440818853521
2023-11-02T00:00:00Z,2431.3248713081225,-673.4559414316911,-673.4559414316911,-673.4559414316911,0,0,0,0,0,0,0,0,0,0,0,0,0,0,0,0,0,0,-1431.3545917925424,-1431.3545917925424,-1431.3545917925424,0,0,0,0,0,0,806.443277813193,806.443277813193,806.443277813193,-48.5446274523412,-48.5446274523412,-48.5446274523412,0,0,0,-148.12070026197097,3971.269241718894,2431.3248713081225,2431.3248713081225,1757.8689298764314
2023-11-03T00:00:00Z,2431.5528894917147,-1137.1271563435866,-1137.1271563435866,-1137.1271563435866,0,0,0,0,0,0,0,0,0,0,0,0,0,0,0,0,0,0,-1892.6832430356856,-1892.6832430356856,-1892.6832430356856,0,0,0,0,0,0,789.6082492631791,789.6082492631791,789.6082492631791,-34.05216257107965,-34.05216257107965,-34.05216257107965,0,0,0,-734.329085543204,3288.0659099481986,2431.5528894917147,2431.5528894917147,1294.425733148128
2023-11-04T00:00:00Z,2431.7809076753074,-3214.3858738948456,-3214.3858738948456,-3214.3858738948456,0,0,0,0,0,0,0,0,0,0,0,0,0,0,0,0,0,0,-1722.055268929893,-1722.055268929893,-1722.055268929893,0,0,0,0,0,0,-1475.8814904539386,-1475.8814904539386,-1475.8814904539386,-16.449114511013807,-16.449114511013807,-16.449114511013807,0,0,0,-2685.8793849230306,1071.270144700407,2431.7809076753074,2431.7809076753074,-782.6049662195383
2023-11-05T00:00:00Z,2432.0089258588996,-3464.146600377562,-3464.146600377562,-3464.146600377562,0,0,0,0,0,0,0,0,0,0,0,0,0,0,0,0,0,0,-1397.2520306337465,-1397.2520306337465,-1397.2520306337465,0,0,0,0,0,0,-2070.6412822439333,-2070.6412822439333,-2070.6412822439333,3.7467125001173884,3.7467125001173884,3.7467125001173884,0,0,0,-3023.766228851638,950.0551814746007,2432.0089258588996,2432.0089258588996,-1032.1376745186626
2023-11-06T00:00:00Z,2432.236944042492,-823.1805320712886,-823.1805320712886,-823.1805320712886,0,0,0,0,0,0,0,0,0,0,0,0,0,0,0,0,0,0,-1266.3662747068408,-1266.3662747068408,-1266.3662747068408,0,0,0,0,0,0,417.2668386417286,417.2668386417286,417.2668386417286,25.91890399382328,25.91890399382328,25.91890399382328,0,0,0,-306.3233265894141,3581.233449006489,2432.236944042492,2432.236944042492,1609.0564119712033
2023-11-07T00:00:00Z,2432.464962226084,-497.5910307515839,-497.5910307515839,-497.5910307515839,0,0,0,0,0,0,0,0,0,0,0,0,0,0,0,0,0,0,-1329.647073393964,-1329.647073393964,-1329.647073393964,0,0,0,0,0,0,782.6848167498359,782.6848167498359,782.6848167498359,49.37122589254407,49.37122589254407,49.37122589254407,0,0,0,-53.27093119273715,3905.8424770355155,2432.464962226084,2432.464962226084,1934.8739314745
2023-11-08T00:00:00Z,2432.6929804096762,-537.8671958342641,-537.8671958342641,-537.8671958342641,0,0,0,0,0,0,0,0,0,0,0,0,0,0,0,0,0,0,-1361.7360040622455,-1361.7360040622455,-1361.7360040622455,0,0,0,0,0,0,750.5195902300177,750.5195902300177,750.5195902300177,73.34921799796376,73.34921799796376,73.34921799796376,0,0,0,-127.3207445726507,3978.3608837856314,2432.6929804096762,2432.6929804096762,1894.8257845754122
2023-11-09T00:00:00Z,2432.920998593269,-298.00200722071014,-298.00200722071014,-298.00200722071014,0,0,0,0,0,0,0,0,0,0,0,0,0,0,0,0,0,0,-1201.5092628108334,-1201.5092628108334,-1201.5092628108334,0,0,0,0,0,0,806.4432778112212,806.4432778112212,806.4432778112212,97.06397777890234,97.06397777890234,97.06397777890234,0,0,0,174.0836789883808,4071.3125698379436,2432.920998593269,2432.920998593269,2134.9189913725586
2023-11-10T00:00:00Z,2433.149016776861,-5.595802272705939,-5.595802272705939,-5.595802272705939,0,0,0,0,0,0,0,0,0,0,0,0,0,0,0,0,0,0,-914.9214993307721,-914.9214993307721,-914.9214993307721,0,0,0,0,0,0,789.6082492616166,789.6082492616166,789.6082492616166,119.71744779644943,119.71744779644943,119.71744779644943,0,0,0,310.162062503824,4367.870814959668,2433.149016776861,2433.149016776861,2427.553214504155
2023-11-11T00:00:00Z,2433.3770349604533,-2033.7546996710782,-2033.7546996710782,-2033.7546996710782,0,0,0,0,0,0,0,0,0,0,0,0,0,0,0,0,0,0,-698.4016743757304,-698.4016743757304,-698.4016743757304,0,0,0,0,0,0,-1475.8814904568817,-1475.8814904568817,-1475.8814904568817,140.5284651615341,140.5284651615341,140.5284651615341,0,0,0,-1450.4522485537493,2374.8216565324665,2433.3770349604533,2433.3770349604533,399.6223352893751
2023-11-12T00:00:00Z,2433.6050531440455,-4510.177565258397,-4510.177565258397,-4510.177565258397,0,0,0,0,0,0,-1941.2219588157836,-1941.2219588157836,-1941.2219588157836,0,0,0,0,0,0,-1941.2219588157836,-1941.2219588157836,-1941.2219588157836,-657.0731216841772,-657.0731216841772,-657.0731216841772,0,0,0,0,0,0,-2070.6412822417055,-2070.6412822417055,-2070.6412822417055,158.75879748326898,158.75879748326898,158.75879748326898,0,0,0,-4050.123779967489,-34.97164929406838,2433.6050531440455,2433.6050531440455,-2076.572512114352
2023-11-13T00:00:00Z,2433.8330713276378,-2050.1327200045716,-2050.1327200045716,-2050.1327200045716,0,0,0,0,0,0,-1941.2219588157836,-1941.2219588157836,-1941.2219588157836,0,0,0,0,0,0,-1941.2219588157836,-1941.2219588157836,-1941.2219588157836,-699.9159779305644,-699.9159779305644,-699.9159779305644,0,0,0,0,0,0,417.2668386434713,417.2668386434713,417.2668386434713,173.7383780983049,173.7383780983049,173.7383780983049,0,0,0,-1680.403186449974,2288.852219065433,2433.8330713276378,2433.8330713276378,383.7003513230661
2023-11-14T00:00:00Z,2434.0610895112304,315.47969228853793,315.47969228853793,315.47969228853793,0,0,0,0,0,0,0,0,0,0,0,0,0,0,0,0,0,0,-652.0940890217458,-652.0940890217458,-652.0940890217458,0,0,0,0,0,0,782.6848167497496,782.6848167497496,782.6848167497496,184.88896456053456,184.88896456053456,184.88896456053456,0,0,0,804.0454126233474,4695.043912778809,2434.0610895112304,2434.0610895112304,2749.5407817997684
2023-11-15T00:00:00Z,2434.2891076948226,490.05876337675653,490.05876337675653,490.05876337675653,0,0,0,0,0,0,0,0,0,0,0,0,0,0,0,0,0,0,-452.2063052785907,-452.2063052785907,-452.2063052785907,0,0,0,0,0,0,750.5195902303589,750.5195902303589,750.5195902303589,191.74547842498842,191.74547842498842,191.74547842498842,0,0,0,1003.6128669372883,5080.81698839188,2434.2891076948226,2434.2891076948226,2924.347871071579
2023-11-16T00:00:00Z,2434.517125878415,781.303154001222,781.303154001222,781.303154001222,0,0,0,0,0,0,0,0,0,0,0,0,0,0,0,0,0,0,-219.11446434572474,-219.11446434572474,-219.11446434572474,0,0,0,0,0,0,806.4432778120304,806.4432778120304,806.4432778120304,193.97434053491634,193.97434053491634,193.97434053491634,0,0,0,1176.7155186689736,5253.983516834571,2434.517125878415,2434.517125878415,3215.820279879637
2023-11-17T00:00:00Z,2434.745144062007,862.9790972995866,862.9790972995866,862.9790972995866,0,0,0,0,0,0,0,0,0,0,0,0,0,0,0,0,0,0,-118.01734497471203,-118.01734497471203,-118.01734497471203,0,0,0,0,0,0,789.6082492618403,789.6082492618403,789.6082492618403,191.38819301245815,191.38819301245815,191.38819301245815,0,0,0,1315.5203815465031,5233.941367954019,2434.745144062007,2434.745144062007,3297.7242413615936
2023-11-18T00:00:00Z,2434.9731622455993,-1464.0972922216602,-1464.0972922216602,-1464.0972922216602,0,0,0,0,0,0,0,0,0,0,0,0,0,0,0,0,0,0,-172.17229673882687,-172.17229673882687,-172.17229673882687,0,0,0,0,0,0,-1475.8814904560604,-1475.8814904560604,-1475.8814904560604,183.95649497322728,183.95649497322728,183.95649497322728,0,0,0,-1005.3036443478403,3103.1230767113866,2434.9731622455993,2434.9731622455993,970.8758700239391
2023-11-19T00:00:00Z,2435.201180429192,-2125.9793892142397,-2125.9793892142397,-2125.9793892142397,0,0,0,0,0,0,0,0,0,0,0,0,0,0,0,0,0,0,-227.14969809741913,-227.14969809741913,-227.14969809741913,0,0,0,0,0,0,-2070.6412822394773,-2070.6412822394773,-2070.6412822394773,171.811591122657,171.811591122657,171.811591122657,0,0,0,-1642.564039841419,2253.7421890800415,2435.201180429192,2435.201180429192,309.2217912149522
2023-11-20T00:00:00Z,2435.429198612784,459.12131780631705,459.12131780631705,459.12131780631705,0,0,0,0,0,0,0,0,0,0,0,0,0,0,0,0,0,0,-113.39549864652291,-113.39549864652291,-113.39549864652291,0,0,0,0,0,0,417.266838636884,417.266838636884,417.266838636884,155.24997781595596,155.24997781595596,155.24997781595596,0,0,0,940.2767151254294,4790.706505597486,2435.429198612784,2435.429198612784,2894.5505164191013
2023-11-21T00:00:00Z,2435.6572167963764,1081.4542316555585,1081.4542316555585,1081.4542316555585,0,0,0,0,0,0,0,0,0,0,0,0,0,0,0,0,0,0,164.04078846952783,164.04078846952783,164.04078846952783,0,0,0,0,0,0,782.6848167494471,782.6848167494471,782.6848167494471,134.7286264365835,134.7286264365835,134.7286264365835,0,0,0,1502.1546919205025,5450.733480876892,2435.6572167963764,2435.6572167963764,3517.111448451935
2023-11-22T00:00:00Z,2435.8852349799686,1284.1956575916474,1284.1956575916474,1284.1956575916474,0,0,0,0,0,0,0,0,0,0,0,0,0,0,0,0,0,0,422.8197020563697,422.8197020563697,422.8197020563697,0,0,0,0,0,0,750.5195902301102,750.5195902301102,750.5195902301102,110.85636530516766,110.85636530516766,110.85636530516766,0,0,0,1714.6516919250223,5733.870451033699,2435.8852349799686,2435.8852349799686,3720.080892571616
2023-11-23T00:00:00Z,2436.113253163561,1404.8903722336386,1404.8903722336386,1404.8903722336386,0,0,0,0,0,0,0,0,0,0,0,0,0,0,0,0,0,0,514.0666296314436,514.0666296314436,514.0666296314436,0,0,0,0,0,0,806.4432778115032,806.4432778115032,806.4432778115032,84.3804647906918,84.3804647906918,84.3804647906918,0,0,0,1923.8711467000367,5819.803062208982,2436.113253163561,2436.113253163561,3841.0036253971994
2023-11-24T00:00:00Z,2436.3412713471535,1382.6784818094654,1382.6784818094654,1382.6784818094654,0,0,0,0,0,0,0,0,0,0,0,0,0,0,0,0,0,0,536.9015207734101,536.9015207734101,536.9015207734101,0,0,0,0,0,0,789.6082492584918,789.6082492584918,789.6082492584918,56.16871177756325,56.16871177756325,56.16871177756325,0,0,0,1918.3106699036794,5830.00148011974,2436.3412713471535,2436.3412713471535,3819.019753156619
2023-11-25T00:00:00Z,2436.5692895307457,-639.4571861044725,-639.4571861044725,-639.4571861044725,0,0,0,0,0,0,0,0,0,0,0,0,0,0,0,0,0,0,809.2369092914579,809.2369092914579,809.2369092914579,0,0,0,0,0,0,-1475.8814904590035,-1475.8814904590035,-1475.8814904590035,27.187395063072685,27.187395063072685,27.187395063072685,0,0,0,-80.69855531725969,3854.019529484636,2436.5692895307457,2436.5692895307457,1797.1121034262733
2023-11-26T00:00:00Z,2436.797307714338,-503.64525130956525,-503.64525130956525,-503.64525130956525,0,0,0,0,0,0,0,0,0,0,0,0,0,0,0,0,0,0,1568.5202822578153,1568.5202822578153,1568.5202822578153,0,0,0,0,0,0,-2070.6412822404604,-2070.6412822404604,-2070.6412822404604,-1.5242513269196643,-1.5242513269196643,-1.5242513269196643,0,0,0,-119.10172662657322,4034.2141603378277,2436.797307714338,2436.797307714338,1933.1520564047726
2023-11-27T00:00:00Z,2437.0253258979305,3044.9108003520437,3044.9108003520437,3044.9108003520437,0,0,0,0,0,0,0,0,0,0,0,0,0,0,0,0,0,0,2656.5264499229725,2656.5264499229725,2656.5264499229725,0,0,0,0,0,0,417.2668386386266,417.2668386386266,417.2668386386266,-28.882488209555905,-28.882488209555905,-28.882488209555905,0,0,0,3422.583169970103,7493.39278049585,2437.0253258979305,2437.0253258979305,5481.936126249974
2023-11-28T00:00:00Z,2437.2533440815228,4233.2772252131945,4233.2772252131945,4233.2772252131945,0,0,0,0,0,0,0,0,0,0,0,0,0,0,0,0,0,0,3504.3820498532036,3504.3820498532036,3504.3820498532036,0,0,0,0,0,0,782.6848167493612,782.6848167493612,782.6848167493612,-53.78964138936963,-53.78964138936963,-53.78964138936963,0,0,0,4713.149168673372,8727.62722728227,2437.2533440815228,2437.2533440815228,6670.530569294717
2023-11-29T00:00:00Z,2437.4813622651154,4168.368069834797,4168.368069834797,4168.368069834797,0,0,0,0,0,0,0,0,0,0,0,0,0,0,0,0,0,0,3493.014453515381,3493.014453515381,3493.014453515381,0,0,0,0,0,0,750.5195902298616,750.5195902298616,750.5195902298616,-75.16597391044414,-75.16597391044414,-75.16597391044414,0,0,0,4743.695933411944,8619.39043849344,2437.4813622651154,2437.4813622651154,6605.8494320999125
2023-11-30T00:00:00Z,2437.7093804487076,3138.697585504754,3138.697585504754,3138.697585504754,0,0,0,0,0,0,0,0,0,0,0,0,0,0,0,0,0,0,2424.236287867627,2424.236287867627,2424.236287867627,0,0,0,0,0,0,806.443277810976,806.443277810976,806.443277810976,-91.9819801738493,-91.9819801738493,-91.9819801738493,0,0,0,3585.6666805375535,7556.282958763133,2437.7093804487076,2437.7093804487076,5576.406965953462
2023-12-01T00:00:00Z,2437.9373986323,1397.868361771671,1397.868361771671,1397.868361771671,0,0,0,0,0,0,0,0,0,0,0,0,0,0,0,0,0,0,711.5503060308527,711.5503060308527,711.5503060308527,0,0,0,0,0,0,789.6082492650809,789.6082492650809,789.6082492650809,-103.2901935242627,-103.2901935242627,-103.2901935242627,0,0,0,1861.8237421921833,5817.6603408125575,2437.9373986323,2437.9373986323,3835.805760403971
2023-12-02T00:00:00Z,2438.165416815892,-2467.41222795531,-2467.41222795531,-2467.41222795531,0,0,0,0,0,0,0,0,0,0,0,0,0,0,0,0,0,0,-883.2751415220868,-883.2751415220868,-883.2751415220868,0,0,0,0,0,0,-1475.881490451862,-1475.881490451862,-1475.881490451862,-108.25559598136145,-108.25559598136145,-108.25559598136145,0,0,0,-2040.0902385860534,1969.5555819115025,2438.165416815892,2438.165416815892,-29.246811139417787
2023-12-03T00:00:00Z,2438.3934317444227,-3941.200931588338,-3941.200931588338,-3941.200931588338,0,0,0,0,0,0,0,0,0,0,0,0,0,0,0,0,0,0,-1764.3759078348637,-1764.3759078348637,-1764.3759078348637,0,0,0,0,0,0,-2070.641282238233,-2070.641282238233,-2070.641282238233,-106.18374151524108,-106.18374151524108,-106.18374151524108,0,0,0,-3392.511348005009,424.23993433853127,2438.3934317444227,2438.3934317444227,-1502.8074998439151
2023-12-04T00:00:00Z,2438.6214466729534,-1537.4453617111587,-1537.4453617111587,-1537.4453617111587,0,0,0,0,0,0,0,0,0,0,0,0,0,0,0,0,0,0,-1858.1664480632353,-1858.1664480632353,-1858.1664480632353,0,0,0,0,0,0,417.2668386393583,417.2668386393583,417.2668386393583,-96.5457522872818,-96.5457522872818,-96.5457522872818,0,0,0,-925.1211531191669,2815.6647715521785,2438.6214466729534,2438.6214466729534,901.1760849617947
2023-12-05T00:00:00Z,2438.849461601484,-846.2100110672658,-846.2100110672658,-846.2100110672658,0,0,0,0,0,0,0,0,0,0,0,0,0,0,0,0,0,0,-1549.895408215624,-1549.895408215624,-1549.895408215624,0,0,0,0,0,0,782.6848167488428,782.6848167488428,782.6848167488428,-78.99941960048503,-78.99941960048503,-78.99941960048503,0,0,0,-390.72812430701305,3547.2111953792137,2438.849461601484,2438.849461601484,1592.6394505342182
2023-12-06T00:00:00Z,2439.077476530015,-602.1888289423506,-602.1888289423506,-602.1888289423506,0,0,0,0,0,0,0,0,0,0,0,0,0,0,0,0,0,0,-1299.302683001251,-1299.302683001251,-1299.302683001251,0,0,0,0,0,0,750.5195902308244,750.5195902308244,750.5195902308244,-53.40573617192409,-53.40573617192409,-53.40573617192409,0,0,0,-235.68047166517383,3885.0851617245326,2439.077476530015,2439.077476530015,1836.8886475876643
2023-12-07T00:00:00Z,2439.3054914585455,-499.26392493649155,-499.26392493649155,-499.26392493649155,0,0,0,0,0,0,0,0,0,0,0,0,0,0,0,0,0,0,-1285.8669013623858,-1285.8669013623858,-1285.8669013623858,0,0,0,0,0,0,806.4432778131214,806.4432778131214,806.4432778131214,-19.840301387227083,-19.840301387227083,-19.840301387227083,0,0,0,-21.108278241118363,3830.85035267612,2439.3054914585455,2439.3054914585455,1940.041566522054
2023-12-08T00:00:00Z,2439.533506387076,-553.3070884116635,-553.3070884116635,-553.3070884116635,0,0,0,0,0,0,0,0,0,0,0,0,0,0,0,0,0,0,-1364.316164227835,-1364.316164227835,-1364.316164227835,0,0,0,0,0,0,789.6082492635186,789.6082492635186,789.6082492635186,21.40082655265311,21.40082655265311,21.40082655265311,0,0,0,-151.07363854909428,3958.1907579526633,2439.533506387076,2439.533506387076,1886.2264179754127
2023-12-09T00:00:00Z,2439.7615213156073,-2713.003823012649,-2713.003823012649,-2713.003823012649,0,0,0,0,0,0,0,0,0,0,0,0,0,0,0,0,0,0,-1306.923444271885,-1306.923444271885,-1306.923444271885,0,0,0,0,0,0,-1475.881490452923,-1475.881490452923,-1475.881490452923,69.80111171215923,69.80111171215923,69.80111171215923,0,0,0,-2175.259837743223,1639.3264033546777,2439.7615213156073,2439.7615213156073,-273.2423016970415
2023-12-10T00:00:00Z,2439.9895362441375,-3008.1947804990637,-3008.1947804990637,-3008.1947804990637,0,0,0,0,0,0,0,0,0,0,0,0,0,0,0,0,0,0,-1062.1829773286202,-1062.1829773286202,-1062.1829773286202,0,0,0,0,0,0,-2070.6412822376105,-2070.6412822376105,-2070.6412822376105,124.62947906716651,124.62947906716651,124.62947906716651,0,0,0,-2486.5140385503014,1429.4954072207092,2439.9895362441375,2439.9895362441375,-568.2052442549261
2023-12-11T00:00:00Z,2440.2175511726687,-184.66697762563695,-184.66697762563695,-184.66697762563695,0,0,0,0,0,0,0,0,0,0,0,0,0,0,0,0,0,0,-786.8859899330282,-786.8859899330282,-786.8859899330282,0,0,0,0,0,0,417.26683864211185,417.26683864211185,417.26683864211185,184.95217366527953,184.95217366527953,184.95217366527953,0,0,0,304.7239826323761,4203.9439744497795,2440.2175511726687,2440.2175511726687,2255.5505735470315
2023-12-12T00:00:00Z,2440.4455661011993,375.0443244186824,375.0443244186824,375.0443244186824,0,0,0,0,0,0,0,0,0,0,0,0,0,0,0,0,0,0,-657.2908330148512,-657.2908330148512,-657.2908330148512,0,0,0,0,0,0,782.6848167501503,782.6848167501503,782.6848167501503,249.65034068338332,249.65034068338332,249.65034068338332,0,0,0,803.679111072766,4750.339004817708,2440.4455661011993,2440.4455661011993,2815.4898905198816
2023-12-13T00:00:00Z,2440.67358102973,388.55831682257167,388.55831682257167,388.55831682257167,0,0,0,0,0,0,0,0,0,0,0,0,0,0,0,0,0,0,-679.4042409041157,-679.4042409041157,-679.4042409041157,0,0,0,0,0,0,750.519590229954,750.519590229954,750.519590229954,317.44296749673373,317.44296749673373,317.44296749673373,0,0,0,813.7843592384938,4654.134812973612,2440.67358102973,2440.67358102973,2829.2318978523017
2023-12-14T00:00:00Z,2440.9015959582607,497.6782420110274,497.6782420110274,497.6782420110274,0,0,0,0,0,0,0,0,0,0,0,0,0,0,0,0,0,0,-695.6797131564621,-695.6797131564621,-695.6797131564621,0,0,0,0,0,0,806.4432778125945,806.4432778125945,806.4432778125945,386.91467735489505,386.91467735489505,386.91467735489505,0,0,0,916.608194325928,4983.8462476513705,2440.9015959582607,2440.9015959582607,2938.5798379692883
2023-12-15T00:00:00Z,2441.1296108867914,678.9539338064021,678.9539338064021,678.9539338064021,0,0,0,0,0,0,0,0,0,0,0,0,0,0,0,0,0,0,-567.2020402004545,-567.2020402004545,-567.2020402004545,0,0,0,0,0,0,789.6082492619562,789.6082492619562,789.6082492619562,456.5477247449003,456.5477247449003,456.5477247449003,0,0,0,1186.132324053336,5052.6684420633555,2441.1296108867914,2441.1296108867914,3120.0835446931933
2023-12-16T00:00:00Z,2441.357625815322,-1279.1806486379435,-1279.1806486379435,-1279.1806486379435,0,0,0,0,0,0,0,0,0,0,0,0,0,0,0,0,0,0,-328.0565771830329,-328.0565771830329,-328.0565771830329,0,0,0,0,0,0,-1475.8814904539831,-1475.8814904539831,-1475.8814904539831,524.7574189990727,524.7574189990727,524.7574189990727,0,0,0,-811.4026945790782,3059.4422076942137,2441.357625815322,2441.357625815322,1162.1769771773786
2023-12-17T00:00:00Z,2441.5856407438528,-1626.4580715563225,-1626.4580715563225,-1626.4580715563225,0,0,0,0,0,0,0,0,0,0,0,0,0,0,0,0,0,0,-145.74688803580398,-145.74688803580398,-145.74688803580398,0,0,0,0,0,0,-2070.641282240823,-2070.641282240823,-2070.641282240823,589.930098720304,589.930098720304,589.930098720304,0,0,0,-1003.7994595141233,2820.887813840989,2441.5856407438528,2441.5856407438528,815.1275691875303
2023-12-18T00:00:00Z,2441.8136556723834,935.3836165735855,935.3836165735855,935.3836165735855,0,0,0,0,0,0,0,0,0,0,0,0,0,0,0,0,0,0,-132.34592029100966,-132.34592029100966,-132.34592029100966,0,0,0,0,0,0,417.2668386428434,417.2668386428434,417.2668386428434,650.4626982217517,650.4626982217517,650.4626982217517,0,0,0,1243.894017949259,5547.1785887685555,2441.8136556723834,2441.8136556723834,3377.197272245969
2023-12-19T00:00:00Z,2442.0416706009146,1274.9770042970058,1274.9770042970058,1274.9770042970058,0,0,0,0,0,0,0,0,0,0,0,0,0,0,0,0,0,0,-212.51070331467187,-212.51070331467187,-212.51070331467187,0,0,0,0,0,0,782.6848167498481,782.6848167498481,782.6848167498481,704.8028908618298,704.8028908618298,704.8028908618298,0,0,0,1649.175538008676,5746.631278286085,2442.0416706009146,2442.0416706009146,3717.0186748979204
2023-12-20T00:00:00Z,2442.2696855294453,1305.5652992450177,1305.5652992450177,1305.5652992450177,0,0,0,0,0,0,0,0,0,0,0,0,0,0,0,0,0,0,-196.4430556659233,-196.4430556659233,-196.4430556659233,0,0,0,0,0,0,750.519590230327,750.519590230327,750.519590230327,751.4887646806138,751.4887646806138,751.4887646806138,0,0,0,1649.4811187959508,5729.019513556539,2442.2696855294453,2442.2696855294453,3747.834984774463
2023-12-21T00:00:00Z,2442.4977004579755,1609.4781910843597,1609.4781910843597,1609.4781910843597,0,0,0,0,0,0,0,0,0,0,0,0,0,0,0,0,0,0,13.84792908447209,13.84792908447209,13.84792908447209,0,0,0,0,0,0,806.4432778134037,806.4432778134037,806.4432778134037,789.186984186484,789.186984186484,789.186984186484,0,0,0,2037.1144090233645,5958.369218028664,2442.4977004579755,2442.4977004579755,4051.9758915423354
2023-12-22T00:00:00Z,2442.7257153865066,1915.4062093198677,1915.4062093198677,1915.4062093198677,0,0,0,0,0,0,0,0,0,0,0,0,0,0,0,0,0,0,309.0695412825628,309.0695412825628,309.0695412825628,0,0,0,0,0,0,789.6082492603938,789.6082492603938,789.6082492603938,816.7284187769116,816.7284187769116,816.7284187769116,0,0,0,2418.592823679439,6310.527050854012,2442.7257153865066,2442.7257153865066,4358.131924706375
2023-12-23T00:00:00Z,2442.9537303150373,-152.4857170374634,-152.4857170374634,-152.4857170374634,0,0,0,0,0,0,0,0,0,0,0,0,0,0,0,0,0,0,490.25550075145753,490.25550075145753,490.25550075145753,0,0,0,0,0,0,-1475.8814904569267,-1475.8814904569267,-1475.8814904569267,833.1402726680057,833.1402726680057,833.1402726680057,0,0,0,314.580281036994,4386.719744235839,2442.9537303150373,2442.9537303150373,2290.468013277574
2023-12-24T00:00:00Z,2443.181745243568,-716.2425484527773,-716.2425484527773,-716.2425484527773,0,0,0,0,0,0,0,0,0,0,0,0,0,0,0,0,0,0,516.7249017068547,516.7249017068547,516.7249017068547,0,0,0,0,0,0,-2070.641282241806,-2070.641282241806,-2070.641282241806,837.673832082174,837.673832082174,837.673832082174,0,0,0,-242.31351082839979,3681.4064311308557,2443.181745243568,2443.181745243568,1726.9391967907907
2023-12-25T00:00:00Z,2443.4097601720987,-2158.548618526841,-2158.548618526841,-2158.548618526841,-4026.297206602625,-4026.297206602625,-4026.297206602625,0,0,0,-4026.297206602625,-4026.297206602625,-4026.297206602625,0,0,0,0,0,0,0,0,0,620.6546985764129,620.6546985764129,620.6546985764129,0,0,0,0,0,0,417.2668386435752,417.2668386435752,417.2668386435752,829.827050855796,829.827050855796,829.827050855796,0,0,0,-1715.6427761557206,2207.8854196888396,2443.4097601720987,2443.4097601720987,284.8611416452577
2023-12-26T00:00:00Z,2443.6377751006294,2718.4576751788045,2718.4576751788045,2718.4576751788045,0,0,0,0,0,0,0,0,0,0,0,0,0,0,0,0,0,0,1126.4115355187755,1126.4115355187755,1126.4115355187755,0,0,0,0,0,0,782.6848167495457,782.6848167495457,782.6848167495457,809.3613229104827,809.3613229104827,809.3613229104827,0,0,0,3119.0446636075985,6982.671932840791,2443.6377751006294,2443.6377751006294,5162.095450279434
2023-12-27T00:00:00Z,2443.8657900291605,3626.9149474680567,3626.9149474680567,3626.9149474680567,0,0,0,0,0,0,0,0,0,0,0,0,0,0,0,0,0,0,2100.0834213366957,2100.0834213366957,2100.0834213366957,0,0,0,0,0,0,750.5195902300786,750.5195902300786,750.5195902300786,776.3119359012819,776.3119359012819,776.3119359012819,0,0,0,4144.826999683641,8085.898288344648,2443.8657900291605,2443.8657900291605,6070.780737497217
2023-12-28T00:00:00Z,2444.0938049576907,4691.414410119136,4691.414410119136,4691.414410119136,0,0,0,0,0,0,0,0,0,0,0,0,0,0,0,0,0,0,3153.979271273739,3153.979271273739,3153.979271273739,0,0,0,0,0,0,806.4432778114316,806.4432778114316,806.4432778114316,730.9918610339657,730.9918610339657,730.9918610339657,0,0,0,5185.045059387845,9341.086031267878,2444.0938049576907,2444.0938049576907,7135.508215076827
2023-12-29T00:00:00Z,2444.3218198862214,5096.374287173603,5096.374287173603,5096.374287173603,0,0,0,0,0,0,0,0,0,0,0,0,0,0,0,0,0,0,3632.7773326487777,3632.7773326487777,3632.7773326487777,0,0,0,0,0,0,789.6082492606175,789.6082492606175,789.6082492606175,673.9887052642077,673.9887052642077,673.9887052642077,0,0,0,5535.908566382914,9499.185391078938,2444.3218198862214,2444.3218198862214,7540.6961070598245
2023-12-30T00:00:00Z,2444.5498348147526,2208.590752267729,2208.590752267729,2208.590752267729,0,0,0,0,0,0,0,0,0,0,0,0,0,0,0,0,0,0,3078.3174133775674,3078.3174133775674,3078.3174133775674,0,0,0,0,0,0,-1475.8814904561054,-1475.8814904561054,-1475.8814904561054,606.1548293462679,606.1548293462679,606.1548293462679,0,0,0,2697.2175960057566,6482.161155361635,2444.5498348147526,2444.5498348147526,4653.140587082482
2023-12-31T00:00:00Z,2444.7778497432832,61.12220677396687,61.12220677396687,61.12220677396687,0,0,0,0,0,0,0,0,0,0,0,0,0,0,0,0,0,0,1603.172675294383,1603.172675294383,1603.172675294383,0,0,0,0,0,0,-2070.6412822395782,-2070.6412822395782,-2070.6412822395782,528.5908137191618,528.5908137191618,528.5908137191618,0,0,0,561.0255695788359,4545.736678700293,2444.7778497432832,2444.7778497432832,2505.90005651725
2024-01-01T00:00:00Z,2445.0058646718135,-1228.9853341311625,-1228.9853341311625,-1228.9853341311625,0,0,0,0,0,0,-1941.2219588157836,-1941.2219588157836,-1941.2219588157836,0,0,0,0,0,0,-1941.2219588157836,-1941.2219588157836,-1941.2219588157836,-147.65284320233016,-147.65284320233016,-147.65284320233016,0,0,0,0,0,0,417.2668386463288,417.2668386463288,417.2668386463288,442.6226292406223,442.6226292406223,442.6226292406223,0,0,0,-742.5989602644464,3104.8679063573354,2445.0058646718135,2445.0058646718135,1216.020530540651
2024-01-02T00:00:00Z,2445.2338796003446,-298.8967385020118,-298.8967385020118,-298.8967385020118,0,0,0,0,0,0,0,0,0,0,0,0,0,0,0,0,0,0,-1431.354591792619,-1431.354591792619,-1431.354591792619,0,0,0,0,0,0,782.6848167506371,782.6848167506371,782.6848167506371,349.77303653996995,349.77303653996995,349.77303653996995,0,0,0,302.55480068614014,4186.446769197609,2445.2338796003446,2445.2338796003446,2146.3371410983327
2024-01-03T00:00:00Z,2445.4618945288753,-890.4357610304918,-890.4357610304918,-890.4357610304918,0,0,0,0,0,0,0,0,0,0,0,0,0,0,0,0,0,0,-1892.6832430359118,-1892.6832430359118,-1892.6832430359118,0,0,0,0,0,0,750.5195902304517,750.5195902304517,750.5195902304517,251.72789177496767,251.72789177496767,251.72789177496767,0,0,0,-440.80980688472687,3705.5929537958273,2445.4618945288753,2445.4618945288753,1555.0261334983834
2024-01-04T00:00:00Z,2445.6899094574064,-765.3138175085996,-765.3138175085996,-765.3138175085996,0,0,0,0,0,0,0,0,0,0,0,0,0,0,0,0,0,0,-1722.0552689300937,-1722.0552689300937,-1722.0552689300937,0,0,0,0,0,0,806.4432778122407,806.4432778122407,806.4432778122407,150.2981736092535,150.2981736092535,150.2981736092535,0,0,0,-287.7545528554343,3654.5544334080037,2445.6899094574064,2445.6899094574064,1680.3760919488068
2024-01-05T00:00:00Z,2445.9179243859367,-560.2651188298975,-560.2651188298975,-560.2651188298975,0,0,0,0,0,0,0,0,0,0,0,0,0,0,0,0,0,0,-1397.2520306322865,-1397.2520306322865,-1397.2520306322865,0,0,0,0,0,0,789.6082492672068,789.6082492672068,789.6082492672068,47.37866253518118,47.37866253518118,47.37866253518118,0,0,0,-155.81263978609041,3700.959043026252,2445.9179243859367,2445.9179243859367,1885.6528055560393
2024-01-06T00:00:00Z,2446.1459393144673,-2797.3434691301177,-2797.3434691301177,-2797.3434691301177,0,0,0,0,0,0,0,0,0,0,0,0,0,0,0,0,0,0,-1266.36627470762,-1266.36627470762,-1266.36627470762,0,0,0,0,0,0,-1475.8814904590483,-1475.8814904590483,-1475.8814904590483,-55.0957039634493,-55.0957039634493,-55.0957039634493,0,0,0,-2326.3924779031645,1732.564734608907,2446.1459393144673,2446.1459393144673,-351.19752981565034
2024-01-07T00:00:00Z,2446.3739542429985,-3555.483066702372,-3555.483066702372,-3555.483066702372,0,0,0,0,0,0,0,0,0,0,0,0,0,0,0,0,0,0,-1329.6470733936417,-1329.6470733936417,-1329.6470733936417,0,0,0,0,0,0,-2070.641282238956,-2070.641282238956,-2070.641282238956,-155.19471106977394,-155.19471106977394,-155.19471106977394,0,0,0,-3129.7296729047875,901.0792672660826,2446.3739542429985,2446.3739542429985,-1109.1091124593736
2024-01-08T00:00:00Z,2446.6019691715287,-1195.5070197461903,-1195.5070197461903,-1195.5070197461903,0,0,0,0,0,0,0,0,0,0,0,0,0,0,0,0,0,0,-1361.7360040628087,-1361.7360040628087,-1361.7360040628087,0,0,0,0,0,0,417.2668386387305,417.2668386387305,417.2668386387305,-251.03785432211143,-251.03785432211143,-251.03785432211143,0,0,0,-765.8219265692035,3292.9840670310114,2446.6019691715287,2446.6019691715287,1251.0949494253384
2024-01-09T00:00:00Z,2446.8299841000594,-759.662746639348,-759.662746639348,-759.662746639348,0,0,0,0,0,0,0,0,0,0,0,0,0,0,0,0,0,0,-1201.5092628106406,-1201.5092628106406,-1201.5092628106406,0,0,0,0,0,0,782.684816750551,782.684816750551,782.684816750551,-340.8383005792585,-340.8383005792585,-340.8383005792585,0,0,0,-278.79017604817585,3722.65922086702,2446.8299841000594,2446.8299841000594,1687.1672374607115
2024-01-10T00:00:00Z,2447.0579990285905,-587.3466184775939,-587.3466184775939,-587.3466184775939,0,0,0,0,0,0,0,0,0,0,0,0,0,0,0,0,0,0,-914.9214993294373,-914.9214993294373,-914.9214993294373,0,0,0,0,0,0,750.5195902295812,750.5195902295812,750.5195902295812,-422.94470937773747,-422.94470937773747,-422.94470937773747,0,0,0,-163.82067059109764,3816.0059249442356,2447.0579990285905,2447.0579990285905,1859.7113805509966
2024-01-11T00:00:00Z,2447.286013957121,-387.83824954468486,-387.83824954468486,-387.83824954468486,0,0,0,0,0,0,0,0,0,0,0,0,0,0,0,0,0,0,-698.4016743760264,-698.4016743760264,-698.4016743760264,0,0,0,0,0,0,806.4432778117138,806.4432778117138,806.4432778117138,-495.87985298037194,-495.87985298037194,-495.87985298037194,0,0,0,46.28947536235597,4005.410199490643,2447.286013957121,2447.286013957121,2059.4477644124363
2024-01-12T00:00:00Z,2447.5140288856514,-425.83992507151333,-425.83992507151333,-425.83992507151333,0,0,0,0,0,0,0,0,0,0,0,0,0,0,0,0,0,0,-657.0731216842507,-657.0731216842507,-657.0731216842507,0,0,0,0,0,0,789.6082492638584,789.6082492638584,789.6082492638584,-558.3750526511211,-558.3750526511211,-558.3750526511211,0,0,0,-35.63404828933052,3870.2475781811586,2447.5140288856514,2447.5140288856514,2021.674103814138
2024-01-13T00:00:00Z,2447.7420438141826,-2785.197022317972,-2785.197022317972,-2785.197022317972,0,0,0,0,0,0,0,0,0,0,0,0,0,0,0,0,0,0,-699.9159779305065,-699.9159779305065,-699.9159779305065,0,0,0,0,0,0,-1475.8814904519068,-1475.8814904519068,-1475.8814904519068,-609.399553935559,-609.399553935559,-609.399553935559,0,0,0,-2186.592346230862,1747.515508276906,2447.7420438141826,2447.7420438141826,-337.45497850378933
2024-01-14T00:00:00Z,2447.9700587427133,-3370.919463481203,-3370.919463481203,-3370.919463481203,0,0,0,0,0,0,0,0,0,0,0,0,0,0,0,0,0,0,-652.0940890222238,-652.0940890222238,-652.0940890222238,0,0,0,0,0,0,-2070.641282238334,-2070.641282238334,-2070.641282238334,-648.1840922206449,-648.1840922206449,-648.1840922206449,0,0,0,-2897.8199536984266,1052.293275442655,2447.9700587427133,2447.9700587427133,-922.9494047384896
2024-01-15T00:00:00Z,2448.1980736712444,-709.1775148812418,-709.1775148812418,-709.1775148812418,0,0,0,0,0,0,0,0,0,0,0,0,0,0,0,0,0,0,-452.2063052786253,-452.2063052786253,-452.2063052786253,0,0,0,0,0,0,417.2668386404732,417.2668386404732,417.2668386404732,-674.2380482430895,-674.2380482430895,-674.2380482430895,0,0,0,-253.7058045335362,3712.5144565591086,2448.1980736712444,2448.1980736712444,1739.0205587900027
2024-01-16T00:00:00Z,2448.4260885997746,-123.78940515317504,-123.78940515317504,-123.78940515317504,0,0,0,0,0,0,0,0,0,0,0,0,0,0,0,0,0,0,-219.1144643478894,-219.1144643478894,-219.1144643478894,0,0,0,0,0,0,782.6848167500328,782.6848167500328,782.6848167500328,-687.3597575553185,-687.3597575553185,-687.3597575553185,0,0,0,333.14084178099336,4251.513352068772,2448.4260885997746,2448.4260885997746,2324.6366834466
2024-01-17T00:00:00Z,2448.6541035283053,-55.13746867869238,-55.13746867869238,-55.13746867869238,0,0,0,0,0,0,0,0,0,0,0,0,0,0,0,0,0,0,-118.0173449742324,-118.0173449742324,-118.0173449742324,0,0,0,0,0,0,750.5195902299544,750.5195902299544,750.5195902299544,-687.6397139344144,-687.6397139344144,-687.6397139344144,0,0,0,440.42387221632237,4373.64004158631,2448.6541035283053,2448.6541035283053,2393.5166348496127
2024-01-18T00:00:00Z,2448.8821184568365,-41.185608549933946,-41.185608549933946,-41.185608549933946,0,0,0,0,0,0,0,0,0,0,0,0,0,0,0,0,0,0,-172.17229673970832,-172.17229673970832,-172.17229673970832,0,0,0,0,0,0,806.443277813859,806.443277813859,806.443277813859,-675.4565896240845,-675.4565896240845,-675.4565896240845,0,0,0,496.63871979775854,4395.314628696363,2448.8821184568365,2448.8821184568365,2407.6965099069025
2024-01-19T00:00:00Z,2449.1101333853667,-89.00762914190477,-89.00762914190477,-89.00762914190477,0,0,0,0,0,0,0,0,0,0,0,0,0,0,0,0,0,0,-227.14969809834858,-227.14969809834858,-227.14969809834858,0,0,0,0,0,0,789.6082492640818,789.6082492640818,789.6082492640818,-651.4661803076377,-651.4661803076377,-651.4661803076377,0,0,0,432.1482193472592,4389.982874504978,2449.1101333853667,2449.1101333853667,2360.102504243462
2024-01-20T00:00:00Z,2449.3381483138974,-2205.8605539818914,-2205.8605539818914,-2205.8605539818914,0,0,0,0,0,0,0,0,0,0,0,0,0,0,0,0,0,0,-113.39549864777346,-113.39549864777346,-113.39549864777346,0,0,0,0,0,0,-1475.88149045485,-1475.88149045485,-1475.88149045485,-616.5835648792682,-616.5835648792682,-616.5835648792682,0,0,0,-1768.9386928860492,2102.564659164981,2449.3381483138974,2449.3381483138974,243.477594332006
2024-01-21T00:00:00Z,2449.5661632424285,-2478.559438366175,-2478.559438366175,-2478.559438366175,0,0,0,0,0,0,0,0,0,0,0,0,0,0,0,0,0,0,164.0407884690137,164.0407884690137,164.0407884690137,0,0,0,0,0,0,-2070.6412822377115,-2070.6412822377115,-2070.6412822377115,-571.9589445974774,-571.9589445974774,-571.9589445974774,0,0,0,-1960.0706595150286,1976.4056091732166,2449.5661632424285,2449.5661632424285,-28.99327512374657
2024-01-22T00:00:00Z,2449.794178170959,321.138752285458,321.138752285458,321.138752285458,0,0,0,0,0,0,0,0,0,0,0,0,0,0,0,0,0,0,422.8197020565091,422.8197020565091,422.8197020565091,0,0,0,0,0,0,417.266838641205,417.266838641205,417.266838641205,-518.9477884122563,-518.9477884122563,-518.9477884122563,0,0,0,785.5055520032619,4839.441069151005,2449.794178170959,2449.794178170959,2770.932930456417
2024-01-23T00:00:00Z,2450.02219309949,837.67538950416,837.67538950416,837.67538950416,0,0,0,0,0,0,0,0,0,0,0,0,0,0,0,0,0,0,514.0666296317017,514.0666296317017,514.0666296317017,0,0,0,0,0,0,782.6848167499468,782.6848167499468,782.6848167499468,-459.0760568774885,-459.0760568774885,-459.0760568774885,0,0,0,1425.3591477308928,5292.861229831247,2450.02219309949,2450.02219309949,3287.6975826036496
2024-01-24T00:00:00Z,2450.2502080280206,893.4197087713013,893.4197087713013,893.4197087713013,0,0,0,0,0,0,0,0,0,0,0,0,0,0,0,0,0,0,536.9015207736323,536.9015207736323,536.9015207736323,0,0,0,0,0,0,750.5195902302958,750.5195902302958,750.5195902302958,-394.0014022326267,-394.0014022326267,-394.0014022326267,0,0,0,1464.3293942485172,5424.025770200866,2450.2502080280206,2450.2502080280206,3343.669916799322
2024-01-25T00:00:00Z,2450.478218770023,-651.0131153786555,-651.0131153786555,-651.0131153786555,0,0,0,0,0,0,-1941.2219588157836,-1941.2219588157836,-1941.2219588157836,0,0,0,0,0,0,-1941.2219588157836,-1941.2219588157836,-1941.2219588157836,809.2369092917367,809.2369092917367,809.2369092917367,0,0,0,0,0,0,806.4432778133319,806.4432778133319,806.4432778133319,-325.4713436679404,-325.4713436679404,-325.4713436679404,0,0,0,-175.2817802687954,3730.473611800525,2450.478218770023,2450.478218770023,1799.4651033913674
2024-01-26T00:00:00Z,2450.706229512025,2102.849039695564,2102.849039695564,2102.849039695564,0,0,0,0,0,0,0,0,0,0,0,0,0,0,0,0,0,0,1568.5202822591414,1568.5202822591414,1568.5202822591414,0,0,0,0,0,0,789.6082492625196,789.6082492625196,789.6082492625196,-255.27949182609635,-255.27949182609635,-255.27949182609635,0,0,0,2615.3975580386164,6442.6986072201635,2450.706229512025,2450.706229512025,4553.555269207589
2024-01-27T00:00:00Z,2450.934240254027,995.424016164244,995.424016164244,995.424016164244,0,0,0,0,0,0,0,0,0,0,0,0,0,0,0,0,0,0,2656.52644992287,2656.52644992287,2656.52644992287,0,0,0,0,0,0,-1475.8814904540286,-1475.8814904540286,-1475.8814904540286,-185.2209433045974,-185.2209433045974,-185.2209433045974,0,0,0,1361.7190139178715,5334.030137500729,2450.934240254027,2450.934240254027,3446.3582564182707
2024-01-28T00:00:00Z,2451.162250996029,1316.6927845046962,1316.6927845046962,1316.6927845046962,0,0,0,0,0,0,0,0,0,0,0,0,0,0,0,0,0,0,3504.3820498542605,3504.3820498542605,3504.3820498542605,0,0,0,0,0,0,-2070.6412822354832,-2070.6412822354832,-2070.6412822354832,-117.04798311408126,-117.04798311408126,-117.04798311408126,0,0,0,1686.1823609821354,5741.373998674556,2451.162250996029,2451.162250996029,3767.855035500725
2024-01-29T00:00:00Z,2451.3902617380313,3857.854071778644,3857.854071778644,3857.854071778644,0,0,0,0,0,0,0,0,0,0,0,0,0,0,0,0,0,0,3493.014453515424,3493.014453515424,3493.014453515424,0,0,0,0,0,0,417.2668386356284,417.2668386356284,417.2668386356284,-52.42722037240841,-52.42722037240841,-52.42722037240841,0,0,0,4343.552259730029,8435.13638003807,2451.3902617380313,2451.3902617380313,6309.244333516675
2024-01-30T00:00:00Z,2451.6182724800333,3214.021864256047,3214.021864256047,3214.021864256047,0,0,0,0,0,0,0,0,0,0,0,0,0,0,0,0,0,0,2424.23628786782,2424.23628786782,2424.23628786782,0,0,0,0,0,0,782.6848167498604,782.6848167498604,782.6848167498604,7.1007596383660685,7.1007596383660685,7.1007596383660685,0,0,0,3548.0928092037148,7551.888591495128,2451.6182724800333,2451.6182724800333,5665.64013673608
2024-01-31T00:00:00Z,2451.8462832220357,1522.2281105711122,1522.2281105711122,1522.2281105711122,0,0,0,0,0,0,0,0,0,0,0,0,0,0,0,0,0,0,711.5503060323039,711.5503060323039,711.5503060323039,0,0,0,0,0,0,750.5195902300471,750.5195902300471,750.5195902300471,60.1582143087611,60.1582143087611,60.1582143087611,0,0,0,2063.4585932047908,5933.914511991054,2451.8462832220357,2451.8462832220357,3974.074393793148
2024-02-01T00:00:00Z,2452.074293964038,-1912.4912051700967,-1912.4912051700967,-1912.4912051700967,0,0,0,0,0,0,-1941.2219588157836,-1941.2219588157836,-1941.2219588157836,0,0,0,0,0,0,-1941.2219588157836,-1941.2219588157836,-1941.2219588157836,-883.275141521014,-883.275141521014,-883.275141521014,0,0,0,0,0,0,806.44327781136,806.44327781136,806.44327781136,105.56261735534066,105.56261735534066,105.56261735534066,0,0,0,-1520.6762728648,2448.3859146391196,2452.074293964038,2452.074293964038,539.5830887939414
2024-02-02T00:00:00Z,2452.30230470604,-832.4138670997622,-832.4138670997622,-832.4138670997622,0,0,0,0,0,0,0,0,0,0,0,0,0,0,0,0,0,0,-1764.3759078359697,-1764.3759078359697,-1764.3759078359697,0,0,0,0,0,0,789.6082492609572,789.6082492609572,789.6082492609572,142.35379147525055,142.35379147525055,142.35379147525055,0,0,0,-331.10609139861594,3636.0248345692107,2452.30230470604,2452.30230470604,1619.8884376062779
2024-02-03T00:00:00Z,2452.5303154480425,-3164.2327937631467,-3164.2327937631467,-3164.2327937631467,0,0,0,0,0,0,0,0,0,0,0,0,0,0,0,0,0,0,-1858.1664480638121,-1858.1664480638121,-1858.1664480638121,0,0,0,0,0,0,-1475.8814904569717,-1475.8814904569717,-1475.8814904569717,169.8151447576373,169.8151447576373,169.8151447576373,0,0,0,-2772.260070967632,1315.5868328468705,2452.5303154480425,2452.5303154480425,-711.7024783151041
2024-02-04T00:00:00Z,2452.758326190044,-3433.0481778005787,-3433.0481778005787,-3433.0481778005787,0,0,0,0,0,0,0,0,0,0,0,0,0,0,0,0,0,0,-1549.8954082156145,-1549.8954082156145,-1549.8954082156145,0,0,0,0,0,0,-2070.641282241907,-2070.641282241907,-2070.641282241907,187.4885126569431,187.4885126569431,187.4885126569431,0,0,0,-2890.9876341546337,1116.7428970395201,2452.758326190044,2452.758326190044,-980.2898516105347
2024-02-05T00:00:00Z,2452.9863369320465,-686.8535677628325,-686.8535677628325,-686.8535677628325,0,0,0,0,0,0,0,0,0,0,0,0,0,0,0,0,0,0,-1299.3026830008478,-1299.3026830008478,-1299.3026830008478,0,0,0,0,0,0,417.26683863636026,417.26683863636026,417.26683863636026,195.1822766016544,195.1822766016544,195.1822766016544,0,0,0,-100.46306050542019,3928.1742176961257,2452.9863369320465,2452.9863369320465,1766.132769169214
2024-02-06T00:00:00Z,2453.214347674049,-310.2094773772881,-310.2094773772881,-310.2094773772881,0,0,0,0,0,0,0,0,0,0,0,0,0,0,0,0,0,0,-1285.86690136306,-1285.86690136306,-1285.86690136306,0,0,0,0,0,0,782.684816749342,782.684816749342,782.684816749342,192.97260723642927,192.97260723642927,192.97260723642927,0,0,0,195.2630955851903,4084.1133407161165,2453.214347674049,2453.214347674049,2143.0048702967606
2024-02-07T00:00:00Z,2453.442358416051,-432.59871387348414,-432.59871387348414,-432.59871387348414,0,0,0,0,0,0,0,0,0,0,0,0,0,0,0,0,0,0,-1364.3161642283903,-1364.3161642283903,-1364.3161642283903,0,0,0,0,0,0,750.519590229798,750.519590229798,750.519590229798,181.19786012510738,181.19786012510738,181.19786012510738,0,0,0,2.3575809052743435,3856.118841009272,2453.442358416051,2453.442358416051,2020.8436445425668
2024-02-08T00:00:00Z,2453.6703691580533,-340.0338367915335,-340.0338367915335,-340.0338367915335,0,0,0,0,0,0,0,0,0,0,0,0,0,0,0,0,0,0,-1306.9234442712013,-1306.9234442712013,-1306.9234442712013,0,0,0,0,0,0,806.443277810833,806.443277810833,806.443277810833,160.44632966883427,160.44632966883427,160.44632966883427,0,0,0,112.61304221072915,4152.317489215377,2453.6703691580533,2453.6703691580533,2113.63653236652
2024-02-09T00:00:00Z,2453.8983799000553,-141.03698977186573,-141.03698977186573,-141.03698977186573,0,0,0,0,0,0,0,0,0,0,0,0,0,0,0,0,0,0,-1062.1829773274897,-1062.1829773274897,-1062.1829773274897,0,0,0,0,0,0,789.6082492657603,789.6082492657603,789.6082492657603,131.53773828986402,131.53773828986402,131.53773828986402,0,0,0,478.6620296123075,4313.4896041193615,2453.8983799000553,2453.8983799000553,2312.8613901281897
2024-02-10T00:00:00Z,2454.1263906420577,-4622.023784904916,-4622.023784904916,-4622.023784904916,0,0,0,-2454.7553025844145,-2454.7553025844145,-2454.7553025844145,-2454.7553025844145,-2454.7553025844145,-2454.7553025844145,0,0,0,0,0,0,0,0,0,-786.8859899346706,-786.8859899346706,-786.8859899346706,0,0,0,0,0,0,-1475.8814904599149,-1475.8814904599149,-1475.8814904599149,95.49899807408339,95.49899807408339,95.49899807408339,0,0,0,-4064.372582238036,-211.51505429446095,2454.1263906420577,2454.1263906420577,-2167.8973942628586
2024-02-11T00:00:00Z,2454.35440138406,-5129.1524909878535,-5129.1524909878535,-5129.1524909878535,0,0,0,-2454.7553025844145,-2454.7553025844145,-2454.7553025844145,-2454.7553025844145,-2454.7553025844145,-2454.7553025844145,0,0,0,0,0,0,0,0,0,-657.2908330141821,-657.2908330141821,-657.2908330141821,0,0,0,0,0,0,-2070.6412822396787,-2070.6412822396787,-2070.6412822396787,53.53492685042215,53.53492685042215,53.53492685042215,0,0,0,-4615.112300423112,-756.8392261706682,2454.35440138406,2454.35440138406,-2674.7980896037934
2024-02-12T00:00:00Z,2454.582412126062,-2709.8979784885714,-2709.8979784885714,-2709.8979784885714,0,0,0,-2454.7553025844145,-2454.7553025844145,-2454.7553025844145,-2454.7553025844145,-2454.7553025844145,-2454.7553025844145,0,0,0,0,0,0,0,0,0,-679.4042409046812,-679.4042409046812,-679.4042409046812,0,0,0,0,0,0,417.26683863810285,417.26683863810285,417.26683863810285,6.994726362421025,6.994726362421025,6.994726362421025,0,0,0,-2215.258597518978,1825.9684695165008,2454.582412126062,2454.582412126062,-255.31556636250934
2024-02-13T00:00:00Z,2454.810422868064,44.34023711927087,44.34023711927087,44.34023711927087,0,0,0,0,0,0,0,0,0,0,0,0,0,0,0,0,0,0,-695.6797131563856,-695.6797131563856,-695.6797131563856,0,0,0,0,0,0,782.6848167492557,782.6848167492557,782.6848167492557,-42.66486647359945,-42.66486647359945,-42.66486647359945,0,0,0,477.3051197795379,4429.245869217681,2454.810422868064,2454.810422868064,2499.150659987335
2024-02-14T00:00:00Z,2455.038433610066,89.3987842149302,89.3987842149302,89.3987842149302,0,0,0,0,0,0,0,0,0,0,0,0,0,0,0,0,0,0,-567.2020401995073,-567.2020401995073,-567.2020401995073,0,0,0,0,0,0,750.5195902301717,750.5195902301717,750.5195902301717,-93.91876581573426,-93.91876581573426,-93.91876581573426,0,0,0,598.2998011709428,4509.422347718105,2455.038433610066,2455.038433610066,2544.4372178249964
2024-02-15T00:00:00Z,2455.2664443520684,333.17268096046996,333.17268096046996,333.17268096046996,0,0,0,0,0,0,0,0,0,0,0,0,0,0,0,0,0,0,-328.0565771852749,-328.0565771852749,-328.0565771852749,0,0,0,0,0,0,806.4432778129783,806.4432778129783,806.4432778129783,-145.21401966723346,-145.21401966723346,-145.21401966723346,0,0,0,935.9024578885359,4742.250700225201,2455.2664443520684,2455.2664443520684,2788.4391253125386
2024-02-16T00:00:00Z,2455.494455094071,448.85083661714634,448.85083661714634,448.85083661714634,0,0,0,0,0,0,0,0,0,0,0,0,0,0,0,0,0,0,-145.74688803635587,-145.74688803635587,-145.74688803635587,0,0,0,0,0,0,789.608249265984,789.608249265984,789.608249265984,-195.01052461248196,-195.01052461248196,-195.01052461248196,0,0,0,917.1189379680733,4969.062683165526,2455.494455094071,2455.494455094071,2904.345291711217
2024-02-17T00:00:00Z,2455.722465836073,-1850.0483235501283,-1850.0483235501283,-1850.0483235501283,0,0,0,0,0,0,0,0,0,0,0,0,0,0,0,0,0,0,-132.34592029213732,-132.34592029213732,-132.34592029213732,0,0,0,0,0,0,-1475.8814904590936,-1475.8814904590936,-1475.8814904590936,-241.82091279889707,-241.82091279889707,-241.82091279889707,0,0,0,-1399.9192979379861,2549.2303336255272,2455.722465836073,2455.722465836073,605.6741422859445
2024-02-18T00:00:00Z,2455.9504765780753,-2567.4005698635897,-2567.4005698635897,-2567.4005698635897,0,0,0,0,0,0,0,0,0,0,0,0,0,0,0,0,0,0,-212.51070331570594,-212.51070331570594,-212.51070331570594,0,0,0,0,0,0,-2070.6412822390566,-2070.6412822390566,-2070.6412822390566,-284.24858430882654,-284.24858430882654,-284.24858430882654,0,0,0,-2204.9539124758503,1814.9576935136995,2455.9504765780753,2455.9504765780753,-111.45009328551441
2024-02-19T00:00:00Z,2456.1784873200772,-100.19913488130584,-100.19913488130584,-100.19913488130584,0,0,0,0,0,0,0,0,0,0,0,0,0,0,0,0,0,0,-196.4430556660991,-196.4430556660991,-196.4430556660991,0,0,0,0,0,0,417.26683863984533,417.26683863984533,417.26683863984533,-321.02291785505196,-321.02291785505196,-321.02291785505196,0,0,0,381.88017026607594,4263.045423667112,2456.1784873200772,2456.1784873200772,2355.9793524387715
2024-02-20T00:00:00Z,2456.406498062079,445.5019682528463,445.5019682528463,445.5019682528463,0,0,0,0,0,0,0,0,0,0,0,0,0,0,0,0,0,0,13.847929083301516,13.847929083301516,13.847929083301516,0,0,0,0,0,0,782.6848167503475,782.6848167503475,782.6848167503475,-351.03077758080263,-351.03077758080263,-351.03077758080263,0,0,0,991.039267193794,5027.106756696583,2456.406498062079,2456.406498062079,2901.9084663149256
2024-02-21T00:00:00Z,2456.6345088040816,686.2455903521089,686.2455903521089,686.2455903521089,0,0,0,0,0,0,0,0,0,0,0,0,0,0,0,0,0,0,309.0695412828035,309.0695412828035,309.0695412828035,0,0,0,0,0,0,750.5195902293013,750.5195902293013,750.5195902293013,-373.34354115999577,-373.34354115999577,-373.34354115999577,0,0,0,1275.906746924112,5157.24325023129,2456.6345088040816,2456.6345088040816,3142.8800991561907
2024-02-22T00:00:00Z,2456.8625195460836,909.4597772955069,909.4597772955069,909.4597772955069,0,0,0,0,0,0,0,0,0,0,0,0,0,0,0,0,0,0,490.2555007512061,490.2555007512061,490.2555007512061,0,0,0,0,0,0,806.4432778124511,806.4432778124511,806.4432778124511,-387.2390012681506,-387.2390012681506,-387.2390012681506,0,0,0,1379.324563042095,5340.692444732366,2456.8625195460836,2456.8625195460836,3366.3222968415903
2024-02-23T00:00:00Z,2457.090530288086,914.1155157399251,914.1155157399251,914.1155157399251,0,0,0,0,0,0,0,0,0,0,0,0,0,0,0,0,0,0,516.7249017068959,516.7249017068959,516.7249017068959,0,0,0,0,0,0,789.6082492626356,789.6082492626356,789.6082492626356,-392.21763522960646,-392.21763522960646,-392.21763522960646,0,0,0,1337.5864832692603,5390.162935993839,2457.090530288086,2457.090530288086,3371.206046028011
2024-02-24T00:00:00Z,2457.318541030088,-1243.2396841401373,-1243.2396841401373,-1243.2396841401373,0,0,0,0,0,0,0,0,0,0,0,0,0,0,0,0,0,0,620.6546985759243,620.6546985759243,620.6546985759243,0,0,0,0,0,0,-1475.8814904620367,-1475.8814904620367,-1475.8814904620367,-388.01289225402536,-388.01289225402536,-388.01289225402536,0,0,0,-821.8667689853081,3140.0175212678932,2457.318541030088,2457.318541030088,1214.0788568899507
2024-02-25T00:00:00Z,2457.5465517720904,-1318.8250565818057,-1318.8250565818057,-1318.8250565818057,0,0,0,0,0,0,0,0,0,0,0,0,0,0,0,0,0,0,1126.4115355184404,1126.4115355184404,1126.4115355184404,0,0,0,0,0,0,-2070.641282242269,-2070.641282242269,-2070.641282242269,-374.5953098579773,-374.5953098579773,-374.5953098579773,0,0,0,-964.174904324621,3198.2587319876434,2457.5465517720904,2457.5465517720904,1138.7214951902847
2024-02-26T00:00:00Z,2457.7745625140924,2165.1798235900897,2165.1798235900897,2165.1798235900897,0,0,0,0,0,0,0,0,0,0,0,0,0,0,0,0,0,0,2100.0834213372996,2100.0834213372996,2100.0834213372996,0,0,0,0,0,0,417.266838641588,417.266838641588,417.266838641588,-352.1704363887978,-352.1704363887978,-352.1704363887978,0,0,0,2515.7469232823596,6547.5376338771985,2457.7745625140924,2457.7745625140924,4622.954386104182
2024-02-27T00:00:00Z,2458.002573256095,3615.493387497226,3615.493387497226,3615.493387497226,0,0,0,0,0,0,0,0,0,0,0,0,0,0,0,0,0,0,3153.979271274976,3153.979271274976,3153.979271274976,0,0,0,0,0,0,782.6848167502611,782.6848167502611,782.6848167502611,-321.170700528011,-321.170700528011,-321.170700528011,0,0,0,4057.4546447360585,7952.069220631933,2458.002573256095,2458.002573256095,6073.495960753321
2024-02-28T00:00:00Z,2458.230583998097,4101.05539602925,4101.05539602925,4101.05539602925,0,0,0,0,0,0,0,0,0,0,0,0,0,0,0,0,0,0,3632.777332649692,3632.777332649692,3632.777332649692,0,0,0,0,0,0,750.5195902302639,750.5195902302639,750.5195902302639,-282.2415268507055,-282.2415268507055,-282.2415268507055,0,0,0,4493.941505755761,8506.545390007916,2458.230583998097,2458.230583998097,6559.285980027347
2024-02-29T00:00:00Z,2458.4585947400988,3648.5385464556052,3648.5385464556052,3648.5385464556052,0,0,0,0,0,0,0,0,0,0,0,0,0,0,0,0,0,0,3078.3174133775246,3078.3174133775246,3078.3174133775246,0,0,0,0,0,0,806.4432778132604,806.4432778132604,806.4432778132604,-236.22214473518045,-236.22214473518045,-236.22214473518045,0,0,0,4123.8056604804015,8166.2325362756865,2458.4585947400988,2458.4585947400988,6106.997141195704
2024-03-01T00:00:00Z,2458.686605482101,2208.6592522850624,2208.6592522850624,2208.6592522850624,0,0,0,0,0,0,0,0,0,0,0,0,0,0,0,0,0,0,1603.172675294599,1603.172675294599,1603.172675294599,0,0,0,0,0,0,789.6082492628592,789.6082492628592,789.6082492628592,-184.12167227239584,-184.12167227239584,-184.12167227239584,0,0,0,2671.1659791746974,6548.751645334571,2458.686605482101,2458.686605482101,4667.345857767164
2024-03-02T00:00:00Z,2458.914616224103,-1750.6255075030556,-1750.6255075030556,-1750.6255075030556,0,0,0,0,0,0,0,0,0,0,0,0,0,0,0,0,0,0,-147.65284320221346,-147.65284320221346,-147.65284320221346,0,0,0,0,0,0,-1475.881490454895,-1475.881490454895,-1475.881490454895,-127.09117384594697,-127.09117384594697,-127.09117384594697,0,0,0,-1439.6396714531502,2554.4837570374607,2458.914616224103,2458.914616224103,708.2891087210476
2024-03-03T00:00:00Z,2459.1426269661056,-3568.388360798369,-3568.388360798369,-3568.388360798369,0,0,0,0,0,0,0,0,0,0,0,0,0,0,0,0,0,0,-1431.354591791903,-1431.354591791903,-1431.354591791903,0,0,0,0,0,0,-2070.6412822432526,-2070.6412822432526,-2070.6412822432526,-66.39248676321348,-66.39248676321348,-66.39248676321348,0,0,0,-3063.7635618682784,751.149166552837,2459.1426269661056,2459.1426269661056,-1109.2457338322633
2024-03-04T00:00:00Z,2459.370637708108,-1478.7810907677583,-1478.7810907677583,-1478.7810907677583,0,0,0,0,0,0,0,0,0,0,0,0,0,0,0,0,0,0,-1892.683243036828,-1892.683243036828,-1892.683243036828,0,0,0,0,0,0,417.2668386423198,417.2668386423198,417.2668386423198,-3.3646863732505112,-3.3646863732505112,-3.3646863732505112,0,0,0,-894.5074257579334,3086.7974455870185,2459.370637708108,2459.370637708108,980.5895469403497
2024-03-05T00:00:00Z,2459.59864845011,-878.7595609291283,-878.7595609291283,-878.7595609291283,0,0,0,0,0,0,0,0,0,0,0,0,0,0,0,0,0,0,-1722.055268930751,-1722.055268930751,-1722.055268930751,0,0,0,0,0,0,782.6848167497428,782.6848167497428,782.6848167497428,60.610891251879565,60.610891251879565,60.610891251879565,0,0,0,-397.5422614840364,3513.879329799367,2459.59864845011,2459.59864845011,1580.8390875209816
2024-03-06T00:00:00Z,2459.8266591921124,-522.5863146242201,-522.5863146242201,-522.5863146242201,0,0,0,0,0,0,0,0,0,0,0,0,0,0,0,0,0,0,-1397.2520306324452,-1397.2520306324452,-1397.2520306324452,0,0,0,0,0,0,750.5195902306372,750.5195902306372,750.5195902306372,124.14612577758811,124.14612577758811,124.14612577758811,0,0,0,60.899740807738524,3860.4802558813435,2459.8266591921124,2459.8266591921124,1937.2403445678924
2024-03-07T00:00:00Z,2460.054669934114,-274.0418504330818,-274.0418504330818,-274.0418504330818,0,0,0,0,0,0,0,0,0,0,0,0,0,0,0,0,0,0,-1266.366274707168,-1266.366274707168,-1266.366274707168,0,0,0,0,0,0,806.4432778112885,806.4432778112885,806.4432778112885,185.8811464627975,185.8811464627975,185.8811464627975,0,0,0,204.23251241015774,4002.1521311844235,2460.054669934114,2460.054669934114,2186.012819501032
2024-03-08T00:00:00Z,2460.2826806761163,-295.52081553976655,-295.52081553976655,-295.52081553976655,0,0,0,0,0,0,0,0,0,0,0,0,0,0,0,0,0,0,-1329.6470733940664,-1329.6470733940664,-1329.6470733940664,0,0,0,0,0,0,789.6082492612967,789.6082492612967,789.6082492612967,244.51800859300386,244.51800859300386,244.51800859300386,0,0,0,125.07288768983287,4190.409930387213,2460.2826806761163,2460.2826806761163,2164.76186513635
2024-03-09T00:00:00Z,2460.5106914181188,-2538.7653456218345,-2538.7653456218345,-2538.7653456218345,0,0,0,0,0,0,0,0,0,0,0,0,0,0,0,0,0,0,-1361.7360040624385,-1361.7360040624385,-1361.7360040624385,0,0,0,0,0,0,-1475.8814904559558,-1475.8814904559558,-1475.8814904559558,298.8521488965601,298.8521488965601,298.8521488965601,0,0,0,-1972.095887095771,2005.8314861518718,2460.5106914181188,2460.5106914181188,-78.25465420371575
2024-03-10T00:00:00Z,2460.7387021601207,-2924.349714900724,-2924.349714900724,-2924.349714900724,0,0,0,0,0,0,0,0,0,0,0,0,0,0,0,0,0,0,-1201.509262810379,-1201.509262810379,-1201.509262810379,0,0,0,0,0,0,-2070.6412822410243,-2070.6412822410243,-2070.6412822410243,347.80083015067964,347.80083015067964,347.80083015067964,0,0,0,-2477.6418072520187,1488.3370062378458,2460.7387021601207,2460.7387021601207,-463.6110127406032
2024-03-11T00:00:00Z,2460.966712902123,-107.22678146539442,-107.22678146539442,-107.22678146539442,0,0,0,0,0,0,0,0,0,0,0,0,0,0,0,0,0,0,-914.9214993287418,-914.9214993287418,-914.9214993287418,0,0,0,0,0,0,417.26683864507316,417.26683864507316,417.26683864507316,390.42787921827403,390.42787921827403,390.42787921827403,0,0,0,262.50646394485955,4413.548505161489,2460.966712902123,2460.966712902123,2353.7399314367285
2024-03-12T00:00:00Z,2461.194723644125,510.2472765422988,510.2472765422988,510.2472765422988,0,0,0,0,0,0,0,0,0,0,0,0,0,0,0,0,0,0,-698.4016743750782,-698.4016743750782,-698.4016743750782,0,0,0,0,0,0,782.6848167496564,782.6848167496564,782.6848167496564,425.9641341677203,425.9641341677203,425.9641341677203,0,0,0,1167.3716475519095,5009.274804544654,2461.194723644125,2461.194723644125,2971.4420001864237
2024-03-13T00:00:00Z,2461.4227343861276,547.2696101687459,547.2696101687459,547.2696101687459,0,0,0,0,0,0,0,0,0,0,0,0,0,0,0,0,0,0,-657.0731216852134,-657.0731216852134,-657.0731216852134,0,0,0,0,0,0,750.5195902303885,750.5195902303885,750.5195902303885,453.8231416235709,453.8231416235709,453.8231416235709,0,0,0,967.7876483669814,5065.313897142966,2461.4227343861276,2461.4227343861276,3008.6923445548737
2024-03-14T00:00:00Z,2461.65074512813,580.1390812870382,580.1390812870382,580.1390812870382,0,0,0,0,0,0,0,0,0,0,0,0,0,0,0,0,0,0,-699.9159779304485,-699.9159779304485,-699.9159779304485,0,0,0,0,0,0,806.4432778120976,806.4432778120976,806.4432778120976,473.6117814053889,473.6117814053889,473.6117814053889,0,0,0,1033.6259345269514,5166.971269152278,2461.65074512813,2461.65074512813,3041.789826415168
2024-03-15T00:00:00Z,2461.8787558701315,622.6497982188306,622.6497982188306,622.6497982188306,0,0,0,0,0,0,0,0,0,0,0,0,0,0,0,0,0,0,-652.094089021593,-652.094089021593,-652.094089021593,0,0,0,0,0,0,789.6082492615204,789.6082492615204,789.6082492615204,485.13563797890305,485.13563797890305,485.13563797890305,0,0,0,1102.607507123568,5214.903821912193,2461.8787558701315,2461.8787558701315,3084.528554088962
2024-03-16T00:00:00Z,2462.106766612134,-1439.6887125165572,-1439.6887125165572,-1439.6887125165572,0,0,0,0,0,0,0,0,0,0,0,0,0,0,0,0,0,0,-452.20630527854064,-452.20630527854064,-452.20630527854064,0,0,0,0,0,0,-1475.881490457017,-1475.881490457017,-1475.881490457017,488.3990832190005,488.3990832190005,488.3990832190005,0,0,0,-1053.9914489267421,2937.814684728161,2462.106766612134,2462.106766612134,1022.4180540955767
2024-03-17T00:00:00Z,2462.334777354136,-1806.155568115227,-1806.155568115227,-1806.155568115227,0,0,0,0,0,0,0,0,0,0,0,0,0,0,0,0,0,0,-219.11446434559255,-219.11446434559255,-219.11446434559255,0,0,0,0,0,0,-2070.6412822387965,-2070.6412822387965,-2070.6412822387965,483.6001784691622,483.6001784691622,483.6001784691622,0,0,0,-1194.6982965425177,2646.012949455491,2462.334777354136,2462.334777354136,656.1792092389089
2024-03-18T00:00:00Z,2462.5627891317195,770.3701355796939,770.3701355796939,770.3701355796939,0,0,0,0,0,0,0,0,0,0,0,0,0,0,0,0,0,0,-118.01734497512824,-118.01734497512824,-118.01734497512824,0,0,0,0,0,0,417.2668386374749,417.2668386374749,417.2668386374749,471.12064191734714,471.12064191734714,471.12064191734714,0,0,0,1145.2704205834232,5192.340612238928,2462.5627891317195,2462.5627891317195,3232.9329247114133
2024-03-19T00:00:00Z,2462.790800909303,1062.0237761990143,1062.0237761990143,1062.0237761990143,0,0,0,0,0,0,0,0,0,0,0,0,0,0,0,0,0,0,-172.1722967394842,-172.1722967394842,-172.1722967394842,0,0,0,0,0,0,782.6848167493542,782.6848167493542,782.6848167493542,451.511256189144,451.511256189144,451.511256189144,0,0,0,1590.9139894068092,5436.282928286995,2462.790800909303,2462.790800909303,3524.8145771083173
2024-03-20T00:00:00Z,2463.018812686886,948.8430994921259,948.8430994921259,948.8430994921259,0,0,0,0,0,0,0,0,0,0,0,0,0,0,0,0,0,0,-227.14969809786484,-227.14969809786484,-227.14969809786484,0,0,0,0,0,0,750.5195902301402,750.5195902301402,750.5195902301402,425.4732073598509,425.4732073598509,425.4732073598509,0,0,0,1356.1300360216806,5346.757510269835,2463.018812686886,2463.018812686886,3411.861912179012
2024-03-21T00:00:00Z,2463.2468244644692,1086.8837264522115,1086.8837264522115,1086.8837264522115,0,0,0,0,0,0,0,0,0,0,0,0,0,0,0,0,0,0,-113.39549864810783,-113.39549864810783,-113.39549864810783,0,0,0,0,0,0,806.4432778115704,806.4432778115704,806.4432778115704,393.83594728874897,393.83594728874897,393.83594728874897,0,0,0,1575.692306496295,5469.7913262443535,2463.2468244644692,2463.2468244644692,3550.1305509166805
2024-03-22T00:00:00Z,2463.474836242053,1311.1812914865582,1311.1812914865582,1311.1812914865582,0,0,0,0,0,0,0,0,0,0,0,0,0,0,0,0,0,0,164.04078846943995,164.04078846943995,164.04078846943995,0,0,0,0,0,0,789.6082492581722,789.6082492581722,789.6082492581722,357.5322537589461,357.5322537589461,357.5322537589461,0,0,0,1726.9149481651993,5606.291091809435,2463.474836242053,2463.474836242053,3774.656127728611
2024-03-23T00:00:00Z,2463.7028480196363,-735.4905630424337,-735.4905630424337,-735.4905630424337,0,0,0,0,0,0,0,0,0,0,0,0,0,0,0,0,0,0,422.8197020561071,422.8197020561071,422.8197020561071,0,0,0,0,0,0,-1475.8814904517574,-1475.8814904517574,-1475.8814904517574,317.5712253532165,317.5712253532165,317.5712253532165,0,0,0,-269.23318245436764,3728.032847092852,2463.7028480196363,2463.7028480196363,1728.2122849772027
2024-03-24T00:00:00Z,2463.9308597972195,-1281.5646636718116,-1281.5646636718116,-1281.5646636718116,0,0,0,0,0,0,0,0,0,0,0,0,0,0,0,0,0,0,514.0666296316281,514.0666296316281,514.0666296316281,0,0,0,0,0,0,-2070.6412822397797,-2070.6412822397797,-2070.6412822397797,275.00998893634016,275.00998893634016,275.00998893634016,0,0,0,-767.7648998619356,3174.875497145836,2463.9308597972195,2463.9308597972195,1182.366196125408
2024-03-25T00:00:00Z,2464.158871574803,1185.0932756650193,1185.0932756650193,1185.0932756650193,0,0,0,0,0,0,0,0,0,0,0,0,0,0,0,0,0,0,536.9015207749131,536.9015207749131,536.9015207749131,0,0,0,0,0,0,417.26683863921767,417.26683863921767,417.26683863921767,230.92491625088886,230.92491625088886,230.92491625088886,0,0,0,1560.3263298500046,5474.991710225796,2464.158871574803,2464.158871574803,3649.252147239822
2024-03-26T00:00:00Z,2464.386883352386,1778.3048683874922,1778.3048683874922,1778.3048683874922,0,0,0,0,0,0,0,0,0,0,0,0,0,0,0,0,0,0,809.2369092899852,809.2369092899852,809.2369092899852,0,0,0,0,0,0,782.6848167490523,782.6848167490523,782.6848167490523,186.38314234845464,186.38314234845464,186.38314234845464,0,0,0,2234.83984246517,6307.0934835060325,2464.386883352386,2464.386883352386,4242.691751739878
2024-03-27T00:00:00Z,2464.6148951299697,520.2330665366502,520.2330665366502,520.2330665366502,0,0,0,0,0,0,-1941.2219588157836,-1941.2219588157836,-1941.2219588157836,0,0,0,0,0,0,-1941.2219588157836,-1941.2219588157836,-1941.2219588157836,1568.5202822580209,1568.5202822580209,1568.5202822580209,0,0,0,0,0,0,750.5195902298912,750.5195902298912,750.5195902298912,142.41515286452136,142.41515286452136,142.41515286452136,0,0,0,1004.9242739250644,5022.033901743712,2464.6148951299697,2464.6148951299697,2984.84796166662
2024-03-28T00:00:00Z,2464.8429069075532,3562.9588883365745,3562.9588883365745,3562.9588883365745,0,0,0,0,0,0,0,0,0,0,0,0,0,0,0,0,0,0,2656.5264499227824,2656.5264499227824,2656.5264499227824,0,0,0,0,0,0,806.4432778137159,806.4432778137159,806.4432778137159,99.98916060007687,99.98916060007687,99.98916060007687,0,0,0,4074.0876380090094,8114.2089139017135,2464.8429069075532,2464.8429069075532,6027.801795244128
2024-03-29T00:00:00Z,2465.0709186851363,4353.978225312979,4353.978225312979,4353.978225312979,0,0,0,0,0,0,0,0,0,0,0,0,0,0,0,0,0,0,3504.382049853732,3504.382049853732,3504.382049853732,0,0,0,0,0,0,789.6082492647612,789.6082492647612,789.6082492647612,59.98792619448557,59.98792619448557,59.98792619448557,0,0,0,4871.996711874476,8834.75919933928,2465.0709186851363,2465.0709186851363,6819.049143998115
2024-03-30T00:00:00Z,2465.2989304627195,2040.3215580908432,2040.3215580908432,2040.3215580908432,0,0,0,0,0,0,0,0,0,0,0,0,0,0,0,0,0,0,3493.0144535150707,3493.0144535150707,3493.0144535150707,0,0,0,0,0,0,-1475.8814904528183,-1475.8814904528183,-1475.8814904528183,23.1885950285906,23.1885950285906,23.1885950285906,0,0,0,2482.6930184983694,6505.383044141407,2465.2989304627195,2465.2989304627195,4505.620488553563
2024-03-31T00:00:00Z,2465.5269422403035,343.8410311696183,343.8410311696183,343.8410311696183,0,0,0,0,0,0,0,0,0,0,0,0,0,0,0,0,0,0,2424.2362878680096,2424.2362878680096,2424.2362878680096,0,0,0,0,0,0,-2070.6412822375523,-2070.6412822375523,-2070.6412822375523,-9.753974460839416,-9.753974460839416,-9.753974460839416,0,0,0,797.5469057491382,4904.858079708653,2465.5269422403035,2465.5269422403035,2809.367973409922
2024-04-01T00:00:00Z,2465.7549540178866,1090.4971205146571,1090.4971205146571,1090.4971205146571,0,0,0,0,0,0,0,0,0,0,0,0,0,0,0,0,0,0,711.5503060322807,711.5503060322807,711.5503060322807,0,0,0,0,0,0,417.2668386399494,417.2668386399494,417.2668386399494,-38.32002415757296,-38.32002415757296,-38.32002415757296,0,0,0,1587.2992000871152,5582.12389187374,2465.7549540178866,2465.7549540178866,3556.2520745325437
2024-04-02T00:00:00Z,2465.98296579547,-162.72392554647922,-162.72392554647922,-162.72392554647922,0,0,0,0,0,0,0,0,0,0,0,0,0,0,0,0,0,0,-883.2751415209955,-883.2751415209955,-883.2751415209955,0,0,0,0,0,0,782.6848167501437,782.6848167501437,782.6848167501437,-62.13360077562757,-62.13360077562757,-62.13360077562757,0,0,0,476.5608929611793,4357.108148763575,2465.98296579547,2465.98296579547,2303.259040248991
2024-04-03T00:00:00Z,2466.2109775730532,-1094.823339492734,-1094.823339492734,-1094.823339492734,0,0,0,0,0,0,0,0,0,0,0,0,0,0,0,0,0,0,-1764.37590783611,-1764.37590783611,-1764.37590783611,0,0,0,0,0,0,750.519590230854,750.519590230854,750.519590230854,-80.96702188747794,-80.96702188747794,-80.96702188747794,0,0,0,-710.7131490343764,3341.120547258356,2466.2109775730532,2466.2109775730532,1371.3876380803192
2024-04-04T00:00:00Z,2466.4389893506363,-1146.4642661504463,-1146.4642661504463,-1146.4642661504463,0,0,0,0,0,0,0,0,0,0,0,0,0,0,0,0,0,0,-1858.1664480631446,-1858.1664480631446,-1858.1664480631446,0,0,0,0,0,0,806.4432778131887,806.4432778131887,806.4432778131887,-94.74109590049063,-94.74109590049063,-94.74109590049063,0,0,0,-509.4440851586958,3218.7279630778885,2466.4389893506363,2466.4389893506363,1319.97472320019
2024-04-05T00:00:00Z,2466.6670011282204,-863.8083670085417,-863.8083670085417,-863.8083670085417,0,0,0,0,0,0,0,0,0,0,0,0,0,0,0,0,0,0,-1549.8954082153211,-1549.8954082153211,-1549.8954082153211,0,0,0,0,0,0,789.6082492631988,789.6082492631988,789.6082492631988,-103.52120805641921,-103.52120805641921,-103.52120805641921,0,0,0,-347.49207069737133,3608.9448792415706,2466.6670011282204,2466.6670011282204,1602.8586341196788
2024-04-06T00:00:00Z,2466.8950129058035,-2882.6936718736983,-2882.6936718736983,-2882.6936718736983,0,0,0,0,0,0,0,0,0,0,0,0,0,0,0,0,0,0,-1299.3026830026322,-1299.3026830026322,-1299.3026830026322,0,0,0,0,0,0,-1475.8814904538792,-1475.8814904538792,-1475.8814904538792,-107.50949841718696,-107.50949841718696,-107.50949841718696,0,0,0,-2228.7038513603497,1615.803680782746,2466.8950129058035,2466.8950129058035,-415.7986589678949
2024-04-07T00:00:00Z,2467.1230246833866,-3463.541646400338,-3463.541646400338,-3463.541646400338,0,0,0,0,0,0,0,0,0,0,0,0,0,0,0,0,0,0,-1285.866901361546,-1285.866901361546,-1285.866901361546,0,0,0,0,0,0,-2070.64128223693,-2070.64128223693,-2070.64128223693,-107.03346280186112,-107.03346280186112,-107.03346280186112,0,0,0,-2910.1836894365933,1081.830382598678,2467.1230246833866,2467.1230246833866,-996.4186217169513
2024-04-08T00:00:00Z,2467.35103646097,-1049.5807264985074,-1049.5807264985074,-1049.5807264985074,0,0,0,0,0,0,0,0,0,0,0,0,0,0,0,0,0,0,-1364.3161642282278,-1364.3161642282278,-1364.3161642282278,0,0,0,0,0,0,417.2668386427028,417.2668386427028,417.2668386427028,-102.53140091298211,-102.53140091298211,-102.53140091298211,0,0,0,-619.0149562723427,3364.1728737350995,2467.35103646097,2467.35103646097,1417.7703099624628
2024-04-09T00:00:00Z,2467.5790482385537,-618.7738425296177,-618.7738425296177,-618.7738425296177,0,0,0,0,0,0,0,0,0,0,0,0,0,0,0,0,0,0,-1306.923444271409,-1306.923444271409,-1306.923444271409,0,0,0,0,0,0,782.6848167500574,782.6848167500574,782.6848167500574,-94.53521500826622,-94.53521500826622,-94.53521500826622,0,0,0,-24.03122437281852,3920.5301216456533,2467.5790482385537,2467.5790482385537,1848.805205708936
2024-04-11T00:00:00Z,2468.0350717937204,-2892.5316086239145,-2892.5316086239145,-2892.5316086239145,0,0,0,0,0,0,-2841.5499818838543,-2841.5499818838543,-2841.5499818838543,0,0,0,0,0,0,0,0,0,-786.8859899338116,-786.8859899338116,-786.8859899338116,0,0,0,-2841.5499818838543,-2841.5499818838543,-2841.5499818838543,806.4432778126618,806.4432778126618,806.4432778126618,-70.53891461891034,-70.53891461891034,-70.53891461891034,0,0,0,-2457.428329689976,1612.986020084056,2468.0350717937204,2468.0350717937204,-424.49653683019415
2024-04-12T00:00:00Z,2468.2630835713035,-879.2706542825059,-879.2706542825059,-879.2706542825059,0,0,0,0,0,0,-955.6977325654819,-955.6977325654819,-955.6977325654819,0,0,0,0,0,0,0,0,0,-657.2908330146962,-657.2908330146962,-657.2908330146962,0,0,0,-955.6977325654819,-955.6977325654819,-955.6977325654819,789.6082492616364,789.6082492616364,789.6082492616364,-55.89033796396384,-55.89033796396384,-55.89033796396384,0,0,0,-294.0578100009386,3384.857810432966,2468.2630835713035,2468.2630835713035,1588.9924292887977
2024-04-13T00:00:00Z,2468.491095348887,-3596.5286682550354,-3596.5286682550354,-3596.5286682550354,0,0,0,0,0,0,-1400.8355893620592,-1400.8355893620592,-1400.8355893620592,0,0,0,0,0,0,0,0,0,-679.4042409040973,-679.4042409040973,-679.4042409040973,0,0,0,-1400.8355893620592,-1400.8355893620592,-1400.8355893620592,-1475.8814904549404,-1475.8814904549404,-1475.8814904549404,-40.40734753393932,-40.40734753393932,-40.40734753393932,0,0,0,-3004.495810622294,873.2871486449158,2468.491095348887,2468.491095348887,-1128.0375729061484
2024-04-14T00:00:00Z,2468.7191071264706,-3860.2590085691395,-3860.2590085691395,-3860.2590085691395,0,0,0,0,0,0,-1069.157249526858,-1069.157249526858,-1069.157249526858,0,0,0,0,0,0,0,0,0,-695.6797131568123,-695.6797131568123,-695.6797131568123,0,0,0,-1069.157249526858,-1069.157249526858,-1069.157249526858,-2070.641282241748,-2070.641282241748,-2070.641282241748,-24.780763643721443,-24.780763643721443,-24.780763643721443,0,0,0,-3433.8633847226843,653.0058943531918,2468.7191071264706,2468.7191071264706,-1391.539901442669
2024-04-15T00:00:00Z,2468.9471189040537,-313.2172012606871,-313.2172012606871,-313.2172012606871,0,0,0,0,0,0,-153.61199978314187,-153.61199978314187,-153.61199978314187,0,0,0,0,0,0,0,0,0,-567.2020401986254,-567.2020401986254,-567.2020401986254,0,0,0,-153.61199978314187,-153.61199978314187,-153.61199978314187,417.2668386434345,417.2668386434345,417.2668386434345,-9.6699999223542,-9.6699999223542,-9.6699999223542,0,0,0,108.10732283519651,4059.883511735242,2468.9471189040537,2468.9471189040537,2155.7299176433667
2024-04-16T00:00:00Z,2469.1751306816373,479.381424690356,479.381424690356,479.381424690356,0,0,0,0,0,0,20.43758651665317,20.43758651665317,20.43758651665317,0,0,0,0,0,0,0,0,0,-328.05657718400784,-328.05657718400784,-328.05657718400784,0,0,0,20.43758651665317,20.43758651665317,20.43758651665317,782.6848167495392,782.6848167495392,782.6848167495392,4.315598608171465,4.315598608171465,4.315598608171465,0,0,0,996.9787471866907,4871.454715160164,2469.1751306816373,2469.1751306816373,2948.5565553719935
2024-04-17T00:00:00Z,2469.4031424592204,-849.1988738504906,-849.1988738504906,-849.1988738504906,0,0,0,0,0,0,-1470.60488239476,-1470.60488239476,-1470.60488239476,0,0,0,0,0,0,0,0,0,-145.74688803613745,-145.74688803613745,-145.74688803613745,0,0,0,-1470.60488239476,-1470.60488239476,-1470.60488239476,750.5195902303569,750.5195902303569,750.5195902303569,16.633306350049818,16.633306350049818,16.633306350049818,0,0,0,-458.5565707304563,3841.6015732301735,2469.4031424592204,2469.4031424592204,1620.2042686087298
2024-04-18T00:00:00Z,2469.631154236804,-480.54441929173095,-480.54441929173095,-480.54441929173095,0,0,0,0,0,0,-1181.4628100860057,-1181.4628100860057,-1181.4628100860057,0,0,0,0,0,0,0,0,0,-132.3459202912395,-132.3459202912395,-132.3459202912395,0,0,0,-1181.4628100860057,-1181.4628100860057,-1181.4628100860057,806.4432778134709,806.4432778134709,806.4432778134709,26.821033272043337,26.821033272043337,26.821033272043337,0,0,0,-130.5434813222515,3887.340734123265,2469.631154236804,2469.631154236804,1989.086734945073
2024-04-19T00:00:00Z,2469.8591660143875,611.6060139622296,611.6060139622296,611.6060139622296,0,0,0,0,0,0,0,0,0,0,0,0,0,0,0,0,0,0,-212.51070331429563,-212.51070331429563,-212.51070331429563,0,0,0,0,0,0,789.6082492664397,789.6082492664397,789.6082492664397,34.508468010085515,34.508468010085515,34.508468010085515,0,0,0,1161.0904607196924,5053.548605508975,2469.8591660143875,2469.8591660143875,3081.465179976617
2024-04-20T00:00:00Z,2470.0871777919706,-1632.8994434011697,-1632.8994434011697,-1632.8994434011697,0,0,0,0,0,0,0,0,0,0,0,0,0,0,0,0,0,0,-196.4430556662749,-196.4430556662749,-196.4430556662749,0,0,0,0,0,0,-1475.881490457883,-1475.881490457883,-1475.881490457883,39.42510272298808,39.42510272298808,39.42510272298808,0,0,0,-1187.4707735425234,2709.527945239368,2470.0871777919706,2470.0871777919706,837.1877343908009
2024-04-21T00:00:00Z,2470.3151895695537,-2015.3883604488515,-2015.3883604488515,-2015.3883604488515,0,0,0,0,0,0,0,0,0,0,0,0,0,0,0,0,0,0,13.847929084071854,13.847929084071854,13.847929084071854,0,0,0,0,0,0,-2070.6412822411257,-2070.6412822411257,-2070.6412822411257,41.404992708201625,41.404992708201625,41.404992708201625,0,0,0,-1533.4015845360307,2359.0158065322194,2470.3151895695537,2470.3151895695537,454.9268291207022
2024-04-22T00:00:00Z,2470.5432013471377,766.7245839870566,766.7245839870566,766.7245839870566,0,0,0,0,0,0,0,0,0,0,0,0,0,0,0,0,0,0,309.06954128230774,309.06954128230774,309.06954128230774,0,0,0,0,0,0,417.2668386441663,417.2668386441663,417.2668386441663,40.38820406058227,40.38820406058227,40.38820406058227,0,0,0,1120.1713965795589,5113.8468349090645,2470.5432013471377,2470.5432013471377,3237.2677853341943
2024-04-23T00:00:00Z,2470.771213124721,1309.3593194859325,1309.3593194859325,1309.3593194859325,0,0,0,0,0,0,0,0,0,0,0,0,0,0,0,0,0,0,490.25550075095464,490.25550075095464,490.25550075095464,0,0,0,0,0,0,782.6848167494529,782.6848167494529,782.6848167494529,36.41900198552478,36.41900198552478,36.41900198552478,0,0,0,1862.596370357346,5811.964236519562,2470.771213124721,2470.771213124721,3780.130532610653
2024-04-24T00:00:00Z,2470.999224902304,1296.8854197736457,1296.8854197736457,1296.8854197736457,0,0,0,0,0,0,0,0,0,0,0,0,0,0,0,0,0,0,516.7249017063788,516.7249017063788,516.7249017063788,0,0,0,0,0,0,750.5195902301082,750.5195902301082,750.5195902301082,29.640927837158767,29.640927837158767,29.640927837158767,0,0,0,1742.0246394655333,5691.328904033452,2470.999224902304,2470.999224902304,3767.88464467595
2024-04-25T00:00:00Z,2471.2272366798875,1447.3869782003903,1447.3869782003903,1447.3869782003903,0,0,0,0,0,0,0,0,0,0,0,0,0,0,0,0,0,0,620.6546985750336,620.6546985750336,620.6546985750336,0,0,0,0,0,0,806.443277811499,806.443277811499,806.443277811499,20.28900181385724,20.28900181385724,20.28900181385724,0,0,0,2038.9886005915587,6070.413767283486,2471.2272366798875,2471.2272366798875,3918.614214880278
2024-04-26T00:00:00Z,2471.4552484574706,1924.6991527506618,1924.6991527506618,1924.6991527506618,0,0,0,0,0,0,0,0,0,0,0,0,0,0,0,0,0,0,1126.4115355191952,1126.4115355191952,1126.4115355191952,0,0,0,0,0,0,789.6082492666633,789.6082492666633,789.6082492666633,8.679367964803617,8.679367964803617,8.679367964803617,0,0,0,2321.33457972663,6379.508979479907,2471.4552484574706,2471.4552484574706,4396.154401208132
2024-04-27T00:00:00Z,2471.683260235054,619.3986974846931,619.3986974846931,619.3986974846931,0,0,0,0,0,0,0,0,0,0,0,0,0,0,0,0,0,0,2100.083421336092,2100.083421336092,2100.083421336092,0,0,0,0,0,0,-1475.8814904570618,-1475.8814904570618,-1475.8814904570618,-4.80323339433739,-4.80323339433739,-4.80323339433739,0,0,0,1000.4568263993178,5065.116105774572,2471.683260235054,2471.683260235054,3091.081957719747
2024-04-28T00:00:00Z,2471.9112720126377,1063.618263588275,1063.618263588275,1063.618263588275,0,0,0,0,0,0,0,0,0,0,0,0,0,0,0,0,0,0,3153.9792712740896,3153.9792712740896,3153.9792712740896,0,0,0,0,0,0,-2070.6412822388975,-2070.6412822388975,-2070.6412822388975,-19.719725446916264,-19.719725446916264,-19.719725446916264,0,0,0,1612.4164953777388,5515.382741369331,2471.9112720126377,2471.9112720126377,3535.529535600913
2024-04-29T00:00:00Z,2472.139283790221,4014.4519657100727,4014.4519657100727,4014.4519657100727,0,0,0,0,0,0,0,0,0,0,0,0,0,0,0,0,0,0,3632.77733264961,3632.77733264961,3632.77733264961,0,0,0,0,0,0,417.2668386385899,417.2668386385899,417.2668386385899,-35.59220557812723,-35.59220557812723,-35.59220557812723,0,0,0,4630.073014222435,8791.59374822462,2472.139283790221,2472.139283790221,6486.591249500294
2024-04-30T00:00:00Z,2472.3672955678044,3809.0820297656464,3809.0820297656464,3809.0820297656464,0,0,0,0,0,0,0,0,0,0,0,0,0,0,0,0,0,0,3078.317413378364,3078.317413378364,3078.317413378364,0,0,0,0,0,0,782.6848167505444,782.6848167505444,782.6848167505444,-51.92020036326089,-51.92020036326089,-51.92020036326089,0,0,0,4254.171499506806,8262.053952512475,2472.3672955678044,2472.3672955678044,6281.449325333451
2024-05-01T00:00:00Z,2472.595307345388,344.2731580717546,344.2731580717546,344.2731580717546,0,0,0,0,0,0,-1941.2219588157836,-1941.2219588157836,-1941.2219588157836,0,0,0,0,0,0,-1941.2219588157836,-1941.2219588157836,-1941.2219588157836,1603.172675294814,1603.172675294814,1603.172675294814,0,0,0,0,0,0,750.5195902298597,750.5195902298597,750.5195902298597,-68.19714863713658,-68.19714863713658,-68.19714863713658,0,0,0,901.9980002036649,4858.70757186693,2472.595307345388,2472.595307345388,2816.8684654171425
2024-05-02T00:00:00Z,2472.823319122971,574.8638319020876,574.8638319020876,574.8638319020876,0,0,0,0,0,0,0,0,0,0,0,0,0,0,0,0,0,0,-147.65284320209656,-147.65284320209656,-147.65284320209656,0,0,0,0,0,0,806.4432778123082,806.4432778123082,806.4432778123082,-83.92660270812394,-83.92660270812394,-83.92660270812394,0,0,0,1029.9744419008025,4787.199433500948,2472.823319122971,2472.823319122971,3047.6871510250585
2024-05-03T00:00:00Z,2473.0513309005546,-740.3840018804708,-740.3840018804708,-740.3840018804708,0,0,0,0,0,0,0,0,0,0,0,0,0,0,0,0,0,0,-1431.3545917914716,-1431.3545917914716,-1431.3545917914716,0,0,0,0,0,0,789.6082492633149,789.6082492633149,789.6082492633149,-98.63765935231312,-98.63765935231312,-98.63765935231312,0,0,0,-174.32475696587616,3681.879503909409,2473.0513309005546,2473.0513309005546,1732.6673290200838
2024-05-04T00:00:00Z,2473.2793426781377,-3480.463901618591,-3480.463901618591,-3480.463901618591,0,0,0,0,0,0,0,0,0,0,0,0,0,0,0,0,0,0,-1892.683243035805,-1892.683243035805,-1892.683243035805,0,0,0,0,0,0,-1475.8814904600047,-1475.8814904600047,-1475.8814904600047,-111.89916812278075,-111.89916812278075,-111.89916812278075,0,0,0,-2978.123259514261,1071.3117029086181,2473.2793426781377,2473.2793426781377,-1007.1845589404534
2024-05-05T00:00:00Z,2473.507354455721,-3916.028864532441,-3916.028864532441,-3916.028864532441,0,0,0,0,0,0,0,0,0,0,0,0,0,0,0,0,0,0,-1722.055268930072,-1722.055268930072,-1722.055268930072,0,0,0,0,0,0,-2070.6412822382754,-2070.6412822382754,-2070.6412822382754,-123.33231336409379,-123.33231336409379,-123.33231336409379,0,0,0,-3395.1811763845317,411.76006245493653,2473.507354455721,2473.507354455721,-1442.52151007672
2024-05-06T00:00:00Z,2473.735366233305,-1112.6064183537787,-1112.6064183537787,-1112.6064183537787,0,0,0,0,0,0,0,0,0,0,0,0,0,0,0,0,0,0,-1397.2520306333167,-1397.2520306333167,-1397.2520306333167,0,0,0,0,0,0,417.26683863932163,417.26683863932163,417.26683863932163,-132.62122635978338,-132.62122635978338,-132.62122635978338,0,0,0,-504.2733367963721,3440.4028702407363,2473.735366233305,2473.735366233305,1361.128947879526
2024-05-07T00:00:00Z,2473.963378010888,-623.2028111844709,-623.2028111844709,-623.2028111844709,0,0,0,0,0,0,0,0,0,0,0,0,0,0,0,0,0,0,-1266.3662747067156,-1266.3662747067156,-1266.3662747067156,0,0,0,0,0,0,782.684816750458,782.684816750458,782.684816750458,-139.52135322821394,-139.52135322821394,-139.52135322821394,0,0,0,-263.94660906593896,3893.1220633195835,2473.963378010888,2473.963378010888,1850.760566826417
2024-05-08T00:00:00Z,2474.191389788471,-722.9928633531465,-722.9928633531465,-722.9928633531465,0,0,0,0,0,0,0,0,0,0,0,0,0,0,0,0,0,0,-1329.647073394586,-1329.647073394586,-1329.647073394586,0,0,0,0,0,0,750.5195902296111,750.5195902296111,750.5195902296111,-143.8653801881721,-143.8653801881721,-143.8653801881721,0,0,0,-336.1131308485427,3746.781193993689,2474.191389788471,2474.191389788471,1751.1985264353245
2024-05-09T00:00:00Z,2474.4194015660546,-700.8593244485279,-700.8593244485279,-700.8593244485279,0,0,0,0,0,0,0,0,0,0,0,0,0,0,0,0,0,0,-1361.7360040623225,-1361.7360040623225,-1361.7360040623225,0,0,0,0,0,0,806.4432778117811,806.4432778117811,806.4432778117811,-145.56659819798634,-145.56659819798634,-145.56659819798634,0,0,0,-186.63033016895852,3839.4793367537845,2474.4194015660546,2474.4194015660546,1773.5600771175268
2024-05-10T00:00:00Z,2474.647413343638,-556.5206847035181,-556.5206847035181,-556.5206847035181,0,0,0,0,0,0,0,0,0,0,0,0,0,0,0,0,0,0,-1201.509262810435,-1201.509262810435,-1201.509262810435,0,0,0,0,0,0,789.6082492635387,789.6082492635387,789.6082492635387,-144.6196711566213,-144.6196711566213,-144.6196711566213,0,0,0,-39.59427773749304,3860.497294762274,2474.647413343638,2474.647413343638,1918.12672864012
2024-05-11T00:00:00Z,2474.87542496289,-2531.9018430719852,-2531.9018430719852,-2531.9018430719852,0,0,0,0,0,0,0,0,0,0,0,0,0,0,0,0,0,0,-914.9214993303236,-914.9214993303236,-914.9214993303236,0,0,0,0,0,0,-1475.8814904528635,-1475.8814904528635,-1475.8814904528635,-141.0988532887985,-141.0988532887985,-141.0988532887985,0,0,0,-2144.7559167488175,1932.3349552052812,2474.87542496289,2474.87542496289,-57.026418109095175
2024-05-12T00:00:00Z,2475.103436582142,-2904.19673611599,-2904.19673611599,-2904.19673611599,0,0,0,0,0,0,0,0,0,0,0,0,0,0,0,0,0,0,-698.401674375374,-698.401674375374,-698.401674375374,0,0,0,0,0,0,-2070.641282237653,-2070.641282237653,-2070.641282237653,-135.1537795029637,-135.1537795029637,-135.1537795029637,0,0,0,-2300.9003946289454,1545.7958384687763,2475.103436582142,2475.103436582142,-429.09329953384804
2024-05-13T00:00:00Z,2475.331448201394,-366.809308139462,-366.809308139462,-366.809308139462,0,0,0,0,0,0,0,0,0,0,0,0,0,0,0,0,0,0,-657.0731216855391,-657.0731216855391,-657.0731216855391,0,0,0,0,0,0,417.26683864106417,417.26683864106417,417.26683864106417,-127.00302509498708,-127.00302509498708,-127.00302509498708,0,0,0,129.22411122964047,4038.665815475057,2475.331448201394,2475.331448201394,2108.522140061932
2024-05-14T00:00:00Z,2475.5594598206458,-34.156857157305865,-34.156857157305865,-34.156857157305865,0,0,0,0,0,0,0,0,0,0,0,0,0,0,0,0,0,0,-699.9159779301848,-699.9159779301848,-699.9159779301848,0,0,0,0,0,0,782.6848167499398,782.6848167499398,782.6848167499398,-116.9256959770613,-116.9256959770613,-116.9256959770613,0,0,0,432.9190001332185,4462.9294274709555,2475.5594598206458,2475.5594598206458,2441.40260266334
2024-05-15T00:00:00Z,2475.7874714398977,-6.8258646394467615,-6.8258646394467615,-6.8258646394467615,0,0,0,0,0,0,0,0,0,0,0,0,0,0,0,0,0,0,-652.0940890217911,-652.0940890217911,-652.0940890217911,0,0,0,0,0,0,750.5195902299843,750.5195902299843,750.5195902299843,-105.2513658476397,-105.2513658476397,-105.2513658476397,0,0,0,455.7953833922692,4478.4273647908485,2475.7874714398977,2475.7874714398977,2468.961606800451
2024-05-16T00:00:00Z,2476.0154830591496,261.8882517413558,261.8882517413558,261.8882517413558,0,0,0,0,0,0,0,0,0,0,0,0,0,0,0,0,0,0,-452.2063052805545,-452.2063052805545,-452.2063052805545,0,0,0,0,0,0,806.4432778111454,806.4432778111454,806.4432778111454,-92.34872078923499,-92.34872078923499,-92.34872078923499,0,0,0,698.2392626067166,4692.301097775784,2476.0154830591496,2476.0154830591496,2737.9037348005054
2024-05-17T00:00:00Z,2476.2434946784015,491.88048133984734,491.88048133984734,491.88048133984734,0,0,0,0,0,0,0,0,0,0,0,0,0,0,0,0,0,0,-219.1144643454281,-219.1144643454281,-219.1144643454281,0,0,0,0,0,0,789.6082492637621,789.6082492637621,789.6082492637621,-78.61330357848684,-78.61330357848684,-78.61330357848684,0,0,0,1094.8741095282357,5040.983282631744,2476.2434946784015,2476.2434946784015,2968.123976018249
2024-05-18T00:00:00Z,2476.4715062976534,-1658.3536041583104,-1658.3536041583104,-1658.3536041583104,0,0,0,0,0,0,0,0,0,0,0,0,0,0,0,0,0,0,-118.01734497486923,-118.01734497486923,-118.01734497486923,0,0,0,0,0,0,-1475.881490453924,-1475.881490453924,-1475.881490453924,-64.4547687295171,-64.4547687295171,-64.4547687295171,0,0,0,-1148.6634885737042,2840.8393685690853,2476.4715062976534,2476.4715062976534,818.117902139343
2024-05-19T00:00:00Z,2476.6995179169053,-2293.0976436220644,-2293.0976436220644,-2293.0976436220644,0,0,0,0,0,0,0,0,0,0,0,0,0,0,0,0,0,0,-172.17229673925988,-172.17229673925988,-172.17229673925988,0,0,0,0,0,0,-2070.6412822370303,-2070.6412822370303,-2070.6412822370303,-50.28406464577413,-50.28406464577413,-50.28406464577413,0,0,0,-1986.681658210423,2052.977794060015,2476.6995179169053,2476.6995179169053,183.60187429484085
2024-05-20T00:00:00Z,2476.927529536157,153.61618923199157,153.61618923199157,153.61618923199157,0,0,0,0,0,0,0,0,0,0,0,0,0,0,0,0,0,0,-227.14969809787618,-227.14969809787618,-227.14969809787618,0,0,0,0,0,0,417.2668386428069,417.2668386428069,417.2668386428069,-36.50095131293912,-36.50095131293912,-36.50095131293912,0,0,0,656.2591123443054,4682.919293708451,2476.927529536157,2476.927529536157,2630.5437187681487
2024-05-21T00:00:00Z,2477.155541155409,645.8070768765585,645.8070768765585,645.8070768765585,0,0,0,0,0,0,0,0,0,0,0,0,0,0,0,0,0,0,-113.39549864752604,-113.39549864752604,-113.39549864752604,0,0,0,0,0,0,782.6848167498539,782.6848167498539,782.6848167498539,-23.482241225769243,-23.482241225769243,-23.482241225769243,0,0,0,1201.4220919675822,5189.212766863075,2477.155541155409,2477.155541155409,3122.9626180319674
2024-05-22T00:00:00Z,2477.383552774661,-1038.2326987245287,-1038.2326987245287,-1038.2326987245287,0,0,0,0,0,0,-1941.2219588157836,-1941.2219588157836,-1941.2219588157836,0,0,0,0,0,0,-1941.2219588157836,-1941.2219588157836,-1941.2219588157836,164.04078847000923,164.04078847000923,164.04078847000923,0,0,0,0,0,0,750.5195902303254,750.5195902303254,750.5195902303254,-11.571118609079656,-11.571118609079656,-11.571118609079656,0,0,0,-406.2741164744518,3295.4511043215502,2477.383552774661,2477.383552774661,1439.1508540501322
2024-05-23T00:00:00Z,2477.611564393913,1228.1951311529829,1228.1951311529829,1228.1951311529829,0,0,0,0,0,0,0,0,0,0,0,0,0,0,0,0,0,0,422.81970205668193,422.81970205668193,422.81970205668193,0,0,0,0,0,0,806.4432778106183,806.4432778106183,806.4432778106183,-1.0678487143176787,-1.0678487143176787,-1.0678487143176787,0,0,0,1793.1683091821733,5764.0953077609865,2477.611564393913,2477.611564393913,3705.8066955468958
2024-05-24T00:00:00Z,2477.839576013165,1311.452742261462,1311.452742261462,1311.452742261462,0,0,0,0,0,0,0,0,0,0,0,0,0,0,0,0,0,0,514.0666296314536,514.0666296314536,514.0666296314536,0,0,0,0,0,0,789.6082492621997,789.6082492621997,789.6082492621997,7.777863367808455,7.777863367808455,7.777863367808455,0,0,0,1899.159980499005,5844.710896137163,2477.839576013165,2477.839576013165,3789.2923182746267
2024-05-25T00:00:00Z,2478.0675876324167,-924.2073051584209,-924.2073051584209,-924.2073051584209,0,0,0,0,0,0,0,0,0,0,0,0,0,0,0,0,0,0,536.9015207740773,536.9015207740773,536.9015207740773,0,0,0,0,0,0,-1475.8814904549852,-1475.8814904549852,-1475.8814904549852,14.772664522486755,14.772664522486755,14.772664522486755,0,0,0,-329.1623099652234,3545.0391925541016,2478.0675876324167,2478.0675876324167,1553.8602824739958
2024-05-26T00:00:00Z,2478.2955992516686,-1241.6210119797088,-1241.6210119797088,-1241.6210119797088,0,0,0,0,0,0,0,0,0,0,0,0,0,0,0,0,0,0,809.2369092903609,809.2369092903609,809.2369092903609,0,0,0,0,0,0,-2070.6412822402426,-2070.6412822402426,-2070.6412822402426,19.78336097017315,19.78336097017315,19.78336097017315,0,0,0,-780.5673013767516,3318.443852418526,2478.2955992516686,2478.2955992516686,1236.6745872719598
2024-05-27T00:00:00Z,2478.5236108709205,2008.5257948006572,2008.5257948006572,2008.5257948006572,0,0,0,0,0,0,0,0,0,0,0,0,0,0,0,0,0,0,1568.5202822581248,1568.5202822581248,1568.5202822581248,0,0,0,0,0,0,417.2668386362195,417.2668386362195,417.2668386362195,22.73867390631332,22.73867390631332,22.73867390631332,0,0,0,2541.700029555012,6424.816544634565,2478.5236108709205,2478.5236108709205,4487.049405671578
2024-05-28T00:00:00Z,2478.7516224901724,3462.840211438367,3462.840211438367,3462.840211438367,0,0,0,0,0,0,0,0,0,0,0,0,0,0,0,0,0,0,2656.5264499246837,2656.5264499246837,2656.5264499246837,0,0,0,0,0,0,782.6848167497674,782.6848167497674,782.6848167497674,23.628944763916312,23.628944763916312,23.628944763916312,0,0,0,3940.8768125344723,7790.10344502827,2478.7516224901724,2478.7516224901724,5941.59183392854
2024-05-29T00:00:00Z,2478.979634109424,4277.405498719315,4277.405498719315,4277.405498719315,0,0,0,0,0,0,0,0,0,0,0,0,0,0,0,0,0,0,3504.3820498535993,3504.3820498535993,3504.3820498535993,0,0,0,0,0,0,750.5195902300768,750.5195902300768,750.5195902300768,22.503858635639652,22.503858635639652,22.503858635639652,0,0,0,4672.2178849106695,8569.7077491374,2478.979634109424,2478.979634109424,6756.385132828738
2024-05-30T00:00:00Z,2479.2076457286757,4318.926049335853,4318.926049335853,4318.926049335853,0,0,0,0,0,0,0,0,0,0,0,0,0,0,0,0,0,0,3493.0144535154454,3493.0144535154454,3493.0144535154454,0,0,0,0,0,0,806.4432778114275,806.4432778114275,806.4432778114275,19.468318008981242,19.468318008981242,19.468318008981242,0,0,0,4761.40252739806,8746.329290954638,2479.2076457286757,2479.2076457286757,6798.133695064529
2024-05-31T00:00:00Z,2479.4356573479276,3228.521194149076,3228.521194149076,3228.521194149076,0,0,0,0,0,0,0,0,0,0,0,0,0,0,0,0,0,0,2424.236287869202,2424.236287869202,2424.236287869202,0,0,0,0,0,0,789.6082492606372,789.6082492606372,789.6082492606372,14.67665701923779,14.67665701923779,14.67665701923779,0,0,0,3686.503115995827,7764.230610038463,2479.4356573479276,2479.4356573479276,5707.956851497003
2024-06-01T00:00:00Z,2479.6636689671795,-756.0057473134287,-756.0057473134287,-756.0057473134287,0,0,0,0,0,0,0,0,0,0,0,0,0,0,0,0,0,0,711.5503060326824,711.5503060326824,711.5503060326824,0,0,0,0,0,0,-1475.8814904579278,-1475.8814904579278,-1475.8814904579278,8.325437111816996,8.325437111816996,8.325437111816996,0,0,0,-256.26395573822805,3608.1719688809444,2479.6636689671795,2479.6636689671795,1723.6579216537507
2024-06-02T00:00:00Z,2479.8916805864314,-2953.271316971319,-2953.271316971319,-2953.271316971319,0,0,0,0,0,0,0,0,0,0,0,0,0,0,0,0,0,0,-883.2751415210582,-883.2751415210582,-883.2751415210582,0,0,0,0,0,0,-2070.641282241226,-2070.641282241226,-2070.641282241226,0.6451067909654953,0.6451067909654953,0.6451067909654953,0,0,0,-2661.548887423869,1529.688524290286,2479.8916805864314,2479.8916805864314,-473.37963638488736
2024-06-03T00:00:00Z,2480.1196922056834,-3296.44018821193,-3296.44018821193,-3296.44018821193,0,0,0,0,0,0,-1941.2219588157836,-1941.2219588157836,-1941.2219588157836,0,0,0,0,0,0,-1941.2219588157836,-1941.2219588157836,-1941.2219588157836,-1764.3759078365435,-1764.3759078365435,-1764.3759078365435,0,0,0,0,0,0,417.26683863695115,417.26683863695115,417.26683863695115,-8.109160196554129,-8.109160196554129,-8.109160196554129,0,0,0,-2858.591745043498,1200.035365539512,2480.1196922056834,2480.1196922056834,-816.3204960062467
2024-06-04T00:00:00Z,2480.3477038249353,-1093.148744552706,-1093.148744552706,-1093.148744552706,0,0,0,0,0,0,0,0,0,0,0,0,0,0,0,0,0,0,-1858.1664480632412,-1858.1664480632412,-1858.1664480632412,0,0,0,0,0,0,782.6848167492493,782.6848167492493,782.6848167492493,-17.667113238713448,-17.667113238713448,-17.667113238713448,0,0,0,-529.7828961348051,3332.686331505732,2480.3477038249353,2480.3477038249353,1387.1989592722293
2024-06-05T00:00:00Z,2480.575715444187,-827.1290336246215,-827.1290336246215,-827.1290336246215,0,0,0,0,0,0,0,0,0,0,0,0,0,0,0,0,0,0,-1549.8954082151695,-1549.8954082151695,-1549.8954082151695,0,0,0,0,0,0,750.5195902298285,750.5195902298285,750.5195902298285,-27.753215639280103,-27.753215639280103,-27.753215639280103,0,0,0,-426.7921350146763,3504.3516620260934,2480.575715444187,2480.575715444187,1653.4466818195656
2024-06-06T00:00:00Z,2480.803727063439,-530.9556413608055,-530.9556413608055,-530.9556413608055,0,0,0,0,0,0,0,0,0,0,0,0,0,0,0,0,0,0,-1299.302683002229,-1299.302683002229,-1299.302683002229,0,0,0,0,0,0,806.4432778122366,806.4432778122366,806.4432778122366,-38.096236170813185,-38.096236170813185,-38.096236170813185,0,0,0,-36.95048473519017,3930.749593928814,2480.803727063439,2480.803727063439,1949.8480857026334
2024-06-07T00:00:00Z,2481.031738682691,-544.6969657708398,-544.6969657708398,-544.6969657708398,0,0,0,0,0,0,0,0,0,0,0,0,0,0,0,0,0,0,-1285.8669013622098,-1285.8669013622098,-1285.8669013622098,0,0,0,0,0,0,789.6082492654405,789.6082492654405,789.6082492654405,-48.4383136740707,-48.4383136740707,-48.4383136740707,0,0,0,0.3300925063432025,3900.530709339465,2481.031738682691,2481.031738682691,1936.3347729118511
2024-06-08T00:00:00Z,2481.259750301943,-2898.7408463936918,-2898.7408463936918,-2898.7408463936918,0,0,0,0,0,0,0,0,0,0,0,0,0,0,0,0,0,0,-1364.3161642283792,-1364.3161642283792,-1364.3161642283792,0,0,0,0,0,0,-1475.881490457107,-1475.881490457107,-1475.881490457107,-58.54319170820566,-58.54319170820566,-58.54319170820566,0,0,0,-2488.377332539742,1770.0278729527577,2481.259750301943,2481.259750301943,-417.4810960917489
2024-06-09T00:00:00Z,2481.4877619211948,-3445.768081308684,-3445.768081308684,-3445.768081308684,0,0,0,0,0,0,0,0,0,0,0,0,0,0,0,0,0,0,-1306.9234442713794,-1306.9234442713794,-1306.9234442713794,0,0,0,0,0,0,-2070.641282238998,-2070.641282238998,-2070.641282238998,-68.20335479830584,-68.20335479830584,-68.20335479830584,0,0,0,-2999.6530804845515,1056.9305544032788,2481.4877619211948,2481.4877619211948,-964.2803193874893
2024-06-10T00:00:00Z,2481.7157735404467,-722.1619796470981,-722.1619796470981,-722.1619796470981,0,0,0,0,0,0,0,0,0,0,0,0,0,0,0,0,0,0,-1062.1829773310346,-1062.1829773310346,-1062.1829773310346,0,0,0,0,0,0,417.2668386386939,417.2668386386939,417.2668386386939,-77.2458409547575,-77.2458409547575,-77.2458409547575,0,0,0,-185.84466313686232,3736.238661643206,2481.7157735404467,2481.7157735404467,1759.5537938933485
2024-06-11T00:00:00Z,2481.9437851596986,-89.73772846623511,-89.73772846623511,-89.73772846623511,0,0,0,0,0,0,0,0,0,0,0,0,0,0,0,0,0,0,-786.8859899339418,-786.8859899339418,-786.8859899339418,0,0,0,0,0,0,782.6848167491634,782.6848167491634,782.6848167491634,-85.5365552814565,-85.5365552814565,-85.5365552814565,0,0,0,350.57749240020564,4468.229805674161,2481.9437851596986,2481.9437851596986,2392.2060566934633
2024-06-12T00:00:00Z,2482.1717967789505,0.2457922940245441,0.2457922940245441,0.2457922940245441,0,0,0,0,0,0,0,0,0,0,0,0,0,0,0,0,0,0,-657.2908330168481,-657.2908330168481,-657.2908330168481,0,0,0,0,0,0,750.5195902307908,750.5195902307908,750.5195902307908,-92.9829649199179,-92.9829649199179,-92.9829649199179,0,0,0,569.0338081617314,4456.82045007664,2482.1717967789505,2482.1717967789505,2482.417589072975
2024-06-13T00:00:00Z,2482.3998083982024,27.503922546241384,27.503922546241384,27.503922546241384,0,0,0,0,0,0,0,0,0,0,0,0,0,0,0,0,0,0,-679.4042409041969,-679.4042409041969,-679.4042409041969,0,0,0,0,0,0,806.4432778130458,806.4432778130458,806.4432778130458,-99.53511436260736,-99.53511436260736,-99.53511436260736,0,0,0,586.7936527255729,4351.957163588532,2482.3998083982024,2482.3998083982024,2509.903730944444
2024-06-14T00:00:00Z,2482.6278200174543,-11.256424219580895,-11.256424219580895,-11.256424219580895,0,0,0,0,0,0,0,0,0,0,0,0,0,0,0,0,0,0,-695.6797131565528,-695.6797131565528,-695.6797131565528,0,0,0,0,0,0,789.6082492656644,789.6082492656644,789.6082492656644,-105.18496032869241,-105.18496032869241,-105.18496032869241,0,0,0,411.53442659391726,4520.744152498933,2482.6278200174543,2482.6278200174543,2471.3713957978734
2024-06-15T00:00:00Z,2482.8558316367066,-2153.047615541338,-2153.047615541338,-2153.047615541338,0,0,0,0,0,0,0,0,0,0,0,0,0,0,0,0,0,0,-567.202040200937,-567.202040200937,-567.202040200937,0,0,0,0,0,0,-1475.8814904600501,-1475.8814904600501,-1475.8814904600501,-109.96408488035085,-109.96408488035085,-109.96408488035085,0,0,0,-1569.5758404538292,2204.8627209943947,2482.8558316367066,2482.8558316367066,329.8082160953686
2024-06-16T00:00:00Z,2483.0838432559585,-2512.6377617045277,-2512.6377617045277,-2512.6377617045277,0,0,0,0,0,0,0,0,0,0,0,0,0,0,0,0,0,0,-328.05657718389233,-328.05657718389233,-328.05657718389233,0,0,0,0,0,0,-2070.6412822383754,-2070.6412822383754,-2070.6412822383754,-113.93990228226006,-113.93990228226006,-113.93990228226006,0,0,0,-1924.0204773075313,2065.975796504688,2483.0838432559585,2483.0838432559585,-29.55391844856922
2024-06-17T00:00:00Z,2483.3118548752104,-2871.9830036676476,-2871.9830036676476,-2871.9830036676476,0,0,0,0,0,0,-3026.2924268839934,-3026.2924268839934,-3026.2924268839934,0,0,0,0,0,0,0,0,0,-145.74688803657352,-145.74688803657352,-145.74688803657352,-3026.2924268839934,-3026.2924268839934,-3026.2924268839934,0,0,0,417.2668386404365,417.2668386404365,417.2668386404365,-117.21052738751732,-117.21052738751732,-117.21052738751732,0,0,0,-2404.794209418972,1687.1070959064841,2483.3118548752104,2483.3118548752104,-388.6711487924372
2024-06-18T00:00:00Z,2483.5398664944623,326.4512929424324,326.4512929424324,326.4512929424324,0,0,0,0,0,0,-203.98908419559135,-203.98908419559135,-203.98908419559135,0,0,0,0,0,0,0,0,0,-132.34592029097348,-132.34592029097348,-132.34592029097348,-203.98908419559135,-203.98908419559135,-203.98908419559135,0,0,0,782.6848167502545,782.6848167502545,782.6848167502545,-119.89851932125715,-119.89851932125715,-119.89851932125715,0,0,0,776.2884501499692,4786.852098892836,2483.5398664944623,2483.5398664944623,2809.9911594368946
2024-06-19T00:00:00Z,2483.7678781137142,408.68084596778124,408.68084596778124,408.68084596778124,0,0,0,0,0,0,-7.184288497537529,-7.184288497537529,-7.184288497537529,0,0,0,0,0,0,0,0,0,-212.51070331416665,-212.51070331416665,-212.51070331416665,-7.184288497537529,-7.184288497537529,-7.184288497537529,0,0,0,750.5195902299206,750.5195902299206,750.5195902299206,-122.143752450435,-122.143752450435,-122.143752450435,0,0,0,863.1580146400619,4818.4936442315,2483.7678781137142,2483.7678781137142,2892.4487240814956
2024-06-20T00:00:00Z,2483.995889732966,291.4156713379234,291.4156713379234,291.4156713379234,0,0,0,0,0,0,-194.4888550028069,-194.4888550028069,-194.4888550028069,0,0,0,0,0,0,0,0,0,-196.44305566574332,-196.44305566574332,-196.44305566574332,-194.4888550028069,-194.4888550028069,-194.4888550028069,0,0,0,806.4432778125187,806.4432778125187,806.4432778125187,-124.09569580604509,-124.09569580604509,-124.09569580604509,0,0,0,679.9540823703182,4845.28016744119,2483.995889732966,2483.995889732966,2775.4115610708895
2024-06-21T00:00:00Z,2484.223901352218,185.4480942429545,185.4480942429545,185.4480942429545,0,0,0,0,0,0,-492.1026827587761,-492.1026827587761,-492.1026827587761,0,0,0,0,0,0,0,0,0,13.847929084330808,13.847929084330808,13.847929084330808,-492.1026827587761,-492.1026827587761,-492.1026827587761,0,0,0,789.6082492623157,789.6082492623157,789.6082492623157,-125.90540134491587,-125.90540134491587,-125.90540134491587,0,0,0,614.5446281454163,4720.576141182872,2484.223901352218,2484.223901352218,2669.6719955951726
2024-06-22T00:00:00Z,2484.45191297147,-2369.0885941977117,-2369.0885941977117,-2369.0885941977117,0,0,0,0,0,0,-1074.5591349234162,-1074.5591349234162,-1074.5591349234162,0,0,0,0,0,0,0,0,0,309.06954128298315,309.06954128298315,309.06954128298315,-1074.5591349234162,-1074.5591349234162,-1074.5591349234162,0,0,0,-1475.881490462993,-1475.881490462993,-1475.881490462993,-127.71751009428567,-127.71751009428567,-127.71751009428567,0,0,0,-1852.7149882224844,2085.5916996890905,2484.45191297147,2484.45191297147,115.36331877375824
2024-06-23T00:00:00Z,2484.679924590722,-2334.4449935955336,-2334.4449935955336,-2334.4449935955336,0,0,0,0,0,0,-624.396629035251,-624.396629035251,-624.396629035251,0,0,0,0,0,0,0,0,0,490.2555007518814,490.2555007518814,490.2555007518814,-624.396629035251,-624.396629035251,-624.396629035251,0,0,0,-2070.6412822431935,-2070.6412822431935,-2070.6412822431935,-129.66258306897032,-129.66258306897032,-129.66258306897032,0,0,0,-1929.717603452421,2037.9490059623226,2484.679924590722,2484.679924590722,150.23493099518828
2024-06-24T00:00:00Z,2484.9079362099737,-82.69485953624599,-82.69485953624599,-82.69485953624599,0,0,0,0,0,0,-884.8365488841048,-884.8365488841048,-884.8365488841048,0,0,0,0,0,0,0,0,0,516.724901707479,516.724901707479,516.724901707479,-884.8365488841048,-884.8365488841048,-884.8365488841048,0,0,0,417.2668386421791,417.2668386421791,417.2668386421791,-131.85005100179956,-131.85005100179956,-131.85005100179956,0,0,0,539.8822521602801,4303.772970562716,2484.9079362099737,2484.9079362099737,2402.2130766737278
2024-06-25T00:00:00Z,2485.1359478292256,1268.9774614705357,1268.9774614705357,1268.9774614705357,0,0,0,0,0,0,0,0,0,0,0,0,0,0,0,0,0,0,620.6546985745453,620.6546985745453,620.6546985745453,0,0,0,0,0,0,782.6848167499522,782.6848167499522,782.6848167499522,-134.36205385396158,-134.36205385396158,-134.36205385396158,0,0,0,1906.5966678554732,5880.6647474267775,2485.1359478292256,2485.1359478292256,3754.1134092997613
2024-06-26T00:00:00Z,2485.3639594484775,1739.6827171758885,1739.6827171758885,1739.6827171758885,0,0,0,0,0,0,0,0,0,0,0,0,0,0,0,0,0,0,1126.4115355194062,1126.4115355194062,1126.4115355194062,0,0,0,0,0,0,750.5195902302936,750.5195902302936,750.5195902302936,-137.24840857381187,-137.24840857381187,-137.24840857381187,0,0,0,2294.819220524165,6261.113575980991,2485.3639594484775,2485.3639594484775,4225.046676624366
2024-06-27T00:00:00Z,2485.5919710677294,2766.0037963692703,2766.0037963692703,2766.0037963692703,0,0,0,0,0,0,0,0,0,0,0,0,0,0,0,0,0,0,2100.0834213384546,2100.0834213384546,2100.0834213384546,0,0,0,0,0,0,806.4432778133278,806.4432778133278,806.4432778133278,-140.5229027825126,-140.5229027825126,-140.5229027825126,0,0,0,3254.941519563854,7335.181308183179,2485.5919710677294,2485.5919710677294,5251.595767437
2024-06-28T00:00:00Z,2485.8199826869813,3799.4264561743757,3799.4264561743757,3799.4264561743757,0,0,0,0,0,0,0,0,0,0,0,0,0,0,0,0,0,0,3153.9792712733024,3153.9792712733024,3153.9792712733024,0,0,0,0,0,0,789.6082492625394,789.6082492625394,789.6082492625394,-144.16106436146578,-144.16106436146578,-144.16106436146578,0,0,0,4250.647285532541,8220.577310272707,2485.8199826869813,2485.8199826869813,6285.246438861357
2024-06-29T00:00:00Z,2486.0479943062332,2008.7963382526364,2008.7963382526364,2008.7963382526364,0,0,0,0,0,0,0,0,0,0,0,0,0,0,0,0,0,0,3632.7773326499364,3632.7773326499364,3632.7773326499364,0,0,0,0,0,0,-1475.8814904558512,-1475.8814904558512,-1475.8814904558512,-148.09950394144812,-148.09950394144812,-148.09950394144812,0,0,0,2500.7892025701626,6355.081126993354,2486.0479943062332,2486.0479943062332,4494.84433255887
2024-06-30T00:00:00Z,2486.276005925485,855.4392603139161,855.4392603139161,855.4392603139161,0,0,0,0,0,0,0,0,0,0,0,0,0,0,0,0,0,0,3078.31741337792,3078.31741337792,3078.31741337792,0,0,0,0,0,0,-2070.6412822425714,-2070.6412822425714,-2070.6412822425714,-152.236870821432,-152.236870821432,-152.236870821432,0,0,0,1511.2144487341955,5289.387586566659,2486.276005925485,2486.276005925485,3341.715266239401
2024-07-01T00:00:00Z,2486.504017544737,1864.003109118001,1864.003109118001,1864.003109118001,0,0,0,0,0,0,0,0,0,0,0,0,0,0,0,0,0,0,1603.1726752916236,1603.1726752916236,1603.1726752916236,0,0,0,0,0,0,417.26683864291095,417.26683864291095,417.26683864291095,-156.43640481653327,-156.43640481653327,-156.43640481653327,0,0,0,2535.715329542674,6324.244394098818,2486.504017544737,2486.504017544737,4350.507126662738
2024-07-02T00:00:00Z,2486.732029163989,474.50196465723957,474.50196465723957,474.50196465723957,0,0,0,0,0,0,0,0,0,0,0,0,0,0,0,0,0,0,-147.65284320141416,-147.65284320141416,-147.65284320141416,0,0,0,0,0,0,782.6848167496502,782.6848167496502,782.6848167496502,-160.5300088909965,-160.5300088909965,-160.5300088909965,0,0,0,1025.2296844490768,5021.910653528158,2486.732029163989,2486.732029163989,2961.2339938212285
2024-07-03T00:00:00Z,2486.960041135229,-845.1587137156246,-845.1587137156246,-845.1587137156246,0,0,0,0,0,0,0,0,0,0,0,0,0,0,0,0,0,0,-1431.354591792056,-1431.354591792056,-1431.354591792056,0,0,0,0,0,0,750.5195902306668,750.5195902306668,750.5195902306668,-164.32371215423515,-164.32371215423515,-164.32371215423515,0,0,0,-224.28275249658117,3664.1503943435955,2486.960041135229,2486.960041135229,1641.8013274196044
2024-07-04T00:00:00Z,2487.1880531064685,-1253.8443069716202,-1253.8443069716202,-1253.8443069716202,0,0,0,0,0,0,0,0,0,0,0,0,0,0,0,0,0,0,-1892.6832430359552,-1892.6832430359552,-1892.6832430359552,0,0,0,0,0,0,806.4432778113559,806.4432778113559,806.4432778113559,-167.6043417470205,-167.6043417470205,-167.6043417470205,0,0,0,-726.2306428195706,3328.5670833974323,2487.1880531064685,2487.1880531064685,1233.3437461348483
2024-07-05T00:00:00Z,2487.4160650777085,-1102.5941967468925,-1102.5941967468925,-1102.5941967468925,0,0,0,0,0,0,0,0,0,0,0,0,0,0,0,0,0,0,-1722.0552689298502,-1722.0552689298502,-1722.0552689298502,0,0,0,0,0,0,789.608249260977,789.608249260977,789.608249260977,-170.14717707801984,-170.14717707801984,-170.14717707801984,0,0,0,-557.1733137755887,3501.233929284232,2487.4160650777085,2487.4160650777085,1384.821868330816
2024-07-06T00:00:00Z,2487.6440770489485,-3044.857843431561,-3044.857843431561,-3044.857843431561,0,0,0,0,0,0,0,0,0,0,0,0,0,0,0,0,0,0,-1397.2520306330443,-1397.2520306330443,-1397.2520306330443,0,0,0,0,0,0,-1475.8814904569124,-1475.8814904569124,-1475.8814904569124,-171.7243223416042,-171.7243223416042,-171.7243223416042,0,0,0,-2632.9607765896653,1428.5138444924996,2487.6440770489485,2487.6440770489485,-557.2137663826124
2024-07-07T00:00:00Z,2487.8720890201885,-5450.343020304564,-5450.343020304564,-5450.343020304564,0,0,0,0,0,0,-1941.2219588157836,-1941.2219588157836,-1941.2219588157836,0,0,0,0,0,0,-1941.2219588157836,-1941.2219588157836,-1941.2219588157836,-1266.3662747062633,-1266.3662747062633,-1266.3662747062633,0,0,0,0,0,0,-2070.641282240344,-2070.641282240344,-2070.641282240344,-172.11350454217228,-172.11350454217228,-172.11350454217228,0,0,0,-4958.648684624969,-1064.9278380563535,2487.8720890201885,2487.8720890201885,-2962.470931284375
2024-07-08T00:00:00Z,2488.100100991428,-3024.7091789840856,-3024.7091789840856,-3024.7091789840856,0,0,0,0,0,0,-1941.2219588157836,-1941.2219588157836,-1941.2219588157836,0,0,0,0,0,0,-1941.2219588157836,-1941.2219588157836,-1941.2219588157836,-1329.6470733946246,-1329.6470733946246,-1329.6470733946246,0,0,0,0,0,0,417.2668386456643,417.2668386456643,417.2668386456643,-171.10698541934164,-171.10698541934164,-171.10698541934164,0,0,0,-2507.695025993011,1652.6661994563997,2488.100100991428,2488.100100991428,-536.6090779926576
2024-07-09T00:00:00Z,2488.3281129626675,-747.5714546799269,-747.5714546799269,-747.5714546799269,0,0,0,0,0,0,0,0,0,0,0,0,0,0,0,0,0,0,-1361.7360040624899,-1361.7360040624899,-1361.7360040624899,0,0,0,0,0,0,782.6848167509575,782.6848167509575,782.6848167509575,-168.52026736839431,-168.52026736839431,-168.52026736839431,0,0,0,-284.86481971675744,3802.024520659122,2488.3281129626675,2488.3281129626675,1740.7566582827408
2024-07-10T00:00:00Z,2488.5561249339075,-615.1899486437744,-615.1899486437744,-615.1899486437744,0,0,0,0,0,0,0,0,0,0,0,0,0,0,0,0,0,0,-1201.5092628093123,-1201.5092628093123,-1201.5092628093123,0,0,0,0,0,0,750.5195902297964,750.5195902297964,750.5195902297964,-164.2002760642586,-164.2002760642586,-164.2002760642586,0,0,0,-150.80798381040174,3967.4044967977093,2488.5561249339075,2488.5561249339075,1873.3661762901331
2024-07-11T00:00:00Z,2488.7841369051475,-266.51093751094305,-266.51093751094305,-266.51093751094305,0,0,0,0,0,0,0,0,0,0,0,0,0,0,0,0,0,0,-914.9214993288351,-914.9214993288351,-914.9214993288351,0,0,0,0,0,0,806.443277812165,806.443277812165,806.443277812165,-158.0327159942728,-158.0327159942728,-158.0327159942728,0,0,0,236.29133628743878,4311.1538584540795,2488.7841369051475,2488.7841369051475,2222.2731993942043
2024-07-12T00:00:00Z,2489.012148876387,-58.74174423591736,-58.74174423591736,-58.74174423591736,0,0,0,0,0,0,0,0,0,0,0,0,0,0,0,0,0,0,-698.4016743742385,-698.4016743742385,-698.4016743742385,0,0,0,0,0,0,789.6082492594146,789.6082492594146,789.6082492594146,-149.9483191210936,-149.9483191210936,-149.9483191210936,0,0,0,465.7121662885788,4403.449119207913,2489.012148876387,2489.012148876387,2430.2704046404697
2024-07-13T00:00:00Z,2489.240160847627,-2272.8823528605494,-2272.8823528605494,-2272.8823528605494,0,0,0,0,0,0,0,0,0,0,0,0,0,0,0,0,0,0,-657.0731216842973,-657.0731216842973,-657.0731216842973,0,0,0,0,0,0,-1475.881490457973,-1475.881490457973,-1475.881490457973,-139.92774071827964,-139.92774071827964,-139.92774071827964,0,0,0,-1723.332879889758,2031.4717302553722,2489.240160847627,2489.240160847627,216.35780798707765
2024-07-14T00:00:00Z,2489.468172818867,-2898.562159159452,-2898.562159159452,-2898.562159159452,0,0,0,0,0,0,0,0,0,0,0,0,0,0,0,0,0,0,-699.9159779303325,-699.9159779303325,-699.9159779303325,0,0,0,0,0,0,-2070.641282238116,-2070.641282238116,-2070.641282238116,-128.00489899100353,-128.00489899100353,-128.00489899100353,0,0,0,-2325.7007204912493,1488.539179293237,2489.468172818867,2489.468172818867,-409.09398634058516
2024-07-15T00:00:00Z,2489.6961847901066,-349.09585546157814,-349.09585546157814,-349.09585546157814,0,0,0,0,0,0,0,0,0,0,0,0,0,0,0,0,0,0,-652.0940890220185,-652.0940890220185,-652.0940890220185,0,0,0,0,0,0,417.2668386380662,417.2668386380662,417.2668386380662,-114.26860507762585,-114.26860507762585,-114.26860507762585,0,0,0,61.00163783412172,4018.297684367711,2489.6961847901066,2489.6961847901066,2140.6003293285285
2024-07-16T00:00:00Z,2489.9241967613466,231.6161256410991,231.6161256410991,231.6161256410991,0,0,0,0,0,0,0,0,0,0,0,0,0,0,0,0,0,0,-452.20630527936015,-452.20630527936015,-452.20630527936015,0,0,0,0,0,0,782.6848167506554,782.6848167506554,782.6848167506554,-98.8623858301963,-98.8623858301963,-98.8623858301963,0,0,0,764.9835666567997,4665.844991857434,2489.9241967613466,2489.9241967613466,2721.540322402446
2024-07-17T00:00:00Z,2490.1522087325866,449.4226642991417,449.4226642991417,449.4226642991417,0,0,0,0,0,0,0,0,0,0,0,0,0,0,0,0,0,0,-219.11446434544254,-219.11446434544254,-219.11446434544254,0,0,0,0,0,0,750.5195902301698,750.5195902301698,750.5195902301698,-81.98246158558554,-81.98246158558554,-81.98246158558554,0,0,0,1067.643593552055,4947.449195882245,2490.1522087325866,2490.1522087325866,2939.574873031728
2024-07-18T00:00:00Z,2490.3802207038266,624.552029802786,624.552029802786,624.552029802786,0,0,0,0,0,0,0,0,0,0,0,0,0,0,0,0,0,0,-118.01734497461,-118.01734497461,-118.01734497461,0,0,0,0,0,0,806.4432778116378,806.4432778116378,806.4432778116378,-63.87390303424207,-63.87390303424207,-63.87390303424207,0,0,0,1108.6823275081476,5111.232279888495,2490.3802207038266,2490.3802207038266,3114.9322505066125
2024-07-19T00:00:00Z,2490.608232675066,572.6108992932554,572.6108992932554,572.6108992932554,0,0,0,0,0,0,0,0,0,0,0,0,0,0,0,0,0,0,-172.17229673790717,-172.17229673790717,-172.17229673790717,0,0,0,0,0,0,789.6082492578523,789.6082492578523,789.6082492578523,-44.8250532266896,-44.8250532266896,-44.8250532266896,0,0,0,1075.9237553848661,5186.831540913634,2490.608232675066,2490.608232675066,3063.2191319683216
2024-07-20T00:00:00Z,2490.836244646306,-1728.1915492483981,-1728.1915492483981,-1728.1915492483981,0,0,0,0,0,0,0,0,0,0,0,0,0,0,0,0,0,0,-227.14969809833048,-227.14969809833048,-227.14969809833048,0,0,0,0,0,0,-1475.881490452714,-1475.881490452714,-1475.881490452714,-25.160360697353788,-25.160360697353788,-25.160360697353788,0,0,0,-1240.1833349121177,2709.7452322365784,2490.836244646306,2490.836244646306,762.644695397908
2024-07-21T00:00:00Z,2491.064256617546,-2189.268606505773,-2189.268606505773,-2189.268606505773,0,0,0,0,0,0,0,0,0,0,0,0,0,0,0,0,0,0,-113.39549864769991,-113.39549864769991,-113.39549864769991,0,0,0,0,0,0,-2070.6412822390994,-2070.6412822390994,-2070.6412822390994,-5.231825618973607,-5.231825618973607,-5.231825618973607,0,0,0,-1701.657793601763,2311.755998159408,2491.064256617546,2491.064256617546,301.7956501117733
2024-07-22T00:00:00Z,2491.292268588786,595.8983161585976,595.8983161585976,595.8983161585976,0,0,0,0,0,0,0,0,0,0,0,0,0,0,0,0,0,0,164.04078846949486,164.04078846949486,164.04078846949486,0,0,0,0,0,0,417.26683863980867,417.26683863980867,417.26683863980867,14.590689049294026,14.590689049294026,14.590689049294026,0,0,0,1130.2724990094575,5178.891938609542,2491.292268588786,2491.292268588786,3087.1905847473836
2024-07-23T00:00:00Z,2491.5202805600256,1239.4345058138965,1239.4345058138965,1239.4345058138965,0,0,0,0,0,0,0,0,0,0,0,0,0,0,0,0,0,0,422.8197020562801,422.8197020562801,422.8197020562801,0,0,0,0,0,0,782.6848167503531,782.6848167503531,782.6848167503531,33.92998700726342,33.92998700726342,33.92998700726342,0,0,0,1794.2940187996517,5699.8858264809005,2491.5202805600256,2491.5202805600256,3730.954786373922
2024-07-24T00:00:00Z,2491.7482925312656,1316.9988007431746,1316.9988007431746,1316.9988007431746,0,0,0,0,0,0,0,0,0,0,0,0,0,0,0,0,0,0,514.0666296317269,514.0666296317269,514.0666296317269,0,0,0,0,0,0,750.519590229921,750.519590229921,750.519590229921,52.41258088152653,52.41258088152653,52.41258088152653,0,0,0,1825.8134789658884,5915.528479292679,2491.7482925312656,2491.7482925312656,3808.74709327444
2024-07-25T00:00:00Z,2491.976304502505,1413.0246950427131,1413.0246950427131,1413.0246950427131,0,0,0,0,0,0,0,0,0,0,0,0,0,0,0,0,0,0,536.9015207738652,536.9015207738652,536.9015207738652,0,0,0,0,0,0,806.4432778137833,806.4432778137833,806.4432778137833,69.6798964550645,69.6798964550645,69.6798964550645,0,0,0,1991.936037777851,5886.807501110846,2491.976304502505,2491.976304502505,3905.0009995452183
2024-07-26T00:00:00Z,2492.204316473745,1684.2444346556022,1684.2444346556022,1684.2444346556022,0,0,0,0,0,0,0,0,0,0,0,0,0,0,0,0,0,0,809.2369092895984,809.2369092895984,809.2369092895984,0,0,0,0,0,0,789.6082492644415,789.6082492644415,789.6082492644415,85.39927610156197,85.39927610156197,85.39927610156197,0,0,0,2193.922331599673,6145.214426313085,2492.204316473745,2492.204316473745,4176.448751129347
2024-07-27T00:00:00Z,2492.4323284449847,191.913210253903,191.913210253903,191.913210253903,0,0,0,0,0,0,0,0,0,0,0,0,0,0,0,0,0,0,1568.5202822581807,1568.5202822581807,1568.5202822581807,0,0,0,0,0,0,-1475.8814904518927,-1475.8814904518927,-1475.8814904518927,99.27441844761489,99.27441844761489,99.27441844761489,0,0,0,721.8740063071156,4695.586176910757,2492.4323284449847,2492.4323284449847,2684.3455386988876
2024-07-28T00:00:00Z,2492.6603404162247,696.9400706207954,696.9400706207954,696.9400706207954,0,0,0,0,0,0,0,0,0,0,0,0,0,0,0,0,0,0,2656.5264499225655,2656.5264499225655,2656.5264499225655,0,0,0,0,0,0,-2070.6412822368716,-2070.6412822368716,-2070.6412822368716,111.05490293510154,111.05490293510154,111.05490293510154,0,0,0,1241.7960305075517,5263.741689125603,2492.6603404162247,2492.6603404162247,3189.60041103702
2024-07-29T00:00:00Z,2492.8883523874647,4042.1933597369293,4042.1933597369293,4042.1933597369293,0,0,0,0,0,0,0,0,0,0,0,0,0,0,0,0,0,0,3504.382049854486,3504.382049854486,3504.382049854486,0,0,0,0,0,0,417.2668386415513,417.2668386415513,417.2668386415513,120.54447124089154,120.54447124089154,120.54447124089154,0,0,0,4520.450501857886,8514.201646795102,2492.8883523874647,2492.8883523874647,6535.0817121243945
2024-07-30T00:00:00Z,2493.1163643587042,4403.307042090112,4403.307042090112,4403.307042090112,0,0,0,0,0,0,0,0,0,0,0,0,0,0,0,0,0,0,3493.0144535154864,3493.0144535154864,3493.0144535154864,0,0,0,0,0,0,782.684816750051,782.684816750051,782.684816750051,127.60777182457626,127.60777182457626,127.60777182457626,0,0,0,4976.049815113559,8722.891119601012,2493.1163643587042,2493.1163643587042,6896.423406448816
2024-07-31T00:00:00Z,2493.344376329944,3306.9311963730092,3306.9311963730092,3306.9311963730092,0,0,0,0,0,0,0,0,0,0,0,0,0,0,0,0,0,0,2424.2362878664476,2424.2362878664476,2424.2362878664476,0,0,0,0,0,0,750.5195902302621,750.5195902302621,750.5195902302621,132.17531827629995,132.17531827629995,132.17531827629995,0,0,0,3715.369076341477,7854.256392137314,2493.344376329944,2493.344376329944,5800.2755727029535
2024-08-01T00:00:00Z,2493.572388301184,1652.2400491540873,1652.2400491540873,1652.2400491540873,0,0,0,0,0,0,0,0,0,0,0,0,0,0,0,0,0,0,711.5503060328716,711.5503060328716,711.5503060328716,0,0,0,0,0,0,806.4432778132561,806.4432778132561,806.4432778132561,134.24646530795908,134.24646530795908,134.24646530795908,0,0,0,2214.5055719878096,6182.686331309993,2493.572388301184,2493.572388301184,4145.812437455272
2024-08-02T00:00:00Z,2493.800400272424,40.22337435384498,40.22337435384498,40.22337435384498,0,0,0,0,0,0,0,0,0,0,0,0,0,0,0,0,0,0,-883.2751415210395,-883.2751415210395,-883.2751415210395,0,0,0,0,0,0,789.6082492628791,789.6082492628791,789.6082492628791,133.8902666120057,133.8902666120057,133.8902666120057,0,0,0,565.5191398822769,4621.021594897465,2493.800400272424,2493.800400272424,2534.023774626269
2024-08-03T00:00:00Z,2494.0284122436638,-3109.0132537588684,-3109.0132537588684,-3109.0132537588684,0,0,0,0,0,0,0,0,0,0,0,0,0,0,0,0,0,0,-1764.3759078362277,-1764.3759078362277,-1764.3759078362277,0,0,0,0,0,0,-1475.8814904548356,-1475.8814904548356,-1475.8814904548356,131.24414453219512,131.24414453219512,131.24414453219512,0,0,0,-2408.3920827366687,1479.7593959230296,2494.0284122436638,2494.0284122436638,-614.9848415152046
2024-08-04T00:00:00Z,2494.2564242149037,-3802.297359751393,-3802.297359751393,-3802.297359751393,0,0,0,0,0,0,0,0,0,0,0,0,0,0,0,0,0,0,-1858.1664480628588,-1858.1664480628588,-1858.1664480628588,0,0,0,0,0,0,-2070.641282236249,-2070.641282236249,-2070.641282236249,126.51037054771497,126.51037054771497,126.51037054771497,0,0,0,-3237.4146676467294,654.8705558512888,2494.2564242149037,2494.2564242149037,-1308.040935536489
2024-08-05T00:00:00Z,2494.4844361861437,-1012.6781437846464,-1012.6781437846464,-1012.6781437846464,0,0,0,0,0,0,0,0,0,0,0,0,0,0,0,0,0,0,-1549.8954082150178,-1549.8954082150178,-1549.8954082150178,0,0,0,0,0,0,417.26683864329385,417.26683864329385,417.26683864329385,119.95042578707707,119.95042578707707,119.95042578707707,0,0,0,-560.060951257031,3295.139616415593,2494.4844361861437,2494.4844361861437,1481.8062924014973
2024-08-06T00:00:00Z,2494.7124481573833,-404.7404863042826,-404.7404863042826,-404.7404863042826,0,0,0,0,0,0,0,0,0,0,0,0,0,0,0,0,0,0,-1299.3026829996375,-1299.3026829996375,-1299.3026829996375,0,0,0,0,0,0,782.6848167499645,782.6848167499645,782.6848167499645,111.87737994539029,111.87737994539029,111.87737994539029,0,0,0,119.58731599385702,4069.4131845151255,2494.7124481573833,2494.7124481573833,2089.9719618531008
2024-08-07T00:00:00Z,2494.9404601286233,-432.7008182754897,-432.7008182754897,-432.7008182754897,0,0,0,0,0,0,0,0,0,0,0,0,0,0,0,0,0,0,-1285.8669013620777,-1285.8669013620777,-1285.8669013620777,0,0,0,0,0,0,750.5195902300136,750.5195902300136,750.5195902300136,102.6464928565747,102.6464928565747,102.6464928565747,0,0,0,140.22949921310283,4038.4270938489635,2494.9404601286233,2494.9404601286233,2062.2396418531334
2024-08-08T00:00:00Z,2495.1684720998633,-465.22858298005457,-465.22858298005457,-465.22858298005457,0,0,0,0,0,0,0,0,0,0,0,0,0,0,0,0,0,0,-1364.3161642279026,-1364.3161642279026,-1364.3161642279026,0,0,0,0,0,0,806.443277812729,806.443277812729,806.443277812729,92.64430343511853,92.64430343511853,92.64430343511853,0,0,0,-4.468111483821902,3926.596310771863,2495.1684720998633,2495.1684720998633,2029.9398891198086
2024-08-09T00:00:00Z,2495.3964840711033,-435.03867126619474,-435.03867126619474,-435.03867126619474,0,0,0,0,0,0,0,0,0,0,0,0,0,0,0,0,0,0,-1306.923444270685,-1306.923444270685,-1306.923444270685,0,0,0,0,0,0,789.6082492613166,789.6082492613166,789.6082492613166,82.27652374317341,82.27652374317341,82.27652374317341,0,0,0,93.18826207915015,3977.3897337167564,2495.3964840711033,2495.3964840711033,2060.3578128049085
2024-08-10T00:00:00Z,2495.6244960423423,-2466.1093679964297,-2466.1093679964297,-2466.1093679964297,0,0,0,0,0,0,0,0,0,0,0,0,0,0,0,0,0,0,-1062.182977328785,-1062.182977328785,-1062.182977328785,0,0,0,0,0,0,-1475.8814904558965,-1475.8814904558965,-1475.8814904558965,71.95509978825145,71.95509978825145,71.95509978825145,0,0,0,-1973.449993074024,2195.773495534679,2495.6244960423423,2495.6244960423423,29.51512804591266
2024-08-11T00:00:00Z,2495.8525080135823,-2795.4424384028785,-2795.4424384028785,-2795.4424384028785,0,0,0,0,0,0,0,0,0,0,0,0,0,0,0,0,0,0,-786.8859899318194,-786.8859899318194,-786.8859899318194,0,0,0,0,0,0,-2070.641282241067,-2070.641282241067,-2070.641282241067,62.08483377000752,62.08483377000752,62.08483377000752,0,0,0,-2307.7360566892344,1699.3944542031163,2495.8525080135823,2495.8525080135823,-299.5899303892961
2024-08-12T00:00:00Z,2496.0805199848223,-186.97401067829225,-186.97401067829225,-186.97401067829225,0,0,0,0,0,0,0,0,0,0,0,0,0,0,0,0,0,0,-657.2908330144568,-657.2908330144568,-657.2908330144568,0,0,0,0,0,0,417.2668386356958,417.2668386356958,417.2668386356958,53.049983700468914,53.049983700468914,53.049983700468914,0,0,0,263.4379987619377,4265.423047914852,2496.0805199848223,2496.0805199848223,2309.10650930653
2024-08-13T00:00:00Z,2496.3085319560623,148.48184058919367,148.48184058919367,148.48184058919367,0,0,0,0,0,0,0,0,0,0,0,0,0,0,0,0,0,0,-679.4042409040792,-679.4042409040792,-679.4042409040792,0,0,0,0,0,0,782.6848167494464,782.6848167494464,782.6848167494464,45.2012647438264,45.2012647438264,45.2012647438264,0,0,0,722.5689551435331,4680.908479887266,2496.3085319560623,2496.3085319560623,2644.790372545256
2024-08-14T00:00:00Z,2496.536543927302,93.68354891782491,93.68354891782491,93.68354891782491,0,0,0,0,0,0,0,0,0,0,0,0,0,0,0,0,0,0,-695.6797131563147,-695.6797131563147,-695.6797131563147,0,0,0,0,0,0,750.5195902303867,750.5195902303867,750.5195902303867,38.843671843753135,38.843671843753135,38.843671843753135,0,0,0,670.2487653519815,4679.577149242162,2496.536543927302,2496.536543927302,2590.2200928451266
2024-08-15T00:00:00Z,2496.764555898542,273.4667627596563,273.4667627596563,273.4667627596563,0,0,0,0,0,0,0,0,0,0,0,0,0,0,0,0,0,0,-567.2020402001574,-567.2020402001574,-567.2020402001574,0,0,0,0,0,0,806.4432778148745,806.4432778148745,806.4432778148745,34.225525144939446,34.225525144939446,34.225525144939446,0,0,0,773.3591926196442,4892.687628712031,2496.764555898542,2496.764555898542,2770.2313186581982
2024-08-16T00:00:00Z,2496.992567869782,493.0807808566047,493.0807808566047,493.0807808566047,0,0,0,0,0,0,0,0,0,0,0,0,0,0,0,0,0,0,-328.05657718265877,-328.05657718265877,-328.05657718265877,0,0,0,0,0,0,789.6082492661197,789.6082492661197,789.6082492661197,31.529108773143744,31.529108773143744,31.529108773143744,0,0,0,1030.368620849187,5005.927093135287,2496.992567869782,2496.992567869782,2990.0733487263865
2024-08-17T00:00:00Z,2497.220579841022,-1590.7651480167194,-1590.7651480167194,-1590.7651480167194,0,0,0,0,0,0,0,0,0,0,0,0,0,0,0,0,0,0,-145.7468880368489,-145.7468880368489,-145.7468880368489,0,0,0,0,0,0,-1475.8814904569574,-1475.8814904569574,-1475.8814904569574,30.863230477086883,30.863230477086883,30.863230477086883,0,0,0,-1109.9293926407606,2931.1263746217855,2497.220579841022,2497.220579841022,906.4554318243024
2024-08-18T00:00:00Z,2497.4485918122614,-2170.7292269249106,-2170.7292269249106,-2170.7292269249106,0,0,0,0,0,0,0,0,0,0,0,0,0,0,0,0,0,0,-132.34592029223444,-132.34592029223444,-132.34592029223444,0,0,0,0,0,0,-2070.6412822404445,-2070.6412822404445,-2070.6412822404445,32.25797560776865,32.25797560776865,32.25797560776865,0,0,0,-1659.192528986283,2278.4842092515846,2497.4485918122614,2497.4485918122614,326.7193648873508
2024-08-19T00:00:00Z,2497.6766037835014,240.41800079402088,240.41800079402088,240.41800079402088,0,0,0,0,0,0,0,0,0,0,0,0,0,0,0,0,0,0,-212.51070331452416,-212.51070331452416,-212.51070331452416,0,0,0,0,0,0,417.2668386364274,417.2668386364274,417.2668386364274,35.661865472117626,35.661865472117626,35.661865472117626,0,0,0,707.6896415879105,4682.305539019943,2497.6766037835014,2497.6766037835014,2738.094604577522
2024-08-20T00:00:00Z,2497.9046157547414,627.1833201185391,627.1833201185391,627.1833201185391,0,0,0,0,0,0,0,0,0,0,0,0,0,0,0,0,0,0,-196.44305566623623,-196.44305566623623,-196.44305566623623,0,0,0,0,0,0,782.6848167493599,782.6848167493599,782.6848167493599,40.9415590354153,40.9415590354153,40.9415590354153,0,0,0,1151.8993063030507,5060.828099100676,2497.9046157547414,2497.9046157547414,3125.0879358732805
2024-08-21T00:00:00Z,2498.132627725981,812.2516797141897,812.2516797141897,812.2516797141897,0,0,0,0,0,0,0,0,0,0,0,0,0,0,0,0,0,0,13.84792908375341,13.84792908375341,13.84792908375341,0,0,0,0,0,0,750.5195902301381,750.5195902301381,750.5195902301381,47.88416040029822,47.88416040029822,47.88416040029822,0,0,0,1222.4752146355672,5197.38646737695,2498.132627725981,2498.132627725981,3310.3843074401707
2024-08-22T00:00:00Z,2498.360639697221,1171.71493380418,1171.71493380418,1171.71493380418,0,0,0,0,0,0,0,0,0,0,0,0,0,0,0,0,0,0,309.06954128058055,309.06954128058055,309.06954128058055,0,0,0,0,0,0,806.4432778115665,806.4432778115665,806.4432778115665,56.202114712033094,56.202114712033094,56.202114712033094,0,0,0,1681.9559704761666,5659.85931148239,2498.360639697221,2498.360639697221,3670.075573501401
2024-08-23T00:00:00Z,2498.588651668461,1345.4043445931222,1345.4043445931222,1345.4043445931222,0,0,0,0,0,0,0,0,0,0,0,0,0,0,0,0,0,0,490.2555007513432,490.2555007513432,490.2555007513432,0,0,0,0,0,0,789.6082492663436,789.6082492663436,789.6082492663436,65.54059457543543,65.54059457543543,65.54059457543543,0,0,0,1903.6758633039472,5826.40030090813,2498.588651668461,2498.588651668461,3843.9929962615834
2024-08-24T00:00:00Z,2498.816663639701,-883.6693885615426,-883.6693885615426,-883.6693885615426,0,0,0,0,0,0,0,0,0,0,0,0,0,0,0,0,0,0,516.7249017071804,516.7249017071804,516.7249017071804,0,0,0,0,0,0,-1475.8814904580186,-1475.8814904580186,-1475.8814904580186,75.48720018929488,75.48720018929488,75.48720018929488,0,0,0,-258.32863863681706,3618.5458068497346,2498.816663639701,2498.816663639701,1615.1472750781581
2024-08-25T00:00:00Z,2499.044677346321,-1364.4028620089437,-1364.4028620089437,-1364.4028620089437,0,0,0,0,0,0,0,0,0,0,0,0,0,0,0,0,0,0,620.6546985763356,620.6546985763356,620.6546985763356,0,0,0,0,0,0,-2070.6412822382163,-2070.6412822382163,-2070.6412822382163,85.58372165293753,85.58372165293753,85.58372165293753,0,0,0,-769.3471774141328,3273.457242664389,2499.044677346321,2499.044677346321,1134.6418153373772
2024-08-26T00:00:00Z,2499.272691052942,1639.0180178299267,1639.0180178299267,1639.0180178299267,0,0,0,0,0,0,0,0,0,0,0,0,0,0,0,0,0,0,1126.4115355195315,1126.4115355195315,1126.4115355195315,0,0,0,0,0,0,417.2668386391809,417.2668386391809,417.2668386391809,95.33964367121493,95.33964367121493,95.33964367121493,0,0,0,2092.384169988728,6028.671188285958,2499.272691052942,2499.272691052942,4138.290708882869
2024-08-27T00:00:00Z,2499.5007047595623,2987.0152514188453,2987.0152514188453,2987.0152514188453,0,0,0,0,0,0,0,0,0,0,0,0,0,0,0,0,0,0,2100.083421336685,2100.083421336685,2100.083421336685,0,0,0,0,0,0,782.6848167504519,782.6848167504519,782.6848167504519,104.24701333170815,104.24701333170815,104.24701333170815,0,0,0,3345.2113117308754,7326.38102228416,2499.5007047595623,2499.5007047595623,5486.515956178408
2024-08-28T00:00:00Z,2499.7287184661827,4016.295104246985,4016.295104246985,4016.295104246985,0,0,0,0,0,0,0,0,0,0,0,0,0,0,0,0,0,0,3153.9792712742374,3153.9792712742374,3153.9792712742374,0,0,0,0,0,0,750.5195902298893,750.5195902298893,750.5195902298893,111.79624274285813,111.79624274285813,111.79624274285813,0,0,0,4623.565821714591,8506.976154468708,2499.7287184661827,2499.7287184661827,6516.023822713168
2024-08-29T00:00:00Z,2499.9567321728036,4556.712992196121,4556.712992196121,4556.712992196121,0,0,0,0,0,0,0,0,0,0,0,0,0,0,0,0,0,0,3632.7773326500765,3632.7773326500765,3632.7773326500765,0,0,0,0,0,0,806.4432778123754,806.4432778123754,806.4432778123754,117.49238173366945,117.49238173366945,117.49238173366945,0,0,0,5121.5105369624625,9079.708637993535,2499.9567321728036,2499.9567321728036,7056.669724368925
2024-08-30T00:00:00Z,2500.184745879424,3988.797035476856,3988.797035476856,3988.797035476856,0,0,0,0,0,0,0,0,0,0,0,0,0,0,0,0,0,0,3078.317413376529,3078.317413376529,3078.317413376529,0,0,0,0,0,0,789.6082492629952,789.6082492629952,789.6082492629952,120.87137283733256,120.87137283733256,120.87137283733256,0,0,0,4494.505361823134,8404.802887916328,2500.184745879424,2500.184745879424,6488.98178135628
2024-08-31T00:00:00Z,2500.412759586045,-1692.4149816761224,-1692.4149816761224,-1692.4149816761224,0,0,0,0,0,0,-1941.2219588157836,-1941.2219588157836,-1941.2219588157836,0,0,0,0,0,0,-1941.2219588157836,-1941.2219588157836,-1941.2219588157836,1603.1726752952454,1603.1726752952454,1603.1726752952454,0,0,0,0,0,0,-1475.8814904609612,-1475.8814904609612,-1475.8814904609612,121.5157923053767,121.5157923053767,121.5157923053767,0,0,0,-1104.6918385254914,2839.806587216152,2500.412759586045,2500.412759586045,807.9977779099227
2024-09-01T00:00:00Z,2500.6407732926655,-2099.2245380445975,-2099.2245380445975,-2099.2245380445975,0,0,0,0,0,0,0,0,0,0,0,0,0,0,0,0,0,0,-147.6528432035591,-147.6528432035591,-147.6528432035591,0,0,0,0,0,0,-2070.6412822392,-2070.6412822392,-2070.6412822392,119.0695873981616,119.0695873981616,119.0695873981616,0,0,0,-1609.5959925834431,2387.9032361996497,2500.6407732926655,2500.6407732926655,401.416235248068
2024-09-02T00:00:00Z,2500.8687869992864,-900.8364114676791,-900.8364114676791,-900.8364114676791,0,0,0,0,0,0,0,0,0,0,0,0,0,0,0,0,0,0,-1431.354591793807,-1431.354591793807,-1431.354591793807,0,0,0,0,0,0,417.26683863991275,417.26683863991275,417.26683863991275,113.25134168621445,113.25134168621445,113.25134168621445,0,0,0,-348.7356237479001,3538.7761808116884,2500.8687869992864,2500.8687869992864,1600.0323755316072
2024-09-03T00:00:00Z,2501.0968007059064,-1006.1327901402185,-1006.1327901402185,-1006.1327901402185,0,0,0,0,0,0,0,0,0,0,0,0,0,0,0,0,0,0,-1892.683243035186,-1892.683243035186,-1892.683243035186,0,0,0,0,0,0,782.6848167501496,782.6848167501496,782.6848167501496,103.8656361448181,103.8656361448181,103.8656361448181,0,0,0,-467.28310581916065,3453.3487723554704,2501.0968007059064,2501.0968007059064,1494.9640105656879
2024-09-04T00:00:00Z,2501.3248144125273,-880.7235551724191,-880.7235551724191,-880.7235551724191,0,0,0,0,0,0,0,0,0,0,0,0,0,0,0,0,0,0,-1722.055268930719,-1722.055268930719,-1722.055268930719,0,0,0,0,0,0,750.5195902296412,750.5195902296412,750.5195902296412,90.812123528659,90.812123528659,90.812123528659,0,0,0,-320.6412957536581,3525.7028968900677,2501.3248144125273,2501.3248144125273,1620.6012592401082
2024-09-05T00:00:00Z,2501.5528281191478,-516.7167572361471,-516.7167572361471,-516.7167572361471,0,0,0,0,0,0,0,0,0,0,0,0,0,0,0,0,0,0,-1397.2520306331821,-1397.2520306331821,-1397.2520306331821,0,0,0,0,0,0,806.4432778118485,806.4432778118485,806.4432778118485,74.09199558518692,74.09199558518692,74.09199558518692,0,0,0,-59.504759419389885,4026.00320236358,2501.5528281191478,2501.5528281191478,1984.8360708830005
2024-09-06T00:00:00Z,2501.7808418257687,-422.94643007454533,-422.94643007454533,-422.94643007454533,0,0,0,0,0,0,0,0,0,0,0,0,0,0,0,0,0,0,-1266.3662747071583,-1266.3662747071583,-1266.3662747071583,0,0,0,0,0,0,789.6082492632186,789.6082492632186,789.6082492632186,53.81159536939405,53.81159536939405,53.81159536939405,0,0,0,28.52618571723062,3902.2386430025254,2501.7808418257687,2501.7808418257687,2078.8344117512233
2024-09-07T00:00:00Z,2502.008855532389,-2775.345555602729,-2775.345555602729,-2775.345555602729,0,0,0,0,0,0,0,0,0,0,0,0,0,0,0,0,0,0,-1329.6470733930983,-1329.6470733930983,-1329.6470733930983,0,0,0,0,0,0,-1475.8814904538197,-1475.8814904538197,-1475.8814904538197,30.18300824418925,30.18300824418925,30.18300824418925,0,0,0,-2208.3753919133787,1708.194449904009,2502.008855532389,2502.008855532389,-273.3367000703397
2024-09-08T00:00:00Z,2502.23686923901,-3428.855733586191,-3428.855733586191,-3428.855733586191,0,0,0,0,0,0,0,0,0,0,0,0,0,0,0,0,0,0,-1361.7360040618878,-1361.7360040618878,-1361.7360040618878,0,0,0,0,0,0,-2070.641282242412,-2070.641282242412,-2070.641282242412,3.5215527181089925,3.5215527181089925,3.5215527181089925,0,0,0,-2906.18352367877,1046.9282646928175,2502.23686923901,2502.23686923901,-926.618864347181
2024-09-09T00:00:00Z,2502.4648829456305,-810.0022406053127,-810.0022406053127,-810.0022406053127,0,0,0,0,0,0,0,0,0,0,0,0,0,0,0,0,0,0,-1201.5092628111356,-1201.5092628111356,-1201.5092628111356,0,0,0,0,0,0,417.2668386416553,417.2668386416553,417.2668386416553,-25.7598164358324,-25.7598164358324,-25.7598164358324,0,0,0,-126.05085070902705,3613.663702256869,2502.4648829456305,2502.4648829456305,1692.4626423403179
2024-09-10T00:00:00Z,2502.692896652251,-189.39577062202093,-189.39577062202093,-189.39577062202093,0,0,0,0,0,0,0,0,0,0,0,0,0,0,0,0,0,0,-914.9214993282934,-914.9214993282934,-914.9214993282934,0,0,0,0,0,0,782.6848167498473,782.6848167498473,782.6848167498473,-57.15908804357502,-57.15908804357502,-57.15908804357502,0,0,0,393.65209250255845,4386.827701952332,2502.692896652251,2502.692896652251,2313.29712603023
2024-09-11T00:00:00Z,2502.920910358872,-37.978646240471,-37.978646240471,-37.978646240471,0,0,0,0,0,0,0,0,0,0,0,0,0,0,0,0,0,0,-698.4016743759661,-698.4016743759661,-698.4016743759661,0,0,0,0,0,0,750.5195902300139,750.5195902300139,750.5195902300139,-90.09656209451889,-90.09656209451889,-90.09656209451889,0,0,0,586.0640820275823,4298.525168086109,2502.920910358872,2502.920910358872,2464.942264118401
2024-09-12T00:00:00Z,2503.1489240654923,25.441432451607007,25.441432451607007,25.441432451607007,0,0,0,0,0,0,0,0,0,0,0,0,0,0,0,0,0,0,-657.0731216847967,-657.0731216847967,-657.0731216847967,0,0,0,0,0,0,806.4432778112127,806.4432778112127,806.4432778112127,-123.92872367480915,-123.92872367480915,-123.92872367480915,0,0,0,490.7132626023588,4496.313744809698,2503.1489240654923,2503.1489240654923,2528.5903565170993
2024-09-13T00:00:00Z,2503.376937772113,-68.27199169691758,-68.27199169691758,-68.27199169691758,0,0,0,0,0,0,0,0,0,0,0,0,0,0,0,0,0,0,-699.9159779294419,-699.9159779294419,-699.9159779294419,0,0,0,0,0,0,789.6082492634425,789.6082492634425,789.6082492634425,-157.96426303091823,-157.96426303091823,-157.96426303091823,0,0,0,524.1887678324415,4559.351733331649,2503.376937772113,2503.376937772113,2435.104946075195
2024-09-14T00:00:00Z,2503.6049514787333,-2319.4573916896406,-2319.4573916896406,-2319.4573916896406,0,0,0,0,0,0,0,0,0,0,0,0,0,0,0,0,0,0,-652.0940890221927,-652.0940890221927,-652.0940890221927,0,0,0,0,0,0,-1475.8814904548806,-1475.8814904548806,-1475.8814904548806,-191.48181221256675,-191.48181221256675,-191.48181221256675,0,0,0,-1764.5098096761658,2036.307889250716,2503.6049514787333,2503.6049514787333,184.1475597890926
2024-09-15T00:00:00Z,2503.832965185354,-2746.5964987532466,-2746.5964987532466,-2746.5964987532466,0,0,0,0,0,0,0,0,0,0,0,0,0,0,0,0,0,0,-452.20630527716054,-452.20630527716054,-452.20630527716054,0,0,0,0,0,0,-2070.6412822417897,-2070.6412822417897,-2070.6412822417897,-223.7489112342961,-223.7489112342961,-223.7489112342961,0,0,0,-2157.2712572959404,1729.6314674274793,2503.832965185354,2503.832965185354,-242.7635335678924
2024-09-16T00:00:00Z,2504.0609788919746,-1997.111257384111,-1997.111257384111,-1997.111257384111,0,0,0,0,0,0,-1941.2219588157836,-1941.2219588157836,-1941.2219588157836,0,0,0,0,0,0,-1941.2219588157836,-1941.2219588157836,-1941.2219588157836,-219.1144643463535,-219.1144643463535,-219.1144643463535,0,0,0,0,0,0,417.26683864339793,417.26683864339793,417.26683864339793,-254.04167286537222,-254.04167286537222,-254.04167286537222,0,0,0,-1435.5831658974319,2518.207796634285,2504.0609788919746,2504.0609788919746,506.9497215078636
2024-09-17T00:00:00Z,2504.2889925985955,383.0028852877128,383.0028852877128,383.0028852877128,0,0,0,0,0,0,0,0,0,0,0,0,0,0,0,0,0,0,-118.01734497511258,-118.01734497511258,-118.01734497511258,0,0,0,0,0,0,782.6848167497607,782.6848167497607,782.6848167497607,-281.66458648693555,-281.66458648693555,-281.66458648693555,0,0,0,834.4256873939694,4874.763945166622,2504.2889925985955,2504.2889925985955,2887.291877886308
2024-09-18T00:00:00Z,2504.517006305216,272.37740449371654,272.37740449371654,272.37740449371654,0,0,0,0,0,0,0,0,0,0,0,0,0,0,0,0,0,0,-172.17229673908082,-172.17229673908082,-172.17229673908082,0,0,0,0,0,0,750.5195902297334,750.5195902297334,750.5195902297334,-305.96988899693605,-305.96988899693605,-305.96988899693605,0,0,0,799.8191053827805,4723.830955104702,2504.517006305216,2504.517006305216,2776.8944107989328
2024-09-19T00:00:00Z,2504.745020011837,252.9176446216999,252.9176446216999,252.9176446216999,0,0,0,0,0,0,0,0,0,0,0,0,0,0,0,0,0,0,-227.1496980988171,-227.1496980988171,-227.1496980988171,0,0,0,0,0,0,806.4432778106858,806.4432778106858,806.4432778106858,-326.3759350901686,-326.3759350901686,-326.3759350901686,0,0,0,858.0398009982421,4762.960852331653,2504.745020011837,2504.745020011837,2757.6626646335367
2024-09-20T00:00:00Z,2504.9730337184574,333.82873017475794,333.82873017475794,333.82873017475794,0,0,0,0,0,0,0,0,0,0,0,0,0,0,0,0,0,0,-113.39549864577455,-113.39549864577455,-113.39549864577455,0,0,0,0,0,0,789.608249260094,789.608249260094,789.608249260094,-342.3840204395615,-342.3840204395615,-342.3840204395615,0,0,0,850.3859240238138,4791.325993725769,2504.9730337184574,2504.9730337184574,2838.801763893215
2024-09-21T00:00:00Z,2505.2010474250783,-1665.4338509711827,-1665.4338509711827,-1665.4338509711827,0,0,0,0,0,0,0,0,0,0,0,0,0,0,0,0,0,0,164.0407884693,164.0407884693,164.0407884693,0,0,0,0,0,0,-1475.8814904559415,-1475.8814904559415,-1475.8814904559415,-353.5931489845409,-353.5931489845409,-353.5931489845409,0,0,0,-1225.236328004386,2899.315488581801,2505.2010474250783,2505.2010474250783,839.7671964538956
2024-09-22T00:00:00Z,2505.4290611316983,-2007.5338689114992,-2007.5338689114992,-2007.5338689114992,0,0,0,0,0,0,0,0,0,0,0,0,0,0,0,0,0,0,422.8197020543599,422.8197020543599,422.8197020543599,0,0,0,0,0,0,-2070.6412822395623,-2070.6412822395623,-2070.6412822395623,-359.7122887262971,-359.7122887262971,-359.7122887262971,0,0,0,-1586.0465795719701,2453.423182943405,2505.4290611316983,2505.4290611316983,497.8951922201991
2024-09-23T00:00:00Z,2505.657074838319,570.7637404803764,570.7637404803764,570.7637404803764,0,0,0,0,0,0,0,0,0,0,0,0,0,0,0,0,0,0,514.0666296313058,514.0666296313058,514.0666296313058,0,0,0,0,0,0,417.2668386368105,417.2668386368105,417.2668386368105,-360.56972778774013,-360.56972778774013,-360.56972778774013,0,0,0,1067.4605560962125,4899.3210011690035,2505.657074838319,2505.657074838319,3076.4208153186955
2024-09-24T00:00:00Z,2505.8850885449397,963.467115366934,963.467115366934,963.467115366934,0,0,0,0,0,0,0,0,0,0,0,0,0,0,0,0,0,0,536.9015207750529,536.9015207750529,536.9015207750529,0,0,0,0,0,0,782.6848167496746,782.6848167496746,782.6848167496746,-356.1192221577933,-356.1192221577933,-356.1192221577933,0,0,0,1451.4793437964997,5551.336627172419,2505.8850885449397,2505.8850885449397,3469.3522039118734
2024-09-25T00:00:00Z,2506.11310225156,1213.3137832025145,1213.3137832025145,1213.3137832025145,0,0,0,0,0,0,0,0,0,0,0,0,0,0,0,0,0,0,809.2369092908223,809.2369092908223,809.2369092908223,0,0,0,0,0,0,750.5195902301065,750.5195902301065,750.5195902301065,-346.44271631841406,-346.44271631841406,-346.44271631841406,0,0,0,1776.4647804394688,5707.646226063891,2506.11310225156,2506.11310225156,3719.4268854540746
2024-09-26T00:00:00Z,2506.341115958181,2043.2140447972529,2043.2140447972529,2043.2140447972529,0,0,0,0,0,0,0,0,0,0,0,0,0,0,0,0,0,0,1568.5202822583713,1568.5202822583713,1568.5202822583713,0,0,0,0,0,0,806.4432778114949,806.4432778114949,806.4432778114949,-331.74951527261385,-331.74951527261385,-331.74951527261385,0,0,0,2714.775883613005,6446.964109748094,2506.341115958181,2506.341115958181,4549.5551607554335
2024-09-27T00:00:00Z,2506.5691296648015,3133.762810591129,3133.762810591129,3133.762810591129,0,0,0,0,0,0,0,0,0,0,0,0,0,0,0,0,0,0,2656.526449923464,2656.526449923464,2656.526449923464,0,0,0,0,0,0,789.6082492603175,789.6082492603175,789.6082492603175,-312.3718885926521,-312.3718885926521,-312.3718885926521,0,0,0,3640.5460666851554,7668.572338402514,2506.5691296648015,2506.5691296648015,5640.33194025593
2024-09-28T00:00:00Z,2506.7971433714224,1739.7433684068817,1739.7433684068817,1739.7433684068817,0,0,0,0,0,0,0,0,0,0,0,0,0,0,0,0,0,0,3504.382049854522,3504.382049854522,3504.382049854522,0,0,0,0,0,0,-1475.8814904588844,-1475.8814904588844,-1475.8814904588844,-288.75719098875635,-288.75719098875635,-288.75719098875635,0,0,0,2292.8900610728188,6158.709717712291,2506.7971433714224,2506.7971433714224,4246.540511778304
2024-09-29T00:00:00Z,2507.025157078043,1160.9164847493669,1160.9164847493669,1160.9164847493669,0,0,0,0,0,0,0,0,0,0,0,0,0,0,0,0,0,0,3493.0144535149134,3493.0144535149134,3493.0144535149134,0,0,0,0,0,0,-2070.641282240545,-2070.641282240545,-2070.641282240545,-261.45668652500086,-261.45668652500086,-261.45668652500086,0,0,0,1641.222831398891,5625.131462113297,2507.025157078043,2507.025157078043,3667.9416418274095
2024-09-30T00:00:00Z,2507.253170784664,2610.391764581929,2610.391764581929,2610.391764581929,0,0,0,0,0,0,0,0,0,0,0,0,0,0,0,0,0,0,2424.2362878675776,2424.2362878675776,2424.2362878675776,0,0,0,0,0,0,417.26683863754226,417.26683863754226,417.26683863754226,-231.11136192319125,-231.11136192319125,-231.11136192319125,0,0,0,3269.7260740474358,7023.823218484672,2507.253170784664,2507.253170784664,5117.644935366592
2024-10-01T00:00:00Z,2507.481184491284,1295.800017346121,1295.800017346121,1295.800017346121,0,0,0,0,0,0,0,0,0,0,0,0,0,0,0,0,0,0,711.5503060307248,711.5503060307248,711.5503060307248,0,0,0,0,0,0,782.6848167491564,782.6848167491564,782.6848167491564,-198.43510543376016,-198.43510543376016,-198.43510543376016,0,0,0,1928.1649944272203,5694.400731197724,2507.481184491284,2507.481184491284,3803.2812018374048
2024-10-02T00:00:00Z,2507.7091981979047,-296.9512600437004,-296.9512600437004,-296.9512600437004,0,0,0,0,0,0,0,0,0,0,0,0,0,0,0,0,0,0,-883.2751415229661,-883.2751415229661,-883.2751415229661,0,0,0,0,0,0,750.519590229858,750.519590229858,750.519590229858,-164.1957087505921,-164.1957087505921,-164.1957087505921,0,0,0,285.8104409806158,4201.456873655452,2507.7091981979047,2507.7091981979047,2210.757938154204
2024-10-03T00:00:00Z,2507.937211904525,-1087.126847914967,-1087.126847914967,-1087.126847914967,0,0,0,0,0,0,0,0,0,0,0,0,0,0,0,0,0,0,-1764.3759078351084,-1764.3759078351084,-1764.3759078351084,0,0,0,0,0,0,806.4432778123039,806.4432778123039,806.4432778123039,-129.19421789216247,-129.19421789216247,-129.19421789216247,0,0,0,-770.6627630526186,3362.334642518601,2507.937211904525,2507.937211904525,1420.8103639895583
2024-10-04T00:00:00Z,2508.165225611146,-1162.8014115006276,-1162.8014115006276,-1162.8014115006276,0,0,0,0,0,0,0,0,0,0,0,0,0,0,0,0,0,0,-1858.1664480645118,-1858.1664480645118,-1858.1664480645118,0,0,0,0,0,0,789.6082492651208,789.6082492651208,789.6082492651208,-94.24321270123703,-94.24321270123703,-94.24321270123703,0,0,0,-577.2201545147437,3205.178453016552,2508.165225611146,2508.165225611146,1345.3638141105184
2024-10-05T00:00:00Z,2508.3932393177665,-3085.9215305565103,-3085.9215305565103,-3085.9215305565103,0,0,0,0,0,0,0,0,0,0,0,0,0,0,0,0,0,0,-1549.8954082157454,-1549.8954082157454,-1549.8954082157454,0,0,0,0,0,0,-1475.8814904580634,-1475.8814904580634,-1475.8814904580634,-60.14463188270213,-60.14463188270213,-60.14463188270213,0,0,0,-2377.7174792549604,1415.5860970833687,2508.3932393177665,2508.3932393177665,-577.5282912387438
2024-10-06T00:00:00Z,2508.6212530243874,-3397.611745268959,-3397.611745268959,-3397.611745268959,0,0,0,0,0,0,0,0,0,0,0,0,0,0,0,0,0,0,-1299.302683001497,-1299.302683001497,-1299.302683001497,0,0,0,0,0,0,-2070.6412822383177,-2070.6412822383177,-2070.6412822383177,-27.66778002914527,-27.66778002914527,-27.66778002914527,0,0,0,-2934.9470417584726,1129.444176651228,2508.6212530243874,2508.6212530243874,-888.9904922445717
2024-10-07T00:00:00Z,2508.849266731008,-866.12821680947,-866.12821680947,-866.12821680947,0,0,0,0,0,0,0,0,0,0,0,0,0,0,0,0,0,0,-1285.866901363547,-1285.866901363547,-1285.866901363547,0,0,0,0,0,0,417.2668386402958,417.2668386402958,417.2668386402958,2.471845913781498,2.471845913781498,2.471845913781498,0,0,0,-298.95602981823134,3666.678481725462,2508.849266731008,2508.849266731008,1642.721049921538
2024-10-08T00:00:00Z,2509.0772804376284,-551.9990564657713,-551.9990564657713,-551.9990564657713,0,0,0,0,0,0,0,0,0,0,0,0,0,0,0,0,0,0,-1364.3161642286045,-1364.3161642286045,-1364.3161642286045,0,0,0,0,0,0,782.6848167490701,782.6848167490701,782.6848167490701,29.632291013762977,29.632291013762977,29.632291013762977,0,0,0,-61.22918250309408,4052.3080750018667,2509.0772804376284,2509.0772804376284,1957.078223971857
2024-10-09T00:00:00Z,2509.3052941442493,-503.14100005952275,-503.14100005952275,-503.14100005952275,0,0,0,0,0,0,0,0,0,0,0,0,0,0,0,0,0,0,-1306.9234442709035,-1306.9234442709035,-1306.9234442709035,0,0,0,0,0,0,750.5195902301988,750.5195902301988,750.5195902301988,53.262853981181664,53.262853981181664,53.262853981181664,0,0,0,125.74937275401714,4066.602234055147,2509.3052941442493,2509.3052941442493,2006.1642940847264
2024-10-10T00:00:00Z,2509.5333078508697,-182.82045332177117,-182.82045332177117,-182.82045332177117,0,0,0,0,0,0,0,0,0,0,0,0,0,0,0,0,0,0,-1062.1829773298593,-1062.1829773298593,-1062.1829773298593,0,0,0,0,0,0,806.443277813113,806.443277813113,806.443277813113,72.91924619497533,72.91924619497533,72.91924619497533,0,0,0,386.5211646519367,4380.06951871852,2509.5333078508697,2509.5333078508697,2326.7128545290984
2024-10-11T00:00:00Z,2509.76132155749,90.99799745096277,90.99799745096277,90.99799745096277,0,0,0,0,0,0,0,0,0,0,0,0,0,0,0,0,0,0,-786.8859899349867,-786.8859899349867,-786.8859899349867,0,0,0,0,0,0,789.6082492653443,789.6082492653443,789.6082492653443,88.2757381206049,88.2757381206049,88.2757381206049,0,0,0,664.6454635254853,4539.844821534423,2509.76132155749,2509.76132155749,2600.759319008453
2024-10-12T00:00:00Z,2509.9893352641107,-2034.03840622796,-2034.03840622796,-2034.03840622796,0,0,0,0,0,0,0,0,0,0,0,0,0,0,0,0,0,0,-657.2908330160911,-657.2908330160911,-657.2908330160911,0,0,0,0,0,0,-1475.8814904528042,-1475.8814904528042,-1475.8814904528042,99.13391724093509,99.13391724093509,99.13391724093509,0,0,0,-1617.9541631370607,2437.694568096065,2509.9893352641107,2509.9893352641107,475.9509290361507
2024-10-13T00:00:00Z,2510.2173489707316,-2644.6177454586577,-2644.6177454586577,-2644.6177454586577,0,0,0,0,0,0,0,0,0,0,0,0,0,0,0,0,0,0,-679.4042409030413,-679.4042409030413,-679.4042409030413,0,0,0,0,0,0,-2070.6412822376956,-2070.6412822376956,-2070.6412822376956,105.42777768207874,105.42777768207874,105.42777768207874,0,0,0,-2135.0743286735856,1855.6443056603314,2510.2173489707316,2510.2173489707316,-134.40039648792617
2024-10-14T00:00:00Z,2510.445362677352,-171.18790751130143,-171.18790751130143,-171.18790751130143,0,0,0,0,0,0,0,0,0,0,0,0,0,0,0,0,0,0,-695.6797131569034,-695.6797131569034,-695.6797131569034,0,0,0,0,0,0,417.2668386410274,417.2668386410274,417.2668386410274,107.22496700457455,107.22496700457455,107.22496700457455,0,0,0,292.91519076002635,4330.151067360646,2510.445362677352,2510.445362677352,2339.2574551660505
2024-10-15T00:00:00Z,2510.673376383973,320.2069036946784,320.2069036946784,320.2069036946784,0,0,0,0,0,0,0,0,0,0,0,0,0,0,0,0,0,0,-567.202040199981,-567.202040199981,-567.202040199981,0,0,0,0,0,0,782.6848167501615,782.6848167501615,782.6848167501615,104.72412714449773,104.72412714449773,104.72412714449773,0,0,0,767.9550906330047,4833.2111430252935,2510.673376383973,2510.673376383973,2830.880280078651
2024-10-16T00:00:00Z,2510.9013900905934,520.7113940364558,520.7113940364558,520.7113940364558,0,0,0,0,0,0,0,0,0,0,0,0,0,0,0,0,0,0,-328.05657718374977,-328.05657718374977,-328.05657718374977,0,0,0,0,0,0,750.5195902299502,750.5195902299502,750.5195902299502,98.24838099025524,98.24838099025524,98.24838099025524,0,0,0,1139.6808495231398,5031.786658724468,2510.9013900905934,2510.9013900905934,3031.612784127049
2024-10-17T00:00:00Z,2511.1294041121732,748.9315200290018,748.9315200290018,748.9315200290018,0,0,0,0,0,0,0,0,0,0,0,0,0,0,0,0,0,0,-145.7468880363539,-145.7468880363539,-145.7468880363539,0,0,0,0,0,0,806.4432778125861,806.4432778125861,806.4432778125861,88.23513025276965,88.23513025276965,88.23513025276965,0,0,0,1291.5357249722263,5280.022138698779,2511.1294041121732,2511.1294041121732,3260.060924141175
2024-10-18T00:00:00Z,2511.3574181337535,732.48476969586,732.48476969586,732.48476969586,0,0,0,0,0,0,0,0,0,0,0,0,0,0,0,0,0,0,-132.34592029183517,-132.34592029183517,-132.34592029183517,0,0,0,0,0,0,789.6082492619959,789.6082492619959,789.6082492619959,75.22244072569927,75.22244072569927,75.22244072569927,0,0,0,1408.089738143969,5053.204288504366,2511.3574181337535,2511.3574181337535,3243.8421878296135
2024-10-19T00:00:00Z,2511.5854321553334,-1628.5597992977855,-1628.5597992977855,-1628.5597992977855,0,0,0,0,0,0,0,0,0,0,0,0,0,0,0,0,0,0,-212.51070331507162,-212.51070331507162,-212.51070331507162,0,0,0,0,0,0,-1475.8814904557469,-1475.8814904557469,-1475.8814904557469,59.83239447303295,59.83239447303295,59.83239447303295,0,0,0,-1084.8633779052868,2901.8897460182707,2511.5854321553334,2511.5854321553334,883.0256328575479
2024-10-20T00:00:00Z,2511.8134461769137,-2224.332456124155,-2224.332456124155,-2224.332456124155,0,0,0,0,0,0,0,0,0,0,0,0,0,0,0,0,0,0,-196.44305566483484,-196.44305566483484,-196.44305566483484,0,0,0,0,0,0,-2070.6412822425127,-2070.6412822425127,-2070.6412822425127,42.751881783191934,42.751881783191934,42.751881783191934,0,0,0,-1752.739975382117,2190.7867374550187,2511.8134461769137,2511.8134461769137,287.48099005275844
2024-10-21T00:00:00Z,2512.0414601984935,455.82615376327067,455.82615376327067,455.82615376327067,0,0,0,0,0,0,0,0,0,0,0,0,0,0,0,0,0,0,13.847929083419157,13.847929083419157,13.847929083419157,0,0,0,0,0,0,417.26683864277015,417.26683864277015,417.26683864277015,24.71138603708135,24.71138603708135,24.71138603708135,0,0,0,971.5083116515052,4875.135427481078,2512.0414601984935,2512.0414601984935,2967.867613961764
2024-10-22T00:00:00Z,2512.269474220074,1098.2167374858882,1098.2167374858882,1098.2167374858882,0,0,0,0,0,0,0,0,0,0,0,0,0,0,0,0,0,0,309.06954128052274,309.06954128052274,309.06954128052274,0,0,0,0,0,0,782.6848167498592,782.6848167498592,782.6848167498592,6.462379455506154,6.462379455506154,6.462379455506154,0,0,0,1553.1358330045944,5685.126734862363,2512.269474220074,2512.269474220074,3610.486211705962
2024-10-23T00:00:00Z,2512.4974882416536,1229.5290859094898,1229.5290859094898,1229.5290859094898,0,0,0,0,0,0,0,0,0,0,0,0,0,0,0,0,0,0,490.2555007513788,490.2555007513788,490.2555007513788,0,0,0,0,0,0,750.5195902303234,750.5195902303234,750.5195902303234,-11.2460050722126,-11.2460050722126,-11.2460050722126,0,0,0,1875.8993415845093,5649.923853382157,2512.4974882416536,2512.4974882416536,3742.0265741511434
2024-10-24T00:00:00Z,2512.725502263234,1295.4778467334238,1295.4778467334238,1295.4778467334238,0,0,0,0,0,0,0,0,0,0,0,0,0,0,0,0,0,0,516.7249017069498,516.7249017069498,516.7249017069498,0,0,0,0,0,0,806.4432778147313,806.4432778147313,806.4432778147313,-27.690332788257834,-27.690332788257834,-27.690332788257834,0,0,0,1866.2323082686676,5739.3568297347165,2512.725502263234,2512.725502263234,3808.203348996658
2024-10-25T00:00:00Z,2512.9535162848138,1368.067392530222,1368.067392530222,1368.067392530222,0,0,0,0,0,0,0,0,0,0,0,0,0,0,0,0,0,0,620.654698574716,620.654698574716,620.654698574716,0,0,0,0,0,0,789.6082492622197,789.6082492622197,789.6082492622197,-42.195555306713615,-42.195555306713615,-42.195555306713615,0,0,0,1877.2469072729461,5668.117179201001,2512.9535162848138,2512.9535162848138,3881.020908815036
2024-10-26T00:00:00Z,2513.181530306394,-403.6262947892839,-403.6262947892839,-403.6262947892839,0,0,0,0,0,0,0,0,0,0,0,0,0,0,0,0,0,0,1126.4115355180716,1126.4115355180716,1126.4115355180716,0,0,0,0,0,0,-1475.8814904549254,-1475.8814904549254,-1475.8814904549254,-54.156339852430065,-54.156339852430065,-54.156339852430065,0,0,0,237.801099151428,4191.525345997967,2513.181530306394,2513.181530306394,2109.5552355171103
2024-10-27T00:00:00Z,2513.409544327974,-33.614245198669444,-33.614245198669444,-33.614245198669444,0,0,0,0,0,0,0,0,0,0,0,0,0,0,0,0,0,0,2100.0834213378507,2100.0834213378507,2100.0834213378507,0,0,0,0,0,0,-2070.6412822418906,-2070.6412822418906,-2070.6412822418906,-63.05638429462966,-63.05638429462966,-63.05638429462966,0,0,0,567.5776518057036,4424.315030655079,2513.409544327974,2513.409544327974,2479.7952991293046
2024-10-28T00:00:00Z,2513.637558349554,3502.7609941666005,3502.7609941666005,3502.7609941666005,0,0,0,0,0,0,0,0,0,0,0,0,0,0,0,0,0,0,3153.97927127419,3153.97927127419,3153.97927127419,0,0,0,0,0,0,417.26683864350184,417.26683864350184,417.26683864350184,-68.48511575109148,-68.48511575109148,-68.48511575109148,0,0,0,3748.813116768165,7961.665677309955,2513.637558349554,2513.637558349554,6016.398552516155
2024-10-29T00:00:00Z,2513.865572371134,4345.310907472072,4345.310907472072,4345.310907472072,0,0,0,0,0,0,0,0,0,0,0,0,0,0,0,0,0,0,3632.7773326490083,3632.7773326490083,3632.7773326490083,0,0,0,0,0,0,782.6848167495573,782.6848167495573,782.6848167495573,-70.15124192649414,-70.15124192649414,-70.15124192649414,0,0,0,4960.897939645731,8878.79723201013,2513.865572371134,2513.865572371134,6859.176479843207
2024-10-30T00:00:00Z,2514.0935863927143,3760.944291366926,3760.944291366926,3760.944291366926,0,0,0,0,0,0,0,0,0,0,0,0,0,0,0,0,0,0,3078.3174133781536,3078.3174133781536,3078.3174133781536,0,0,0,0,0,0,750.5195902306964,750.5195902306964,750.5195902306964,-67.8927122419247,-67.8927122419247,-67.8927122419247,0,0,0,4227.396002433763,8304.049189517946,2514.0935863927143,2514.0935863927143,6275.03787775964
2024-10-31T00:00:00Z,2514.3216004142946,406.71124646500755,406.71124646500755,406.71124646500755,0,0,0,0,0,0,-1941.2219588157836,-1941.2219588157836,-1941.2219588157836,0,0,0,0,0,0,-1941.2219588157836,-1941.2219588157836,-1941.2219588157836,1603.172675294421,1603.172675294421,1603.172675294421,0,0,0,0,0,0,806.4432778114231,806.4432778114231,806.4432778114231,-61.68274782505307,-61.68274782505307,-61.68274782505307,0,0,0,926.3746322857419,5085.285015281296,2514.3216004142946,2514.3216004142946,2921.0328468793023
2024-11-01T00:00:00Z,2514.5496144358744,590.3236933360827,590.3236933360827,590.3236933360827,0,0,0,0,0,0,0,0,0,0,0,0,0,0,0,0,0,0,-147.65284320118073,-147.65284320118073,-147.65284320118073,0,0,0,0,0,0,789.6082492606572,789.6082492606572,789.6082492606572,-51.6317127233938,-51.6317127233938,-51.6317127233938,0,0,0,1135.3613757930439,5315.352103712553,2514.5496144358744,2514.5496144358744,3104.873307771957
2024-11-02T00:00:00Z,2514.7776284574547,-2945.220802322397,-2945.220802322397,-2945.220802322397,0,0,0,0,0,0,0,0,0,0,0,0,0,0,0,0,0,0,-1431.3545917922097,-1431.3545917922097,-1431.3545917922097,0,0,0,0,0,0,-1475.8814904578687,-1475.8814904578687,-1475.8814904578687,-37.98472007231873,-37.98472007231873,-37.98472007231873,0,0,0,-2416.2564298287107,1641.7763079341603,2514.7776284574547,2514.7776284574547,-430.4431738649423
2024-11-03T00:00:00Z,2515.0056424790346,-3984.4395182149033,-3984.4395182149033,-3984.4395182149033,0,0,0,0,0,0,0,0,0,0,0,0,0,0,0,0,0,0,-1892.6832430350817,-1892.6832430350817,-1892.6832430350817,0,0,0,0,0,0,-2070.641282239663,-2070.641282239663,-2070.641282239663,-21.114992940158952,-21.114992940158952,-21.114992940158952,0,0,0,-3296.5147030928074,498.3043155924611,2515.0056424790346,2515.0056424790346,-1469.4338757358687
2024-11-04T00:00:00Z,2515.233656500615,-1306.3015568180824,-1306.3015568180824,-1306.3015568180824,0,0,0,0,0,0,0,0,0,0,0,0,0,0,0,0,0,0,-1722.05526893022,-1722.05526893022,-1722.05526893022,0,0,0,0,0,0,417.2668386462553,417.2668386462553,417.2668386462553,-1.5131265341181832,-1.5131265341181832,-1.5131265341181832,0,0,0,-806.6666925555782,3046.146466035728,2515.233656500615,2515.233656500615,1208.9320996825325
2024-11-05T00:00:00Z,2515.4616705221947,-594.3397365550713,-594.3397365550713,-594.3397365550713,0,0,0,0,0,0,0,0,0,0,0,0,0,0,0,0,0,0,-1397.2520306324568,-1397.2520306324568,-1397.2520306324568,0,0,0,0,0,0,782.6848167508647,782.6848167508647,782.6848167508647,20.22747732652075,20.22747732652075,20.22747732652075,0,0,0,-120.28163324725551,3862.9741046538243,2515.4616705221947,2515.4616705221947,1921.1219339671234
2024-11-06T00:00:00Z,2515.689684543775,-472.418069738275,-472.418069738275,-472.418069738275,0,0,0,0,0,0,0,0,0,0,0,0,0,0,0,0,0,0,-1266.3662747077556,-1266.3662747077556,-1266.3662747077556,0,0,0,0,0,0,750.5195902298265,750.5195902298265,750.5195902298265,43.428614739654506,43.428614739654506,43.428614739654506,0,0,0,-17.068868974419726,3969.4461559771694,2515.689684543775,2515.689684543775,2043.2716148055001
2024-11-07T00:00:00Z,2515.917698565355,-455.85556894552843,-455.85556894552843,-455.85556894552843,0,0,0,0,0,0,0,0,0,0,0,0,0,0,0,0,0,0,-1329.6470733939793,-1329.6470733939793,-1329.6470733939793,0,0,0,0,0,0,806.4432778122323,806.4432778122323,806.4432778122323,67.34822663621856,67.34822663621856,67.34822663621856,0,0,0,-32.53798384987871,4043.536247012426,2515.917698565355,2515.917698565355,2060.0621296198265
2024-11-08T00:00:00Z,2516.145712586935,-480.92405801153785,-480.92405801153785,-480.92405801153785,0,0,0,0,0,0,0,0,0,0,0,0,0,0,0,0,0,0,-1361.736004062286,-1361.736004062286,-1361.736004062286,0,0,0,0,0,0,789.6082492654605,789.6082492654605,789.6082492654605,91.20369678528749,91.20369678528749,91.20369678528749,0,0,0,76.60333693176976,4194.64332611626,2516.145712586935,2516.145712586935,2035.2216545753972
2024-11-09T00:00:00Z,2516.373726608515,-2563.193922234923,-2563.193922234923,-2563.193922234923,0,0,0,0,0,0,0,0,0,0,0,0,0,0,0,0,0,0,-1201.5092628111672,-1201.5092628111672,-1201.5092628111672,0,0,0,0,0,0,-1475.8814904589299,-1475.8814904589299,-1475.8814904589299,114.1968310351748,114.1968310351748,114.1968310351748,0,0,0,-2021.9958154984115,2078.2956846451307,2516.373726608515,2516.373726608515,-46.820195626407894
2024-11-10T00:00:00Z,2516.6017406300953,-2850.0229935526313,-2850.0229935526313,-2850.0229935526313,0,0,0,0,0,0,0,0,0,0,0,0,0,0,0,0,0,0,-914.9214993297219,-914.9214993297219,-914.9214993297219,0,0,0,0,0,0,-2070.6412822406455,-2070.6412822406455,-2070.6412822406455,135.5397880177364,135.5397880177364,135.5397880177364,0,0,0,-2357.983263053375,1613.4597536824285,2516.6017406300953,2516.6017406300953,-333.42125292253604
2024-11-11T00:00:00Z,2516.829754651675,-126.65364352832866,-126.65364352832866,-126.65364352832866,0,0,0,0,0,0,0,0,0,0,0,0,0,0,0,0,0,0,-698.4016743748307,-698.4016743748307,-698.4016743748307,0,0,0,0,0,0,417.26683863865725,417.26683863865725,417.26683863865725,154.48119220784494,154.48119220784494,154.48119220784494,0,0,0,508.75279608295637,4372.174961906918,2516.829754651675,2516.829754651675,2390.1761111233463
2024-11-12T00:00:00Z,2517.0577686732554,295.94333797919626,295.94333797919626,295.94333797919626,0,0,0,0,0,0,0,0,0,0,0,0,0,0,0,0,0,0,-657.0731216846967,-657.0731216846967,-657.0731216846967,0,0,0,0,0,0,782.6848167503466,782.6848167503466,782.6848167503466,170.3316429135464,170.3316429135464,170.3316429135464,0,0,0,830.024394601948,4776.968850945187,2517.0577686732554,2517.0577686732554,2813.0011066524517
2024-11-13T00:00:00Z,2517.2857826948352,233.09145052650118,233.09145052650118,233.09145052650118,0,0,0,0,0,0,0,0,0,0,0,0,0,0,0,0,0,0,-699.9159779308482,-699.9159779308482,-699.9159779308482,0,0,0,0,0,0,750.5195902301992,750.5195902301992,750.5195902301992,182.48783822715006,182.48783822715006,182.48783822715006,0,0,0,945.0202491030832,4775.179970129579,2517.2857826948352,2517.2857826948352,2750.3772332213366
2024-11-14T00:00:00Z,2517.5137967164155,344.8037501305777,344.8037501305777,344.8037501305777,0,0,0,0,0,0,0,0,0,0,0,0,0,0,0,0,0,0,-652.0940890218652,-652.0940890218652,-652.0940890218652,0,0,0,0,0,0,806.4432778117053,806.4432778117053,806.4432778117053,190.45456134073746,190.45456134073746,190.45456134073746,0,0,0,733.5999636759509,4722.682467594335,2517.5137967164155,2517.5137967164155,2862.317546846993
2024-11-15T00:00:00Z,2517.7418107379954,531.2657713634841,531.2657713634841,531.2657713634841,0,0,0,0,0,0,0,0,0,0,0,0,0,0,0,0,0,0,-452.2063052791744,-452.2063052791744,-452.2063052791744,0,0,0,0,0,0,789.608249263898,789.608249263898,789.608249263898,193.86382737876067,193.86382737876067,193.86382737876067,0,0,0,1114.260346217298,5149.955621710564,2517.7418107379954,2517.7418107379954,3049.0075821014793
2024-11-16T00:00:00Z,2517.9698247595757,-1502.5053939530965,-1502.5053939530965,-1502.5053939530965,0,0,0,0,0,0,0,0,0,0,0,0,0,0,0,0,0,0,-219.11446434726415,-219.11446434726415,-219.11446434726415,0,0,0,0,0,0,-1475.8814904536703,-1475.8814904536703,-1475.8814904536703,192.49056084783797,192.49056084783797,192.49056084783797,0,0,0,-920.0943700802866,3054.561899889401,2517.9698247595757,2517.9698247595757,1015.4644308064792
2024-11-17T00:00:00Z,2518.1978387811555,-2002.3943620818538,-2002.3943620818538,-2002.3943620818538,0,0,0,0,0,0,0,0,0,0,0,0,0,0,0,0,0,0,-118.01734497524671,-118.01734497524671,-118.01734497524671,0,0,0,0,0,0,-2070.641282238418,-2070.641282238418,-2070.641282238418,186.26426513181073,186.26426513181073,186.26426513181073,0,0,0,-1458.1658893724546,2377.8016119850968,2518.1978387811555,2518.1978387811555,515.8034766993017
2024-11-18T00:00:00Z,2518.425852802736,420.37079568533056,420.37079568533056,420.37079568533056,0,0,0,0,0,0,0,0,0,0,0,0,0,0,0,0,0,0,-172.17229673829513,-172.17229673829513,-172.17229673829513,0,0,0,0,0,0,417.2668386403997,417.2668386403997,417.2668386403997,175.2762537832259,175.2762537832259,175.2762537832259,0,0,0,931.2708972119831,4805.595562521457,2518.425852802736,2518.425852802736,2938.7966484880662
2024-11-19T00:00:00Z,2518.6538668243156,715.317254426481,715.317254426481,715.317254426481,0,0,0,0,0,0,0,0,0,0,0,0,0,0,0,0,0,0,-227.14969809785808,-227.14969809785808,-227.14969809785808,0,0,0,0,0,0,782.6848167502602,782.6848167502602,782.6848167502602,159.78213577407905,159.78213577407905,159.78213577407905,0,0,0,1282.0124637702659,5376.169529957572,2518.6538668243156,2518.6538668243156,3233.9711212507964
2024-11-20T00:00:00Z,2518.881880845896,777.323471601912,777.323471601912,777.323471601912,0,0,0,0,0,0,0,0,0,0,0,0,0,0,0,0,0,0,-113.39549864836836,-113.39549864836836,-113.39549864836836,0,0,0,0,0,0,750.5195902299508,750.5195902299508,750.5195902299508,140.19938002032978,140.19938002032978,140.19938002032978,0,0,0,1333.6150372163338,5402.62913013564,2518.881880845896,2518.881880845896,3296.205352447808
2024-11-21T00:00:00Z,2519.1098948674758,1087.5839909795072,1087.5839909795072,1087.5839909795072,0,0,0,0,0,0,0,0,0,0,0,0,0,0,0,0,0,0,164.04078846972672,164.04078846972672,164.04078846972672,0,0,0,0,0,0,806.4432778138506,806.4432778138506,806.4432778138506,117.09992469592976,117.09992469592976,117.09992469592976,0,0,0,1687.7661272225546,5617.869469439037,2519.1098948674758,2519.1098948674758,3606.693885846983
2024-11-22T00:00:00Z,2519.3379088890556,1303.6258914923317,1303.6258914923317,1303.6258914923317,0,0,0,0,0,0,0,0,0,0,0,0,0,0,0,0,0,0,422.8197020564308,422.8197020564308,422.8197020564308,0,0,0,0,0,0,789.6082492641215,789.6082492641215,789.6082492641215,91.19794017177894,91.19794017177894,91.19794017177894,0,0,0,1949.5251596950088,5835.179531022681,2519.3379088890556,2519.3379088890556,3822.963800381387
2024-11-23T00:00:00Z,2519.565922910636,-898.4818640518122,-898.4818640518122,-898.4818640518122,0,0,0,0,0,0,0,0,0,0,0,0,0,0,0,0,0,0,514.0666296319117,514.0666296319117,514.0666296319117,0,0,0,0,0,0,-1475.8814904528485,-1475.8814904528485,-1475.8814904528485,63.33299676912513,63.33299676912513,63.33299676912513,0,0,0,-361.42738952180946,3595.2429980591414,2519.565922910636,2519.565922910636,1621.0840588588237
2024-11-24T00:00:00Z,2519.7939369322157,-1499.2907356267501,-1499.2907356267501,-1499.2907356267501,0,0,0,0,0,0,0,0,0,0,0,0,0,0,0,0,0,0,536.9015207732516,536.9015207732516,536.9015207732516,0,0,0,0,0,0,-2070.6412822361904,-2070.6412822361904,-2070.6412822361904,34.4490258361885,34.4490258361885,34.4490258361885,0,0,0,-968.7531855285292,3052.880922238518,2519.7939369322157,2519.7939369322157,1020.5032013054656
2024-11-25T00:00:00Z,2520.021950953796,1232.073338860292,1232.073338860292,1232.073338860292,0,0,0,0,0,0,0,0,0,0,0,0,0,0,0,0,0,0,809.2369092891147,809.2369092891147,809.2369092891147,0,0,0,0,0,0,417.2668386421424,417.2668386421424,417.2668386421424,5.569590929035341,5.569590929035341,5.569590929035341,0,0,0,1719.7047555062209,5712.943020788365,2520.021950953796,2520.021950953796,3752.095289814088
2024-11-26T00:00:00Z,2520.249964975376,2328.9752003466115,2328.9752003466115,2328.9752003466115,0,0,0,0,0,0,0,0,0,0,0,0,0,0,0,0,0,0,1568.52028225969,1568.52028225969,1568.52028225969,0,0,0,0,0,0,782.6848167499581,782.6848167499581,782.6848167499581,-22.229898663036252,-22.229898663036252,-22.229898663036252,0,0,0,2839.8269756324844,7018.588743876886,2520.249964975376,2520.249964975376,4849.225165321987
2024-11-27T00:00:00Z,2520.477978996956,3359.1937395390605,3359.1937395390605,3359.1937395390605,0,0,0,0,0,0,0,0,0,0,0,0,0,0,0,0,0,0,2656.526449922377,2656.526449922377,2656.526449922377,0,0,0,0,0,0,750.5195902302918,750.5195902302918,750.5195902302918,-47.85230061360759,-47.85230061360759,-47.85230061360759,0,0,0,3866.464347405108,7928.59862578665,2520.477978996956,2520.477978996956,5879.671718536017
2024-11-28T00:00:00Z,2520.705993018536,4240.614960500608,4240.614960500608,4240.614960500608,0,0,0,0,0,0,0,0,0,0,0,0,0,0,0,0,0,0,3504.382049854219,3504.382049854219,3504.382049854219,0,0,0,0,0,0,806.4432778133234,806.4432778133234,806.4432778133234,-70.2103671669345,-70.2103671669345,-70.2103671669345,0,0,0,4862.044095629783,8704.39505546104,2520.705993018536,2520.705993018536,6761.320953519144
2024-11-29T00:00:00Z,2520.9340070401163,4194.363684500045,4194.363684500045,4194.363684500045,0,0,0,0,0,0,0,0,0,0,0,0,0,0,0,0,0,0,3493.014453515903,3493.014453515903,3493.014453515903,0,0,0,0,0,0,789.6082492607733,789.6082492607733,789.6082492607733,-88.25901827663128,-88.25901827663128,-88.25901827663128,0,0,0,4702.988937752543,8796.339907969452,2520.9340070401163,2520.9340070401163,6715.297691540161
2024-11-30T00:00:00Z,2521.162021061696,847.3274408279835,847.3274408279835,847.3274408279835,0,0,0,0,0,0,0,0,0,0,0,0,0,0,0,0,0,0,2424.2362878678246,2424.2362878678246,2424.2362878678246,0,0,0,0,0,0,-1475.881490455792,-1475.881490455792,-1475.881490455792,-101.0273565840499,-101.0273565840499,-101.0273565840499,0,0,0,1298.6407998051745,5346.2661087200895,2521.162021061696,2521.162021061696,3368.4894618896797
2024-12-01T00:00:00Z,2521.3900350832764,-1466.7404874497379,-1466.7404874497379,-1466.7404874497379,0,0,0,0,0,0,0,0,0,0,0,0,0,0,0,0,0,0,711.5503060334623,711.5503060334623,711.5503060334623,0,0,0,0,0,0,-2070.6412822371735,-2070.6412822371735,-2070.6412822371735,-107.64951124602696,-107.64951124602696,-107.64951124602696,0,0,0,-799.1148622120887,3065.6981874641224,2521.3900350832764,2521.3900350832764,1054.6495476335385
2024-12-02T00:00:00Z,2521.6180491048563,-573.4017168135963,-573.4017168135963,-573.4017168135963,0,0,0,0,0,0,0,0,0,0,0,0,0,0,0,0,0,0,-883.2751415199484,-883.2751415199484,-883.2751415199484,0,0,0,0,0,0,417.2668386355551,417.2668386355551,417.2668386355551,-107.39341392920294,-107.39341392920294,-107.39341392920294,0,0,0,-23.992175514732104,3925.9952354015477,2521.6180491048563,2521.6180491048563,1948.21633229126
2024-12-03T00:00:00Z,2521.8460631264365,-1081.3777431457431,-1081.3777431457431,-1081.3777431457431,0,0,0,0,0,0,0,0,0,0,0,0,0,0,0,0,0,0,-1764.375907835542,-1764.375907835542,-1764.375907835542,0,0,0,0,0,0,782.6848167498716,782.6848167498716,782.6848167498716,-99.68665206007262,-99.68665206007262,-99.68665206007262,0,0,0,-561.8867768825959,3450.974700802583,2521.8460631264365,2521.8460631264365,1440.4683199806934
2024-12-04T00:00:00Z,2522.0740771480164,-1191.7854686331686,-1191.7854686331686,-1191.7854686331686,0,0,0,0,0,0,0,0,0,0,0,0,0,0,0,0,0,0,-1858.1664480640127,-1858.1664480640127,-1858.1664480640127,0,0,0,0,0,0,750.5195902300433,750.5195902300433,750.5195902300433,-84.13861079919918,-84.13861079919918,-84.13861079919918,0,0,0,-572.6841940924476,3504.54405102932,2522.0740771480164,2522.0740771480164,1330.2886085148477
2024-12-05T00:00:00Z,2522.3020911695967,-804.0103350445112,-804.0103350445112,-804.0103350445112,0,0,0,0,0,0,0,0,0,0,0,0,0,0,0,0,0,0,-1549.8954082145726,-1549.8954082145726,-1549.8954082145726,0,0,0,0,0,0,806.4432778100156,806.4432778100156,806.4432778100156,-60.558204639954255,-60.558204639954255,-60.558204639954255,0,0,0,-319.2302602150499,3666.5590751274226,2522.3020911695967,2522.3020911695967,1718.2917561250856
2024-12-06T00:00:00Z,2522.5301051911765,-538.661043532861,-538.661043532861,-538.661043532861,0,0,0,0,0,0,0,0,0,0,0,0,0,0,0,0,0,0,-1299.302683001018,-1299.302683001018,-1299.302683001018,0,0,0,0,0,0,789.608249260997,789.608249260997,789.608249260997,-28.96660979284056,-28.96660979284056,-28.96660979284056,0,0,0,-40.64938536068642,3934.093850068679,2522.5301051911765,2522.5301051911765,1983.8690616583156
2024-12-08T00:00:00Z,2522.9861332343366,-3377.891171956238,-3377.891171956238,-3377.891171956238,0,0,0,0,0,0,0,0,0,0,0,0,0,0,0,0,0,0,-1364.3161642280934,-1364.3161642280934,-1364.3161642280934,0,0,0,0,0,0,-2070.641282240386,-2070.641282240386,-2070.641282240386,57.06627451224154,57.06627451224154,57.06627451224154,0,0,0,-2832.207601412282,1175.998052654481,2522.9861332343366,2522.9861332343366,-854.9050387219013
2024-12-09T00:00:00Z,2523.2141472559174,-779.289104522275,-779.289104522275,-779.289104522275,0,0,0,0,0,0,0,0,0,0,0,0,0,0,0,0,0,0,-1306.9234442719912,-1306.9234442719912,-1306.9234442719912,0,0,0,0,0,0,417.2668386362869,417.2668386362869,417.2668386362869,110.36750111342904,110.36750111342904,110.36750111342904,0,0,0,-263.87623105724407,3548.4816906452365,2523.2141472559174,2523.2141472559174,1743.9250427336424
2024-12-10T00:00:00Z,2523.4421605725943,-110.08353210364595,-110.08353210364595,-110.08353210364595,0,0,0,0,0,0,0,0,0,0,0,0,0,0,0,0,0,0,-1062.1829773287288,-1062.1829773287288,-1062.1829773287288,0,0,0,0,0,0,782.6848167493536,782.6848167493536,782.6848167493536,169.414628475729,169.414628475729,169.414628475729,0,0,0,461.4064104053455,4506.225252231973,2523.4421605725943,2523.4421605725943,2413.358628468948
2024-12-11T00:00:00Z,2523.6701738892716,196.7667280831361,196.7667280831361,196.7667280831361,0,0,0,0,0,0,0,0,0,0,0,0,0,0,0,0,0,0,-786.8859899326027,-786.8859899326027,-786.8859899326027,0,0,0,0,0,0,750.5195902304164,750.5195902304164,750.5195902304164,233.1331277853226,233.1331277853226,233.1331277853226,0,0,0,666.5254898753399,4749.161811212491,2523.6701738892716,2523.6701738892716,2720.4369019724077
2024-12-12T00:00:00Z,2523.898187205949,449.432544438947,449.432544438947,449.432544438947,0,0,0,0,0,0,0,0,0,0,0,0,0,0,0,0,0,0,-657.2908330156696,-657.2908330156696,-657.2908330156696,0,0,0,0,0,0,806.4432778121609,806.4432778121609,806.4432778121609,300.2800996424557,300.2800996424557,300.2800996424557,0,0,0,1009.3642909884252,4946.2300317855215,2523.898187205949,2523.898187205949,2973.330731644896
2024-12-13T00:00:00Z,2524.1262005226263,479.67491892017887,479.67491892017887,479.67491892017887,0,0,0,0,0,0,0,0,0,0,0,0,0,0,0,0,0,0,-679.4042409051978,-679.4042409051978,-679.4042409051978,0,0,0,0,0,0,789.6082492658,789.6082492658,789.6082492658,369.47091055957674,369.47091055957674,369.47091055957674,0,0,0,888.4423519498306,4973.1896176787905,2524.1262005226263,2524.1262005226263,3003.801119442805
2024-12-14T00:00:00Z,2524.3542138393027,-1732.3509977179644,-1732.3509977179644,-1732.3509977179644,0,0,0,0,0,0,0,0,0,0,0,0,0,0,0,0,0,0,-695.6797131566653,-695.6797131566653,-695.6797131566653,0,0,0,0,0,0,-1475.8814904579137,-1475.8814904579137,-1475.8814904579137,439.2102058966144,439.2102058966144,439.2102058966144,0,0,0,-1258.0633303638651,2698.8736691641543,2524.3542138393027,2524.3542138393027,792.0032161213383
2024-12-15T00:00:00Z,2524.5822271559805,-2129.9167674704263,-2129.9167674704263,-2129.9167674704263,0,0,0,0,0,0,0,0,0,0,0,0,0,0,0,0,0,0,-567.2020401992011,-567.2020401992011,-567.2020401992011,0,0,0,0,0,0,-2070.6412822397633,-2070.6412822397633,-2070.6412822397633,507.92655496853854,507.92655496853854,507.92655496853854,0,0,0,-1580.115689930521,2430.9440037939407,2524.5822271559805,2524.5822271559805,394.6654596855542
2024-12-16T00:00:00Z,2524.8102404726574,663.2201363421296,663.2201363421296,663.2201363421296,0,0,0,0,0,0,0,0,0,0,0,0,0,0,0,0,0,0,-328.0565771847519,-328.0565771847519,-328.0565771847519,0,0,0,0,0,0,417.26683863904026,417.26683863904026,417.26683863904026,574.0098748878414,574.0098748878414,574.0098748878414,0,0,0,1228.3735404938036,5181.19114936042,2524.8102404726574,2524.8102404726574,3188.030376814787
2024-12-17T00:00:00Z,2525.0382537893347,1272.7886211274074,1272.7886211274074,1272.7886211274074,0,0,0,0,0,0,0,0,0,0,0,0,0,0,0,0,0,0,-145.74688803641217,-145.74688803641217,-145.74688803641217,0,0,0,0,0,0,782.6848167492676,782.6848167492676,782.6848167492676,635.8506924145522,635.8506924145522,635.8506924145522,0,0,0,1834.6498705132947,5776.88691067333,2525.0382537893347,2525.0382537893347,3797.826874916742
2024-12-18T00:00:00Z,2525.266267106012,1310.053910257369,1310.053910257369,1310.053910257369,0,0,0,0,0,0,0,0,0,0,0,0,0,0,0,0,0,0,-132.34592029157233,-132.34592029157233,-132.34592029157233,0,0,0,0,0,0,750.5195902295462,750.5195902295462,750.5195902295462,691.8802403193947,691.8802403193947,691.8802403193947,0,0,0,1924.0139655786354,5789.59250345044,2525.266267106012,2525.266267106012,3835.320177363381
2024-12-19T00:00:00Z,2525.494280422689,1334.5429229402885,1334.5429229402885,1334.5429229402885,0,0,0,0,0,0,0,0,0,0,0,0,0,0,0,0,0,0,-212.51070331414795,-212.51070331414795,-212.51070331414795,0,0,0,0,0,0,806.4432778116337,806.4432778116337,806.4432778116337,740.6103484428029,740.6103484428029,740.6103484428029,0,0,0,1980.8394911516598,5929.317406623906,2525.494280422689,2525.494280422689,3860.0372033629774
2024-12-20T00:00:00Z,2525.7222937393663,1373.8372746425307,1373.8372746425307,1373.8372746425307,0,0,0,0,0,0,0,0,0,0,0,0,0,0,0,0,0,0,-196.44305566697759,-196.44305566697759,-196.44305566697759,0,0,0,0,0,0,789.6082492660237,789.6082492660237,789.6082492660237,780.6720810434846,780.6720810434846,780.6720810434846,0,0,0,1938.0979767176545,5853.239809172108,2525.7222937393663,2525.7222937393663,3899.559568381897
2024-12-21T00:00:00Z,2525.9503070560436,-651.1814697417843,-651.1814697417843,-651.1814697417843,0,0,0,0,0,0,0,0,0,0,0,0,0,0,0,0,0,0,13.847929084782901,13.847929084782901,13.847929084782901,0,0,0,0,0,0,-1475.8814904589747,-1475.8814904589747,-1475.8814904589747,810.8520916324075,810.8520916324075,810.8520916324075,0,0,0,-205.71779269504236,3868.41382973094,2525.9503070560436,2525.9503070560436,1874.7688373142591
2024-12-22T00:00:00Z,2526.178320372721,-931.4460269386581,-931.4460269386581,-931.4460269386581,0,0,0,0,0,0,0,0,0,0,0,0,0,0,0,0,0,0,309.06954128076046,309.06954128076046,309.06954128076046,0,0,0,0,0,0,-2070.641282237536,-2070.641282237536,-2070.641282237536,830.1257140181172,830.1257140181172,830.1257140181172,0,0,0,-404.65298840990704,3593.450007871321,2526.178320372721,2526.178320372721,1594.7322934340627
2024-12-23T00:00:00Z,2526.406333689398,1745.20822210311,1745.20822210311,1745.20822210311,0,0,0,0,0,0,0,0,0,0,0,0,0,0,0,0,0,0,490.2555007520188,490.2555007520188,490.2555007520188,0,0,0,0,0,0,417.26683863977206,417.26683863977206,417.26683863977206,837.6858827113194,837.6858827113194,837.6858827113194,0,0,0,2253.491577226302,6318.22649071722,2526.406333689398,2526.406333689398,4271.614555792508
2024-12-24T00:00:00Z,2526.634347006075,2132.3767937847883,2132.3767937847883,2132.3767937847883,0,0,0,0,0,0,0,0,0,0,0,0,0,0,0,0,0,0,516.7249017067048,516.7249017067048,516.7249017067048,0,0,0,0,0,0,782.6848167503589,782.6848167503589,782.6848167503589,832.9670753277251,832.9670753277251,832.9670753277251,0,0,0,2604.988668128182,6669.365412962903,2526.634347006075,2526.634347006075,4659.0111407908635
2024-12-25T00:00:00Z,2526.8623603227525,-1839.4593260640459,-1839.4593260640459,-1839.4593260640459,-4026.297206602625,-4026.297206602625,-4026.297206602625,0,0,0,-4026.297206602625,-4026.297206602625,-4026.297206602625,0,0,0,0,0,0,0,0,0,620.654698576133,620.654698576133,620.654698576133,0,0,0,0,0,0,750.5195902299192,750.5195902299192,750.5195902299192,815.6635917325267,815.6635917325267,815.6635917325267,0,0,0,-1187.3878705464936,2723.167010233615,2526.8623603227525,2526.8623603227525,687.4030342587066
2024-12-26T00:00:00Z,2527.09037363943,2718.596439562671,2718.596439562671,2718.596439562671,0,0,0,0,0,0,0,0,0,0,0,0,0,0,0,0,0,0,1126.4115355194065,1126.4115355194065,1126.4115355194065,0,0,0,0,0,0,806.443277812443,806.443277812443,806.443277812443,785.7416262308221,785.7416262308221,785.7416262308221,0,0,0,3246.1961864242394,7104.474850340121,2527.09037363943,2527.09037363943,5245.686813202101
2024-12-27T00:00:00Z,2527.318386956107,3633.1364170586685,3633.1364170586685,3633.1364170586685,0,0,0,0,0,0,0,0,0,0,0,0,0,0,0,0,0,0,2100.083421334852,2100.083421334852,2100.083421334852,0,0,0,0,0,0,789.6082492626754,789.6082492626754,789.6082492626754,743.444746461141,743.444746461141,743.444746461141,0,0,0,4233.63905408127,8026.025511300182,2527.318386956107,2527.318386956107,6160.454804014776
2024-12-28T00:00:00Z,2527.546400272784,2367.3903424703612,2367.3903424703612,2367.3903424703612,0,0,0,0,0,0,0,0,0,0,0,0,0,0,0,0,0,0,3153.979271274686,3153.979271274686,3153.979271274686,0,0,0,0,0,0,-1475.8814904619178,-1475.8814904619178,-1475.8814904619178,689.2925616575925,689.2925616575925,689.2925616575925,0,0,0,2901.919810061028,6902.7920204808825,2527.546400272784,2527.546400272784,4894.936742743145
2024-12-29T00:00:00Z,2527.7744135894613,2186.208589529704,2186.208589529704,2186.208589529704,0,0,0,0,0,0,0,0,0,0,0,0,0,0,0,0,0,0,3632.7773326493234,3632.7773326493234,3632.7773326493234,0,0,0,0,0,0,-2070.6412822439593,-2070.6412822439593,-2070.6412822439593,624.0725391243424,624.0725391243424,624.0725391243424,0,0,0,2708.0705862505883,6623.486798085907,2527.7744135894613,2527.7744135894613,4713.983003119165
2024-12-30T00:00:00Z,2528.0024269061387,4044.409358441832,4044.409358441832,4044.409358441832,0,0,0,0,0,0,0,0,0,0,0,0,0,0,0,0,0,0,3078.317413376201,3078.317413376201,3078.317413376201,0,0,0,0,0,0,417.2668386405038,417.2668386405038,417.2668386405038,548.825106425127,548.825106425127,548.825106425127,0,0,0,4633.096094070604,8572.807770973752,2528.0024269061387,2528.0024269061387,6572.411785347971
2024-12-31T00:00:00Z,2528.230440222816,2850.67984517674,2850.67984517674,2850.67984517674,0,0,0,0,0,0,0,0,0,0,0,0,0,0,0,0,0,0,1603.1726752956888,1603.1726752956888,1603.1726752956888,0,0,0,0,0,0,782.6848167500565,782.6848167500565,782.6848167500565,464.82235313099426,464.82235313099426,464.82235313099426,0,0,0,3489.958144477082,7392.7505076130155,2528.230440222816,2528.230440222816,5378.9102853995555
2025-01-01T00:00:00Z,2528.458453539493,-964.8143965563372,-964.8143965563372,-964.8143965563372,0,0,0,0,0,0,-1941.2219588157836,-1941.2219588157836,-1941.2219588157836,0,0,0,0,0,0,-1941.2219588157836,-1941.2219588157836,-1941.2219588157836,-147.65284320397527,-147.65284320397527,-147.65284320397527,0,0,0,0,0,0,750.5195902296709,750.5195902296709,750.5195902296709,373.54081523375106,373.54081523375106,373.54081523375106,0,0,0,-230.27210672970386,3510.665736542847,2528.458453539493,2528.458453539493,1563.6440569831557
2025-01-02T00:00:00Z,2528.6864668561702,-348.2823310412014,-348.2823310412014,-348.2823310412014,0,0,0,0,0,0,0,0,0,0,0,0,0,0,0,0,0,0,-1431.35459179266,-1431.35459179266,-1431.35459179266,0,0,0,0,0,0,806.443277813252,806.443277813252,806.443277813252,276.6289829382071,276.6289829382071,276.6289829382071,0,0,0,272.03220296558266,4024.3411434738737,2528.6864668561702,2528.6864668561702,2180.404135814969
2025-01-03T00:00:00Z,2528.9144801728476,-927.2046795766618,-927.2046795766618,-927.2046795766618,0,0,0,0,0,0,0,0,0,0,0,0,0,0,0,0,0,0,-1892.6832430371705,-1892.6832430371705,-1892.6832430371705,0,0,0,0,0,0,789.608249262899,789.608249262899,789.608249262899,175.87031419760956,175.87031419760956,175.87031419760956,0,0,0,-222.49614581579033,3724.0573578351564,2528.9144801728476,2528.9144801728476,1601.7098005961857
2025-01-04T00:00:00Z,2529.142493489525,-3124.794101212453,-3124.794101212453,-3124.794101212453,0,0,0,0,0,0,0,0,0,0,0,0,0,0,0,0,0,0,-1722.055268930667,-1722.055268930667,-1722.055268930667,0,0,0,0,0,0,-1475.8814904528938,-1475.8814904528938,-1475.8814904528938,73.14265817110825,73.14265817110825,73.14265817110825,0,0,0,-2584.503215528647,1464.6030263122525,2529.142493489525,2529.142493489525,-595.651607722928
2025-01-05T00:00:00Z,2529.3705068062022,-3497.5182214747383,-3497.5182214747383,-3497.5182214747383,0,0,0,0,0,0,0,0,0,0,0,0,0,0,0,0,0,0,-1397.2520306321417,-1397.2520306321417,-1397.2520306321417,0,0,0,0,0,0,-2070.6412822417315,-2070.6412822417315,-2070.6412822417315,-29.624908600865716,-29.624908600865716,-29.624908600865716,0,0,0,-3026.8101763833465,1006.0060147895513,2529.3705068062022,2529.3705068062022,-968.1477146685361
2025-01-06T00:00:00Z,2529.598520122879,-979.5961938866919,-979.5961938866919,-979.5961938866919,0,0,0,0,0,0,0,0,0,0,0,0,0,0,0,0,0,0,-1266.3662747062535,-1266.3662747062535,-1266.3662747062535,0,0,0,0,0,0,417.26683864224634,417.26683864224634,417.26683864224634,-130.49675782268457,-130.49675782268457,-130.49675782268457,0,0,0,-317.75217837820577,3472.216544961364,2529.598520122879,2529.598520122879,1550.0023262361872
2025-01-07T00:00:00Z,2529.8265334395564,-774.53803334803,-774.53803334803,-774.53803334803,0,0,0,0,0,0,0,0,0,0,0,0,0,0,0,0,0,0,-1329.6470733932952,-1329.6470733932952,-1329.6470733932952,0,0,0,0,0,0,782.6848167497545,782.6848167497545,782.6848167497545,-227.5757767044893,-227.5757767044893,-227.5757767044893,0,0,0,-277.23730887819033,3744.8753871900626,2529.8265334395564,2529.8265334395564,1755.2885000915264
2025-01-08T00:00:00Z,2530.054546756234,-930.2641051365636,-930.2641051365636,-930.2641051365636,0,0,0,0,0,0,0,0,0,0,0,0,0,0,0,0,0,0,-1361.7360040619387,-1361.7360040619387,-1361.7360040619387,0,0,0,0,0,0,750.5195902306333,750.5195902306333,750.5195902306333,-319.0476913052583,-319.0476913052583,-319.0476913052583,0,0,0,-305.09695641969427,3590.7020906225516,2530.054546756234,2530.054546756234,1599.7904416196702
2025-01-09T00:00:00Z,2530.282560072911,-798.2895098146579,-798.2895098146579,-798.2895098146579,0,0,0,0,0,0,0,0,0,0,0,0,0,0,0,0,0,0,-1201.5092628100685,-1201.5092628100685,-1201.5092628100685,0,0,0,0,0,0,806.4432778112802,806.4432778112802,806.4432778112802,-403.2235248158697,-403.2235248158697,-403.2235248158697,0,0,0,-284.28494323057726,3824.63591447227,2530.282560072911,2530.282560072911,1731.9930502582533
2025-01-10T00:00:00Z,2530.510573389588,-603.89236366572,-603.89236366572,-603.89236366572,0,0,0,0,0,0,0,0,0,0,0,0,0,0,0,0,0,0,-914.9214993283869,-914.9214993283869,-914.9214993283869,0,0,0,0,0,0,789.6082492631225,789.6082492631225,789.6082492631225,-478.57911360045574,-478.57911360045574,-478.57911360045574,0,0,0,-85.11141236155072,3754.9001223383407,2530.510573389588,2530.510573389588,1926.618209723868
2025-01-11T00:00:00Z,2530.7385867062653,-2718.07384101667,-2718.07384101667,-2718.07384101667,0,0,0,0,0,0,0,0,0,0,0,0,0,0,0,0,0,0,-698.401674375652,-698.401674375652,-698.401674375652,0,0,0,0,0,0,-1475.8814904558371,-1475.8814904558371,-1475.8814904558371,-543.7906761851815,-543.7906761851815,-543.7906761851815,0,0,0,-2055.8808004871153,1700.0388454538504,2530.7385867062653,2530.7385867062653,-187.3352543104047
2025-01-12T00:00:00Z,2530.9666000229427,-3325.479933293802,-3325.479933293802,-3325.479933293802,0,0,0,0,0,0,0,0,0,0,0,0,0,0,0,0,0,0,-657.0731216849433,-657.0731216849433,-657.0731216849433,0,0,0,0,0,0,-2070.641282241109,-2070.641282241109,-2070.641282241109,-597.7655293677494,-597.7655293677494,-597.7655293677494,0,0,0,-2753.884000260806,1223.4959628759502,2530.9666000229427,2530.9666000229427,-794.5133332708592
2025-01-13T00:00:00Z,2531.19461333962,-922.3163078765076,-922.3163078765076,-922.3163078765076,0,0,0,0,0,0,0,0,0,0,0,0,0,0,0,0,0,0,-699.915977930163,-699.915977930163,-699.915977930163,0,0,0,0,0,0,417.2668386439889,417.2668386439889,417.2668386439889,-639.6671685903333,-639.6671685903333,-639.6671685903333,0,0,0,-514.065513928562,3544.4582165776924,2531.19461333962,2531.19461333962,1608.8783054631124
2025-01-14T00:00:00Z,2531.4226266562973,-538.3433457585774,-538.3433457585774,-538.3433457585774,0,0,0,0,0,0,0,0,0,0,0,0,0,0,0,0,0,0,-652.0940890214855,-652.0940890214855,-652.0940890214855,0,0,0,0,0,0,782.6848167496682,782.6848167496682,782.6848167496682,-668.9340734867598,-668.9340734867598,-668.9340734867598,0,0,0,63.51527744203213,4006.4111454114127,2531.4226266562973,2531.4226266562973,1993.0792808977199
2025-01-15T00:00:00Z,2531.650639972974,-386.9784753162116,-386.9784753162116,-386.9784753162116,0,0,0,0,0,0,0,0,0,0,0,0,0,0,0,0,0,0,-452.206305280079,-452.206305280079,-452.206305280079,0,0,0,0,0,0,750.5195902297631,750.5195902297631,750.5195902297631,-685.2917602658958,-685.2917602658958,-685.2917602658958,0,0,0,131.75231441480685,4130.7091883025105,2531.650639972974,2531.650639972974,2144.6721646567626
2025-01-16T00:00:00Z,2531.8786532896515,-101.42896261674828,-101.42896261674828,-101.42896261674828,0,0,0,0,0,0,0,0,0,0,0,0,0,0,0,0,0,0,-219.11446434602473,-219.11446434602473,-219.11446434602473,0,0,0,0,0,0,806.443277810753,806.443277810753,806.443277810753,-688.7577760814765,-688.7577760814765,-688.7577760814765,0,0,0,474.5550989766731,4282.621117791301,2531.8786532896515,2531.8786532896515,2430.449690672903
2025-01-17T00:00:00Z,2532.106666606329,-8.04860788295265,-8.04860788295265,-8.04860788295265,0,0,0,0,0,0,0,0,0,0,0,0,0,0,0,0,0,0,-118.01734497552889,-118.01734497552889,-118.01734497552889,0,0,0,0,0,0,789.6082492597742,789.6082492597742,789.6082492597742,-679.6395121671976,-679.6395121671976,-679.6395121671976,0,0,0,493.96393046112746,4579.504607860608,2532.106666606329,2532.106666606329,2524.0580587233762
2025-01-18T00:00:00Z,2532.334679923006,-2306.5786846500096,-2306.5786846500096,-2306.5786846500096,0,0,0,0,0,0,0,0,0,0,0,0,0,0,0,0,0,0,-172.17229673863227,-172.17229673863227,-172.17229673863227,0,0,0,0,0,0,-1475.881490456898,-1475.881490456898,-1475.881490456898,-658.5248974544791,-658.5248974544791,-658.5248974544791,0,0,0,-1782.813436412394,2267.470631778386,2532.334679923006,2532.334679923006,225.75599527299664
2025-01-19T00:00:00Z,2532.562693239683,-2924.0571980699287,-2924.0571980699287,-2924.0571980699287,0,0,0,0,0,0,0,0,0,0,0,0,0,0,0,0,0,0,-227.14969809834446,-227.14969809834446,-227.14969809834446,0,0,0,0,0,0,-2070.641282240487,-2070.641282240487,-2070.641282240487,-626.2662177310979,-626.2662177310979,-626.2662177310979,0,0,0,-2528.282477545351,1536.357765180907,2532.562693239683,2532.562693239683,-391.49450483024566
2025-01-20T00:00:00Z,2532.7907065563604,-280.08614228057513,-280.08614228057513,-280.08614228057513,0,0,0,0,0,0,0,0,0,0,0,0,0,0,0,0,0,0,-113.39549864628276,-113.39549864628276,-113.39549864628276,0,0,0,0,0,0,417.2668386374017,417.2668386374017,417.2668386374017,-583.9574822716942,-583.9574822716942,-583.9574822716942,0,0,0,286.36284393151743,4317.775733771488,2532.7907065563604,2532.7907065563604,2252.7045642757853
2025-01-21T00:00:00Z,2533.0187198730378,413.81967964500984,413.81967964500984,413.81967964500984,0,0,0,0,0,0,0,0,0,0,0,0,0,0,0,0,0,0,164.040788470153,164.040788470153,164.040788470153,0,0,0,0,0,0,782.6848167491501,782.6848167491501,782.6848167491501,-532.905925574293,-532.905925574293,-532.905925574293,0,0,0,957.7769303392969,4962.967183944008,2533.0187198730378,2533.0187198730378,2946.8383995180475
2025-01-22T00:00:00Z,2533.246733189715,698.7409103009807,698.7409103009807,698.7409103009807,0,0,0,0,0,0,0,0,0,0,0,0,0,0,0,0,0,0,422.81970205656984,422.81970205656984,422.81970205656984,0,0,0,0,0,0,750.5195902301363,750.5195902301363,750.5195902301363,-474.5983819857252,-474.5983819857252,-474.5983819857252,0,0,0,1356.785972583956,5191.043541589217,2533.246733189715,2533.246733189715,3231.9876434906955
2025-01-23T00:00:00Z,2533.4747465063924,909.846505831121,909.846505831121,909.846505831121,0,0,0,0,0,0,0,0,0,0,0,0,0,0,0,0,0,0,514.066629631158,514.066629631158,514.066629631158,0,0,0,0,0,0,806.4432778115622,806.4432778115622,806.4432778115622,-410.66340161159917,-410.66340161159917,-410.66340161159917,0,0,0,1478.8438358795938,5366.5740181094425,2533.4747465063924,2533.4747465063924,3443.321252337513
2025-01-24T00:00:00Z,2533.7027598230693,983.6796864813839,983.6796864813839,983.6796864813839,0,0,0,0,0,0,0,0,0,0,0,0,0,0,0,0,0,0,536.9015207740047,536.9015207740047,536.9015207740047,0,0,0,0,0,0,789.6082492599979,789.6082492599979,789.6082492599979,-342.83008355261876,-342.83008355261876,-342.83008355261876,0,0,0,1429.362766330897,5507.969884220893,2533.7027598230693,2533.7027598230693,3517.382446304453
2025-01-25T00:00:00Z,2533.9307731397466,-939.5292655131096,-939.5292655131096,-939.5292655131096,0,0,0,0,0,0,0,0,0,0,0,0,0,0,0,0,0,0,809.2369092913797,809.2369092913797,809.2369092913797,0,0,0,0,0,0,-1475.8814904516385,-1475.8814904516385,-1475.8814904516385,-272.8846843528507,-272.8846843528507,-272.8846843528507,0,0,0,-304.73795628888195,3609.7423050144844,2533.9307731397466,2533.9307731397466,1594.4015076266369
2025-01-26T00:00:00Z,2534.158786456424,-704.7471134608263,-704.7471134608263,-704.7471134608263,0,0,0,0,0,0,0,0,0,0,0,0,0,0,0,0,0,0,1568.5202822573153,1568.5202822573153,1568.5202822573153,0,0,0,0,0,0,-2070.6412822398643,-2070.6412822398643,-2070.6412822398643,-202.6261134782772,-202.6261134782772,-202.6261134782772,0,0,0,-156.79002197474603,3964.0166473279187,2534.158786456424,2534.158786456424,1829.4116729955977
2025-01-27T00:00:00Z,2534.3867997731013,2939.9718362734543,2939.9718362734543,2939.9718362734543,0,0,0,0,0,0,0,0,0,0,0,0,0,0,0,0,0,0,2656.5264499232608,2656.5264499232608,2656.5264499232608,0,0,0,0,0,0,417.26683863813327,417.26683863813327,417.26683863813327,-133.82145228793922,-133.82145228793922,-133.82145228793922,0,0,0,3450.634766622509,7373.515079216226,2534.3867997731013,2534.3867997731013,5474.358636046556
2025-01-28T00:00:00Z,2534.614813089778,4218.904238869069,4218.904238869069,4218.904238869069,0,0,0,0,0,0,0,0,0,0,0,0,0,0,0,0,0,0,3504.38204985284,3504.38204985284,3504.38204985284,0,0,0,0,0,0,782.6848167490638,782.6848167490638,782.6848167490638,-68.16262773283563,-68.16262773283563,-68.16262773283563,0,0,0,4794.969066497077,8799.270156606075,2534.614813089778,2534.614813089778,6753.519051958847
2025-01-29T00:00:00Z,2534.8428264064555,1781.5534039970535,1781.5534039970535,1781.5534039970535,0,0,0,-2454.7553025844145,-2454.7553025844145,-2454.7553025844145,-2454.7553025844145,-2454.7553025844145,-2454.7553025844145,0,0,0,0,0,0,0,0,0,3493.0144535146032,3493.0144535146032,3493.0144535146032,0,0,0,0,0,0,750.5195902298877,750.5195902298877,750.5195902298877,-7.225337163022855,-7.225337163022855,-7.225337163022855,0,0,0,2369.2660260454268,6164.3415338062605,2534.8428264064555,2534.8428264064555,4316.3962304035085
2025-01-30T00:00:00Z,2535.070839723133,823.4930059682135,823.4930059682135,823.4930059682135,0,0,0,-2454.7553025844145,-2454.7553025844145,-2454.7553025844145,-2454.7553025844145,-2454.7553025844145,-2454.7553025844145,0,0,0,0,0,0,0,0,0,2424.2362878689582,2424.2362878689582,2424.2362878689582,0,0,0,0,0,0,806.4432778123713,806.4432778123713,806.4432778123713,47.568742871299335,47.568742871299335,47.568742871299335,0,0,0,1323.77388319868,5352.555805437368,2535.070839723133,2535.070839723133,3358.5638456913466
2025-01-31T00:00:00Z,2535.29885303981,1596.1440765435736,1596.1440765435736,1596.1440765435736,0,0,0,0,0,0,0,0,0,0,0,0,0,0,0,0,0,0,711.5503060300532,711.5503060300532,711.5503060300532,0,0,0,0,0,0,789.608249264801,789.608249264801,789.608249264801,94.98552124871972,94.98552124871972,94.98552124871972,0,0,0,2110.932905994523,6187.936891122343,2535.29885303981,2535.29885303981,4131.442929583383
2025-02-01T00:00:00Z,2535.526866356487,-4166.3715883752975,-4166.3715883752975,-4166.3715883752975,0,0,0,0,0,0,-1941.2219588157836,-1941.2219588157836,-1941.2219588157836,0,0,0,0,0,0,-1941.2219588157836,-1941.2219588157836,-1941.2219588157836,-883.2751415219561,-883.2751415219561,-883.2751415219561,0,0,0,0,0,0,-1475.8814904508176,-1475.8814904508176,-1475.8814904508176,134.00700241326012,134.00700241326012,134.00700241326012,0,0,0,-3478.9852888705245,288.4689076682444,2535.526866356487,2535.526866356487,-1630.8447220188104
2025-02-02T00:00:00Z,2535.7548802627753,-3671.163140143825,-3671.163140143825,-3671.163140143825,0,0,0,0,0,0,0,0,0,0,0,0,0,0,0,0,0,0,-1764.3759078369412,-1764.3759078369412,-1764.3759078369412,0,0,0,0,0,0,-2070.6412822376365,-2070.6412822376365,-2070.6412822376365,163.85404993075352,163.85404993075352,163.85404993075352,0,0,0,-3050.4031669371716,1008.426691631912,2535.7548802627753,2535.7548802627753,-1135.4082598810496
2025-02-03T00:00:00Z,2535.982894169064,-1256.8967447362174,-1256.8967447362174,-1256.8967447362174,0,0,0,0,0,0,0,0,0,0,0,0,0,0,0,0,0,0,-1858.1664480639406,-1858.1664480639406,-1858.1664480639406,0,0,0,0,0,0,417.26683864088676,417.26683864088676,417.26683864088676,184.00286468683657,184.00286468683657,184.00286468683657,0,0,0,-681.1867584471718,3319.6223882921854,2535.982894169064,2535.982894169064,1279.0861494328465
2025-02-04T00:00:00Z,2536.2109080753526,-573.0157858799815,-573.0157858799815,-573.0157858799815,0,0,0,0,0,0,0,0,0,0,0,0,0,0,0,0,0,0,-1549.8954082153246,-1549.8954082153246,-1549.8954082153246,0,0,0,0,0,0,782.6848167503709,782.6848167503709,782.6848167503709,194.19480558497162,194.19480558497162,194.19480558497162,0,0,0,24.717031243778735,4003.125703291985,2536.2109080753526,2536.2109080753526,1963.195122195371
2025-02-05T00:00:00Z,2536.438921981641,-354.34373672127066,-354.34373672127066,-354.34373672127066,0,0,0,0,0,0,0,0,0,0,0,0,0,0,0,0,0,0,-1299.3026830019476,-1299.3026830019476,-1299.3026830019476,0,0,0,0,0,0,750.5195902302285,750.5195902302285,750.5195902302285,194.43935605044877,194.43935605044877,194.43935605044877,0,0,0,217.05995419881128,4101.190197645222,2536.438921981641,2536.438921981641,2182.0951852603707
2025-02-06T00:00:00Z,2536.66693588793,-294.41340434608196,-294.41340434608196,-294.41340434608196,0,0,0,0,0,0,0,0,0,0,0,0,0,0,0,0,0,0,-1285.8669013605092,-1285.8669013605092,-1285.8669013605092,0,0,0,0,0,0,806.4432778131804,806.4432778131804,806.4432778131804,185.0102192012467,185.0102192012467,185.0102192012467,0,0,0,188.18677602312343,4186.281327385351,2536.66693588793,2536.66693588793,2242.253531541848
2025-02-07T00:00:00Z,2536.894949794218,-408.27321156690937,-408.27321156690937,-408.27321156690937,0,0,0,0,0,0,0,0,0,0,0,0,0,0,0,0,0,0,-1364.3161642284817,-1364.3161642284817,-1364.3161642284817,0,0,0,0,0,0,789.6082492632385,789.6082492632385,789.6082492632385,166.4347033983337,166.4347033983337,166.4347033983337,0,0,0,181.34717345270957,3971.5010516975863,2536.894949794218,2536.894949794218,2128.621738227309
2025-02-08T00:00:00Z,2537.1229637005067,-2643.3282014490583,-2643.3282014490583,-2643.3282014490583,0,0,0,0,0,0,0,0,0,0,0,0,0,0,0,0,0,0,-1306.9234442713182,-1306.9234442713182,-1306.9234442713182,0,0,0,0,0,0,-1475.8814904537605,-1475.8814904537605,-1475.8814904537605,139.47673327602027,139.47673327602027,139.47673327602027,0,0,0,-2116.8981464943563,1595.996682157092,2537.1229637005067,2537.1229637005067,-106.20523774855155
2025-02-09T00:00:00Z,2537.350977606795,-3027.7102748766847,-3027.7102748766847,-3027.7102748766847,0,0,0,0,0,0,0,0,0,0,0,0,0,0,0,0,0,0,-1062.1829773273982,-1062.1829773273982,-1062.1829773273982,0,0,0,0,0,0,-2070.641282238619,-2070.641282238619,-2070.641282238619,105.11398468933308,105.11398468933308,105.11398468933308,0,0,0,-2391.0310288849614,1370.739204366687,2537.350977606795,2537.350977606795,-490.3592972698898
2025-02-10T00:00:00Z,2537.5789915130836,-305.1093602747916,-305.1093602747916,-305.1093602747916,0,0,0,0,0,0,0,0,0,0,0,0,0,0,0,0,0,0,-786.8859899342579,-786.8859899342579,-786.8859899342579,0,0,0,0,0,0,417.26683864161873,417.26683864161873,417.26683864161873,64.50979101784749,64.50979101784749,64.50979101784749,0,0,0,189.33437761154602,4165.672778497191,2537.5789915130836,2537.5789915130836,2232.469631238292
2025-02-11T00:00:00Z,2537.807005419372,-1796.8473760467773,-1796.8473760467773,-1796.8473760467773,0,0,0,0,0,0,-1941.2219588157836,-1941.2219588157836,-1941.2219588157836,0,0,0,0,0,0,-1941.2219588157836,-1941.2219588157836,-1941.2219588157836,-657.2908330173042,-657.2908330173042,-657.2908330173042,0,0,0,0,0,0,782.6848167500691,782.6848167500691,782.6848167500691,18.980599036241934,18.980599036241934,18.980599036241934,0,0,0,-1206.1764414816903,2730.646645178792,2537.807005419372,2537.807005419372,740.9596293725949
2025-02-12T00:00:00Z,2538.0350193256604,41.07521108686227,41.07521108686227,41.07521108686227,0,0,0,0,0,0,0,0,0,0,0,0,0,0,0,0,0,0,-679.4042409035852,-679.4042409035852,-679.4042409035852,0,0,0,0,0,0,750.51959022998,750.51959022998,750.51959022998,-30.040138239532777,-30.040138239532777,-30.040138239532777,0,0,0,634.04377062165,4498.804551528079,2538.0350193256604,2538.0350193256604,2579.1102304125225
2025-02-13T00:00:00Z,2538.263033231949,29.722905183205764,29.722905183205764,29.722905183205764,0,0,0,0,0,0,0,0,0,0,0,0,0,0,0,0,0,0,-695.6797131567507,-695.6797131567507,-695.6797131567507,0,0,0,0,0,0,806.4432778126533,806.4432778126533,806.4432778126533,-81.04065947269672,-81.04065947269672,-81.04065947269672,0,0,0,481.38798828626807,4650.065576883617,2538.263033231949,2538.263033231949,2567.985938415155
2025-02-14T00:00:00Z,2538.4910471382373,89.93505604973097,89.93505604973097,89.93505604973097,0,0,0,0,0,0,0,0,0,0,0,0,0,0,0,0,0,0,-567.2020401998326,-567.2020401998326,-567.2020401998326,0,0,0,0,0,0,789.6082492616762,789.6082492616762,789.6082492616762,-132.47115301211247,-132.47115301211247,-132.47115301211247,0,0,0,613.8300451264183,4695.487035756075,2538.4910471382373,2538.4910471382373,2628.4261031879682
2025-02-15T00:00:00Z,2538.719061044526,-1986.722581299737,-1986.722581299737,-1986.722581299737,0,0,0,0,0,0,0,0,0,0,0,0,0,0,0,0,0,0,-328.0565771834294,-328.0565771834294,-328.0565771834294,0,0,0,0,0,0,-1475.8814904567032,-1475.8814904567032,-1475.8814904567032,-182.784513659604,-182.784513659604,-182.784513659604,0,0,0,-1428.7397911980984,2494.804228939238,2538.719061044526,2538.719061044526,551.996479744789
2025-02-16T00:00:00Z,2538.9470749508146,-2446.864704891404,-2446.864704891404,-2446.864704891404,0,0,0,0,0,0,0,0,0,0,0,0,0,0,0,0,0,0,-145.74688803706553,-145.74688803706553,-145.74688803706553,0,0,0,0,0,0,-2070.641282241832,-2070.641282241832,-2070.641282241832,-230.47653461250613,-230.47653461250613,-230.47653461250613,0,0,0,-1946.36874372643,1984.7080239440463,2538.9470749508146,2538.9470749508146,92.08237005941055
2025-02-17T00:00:00Z,2539.1750888571028,10.796421420663119,10.796421420663119,10.796421420663119,0,0,0,0,0,0,0,0,0,0,0,0,0,0,0,0,0,0,-132.34592029130306,-132.34592029130306,-132.34592029130306,0,0,0,0,0,0,417.26683864336115,417.26683864336115,417.26683864336115,-274.1244969313951,-274.1244969313951,-274.1244969313951,0,0,0,481.0263854686119,4569.299563466878,2539.1750888571028,2539.1750888571028,2549.971510277766
2025-02-18T00:00:00Z,2539.4031027633914,257.7509413500566,257.7509413500566,257.7509413500566,0,0,0,0,0,0,0,0,0,0,0,0,0,0,0,0,0,0,-212.51070331585802,-212.51070331585802,-212.51070331585802,0,0,0,0,0,0,782.6848167497666,782.6848167497666,782.6848167497666,-312.42317208385197,-312.42317208385197,-312.42317208385197,0,0,0,960.476362570601,4784.636147912125,2539.4031027633914,2539.4031027633914,2797.154044113448
2025-02-19T00:00:00Z,2539.63111666968,209.85920265372405,209.85920265372405,209.85920265372405,0,0,0,0,0,0,0,0,0,0,0,0,0,0,0,0,0,0,-196.44305566562122,-196.44305566562122,-196.44305566562122,0,0,0,0,0,0,750.519590230353,750.519590230353,750.519590230353,-344.2173319110077,-344.2173319110077,-344.2173319110077,0,0,0,546.4500224789326,4657.2493404768275,2539.63111666968,2539.63111666968,2749.490319323404
2025-02-20T00:00:00Z,2539.8591305759683,451.7612444988473,451.7612444988473,451.7612444988473,0,0,0,0,0,0,0,0,0,0,0,0,0,0,0,0,0,0,13.84792908665829,13.84792908665829,13.84792908665829,0,0,0,0,0,0,806.4432778147988,806.4432778147988,806.4432778147988,-368.52996240260967,-368.52996240260967,-368.52996240260967,0,0,0,1238.421474683637,4955.891172463933,2539.8591305759683,2539.8591305759683,2991.6203750748155
2025-02-21T00:00:00Z,2540.087144482257,714.0922905538495,714.0922905538495,714.0922905538495,0,0,0,0,0,0,0,0,0,0,0,0,0,0,0,0,0,0,309.0695412821751,309.0695412821751,309.0695412821751,0,0,0,0,0,0,789.6082492682655,789.6082492682655,789.6082492682655,-384.585499996591,-384.585499996591,-384.585499996591,0,0,0,1295.3839650424438,5201.382641394191,2540.087144482257,2540.087144482257,3254.1794350361065
2025-02-22T00:00:00Z,2540.315158388545,-1377.453537958401,-1377.453537958401,-1377.453537958401,0,0,0,0,0,0,0,0,0,0,0,0,0,0,0,0,0,0,490.2555007508758,490.2555007508758,490.2555007508758,0,0,0,0,0,0,-1475.8814904558822,-1475.8814904558822,-1475.8814904558822,-391.82754825339435,-391.82754825339435,-391.82754825339435,0,0,0,-781.1504127692092,3112.1515950598873,2540.315158388545,2540.315158388545,1162.861620430144
2025-02-23T00:00:00Z,2540.5431722948338,-1943.8470653147285,-1943.8470653147285,-1943.8470653147285,0,0,0,0,0,0,0,0,0,0,0,0,0,0,0,0,0,0,516.7249017071932,516.7249017071932,516.7249017071932,0,0,0,0,0,0,-2070.64128224121,-2070.64128224121,-2070.64128224121,-389.93068478071217,-389.93068478071217,-389.93068478071217,0,0,0,-1273.6224072466555,2618.348001048197,2540.5431722948338,2540.5431722948338,596.6961069801052
2025-02-24T00:00:00Z,2540.7711862011224,659.1154082279728,659.1154082279728,659.1154082279728,0,0,0,0,0,0,0,0,0,0,0,0,0,0,0,0,0,0,620.6546985756896,620.6546985756896,620.6546985756896,0,0,0,0,0,0,417.2668386451038,417.2668386451038,417.2668386451038,-378.80612899282073,-378.80612899282073,-378.80612899282073,0,0,0,1253.851654177457,5288.172539088726,2540.7711862011224,2540.7711862011224,3199.886594429095
2025-02-25T00:00:00Z,2540.999200107411,1550.495146027958,1550.495146027958,1550.495146027958,0,0,0,0,0,0,0,0,0,0,0,0,0,0,0,0,0,0,1126.4115355184924,1126.4115355184924,1126.4115355184924,0,0,0,0,0,0,782.6848167494646,782.6848167494646,782.6848167494646,-358.60120623999967,-358.60120623999967,-358.60120623999967,0,0,0,2072.7869730119596,6027.156755490469,2540.999200107411,2540.999200107411,4091.494346135369
2025-02-26T00:00:00Z,2541.2272140136997,2520.9103029956127,2520.9103029956127,2520.9103029956127,0,0,0,0,0,0,0,0,0,0,0,0,0,0,0,0,0,0,2100.0834213366334,2100.0834213366334,2100.0834213366334,0,0,0,0,0,0,750.5195902294829,750.5195902294829,750.5195902294829,-329.6927085705041,-329.6927085705041,-329.6927085705041,0,0,0,3011.6608898667046,7028.379406912115,2541.2272140136997,2541.2272140136997,5062.137517009312
2025-02-27T00:00:00Z,2541.455227919988,3667.7481366646693,3667.7481366646693,3667.7481366646693,0,0,0,0,0,0,0,0,0,0,0,0,0,0,0,0,0,0,3153.9792712756207,3153.9792712756207,3153.9792712756207,0,0,0,0,0,0,806.4432778114906,806.4432778114906,806.4432778114906,-292.6744124224421,-292.6744124224421,-292.6744124224421,0,0,0,4144.008369257485,8034.573260404533,2541.455227919988,2541.455227919988,6209.203364584657
2025-02-28T00:00:00Z,2541.6832418262766,4174.046417272045,4174.046417272045,4174.046417272045,0,0,0,0,0,0,0,0,0,0,0,0,0,0,0,0,0,0,3632.777332649463,3632.777332649463,3632.777332649463,0,0,0,0,0,0,789.608249266703,789.608249266703,789.608249266703,-248.33916464412064,-248.33916464412064,-248.33916464412064,0,0,0,4731.824497388777,8733.077808873695,2541.6832418262766,2541.6832418262766,6715.7296590983215
2025-03-01T00:00:00Z,2541.911255732565,1404.7798365227004,1404.7798365227004,1404.7798365227004,0,0,0,0,0,0,0,0,0,0,0,0,0,0,0,0,0,0,3078.3174133785483,3078.3174133785483,3078.3174133785483,0,0,0,0,0,0,-1475.8814904588255,-1475.8814904588255,-1475.8814904588255,-197.6560863970231,-197.6560863970231,-197.6560863970231,0,0,0,2169.2994107538807,6013.718993908133,2541.911255732565,2541.911255732565,3946.6910922552656
2025-03-02T00:00:00Z,2542.1392696388534,-609.2121731054035,-609.2121731054035,-609.2121731054035,0,0,0,0,0,0,0,0,0,0,0,0,0,0,0,0,0,0,1603.172675292486,1603.172675292486,1603.172675292486,0,0,0,0,0,0,-2070.6412822389816,-2070.6412822389816,-2070.6412822389816,-141.74356615890753,-141.74356615890753,-141.74356615890753,0,0,0,-4.9803585124397465,4053.109097654066,2542.1392696388534,2542.1392696388534,1932.92709653345
2025-03-03T00:00:00Z,2542.367283545142,187.7751803692388,187.7751803692388,187.7751803692388,0,0,0,0,0,0,0,0,0,0,0,0,0,0,0,0,0,0,-147.6528432009473,-147.6528432009473,-147.6528432009473,0,0,0,0,0,0,417.26683863851656,417.26683863851656,417.26683863851656,-81.8388150683305,-81.8388150683305,-81.8388150683305,0,0,0,817.562104703737,4622.909804087365,2542.367283545142,2542.367283545142,2730.1424639143806
2025-03-04T00:00:00Z,2542.5952974514303,-667.9346128120748,-667.9346128120748,-667.9346128120748,0,0,0,0,0,0,0,0,0,0,0,0,0,0,0,0,0,0,-1431.3545917952029,-1431.3545917952029,-1431.3545917952029,0,0,0,0,0,0,782.684816750772,782.684816750772,782.684816750772,-19.264837767644135,-19.264837767644135,-19.264837767644135,0,0,0,-161.1361814155785,3933.9772372540774,2542.5952974514303,2542.5952974514303,1874.6606846393556
2025-03-05T00:00:00Z,2542.823311357719,-1097.559380572023,-1097.559380572023,-1097.559380572023,0,0,0,0,0,0,0,0,0,0,0,0,0,0,0,0,0,0,-1892.6832430364777,-1892.6832430364777,-1892.6832430364777,0,0,0,0,0,0,750.519590229856,750.519590229856,750.519590229856,44.604272234598774,44.604272234598774,44.604272234598774,0,0,0,-622.4369332097833,3344.6934294482166,2542.823311357719,2542.823311357719,1445.263930785696
2025-03-06T00:00:00Z,2543.0513252640076,-807.2332180910548,-807.2332180910548,-807.2332180910548,0,0,0,0,0,0,0,0,0,0,0,0,0,0,0,0,0,0,-1722.055268930199,-1722.055268930199,-1722.055268930199,0,0,0,0,0,0,806.4432778122997,806.4432778122997,806.4432778122997,108.37877302684403,108.37877302684403,108.37877302684403,0,0,0,-290.3906149456966,3601.918877220716,2543.0513252640076,2543.0513252640076,1735.8181071729528
2025-03-07T00:00:00Z,2543.2793391702958,-436.95527532351514,-436.95527532351514,-436.95527532351514,0,0,0,0,0,0,0,0,0,0,0,0,0,0,0,0,0,0,-1397.2520306330339,-1397.2520306330339,-1397.2520306330339,0,0,0,0,0,0,789.6082492651407,789.6082492651407,789.6082492651407,170.68850604437768,170.68850604437768,170.68850604437768,0,0,0,120.0682903659807,4109.663536829264,2543.2793391702958,2543.2793391702958,2106.3240638467805
2025-03-08T00:00:00Z,2543.5073530765844,-2512.030769946187,-2512.030769946187,-2512.030769946187,0,0,0,0,0,0,0,0,0,0,0,0,0,0,0,0,0,0,-1266.3662747080166,-1266.3662747080166,-1266.3662747080166,0,0,0,0,0,0,-1475.8814904598867,-1475.8814904598867,-1475.8814904598867,230.21699522171596,230.21699522171596,230.21699522171596,0,0,0,-1903.8985762889738,1828.3528896448017,2543.5073530765844,2543.5073530765844,31.476583130397557
2025-03-09T00:00:00Z,2543.7353669828726,-3114.5548206799804,-3114.5548206799804,-3114.5548206799804,0,0,0,0,0,0,0,0,0,0,0,0,0,0,0,0,0,0,-1329.6470733949234,-1329.6470733949234,-1329.6470733949234,0,0,0,0,0,0,-2070.641282239965,-2070.641282239965,-2070.641282239965,285.7335349549086,285.7335349549086,285.7335349549086,0,0,0,-2469.695008008549,1458.460676583926,2543.7353669828726,2543.7353669828726,-570.8194536971077
2025-03-10T00:00:00Z,2543.9633808891613,-608.3467087906282,-608.3467087906282,-608.3467087906282,0,0,0,0,0,0,0,0,0,0,0,0,0,0,0,0,0,0,-1361.7360040618003,-1361.7360040618003,-1361.7360040618003,0,0,0,0,0,0,417.26683863924825,417.26683863924825,417.26683863924825,336.12245663192334,336.12245663192334,336.12245663192334,0,0,0,-110.84272950400856,3841.9305860234717,2543.9633808891613,2543.9633808891613,1935.616672098533
2025-03-11T00:00:00Z,2544.19139479545,-38.415593347303876,-38.415593347303876,-38.415593347303876,0,0,0,0,0,0,0,0,0,0,0,0,0,0,0,0,0,0,-1201.509262810125,-1201.509262810125,-1201.509262810125,0,0,0,0,0,0,782.6848167502538,782.6848167502538,782.6848167502538,380.40885271256735,380.40885271256735,380.40885271256735,0,0,0,664.5528503711591,4391.350524565588,2544.19139479545,2544.19139479545,2505.775801448146
2025-03-12T00:00:00Z,2544.419408701738,253.37823560559482,253.37823560559482,253.37823560559482,0,0,0,0,0,0,0,0,0,0,0,0,0,0,0,0,0,0,-914.9214993306078,-914.9214993306078,-914.9214993306078,0,0,0,0,0,0,750.5195902302291,750.5195902302291,750.5195902302291,417.78014470597384,417.78014470597384,417.78014470597384,0,0,0,828.9339061919753,4749.569278061012,2544.419408701738,2544.419408701738,2797.797644307333
2025-03-13T00:00:00Z,2544.6474226080268,555.6446071277943,555.6446071277943,555.6446071277943,0,0,0,0,0,0,0,0,0,0,0,0,0,0,0,0,0,0,-698.4016743745163,-698.4016743745163,-698.4016743745163,0,0,0,0,0,0,806.4432778131089,806.4432778131089,806.4432778131089,447.60300368920167,447.60300368920167,447.60300368920167,0,0,0,1178.2944320968718,5063.64699508091,2544.6474226080268,2544.6474226080268,3100.292029735821
2025-03-14T00:00:00Z,2544.8754365143154,601.970393264124,601.970393264124,601.970393264124,0,0,0,0,0,0,0,0,0,0,0,0,0,0,0,0,0,0,-657.0731216837014,-657.0731216837014,-657.0731216837014,0,0,0,0,0,0,789.6082492635784,789.6082492635784,789.6082492635784,469.4352656842469,469.4352656842469,469.4352656842469,0,0,0,1140.9051459139714,5159.623460893446,2544.8754365143154,2544.8754365143154,3146.8458297784396
2025-03-15T00:00:00Z,2545.1034504206036,-1692.764842981728,-1692.764842981728,-1692.764842981728,0,0,0,0,0,0,0,0,0,0,0,0,0,0,0,0,0,0,-699.9159779305263,-699.9159779305263,-699.9159779305263,0,0,0,0,0,0,-1475.8814904527444,-1475.8814904527444,-1475.8814904527444,483.03262540154265,483.03262540154265,483.03262540154265,0,0,0,-1148.5255755855796,2860.6007778067424,2545.1034504206036,2545.1034504206036,852.3386074388757
2025-03-16T00:00:00Z,2545.3314643268923,-2234.3853346661554,-2234.3853346661554,-2234.3853346661554,0,0,0,0,0,0,0,0,0,0,0,0,0,0,0,0,0,0,-652.0940890222672,-652.0940890222672,-652.0940890222672,0,0,0,0,0,0,-2070.641282237737,-2070.641282237737,-2070.641282237737,488.35003659384915,488.35003659384915,488.35003659384915,0,0,0,-1522.8774605659835,2402.259064198436,2545.3314643268923,2545.3314643268923,310.9461296607369
2025-03-17T00:00:00Z,2545.5594782331805,450.59842485257866,450.59842485257866,450.59842485257866,0,0,0,0,0,0,0,0,0,0,0,0,0,0,0,0,0,0,-452.20630527787944,-452.20630527787944,-452.20630527787944,0,0,0,0,0,0,417.2668386409909,417.2668386409909,417.2668386409909,485.5378914894672,485.5378914894672,485.5378914894672,0,0,0,1004.6815238396532,5019.493831264418,2545.5594782331805,2545.5594782331805,2996.1579030857592
2025-03-18T00:00:00Z,2545.7874921394696,-902.7184148737957,-902.7184148737957,-902.7184148737957,0,0,0,0,0,0,-1941.2219588157836,-1941.2219588157836,-1941.2219588157836,0,0,0,0,0,0,-1941.2219588157836,-1941.2219588157836,-1941.2219588157836,-219.11446434605705,-219.11446434605705,-219.11446434605705,0,0,0,0,0,0,782.6848167501676,782.6848167501676,782.6848167501676,474.9331915378772,474.9331915378772,474.9331915378772,0,0,0,-233.52796410380228,3720.661005162113,2545.7874921394696,2545.7874921394696,1643.069077265674
2025-03-19T00:00:00Z,2546.015506045758,1089.5482984510602,1089.5482984510602,1089.5482984510602,0,0,0,0,0,0,0,0,0,0,0,0,0,0,0,0,0,0,-118.01734497379402,-118.01734497379402,-118.01734497379402,0,0,0,0,0,0,750.5195902299807,750.5195902299807,750.5195902299807,457.0460531948734,457.0460531948734,457.0460531948734,0,0,0,1769.7724582965845,5533.875007426808,2546.015506045758,2546.015506045758,3635.563804496818
2025-03-20T00:00:00Z,2546.2435199520464,1066.8129933027717,1066.8129933027717,1066.8129933027717,0,0,0,0,0,0,0,0,0,0,0,0,0,0,0,0,0,0,-172.172296739806,-172.172296739806,-172.172296739806,0,0,0,0,0,0,806.443277811137,806.443277811137,806.443277811137,432.54201223144054,432.54201223144054,432.54201223144054,0,0,0,1663.2502253263158,5733.647680681294,2546.2435199520464,2546.2435199520464,3613.056513254818
2025-03-21T00:00:00Z,2546.471533858335,964.6792460662215,964.6792460662215,964.6792460662215,0,0,0,0,0,0,0,0,0,0,0,0,0,0,0,0,0,0,-227.14969809788084,-227.14969809788084,-227.14969809788084,0,0,0,0,0,0,789.6082492638019,789.6082492638019,789.6082492638019,402.2206949003006,402.2206949003006,402.2206949003006,0,0,0,1436.7935760639684,5556.099863791567,2546.471533858335,2546.471533858335,3511.1507799245564
2025-03-22T00:00:00Z,2546.6995477646233,-1222.2854774834377,-1222.2854774834377,-1222.2854774834377,0,0,0,0,0,0,0,0,0,0,0,0,0,0,0,0,0,0,-113.39549864543434,-113.39549864543434,-113.39549864543434,0,0,0,0,0,0,-1475.8814904538053,-1475.8814904538053,-1475.8814904538053,366.99151161580204,366.99151161580204,366.99151161580204,0,0,0,-607.585518476269,3272.1931755591822,2546.6995477646233,2546.6995477646233,1324.4140702811856
2025-03-23T00:00:00Z,2546.927561670912,-1578.753397322834,-1578.753397322834,-1578.753397322834,0,0,0,0,0,0,0,0,0,0,0,0,0,0,0,0,0,0,164.0407884686981,164.0407884686981,164.0407884686981,0,0,0,0,0,0,-2070.64128223551,-2070.64128223551,-2070.64128223551,327.84709644397776,327.84709644397776,327.84709644397776,0,0,0,-1049.4875625184102,2897.1221529608056,2546.927561670912,2546.927561670912,968.174164348078
2025-03-24T00:00:00Z,2547.1555755772006,1125.9218028025707,1125.9218028025707,1125.9218028025707,0,0,0,0,0,0,0,0,0,0,0,0,0,0,0,0,0,0,422.81970205660383,422.81970205660383,422.81970205660383,0,0,0,0,0,0,417.2668386427334,417.2668386427334,417.2668386427334,285.8352621032339,285.8352621032339,285.8352621032339,0,0,0,1688.1873898048568,5681.276331323352,2547.1555755772006,2547.1555755772006,3673.0773783797713
2025-03-25T00:00:00Z,2547.383589483489,1538.781710817063,1538.781710817063,1538.781710817063,0,0,0,0,0,0,0,0,0,0,0,0,0,0,0,0,0,0,514.0666296317638,514.0666296317638,514.0666296317638,0,0,0,0,0,0,782.6848167498649,782.6848167498649,782.6848167498649,242.030264435434,242.030264435434,242.030264435434,0,0,0,2083.715745762434,6280.889227843764,2547.383589483489,2547.383589483489,4086.1653003005517
2025-03-26T00:00:00Z,2547.6116033897774,1484.9252831046308,1484.9252831046308,1484.9252831046308,0,0,0,0,0,0,0,0,0,0,0,0,0,0,0,0,0,0,536.9015207732617,536.9015207732617,536.9015207732617,0,0,0,0,0,0,750.5195902303216,750.5195902303216,750.5195902303216,197.5041721010479,197.5041721010479,197.5041721010479,0,0,0,1948.4398124633494,6081.950116603879,2547.6116033897774,2547.6116033897774,4032.5368864944085
2025-03-27T00:00:00Z,2547.839802985671,1768.9793040390603,1768.9793040390603,1768.9793040390603,0,0,0,0,0,0,0,0,0,0,0,0,0,0,0,0,0,0,809.2369092897245,809.2369092897245,809.2369092897245,0,0,0,0,0,0,806.4432778106101,806.4432778106101,806.4432778106101,153.29911693872563,153.29911693872563,153.29911693872563,0,0,0,2296.617077618088,6309.030153648267,2547.839802985671,2547.839802985671,4316.819107024731
2025-03-28T00:00:00Z,2548.0680025815655,2468.529690479786,2468.529690479786,2468.529690479786,0,0,0,0,0,0,0,0,0,0,0,0,0,0,0,0,0,0,1568.5202822586336,1568.5202822586336,1568.5202822586336,0,0,0,0,0,0,789.6082492604536,789.6082492604536,789.6082492604536,110.40115896069898,110.40115896069898,110.40115896069898,0,0,0,3074.609597328703,7049.971721838146,2548.0680025815655,2548.0680025815655,5016.5976930613515
2025-03-29T00:00:00Z,2548.2962021774592,1250.3613983385742,1250.3613983385742,1250.3613983385742,0,0,0,0,0,0,0,0,0,0,0,0,0,0,0,0,0,0,2656.5264499251757,2656.5264499251757,2656.5264499251757,0,0,0,0,0,0,-1475.8814904567485,-1475.8814904567485,-1475.8814904567485,69.71643887014696,69.71643887014696,69.71643887014696,0,0,0,1924.1366222071856,5721.463097148273,2548.2962021774592,2548.2962021774592,3798.657600516033
2025-03-30T00:00:00Z,2548.5244017733535,1465.7909799700446,1465.7909799700446,1465.7909799700446,0,0,0,0,0,0,0,0,0,0,0,0,0,0,0,0,0,0,3504.382049853557,3504.382049853557,3504.382049853557,0,0,0,0,0,0,-2070.6412822364923,-2070.6412822364923,-2070.6412822364923,32.05021235297955,32.05021235297955,32.05021235297955,0,0,0,1947.482596458371,6144.1052775795915,2548.5244017733535,2548.5244017733535,4014.315381743398
2025-03-31T00:00:00Z,2548.7526013692473,1227.648311140265,1227.648311140265,1227.648311140265,0,0,0,0,0,0,-2680.7222477621226,-2680.7222477621226,-2680.7222477621226,0,0,0,0,0,0,0,0,0,3493.014453515965,3493.014453515965,3493.014453515965,0,0,0,-2680.7222477621226,-2680.7222477621226,-2680.7222477621226,417.2668386361461,417.2668386361461,417.2668386361461,-1.9107332497236498,-1.9107332497236498,-1.9107332497236498,0,0,0,1752.9577129334039,5719.77599365261,2548.7526013692473,2548.7526013692473,3776.400912509512
2025-04-01T00:00:00Z,2548.9808009651415,333.75923769718077,333.75923769718077,333.75923769718077,0,0,0,0,0,0,-2841.5499818838543,-2841.5499818838543,-2841.5499818838543,0,0,0,0,0,0,0,0,0,2424.236287868207,2424.236287868207,2424.236287868207,0,0,0,-2841.5499818838543,-2841.5499818838543,-2841.5499818838543,782.6848167495631,782.6848167495631,782.6848167495631,-31.611885036735483,-31.611885036735483,-31.611885036735483,0,0,0,850.3564903812512,4877.352526745871,2548.9808009651415,2548.9808009651415,2882.740038662322
2025-04-02T00:00:00Z,2549.2090005610353,449.73141050516944,449.73141050516944,449.73141050516944,0,0,0,0,0,0,-955.6977325654819,-955.6977325654819,-955.6977325654819,0,0,0,0,0,0,0,0,0,711.5503060338409,711.5503060338409,711.5503060338409,0,0,0,-955.6977325654819,-955.6977325654819,-955.6977325654819,750.5195902300729,750.5195902300729,750.5195902300729,-56.64075319326224,-56.64075319326224,-56.64075319326224,0,0,0,945.8697244495479,4965.954683135746,2549.2090005610353,2549.2090005610353,2998.940411066205
2025-04-03T00:00:00Z,2549.4372001569295,-1554.3998551713494,-1554.3998551713494,-1554.3998551713494,0,0,0,0,0,0,-1400.8355893620592,-1400.8355893620592,-1400.8355893620592,0,0,0,0,0,0,0,0,0,-883.275141518857,-883.275141518857,-883.275141518857,0,0,0,-1400.8355893620592,-1400.8355893620592,-1400.8355893620592,806.4432778127554,806.4432778127554,806.4432778127554,-76.73240210318828,-76.73240210318828,-76.73240210318828,0,0,0,-986.6625206359078,3019.084220356218,2549.4372001569295,2549.4372001569295,995.0373449855801
2025-04-04T00:00:00Z,2549.6653997528238,-2135.6956340337106,-2135.6956340337106,-2135.6956340337106,0,0,0,0,0,0,-1069.157249526858,-1069.157249526858,-1069.157249526858,0,0,0,0,0,0,0,0,0,-1764.3759078358225,-1764.3759078358225,-1764.3759078358225,0,0,0,-1069.157249526858,-1069.157249526858,-1069.157249526858,789.6082492606771,789.6082492606771,789.6082492606771,-91.7707259317074,-91.7707259317074,-91.7707259317074,0,0,0,-1509.368362587688,2327.780030293296,2549.6653997528238,2549.6653997528238,413.9697657191132
2025-04-05T00:00:00Z,2549.8935993487175,-3589.445489559497,-3589.445489559497,-3589.445489559497,0,0,0,0,0,0,-153.61199978314187,-153.61199978314187,-153.61199978314187,0,0,0,0,0,0,0,0,0,-1858.1664480642073,-1858.1664480642073,-1858.1664480642073,0,0,0,-153.61199978314187,-153.61199978314187,-153.61199978314187,-1475.8814904578098,-1475.8814904578098,-1475.8814904578098,-101.78555125433856,-101.78555125433856,-101.78555125433856,0,0,0,-2888.2674973759454,898.3096082519365,2549.8935993487175,2549.8935993487175,-1039.5518902107797
2025-04-06T00:00:00Z,2550.121798944612,-3707.0448688791566,-3707.0448688791566,-3707.0448688791566,0,0,0,0,0,0,20.43758651665317,20.43758651665317,20.43758651665317,0,0,0,0,0,0,0,0,0,-1549.8954082152325,-1549.8954082152325,-1549.8954082152325,0,0,0,20.43758651665317,20.43758651665317,20.43758651665317,-2070.641282239705,-2070.641282239705,-2070.641282239705,-106.94576494087175,-106.94576494087175,-106.94576494087175,0,0,0,-3223.2875679131685,843.341141972888,2550.121798944612,2550.121798944612,-1156.9230699345449
2025-04-07T00:00:00Z,2550.3499985405056,-2460.189499759358,-2460.189499759358,-2460.189499759358,0,0,0,0,0,0,-1470.60488239476,-1470.60488239476,-1470.60488239476,0,0,0,0,0,0,0,0,0,-1299.3026830011408,-1299.3026830011408,-1299.3026830011408,0,0,0,-1470.60488239476,-1470.60488239476,-1470.60488239476,417.2668386368779,417.2668386368779,417.2668386368779,-107.54877300033579,-107.54877300033579,-107.54877300033579,0,0,0,-2018.424341052432,2022.7540729962618,2550.3499985405056,2550.3499985405056,90.16049878114745
2025-04-08T00:00:00Z,2550.5781981364003,-1788.6515872482905,-1788.6515872482905,-1788.6515872482905,0,0,0,0,0,0,-1181.4628100860057,-1181.4628100860057,-1181.4628100860057,0,0,0,0,0,0,0,0,0,-1285.8669013625652,-1285.8669013625652,-1285.8669013625652,0,0,0,-1181.4628100860057,-1181.4628100860057,-1181.4628100860057,782.6848167492608,782.6848167492608,782.6848167492608,-104.00669254898027,-104.00669254898027,-104.00669254898027,0,0,0,-1190.9600926872927,2722.548076458137,2550.5781981364003,2550.5781981364003,761.9266108881097
2025-04-09T00:00:00Z,2550.8063977322936,-710.6263359187507,-710.6263359187507,-710.6263359187507,0,0,0,0,0,0,0,0,0,0,0,0,0,0,0,0,0,0,-1364.316164228667,-1364.316164228667,-1364.316164228667,0,0,0,0,0,0,750.5195902304462,750.5195902304462,750.5195902304462,-96.8297619205305,-96.8297619205305,-96.8297619205305,0,0,0,52.69427327043315,3889.7739500498583,2550.8063977322936,2550.8063977322936,1840.180061813543
2025-04-10T00:00:00Z,2551.0345973281883,-587.0876875580507,-587.0876875580507,-587.0876875580507,0,0,0,0,0,0,0,0,0,0,0,0,0,0,0,0,0,0,-1306.9234442712889,-1306.9234442712889,-1306.9234442712889,0,0,0,0,0,0,806.4432778122282,806.4432778122282,806.4432778122282,-86.60752109898952,-86.60752109898952,-86.60752109898952,0,0,0,-46.38103719281041,3854.589146817984,2551.0345973281883,2551.0345973281883,1963.9469097701376
2025-04-11T00:00:00Z,2551.262796924082,-346.56309255125575,-346.56309255125575,-346.56309255125575,0,0,0,0,0,0,0,0,0,0,0,0,0,0,0,0,0,0,-1062.182977329392,-1062.182977329392,-1062.182977329392,0,0,0,0,0,0,789.6082492654801,789.6082492654801,789.6082492654801,-73.98836448734366,-73.98836448734366,-73.98836448734366,0,0,0,342.2212862128749,4149.48885142064,2551.262796924082,2551.262796924082,2204.699704372826
2025-04-12T00:00:00Z,2551.4909965199763,-2322.4255798472086,-2322.4255798472086,-2322.4255798472086,0,0,0,0,0,0,0,0,0,0,0,0,0,0,0,0,0,0,-786.8859899333863,-786.8859899333863,-786.8859899333863,0,0,0,0,0,0,-1475.88149045887,-1475.88149045887,-1475.88149045887,-59.658099454951916,-59.658099454951916,-59.658099454951916,0,0,0,-1979.2480146860958,2210.0196944216495,2551.4909965199763,2551.4909965199763,229.0654166727677
2025-04-13T00:00:00Z,2551.71919611587,-2772.2502718270275,-2772.2502718270275,-2772.2502718270275,0,0,0,0,0,0,0,0,0,0,0,0,0,0,0,0,0,0,-657.2908330151822,-657.2908330151822,-657.2908330151822,0,0,0,0,0,0,-2070.641282239083,-2070.641282239083,-2070.641282239083,-44.31815657276231,-44.31815657276231,-44.31815657276231,0,0,0,-2019.3227101218044,1791.8314329647242,2551.71919611587,2551.71919611587,-220.53107571115743
2025-04-14T00:00:00Z,2551.9473957117643,-290.801493259959,-290.801493259959,-290.801493259959,0,0,0,0,0,0,0,0,0,0,0,0,0,0,0,0,0,0,-679.4042409046048,-679.4042409046048,-679.4042409046048,0,0,0,0,0,0,417.26683863963115,417.26683863963115,417.26683863963115,-28.664090994985507,-28.664090994985507,-28.664090994985507,0,0,0,261.11613393653255,4320.658789696493,2551.9473957117643,2551.9473957117643,2261.1459024518053
2025-04-15T00:00:00Z,2552.175595307658,73.64011397260128,73.64011397260128,73.64011397260128,0,0,0,0,0,0,0,0,0,0,0,0,0,0,0,0,0,0,-695.6797131561922,-695.6797131561922,-695.6797131561922,0,0,0,0,0,0,782.6848167491744,782.6848167491744,782.6848167491744,-13.36498962038111,-13.36498962038111,-13.36498962038111,0,0,0,608.8163952846727,4676.1487994004865,2552.175595307658,2552.175595307658,2625.8157092802594
2025-04-16T00:00:00Z,2552.4037949035524,184.27319345064706,184.27319345064706,184.27319345064706,0,0,0,0,0,0,0,0,0,0,0,0,0,0,0,0,0,0,-567.2020401991184,-567.2020401991184,-567.2020401991184,0,0,0,0,0,0,750.5195902301652,750.5195902301652,750.5195902301652,0.9556434196000612,0.9556434196000612,0.9556434196000612,0,0,0,714.9010848471872,4633.22025709752,2552.4037949035524,2552.4037949035524,2736.6769883541992
2025-04-17T00:00:00Z,2552.631994499446,492.1237088035917,492.1237088035917,492.1237088035917,0,0,0,0,0,0,0,0,0,0,0,0,0,0,0,0,0,0,-328.05657718452034,-328.05657718452034,-328.05657718452034,0,0,0,0,0,0,806.4432778117013,806.4432778117013,806.4432778117013,13.737008176410882,13.737008176410882,13.737008176410882,0,0,0,991.9755152764728,4972.841729416454,2552.631994499446,2552.631994499446,3044.755703303038
2025-04-18T00:00:00Z,2552.8601940953404,668.3570551306401,668.3570551306401,668.3570551306401,0,0,0,0,0,0,0,0,0,0,0,0,0,0,0,0,0,0,-145.7468880367455,-145.7468880367455,-145.7468880367455,0,0,0,0,0,0,789.6082492639177,789.6082492639177,789.6082492639177,24.495693903467963,24.495693903467963,24.495693903467963,0,0,0,1224.1545211866244,5228.547226186973,2552.8601940953404,2552.8601940953404,3221.2172492259806
2025-04-19T00:00:00Z,2553.088393691234,-1575.389843597613,-1575.389843597613,-1575.389843597613,0,0,0,0,0,0,0,0,0,0,0,0,0,0,0,0,0,0,-132.3459202918023,-132.3459202918023,-132.3459202918023,0,0,0,0,0,0,-1475.881490459931,-1475.881490459931,-1475.881490459931,32.83756715412041,32.83756715412041,32.83756715412041,0,0,0,-957.47521394513706,2983.631012739139,2553.088393691234,2553.088393691234,977.6985500936212
2025-04-20T00:00:00Z,2553.3165932871284,-2244.685391680903,-2244.685391680903,-2244.685391680903,0,0,0,0,0,0,0,0,0,0,0,0,0,0,0,0,0,0,-212.5107033150528,-212.5107033150528,-212.5107033150528,0,0,0,0,0,0,-2070.6412822384605,-2070.6412822384605,-2070.6412822384605,38.46659387260969,38.46659387260969,38.46659387260969,0,0,0,-1559.7324558250848,2148.436553442071,2553.3165932871284,2553.3165932871284,308.6312016062252
2025-04-21T00:00:00Z,2553.544792883022,262.01420659811265,262.01420659811265,262.01420659811265,0,0,0,0,0,0,0,0,0,0,0,0,0,0,0,0,0,0,-196.44305566693907,-196.44305566693907,-196.44305566693907,0,0,0,0,0,0,417.26683864036306,417.26683864036306,417.26683864036306,41.19042362468856,41.19042362468856,41.19042362468856,0,0,0,856.8039207470521,4850.837945261163,2553.544792883022,2553.544792883022,2815.558999481135
2025-04-22T00:00:00Z,2553.7729924789164,837.4554099820278,837.4554099820278,837.4554099820278,0,0,0,0,0,0,0,0,0,0,0,0,0,0,0,0,0,0,13.847929083156517,13.847929083156517,13.847929083156517,0,0,0,0,0,0,782.684816750266,782.684816750266,782.684816750266,40.92266414860543,40.92266414860543,40.92266414860543,0,0,0,1501.254568467348,5429.908924659664,2553.7729924789164,2553.7729924789164,3391.2284024609444
2025-04-23T00:00:00Z,2554.0011920748107,1097.2710057709369,1097.2710057709369,1097.2710057709369,0,0,0,0,0,0,0,0,0,0,0,0,0,0,0,0,0,0,309.06954128094316,309.06954128094316,309.06954128094316,0,0,0,0,0,0,750.5195902305384,750.5195902305384,750.5195902305384,37.681874259455356,37.681874259455356,37.681874259455356,0,0,0,1730.7959931747846,5719.057189571177,2554.0011920748107,2554.0011920748107,3651.2721978457475
2025-04-24T00:00:00Z,2554.2293916707044,1328.2861783913916,1328.2861783913916,1328.2861783913916,0,0,0,0,0,0,0,0,0,0,0,0,0,0,0,0,0,0,490.25550075102524,490.25550075102524,490.25550075102524,0,0,0,0,0,0,806.4432778125104,806.4432778125104,806.4432778125104,31.587399827856085,31.587399827856085,31.587399827856085,0,0,0,1969.0852419322603,5906.913537452301,2554.2293916707044,2554.2293916707044,3882.5155700620962
2025-04-25T00:00:00Z,2554.457591266599,1329.1854192787996,1329.1854192787996,1329.1854192787996,0,0,0,0,0,0,0,0,0,0,0,0,0,0,0,0,0,0,516.7249017061757,516.7249017061757,516.7249017061757,0,0,0,0,0,0,789.6082492623555,789.6082492623555,789.6082492623555,22.85226831026849,22.85226831026849,22.85226831026849,0,0,0,1867.6112848260664,5889.471791177769,2554.457591266599,2554.457591266599,3883.6430105453987
2025-04-26T00:00:00Z,2554.685790862493,-843.4533523495058,-843.4533523495058,-843.4533523495058,0,0,0,0,0,0,0,0,0,0,0,0,0,0,0,0,0,0,620.6546985755292,620.6546985755292,620.6546985755292,0,0,0,0,0,0,-1475.8814904628744,-1475.8814904628744,-1475.8814904628744,11.773439537839023,11.773439537839023,11.773439537839023,0,0,0,-340.12963041111203,3657.1759780909942,2554.685790862493,2554.685790862493,1711.232438512987
2025-04-27T00:00:00Z,2554.913990458387,-945.5099648126422,-945.5099648126422,-945.5099648126422,0,0,0,0,0,0,0,0,0,0,0,0,0,0,0,0,0,0,1126.4115355180722,1126.4115355180722,1126.4115355180722,0,0,0,0,0,0,-2070.641282243278,-2070.641282243278,-2070.641282243278,-1.280218087436881,-1.280218087436881,-1.280218087436881,0,0,0,-287.57514593089786,3475.3718262739485,2554.913990458387,2554.913990458387,1609.404025645745
2025-04-28T00:00:00Z,2555.142190054281,2501.468461888627,2501.468461888627,2501.468461888627,0,0,0,0,0,0,0,0,0,0,0,0,0,0,0,0,0,0,2100.083421338995,2100.083421338995,2100.083421338995,0,0,0,0,0,0,417.26683864109475,417.26683864109475,417.26683864109475,-15.881798091462311,-15.881798091462311,-15.881798091462311,0,0,0,3066.5919686123084,7005.268658073395,2555.142190054281,2555.142190054281,5056.610651942909
2025-04-29T00:00:00Z,2555.370389650175,3905.102487351777,3905.102487351777,3905.102487351777,0,0,0,0,0,0,0,0,0,0,0,0,0,0,0,0,0,0,3153.979271274833,3153.979271274833,3153.979271274833,0,0,0,0,0,0,782.6848167499637,782.6848167499637,782.6848167499637,-31.561600673020415,-31.561600673020415,-31.561600673020415,0,0,0,4587.779616537286,8414.83115352042,2555.370389650175,2555.370389650175,6460.472877001952
2025-04-30T00:00:00Z,2555.598589246069,4335.473672966573,4335.473672966573,4335.473672966573,0,0,0,0,0,0,0,0,0,0,0,0,0,0,0,0,0,0,3632.777332649779,3632.777332649779,3632.777332649779,0,0,0,0,0,0,750.51959023029,750.51959023029,750.51959023029,-47.82324991349798,-47.82324991349798,-47.82324991349798,0,0,0,4956.592127010955,9143.432330407144,2555.598589246069,2555.598589246069,6891.072262212641
2025-05-01T00:00:00Z,2555.826788841963,1879.3785642307876,1879.3785642307876,1879.3785642307876,0,0,0,0,0,0,-1941.2219588157836,-1941.2219588157836,-1941.2219588157836,0,0,0,0,0,0,-1941.2219588157836,-1941.2219588157836,-1941.2219588157836,3078.3174133777206,3078.3174133777206,3078.3174133777206,0,0,0,0,0,0,806.4432778133196,806.4432778133196,806.4432778133196,-64.16016814446947,-64.16016814446947,-64.16016814446947,0,0,0,2457.0358628132644,6404.877108150585,2555.826788841963,2555.826788841963,4435.205353072751
2025-05-02T00:00:00Z,2556.054988437857,2312.7090300518353,2312.7090300518353,2312.7090300518353,0,0,0,0,0,0,0,0,0,0,0,0,0,0,0,0,0,0,1603.1726752961201,1603.1726752961201,1603.1726752961201,0,0,0,0,0,0,789.6082492625791,789.6082492625791,789.6082492625791,-80.0718945068642,-80.0718945068642,-80.0718945068642,0,0,0,2902.2514723426716,6775.841932072544,2556.054988437857,2556.054988437857,4868.764018489692
2025-05-03T00:00:00Z,2556.2831880337512,-1718.6140862048028,-1718.6140862048028,-1718.6140862048028,0,0,0,0,0,0,0,0,0,0,0,0,0,0,0,0,0,0,-147.65284319735326,-147.65284319735326,-147.65284319735326,0,0,0,0,0,0,-1475.8814904538508,-1475.8814904538508,-1475.8814904538508,-95.07975255359858,-95.07975255359858,-95.07975255359858,0,0,0,-1205.837873087801,2980.0907008981226,2556.2831880337512,2556.2831880337512,837.6691018289484
2025-05-04T00:00:00Z,2556.511387629645,-3610.73727821739,-3610.73727821739,-3610.73727821739,0,0,0,0,0,0,0,0,0,0,0,0,0,0,0,0,0,0,-1431.354591792813,-1431.354591792813,-1431.354591792813,0,0,0,0,0,0,-2070.6412822410507,-2070.6412822410507,-2070.6412822410507,-108.7414041835268,-108.7414041835268,-108.7414041835268,0,0,0,-3159.2897670206266,983.7146176441564,2556.511387629645,2556.511387629645,-1054.2258905877452
2025-05-05T00:00:00Z,2556.7395872255393,-1596.0802773496541,-1596.0802773496541,-1596.0802773496541,0,0,0,0,0,0,0,0,0,0,0,0,0,0,0,0,0,0,-1892.6832430362215,-1892.6832430362215,-1892.6832430362215,0,0,0,0,0,0,417.2668386438482,417.2668386438482,417.2668386438482,-120.66387295728093,-120.66387295728093,-120.66387295728093,0,0,0,-1032.6289664102335,2886.638687288641,2556.7395872255393,2556.7395872255393,960.6593098758851
2025-05-06T00:00:00Z,2556.967786821433,-1069.8851294526253,-1069.8851294526253,-1069.8851294526253,0,0,0,0,0,0,0,0,0,0,0,0,0,0,0,0,0,0,-1722.0552689292774,-1722.0552689292774,-1722.0552689292774,0,0,0,0,0,0,782.6848167496615,782.6848167496615,782.6848167496615,-130.51467727300954,-130.51467727300954,-130.51467727300954,0,0,0,-484.2137607741191,3533.8525316985697,2556.967786821433,2556.967786821433,1487.0826573688078
2025-05-07T00:00:00Z,2557.1959864173273,-784.7632213894465,-784.7632213894465,-784.7632213894465,0,0,0,0,0,0,0,0,0,0,0,0,0,0,0,0,0,0,-1397.252030633172,-1397.252030633172,-1397.252030633172,0,0,0,0,0,0,750.5195902300414,750.5195902300414,750.5195902300414,-138.03078098631596,-138.03078098631596,-138.03078098631596,0,0,0,-172.83550047060137,3798.5862191073784,2557.1959864173273,2557.1959864173273,1772.4327650278808
2025-05-08T00:00:00Z,2557.424186013221,-602.9481404809253,-602.9481404809253,-602.9481404809253,0,0,0,0,0,0,0,0,0,0,0,0,0,0,0,0,0,0,-1266.3662747065805,-1266.3662747065805,-1266.3662747065805,0,0,0,0,0,0,806.4432778113477,806.4432778113477,806.4432778113477,-143.02514358569204,-143.02514358569204,-143.02514358569204,0,0,0,26.172718455788168,3844.884552963085,2557.424186013221,2557.424186013221,1954.4760455322958
2025-05-09T00:00:00Z,2557.6523856091153,-685.4295556938142,-685.4295556938142,-685.4295556938142,0,0,0,0,0,0,0,0,0,0,0,0,0,0,0,0,0,0,-1329.647073393397,-1329.647073393397,-1329.647073393397,0,0,0,0,0,0,789.6082492628029,789.6082492628029,789.6082492628029,-145.3907315632199,-145.3907315632199,-145.3907315632199,0,0,0,-75.77599245602413,3950.2381826951464,2557.6523856091153,2557.6523856091153,1872.2228299153012
2025-05-10T00:00:00Z,2557.880585205009,-2982.7194291118494,-2982.7194291118494,-2982.7194291118494,0,0,0,0,0,0,0,0,0,0,0,0,0,0,0,0,0,0,-1361.7360040625954,-1361.7360040625954,-1361.7360040625954,0,0,0,0,0,0,-1475.8814904567935,-1475.8814904567935,-1475.8814904567935,-145.1019345924616,-145.1019345924616,-145.1019345924616,0,0,0,-2333.4954591326346,1510.299329285657,2557.880585205009,2557.880585205009,-424.83884390684034
2025-05-11T00:00:00Z,2558.1087848009033,-3414.36395703744,-3414.36395703744,-3414.36395703744,0,0,0,0,0,0,0,0,0,0,0,0,0,0,0,0,0,0,-1201.5092628107693,-1201.5092628107693,-1201.5092628107693,0,0,0,0,0,0,-2070.641282240428,-2070.641282240428,-2070.641282240428,-142.2134119862427,-142.2134119862427,-142.2134119862427,0,0,0,-2743.8409980860943,1225.5396475214193,2558.1087848009033,2558.1087848009033,-856.2551722365365
2025-05-12T00:00:00Z,2558.3369843967976,-2575.7330936216104,-2575.7330936216104,-2575.7330936216104,0,0,0,0,0,0,-1941.2219588157836,-1941.2219588157836,-1941.2219588157836,0,0,0,0,0,0,-1941.2219588157836,-1941.2219588157836,-1941.2219588157836,-914.9214993289281,-914.9214993289281,-914.9214993289281,0,0,0,0,0,0,417.26683864458,417.26683864458,417.26683864458,-136.85647412147915,-136.85647412147915,-136.85647412147915,0,0,0,-2033.6442678453275,1876.016200647758,2558.3369843967976,2558.3369843967976,-17.39610922481279
2025-05-13T00:00:00Z,2558.5651839926913,-44.95003532637807,-44.95003532637807,-44.95003532637807,0,0,0,0,0,0,0,0,0,0,0,0,0,0,0,0,0,0,-698.4016743762438,-698.4016743762438,-698.4016743762438,0,0,0,0,0,0,782.6848167495752,782.6848167495752,782.6848167495752,-129.23317769970976,-129.23317769970976,-129.23317769970976,0,0,0,662.9768655914477,4566.7539979977,2558.5651839926913,2558.5651839926913,2513.6151486663134
2025-05-14T00:00:00Z,2558.793383588586,-26.161912116213447,-26.161912116213447,-26.161912116213447,0,0,0,0,0,0,0,0,0,0,0,0,0,0,0,0,0,0,-657.0731216850902,-657.0731216850902,-657.0731216850902,0,0,0,0,0,0,750.5195902297928,750.5195902297928,750.5195902297928,-119.6083806609157,-119.6083806609157,-119.6083806609157,0,0,0,636.7088434279215,4546.659747558678,2558.793383588586,2558.793383588586,2532.6314714723726
2025-05-15T00:00:00Z,2559.02158318448,-1.7727604591632138,-1.7727604591632138,-1.7727604591632138,0,0,0,0,0,0,0,0,0,0,0,0,0,0,0,0,0,0,-699.9159779308841,-699.9159779308841,-699.9159779308841,0,0,0,0,0,0,806.4432778108205,806.4432778108205,806.4432778108205,-108.3000603390996,-108.3000603390996,-108.3000603390996,0,0,0,702.2532624385123,4354.496808019331,2559.02158318448,2559.02158318448,2557.2488227253166
2025-05-16T00:00:00Z,2559.249782780374,41.84591478578985,41.84591478578985,41.84591478578985,0,0,0,0,0,0,0,0,0,0,0,0,0,0,0,0,0,0,-652.0940890222142,-652.0940890222142,-652.0940890222142,0,0,0,0,0,0,789.6082492594544,789.6082492594544,789.6082492594544,-95.66824545145047,-95.66824545145047,-95.66824545145047,0,0,0,685.8239062909524,4587.011157253796,2559.249782780374,2559.249782780374,2601.095697566164
2025-05-17T00:00:00Z,2559.477982376268,-2010.1907431884401,-2010.1907431884401,-2010.1907431884401,0,0,0,0,0,0,0,0,0,0,0,0,0,0,0,0,0,0,-452.20630527990943,-452.20630527990943,-452.20630527990943,0,0,0,0,0,0,-1475.8814904578544,-1475.8814904578544,-1475.8814904578544,-82.10294745067625,-82.10294745067625,-82.10294745067625,0,0,0,-1401.061003025538,2644.8137058420202,2559.477982376268,2559.477982376268,549.2872391878277
2025-05-18T00:00:00Z,2559.706181972162,-2357.7672454156586,-2357.7672454156586,-2357.7672454156586,0,0,0,0,0,0,0,0,0,0,0,0,0,0,0,0,0,0,-219.11446434607103,-219.11446434607103,-219.11446434607103,0,0,0,0,0,0,-2070.641282239806,-2070.641282239806,-2070.641282239806,-68.0114988297814,-68.0114988297814,-68.0114988297814,0,0,0,-1937.4050677579212,2141.0610717487093,2559.706181972162,2559.706181972162,201.93893655650345
2025-05-19T00:00:00Z,2559.9343820394147,245.4437789906904,245.4437789906904,245.4437789906904,0,0,0,0,0,0,0,0,0,0,0,0,0,0,0,0,0,0,-118.01734497501054,-118.01734497501054,-118.01734497501054,0,0,0,0,0,0,417.2668386379926,417.2668386379926,417.2668386379926,-53.80571467229165,-53.80571467229165,-53.80571467229165,0,0,0,911.3800399613168,4691.429366733093,2559.9343820394147,2559.9343820394147,2805.3781610301053
2025-05-20T00:00:00Z,2560.1625821066673,570.6232309197011,570.6232309197011,570.6232309197011,0,0,0,0,0,0,0,0,0,0,0,0,0,0,0,0,0,0,-172.17229673955904,-172.17229673955904,-172.17229673955904,0,0,0,0,0,0,782.68481675045075,782.68481675045075,782.68481675045075,-39.88928909119073,-39.88928909119073,-39.88928909119073,0,0,0,981.9604721846068,5057.9762497838865,2560.1625821066673,2560.1625821066673,3130.7858130263685
2025-05-21T00:00:00Z,2560.39078217392,496.7240715378188,496.7240715378188,496.7240715378188,0,0,0,0,0,0,0,0,0,0,0,0,0,0,0,0,0,0,-227.1496980983674,-227.1496980983674,-227.1496980983674,0,0,0,0,0,0,750.519590230166,750.519590230166,750.519590230166,-26.64582059397981,-26.64582059397981,-26.64582059397981,0,0,0,1082.85804958169,5054.422278397289,2560.39078217392,2560.39078217392,3057.1148537117388
2025-05-22T00:00:00Z,2560.6189822411725,678.6199485250991,678.6199485250991,678.6199485250991,0,0,0,0,0,0,0,0,0,0,0,0,0,0,0,0,0,0,-113.39549864695144,-113.39549864695144,-113.39549864695144,0,0,0,0,0,0,806.4432778129657,806.4432778129657,806.4432778129657,-14.427830640915284,-14.427830640915284,-14.427830640915284,0,0,0,1095.865744357947,5176.259344207421,2560.6189822411725,2560.6189822411725,3239.2389307662716
2025-05-23T00:00:00Z,2560.847182308425,950.1019388104786,950.1019388104786,950.1019388104786,0,0,0,0,0,0,0,0,0,0,0,0,0,0,0,0,0,0,164.04078846912475,164.04078846912475,164.04078846912475,0,0,0,0,0,0,789.6082492596782,789.6082492596782,789.6082492596782,-3.5470989183244366,-3.5470989183244366,-3.5470989183244366,0,0,0,1548.7593023048717,5576.2675974988915,2560.847182308425,2560.847182308425,3510.949121118904
2025-05-24T00:00:00Z,2561.0753823756777,-1047.3283769944308,-1047.3283769944308,-1047.3283769944308,0,0,0,0,0,0,0,0,0,0,0,0,0,0,0,0,0,0,422.8197020576974,422.8197020576974,422.8197020576974,0,0,0,0,0,0,-1475.881490450713,-1475.881490450713,-1475.881490450713,5.733411398584842,5.733411398584842,5.733411398584842,0,0,0,-439.99104240515504,3461.5623055951146,2561.0753823756777,2561.0753823756777,1513.747005381247
2025-05-25T00:00:00Z,2561.3035824429307,-1543.3688295425075,-1543.3688295425075,-1543.3688295425075,0,0,0,0,0,0,0,0,0,0,0,0,0,0,0,0,0,0,514.0666296312427,514.0666296312427,514.0666296312427,0,0,0,0,0,0,-2070.6412822391835,-2070.6412822391835,-2070.6412822391835,13.205823065433348,13.205823065433348,13.205823065433348,0,0,0,-878.7360540488864,2921.88759467593,2561.3035824429307,2561.3035824429307,1017.9347529004233
2025-05-26T00:00:00Z,2561.531782510183,972.8900166423473,972.8900166423473,972.8900166423473,0,0,0,0,0,0,0,0,0,0,0,0,0,0,0,0,0,0,536.9015207744496,536.9015207744496,536.9015207744496,0,0,0,0,0,0,417.2668386387244,417.2668386387244,417.2668386387244,18.72165722917315,18.72165722917315,18.72165722917315,0,0,0,1635.5243755984238,5510.58826708346,2561.531782510183,2561.531782510183,3534.42179915253
2025-05-27T00:00:00Z,2561.759982577436,1614.1158305843176,1614.1158305843176,1614.1158305843176,0,0,0,0,0,0,0,0,0,0,0,0,0,0,0,0,0,0,809.2369092899075,809.2369092899075,809.2369092899075,0,0,0,0,0,0,782.6848167503646,782.6848167503646,782.6848167503646,22.19410454404512,22.19410454404512,22.19410454404512,0,0,0,2118.9415271058947,6126.851991834322,2561.759982577436,2561.759982577436,4175.875813161753
2025-05-28T00:00:00Z,2561.9881826446885,2342.6381116726293,2342.6381116726293,2342.6381116726293,0,0,0,0,0,0,0,0,0,0,0,0,0,0,0,0,0,0,1568.5202822599524,1568.5202822599524,1568.5202822599524,0,0,0,0,0,0,750.5195902299174,750.5195902299174,750.5195902299174,23.598239182758576,23.598239182758576,23.598239182758576,0,0,0,3002.7489631723374,6881.42561194033,2561.9881826446885,2561.9881826446885,4904.626294317318
2025-05-29T00:00:00Z,2562.216382711941,3485.938955469878,3485.938955469878,3485.938955469878,0,0,0,0,0,0,0,0,0,0,0,0,0,0,0,0,0,0,2656.526449923071,2656.526449923071,2656.526449923071,0,0,0,0,0,0,806.4432778124387,806.4432778124387,806.4432778124387,22.969227734367923,22.969227734367923,22.969227734367923,0,0,0,4128.77053905047,8070.806830150564,2562.216382711941,2562.216382711941,6048.155338181819
2025-05-30T00:00:00Z,2562.4445827791938,4314.388948802169,4314.388948802169,4314.388948802169,0,0,0,0,0,0,0,0,0,0,0,0,0,0,0,0,0,0,3504.3820498536497,3504.3820498536497,3504.3820498536497,0,0,0,0,0,0,789.6082492644812,789.6082492644812,789.6082492644812,20.398649684038027,20.398649684038027,20.398649684038027,0,0,0,4897.289944368657,8822.634666647475,2562.4445827791938,2562.4445827791938,6876.833531581362
2025-05-31T00:00:00Z,2562.6727828464464,2033.1620688547357,2033.1620688547357,2033.1620688547357,0,0,0,0,0,0,0,0,0,0,0,0,0,0,0,0,0,0,3493.014453515019,3493.014453515019,3493.014453515019,0,0,0,0,0,0,-1475.8814904517737,-1475.8814904517737,-1475.8814904517737,16.029105791490313,16.029105791490313,16.029105791490313,0,0,0,2645.0075198117697,6511.668844321005,2562.6727828464464,2562.6727828464464,4595.834851701182
2025-06-01T00:00:00Z,2562.900982913699,363.64234900032307,363.64234900032307,363.64234900032307,0,0,0,0,0,0,0,0,0,0,0,0,0,0,0,0,0,0,2424.2362878693366,2424.2362878693366,2424.2362878693366,0,0,0,0,0,0,-2070.6412822369557,-2070.6412822369557,-2070.6412822369557,10.047343367940622,10.047343367940622,10.047343367940622,0,0,0,768.2818577864471,4855.990290107906,2562.900982913699,2562.900982913699,2926.543331914022
2025-06-02T00:00:00Z,2563.1291829809516,-809.7286425555109,-809.7286425555109,-809.7286425555109,0,0,0,0,0,0,-1941.2219588157836,-1941.2219588157836,-1941.2219588157836,0,0,0,0,0,0,-1941.2219588157836,-1941.2219588157836,-1941.2219588157836,711.5503060316939,711.5503060316939,711.5503060316939,0,0,0,0,0,0,417.26683864147776,417.26683864147776,417.26683864147776,2.6761715871010785,2.6761715871010785,2.6761715871010785,0,0,0,-220.51475388733178,3798.160128067023,2563.1291829809516,2563.1291829809516,1753.4005404254408
2025-06-03T00:00:00Z,2563.3573830482046,-106.42485050538579,-106.42485050538579,-106.42485050538579,0,0,0,0,0,0,0,0,0,0,0,0,0,0,0,0,0,0,-883.2751415220007,-883.2751415220007,-883.2751415220007,0,0,0,0,0,0,782.6848167502784,782.6848167502784,782.6848167502784,-5.834525733663215,-5.834525733663215,-5.834525733663215,0,0,0,512.3270151371669,4413.716407791397,2563.3573830482046,2563.3573830482046,2456.932532542819
2025-06-04T00:00:00Z,2563.5855831154568,-1029.073666582963,-1029.073666582963,-1029.073666582963,0,0,0,0,0,0,0,0,0,0,0,0,0,0,0,0,0,0,-1764.3759078367657,-1764.3759078367657,-1764.3759078367657,0,0,0,0,0,0,750.5195902302582,750.5195902302582,750.5195902302582,-15.217348976455538,-15.217348976455538,-15.217348976455538,0,0,0,-529.7454060715585,3628.3660843086072,2563.5855831154568,2563.5855831154568,1534.5119165324938
2025-06-05T00:00:00Z,2563.81378318271,-1076.9203404787788,-1076.9203404787788,-1076.9203404787788,0,0,0,0,0,0,0,0,0,0,0,0,0,0,0,0,0,0,-1858.1664480630593,-1858.1664480630593,-1858.1664480630593,0,0,0,0,0,0,806.443277813248,806.443277813248,806.443277813248,-25.197170228967103,-25.197170228967103,-25.197170228967103,0,0,0,-550.33948829451106,3482.6036875360282,2563.81378318271,2563.81378318271,1486.893442703931
2025-06-06T00:00:00Z,2564.0419832499624,-3822.0803919380473,-3822.0803919380473,-3822.0803919380473,0,0,0,0,0,0,-3026.2924268839934,-3026.2924268839934,-3026.2924268839934,0,0,0,0,0,0,0,0,0,-1549.8954082159835,-1549.8954082159835,-1549.8954082159835,-3026.2924268839934,-3026.2924268839934,-3026.2924268839934,0,0,0,789.6082492629187,789.6082492629187,789.6082492629187,-35.50080610098901,-35.50080610098901,-35.50080610098901,0,0,0,-3238.7181242895285,817.2787406190328,2564.0419832499624,2564.0419832499624,-1258.038408688085
2025-06-07T00:00:00Z,2564.270183317215,-3025.0395012634744,-3025.0395012634744,-3025.0395012634744,0,0,0,0,0,0,-203.98908419559135,-203.98908419559135,-203.98908419559135,0,0,0,0,0,0,0,0,0,-1299.3026830008127,-1299.3026830008127,-1299.3026830008127,-203.98908419559135,-203.98908419559135,-203.98908419559135,0,0,0,-1475.8814904547169,-1475.8814904547169,-1475.8814904547169,-45.86624361235357,-45.86624361235357,-45.86624361235357,0,0,0,-2397.7723119728416,1490.1260175287348,2564.270183317215,2564.270183317215,-460.76931794625943
2025-06-08T00:00:00Z,2564.4983833844676,-3419.74358110023,-3419.74358110023,-3419.74358110023,0,0,0,0,0,0,-7.184288497537529,-7.184288497537529,-7.184288497537529,0,0,0,0,0,0,0,0,0,-1285.8669013618467,-1285.8669013618467,-1285.8669013618467,-7.184288497537529,-7.184288497537529,-7.184288497537529,0,0,0,-2070.6412822379393,-2070.6412822379393,-2070.6412822379393,-56.0511090029072,-56.0511090029072,-56.0511090029072,0,0,0,-2807.7941305495015,1287.373303896135,2564.4983833844676,2564.4983833844676,-855.2451977157625
2025-06-09T00:00:00Z,2564.72658345172,-1207.3782821121388,-1207.3782821121388,-1207.3782821121388,0,0,0,0,0,0,-194.4888550028069,-194.4888550028069,-194.4888550028069,0,0,0,0,0,0,0,0,0,-1364.3161642281561,-1364.3161642281561,-1364.3161642281561,-194.4888550028069,-194.4888550028069,-194.4888550028069,0,0,0,417.2668386422096,417.2668386422096,417.2668386422096,-65.84010152338531,-65.84010152338531,-65.84010152338531,0,0,0,-568.0163591685332,3230.796840404686,2564.72658345172,2564.72658345172,1357.3483013395814
2025-06-10T00:00:00Z,2564.954783518973,-1091.3924656532888,-1091.3924656532888,-1091.3924656532888,0,0,0,0,0,0,-492.1026827587761,-492.1026827587761,-492.1026827587761,0,0,0,0,0,0,0,0,0,-1306.9234442714858,-1306.9234442714858,-1306.9234442714858,-492.1026827587761,-492.1026827587761,-492.1026827587761,0,0,0,782.68481674976,782.68481674976,782.68481674976,-75.05115537278668,-75.05115537278668,-75.05115537278668,0,0,0,-387.07848805336846,3425.9472381900387,2564.954783518973,2564.954783518973,1473.562317865684
2025-06-11T00:00:00Z,2565.1829835862254,-1469.7626635224312,-1469.7626635224312,-1469.7626635224312,0,0,0,0,0,0,-1074.5591349234162,-1074.5591349234162,-1074.5591349234162,0,0,0,0,0,0,0,0,0,-1062.1829773293812,-1062.1829773293812,-1062.1829773293812,-1074.5591349234162,-1074.5591349234162,-1074.5591349234162,0,0,0,750.5195902300097,750.5195902300097,750.5195902300097,-83.5401414996436,-83.5401414996436,-83.5401414996436,0,0,0,-781.8914949364859,3086.1132512085983,2565.1829835862254,2565.1829835862254,1095.4203200637942
2025-06-12T00:00:00Z,2565.4111836534785,-696.043316417088,-696.043316417088,-696.043316417088,0,0,0,0,0,0,-624.396629035251,-624.396629035251,-624.396629035251,0,0,0,0,0,0,0,0,0,-786.8859899335295,-786.8859899335295,-786.8859899335295,-624.396629035251,-624.396629035251,-624.396629035251,0,0,0,806.4432778140571,806.4432778140571,806.4432778140571,-91.20397526236452,-91.20397526236452,-91.20397526236452,0,0,0,-107.20972695736432,3916.9352873802236,2565.4111836534785,2565.4111836534785,1869.3678672363903
2025-06-13T00:00:00Z,2565.6393837207306,-850.5011867199229,-850.5011867199229,-850.5011867199229,0,0,0,0,0,0,-884.8365488841048,-884.8365488841048,-884.8365488841048,0,0,0,0,0,0,0,0,0,-657.290833016547,-657.290833016547,-657.290833016547,-884.8365488841048,-884.8365488841048,-884.8365488841048,0,0,0,789.6082492613565,789.6082492613565,789.6082492613565,-97.98205408062753,-97.98205408062753,-97.98205408062753,0,0,0,-207.96112346700997,3666.672664590517,2565.6393837207306,2565.6393837207306,1715.1381970008078
2025-06-14T00:00:00Z,2565.8675837879837,-2259.1417405743605,-2259.1417405743605,-2259.1417405743605,0,0,0,0,0,0,0,0,0,0,0,0,0,0,0,0,0,0,-679.4042409047038,-679.4042409047038,-679.4042409047038,0,0,0,0,0,0,-1475.8814904576595,-1475.8814904576595,-1475.8814904576595,-103.85600921199683,-103.85600921199683,-103.85600921199683,0,0,0,-1628.0330311663822,2304.196118969496,2565.8675837879837,2565.8675837879837,306.7258432136232
2025-06-15T00:00:00Z,2566.0957838552363,-2875.168811033918,-2875.168811033918,-2875.168811033918,0,0,0,0,0,0,0,0,0,0,0,0,0,0,0,0,0,0,-695.679713156274,-695.679713156274,-695.679713156274,0,0,0,0,0,0,-2070.6412822411517,-2070.6412822411517,-2070.6412822411517,-108.84781563649231,-108.84781563649231,-108.84781563649231,0,0,0,-2204.295203704024,1841.6463476211056,2566.0957838552363,2566.0957838552363,-309.0730271786815
2025-06-16T00:00:00Z,2566.323983922489,-262.9515632611583,-262.9515632611583,-262.9515632611583,0,0,0,0,0,0,0,0,0,0,0,0,0,0,0,0,0,0,-567.2020401988766,-567.2020401988766,-567.2020401988766,0,0,0,0,0,0,417.26683863562226,417.26683863562226,417.26683863562226,-113.01636169790387,-113.01636169790387,-113.01636169790387,0,0,0,385.0193499694427,4264.90030401817,2566.323983922489,2566.323983922489,2303.3724206613306
2025-06-17T00:00:00Z,2566.5521839897415,338.1756058257672,338.1756058257672,338.1756058257672,0,0,0,0,0,0,0,0,0,0,0,0,0,0,0,0,0,0,-328.05657718328706,-328.05657718328706,-328.05657718328706,0,0,0,0,0,0,782.6848167496738,782.6848167496738,782.6848167496738,-116.45263374061965,-116.45263374061965,-116.45263374061965,0,0,0,888.0041138154886,4893.6141411033,2566.5521839897415,2566.5521839897415,2904.727789815509
2025-06-18T00:00:00Z,2566.780384056994,485.49898350173515,485.49898350173515,485.49898350173515,0,0,0,0,0,0,0,0,0,0,0,0,0,0,0,0,0,0,-145.74688803625065,-145.74688803625065,-145.74688803625065,0,0,0,0,0,0,750.5195902303828,750.5195902303828,750.5195902303828,-119.2737186923969,-119.2737186923969,-119.2737186923969,0,0,0,1133.612531118647,4940.220007423574,2566.780384056994,2566.780384056994,3052.279367558729
2025-06-19T00:00:00Z,2567.0085841242467,552.4814896943324,552.4814896943324,552.4814896943324,0,0,0,0,0,0,0,0,0,0,0,0,0,0,0,0,0,0,-132.34592029140268,-132.34592029140268,-132.34592029140268,0,0,0,0,0,0,806.4432778148661,806.4432778148661,806.4432778148661,-121.61586782913105,-121.61586782913105,-121.61586782913105,0,0,0,1035.0623133169365,5135.637439261491,2567.0085841242467,2567.0085841242467,3119.490073818579
2025-06-20T00:00:00Z,2567.2367841914993,453.47064945819443,453.47064945819443,453.47064945819443,0,0,0,0,0,0,0,0,0,0,0,0,0,0,0,0,0,0,-212.51070331443748,-212.51070331443748,-212.51070331443748,0,0,0,0,0,0,789.6082492679454,789.6082492679454,789.6082492679454,-123.62689649531369,-123.62689649531369,-123.62689649531369,0,0,0,1105.149893953865,5056.4640633001,2567.2367841914993,2567.2367841914993,3020.7074336496935
2025-06-21T00:00:00Z,2567.4649842587523,-1797.7827624605102,-1797.7827624605102,-1797.7827624605102,0,0,0,0,0,0,0,0,0,0,0,0,0,0,0,0,0,0,-196.44305566514754,-196.44305566514754,-196.44305566514754,0,0,0,0,0,0,-1475.8814904568383,-1475.8814904568383,-1475.8814904568383,-125.45821633852411,-125.45821633852411,-125.45821633852411,0,0,0,-1257.8339480227926,2720.9564774776172,2567.4649842587523,2567.4649842587523,769.6822217982422
2025-06-22T00:00:00Z,2567.6931843260045,-2184.0501610971455,-2184.0501610971455,-2184.0501610971455,0,0,0,0,0,0,0,0,0,0,0,0,0,0,0,0,0,0,13.847929085746582,13.847929085746582,13.847929085746582,0,0,0,0,0,0,-2070.641282240529,-2070.641282240529,-2070.641282240529,-127.25680794236331,-127.25680794236331,-127.25680794236331,0,0,0,-1764.0732225589907,2351.848425215832,2567.6931843260045,2567.6931843260045,383.64302322885897
2025-06-23T00:00:00Z,2567.9213843932575,597.1789376170797,597.1789376170797,597.1789376170797,0,0,0,0,0,0,0,0,0,0,0,0,0,0,0,0,0,0,309.06954128235486,309.06954128235486,309.06954128235486,0,0,0,0,0,0,417.26683863736497,417.26683863736497,417.26683863736497,-129.15744230264013,-129.15744230264013,-129.15744230264013,0,0,0,1137.696295603925,5126.601281435664,2567.9213843932575,2567.9213843932575,3165.100322010337
2025-06-24T00:00:00Z,2568.1495844605097,1141.6648681176641,1141.6648681176641,1141.6648681176641,0,0,0,0,0,0,0,0,0,0,0,0,0,0,0,0,0,0,490.25550075086386,490.25550075086386,490.25550075086386,0,0,0,0,0,0,782.6848167493717,782.6848167493717,782.6848167493717,-131.27544938257174,-131.27544938257174,-131.27544938257174,0,0,0,1762.6170391786093,5803.582828684823,2568.1495844605097,2568.1495844605097,3709.8144525781736
2025-06-25T00:00:00Z,2568.3777845277627,1133.54418053657,1133.54418053657,1133.54418053657,0,0,0,0,0,0,0,0,0,0,0,0,0,0,0,0,0,0,516.7249017066637,516.7249017066637,516.7249017066637,0,0,0,0,0,0,750.5195902295126,750.5195902295126,750.5195902295126,-133.70031139960614,-133.70031139960614,-133.70031139960614,0,0,0,1808.6323636410175,5704.051486946867,2568.3777845277627,2568.3777845277627,3701.9219650643327
2025-06-26T00:00:00Z,2568.605984595015,1290.6076481187617,1290.6076481187617,1290.6076481187617,0,0,0,0,0,0,0,0,0,0,0,0,0,0,0,0,0,0,620.654698575086,620.654698575086,620.654698575086,0,0,0,0,0,0,806.443277811558,806.443277811558,806.443277811558,-136.49032826788252,-136.49032826788252,-136.49032826788252,0,0,0,1791.5965181621282,5787.030562770413,2568.605984595015,2568.605984595015,3859.213632713777
2025-06-27T00:00:00Z,2568.834184662268,-164.87073780589708,-164.87073780589708,-164.87073780589708,0,0,0,0,0,0,-1941.2219588157836,-1941.2219588157836,-1941.2219588157836,0,0,0,0,0,0,-1941.2219588157836,-1941.2219588157836,-1941.2219588157836,1126.411535519407,1126.411535519407,1126.411535519407,0,0,0,0,0,0,789.6082492645972,789.6082492645972,789.6082492645972,-139.66856377411784,-139.66856377411784,-139.66856377411784,0,0,0,359.9784629058181,4413.291832466149,2568.834184662268,2568.834184662268,2403.963446856371
2025-06-28T00:00:00Z,2569.0623847295205,480.9816959231671,480.9816959231671,480.9816959231671,0,0,0,0,0,0,0,0,0,0,0,0,0,0,0,0,0,0,2100.0834213366106,2100.0834213366106,2100.0834213366106,0,0,0,0,0,0,-1475.8814904597818,-1475.8814904597818,-1475.8814904597818,-143.22023495366173,-143.22023495366173,-143.22023495366173,0,0,0,1022.8522736875885,5088.41734289949,2569.0623847295205,2569.0623847295205,3050.0440806526876
2025-06-29T00:00:00Z,2569.290584796773,936.2463337275661,936.2463337275661,936.2463337275661,0,0,0,0,0,0,0,0,0,0,0,0,0,0,0,0,0,0,3153.9792712734097,3153.9792712734097,3153.9792712734097,0,0,0,0,0,0,-2070.6412822399066,-2070.6412822399066,-2070.6412822399066,-147.09165530593629,-147.09165530593629,-147.09165530593629,0,0,0,1624.2107743063093,5349.28324072632,2569.290584796773,2569.290584796773,3505.5369185243394
2025-06-30T00:00:00Z,2569.518784864026,3898.853384566035,3898.853384566035,3898.853384566035,0,0,0,0,0,0,0,0,0,0,0,0,0,0,0,0,0,0,3632.777332649309,3632.777332649309,3632.777332649309,0,0,0,0,0,0,417.2668386391076,417.2668386391076,417.2668386391076,-151.19078672238183,-151.19078672238183,-151.19078672238183,0,0,0,4569.850115166748,8287.931589024258,2569.518784864026,2569.518784864026,6468.372169430061
2025-07-01T00:00:00Z,2569.7469849312783,3705.612832959961,3705.612832959961,3705.612832959961,0,0,0,0,0,0,0,0,0,0,0,0,0,0,0,0,0,0,3078.3174133786233,3078.3174133786233,3078.3174133786233,0,0,0,0,0,0,782.684816750679,782.684816750679,782.684816750679,-155.3893971693423,-155.3893971693423,-155.3893971693423,0,0,0,4255.812317563129,8392.902129655942,2569.7469849312783,2569.7469849312783,6275.35981789124
2025-07-02T00:00:00Z,2569.9751849985314,2194.165502270695,2194.165502270695,2194.165502270695,0,0,0,0,0,0,0,0,0,0,0,0,0,0,0,0,0,0,1603.172675292929,1603.172675292929,1603.172675292929,0,0,0,0,0,0,750.5195902298858,750.5195902298858,750.5195902298858,-159.52676325212045,-159.52676325212045,-159.52676325212045,0,0,0,2802.1364853087734,6910.276370497127,2569.9751849985314,2569.9751849985314,4764.140687269226
2025-07-03T00:00:00Z,2570.2033850657836,495.37563388339635,495.37563388339635,495.37563388339635,0,0,0,0,0,0,0,0,0,0,0,0,0,0,0,0,0,0,-147.65284320136354,-147.65284320136354,-147.65284320136354,0,0,0,0,0,0,806.4432778123672,806.4432778123672,806.4432778123672,-163.41480072760731,-163.41480072760731,-163.41480072760731,0,0,0,1124.733443917115,4926.587111406646,2570.2033850657836,2570.2033850657836,3065.57901894918
2025-07-04T00:00:00Z,2570.4315851330366,-808.5907962926751,-808.5907962926751,-808.5907962926751,0,0,0,0,0,0,0,0,0,0,0,0,0,0,0,0,0,0,-1431.3545917940553,-1431.3545917940553,-1431.3545917940553,0,0,0,0,0,0,789.6082492648208,789.6082492648208,789.6082492648208,-166.84445376344078,-166.84445376344078,-166.84445376344078,0,0,0,-153.36225445863474,3797.846457952146,2570.4315851330366,2570.4315851330366,1761.8407888403615
2025-07-05T00:00:00Z,2570.6597852002888,-3538.1578605163963,-3538.1578605163963,-3538.1578605163963,0,0,0,0,0,0,0,0,0,0,0,0,0,0,0,0,0,0,-1892.6832430356048,-1892.6832430356048,-1892.6832430356048,0,0,0,0,0,0,-1475.8814904608425,-1475.8814904608425,-1475.8814904608425,-169.59312701994853,-169.59312701994853,-169.59312701994853,0,0,0,-2963.477649349356,1028.8055637369134,2570.6597852002888,2570.6597852002888,-967.4980753161076
2025-07-06T00:00:00Z,2570.887985267542,-3964.129456254523,-3964.129456254523,-3964.129456254523,0,0,0,0,0,0,0,0,0,0,0,0,0,0,0,0,0,0,-1722.0552689308458,-1722.0552689308458,-1722.0552689308458,0,0,0,0,0,0,-2070.6412822392845,-2070.6412822392845,-2070.6412822392845,-171.4329050843923,-171.4329050843923,-171.4329050843923,0,0,0,-3440.421040058811,592.5840702576567,2570.887985267542,2570.887985267542,-1393.2414709869813
2025-07-07T00:00:00Z,2571.1161853347944,-1152.1244647670078,-1152.1244647670078,-1152.1244647670078,0,0,0,0,0,0,0,0,0,0,0,0,0,0,0,0,0,0,-1397.252030632899,-1397.252030632899,-1397.252030632899,0,0,0,0,0,0,417.26683863983936,417.26683863983936,417.26683863983936,-172.13927277394754,-172.13927277394754,-172.13927277394754,0,0,0,-528.2118494493965,3528.0034507424657,2571.1161853347944,2571.1161853347944,1418.9917205677866
2025-07-08T00:00:00Z,2571.344385402047,-655.181486392827,-655.181486392827,-655.181486392827,0,0,0,0,0,0,0,0,0,0,0,0,0,0,0,0,0,0,-1266.366274707178,-1266.366274707178,-1266.366274707178,0,0,0,0,0,0,782.6848167501608,782.6848167501608,782.6848167501608,-171.50002843581,-171.50002843581,-171.50002843581,0,0,0,-129.71850941819812,3817.063435393521,2571.344385402047,2571.344385402047,1916.16289900922
2025-07-09T00:00:00Z,2571.5725854693,-748.4515545687716,-748.4515545687716,-748.4515545687716,0,0,0,0,0,0,0,0,0,0,0,0,0,0,0,0,0,0,-1329.6470733934361,-1329.6470733934361,-1329.6470733934361,0,0,0,0,0,0,750.5195902302589,750.5195902302589,750.5195902302589,-169.32407140559442,-169.32407140559442,-169.32407140559442,0,0,0,-264.19457391020177,3847.4066241161545,2571.5725854693,2571.5725854693,1823.1210309005285
2025-07-10T00:00:00Z,2571.800785536552,-720.7424708960785,-720.7424708960785,-720.7424708960785,0,0,0,0,0,0,0,0,0,0,0,0,0,0,0,0,0,0,-1361.7360040623894,-1361.7360040623894,-1361.7360040623894,0,0,0,0,0,0,806.4432778131761,806.4432778131761,806.4432778131761,-165.44974464686499,-165.44974464686499,-165.44974464686499,0,0,0,60.306212229091614,3588.6721428739866,2571.800785536552,2571.800785536552,1851.0583146404738
2025-07-11T00:00:00Z,2572.028986165986,-571.6534379446726,-571.6534379446726,-571.6534379446726,0,0,0,0,0,0,0,0,0,0,0,0,0,0,0,0,0,0,-1201.5092628096702,-1201.5092628096702,-1201.5092628096702,0,0,0,0,0,0,789.6082492632584,789.6082492632584,789.6082492632584,-159.752424398261,-159.752424398261,-159.752424398261,0,0,0,-11.478321419642496,3884.6668598814267,2572.028986165986,2572.028986165986,2000.3755482213137
2025-07-12T00:00:00Z,2572.2571867954202,-2542.954059875703,-2542.954059875703,-2542.954059875703,0,0,0,0,0,0,0,0,0,0,0,0,0,0,0,0,0,0,-914.9214993295624,-914.9214993295624,-914.9214993295624,0,0,0,0,0,0,-1475.881490453701,-1475.881490453701,-1475.881490453701,-152.1510700924393,-152.1510700924393,-152.1510700924393,0,0,0,-1910.984265931622,2053.375291393156,2572.2571867954202,2572.2571867954202,29.303126919717215
2025-07-13T00:00:00Z,2572.4853874248543,-2911.6564358877076,-2911.6564358877076,-2911.6564358877076,0,0,0,0,0,0,0,0,0,0,0,0,0,0,0,0,0,0,-698.401674378309,-698.401674378309,-698.401674378309,0,0,0,0,0,0,-2070.641282242497,-2070.641282242497,-2070.641282242497,-142.61347926690158,-142.61347926690158,-142.61347926690158,0,0,0,-2427.074033763949,1572.400171390618,2572.4853874248543,2572.4853874248543,-339.1710484628534
2025-07-14T00:00:00Z,2572.7135880542883,-370.9663157262185,-370.9663157262185,-370.9663157262185,0,0,0,0,0,0,0,0,0,0,0,0,0,0,0,0,0,0,-657.073121684101,-657.073121684101,-657.073121684101,0,0,0,0,0,0,417.2668386425927,417.2668386425927,417.2668386425927,-131.16003268471025,-131.16003268471025,-131.16003268471025,0,0,0,127.8978195961626,4167.858425685871,2572.7135880542883,2572.7135880542883,2201.74727232807
2025-07-15T00:00:00Z,2572.9417886837223,-35.09692433361657,-35.09692433361657,-35.09692433361657,0,0,0,0,0,0,0,0,0,0,0,0,0,0,0,0,0,0,-699.9159779291567,-699.9159779291567,-699.9159779291567,0,0,0,0,0,0,782.6848167500747,782.6848167500747,782.6848167500747,-117.86576315453428,-117.86576315453428,-117.86576315453428,0,0,0,504.7885611120687,4485.215417964711,2572.9417886837223,2572.9417886837223,2537.8448643501056
2025-07-16T00:00:00Z,2573.1699893131563,-4.435134838545163,-4.435134838545163,-4.435134838545163,0,0,0,0,0,0,0,0,0,0,0,0,0,0,0,0,0,0,-652.0940890223885,-652.0940890223885,-652.0940890223885,0,0,0,0,0,0,750.5195902293888,750.5195902293888,750.5195902293888,-102.8606360455452,-102.8606360455452,-102.8606360455452,0,0,0,625.189314603192,4619.892920501726,2573.1699893131563,2573.1699893131563,2568.734854474611
2025-07-17T00:00:00Z,2573.3981899425903,267.90898404639813,267.90898404639813,267.90898404639813,0,0,0,0,0,0,0,0,0,0,0,0,0,0,0,0,0,0,-452.20630527883475,-452.20630527883475,-452.20630527883475,0,0,0,0,0,0,806.4432778112042,806.4432778112042,806.4432778112042,-86.32798848597143,-86.32798848597143,-86.32798848597143,0,0,0,896.8508263068303,4793.099636471522,2573.3981899425903,2573.3981899425903,2841.3071739889883
2025-07-18T00:00:00Z,2573.6263905720243,501.992649126541,501.992649126541,501.992649126541,0,0,0,0,0,0,0,0,0,0,0,0,0,0,0,0,0,0,-219.11446434572846,-219.11446434572846,-219.11446434572846,0,0,0,0,0,0,789.6082492634823,789.6082492634823,789.6082492634823,-68.50113579121262,-68.50113579121262,-68.50113579121262,0,0,0,1131.0745465827872,5116.271439049015,2573.6263905720243,2573.6263905720243,3075.6190396985653
2025-07-19T00:00:00Z,2573.8545912014583,-1643.5570512181675,-1643.5570512181675,-1643.5570512181675,0,0,0,0,0,0,0,0,0,0,0,0,0,0,0,0,0,0,-118.0173449742103,-118.0173449742103,-118.0173449742103,0,0,0,0,0,0,-1475.8814904547617,-1475.8814904547617,-1475.8814904547617,-49.658215789195424,-49.658215789195424,-49.658215789195424,0,0,0,-1083.8548710608218,2915.1150376434935,2573.8545912014583,2573.8545912014583,930.2975399832908
2025-07-20T00:00:00Z,2574.0827918308923,-2272.928981312507,-2272.928981312507,-2272.928981312507,0,0,0,0,0,0,0,0,0,0,0,0,0,0,0,0,0,0,-172.1722967393576,-172.1722967393576,-172.1722967393576,0,0,0,0,0,0,-2070.641282240269,-2070.641282240269,-2070.641282240269,-30.11540233288008,-30.11540233288008,-30.11540233288008,0,0,0,-1799.5057363885699,2151.4981448313783,2574.0827918308923,2574.0827918308923,301.1538105183854
2025-07-21T00:00:00Z,2574.3109924603264,179.8984641309028,179.8984641309028,179.8984641309028,0,0,0,0,0,0,0,0,0,0,0,0,0,0,0,0,0,0,-227.14969809832655,-227.14969809832655,-227.14969809832655,0,0,0,0,0,0,417.26683864332455,417.26683864332455,417.26683864332455,-10.218676414095258,-10.218676414095258,-10.218676414095258,0,0,0,710.1679503397268,4764.859873399001,2574.3109924603264,2574.3109924603264,2754.2094565912294
2025-07-22T00:00:00Z,2574.5391930897604,678.9549231289917,678.9549231289917,678.9549231289917,0,0,0,0,0,0,0,0,0,0,0,0,0,0,0,0,0,0,-113.39549864594248,-113.39549864594248,-113.39549864594248,0,0,0,0,0,0,782.6848167497726,782.6848167497726,782.6848167497726,9.665605025161662,9.665605025161662,9.665605025161662,0,0,0,1437.4324891428619,5219.2213717636005,2574.5391930897604,2574.5391930897604,3253.494116218752
2025-07-23T00:00:00Z,2574.7673937191944,943.7214366834016,943.7214366834016,943.7214366834016,0,0,0,0,0,0,0,0,0,0,0,0,0,0,0,0,0,0,164.04078847001284,164.04078847001284,164.04078847001284,0,0,0,0,0,0,750.5195902303512,750.5195902303512,750.5195902303512,29.16105798303756,29.16105798303756,29.16105798303756,0,0,0,1545.9597073754426,5632.843551579432,2574.7673937191944,2574.7673937191944,3518.4888304025962
2025-07-24T00:00:00Z,2574.9955943486284,1277.155197501797,1277.155197501797,1277.155197501797,0,0,0,0,0,0,0,0,0,0,0,0,0,0,0,0,0,0,422.81970205579967,422.81970205579967,422.81970205579967,0,0,0,0,0,0,806.4432778106775,806.4432778106775,806.4432778106775,47.89221763531982,47.89221763531982,47.89221763531982,0,0,0,1980.2431274418975,5690.016566329385,2574.9955943486284,2574.9955943486284,3852.1507918504253
2025-07-25T00:00:00Z,2575.223794978062,1369.1706147094076,1369.1706147094076,1369.1706147094076,0,0,0,0,0,0,0,0,0,0,0,0,0,0,0,0,0,0,514.0666296315158,514.0666296315158,514.0666296315158,0,0,0,0,0,0,789.6082492601337,789.6082492601337,789.6082492601337,65.49573581775822,65.49573581775822,65.49573581775822,0,0,0,1974.2249526687615,5912.121349846977,2575.223794978062,2575.223794978062,3944.3944096874693
2025-07-26T00:00:00Z,2575.451995607496,-857.3485008037983,-857.3485008037983,-857.3485008037983,0,0,0,0,0,0,0,0,0,0,0,0,0,0,0,0,0,0,536.9015207741414,536.9015207741414,536.9015207741414,0,0,0,0,0,0,-1475.8814904577052,-1475.8814904577052,-1475.8814904577052,81.6314688797651,81.6314688797651,81.6314688797651,0,0,0,-322.3953673205803,3775.5146913377025,2575.451995607496,2575.451995607496,1718.1034948036977
2025-07-27T00:00:00Z,2575.68019623693,-1165.4112810643207,-1165.4112810643207,-1165.4112810643207,0,0,0,0,0,0,0,0,0,0,0,0,0,0,0,0,0,0,809.2369092911314,809.2369092911314,809.2369092911314,0,0,0,0,0,0,-2070.6412822412517,-2070.6412822412517,-2070.6412822412517,95.99309188580023,95.99309188580023,95.99309188580023,0,0,0,-695.6867725258727,3315.9117076707653,2575.68019623693,2575.68019623693,1410.2689151726092
2025-07-28T00:00:00Z,2575.908396866364,2094.105004704903,2094.105004704903,2094.105004704903,0,0,0,0,0,0,0,0,0,0,0,0,0,0,0,0,0,0,1568.5202822588403,1568.5202822588403,1568.5202822588403,0,0,0,0,0,0,417.26683863673713,417.26683863673713,417.26683863673713,108.31788380932565,108.31788380932565,108.31788380932565,0,0,0,2738.4060216037115,6528.149844328915,2575.908396866364,2575.908396866364,4670.0134015712665
2025-07-29T00:00:00Z,2576.136597495798,3557.606615470535,3557.606615470535,3557.606615470535,0,0,0,0,0,0,0,0,0,0,0,0,0,0,0,0,0,0,2656.5264499239556,2656.5264499239556,2656.5264499239556,0,0,0,0,0,0,782.6848167494704,782.6848167494704,782.6848167494704,118.39534879710861,118.39534879710861,118.39534879710861,0,0,0,4166.6480421674505,8094.613212714676,2576.136597495798,2576.136597495798,6133.743212966333
2025-07-30T00:00:00Z,2576.364798125232,4380.97601028892,4380.97601028892,4380.97601028892,0,0,0,0,0,0,0,0,0,0,0,0,0,0,0,0,0,0,3504.3820498532896,3504.3820498532896,3504.3820498532896,0,0,0,0,0,0,750.5195902301027,750.5195902301027,750.5195902301027,126.074370205528,126.074370205528,126.074370205528,0,0,0,4839.566270883087,8926.011927508816,2576.364798125232,2576.364798125232,6957.340808414152
2025-07-31T00:00:00Z,2576.592998754666,4430.726367429348,4430.726367429348,4430.726367429348,0,0,0,0,0,0,0,0,0,0,0,0,0,0,0,0,0,0,3493.0144535163813,3493.0144535163813,3493.0144535163813,0,0,0,0,0,0,806.4432778128225,806.4432778128225,806.4432778128225,131.268636100142,131.268636100142,131.268636100142,0,0,0,5170.513554110063,9055.428034881252,2576.592998754666,2576.592998754666,7007.319366184014
2025-08-01T00:00:00Z,2576.8211993841,3347.804663158769,3347.804663158769,3347.804663158769,0,0,0,0,0,0,0,0,0,0,0,0,0,0,0,0,0,0,2424.236287867586,2424.236287867586,2424.236287867586,0,0,0,0,0,0,789.6082492603573,789.6082492603573,789.6082492603573,133.96012603082548,133.96012603082548,133.96012603082548,0,0,0,3952.7367599615445,7835.359968407341,2576.8211993841,2576.8211993841,5924.625862542869
2025-08-02T00:00:00Z,2577.049400013534,-630.1306767961016,-630.1306767961016,-630.1306767961016,0,0,0,0,0,0,0,0,0,0,0,0,0,0,0,0,0,0,711.5503060295464,711.5503060295464,711.5503060295464,0,0,0,0,0,0,-1475.881490456884,-1475.881490456884,-1475.881490456884,134.20050763123595,134.20050763123595,134.20050763123595,0,0,0,35.21486513527741,4050.877670093167,2577.049400013534,2577.049400013534,1946.9187232174324
2025-08-03T00:00:00Z,2577.277600642968,-2821.806067598182,-2821.806067598182,-2821.806067598182,0,0,0,0,0,0,0,0,0,0,0,0,0,0,0,0,0,0,-883.2751415240085,-883.2751415240085,-883.2751415240085,0,0,0,0,0,0,-2070.641282239024,-2070.641282239024,-2070.641282239024,132.11035616485043,132.11035616485043,132.11035616485043,0,0,0,-2129.791380391721,1762.3840160196748,2577.277600642968,2577.277600642968,-244.52846695521384
2025-08-04T00:00:00Z,2577.505801272402,-1219.2328906388614,-1219.2328906388614,-1219.2328906388614,0,0,0,0,0,0,0,0,0,0,0,0,0,0,0,0,0,0,-1764.3759078356466,-1764.3759078356466,-1764.3759078356466,0,0,0,0,0,0,417.2668386384798,417.2668386384798,417.2668386384798,127.87617855830571,127.87617855830571,127.87617855830571,0,0,0,-837.7193284675701,3371.723805761369,2577.505801272402,2577.505801272402,1358.2729106335407
2025-08-05T00:00:00Z,2577.734001901836,-953.7363377165212,-953.7363377165212,-953.7363377165212,0,0,0,0,0,0,0,0,0,0,0,0,0,0,0,0,0,0,-1858.1664480636364,-1858.1664480636364,-1858.1664480636364,0,0,0,0,0,0,782.6848167491681,782.6848167491681,782.6848167491681,121.7452935979469,121.7452935979469,121.7452935979469,0,0,0,-320.46104378456414,3646.1908830024454,2577.734001901836,2577.734001901836,1623.997664185315
2025-08-06T00:00:00Z,2577.96220253127,-685.3571283902274,-685.3571283902274,-685.3571283902274,0,0,0,0,0,0,0,0,0,0,0,0,0,0,0,0,0,0,-1549.895408214929,-1549.895408214929,-1549.895408214929,0,0,0,0,0,0,750.5195902304758,750.5195902304758,750.5195902304758,114.01868959422563,114.01868959422563,114.01868959422563,0,0,0,-122.37536297345292,3799.6976242913224,2577.96220253127,2577.96220253127,1892.6050741410427
2025-08-07T00:00:00Z,2578.190403160704,-387.8173574661894,-387.8173574661894,-387.8173574661894,0,0,0,0,0,0,0,0,0,0,0,0,0,0,0,0,0,0,-1299.3026830015922,-1299.3026830015922,-1299.3026830015922,0,0,0,0,0,0,806.4432778122956,806.4432778122956,806.4432778122956,105.04204772310763,105.04204772310763,105.04204772310763,0,0,0,225.2730217599339,4094.49959087645,2578.190403160704,2578.190403160704,2190.373045694515
2025-08-08T00:00:00Z,2578.418603790138,-401.06347083311715,-401.06347083311715,-401.06347083311715,0,0,0,0,0,0,0,0,0,0,0,0,0,0,0,0,0,0,-1285.866901361715,-1285.866901361715,-1285.866901361715,0,0,0,0,0,0,789.6082492651605,789.6082492651605,789.6082492651605,95.19518126343789,95.19518126343789,95.19518126343789,0,0,0,229.4781783085823,4051.0283594142393,2578.418603790138,2578.418603790138,2177.355132957021
2025-08-09T00:00:00Z,2578.646804419572,-2755.317458665954,-2755.317458665954,-2755.317458665954,0,0,0,0,0,0,0,0,0,0,0,0,0,0,0,0,0,0,-1364.316164228656,-1364.316164228656,-1364.316164228656,0,0,0,0,0,0,-1475.8814904598269,-1475.8814904598269,-1475.8814904598269,84.8801960225281,84.8801960225281,84.8801960225281,0,0,0,-2094.2352046540723,1941.507977631569,2578.646804419572,2578.646804419572,-176.67065424638167
2025-08-10T00:00:00Z,2578.8750050490057,-3303.056002965874,-3303.056002965874,-3303.056002965874,0,0,0,0,0,0,0,0,0,0,0,0,0,0,0,0,0,0,-1306.9234442710595,-1306.9234442710595,-1306.9234442710595,0,0,0,0,0,0,-2070.641282238402,-2070.641282238402,-2070.641282238402,74.50872354358687,74.50872354358687,74.50872354358687,0,0,0,-2752.324151546438,1309.8277345309923,2578.8750050490057,2578.8750050490057,-724.1809979168684
2025-08-11T00:00:00Z,2579.1032056784397,-580.4275240750562,-580.4275240750562,-580.4275240750562,0,0,0,0,0,0,0,0,0,0,0,0,0,0,0,0,0,0,-1062.1829773293362,-1062.1829773293362,-1062.1829773293362,0,0,0,0,0,0,417.26683864022243,417.26683864022243,417.26683864022243,64.48861461405761,64.48861461405761,64.48861461405761,0,0,0,-58.964565405460675,3936.961255354528,2579.1032056784397,2579.1032056784397,1998.6756816033835
2025-08-12T00:00:00Z,2579.331406307874,51.009331677869056,51.009331677869056,51.009331677869056,0,0,0,0,0,0,0,0,0,0,0,0,0,0,0,0,0,0,-786.8859899339081,-786.8859899339081,-786.8859899339081,0,0,0,0,0,0,782.6848167490817,782.6848167490817,782.6848167490817,55.210504862695416,55.210504862695416,55.210504862695416,0,0,0,684.2405389506359,4644.214075116982,2579.331406307874,2579.331406307874,2630.340737985743
2025-08-13T00:00:00Z,2579.559606937308,140.26343313840252,140.26343313840252,140.26343313840252,0,0,0,0,0,0,0,0,0,0,0,0,0,0,0,0,0,0,-657.2908330152754,-657.2908330152754,-657.2908330152754,0,0,0,0,0,0,750.519590230195,750.519590230195,750.519590230195,47.03467592348275,47.03467592348275,47.03467592348275,0,0,0,597.0002818922474,4718.8397248544115,2579.559606937308,2579.559606937308,2719.8230400757107
2025-08-14T00:00:00Z,2579.7878075667422,167.31767107538238,167.31767107538238,167.31767107538238,0,0,0,0,0,0,0,0,0,0,0,0,0,0,0,0,0,0,-679.4042409036664,-679.4042409036664,-679.4042409036664,0,0,0,0,0,0,806.4432778117687,806.4432778117687,806.4432778117687,40.278634167280124,40.278634167280124,40.278634167280124,0,0,0,842.567498694093,4614.700585033262,2579.7878075667422,2579.7878075667422,2747.1054786421246
2025-08-15T00:00:00Z,2580.0160081961762,129.13435036933186,129.13435036933186,129.13435036933186,0,0,0,0,0,0,0,0,0,0,0,0,0,0,0,0,0,0,-695.6797131565428,-695.6797131565428,-695.6797131565428,0,0,0,0,0,0,789.6082492635983,789.6082492635983,789.6082492635983,35.20581426227644,35.20581426227644,35.20581426227644,0,0,0,761.3476879563926,4604.201602854566,2580.0160081961762,2580.0160081961762,2709.150358565508
2025-08-16T00:00:00Z,2580.2442088256103,-2011.0677436200817,-2011.0677436200817,-2011.0677436200817,0,0,0,0,0,0,0,0,0,0,0,0,0,0,0,0,0,0,-567.2020401989698,-567.2020401989698,-567.2020401989698,0,0,0,0,0,0,-1475.881490452685,-1475.881490452685,-1475.881490452685,32.01578703157316,32.01578703157316,32.01578703157316,0,0,0,-1403.161076336138,2609.9762165103193,2580.2442088256103,2580.2442088256103,569.1764652055285
2025-08-17T00:00:00Z,2580.4724094550443,-2367.8615484672673,-2367.8615484672673,-2367.8615484672673,0,0,0,0,0,0,0,0,0,0,0,0,0,0,0,0,0,0,-328.05657718552914,-328.05657718552914,-328.05657718552914,0,0,0,0,0,0,-2070.6412822377797,-2070.6412822377797,-2070.6412822377797,30.8363109560415,30.8363109560415,30.8363109560415,0,0,0,-1716.4392408376975,2292.438201934189,2580.4724094550443,2580.4724094550443,212.61086098777696
2025-08-18T00:00:00Z,2580.7006100844783,303.23746586161934,303.23746586161934,303.23746586161934,0,0,0,0,0,0,0,0,0,0,0,0,0,0,0,0,0,0,-145.74688803553846,-145.74688803553846,-145.74688803553846,0,0,0,0,0,0,417.2668386409541,417.2668386409541,417.2668386409541,31.717515256203715,31.717515256203715,31.717515256203715,0,0,0,883.6059020679919,4836.24387893394,2580.7006100844783,2580.7006100844783,2883.938075946098
2025-08-19T00:00:00Z,2580.9288107139123,684.9673376933187,684.9673376933187,684.9673376933187,0,0,0,0,0,0,0,0,0,0,0,0,0,0,0,0,0,0,-132.345920292032,-132.345920292032,-132.345920292032,0,0,0,0,0,0,782.6848167499573,782.6848167499573,782.6848167499573,34.62844123539326,34.62844123539326,34.62844123539326,0,0,0,1302.6707395444835,5258.260521394559,2580.9288107139123,2580.9288107139123,3265.896148407231
2025-08-20T00:00:00Z,2581.1570113433463,577.4649861461645,577.4649861461645,577.4649861461645,0,0,0,0,0,0,0,0,0,0,0,0,0,0,0,0,0,0,-212.51070331479497,-212.51070331479497,-212.51070331479497,0,0,0,0,0,0,750.5195902305683,750.5195902305683,750.5195902305683,39.45609923039143,39.45609923039143,39.45609923039143,0,0,0,1238.3191375557874,5371.832837142279,2581.1570113433463,2581.1570113433463,3158.6219974895107
2025-08-21T00:00:00Z,2581.3852119727803,656.0073452723678,656.0073452723678,656.0073452723678,0,0,0,0,0,0,0,0,0,0,0,0,0,0,0,0,0,0,-196.4430556646163,-196.4430556646163,-196.4430556646163,0,0,0,0,0,0,806.4432778139139,806.4432778139139,806.4432778139139,46.00712312307029,46.00712312307029,46.00712312307029,0,0,0,1148.5301002710542,5042.202228005778,2581.3852119727803,2581.3852119727803,3237.392557245148
2025-08-22T00:00:00Z,2581.6134126022143,857.4682035275633,857.4682035275633,857.4682035275633,0,0,0,0,0,0,0,0,0,0,0,0,0,0,0,0,0,0,13.847929084185951,13.847929084185951,13.847929084185951,0,0,0,0,0,0,789.6082492620357,789.6082492620357,789.6082492620357,54.01202518134178,54.01202518134178,54.01202518134178,0,0,0,1524.6127760331494,5417.266313682952,2581.6134126022143,2581.6134126022143,3439.0816161297776
2025-08-23T00:00:00Z,2581.8416132316484,-1103.6799757800022,-1103.6799757800022,-1103.6799757800022,0,0,0,0,0,0,0,0,0,0,0,0,0,0,0,0,0,0,309.06954128112307,309.06954128112307,309.06954128112307,0,0,0,0,0,0,-1475.8814904556282,-1475.8814904556282,-1475.8814904556282,63.13197339450287,63.13197339450287,63.13197339450287,0,0,0,-382.38049569810386,3283.361326841682,2581.8416132316484,2581.8416132316484,1478.1616374516461
2025-08-24T00:00:00Z,2582.0698138610824,-1507.4178475583624,-1507.4178475583624,-1507.4178475583624,0,0,0,0,0,0,0,0,0,0,0,0,0,0,0,0,0,0,490.25550075170077,490.25550075170077,490.25550075170077,0,0,0,0,0,0,-2070.6412822425973,-2070.6412822425973,-2070.6412822425973,72.96793393253455,72.96793393253455,72.96793393253455,0,0,0,-842.5774992722721,2970.72338601925,2582.0698138610824,2582.0698138610824,1074.65196630272
2025-08-25T00:00:00Z,2582.2980144905164,1017.0636857055214,1017.0636857055214,1017.0636857055214,0,0,0,0,0,0,0,0,0,0,0,0,0,0,0,0,0,0,516.7249017070311,516.7249017070311,516.7249017070311,0,0,0,0,0,0,417.2668386416858,417.2668386416858,417.2668386416858,83.07194535680458,83.07194535680458,83.07194535680458,0,0,0,1777.7286358042481,5456.3891951416945,2582.2980144905164,2582.2980144905164,3599.361700196038
2025-08-26T00:00:00Z,2582.5262151199504,1496.2997364546216,1496.2997364546216,1496.2997364546216,0,0,0,0,0,0,0,0,0,0,0,0,0,0,0,0,0,0,620.6546985761016,620.6546985761016,620.6546985761016,0,0,0,0,0,0,782.684816749871,782.684816749871,782.684816749871,92.96022112864864,92.96022112864864,92.96022112864864,0,0,0,2081.3926746399347,6173.389589042247,2582.5262151199504,2582.5262151199504,4078.825951574572
2025-08-27T00:00:00Z,2582.7544157493844,1979.0588408031483,1979.0588408031483,1979.0588408031483,0,0,0,0,0,0,0,0,0,0,0,0,0,0,0,0,0,0,1126.4115355202468,1126.4115355202468,1126.4115355202468,0,0,0,0,0,0,750.51959023031975,750.51959023031975,750.51959023031975,102.12771505258155,102.12771505258155,102.12771505258155,0,0,0,2562.1521808898956,6578.185731925312,2582.7544157493844,2582.7544157493844,4561.813256552533
2025-08-28T00:00:00Z,2582.9826163788184,3016.5904317198283,3016.5904317198283,3016.5904317198283,0,0,0,0,0,0,0,0,0,0,0,0,0,0,0,0,0,0,2100.083421337777,2100.083421337777,2100.083421337777,0,0,0,0,0,0,806.4432778133868,806.4432778133868,806.4432778133868,110.06373256866436,110.06373256866436,110.06373256866436,0,0,0,3640.1183070268658,7659.301160793693,2582.9826163788184,2582.9826163788184,5599.573048098647
2025-08-29T00:00:00Z,2583.210817008252,4059.855651547656,4059.855651547656,4059.855651547656,0,0,0,0,0,0,0,0,0,0,0,0,0,0,0,0,0,0,3153.979271274542,3153.979271274542,3153.979271274542,0,0,0,0,0,0,789.6082492622594,789.6082492622594,789.6082492622594,116.26813101085574,116.26813101085574,116.26813101085574,0,0,0,4793.524226367768,8639.539678541543,2583.210817008252,2583.210817008252,6643.066468555908
2025-08-30T00:00:00Z,2583.439017637686,2277.1634676619638,2277.1634676619638,2277.1634676619638,0,0,0,0,0,0,0,0,0,0,0,0,0,0,0,0,0,0,3632.7773326502233,3632.7773326502233,3632.7773326502233,0,0,0,0,0,0,-1475.8814904548071,-1475.8814904548071,-1475.8814904548071,120.26762546654795,120.26762546654795,120.26762546654795,0,0,0,2871.4452945071703,6838.867716606645,2583.439017637686,2583.439017637686,4860.60248529965
2025-08-31T00:00:00Z,2583.66721826712,-811.9141229704315,-811.9141229704315,-811.9141229704315,0,0,0,0,0,0,-1941.2219588157836,-1941.2219588157836,-1941.2219588157836,0,0,0,0,0,0,-1941.2219588157836,-1941.2219588157836,-1941.2219588157836,3078.3174133773928,3078.3174133773928,3078.3174133773928,0,0,0,0,0,0,-2070.64128224037,-2070.64128224037,-2070.64128224037,121.63170470832821,121.63170470832821,121.63170470832821,0,0,0,-169.76138953782626,3700.970739919057,2583.66721826712,2583.66721826712,1771.7530952966886
2025-09-01T00:00:00Z,2583.895418896554,199.20521953003833,199.20521953003833,199.20521953003833,0,0,0,0,0,0,-1941.2219588157836,-1941.2219588157836,-1941.2219588157836,0,0,0,0,0,0,-1941.2219588157836,-1941.2219588157836,-1941.2219588157836,1603.172675292104,1603.172675292104,1603.172675292104,0,0,0,0,0,0,417.26683864443925,417.26683864443925,417.26683864443925,119.98766440927913,119.98766440927913,119.98766440927913,0,0,0,849.896515475971,4762.192338833039,2583.895418896554,2583.895418896554,2783.1006384265925
2025-09-02T00:00:00Z,2584.123620433454,750.0662561583343,750.0662561583343,750.0662561583343,0,0,0,0,0,0,0,0,0,0,0,0,0,0,0,0,0,0,-147.65284320229276,-147.65284320229276,-147.65284320229276,0,0,0,0,0,0,782.6848167495689,782.6848167495689,782.6848167495689,115.03428261105825,115.03428261105825,115.03428261105825,0,0,0,1382.941127859551,5309.175794345131,2584.123620433454,2584.123620433454,3334.1898765917886
2025-09-03T00:00:00Z,2584.351821970355,-574.2813066668529,-574.2813066668529,-574.2813066668529,0,0,0,0,0,0,0,0,0,0,0,0,0,0,0,0,0,0,-1431.3545917929664,-1431.3545917929664,-1431.3545917929664,0,0,0,0,0,0,750.5195902300709,750.5195902300709,750.5195902300709,106.55369489604263,106.55369489604263,106.55369489604263,0,0,0,24.2039409216721,4130.778246894213,2584.351821970355,2584.351821970355,2010.0705153035024
2025-09-04T00:00:00Z,2584.580023507255,-991.8188921211995,-991.8188921211995,-991.8188921211995,0,0,0,0,0,0,0,0,0,0,0,0,0,0,0,0,0,0,-1892.6832430365976,-1892.6832430365976,-1892.6832430365976,0,0,0,0,0,0,806.4432778114149,806.4432778114149,806.4432778114149,94.42107310398325,94.42107310398325,94.42107310398325,0,0,0,-366.3055597452649,3440.6258512994577,2584.580023507255,2584.580023507255,1592.7611313860557
2025-09-05T00:00:00Z,2584.8082250441557,-2795.0572079234043,-2795.0572079234043,-2795.0572079234043,0,0,0,0,0,0,-1941.2219588157836,-1941.2219588157836,-1941.2219588157836,0,0,0,0,0,0,-1941.2219588157836,-1941.2219588157836,-1941.2219588157836,-1722.055268930624,-1722.055268930624,-1722.055268930624,0,0,0,0,0,0,789.6082492589109,789.6082492589109,789.6082492589109,78.61177056409193,78.61177056409193,78.61177056409193,0,0,0,-2096.536912109523,1825.1116551555924,2584.8082250441557,2584.8082250441557,-210.24898287924862
2025-09-06T00:00:00Z,2585.036426581056,-2813.927854050038,-2813.927854050038,-2813.927854050038,0,0,0,0,0,0,0,0,0,0,0,0,0,0,0,0,0,0,-1397.2520306325837,-1397.2520306325837,-1397.2520306325837,0,0,0,0,0,0,-1475.8814904577503,-1475.8814904577503,-1475.8814904577503,59.20566704029491,59.20566704029491,59.20566704029491,0,0,0,-2120.1065716666094,1658.8180772030257,2585.036426581056,2585.036426581056,-228.89142746898233
2025-09-07T00:00:00Z,2585.2646281179564,-3300.619030994787,-3300.619030994787,-3300.619030994787,0,0,0,0,0,0,0,0,0,0,0,0,0,0,0,0,0,0,-1266.366274708073,-1266.366274708073,-1266.366274708073,0,0,0,0,0,0,-2070.641282241353,-2070.641282241353,-2070.641282241353,36.388525954638645,36.388525954638645,36.388525954638645,0,0,0,-2557.174122428002,1301.7955814545817,2585.2646281179564,2585.2646281179564,-715.3544028768306
2025-09-08T00:00:00Z,2585.492829654857,-901.9299720452515,-901.9299720452515,-901.9299720452515,0,0,0,0,0,0,0,0,0,0,0,0,0,0,0,0,0,0,-1329.6470733950646,-1329.6470733950646,-1329.6470733950646,0,0,0,0,0,0,417.26683864517105,417.26683864517105,417.26683864517105,10.450262704641936,10.450262704641936,10.450262704641936,0,0,0,-345.3741401406594,3752.798770590011,2585.492829654857,2585.492829654857,1683.5628576096055
2025-09-09T00:00:00Z,2585.7210311917574,-597.2710738222868,-597.2710738222868,-597.2710738222868,0,0,0,0,0,0,0,0,0,0,0,0,0,0,0,0,0,0,-1361.7360040622507,-1361.7360040622507,-1361.7360040622507,0,0,0,0,0,0,782.6848167508763,782.6848167508763,782.6848167508763,-18.219886510912616,-18.219886510912616,-18.219886510912616,0,0,0,173.21102101010885,3960.3293202450136,2585.7210311917574,2585.7210311917574,1988.4499573694707
2025-09-10T00:00:00Z,2585.9492327286575,-500.13088621648654,-500.13088621648654,-500.13088621648654,0,0,0,0,0,0,0,0,0,0,0,0,0,0,0,0,0,0,-1201.5092628097022,-1201.5092628097022,-1201.5092628097022,0,0,0,0,0,0,750.5195902298225,750.5195902298225,750.5195902298225,-49.14121363660656,-49.14121363660656,-49.14121363660656,0,0,0,13.493387284975984,3959.4679054960434,2585.9492327286575,2585.9492327286575,2085.818346512171
2025-09-11T00:00:00Z,2586.1774342655585,-190.23045403413204,-190.23045403413204,-190.23045403413204,0,0,0,0,0,0,0,0,0,0,0,0,0,0,0,0,0,0,-914.9214993301599,-914.9214993301599,-914.9214993301599,0,0,0,0,0,0,806.4432778108879,806.4432778108879,806.4432778108879,-81.75223251486008,-81.75223251486008,-81.75223251486008,0,0,0,430.28263633615325,4371.57885156128,2586.1774342655585,2586.1774342655585,2395.9469802314266
2025-09-12T00:00:00Z,2586.4056358024586,-24.2173821752548,-24.2173821752548,-24.2173821752548,0,0,0,0,0,0,0,0,0,0,0,0,0,0,0,0,0,0,-698.4016743768356,-698.4016743768356,-698.4016743768356,0,0,0,0,0,0,789.6082492655,789.6082492655,789.6082492655,-115.42395706391937,-115.42395706391937,-115.42395706391937,0,0,0,705.3045090781143,4602.1281640932375,2586.4056358024586,2586.4056358024586,2562.1882536272037
2025-09-13T00:00:00Z,2586.633837339359,-2282.4300346996442,-2282.4300346996442,-2282.4300346996442,0,0,0,0,0,0,0,0,0,0,0,0,0,0,0,0,0,0,-657.0731216837489,-657.0731216837489,-657.0731216837489,0,0,0,0,0,0,-1475.881490458811,-1475.881490458811,-1475.881490458811,-149.47542255708393,-149.47542255708393,-149.47542255708393,0,0,0,-1717.3961658123455,2271.3921114518025,2586.633837339359,2586.633837339359,304.2038026397149
2025-09-14T00:00:00Z,2586.8620388762592,-2953.7482969251587,-2953.7482969251587,-2953.7482969251587,0,0,0,0,0,0,0,0,0,0,0,0,0,0,0,0,0,0,-699.9159779297253,-699.9159779297253,-699.9159779297253,0,0,0,0,0,0,-2070.6412822391253,-2070.6412822391253,-2070.6412822391253,-183.19103675630868,-183.19103675630868,-183.19103675630868,0,0,0,-2465.7420778128585,1644.8249432539858,2586.8620388762592,2586.8620388762592,-366.88625804889944
2025-09-15T00:00:00Z,2587.0902404131602,-2391.8884962023444,-2391.8884962023444,-2391.8884962023444,0,0,0,0,0,0,-1941.2219588157836,-1941.2219588157836,-1941.2219588157836,0,0,0,0,0,0,-1941.2219588157836,-1941.2219588157836,-1941.2219588157836,-652.0940890220617,-652.0940890220617,-652.0940890220617,0,0,0,0,0,0,417.26683863858375,417.26683863858375,417.26683863858375,-215.839287003083,-215.839287003083,-215.839287003083,0,0,0,-1827.0729012504573,1962.047554179031,2587.0902404131602,2587.0902404131602,195.20174421081583
2025-09-16T00:00:00Z,2587.3184419500603,-1857.435729306488,-1857.435729306488,-1857.435729306488,0,0,0,0,0,0,-1941.2219588157836,-1941.2219588157836,-1941.2219588157836,0,0,0,0,0,0,-1941.2219588157836,-1941.2219588157836,-1941.2219588157836,-452.20630528084865,-452.20630528084865,-452.20630528084865,0,0,0,0,0,0,782.6848167503582,782.6848167503582,782.6848167503582,-246.6922819602138,-246.6922819602138,-246.6922819602138,0,0,0,-1198.8834379907535,2843.277063982522,2587.3184419500603,2587.3184419500603,729.8827126435724
2025-09-17T00:00:00Z,2587.546643486961,256.3595517588717,256.3595517588717,256.3595517588717,0,0,0,0,0,0,0,0,0,0,0,0,0,0,0,0,0,0,-219.11446434486405,-219.11446434486405,-219.11446434486405,0,0,0,0,0,0,750.5195902301957,750.5195902301957,750.5195902301957,-275.0455741264599,-275.0455741264599,-275.0455741264599,0,0,0,863.0417970669007,4766.247690645079,2587.546643486961,2587.546643486961,2843.9061952458324
2025-09-18T00:00:00Z,2587.774845023861,388.18824017840046,388.18824017840046,388.18824017840046,0,0,0,0,0,0,0,0,0,0,0,0,0,0,0,0,0,0,-118.01734497564746,-118.01734497564746,-118.01734497564746,0,0,0,0,0,0,806.4432778130332,806.4432778130332,806.4432778130332,-300.2376926589852,-300.2376926589852,-300.2376926589852,0,0,0,1047.4392011102113,4786.629119300444,2587.774845023861,2587.774845023861,2975.9630852022615
2025-09-19T00:00:00Z,2588.003046560762,295.7671363709351,295.7671363709351,295.7671363709351,0,0,0,0,0,0,0,0,0,0,0,0,0,0,0,0,0,0,-172.17229673994692,-172.17229673994692,-172.17229673994692,0,0,0,0,0,0,789.6082492657238,789.6082492657238,789.6082492657238,-321.6688161548419,-321.6688161548419,-321.6688161548419,0,0,0,746.3915815257086,4766.366296847824,2588.003046560762,2588.003046560762,2883.770182931697
2025-09-20T00:00:00Z,2588.2312480976625,-2041.849220601925,-2041.849220601925,-2041.849220601925,0,0,0,0,0,0,0,0,0,0,0,0,0,0,0,0,0,0,-227.1496980973679,-227.1496980973679,-227.1496980973679,0,0,0,0,0,0,-1475.8814904516692,-1475.8814904516692,-1475.8814904516692,-338.8180320528876,-338.8180320528876,-338.8180320528876,0,0,0,-1437.5352682395028,2634.9885704440367,2588.2312480976625,2588.2312480976625,546.3820274957375
2025-09-21T00:00:00Z,2588.4594496345626,-2535.2954438265383,-2535.2954438265383,-2535.2954438265383,0,0,0,0,0,0,0,0,0,0,0,0,0,0,0,0,0,0,-113.39549864762014,-113.39549864762014,-113.39549864762014,0,0,0,0,0,0,-2070.6412822385028,-2070.6412822385028,-2070.6412822385028,-351.2586629404149,-351.2586629404149,-351.2586629404149,0,0,0,-1906.431172744191,2080.487673296319,2588.4594496345626,2588.4594496345626,53.164005808024285
2025-09-22T00:00:00Z,2588.687651171463,222.63643763475955,222.63643763475955,222.63643763475955,0,0,0,0,0,0,0,0,0,0,0,0,0,0,0,0,0,0,164.04078847043954,164.04078847043954,164.04078847043954,0,0,0,0,0,0,417.2668386403263,417.2668386403263,417.2668386403263,-358.67118947600625,-358.67118947600625,-358.67118947600625,0,0,0,870.6712528962189,4841.652266913424,2588.687651171463,2588.687651171463,2811.324088806223
2025-09-23T00:00:00Z,2588.9158527083637,844.6511551909008,844.6511551909008,844.6511551909008,0,0,0,0,0,0,0,0,0,0,0,0,0,0,0,0,0,0,422.8197020559389,422.8197020559389,422.8197020559389,0,0,0,0,0,0,782.6848167502718,782.6848167502718,782.6848167502718,-360.85336361531,-360.85336361531,-360.85336361531,0,0,0,1463.475662483671,5318.4417589228515,2588.9158527083637,2588.9158527083637,3433.5670078992644
2025-09-24T00:00:00Z,2589.144054245264,906.8590372564196,906.8590372564196,906.8590372564196,0,0,0,0,0,0,0,0,0,0,0,0,0,0,0,0,0,0,514.0666296314272,514.0666296314272,514.0666296314272,0,0,0,0,0,0,750.5195902293254,750.5195902293254,750.5195902293254,-357.7271826043328,-357.7271826043328,-357.7271826043328,0,0,0,1430.160152326476,5374.999662686959,2589.144054245264,2589.144054245264,3496.0030915016837
2025-09-25T00:00:00Z,2589.3722557821643,994.0023169079334,994.0023169079334,994.0023169079334,0,0,0,0,0,0,0,0,0,0,0,0,0,0,0,0,0,0,536.9015207744594,536.9015207744594,536.9015207744594,0,0,0,0,0,0,806.443277812506,806.443277812506,806.443277812506,-349.34248167903206,-349.34248167903206,-349.34248167903206,0,0,0,1683.0962959205172,5603.567668230443,2589.3722557821643,2589.3722557821643,3583.374572690098
2025-09-26T00:00:00Z,2589.600457319065,1262.9681594504082,1262.9681594504082,1262.9681594504082,0,0,0,0,0,0,0,0,0,0,0,0,0,0,0,0,0,0,809.2369092894761,809.2369092894761,809.2369092894761,0,0,0,0,0,0,789.6082492641613,789.6082492641613,789.6082492641613,-335.8769991032295,-335.8769991032295,-335.8769991032295,0,0,0,1889.4307893126836,5707.095567994126,2589.600457319065,2589.600457319065,3852.568616769473
2025-09-27T00:00:00Z,2589.8286588559654,-224.99407654172478,-224.99407654172478,-224.99407654172478,0,0,0,0,0,0,0,0,0,0,0,0,0,0,0,0,0,0,1568.5202822601989,1568.5202822601989,1568.5202822601989,0,0,0,0,0,0,-1475.88149045273,-1475.88149045273,-1475.88149045273,-317.63286834919353,-317.63286834919353,-317.63286834919353,0,0,0,436.8481795561827,4421.139113711314,2589.8286588559654,2589.8286588559654,2364.834582314241
2025-09-28T00:00:00Z,2590.056860392866,290.85557173607685,290.85557173607685,290.85557173607685,0,0,0,0,0,0,0,0,0,0,0,0,0,0,0,0,0,0,2656.526449923885,2656.526449923885,2656.526449923885,0,0,0,0,0,0,-2070.641282236275,-2070.641282236275,-2070.641282236275,-295.02959595153277,-295.02959595153277,-295.02959595153277,0,0,0,823.4292945271715,4857.824518774753,2590.056860392866,2590.056860392866,2880.912432128943
2025-09-29T00:00:00Z,2590.285061929766,3653.055201706504,3653.055201706504,3653.055201706504,0,0,0,0,0,0,0,0,0,0,0,0,0,0,0,0,0,0,3504.3820498540076,3504.3820498540076,3504.3820498540076,0,0,0,0,0,0,417.26683864206893,417.26683864206893,417.26683864206893,-268.59368678957196,-268.59368678957196,-268.59368678957196,0,0,0,4171.359389478825,8366.326076683092,2590.285061929766,2590.285061929766,6243.34026363627
2025-09-30T00:00:00Z,2590.5132634666666,4036.754092035387,4036.754092035387,4036.754092035387,0,0,0,0,0,0,0,0,0,0,0,0,0,0,0,0,0,0,3493.0144535150616,3493.0144535150616,3493.0144535150616,0,0,0,0,0,0,782.6848167501856,782.6848167501856,782.6848167501856,-238.94517822986026,-238.94517822986026,-238.94517822986026,0,0,0,4794.393303028542,8738.26236450966,2590.5132634666666,2590.5132634666666,6627.267355502054
2025-10-01T00:00:00Z,2590.741465003567,2967.9744404122744,2967.9744404122744,2967.9744404122744,0,0,0,0,0,0,0,0,0,0,0,0,0,0,0,0,0,0,2424.2362878658296,2424.2362878658296,2424.2362878658296,0,0,0,0,0,0,750.5195902302881,750.5195902302881,750.5195902302881,-206.78143768384388,-206.78143768384388,-206.78143768384388,0,0,0,3850.6822146855593,7539.910574552937,2590.741465003567,2590.741465003567,5558.715905415842
2025-10-02T00:00:00Z,2590.9696665404676,1345.1349219507279,1345.1349219507279,1345.1349219507279,0,0,0,0,0,0,0,0,0,0,0,0,0,0,0,0,0,0,711.5503060320721,711.5503060320721,711.5503060320721,0,0,0,0,0,0,806.4432778133151,806.4432778133151,806.4432778133151,-172.85866189465958,-172.85866189465958,-172.85866189465958,0,0,0,2073.9229418717396,5964.051030036291,2590.9696665404676,2590.9696665404676,3936.1045884911955
2025-10-03T00:00:00Z,2591.1978680773677,-231.63848032110934,-231.63848032110934,-231.63848032110934,0,0,0,0,0,0,0,0,0,0,0,0,0,0,0,0,0,0,-883.2751415209092,-883.2751415209092,-883.2751415209092,0,0,0,0,0,0,789.6082492625987,789.6082492625987,789.6082492625987,-137.9715880627987,-137.9715880627987,-137.9715880627987,0,0,0,326.8175966471964,4226.867342683412,2591.1978680773677,2591.1978680773677,2359.5593877562583
2025-10-04T00:00:00Z,2591.4260696142683,-3343.18938280897,-3343.18938280897,-3343.18938280897,0,0,0,0,0,0,0,0,0,0,0,0,0,0,0,0,0,0,-1764.3759078370458,-1764.3759078370458,-1764.3759078370458,0,0,0,0,0,0,-1475.8814904556734,-1475.8814904556734,-1475.8814904556734,-102.93198451625148,-102.93198451625148,-102.93198451625148,0,0,0,-2900.0643786458227,1146.3105156728263,2591.4260696142683,2591.4260696142683,-751.7633131947018
2025-10-05T00:00:00Z,2591.654271151169,-3997.3542604478084,-3997.3542604478084,-3997.3542604478084,0,0,0,0,0,0,0,0,0,0,0,0,0,0,0,0,0,0,-1858.1664480635645,-1858.1664480635645,-1858.1664480635645,0,0,0,0,0,0,-2070.641282237258,-2070.641282237258,-2070.641282237258,-68.54653014698624,-68.54653014698624,-68.54653014698624,0,0,0,-3497.075295870811,577.064905169996,2591.654271151169,2591.654271151169,-1405.6999892966396
2025-10-06T00:00:00Z,2591.8824726880694,-1168.2232854773376,-1168.2232854773376,-1168.2232854773376,0,0,0,0,0,0,0,0,0,0,0,0,0,0,0,0,0,0,-1549.895408214576,-1549.895408214576,-1549.895408214576,0,0,0,0,0,0,417.26683863447084,417.26683863447084,417.26683863447084,-35.59471589723209,-35.59471589723209,-35.59471589723209,0,0,0,-575.750568520246,3473.0609355793913,2591.8824726880694,2591.8824726880694,1423.6591872107317
2025-10-07T00:00:00Z,2592.1106742249694,-521.4252735053722,-521.4252735053722,-521.4252735053722,0,0,0,0,0,0,0,0,0,0,0,0,0,0,0,0,0,0,-1299.3026830012636,-1299.3026830012636,-1299.3026830012636,0,0,0,0,0,0,782.6848167496671,782.6848167496671,782.6848167496671,-4.8074072537758035,-4.8074072537758035,-4.8074072537758035,0,0,0,119.63742055236553,4060.045782055736,2592.1106742249694,2592.1106742249694,2070.685400719597
2025-10-08T00:00:00Z,2592.33887576187,-512.1940047909279,-512.1940047909279,-512.1940047909279,0,0,0,0,0,0,0,0,0,0,0,0,0,0,0,0,0,0,-1285.8669013626827,-1285.8669013626827,-1285.8669013626827,0,0,0,0,0,0,750.5195902300393,750.5195902300393,750.5195902300393,23.15330634171525,23.15330634171525,23.15330634171525,0,0,0,192.14958701764365,4233.483972641731,2592.33887576187,2592.33887576187,2080.144870970942
2025-10-09T00:00:00Z,2592.5670772987705,-510.1605055503668,-510.1605055503668,-510.1605055503668,0,0,0,0,0,0,0,0,0,0,0,0,0,0,0,0,0,0,-1364.3161642283476,-1364.3161642283476,-1364.3161642283476,0,0,0,0,0,0,806.4432778113433,806.4432778113433,806.4432778113433,47.71238086663792,47.71238086663792,47.71238086663792,0,0,0,69.76220278968309,4010.4044479548606,2592.5670772987705,2592.5670772987705,2082.4065717484036
2025-10-10T00:00:00Z,2592.795278835671,-448.9175340007482,-448.9175340007482,-448.9175340007482,0,0,0,0,0,0,0,0,0,0,0,0,0,0,0,0,0,0,-1306.9234442710094,-1306.9234442710094,-1306.9234442710094,0,0,0,0,0,0,789.6082492610367,789.6082492610367,789.6082492610367,68.39766100922408,68.39766100922408,68.39766100922408,0,0,0,260.54756824258385,4129.781975474367,2592.795278835671,2592.795278835671,2143.877744834923
2025-10-11T00:00:00Z,2593.023480372571,-2453.2116492965074,-2453.2116492965074,-2453.2116492965074,0,0,0,0,0,0,0,0,0,0,0,0,0,0,0,0,0,0,-1062.1829773282059,-1062.1829773282059,-1062.1829773282059,0,0,0,0,0,0,-1475.8814904548522,-1475.8814904548522,-1475.8814904548522,84.85281848655009,84.85281848655009,84.85281848655009,0,0,0,-2038.5765049892618,2181.843221377312,2593.023480372571,2593.023480372571,139.81183107606375
2025-10-12T00:00:00Z,2593.2516819094717,-2760.6802849126693,-2760.6802849126693,-2760.6802849126693,0,0,0,0,0,0,0,0,0,0,0,0,0,0,0,0,0,0,-786.8859899343129,-786.8859899343129,-786.8859899343129,0,0,0,0,0,0,-2070.6412822404704,-2070.6412822404704,-2070.6412822404704,96.84698726211411,96.84698726211411,96.84698726211411,0,0,0,-2070.602630637293,1854.4088270994414,2593.2516819094717,2593.2516819094717,-167.42860300319762
2025-10-13T00:00:00Z,2593.4798834463722,-135.74320352556802,-135.74320352556802,-135.74320352556802,0,0,0,0,0,0,0,0,0,0,0,0,0,0,0,0,0,0,-657.29083301579,-657.29083301579,-657.29083301579,0,0,0,0,0,0,417.26683863722405,417.26683863722405,417.26683863722405,104.28079085299788,104.28079085299788,104.28079085299788,0,0,0,457.078957205726,4338.341395817858,2593.4798834463722,2593.4798834463722,2457.7366799208044
2025-10-14T00:00:00Z,2593.708084983273,210.46913601610294,210.46913601610294,210.46913601610294,0,0,0,0,0,0,0,0,0,0,0,0,0,0,0,0,0,0,-679.4042409046854,-679.4042409046854,-679.4042409046854,0,0,0,0,0,0,782.6848167495809,782.6848167495809,782.6848167495809,107.1885601712072,107.1885601712072,107.1885601712072,0,0,0,773.3018476900397,4736.526730771323,2593.708084983273,2593.708084983273,2804.1772209993755
2025-10-15T00:00:00Z,2593.936286520173,160.5765276657172,160.5765276657172,160.5765276657172,0,0,0,0,0,0,0,0,0,0,0,0,0,0,0,0,0,0,-695.6797131561211,-695.6797131561211,-695.6797131561211,0,0,0,0,0,0,750.5195902304126,750.5195902304126,750.5195902304126,105.73665059142563,105.73665059142563,105.73665059142563,0,0,0,880.3949473343237,4734.804717562183,2593.936286520173,2593.936286520173,2754.51281418589
2025-10-16T00:00:00Z,2594.1644880570734,339.45911862484445,339.45911862484445,339.45911862484445,0,0,0,0,0,0,0,0,0,0,0,0,0,0,0,0,0,0,-567.2020401996011,-567.2020401996011,-567.2020401996011,0,0,0,0,0,0,806.4432778121525,806.4432778121525,806.4432778121525,100.21788101229316,100.21788101229316,100.21788101229316,0,0,0,822.906462508896,4762.365504562159,2594.1644880570734,2594.1644880570734,2933.623606681918
2025-10-17T00:00:00Z,2594.392689593974,552.5939043231299,552.5939043231299,552.5939043231299,0,0,0,0,0,0,0,0,0,0,0,0,0,0,0,0,0,0,-328.0565771819043,-328.0565771819043,-328.0565771819043,0,0,0,0,0,0,789.6082492676258,789.6082492676258,789.6082492676258,91.0422322374083,91.0422322374083,91.0422322374083,0,0,0,1074.1427490573633,5036.911038032317,2594.392689593974,2594.392689593974,3146.986593917104
2025-10-18T00:00:00Z,2594.6208911308745,-1542.9043247976363,-1542.9043247976363,-1542.9043247976363,0,0,0,0,0,0,0,0,0,0,0,0,0,0,0,0,0,0,-145.74688803696225,-145.74688803696225,-145.74688803696225,0,0,0,0,0,0,-1475.8814904577953,-1475.8814904577953,-1475.8814904577953,78.72405369712091,78.72405369712091,78.72405369712091,0,0,0,-911.2218460756546,3016.2598628290552,2594.6208911308745,2594.6208911308745,1051.7165663332382
2025-10-19T00:00:00Z,2594.8490926677746,-2139.1210695118943,-2139.1210695118943,-2139.1210695118943,0,0,0,0,0,0,0,0,0,0,0,0,0,0,0,0,0,0,-132.34592029189926,-132.34592029189926,-132.34592029189926,0,0,0,0,0,0,-2070.641282239848,-2070.641282239848,-2070.641282239848,63.86613301985258,63.86613301985258,63.86613301985258,0,0,0,-1564.0467038286092,2416.2311173674316,2594.8490926677746,2594.8490926677746,455.72802315588024
2025-10-20T00:00:00Z,2595.077294204675,-1689.324744416125,-1689.324744416125,-1689.324744416125,0,0,0,0,0,0,-1941.2219588157836,-1941.2219588157836,-1941.2219588157836,0,0,0,0,0,0,-1941.2219588157836,-1941.2219588157836,-1941.2219588157836,-212.5107033138712,-212.5107033138712,-212.5107033138712,0,0,0,0,0,0,417.266838637956,417.266838637956,417.266838637956,47.14107907557374,47.14107907557374,47.14107907557374,0,0,0,-1197.2567736562175,2899.4109499687643,2595.077294204675,2595.077294204675,905.7525497885501
2025-10-21T00:00:00Z,2595.305495741576,615.5123140114227,615.5123140114227,615.5123140114227,0,0,0,0,0,0,0,0,0,0,0,0,0,0,0,0,0,0,-196.4430556667592,-196.4430556667592,-196.4430556667592,0,0,0,0,0,0,782.6848167492788,782.6848167492788,782.6848167492788,29.27055292890328,29.27055292890328,29.27055292890328,0,0,0,1233.6448672511503,5233.232779353045,2595.305495741576,2595.305495741576,3210.817809752999
2025-10-22T00:00:00Z,2595.533697278476,775.3704693450378,775.3704693450378,775.3704693450378,0,0,0,0,0,0,0,0,0,0,0,0,0,0,0,0,0,0,13.847929084834904,13.847929084834904,13.847929084834904,0,0,0,0,0,0,750.5195902295424,750.5195902295424,750.5195902295424,11.002950030660674,11.002950030660674,11.002950030660674,0,0,0,1336.19812365527,5365.117298911073,2595.533697278476,2595.533697278476,3370.904166623514
2025-10-23T00:00:00Z,2595.7618988153768,1108.6030078808199,1108.6030078808199,1108.6030078808199,0,0,0,0,0,0,0,0,0,0,0,0,0,0,0,0,0,0,309.0695412801925,309.0695412801925,309.0695412801925,0,0,0,0,0,0,806.4432778116255,806.4432778116255,806.4432778116255,-6.909811210997818,-6.909811210997818,-6.909811210997818,0,0,0,1644.2953416516225,5735.029918358935,2595.7618988153768,2595.7618988153768,3704.3649066961966
2025-10-24T00:00:00Z,2595.990100352277,1256.128043662478,1256.128043662478,1256.128043662478,0,0,0,0,0,0,0,0,0,0,0,0,0,0,0,0,0,0,490.2555007510485,490.2555007510485,490.2555007510485,0,0,0,0,0,0,789.6082492642774,789.6082492642774,789.6082492642774,-23.73570635284807,-23.73570635284807,-23.73570635284807,0,0,0,1888.213405793932,5821.407483637145,2595.990100352277,2595.990100352277,3852.1181440147548
2025-10-25T00:00:00Z,2596.218301889178,-997.9421149427084,-997.9421149427084,-997.9421149427084,0,0,0,0,0,0,0,0,0,0,0,0,0,0,0,0,0,0,516.7249017075193,516.7249017075193,516.7249017075193,0,0,0,0,0,0,-1475.8814904607377,-1475.8814904607377,-1475.8814904607377,-38.785526189489254,-38.785526189489254,-38.785526189489254,0,0,0,-424.9055744547899,3653.195546558122,2596.218301889178,2596.218301889178,1598.2761869464694
2025-10-26T00:00:00Z,2596.446503426078,-1501.4211924777007,-1501.4211924777007,-1501.4211924777007,0,0,0,0,0,0,0,0,0,0,0,0,0,0,0,0,0,0,620.6546985737067,620.6546985737067,620.6546985737067,0,0,0,0,0,0,-2070.641282239226,-2070.641282239226,-2070.641282239226,-51.43460881218195,-51.43460881218195,-51.43460881218195,0,0,0,-757.2853597145855,3127.399724416223,2596.446503426078,2596.446503426078,1095.0253109483772
2025-10-27T00:00:00Z,2596.6747049629785,1482.5356571118684,1482.5356571118684,1482.5356571118684,0,0,0,0,0,0,0,0,0,0,0,0,0,0,0,0,0,0,1126.411535519827,1126.411535519827,1126.411535519827,0,0,0,0,0,0,417.26683863969845,417.26683863969845,417.26683863969845,-61.1427170476577,-61.1427170476577,-61.1427170476577,0,0,0,2002.3364540812777,6094.215057608106,2596.6747049629785,2596.6747049629785,4079.2103620748467
2025-10-28T00:00:00Z,2596.9029064998786,2815.2967940624635,2815.2967940624635,2815.2967940624635,0,0,0,0,0,0,0,0,0,0,0,0,0,0,0,0,0,0,2100.083421336008,2100.083421336008,2100.083421336008,0,0,0,0,0,0,782.6848167503703,782.6848167503703,782.6848167503703,-67.4714440239154,-67.4714440239154,-67.4714440239154,0,0,0,3505.4939107868554,7280.585013504752,2596.9029064998786,2596.9029064998786,5412.199700562342
2025-10-29T00:00:00Z,2597.1311080367796,3834.4002649592912,3834.4002649592912,3834.4002649592912,0,0,0,0,0,0,0,0,0,0,0,0,0,0,0,0,0,0,3153.9792712742974,3153.9792712742974,3153.9792712742974,0,0,0,0,0,0,750.5195902299154,750.5195902299154,750.5195902299154,-70.09859654492026,-70.09859654492026,-70.09859654492026,0,0,0,4489.686121110098,8370.071366537086,2597.1311080367796,2597.1311080367796,6431.531372996071
2025-10-30T00:00:00Z,2597.3593095736796,4370.391520528294,4370.391520528294,4370.391520528294,0,0,0,0,0,0,0,0,0,0,0,0,0,0,0,0,0,0,3632.777332649764,3632.777332649764,3632.777332649764,0,0,0,0,0,0,806.4432778137708,806.4432778137708,806.4432778137708,-68.82908993524129,-68.82908993524129,-68.82908993524129,0,0,0,4936.035433076944,8979.886291093047,2597.3593095736796,2597.3593095736796,6967.750830101973
2025-10-31T00:00:00Z,2597.58751111058,3804.323675897664,3804.323675897664,3804.323675897664,0,0,0,0,0,0,0,0,0,0,0,0,0,0,0,0,0,0,3078.3174133790176,3078.3174133790176,3078.3174133790176,0,0,0,0,0,0,789.6082492645012,789.6082492645012,789.6082492645012,-63.60198674585315,-63.60198674585315,-63.60198674585315,0,0,0,4382.853709784692,8359.840851301698,2597.58751111058,2597.58751111058,6401.911187008244
2025-11-01T00:00:00Z,2597.8157126474807,72.79776236132808,72.79776236132808,72.79776236132808,0,0,0,0,0,0,0,0,0,0,0,0,0,0,0,0,0,0,1603.1726752945374,1603.1726752945374,1603.1726752945374,0,0,0,0,0,0,-1475.881490461799,-1475.881490461799,-1475.881490461799,-54.493422471410696,-54.493422471410696,-54.493422471410696,0,0,0,673.6023791417226,4686.061498427505,2597.8157126474807,2597.8157126474807,2670.613475008809
2025-11-02T00:00:00Z,2598.0439141843813,-2260.0094065410553,-2260.0094065410553,-2260.0094065410553,0,0,0,0,0,0,0,0,0,0,0,0,0,0,0,0,0,0,-147.65284319991446,-147.65284319991446,-147.65284319991446,0,0,0,0,0,0,-2070.6412822440434,-2070.6412822440434,-2070.6412822440434,-41.71528109709769,-41.71528109709769,-41.71528109709769,0,0,0,-1567.6246018234713,2326.4632077662295,2598.0439141843813,2598.0439141843813,338.0345076433259
2025-11-03T00:00:00Z,2598.2721157212814,-1039.6973616186644,-1039.6973616186644,-1039.6973616186644,0,0,0,0,0,0,0,0,0,0,0,0,0,0,0,0,0,0,-1431.354591794717,-1431.354591794717,-1431.354591794717,0,0,0,0,0,0,417.2668386404304,417.2668386404304,417.2668386404304,-25.60960846437828,-25.60960846437828,-25.60960846437828,0,0,0,-408.9110117631723,3438.577354060761,2598.2721157212814,2598.2721157212814,1558.574754102617
2025-11-04T00:00:00Z,2598.500317258182,-1116.6373047940237,-1116.6373047940237,-1116.6373047940237,0,0,0,0,0,0,0,0,0,0,0,0,0,0,0,0,0,0,-1892.6832430346553,-1892.6832430346553,-1892.6832430346553,0,0,0,0,0,0,782.6848167500682,782.6848167500682,782.6848167500682,-6.638878509436719,-6.638878509436719,-6.638878509436719,0,0,0,-513.7283242930068,3428.0214809768427,2598.500317258182,2598.500317258182,1481.8630124641581
2025-11-05T00:00:00Z,2598.728518795082,-956.9080313858245,-956.9080313858245,-956.9080313858245,0,0,0,0,0,0,0,0,0,0,0,0,0,0,0,0,0,0,-1722.0552689301255,-1722.0552689301255,-1722.0552689301255,0,0,0,0,0,0,750.5195902302886,750.5195902302886,750.5195902302886,14.627647314012085,14.627647314012085,14.627647314012085,0,0,0,-494.73602923884175,3586.909692106111,2598.728518795082,2598.728518795082,1641.8204874092576
2025-11-06T00:00:00Z,2598.956720331983,-553.2776454621296,-553.2776454621296,-553.2776454621296,0,0,0,0,0,0,0,0,0,0,0,0,0,0,0,0,0,0,-1397.2520306339293,-1397.2520306339293,-1397.2520306339293,0,0,0,0,0,0,806.4432778132436,806.4432778132436,806.4432778132436,37.531107358556376,37.531107358556376,37.531107358556376,0,0,0,103.52050627145046,3908.702992084496,2598.956720331983,2598.956720331983,2045.6790748698534
2025-11-07T00:00:00Z,2599.184921868883,-415.41472235034905,-415.41472235034905,-415.41472235034905,0,0,0,0,0,0,0,0,0,0,0,0,0,0,0,0,0,0,-1266.366274706571,-1266.366274706571,-1266.366274706571,0,0,0,0,0,0,789.6082492629387,789.6082492629387,789.6082492629387,61.34330309328377,61.34330309328377,61.34330309328377,0,0,0,167.08194734174106,4124.570415282198,2599.184921868883,2599.184921868883,2183.770199518534
2025-11-08T00:00:00Z,2599.4131234057836,-2720.239094483217,-2720.239094483217,-2720.239094483217,0,0,0,0,0,0,0,0,0,0,0,0,0,0,0,0,0,0,-1329.6470733943806,-1329.6470733943806,-1329.6470733943806,0,0,0,0,0,0,-1475.8814904546578,-1475.8814904546578,-1475.8814904546578,85.28946936582133,85.28946936582133,85.28946936582133,0,0,0,-2077.5869191573997,1769.7912100376363,2599.4131234057836,2599.4131234057836,-120.82597107743322
2025-11-09T00:00:00Z,2599.6413249426837,-3323.804386552821,-3323.804386552821,-3323.804386552821,0,0,0,0,0,0,0,0,0,0,0,0,0,0,0,0,0,0,-1361.7360040620451,-1361.7360040620451,-1361.7360040620451,0,0,0,0,0,0,-2070.6412822418156,-2070.6412822418156,-2070.6412822418156,108.57289975103939,108.57289975103939,108.57289975103939,0,0,0,-2676.209526514555,1289.8721451189074,2599.6413249426837,2599.6413249426837,-724.1630616101374
2025-11-10T00:00:00Z,2599.8695264795847,-653.8417138453252,-653.8417138453252,-653.8417138453252,0,0,0,0,0,0,0,0,0,0,0,0,0,0,0,0,0,0,-1201.509262810914,-1201.509262810914,-1201.509262810914,0,0,0,0,0,0,417.26683864318375,417.26683864318375,417.26683864318375,130.40071032240508,130.40071032240508,130.40071032240508,0,0,0,13.069323067554992,3903.950690162638,2599.8695264795847,2599.8695264795847,1946.0278126342596
2025-11-11T00:00:00Z,2600.097728016485,17.77329797968975,17.77329797968975,17.77329797968975,0,0,0,0,0,0,0,0,0,0,0,0,0,0,0,0,0,0,-914.9214993304486,-914.9214993304486,-914.9214993304486,0,0,0,0,0,0,782.6848167499817,782.6848167499817,782.6848167499817,150.0099805601565,150.0099805601565,150.0099805601565,0,0,0,828.356601262367,4567.753650939336,2600.097728016485,2600.097728016485,2617.8710259961745
2025-11-12T00:00:00Z,2600.3259295533853,218.8114030330362,218.8114030330362,218.8114030330362,0,0,0,0,0,0,0,0,0,0,0,0,0,0,0,0,0,0,-698.4016743773184,-698.4016743773184,-698.4016743773184,0,0,0,0,0,0,750.519590230008,750.519590230008,750.519590230008,166.69348718034647,166.69348718034647,166.69348718034647,0,0,0,678.0188622460636,4908.607857672582,2600.3259295533853,2600.3259295533853,2819.1373325864215
2025-11-13T00:00:00Z,2600.5541310902854,329.19440252585656,329.19440252585656,329.19440252585656,0,0,0,0,0,0,0,0,0,0,0,0,0,0,0,0,0,0,-657.0731216842479,-657.0731216842479,-657.0731216842479,0,0,0,0,0,0,806.4432778112717,806.4432778112717,806.4432778112717,179.82424639883286,179.82424639883286,179.82424639883286,0,0,0,1045.4101398583728,4938.112214958133,2600.5541310902854,2600.5541310902854,2929.748533616142
2025-11-14T00:00:00Z,2600.7823326271864,278.5703741415674,278.5703741415674,278.5703741415674,0,0,0,0,0,0,0,0,0,0,0,0,0,0,0,0,0,0,-699.9159779296721,-699.9159779296721,-699.9159779296721,0,0,0,0,0,0,789.6082492613764,789.6082492613764,789.6082492613764,188.87810280986298,188.87810280986298,188.87810280986298,0,0,0,764.3423135543655,4796.896675476503,2600.7823326271864,2600.7823326271864,2879.3527067687537
2025-11-15T00:00:00Z,2601.0105341640865,-1934.5219311765852,-1934.5219311765852,-1934.5219311765852,0,0,0,0,0,0,0,0,0,0,0,0,0,0,0,0,0,0,-652.0940890214018,-652.0940890214018,-652.0940890214018,0,0,0,0,0,0,-1475.8814904557184,-1475.8814904557184,-1475.8814904557184,193.45364830053506,193.45364830053506,193.45364830053506,0,0,0,-1399.010975277284,2498.439298059631,2601.0105341640865,2601.0105341640865,666.4886029875013
2025-11-16T00:00:00Z,2601.238735700987,-2329.558766306236,-2329.558766306236,-2329.558766306236,0,0,0,0,0,0,0,0,0,0,0,0,0,0,0,0,0,0,-452.20630527864904,-452.20630527864904,-452.20630527864904,0,0,0,0,0,0,-2070.6412822427988,-2070.6412822427988,-2070.6412822427988,193.28882121521156,193.28882121521156,193.28882121521156,0,0,0,-1682.3371480556075,2180.5464328848047,2601.238735700987,2601.238735700987,271.67996939475097
2025-11-17T00:00:00Z,2601.466937237887,386.42599696890346,386.42599696890346,386.42599696890346,0,0,0,0,0,0,0,0,0,0,0,0,0,0,0,0,0,0,-219.11446434665342,-219.11446434665342,-219.11446434665342,0,0,0,0,0,0,417.26683864391555,417.26683864391555,417.26683864391555,188.2736226716413,188.2736226716413,188.2736226716413,0,0,0,1153.8121323420617,5030.1032028526715,2601.466937237887,2601.466937237887,2987.8929342067904
2025-11-18T00:00:00Z,2601.695138774788,843.1259630311048,843.1259630311048,843.1259630311048,0,0,0,0,0,0,0,0,0,0,0,0,0,0,0,0,0,0,-118.01734497391278,-118.01734497391278,-118.01734497391278,0,0,0,0,0,0,782.6848167496797,782.6848167496797,782.6848167496797,178.45849125533798,178.45849125533798,178.45849125533798,0,0,0,1415.1639623480025,5315.69957224469,2601.695138774788,2601.695138774788,3444.821101805893
2025-11-19T00:00:00Z,2601.923340311688,742.4052900000504,742.4052900000504,742.4052900000504,0,0,0,0,0,0,0,0,0,0,0,0,0,0,0,0,0,0,-172.1722967385942,-172.1722967385942,-172.1722967385942,0,0,0,0,0,0,750.5195902303811,750.5195902303811,750.5195902303811,164.0579965082635,164.0579965082635,164.0579965082635,0,0,0,1307.0342845126693,5314.553559520856,2601.923340311688,2601.923340311688,3344.3286303117384
2025-11-20T00:00:00Z,2602.1515418485887,724.7432221410805,724.7432221410805,724.7432221410805,0,0,0,0,0,0,0,0,0,0,0,0,0,0,0,0,0,0,-227.1496980983494,-227.1496980983494,-227.1496980983494,0,0,0,0,0,0,806.4432778107446,806.4432778107446,806.4432778107446,145.44964242868517,145.44964242868517,145.44964242868517,0,0,0,1402.3318198485645,5265.408142450721,2602.1515418485887,2602.1515418485887,3326.894763989669
2025-11-21T00:00:00Z,2602.379743385489,799.3804616123364,799.3804616123364,799.3804616123364,0,0,0,0,0,0,0,0,0,0,0,0,0,0,0,0,0,0,-113.3954986456951,-113.3954986456951,-113.3954986456951,0,0,0,0,0,0,789.6082492598139,789.6082492598139,789.6082492598139,123.16771099821773,123.16771099821773,123.16771099821773,0,0,0,1258.131867942222,5337.946733860118,2602.379743385489,2602.379743385489,3401.760204997825
2025-11-22T00:00:00Z,2602.60794492239,-1213.9484833187607,-1213.9484833187607,-1213.9484833187607,0,0,0,0,0,0,0,0,0,0,0,0,0,0,0,0,0,0,164.04078846898454,164.04078846898454,164.04078846898454,0,0,0,0,0,0,-1475.8814904586613,-1475.8814904586613,-1475.8814904586613,97.89221867091631,97.89221867091631,97.89221867091631,0,0,0,-647.8376907416708,3254.863235763148,2602.60794492239,2602.60794492239,1388.659461603629
2025-11-23T00:00:00Z,2602.83614645929,-1577.388378444663,-1577.388378444663,-1577.388378444663,0,0,0,0,0,0,0,0,0,0,0,0,0,0,0,0,0,0,422.8197020549958,422.8197020549958,422.8197020549958,0,0,0,0,0,0,-2070.641282240571,-2070.641282240571,-2070.641282240571,70.43320174091244,70.43320174091244,70.43320174091244,0,0,0,-840.7035412399985,2970.0816108846334,2602.83614645929,2602.83614645929,1025.447768014627
2025-11-24T00:00:00Z,2603.0643479961905,973.0441537275441,973.0441537275441,973.0441537275441,0,0,0,0,0,0,0,0,0,0,0,0,0,0,0,0,0,0,514.0666296312675,514.0666296312675,514.0666296312675,0,0,0,0,0,0,417.26683863732825,417.26683863732825,417.26683863732825,41.710685458948134,41.710685458948134,41.710685458948134,0,0,0,1703.6803321036753,5513.663439527352,2603.0643479961905,2603.0643479961905,3576.1085017237347
2025-11-25T00:00:00Z,2603.2925495330915,1332.3171601955214,1332.3171601955214,1332.3171601955214,0,0,0,0,0,0,0,0,0,0,0,0,0,0,0,0,0,0,536.9015207741547,536.9015207741547,536.9015207741547,0,0,0,0,0,0,782.6848167493777,782.6848167493777,782.6848167493777,12.730822671989293,12.730822671989293,12.730822671989293,0,0,0,1987.4127668817468,5779.331890578867,2603.2925495330915,2603.2925495330915,3935.609709728613
2025-11-26T00:00:00Z,2603.5207510699915,1544.3153062792103,1544.3153062792103,1544.3153062792103,0,0,0,0,0,0,0,0,0,0,0,0,0,0,0,0,0,0,809.236909291689,809.236909291689,809.236909291689,0,0,0,0,0,0,750.5195902301326,750.5195902301326,750.5195902301326,-15.441193242611005,-15.441193242611005,-15.441193242611005,0,0,0,2316.361371218638,6196.751435864455,2603.5207510699915,2603.5207510699915,4147.836057349202
2025-11-27T00:00:00Z,2603.748952606892,2333.2528272566856,2333.2528272566856,2333.2528272566856,0,0,0,0,0,0,0,0,0,0,0,0,0,0,0,0,0,0,1568.520282257824,1568.520282257824,1568.520282257824,0,0,0,0,0,0,806.4432778128901,806.4432778128901,806.4432778128901,-41.71073281402811,-41.71073281402811,-41.71073281402811,0,0,0,2955.61636503772,7041.943307480369,2603.748952606892,2603.748952606892,4937.001779863578
2025-11-28T00:00:00Z,2603.977154143792,3381.1496401979234,3381.1496401979234,3381.1496401979234,0,0,0,0,0,0,0,0,0,0,0,0,0,0,0,0,0,0,2656.5264499237533,2656.5264499237533,2656.5264499237533,0,0,0,0,0,0,789.6082492600375,789.6082492600375,789.6082492600375,-64.985058985867,-64.985058985867,-64.985058985867,0,0,0,3969.378746318592,7906.360306923392,2603.977154143792,2603.977154143792,5985.126794341715
2025-11-29T00:00:00Z,2604.2053556806927,1944.2950367290453,1944.2950367290453,1944.2950367290453,0,0,0,0,0,0,0,0,0,0,0,0,0,0,0,0,0,0,3504.382049853649,3504.382049853649,3504.382049853649,0,0,0,0,0,0,-1475.8814904496378,-1475.8814904496378,-1475.8814904496378,-84.20552267496522,-84.20552267496522,-84.20552267496522,0,0,0,2586.9598661600867,6522.77089195487,2604.2053556806927,2604.2053556806927,4548.500392409738
2025-11-30T00:00:00Z,2604.4335572175933,1323.993443324475,1323.993443324475,1323.993443324475,0,0,0,0,0,0,0,0,0,0,0,0,0,0,0,0,0,0,3493.0144535164236,3493.0144535164236,3493.0144535164236,0,0,0,0,0,0,-2070.641282238343,-2070.641282238343,-2070.641282238343,-98.37972795360471,-98.37972795360471,-98.37972795360471,0,0,0,2013.931111960266,5863.341960052776,2604.4335572175933,2604.4335572175933,3928.4270005420685
2025-12-01T00:00:00Z,2604.661758754494,2734.8903727017437,2734.8903727017437,2734.8903727017437,0,0,0,0,0,0,0,0,0,0,0,0,0,0,0,0,0,0,2424.2362878679633,2424.2362878679633,2424.2362878679633,0,0,0,0,0,0,417.2668386390708,417.2668386390708,417.2668386390708,-106.61275380528988,-106.61275380528988,-106.61275380528988,0,0,0,3310.1167868793536,7338.890527813254,2604.661758754494,2604.661758754494,5339.5521314562375
2025-12-02T00:00:00Z,2604.889960291394,1386.0985934924245,1386.0985934924245,1386.0985934924245,0,0,0,0,0,0,0,0,0,0,0,0,0,0,0,0,0,0,711.5503060299252,711.5503060299252,711.5503060299252,0,0,0,0,0,0,782.6848167490751,782.6848167490751,782.6848167490751,-108.13652928657606,-108.13652928657606,-108.13652928657606,0,0,0,1970.0817807348194,5936.489879085063,2604.889960291394,2604.889960291394,3990.988553783818
2025-12-03T00:00:00Z,2605.118161828295,-235.09204568275797,-235.09204568275797,-235.09204568275797,0,0,0,0,0,0,0,0,0,0,0,0,0,0,0,0,0,0,-883.2751415229989,-883.2751415229989,-883.2751415229989,0,0,0,0,0,0,750.5195902298839,750.5195902298839,750.5195902298839,-102.3364943896429,-102.3364943896429,-102.3364943896429,0,0,0,336.46437686548836,4525.776754716594,2605.118161828295,2605.118161828295,2370.026116145537
2025-12-04T00:00:00Z,2605.346363365195,-1046.7073692664567,-1046.7073692664567,-1046.7073692664567,0,0,0,0,0,0,0,0,0,0,0,0,0,0,0,0,0,0,-1764.375907834961,-1764.375907834961,-1764.375907834961,0,0,0,0,0,0,806.4432778123631,806.4432778123631,806.4432778123631,-88.77473924385869,-88.77473924385869,-88.77473924385869,0,0,0,-521.4558498781,3384.1285426156205,2605.346363365195,2605.346363365195,1558.6389940987383
2025-12-05T00:00:00Z,2605.5745649020955,-1135.7670969528806,-1135.7670969528806,-1135.7670969528806,0,0,0,0,0,0,0,0,0,0,0,0,0,0,0,0,0,0,-1858.1664480641412,-1858.1664480641412,-1858.1664480641412,0,0,0,0,0,0,789.6082492630546,789.6082492630546,789.6082492630546,-67.20889815179382,-67.20889815179382,-67.20889815179382,0,0,0,-564.5145094374622,3428.426922582959,2605.5745649020955,2605.5745649020955,1469.807467949215
2025-12-06T00:00:00Z,2605.8027664389956,-3063.3830789112803,-3063.3830789112803,-3063.3830789112803,0,0,0,0,0,0,0,0,0,0,0,0,0,0,0,0,0,0,-1549.8954082154462,-1549.8954082154462,-1549.8954082154462,0,0,0,0,0,0,-1475.8814904525805,-1475.8814904525805,-1475.8814904525805,-37.60618024325339,-37.60618024325339,-37.60618024325339,0,0,0,-2324.5543262313845,1557.949162943848,2605.8027664389956,2605.8027664389956,-457.58031247228473
2025-12-07T00:00:00Z,2606.030967975896,-3370.0960078310513,-3370.0960078310513,-3370.0960078310513,0,0,0,0,0,0,0,0,0,0,0,0,0,0,0,0,0,0,-1299.3026830009355,-1299.3026830009355,-1299.3026830009355,0,0,0,0,0,0,-2070.641282237721,-2070.641282237721,-2070.641282237721,-0.15204259239488496,-0.15204259239488496,-0.15204259239488496,0,0,0,-2696.3074001366385,1234.2842620341494,2606.030967975896,2606.030967975896,-764.0650398551552
2025-12-08T00:00:00Z,2606.2591695127967,-823.8532139330172,-823.8532139330172,-823.8532139330172,0,0,0,0,0,0,0,0,0,0,0,0,0,0,0,0,0,0,-1285.8669013630526,-1285.8669013630526,-1285.8669013630526,0,0,0,0,0,0,417.2668386408133,417.2668386408133,417.2668386408133,44.74684878922238,44.74684878922238,44.74684878922238,0,0,0,-87.2314781941151,3762.54551785563,2606.2591695127967,2606.2591695127967,1782.4059555797794
2025-12-09T00:00:00Z,2606.4873710496972,-485.16577419660223,-485.16577419660223,-485.16577419660223,0,0,0,0,0,0,0,0,0,0,0,0,0,0,0,0,0,0,-1364.3161642273203,-1364.3161642273203,-1364.3161642273203,0,0,0,0,0,0,782.6848167503827,782.6848167503827,782.6848167503827,96.46557328033563,96.46557328033563,96.46557328033563,0,0,0,144.640222050386,4078.6097615566177,2606.4873710496972,2606.4873710496972,2121.321596853095
2025-12-10T00:00:00Z,2606.7155725865973,-402.233984671529,-402.233984671529,-402.233984671529,0,0,0,0,0,0,0,0,0,0,0,0,0,0,0,0,0,0,-1306.9234442712275,-1306.9234442712275,-1306.9234442712275,0,0,0,0,0,0,750.519590230225,750.519590230225,750.519590230225,154.16986936947336,154.16986936947336,154.16986936947336,0,0,0,325.52271411912653,4143.828913057277,2606.7155725865973,2606.7155725865973,2204.4815879150683
2025-12-11T00:00:00Z,2606.9437741234983,-38.90881021805055,-38.90881021805055,-38.90881021805055,0,0,0,0,0,0,0,0,0,0,0,0,0,0,0,0,0,0,-1062.1829773301995,-1062.1829773301995,-1062.1829773301995,0,0,0,0,0,0,806.443277811836,806.443277811836,806.443277811836,216.83088930031295,216.83088930031295,216.83088930031295,0,0,0,659.5941015554118,4441.120987723125,2606.9437741234983,2606.9437741234983,2568.034963905448
2025-12-12T00:00:00Z,2607.1719756603984,285.9677740284808,285.9677740284808,285.9677740284808,0,0,0,0,0,0,0,0,0,0,0,0,0,0,0,0,0,0,-786.8859899337025,-786.8859899337025,-786.8859899337025,0,0,0,0,0,0,789.6082492632783,789.6082492632783,789.6082492632783,283.2455146989053,283.2455146989053,283.2455146989053,0,0,0,693.087710783466,4758.309407016755,2607.1719756603984,2607.1719756603984,2893.1397496888794
2025-12-13T00:00:00Z,2607.400177197299,-1781.1105261747916,-1781.1105261747916,-1781.1105261747916,0,0,0,0,0,0,0,0,0,0,0,0,0,0,0,0,0,0,-657.2908330164886,-657.2908330164886,-657.2908330164886,0,0,0,0,0,0,-1475.8814904536416,-1475.8814904536416,-1475.8814904536416,352.0617972953388,352.0617972953388,352.0617972953388,0,0,0,-1319.1872567259231,2794.7154272796256,2607.400177197299,2607.400177197299,826.2896510225073
2025-12-14T00:00:00Z,2607.628378734199,-2328.2365803177804,-2328.2365803177804,-2328.2365803177804,0,0,0,0,0,0,0,0,0,0,0,0,0,0,0,0,0,0,-679.4042409030734,-679.4042409030734,-679.4042409030734,0,0,0,0,0,0,-2070.6412822370985,-2070.6412822370985,-2070.6412822370985,421.8089428223918,421.8089428223918,421.8089428223918,0,0,0,-1692.017608894168,2145.5310331005426,2607.628378734199,2607.628378734199,279.3917984164186
2025-12-15T00:00:00Z,2607.8565802710996,212.51824966257888,212.51824966257888,212.51824966257888,0,0,0,0,0,0,0,0,0,0,0,0,0,0,0,0,0,0,-695.6797131567101,-695.6797131567101,-695.6797131567101,0,0,0,0,0,0,417.2668386415452,417.2668386415452,417.2668386415452,490.9311241777437,490.9311241777437,490.9311241777437,0,0,0,818.6792435465612,4827.392095475808,2607.8565802710996,2607.8565802710996,2820.3748299336785
2025-12-16T00:00:00Z,2608.084781808,773.3070723152101,773.3070723152101,773.3070723152101,0,0,0,0,0,0,0,0,0,0,0,0,0,0,0,0,0,0,-567.2020401996941,-567.2020401996941,-567.2020401996941,0,0,0,0,0,0,782.6848167498645,782.6848167498645,782.6848167498645,557.8242957650398,557.8242957650398,557.8242957650398,0,0,0,1275.1662517244868,5249.814390932452,2608.084781808,2608.084781808,3381.39185412321
2025-12-17T00:00:00Z,2608.3129833449007,1043.3381009578243,1043.3381009578243,1043.3381009578243,0,0,0,0,0,0,0,0,0,0,0,0,0,0,0,0,0,0,-328.05657718290644,-328.05657718290644,-328.05657718290644,0,0,0,0,0,0,750.5195902305983,750.5195902305983,750.5195902305983,620.8750879101323,620.8750879101323,620.8750879101323,0,0,0,1723.3342461494026,5587.592532163363,2608.3129833449007,2608.3129833449007,3651.651084302725
2025-12-18T00:00:00Z,2608.5411848818007,1339.1971809019637,1339.1971809019637,1339.1971809019637,0,0,0,0,0,0,0,0,0,0,0,0,0,0,0,0,0,0,-145.7468880358718,-145.7468880358718,-145.7468880358718,0,0,0,0,0,0,806.4432778139812,806.4432778139812,806.4432778139812,678.5007911238544,678.5007911238544,678.5007911238544,0,0,0,2020.5869400683985,5988.561447270771,2608.5411848818007,2608.5411848818007,3947.7383657837645
2025-12-19T00:00:00Z,2608.7693864187017,1386.451725892616,1386.451725892616,1386.451725892616,0,0,0,0,0,0,0,0,0,0,0,0,0,0,0,0,0,0,-132.34592029149977,-132.34592029149977,-132.34592029149977,0,0,0,0,0,0,789.6082492617159,789.6082492617159,789.6082492617159,729.1893969224,729.1893969224,729.1893969224,0,0,0,2167.5809953294897,5983.179334785095,2608.7693864187017,2608.7693864187017,3995.2211123113175
2025-12-20T00:00:00Z,2608.997587955602,-916.8535474677929,-916.8535474677929,-916.8535474677929,0,0,0,0,0,0,0,0,0,0,0,0,0,0,0,0,0,0,-212.51070331441872,-212.51070331441872,-212.51070331441872,0,0,0,0,0,0,-1475.8814904547025,-1475.8814904547025,-1475.8814904547025,771.5386463013282,771.5386463013282,771.5386463013282,0,0,0,-290.27566767469045,3732.0214775600407,2608.997587955602,2608.997587955602,1692.144040487809
2025-12-21T00:00:00Z,2609.2257894925024,-1462.7912883876706,-1462.7912883876706,-1462.7912883876706,0,0,0,0,0,0,0,0,0,0,0,0,0,0,0,0,0,0,-196.44305566453264,-196.44305566453264,-196.44305566453264,0,0,0,0,0,0,-2070.641282241917,-2070.641282241917,-2070.641282241917,804.2930495187791,804.2930495187791,804.2930495187791,0,0,0,-836.5451090920217,3167.1171212422723,2609.2257894925024,2609.2257894925024,1146.4345011048317
2025-12-22T00:00:00Z,2609.4539910294025,1257.4926491881358,1257.4926491881358,1257.4926491881358,0,0,0,0,0,0,0,0,0,0,0,0,0,0,0,0,0,0,13.8479290852155,13.8479290852155,13.8479290852155,0,0,0,0,0,0,417.2668386442986,417.2668386442986,417.2668386442986,826.3778814586217,826.3778814586217,826.3778814586217,0,0,0,1689.0997904520743,5798.685700459955,2609.4539910294025,2609.4539910294025,3866.9466402175385
2025-12-23T00:00:00Z,2609.682192566303,1928.6835827093116,1928.6835827093116,1928.6835827093116,0,0,0,0,0,0,0,0,0,0,0,0,0,0,0,0,0,0,309.0695412813059,309.0695412813059,309.0695412813059,0,0,0,0,0,0,782.6848167497781,782.6848167497781,782.6848167497781,836.9292246782278,836.9292246782278,836.9292246782278,0,0,0,2564.586821071287,6415.590331019765,2609.682192566303,2609.682192566303,4538.365775275614
2025-12-24T00:00:00Z,2609.9103941032035,2076.0943166659267,2076.0943166659267,2076.0943166659267,0,0,0,0,0,0,0,0,0,0,0,0,0,0,0,0,0,0,490.25550075168866,490.25550075168866,490.25550075168866,0,0,0,0,0,0,750.5195902303492,750.5195902303492,750.5195902303492,835.3192256838886,835.3192256838886,835.3192256838886,0,0,0,2709.1361476308543,6767.151550198785,2609.9103941032035,2609.9103941032035,4686.00471076913
2025-12-25T00:00:00Z,2610.138595640104,-1881.9531803911893,-1881.9531803911893,-1881.9531803911893,-4026.297206602625,-4026.297206602625,-4026.297206602625,0,0,0,-4026.297206602625,-4026.297206602625,-4026.297206602625,0,0,0,0,0,0,0,0,0,516.724901707342,516.724901707342,516.724901707342,0,0,0,0,0,0,806.4432778134543,806.4432778134543,806.4432778134543,821.1758466906394,821.1758466906394,821.1758466906394,0,0,0,-1189.8916286356755,2619.417399268937,2610.138595640104,2610.138595640104,728.1854152489148
2025-12-26T00:00:00Z,2610.366797177004,2204.6594799935556,2204.6594799935556,2204.6594799935556,0,0,0,0,0,0,0,0,0,0,0,0,0,0,0,0,0,0,620.6546985754976,620.6546985754976,620.6546985754976,0,0,0,0,0,0,789.6082492683053,789.6082492683053,789.6082492683053,794.3965321497527,794.3965321497527,794.3965321497527,0,0,0,2879.267156175091,6706.327402084252,2610.366797177004,2610.366797177004,4815.02627717056
2025-12-27T00:00:00Z,2610.594998713905,405.68540816503844,405.68540816503844,405.68540816503844,0,0,0,0,0,0,0,0,0,0,0,0,0,0,0,0,0,0,1126.4115355189135,1126.4115355189135,1126.4115355189135,0,0,0,0,0,0,-1475.8814904557632,-1475.8814904557632,-1475.8814904557632,755.1553631018888,755.1553631018888,755.1553631018888,0,0,0,1182.3940576627147,5081.051051304689,2610.594998713905,2610.594998713905,3016.2804068789437
2025-12-28T00:00:00Z,2610.8232002508057,733.3455780147599,733.3455780147599,733.3455780147599,0,0,0,0,0,0,0,0,0,0,0,0,0,0,0,0,0,0,2100.0834213383696,2100.0834213383696,2100.0834213383696,0,0,0,0,0,0,-2070.641282239689,-2070.641282239689,-2070.641282239689,703.9034389160782,703.9034389160782,703.9034389160782,0,0,0,1282.690196108089,5201.96865519929,2610.8232002508057,2610.8232002508057,3344.1687782655654
2025-12-29T00:00:00Z,2611.051401787706,4212.6085107150075,4212.6085107150075,4212.6085107150075,0,0,0,0,0,0,0,0,0,0,0,0,0,0,0,0,0,0,3153.9792712735107,3153.9792712735107,3153.9792712735107,0,0,0,0,0,0,417.2668386450304,417.2668386450304,417.2668386450304,641.3624007964664,641.3624007964664,641.3624007964664,0,0,0,4747.108620659101,8809.199269245075,2611.051401787706,2611.051401787706,6823.659912502713
2025-12-30T00:00:00Z,2611.2796033246063,4983.973339323031,4983.973339323031,4983.973339323031,0,0,0,0,0,0,0,0,0,0,0,0,0,0,0,0,0,0,3632.777332649481,3632.777332649481,3632.777332649481,0,0,0,0,0,0,782.6848167494761,782.6848167494761,782.6848167494761,568.5111899240732,568.5111899240732,568.5111899240732,0,0,0,5564.577667861793,9587.565463073865,2611.2796033246063,2611.2796033246063,7595.252942647638
2025-12-31T00:00:00Z,2611.5078048615064,4315.403314079246,4315.403314079246,4315.403314079246,0,0,0,0,0,0,0,0,0,0,0,0,0,0,0,0,0,0,3078.317413378351,3078.317413378351,3078.317413378351,0,0,0,0,0,0,750.5195902301011,750.5195902301011,750.5195902301011,486.56631047079514,486.56631047079514,486.56631047079514,0,0,0,4976.031022270793,8931.338444585886,2611.5078048615064,2611.5078048615064,6926.911118940752
2026-01-01T00:00:00Z,2611.7360063984074,865.3500334828556,865.3500334828556,865.3500334828556,0,0,0,0,0,0,-1941.2219588157836,-1941.2219588157836,-1941.2219588157836,0,0,0,0,0,0,-1941.2219588157836,-1941.2219588157836,-1941.2219588157836,1603.1726752925358,1603.1726752925358,1603.1726752925358,0,0,0,0,0,0,806.4432778114823,806.4432778114823,806.4432778114823,396.9560391946214,396.9560391946214,396.9560391946214,0,0,0,1569.0558193445088,5517.624431353902,2611.7360063984074,2611.7360063984074,3477.086039881263
2026-01-02T00:00:00Z,2611.9642079353075,943.2445903255422,943.2445903255422,943.2445903255422,0,0,0,0,0,0,0,0,0,0,0,0,0,0,0,0,0,0,-147.652843202709,-147.652843202709,-147.652843202709,0,0,0,0,0,0,789.6082492649565,789.6082492649565,789.6082492649565,301.28918426329443,301.28918426329443,301.28918426329443,0,0,0,1549.9158448691087,5470.138792310517,2611.9642079353075,2611.9642079353075,3555.2087982608496
2026-01-03T00:00:00Z,2612.192409472208,-2705.9169402779166,-2705.9169402779166,-2705.9169402779166,0,0,0,0,0,0,0,0,0,0,0,0,0,0,0,0,0,0,-1431.3545917926115,-1431.3545917926115,-1431.3545917926115,0,0,0,0,0,0,-1475.8814904587064,-1475.8814904587064,-1475.8814904587064,201.31914197340134,201.31914197340134,201.31914197340134,0,0,0,-2080.358891868867,1900.824121170652,2612.192409472208,2612.192409472208,-93.72453080570858
2026-01-04T00:00:00Z,2612.4206110091086,-3864.4203981346045,-3864.4203981346045,-3864.4203981346045,0,0,0,0,0,0,0,0,0,0,0,0,0,0,0,0,0,0,-1892.6832430356483,-1892.6832430356483,-1892.6832430356483,0,0,0,0,0,0,-2070.6412822406724,-2070.6412822406724,-2070.6412822406724,98.90412714171558,98.90412714171558,98.90412714171558,0,0,0,-3190.009338933593,599.4398534984957,2612.4206110091086,2612.4206110091086,-1251.999787125496
2026-01-05T00:00:00Z,2612.648812546009,-1308.8238726418297,-1308.8238726418297,-1308.8238726418297,0,0,0,0,0,0,0,0,0,0,0,0,0,0,0,0,0,0,-1722.055268929903,-1722.055268929903,-1722.055268929903,0,0,0,0,0,0,417.2668386374323,417.2668386374323,417.2668386374323,-4.035442349359296,-4.035442349359296,-4.035442349359296,0,0,0,-700.6104328489358,3184.792686001987,2612.648812546009,2612.648812546009,1303.8249399041795
2026-01-06T00:00:00Z,2612.8770140829092,-720.128560876142,-720.128560876142,-720.128560876142,0,0,0,0,0,0,0,0,0,0,0,0,0,0,0,0,0,0,-1397.252030633656,-1397.252030633656,-1397.252030633656,0,0,0,0,0,0,782.6848167505673,782.6848167505673,782.6848167505673,-105.56134699305382,-105.56134699305382,-105.56134699305382,0,0,0,-261.02198658773216,3909.9663370402045,2612.8770140829092,2612.8770140829092,1892.7484532067672
2026-01-07T00:00:00Z,2613.1052156198098,-719.6093258512709,-719.6093258512709,-719.6093258512709,0,0,0,0,0,0,0,0,0,0,0,0,0,0,0,0,0,0,-1266.3662747071683,-1266.3662747071683,-1266.3662747071683,0,0,0,0,0,0,750.5195902298523,750.5195902298523,750.5195902298523,-203.76264137395538,-203.76264137395538,-203.76264137395538,0,0,0,-117.95277264215156,3869.2349761303776,2613.1052156198098,2613.1052156198098,1893.4958897685387
2026-01-08T00:00:00Z,2613.33341715671,-820.0040652535529,-820.0040652535529,-820.0040652535529,0,0,0,0,0,0,0,0,0,0,0,0,0,0,0,0,0,0,-1329.647073394514,-1329.647073394514,-1329.647073394514,0,0,0,0,0,0,806.4432778122913,806.4432778122913,806.4432778122913,-296.8002696713298,-296.8002696713298,-296.8002696713298,0,0,0,-229.38589312203513,3731.260334663358,2613.33341715671,2613.33341715671,1793.329351903157
2026-01-09T00:00:00Z,2613.561618693611,-955.0778482046921,-955.0778482046921,-955.0778482046921,0,0,0,0,0,0,0,0,0,0,0,0,0,0,0,0,0,0,-1361.7360040624435,-1361.7360040624435,-1361.7360040624435,0,0,0,0,0,0,789.6082492651802,789.6082492651802,789.6082492651802,-382.9500934074289,-382.9500934074289,-382.9500934074289,0,0,0,-511.89066562450984,3522.0010970541825,2613.561618693611,2613.561618693611,1658.4837704889187
2026-01-10T00:00:00Z,2613.789820230511,-3138.033993818906,-3138.033993818906,-3138.033993818906,0,0,0,0,0,0,0,0,0,0,0,0,0,0,0,0,0,0,-1201.5092628121702,-1201.5092628121702,-1201.5092628121702,0,0,0,0,0,0,-1475.881490459767,-1475.881490459767,-1475.881490459767,-460.643240546968,-460.643240546968,-460.643240546968,0,0,0,-2640.7510242867497,1547.9275019263528,2613.789820230511,2613.789820230511,-524.2441735883949
2026-01-11T00:00:00Z,2614.0180217674115,-3514.0655320389983,-3514.0655320389983,-3514.0655320389983,0,0,0,0,0,0,0,0,0,0,0,0,0,0,0,0,0,0,-914.9214993291138,-914.9214993291138,-914.9214993291138,0,0,0,0,0,0,-2070.6412822384445,-2070.6412822384445,-2070.6412822384445,-528.5027504714403,-528.5027504714403,-528.5027504714403,0,0,0,-3053.4263640473873,1163.2113557272937,2614.0180217674115,2614.0180217674115,-900.0475102715868
2026-01-12T00:00:00Z,2614.246223304312,-866.5104176241496,-866.5104176241496,-866.5104176241496,0,0,0,0,0,0,0,0,0,0,0,0,0,0,0,0,0,0,-698.4016743777661,-698.4016743777661,-698.4016743777661,0,0,0,0,0,0,417.26683863917475,417.26683863917475,417.26683863917475,-585.3755818855584,-585.3755818855584,-585.3755818855584,0,0,0,-186.19755013101556,3833.0568711620544,2614.246223304312,2614.246223304312,1747.7358056801625
2026-01-13T00:00:00Z,2614.4744248412126,-504.7474729107884,-504.7474729107884,-504.7474729107884,0,0,0,0,0,0,0,0,0,0,0,0,0,0,0,0,0,0,-657.073121684148,-657.073121684148,-657.073121684148,0,0,0,0,0,0,782.6848167502653,782.6848167502653,782.6848167502653,-630.3591679769055,-630.3591679769055,-630.3591679769055,0,0,0,98.06474610030527,3995.3516992942496,2614.4744248412126,2614.4744248412126,2109.726951930424
2026-01-14T00:00:00Z,2614.7026263781127,-612.218229744794,-612.218229744794,-612.218229744794,0,0,0,0,0,0,0,0,0,0,0,0,0,0,0,0,0,0,-699.9159779304465,-699.9159779304465,-699.9159779304465,0,0,0,0,0,0,750.5195902302255,750.5195902302255,750.5195902302255,-662.8218420445728,-662.8218420445728,-662.8218420445728,0,0,0,75.22799450857707,4023.915105817142,2614.7026263781127,2614.7026263781127,2002.4843966333187
2026-01-15T00:00:00Z,2614.930827915013,-528.0674249147684,-528.0674249147684,-528.0674249147684,0,0,0,0,0,0,0,0,0,0,0,0,0,0,0,0,0,0,-652.0940890224631,-652.0940890224631,-652.0940890224631,0,0,0,0,0,0,806.4432778131006,806.4432778131006,806.4432778131006,-682.4166137054052,-682.4166137054052,-682.4166137054052,0,0,0,7.96711908033336,3961.0699869276714,2614.930827915013,2614.930827915013,2086.863403000245
2026-01-16T00:00:00Z,2615.1590294519133,-351.6860025228246,-351.6860025228246,-351.6860025228246,0,0,0,0,0,0,0,0,0,0,0,0,0,0,0,0,0,0,-452.2063052795536,-452.2063052795536,-452.2063052795536,0,0,0,0,0,0,789.6082492654041,789.6082492654041,789.6082492654041,-689.087946508675,-689.087946508675,-689.087946508675,0,0,0,165.11399826616923,4254.659246310247,2615.1590294519133,2615.1590294519133,2263.4730269290885
2026-01-17T00:00:00Z,2615.3872309888143,-2378.0673226274985,-2378.0673226274985,-2378.0673226274985,0,0,0,0,0,0,0,0,0,0,0,0,0,0,0,0,0,0,-219.11446434666772,-219.11446434666772,-219.11446434666772,0,0,0,0,0,0,-1475.8814904526257,-1475.8814904526257,-1475.8814904526257,-683.0713678282053,-683.0713678282053,-683.0713678282053,0,0,0,-1869.9084490766143,2209.561584106951,2615.3872309888143,2615.3872309888143,237.3199083613158
2026-01-18T00:00:00Z,2615.6154325257144,-2853.544553685648,-2853.544553685648,-2853.544553685648,0,0,0,0,0,0,0,0,0,0,0,0,0,0,0,0,0,0,-118.01734497419476,-118.01734497419476,-118.01734497419476,0,0,0,0,0,0,-2070.641282237822,-2070.641282237822,-2070.641282237822,-664.8859264736312,-664.8859264736312,-664.8859264736312,0,0,0,-2281.7215851883384,1736.802876720554,2615.6154325257144,2615.6154325257144,-237.92912115993386
2026-01-19T00:00:00Z,2615.843634062615,-390.22515575908363,-390.22515575908363,-390.22515575908363,0,0,0,0,0,0,0,0,0,0,0,0,0,0,0,0,0,0,-172.17229673866188,-172.17229673866188,-172.17229673866188,0,0,0,0,0,0,417.26683864091746,417.26683864091746,417.26683864091746,-635.3196976613392,-635.3196976613392,-635.3196976613392,0,0,0,84.79234893628579,4265.3189090652595,2615.843634062615,2615.843634062615,2225.6184783035314
2026-01-20T00:00:00Z,2616.0718355995155,-39.873595273752414,-39.873595273752414,-39.873595273752414,0,0,0,0,0,0,0,0,0,0,0,0,0,0,0,0,0,0,-227.1496980983087,-227.1496980983087,-227.1496980983087,0,0,0,0,0,0,782.6848167501793,782.6848167501793,782.6848167501793,-595.4087139256226,-595.4087139256226,-595.4087139256226,0,0,0,533.3958513791533,4405.455150822037,2616.0718355995155,2616.0718355995155,2576.198240325763
2026-01-21T00:00:00Z,2616.300037136416,90.71422211024739,90.71422211024739,90.71422211024739,0,0,0,0,0,0,0,0,0,0,0,0,0,0,0,0,0,0,-113.39549864705138,-113.39549864705138,-113.39549864705138,0,0,0,0,0,0,750.5195902293552,750.5195902293552,750.5195902293552,-546.4098694720564,-546.4098694720564,-546.4098694720564,0,0,0,716.6641312919487,4727.486010557005,2616.300037136416,2616.300037136416,2707.014259246663
2026-01-22T00:00:00Z,2616.528238673316,480.71556637680266,480.71556637680266,480.71556637680266,0,0,0,0,0,0,0,0,0,0,0,0,0,0,0,0,0,0,164.04078846861282,164.04078846861282,164.04078846861282,0,0,0,0,0,0,806.4432778097924,806.4432778097924,806.4432778097924,-489.7684999016026,-489.7684999016026,-489.7684999016026,0,0,0,1187.548553456006,5072.483007674861,2616.528238673316,2616.528238673316,3097.2438050501187
2026-01-23T00:00:00Z,2616.7564402102166,785.346476238748,785.346476238748,785.346476238748,0,0,0,0,0,0,0,0,0,0,0,0,0,0,0,0,0,0,422.8197020570667,422.8197020570667,422.8197020570667,0,0,0,0,0,0,789.6082492620556,789.6082492620556,789.6082492620556,-427.08147508037416,-427.08147508037416,-427.08147508037416,0,0,0,1440.5619215262539,5400.971980590232,2616.7564402102166,2616.7564402102166,3402.1029164489646
2026-01-24T00:00:00Z,2616.984641747117,-1321.8716174214624,-1321.8716174214624,-1321.8716174214624,0,0,0,0,0,0,0,0,0,0,0,0,0,0,0,0,0,0,514.0666296319737,514.0666296319737,514.0666296319737,0,0,0,0,0,0,-1475.8814904536866,-1475.8814904536866,-1475.8814904536866,-360.0567565997496,-360.0567565997496,-360.0567565997496,0,0,0,-579.2279955679874,3333.513707224309,2616.984641747117,2616.984641747117,1295.1130243256548
2026-01-25T00:00:00Z,2617.2128432840177,-1824.2102212678687,-1824.2102212678687,-1824.2102212678687,0,0,0,0,0,0,0,0,0,0,0,0,0,0,0,0,0,0,536.9015207734114,536.9015207734114,536.9015207734114,0,0,0,0,0,0,-2070.6412822371994,-2070.6412822371994,-2070.6412822371994,-290.4704598040809,-290.4704598040809,-290.4704598040809,0,0,0,-1214.2664789463229,2804.171706859611,2617.2128432840177,2617.2128432840177,793.002622016149
2026-01-26T00:00:00Z,2617.441044820918,1006.3812265122098,1006.3812265122098,1006.3812265122098,0,0,0,0,0,0,0,0,0,0,0,0,0,0,0,0,0,0,809.2369092910229,809.2369092910229,809.2369092910229,0,0,0,0,0,0,417.26683864266,417.26683864266,417.26683864266,-220.12252142147318,-220.12252142147318,-220.12252142147318,0,0,0,1700.592734346905,5579.311735699165,2617.441044820918,2617.441044820918,3623.8222713331274
2026-01-27T00:00:00Z,2617.6692463578183,2200.41299311609,2200.41299311609,2200.41299311609,0,0,0,0,0,0,0,0,0,0,0,0,0,0,0,0,0,0,1568.5202822591425,1568.5202822591425,1568.5202822591425,0,0,0,0,0,0,782.6848167496607,782.6848167496607,782.6848167496607,-150.79210589271295,-150.79210589271295,-150.79210589271295,0,0,0,2837.835326587746,6752.190808418363,2617.6692463578183,2617.6692463578183,4818.082239473908
2026-01-28T00:00:00Z,2617.8974478947193,3322.852154410392,3322.852154410392,3322.852154410392,0,0,0,0,0,0,0,0,0,0,0,0,0,0,0,0,0,0,2656.5264499226655,2656.5264499226655,2656.5264499226655,0,0,0,0,0,0,750.5195902303179,750.5195902303179,750.5195902303179,-84.19388574259048,-84.19388574259048,-84.19388574259048,0,0,0,3878.8510355943904,7940.440749873981,2617.8974478947193,2617.8974478947193,5940.749602305112
2026-01-29T00:00:00Z,2618.1256494316194,4288.889023843821,4288.889023843821,4288.889023843821,0,0,0,0,0,0,0,0,0,0,0,0,0,0,0,0,0,0,3504.382049853741,3504.382049853741,3504.382049853741,0,0,0,0,0,0,806.4432778106016,806.4432778106016,806.4432778106016,-21.93630382052049,-21.93630382052049,-21.93630382052049,0,0,0,4842.393548401917,8895.524866578771,2618.1256494316194,2618.1256494316194,6907.01467327544
2026-01-30T00:00:00Z,2618.35385096852,4317.139834005502,4317.139834005502,4317.139834005502,0,0,0,0,0,0,0,0,0,0,0,0,0,0,0,0,0,0,3493.0144535154977,3493.0144535154977,3493.0144535154977,0,0,0,0,0,0,789.6082492622793,789.6082492622793,789.6082492622793,34.51713122772571,34.51713122772571,34.51713122772571,0,0,0,4923.350824443088,8979.59113512702,2618.35385096852,2618.35385096852,6935.4936849740225
2026-01-31T00:00:00Z,2618.58205250542,1032.237346125359,1032.237346125359,1032.237346125359,0,0,0,0,0,0,0,0,0,0,0,0,0,0,0,0,0,0,2424.2362878652093,2424.2362878652093,2424.2362878652093,0,0,0,0,0,0,-1475.8814904566298,-1475.8814904566298,-1475.8814904566298,83.88254871677914,83.88254871677914,83.88254871677914,0,0,0,1646.8031477243119,5532.88397723668,2618.58205250542,2618.58205250542,3650.819398630779
2026-02-01T00:00:00Z,2618.810254042321,-3175.2273748202024,-3175.2273748202024,-3175.2273748202024,0,0,0,0,0,0,-1941.2219588157836,-1941.2219588157836,-1941.2219588157836,0,0,0,0,0,0,-1941.2219588157836,-1941.2219588157836,-1941.2219588157836,711.5503060326628,711.5503060326628,711.5503060326628,0,0,0,0,0,0,-2070.641282236577,-2070.641282236577,-2070.641282236577,125.08556019949582,125.08556019949582,125.08556019949582,0,0,0,-2432.135169227165,1479.6052460317733,2618.810254042321,2618.810254042321,-556.4171207778813
2026-02-02T00:00:00Z,2619.038455579221,-2249.944745273365,-2249.944745273365,-2249.944745273365,0,0,0,0,0,0,-1941.2219588157836,-1941.2219588157836,-1941.2219588157836,0,0,0,0,0,0,-1941.2219588157836,-1941.2219588157836,-1941.2219588157836,-883.2751415208717,-883.2751415208717,-883.2751415208717,0,0,0,0,0,0,417.26683863506196,417.26683863506196,417.26683863506196,157.28551642822828,157.28551642822828,157.28551642822828,0,0,0,-1563.8695684760942,2412.861326451771,2619.038455579221,2619.038455579221,369.09371030585635
2026-02-03T00:00:00Z,2619.2666571161217,-2743.0194514257496,-2743.0194514257496,-2743.0194514257496,0,0,0,0,0,0,-1941.2219588157836,-1941.2219588157836,-1941.2219588157836,0,0,0,0,0,0,-1941.2219588157836,-1941.2219588157836,-1941.2219588157836,-1764.37590783636,-1764.37590783636,-1764.37590783636,0,0,0,0,0,0,782.6848167495748,782.6848167495748,782.6848167495748,179.89359847681905,179.89359847681905,179.89359847681905,0,0,0,-2170.6736389688804,1954.903071334937,2619.2666571161217,2619.2666571161217,-123.75279430962792
2026-02-04T00:00:00Z,2619.4948586530218,-915.0625296201092,-915.0625296201092,-915.0625296201092,0,0,0,0,0,0,0,0,0,0,0,0,0,0,0,0,0,0,-1858.1664480634483,-1858.1664480634483,-1858.1664480634483,0,0,0,0,0,0,750.5195902300693,750.5195902300693,750.5195902300693,192.5843282132698,192.5843282132698,192.5843282132698,0,0,0,-184.4069763013478,3638.968760135164,2619.4948586530218,2619.4948586530218,1704.4323290329125
2026-02-05T00:00:00Z,2619.7230601899228,-548.1518734055272,-548.1518734055272,-548.1518734055272,0,0,0,0,0,0,0,0,0,0,0,0,0,0,0,0,0,0,-1549.8954082153534,-1549.8954082153534,-1549.8954082153534,0,0,0,0,0,0,806.4432778114108,806.4432778114108,806.4432778114108,195.30025699841593,195.30025699841593,195.30025699841593,0,0,0,96.49848138263077,3930.5958941225967,2619.7230601899228,2619.7230601899228,2071.5711867843956
2026-02-06T00:00:00Z,2619.951261726823,-321.4446632810228,-321.4446632810228,-321.4446632810228,0,0,0,0,0,0,0,0,0,0,0,0,0,0,0,0,0,0,-1299.3026830004567,-1299.3026830004567,-1299.3026830004567,0,0,0,0,0,0,789.6082492607168,789.6082492607168,789.6082492607168,188.2497704587172,188.2497704587172,188.2497704587172,0,0,0,304.2703406532475,4195.668915475851,2619.951261726823,2619.951261726823,2298.5065984458
2026-02-07T00:00:00Z,2620.1794632637234,-2589.850265157258,-2589.850265157258,-2589.850265157258,0,0,0,0,0,0,0,0,0,0,0,0,0,0,0,0,0,0,-1285.866901362921,-1285.866901362921,-1285.866901362921,0,0,0,0,0,0,-1475.8814904558085,-1475.8814904558085,-1475.8814904558085,171.8981266614715,171.8981266614715,171.8981266614715,0,0,0,-1868.0422502217516,2109.2921253665295,2620.1794632637234,2620.1794632637234,30.329198106465356
2026-02-08T00:00:00Z,2620.4076648006235,-3288.005426253916,-3288.005426253916,-3288.005426253916,0,0,0,0,0,0,0,0,0,0,0,0,0,0,0,0,0,0,-1364.316164228022,-1364.316164228022,-1364.316164228022,0,0,0,0,0,0,-2070.6412822397892,-2070.6412822397892,-2070.6412822397892,146.95202021389605,146.95202021389605,146.95202021389605,0,0,0,-2622.138039337152,1375.3307620488272,2620.4076648006235,2620.4076648006235,-667.5977614532926
2026-02-09T00:00:00Z,2620.635866337524,-775.3184745626712,-775.3184745626712,-775.3184745626712,0,0,0,0,0,0,0,0,0,0,0,0,0,0,0,0,0,0,-1306.9234442711772,-1306.9234442711772,-1306.9234442711772,0,0,0,0,0,0,417.26683863781534,417.26683863781534,417.26683863781534,114.338131070691,114.338131070691,114.338131070691,0,0,0,-194.38895753060257,3774.667509683066,2620.635866337524,2620.635866337524,1845.3173917748527
2026-02-10T00:00:00Z,2620.8640678744246,-204.32189077339277,-204.32189077339277,-204.32189077339277,0,0,0,0,0,0,0,0,0,0,0,0,0,0,0,0,0,0,-1062.1829773279496,-1062.1829773279496,-1062.1829773279496,0,0,0,0,0,0,782.6848167494885,782.6848167494885,782.6848167494885,75.17626980506805,75.17626980506805,75.17626980506805,0,0,0,470.36395369127445,4379.020136348824,2620.8640678744246,2620.8640678744246,2416.542177101032
2026-02-11T00:00:00Z,2621.092269411325,-5.618532941376823,-5.618532941376823,-5.618532941376823,0,0,0,0,0,0,0,0,0,0,0,0,0,0,0,0,0,0,-786.8859899325689,-786.8859899325689,-786.8859899325689,0,0,0,0,0,0,750.5195902298206,750.5195902298206,750.5195902298206,30.747866761371125,30.747866761371125,30.747866761371125,0,0,0,661.6027142679732,4689.528177495665,2621.092269411325,2621.092269411325,2615.473736469948
2026-02-12T00:00:00Z,2621.320470948225,131.61311218191705,131.61311218191705,131.61311218191705,0,0,0,0,0,0,0,0,0,0,0,0,0,0,0,0,0,0,-657.2908330152173,-657.2908330152173,-657.2908330152173,0,0,0,0,0,0,806.4432778122199,806.4432778122199,806.4432778122199,-17.5393326150854,-17.5393326150854,-17.5393326150854,0,0,0,757.6752644922848,4709.30106044964,2621.320470948225,2621.320470948225,2752.9335831301423
2026-02-13T00:00:00Z,2621.548672485126,42.01459554244176,42.01459554244176,42.01459554244176,0,0,0,0,0,0,0,0,0,0,0,0,0,0,0,0,0,0,-679.4042409040926,-679.4042409040926,-679.4042409040926,0,0,0,0,0,0,789.6082492655199,789.6082492655199,789.6082492655199,-68.18941281898546,-68.18941281898546,-68.18941281898546,0,0,0,588.0266376698208,4630.787314856166,2621.548672485126,2621.548672485126,2663.563268027568
2026-02-14T00:00:00Z,2621.7768740220263,-2291.219458669295,-2291.219458669295,-2291.219458669295,0,0,0,0,0,0,0,0,0,0,0,0,0,0,0,0,0,0,-695.679713156472,-695.679713156472,-695.679713156472,0,0,0,0,0,0,-1475.8814904587514,-1475.8814904587514,-1475.8814904587514,-119.65825505407213,-119.65825505407213,-119.65825505407213,0,0,0,-1729.7084073843391,2226.0790430657767,2621.7768740220263,2621.7768740220263,330.55741535273137
2026-02-15T00:00:00Z,2622.005075558927,-2808.237591858466,-2808.237591858466,-2808.237591858466,0,0,0,0,0,0,0,0,0,0,0,0,0,0,0,0,0,0,-567.2020401994522,-567.2020401994522,-567.2020401994522,0,0,0,0,0,0,-2070.6412822391676,-2070.6412822391676,-2070.6412822391676,-170.39426941984627,-170.39426941984627,-170.39426941984627,0,0,0,-2219.619470066648,1842.6743986872175,2622.005075558927,2622.005075558927,-186.23251629953938
2026-02-16T00:00:00Z,2622.233277095827,-129.66856537352626,-129.66856537352626,-129.66856537352626,0,0,0,0,0,0,0,0,0,0,0,0,0,0,0,0,0,0,-328.0565771829132,-328.0565771829132,-328.0565771829132,0,0,0,0,0,0,417.266838638547,417.266838638547,417.266838638547,-218.87882682915998,-218.87882682915998,-218.87882682915998,0,0,0,427.0735452676521,4428.837483570168,2622.233277095827,2622.233277095827,2492.5647117223007
2026-02-17T00:00:00Z,2622.461478632728,-2081.482717788063,-2081.482717788063,-2081.482717788063,0,0,0,-2454.7553025844145,-2454.7553025844145,-2454.7553025844145,-2454.7553025844145,-2454.7553025844145,-2454.7553025844145,0,0,0,0,0,0,0,0,0,-145.74688803652523,-145.74688803652523,-145.74688803652523,0,0,0,0,0,0,782.6848167491862,782.6848167491862,782.6848167491862,-263.6653439163096,-263.6653439163096,-263.6653439163096,0,0,0,-1386.5527267093912,2529.665158255629,2622.461478632728,2622.461478632728,540.978760844665
2026-02-18T00:00:00Z,2622.689680169628,-2139.9976533603494,-2139.9976533603494,-2139.9976533603494,0,0,0,-2454.7553025844145,-2454.7553025844145,-2454.7553025844145,-2454.7553025844145,-2454.7553025844145,-2454.7553025844145,0,0,0,0,0,0,0,0,0,-132.34592029123687,-132.34592029123687,-132.34592029123687,0,0,0,0,0,0,750.5195902295723,750.5195902295723,750.5195902295723,-303.4160207142703,-303.4160207142703,-303.4160207142703,0,0,0,-1413.9316113016168,2325.4398840729655,2622.689680169628,2622.689680169628,482.69202680927856
2026-02-19T00:00:00Z,2622.9178817065285,256.9972710367031,256.9972710367031,256.9972710367031,0,0,0,0,0,0,0,0,0,0,0,0,0,0,0,0,0,0,-212.5107033148947,-212.5107033148947,-212.5107033148947,0,0,0,0,0,0,806.4432778116927,806.4432778116927,806.4432778116927,-336.9353034600949,-336.9353034600949,-336.9353034600949,0,0,0,815.1020895690068,4910.271864320374,2622.9178817065285,2622.9178817065285,2879.915152743232
2026-02-20T00:00:00Z,2623.1460832434286,229.96595221444878,229.96595221444878,229.96595221444878,0,0,0,0,0,0,0,0,0,0,0,0,0,0,0,0,0,0,-196.44305566628552,-196.44305566628552,-196.44305566628552,0,0,0,0,0,0,789.6082492639576,789.6082492639576,789.6082492639576,-363.1992413832233,-363.1992413832233,-363.1992413832233,0,0,0,972.3380546158589,4988.405639057468,2623.1460832434286,2623.1460832434286,2853.1120354578775
2026-02-21T00:00:00Z,2623.3742847803296,-1843.4135852642178,-1843.4135852642178,-1843.4135852642178,0,0,0,0,0,0,0,0,0,0,0,0,0,0,0,0,0,0,13.847929084638102,13.847929084638102,13.847929084638102,0,0,0,0,0,0,-1475.8814904616947,-1475.8814904616947,-1475.8814904616947,-381.38002388716143,-381.38002388716143,-381.38002388716143,0,0,0,-1146.4145190928443,2983.775878881794,2623.3742847803296,2623.3742847803296,779.9606995161118
2026-02-22T00:00:00Z,2623.6024863172297,-2152.4368607807196,-2152.4368607807196,-2152.4368607807196,0,0,0,0,0,0,0,0,0,0,0,0,0,0,0,0,0,0,309.0695412815463,309.0695412815463,309.0695412815463,0,0,0,0,0,0,-2070.6412822385455,-2070.6412822385455,-2070.6412822385455,-390.8651198237211,-390.8651198237211,-390.8651198237211,0,0,0,-1420.448999009335,2450.1935986884923,2623.6024863172297,2623.6024863172297,471.1656255365101
2026-02-23T00:00:00Z,2623.8306878541302,516.2517496434318,516.2517496434318,516.2517496434318,0,0,0,0,0,0,0,0,0,0,0,0,0,0,0,0,0,0,490.25550075183793,490.25550075183793,490.25550075183793,0,0,0,0,0,0,417.26683864028956,417.26683864028956,417.26683864028956,-391.27058974869567,-391.27058974869567,-391.27058974869567,0,0,0,1146.4849375275385,5149.282858025959,2623.8306878541302,2623.8306878541302,3140.082437497562
2026-02-24T00:00:00Z,2624.0588893910303,916.9614174680192,916.9614174680192,916.9614174680192,0,0,0,0,0,0,0,0,0,0,0,0,0,0,0,0,0,0,516.72490170699,516.72490170699,516.72490170699,0,0,0,0,0,0,782.6848167502777,782.6848167502777,782.6848167502777,-382.4483009892485,-382.4483009892485,-382.4483009892485,0,0,0,1493.689247302714,5575.483949425144,2624.0588893910303,2624.0588893910303,3541.0203068590495
2026-02-25T00:00:00Z,2624.2870909279313,1006.6873491351054,1006.6873491351054,1006.6873491351054,0,0,0,0,0,0,0,0,0,0,0,0,0,0,0,0,0,0,620.6546985742798,620.6546985742798,620.6546985742798,0,0,0,0,0,0,750.519590230535,750.519590230535,750.519590230535,-364.4869396697096,-364.4869396697096,-364.4869396697096,0,0,0,1819.5085557636253,5652.940942307513,2624.2870909279313,2624.2870909279313,3630.9744400630366
2026-02-26T00:00:00Z,2624.5152924648314,1595.1479342895177,1595.1479342895177,1595.1479342895177,0,0,0,0,0,0,0,0,0,0,0,0,0,0,0,0,0,0,1126.4115355190381,1126.4115355190381,1126.4115355190381,0,0,0,0,0,0,806.443277813838,806.443277813838,806.443277813838,-337.7068790433587,-337.7068790433587,-337.7068790433587,0,0,0,2248.2322691822515,6245.873187323728,2624.5152924648314,2624.5152924648314,4219.663226754349
2026-02-27T00:00:00Z,2624.743494001732,2587.0425455067666,2587.0425455067666,2587.0425455067666,0,0,0,0,0,0,0,0,0,0,0,0,0,0,0,0,0,0,2100.0834213365674,2100.0834213365674,2100.0834213365674,0,0,0,0,0,0,789.6082492641814,789.6082492641814,789.6082492641814,-302.6491250939823,-302.6491250939823,-302.6491250939823,0,0,0,3272.6912639330385,7241.66393114415,2624.743494001732,2624.743494001732,5211.786039508499
2026-02-28T00:00:00Z,2624.971695538632,1418.0390667212232,1418.0390667212232,1418.0390667212232,0,0,0,0,0,0,0,0,0,0,0,0,0,0,0,0,0,0,3153.979271275185,3153.979271275185,3153.979271275185,0,0,0,0,0,0,-1475.8814904608732,-1475.8814904608732,-1475.8814904608732,-260.0587140930876,-260.0587140930876,-260.0587140930876,0,0,0,2115.174854620532,5979.035799556271,2624.971695538632,2624.971695538632,4043.0107622598553
2026-03-01T00:00:00Z,2625.199897075533,1351.272971859811,1351.272971859811,1351.272971859811,0,0,0,0,0,0,0,0,0,0,0,0,0,0,0,0,0,0,3632.777332649621,3632.777332649621,3632.777332649621,0,0,0,0,0,0,-2070.641282243363,-2070.641282243363,-2070.641282243363,-210.86307854644753,-210.86307854644753,-210.86307854644753,0,0,0,1955.9603037863449,5987.106326146881,2625.199897075533,2625.199897075533,3976.472868935344
2026-03-02T00:00:00Z,2625.428098612433,3339.438227965334,3339.438227965334,3339.438227965334,0,0,0,0,0,0,0,0,0,0,0,0,0,0,0,0,0,0,3078.3174133763982,3078.3174133763982,3078.3174133763982,0,0,0,0,0,0,417.26683864203216,417.26683864203216,417.26683864203216,-156.1460240530978,-156.1460240530978,-156.1460240530978,0,0,0,4233.808416513062,7945.69987720875,2625.428098612433,2625.428098612433,5964.866326577767
2026-03-03T00:00:00Z,2625.6563001493337,2288.7394252391928,2288.7394252391928,2288.7394252391928,0,0,0,0,0,0,0,0,0,0,0,0,0,0,0,0,0,0,1603.1726752949805,1603.1726752949805,1603.1726752949805,0,0,0,0,0,0,782.6848167499754,782.6848167499754,782.6848167499754,-97.11806680576298,-97.11806680576298,-97.11806680576298,0,0,0,2833.289647007662,6762.7686637648085,2625.6563001493337,2625.6563001493337,4914.395725388526
2026-03-04T00:00:00Z,2625.884501686234,567.7827799349301,567.7827799349301,567.7827799349301,0,0,0,0,0,0,0,0,0,0,0,0,0,0,0,0,0,0,-147.65284320033075,-147.65284320033075,-147.65284320033075,0,0,0,0,0,0,750.519590230908,750.519590230908,750.519590230908,-35.08396709564703,-35.08396709564703,-35.08396709564703,0,0,0,1311.6214641361453,5288.252690525396,2625.884501686234,2625.884501686234,3193.6672816211644
2026-03-05T00:00:00Z,2626.1127032231348,-596.3196701908995,-596.3196701908995,-596.3196701908995,0,0,0,0,0,0,0,0,0,0,0,0,0,0,0,0,0,0,-1431.3545917935696,-1431.3545917935696,-1431.3545917935696,0,0,0,0,0,0,806.443277813311,806.443277813311,806.443277813311,28.591643789359427,28.591643789359427,28.591643789359427,0,0,0,-112.63541784725543,4079.242577005029,2626.1127032231348,2626.1127032231348,2029.7930330322351
2026-03-06T00:00:00Z,2626.3409047600353,-1010.5553849008717,-1010.5553849008717,-1010.5553849008717,0,0,0,0,0,0,0,0,0,0,0,0,0,0,0,0,0,0,-1892.6832430361278,-1892.6832430361278,-1892.6832430361278,0,0,0,0,0,0,789.6082492626189,789.6082492626189,789.6082492626189,92.51960887263733,92.51960887263733,92.51960887263733,0,0,0,-403.72745179290513,3507.276527901796,2626.3409047600353,2626.3409047600353,1615.7855198591637
2026-03-07T00:00:00Z,2626.5691062969354,-4983.8371009340435,-4983.8371009340435,-4983.8371009340435,0,0,0,0,0,0,-1941.2219588157836,-1941.2219588157836,-1941.2219588157836,0,0,0,0,0,0,-1941.2219588157836,-1941.2219588157836,-1941.2219588157836,-1722.0552689301037,-1722.0552689301037,-1722.0552689301037,0,0,0,0,0,0,-1475.8814904556139,-1475.8814904556139,-1475.8814904556139,155.32161726745892,155.32161726745892,155.32161726745892,0,0,0,-4352.169362092791,-452.52081621161034,2626.5691062969354,2626.5691062969354,-2357.267994637108
2026-03-08T00:00:00Z,2626.797307833836,-3252.2286418479603,-3252.2286418479603,-3252.2286418479603,0,0,0,0,0,0,0,0,0,0,0,0,0,0,0,0,0,0,-1397.2520306317235,-1397.2520306317235,-1397.2520306317235,0,0,0,0,0,0,-2070.6412822411353,-2070.6412822411353,-2070.6412822411353,215.66467102489813,215.66467102489813,215.66467102489813,0,0,0,-2614.280255741145,1278.25407451579,2626.797307833836,2626.797307833836,-625.4313340141243
2026-03-09T00:00:00Z,2627.0255093707365,-576.8056811642465,-576.8056811642465,-576.8056811642465,0,0,0,0,0,0,0,0,0,0,0,0,0,0,0,0,0,0,-1266.3662747068977,-1266.3662747068977,-1266.3662747068977,0,0,0,0,0,0,417.2668386437749,417.2668386437749,417.2668386437749,272.2937548988767,272.2937548988767,272.2937548988767,0,0,0,77.18416206640866,4059.2022876199685,2627.0255093707365,2627.0255093707365,2050.21982820649
2026-03-10T00:00:00Z,2627.253710907637,-222.90037699497745,-222.90037699497745,-222.90037699497745,0,0,0,0,0,0,0,0,0,0,0,0,0,0,0,0,0,0,-1329.647073393735,-1329.647073393735,-1329.647073393735,0,0,0,0,0,0,782.6848167498894,782.6848167498894,782.6848167498894,324.0618796488681,324.0618796488681,324.0618796488681,0,0,0,381.9790300988669,4274.557400778146,2627.253710907637,2627.253710907637,2404.3533339126598
2026-03-11T00:00:00Z,2627.481912444537,-241.2596600945365,-241.2596600945365,-241.2596600945365,0,0,0,0,0,0,0,0,0,0,0,0,0,0,0,0,0,0,-1361.7360040618414,-1361.7360040618414,-1361.7360040618414,0,0,0,0,0,0,750.5195902300377,750.5195902300377,750.5195902300377,369.95675373726675,369.95675373726675,369.95675373726675,0,0,0,337.26099475632293,4475.205562144642,2627.481912444537,2627.481912444537,2386.2222523500004
2026-03-12T00:00:00Z,2627.7101139814376,14.05745639804218,14.05745639804218,14.05745639804218,0,0,0,0,0,0,0,0,0,0,0,0,0,0,0,0,0,0,-1201.509262810459,-1201.509262810459,-1201.509262810459,0,0,0,0,0,0,806.4432778113392,806.4432778113392,806.4432778113392,409.1234413971622,409.1234413971622,409.1234413971622,0,0,0,644.5216769982762,4629.610561721849,2627.7101139814376,2627.7101139814376,2641.76757037948
2026-03-13T00:00:00Z,2627.938315518338,315.56923386273616,315.56923386273616,315.56923386273616,0,0,0,0,0,0,0,0,0,0,0,0,0,0,0,0,0,0,-914.9214993274344,-914.9214993274344,-914.9214993274344,0,0,0,0,0,0,789.6082492610564,789.6082492610564,789.6082492610564,440.88248392911413,440.88248392911413,440.88248392911413,0,0,0,1047.3562918127393,5088.630845998094,2627.938315518338,2627.938315518338,2943.5075493810746
2026-03-14T00:00:00Z,2628.1665170552387,-1709.5400725661252,-1709.5400725661252,-1709.5400725661252,0,0,0,0,0,0,0,0,0,0,0,0,0,0,0,0,0,0,-698.4016743753865,-698.4016743753865,-698.4016743753865,0,0,0,0,0,0,-1475.8814904566748,-1475.8814904566748,-1475.8814904566748,464.7430922659362,464.7430922659362,464.7430922659362,0,0,0,-1065.670156254062,2965.9786670739227,2628.1665170552387,2628.1665170552387,918.6264444891135
2026-03-15T00:00:00Z,2628.394718592139,-2247.3032453978976,-2247.3032453978976,-2247.3032453978976,0,0,0,0,0,0,0,0,0,0,0,0,0,0,0,0,0,0,-657.0731216843947,-657.0731216843947,-657.0731216843947,0,0,0,0,0,0,-2070.641282242118,-2070.641282242118,-2070.641282242118,480.4111585286154,480.4111585286154,480.4111585286154,0,0,0,-1537.1167767360141,2366.1735973038367,2628.394718592139,2628.394718592139,381.0914731942412
2026-03-16T00:00:00Z,2628.6229201290394,205.14283923504192,205.14283923504192,205.14283923504192,0,0,0,0,0,0,0,0,0,0,0,0,0,0,0,0,0,0,-699.9159779297617,-699.9159779297617,-699.9159779297617,0,0,0,0,0,0,417.2668386445066,417.2668386445066,417.2668386445066,487.7919785202969,487.7919785202969,487.7919785202969,0,0,0,824.032931118948,4826.06811844094,2628.6229201290394,2628.6229201290394,2833.765759364081
2026-03-17T00:00:00Z,2628.85112166594,617.5784495677675,617.5784495677675,617.5784495677675,0,0,0,0,0,0,0,0,0,0,0,0,0,0,0,0,0,0,-652.0940890220832,-652.0940890220832,-652.0940890220832,0,0,0,0,0,0,782.6848167493711,782.6848167493711,782.6848167493711,486.98772184047954,486.98772184047954,486.98772184047954,0,0,0,1263.855173236489,5286.018729170211,2628.85112166594,2628.85112166594,3246.4295712337075
2026-03-18T00:00:00Z,2629.0793232028404,776.6031124900825,776.6031124900825,776.6031124900825,0,0,0,0,0,0,0,0,0,0,0,0,0,0,0,0,0,0,-452.2063052784793,-452.2063052784793,-452.2063052784793,0,0,0,0,0,0,750.5195902304107,750.5195902304107,750.5195902304107,478.28982753815114,478.28982753815114,478.28982753815114,0,0,0,1431.9763496835303,5391.86882548321,2629.0793232028404,2629.0793232028404,3405.682435692923
2026-03-19T00:00:00Z,2629.3075247397405,1049.4954505983565,1049.4954505983565,1049.4954505983565,0,0,0,0,0,0,0,0,0,0,0,0,0,0,0,0,0,0,-219.11446434669986,-219.11446434669986,-219.11446434669986,0,0,0,0,0,0,806.4432778121482,806.4432778121482,806.4432778121482,462.1666371329081,462.1666371329081,462.1666371329081,0,0,0,1578.3922564626428,5827.567134557052,2629.3075247397405,2629.3075247397405,3678.802975338097
2026-03-20T00:00:00Z,2629.535726276641,-1569.8846436531082,-1569.8846436531082,-1569.8846436531082,0,0,0,0,0,0,-2680.7222477621226,-2680.7222477621226,-2680.7222477621226,0,0,0,0,0,0,0,0,0,-118.01734497563191,-118.01734497563191,-118.01734497563191,0,0,0,-2680.7222477621226,-2680.7222477621226,-2680.7222477621226,789.608249259494,789.608249259494,789.608249259494,439.24669982515235,439.24669982515235,439.24669982515235,0,0,0,-786.3359358955087,2987.3520876955376,2629.535726276641,2629.535726276641,1059.6510826235328
2026-03-21T00:00:00Z,2629.7639278135416,-4079.3054755123685,-4079.3054755123685,-4079.3054755123685,0,0,0,0,0,0,-2841.5499818838543,-2841.5499818838543,-2841.5499818838543,0,0,0,0,0,0,0,0,0,-172.17229673925158,-172.17229673925158,-172.17229673925158,0,0,0,-2841.5499818838543,-2841.5499818838543,-2841.5499818838543,-1475.881490459618,-1475.881490459618,-1475.881490459618,410.29829357035555,410.29829357035555,410.29829357035555,0,0,0,-3368.2947019146236,665.0494426094813,2629.7639278135416,2629.7639278135416,-1449.541547698827
2026-03-22T00:00:00Z,2629.992129350442,-5558.005163056206,-5558.005163056206,-5558.005163056206,0,0,0,0,0,0,-3636.4199803276047,-3636.4199803276047,-3636.4199803276047,0,0,0,0,0,0,0,0,0,-227.14969809879497,-227.14969809879497,-227.14969809879497,0,0,0,-3636.4199803276047,-3636.4199803276047,-3636.4199803276047,-2070.6412822398906,-2070.6412822398906,-2070.6412822398906,376.20579761008463,376.20579761008463,376.20579761008463,0,0,0,-4890.281372563277,-884.5540456436871,2629.992129350442,2629.992129350442,-2928.0130337057635
2026-03-23T00:00:00Z,2630.2203308873422,-3600.570606465851,-3600.570606465851,-3600.570606465851,0,0,0,0,0,0,-4242.3855712459135,-4242.3855712459135,-4242.3855712459135,0,0,0,0,0,0,0,0,0,-113.39549864727995,-113.39549864727995,-113.39549864727995,0,0,0,-4242.3855712459135,-4242.3855712459135,-4242.3855712459135,417.2668386379192,417.2668386379192,417.2668386379192,337.9436247894236,337.9436247894236,337.9436247894236,0,0,0,-3041.1578475019746,938.9518097571596,2630.2203308873422,2630.2203308873422,-970.3502755785089
2026-03-24T00:00:00Z,2630.448532424243,-781.5809030632698,-781.5809030632698,-781.5809030632698,0,0,0,0,0,0,-2024.85498209234,-2024.85498209234,-2024.85498209234,0,0,0,0,0,0,0,0,0,164.04078846795608,164.04078846795608,164.04078846795608,0,0,0,-2024.85498209234,-2024.85498209234,-2024.85498209234,782.6848167506784,782.6848167506784,782.6848167506784,296.5484738104355,296.5484738104355,296.5484738104355,0,0,0,-116.02706245795768,3959.98647905128,2630.448532424243,2630.448532424243,1848.8676293609728
2026-03-25T00:00:00Z,2630.6767339611433,-128.01760543851904,-128.01760543851904,-128.01760543851904,0,0,0,0,0,0,-1554.4475891452012,-1554.4475891452012,-1554.4475891452012,0,0,0,0,0,0,0,0,0,422.8197020562289,422.8197020562289,422.8197020562289,0,0,0,-1554.4475891452012,-1554.4475891452012,-1554.4475891452012,750.5195902301624,750.5195902301624,750.5195902301624,253.09069142029057,253.09069142029057,253.09069142029057,0,0,0,532.6645947209179,4534.740494721563,2630.6767339611433,2630.6767339611433,2502.659128522624
2026-03-26T00:00:00Z,2630.904935498044,480.4357863734707,480.4357863734707,480.4357863734707,0,0,0,0,0,0,-1048.7196630102048,-1048.7196630102048,-1048.7196630102048,0,0,0,0,0,0,0,0,0,514.0666296315526,514.0666296315526,514.0666296315526,0,0,0,-1048.7196630102048,-1048.7196630102048,-1048.7196630102048,806.4432778129573,806.4432778129573,806.4432778129573,208.6455419391656,208.6455419391656,208.6455419391656,0,0,0,1224.2912148984892,5012.322177928587,2630.904935498044,2630.904935498044,3111.3407218715147
2026-03-27T00:00:00Z,2631.133137034944,-133.44194546918422,-133.44194546918422,-133.44194546918422,0,0,0,0,0,0,-1624.2168821779017,-1624.2168821779017,-1624.2168821779017,0,0,0,0,0,0,0,0,0,536.9015207745996,536.9015207745996,536.9015207745996,0,0,0,-1624.2168821779017,-1624.2168821779017,-1624.2168821779017,789.6082492597178,789.6082492597178,789.6082492597178,164.2651666744004,164.2651666744004,164.2651666744004,0,0,0,576.8017232549258,4447.430232253853,2631.133137034944,2631.133137034944,2497.6911915657597
2026-03-28T00:00:00Z,2631.3613385718445,-1706.7178252583255,-1706.7178252583255,-1706.7178252583255,0,0,0,0,0,0,-1161.0252235693524,-1161.0252235693524,-1161.0252235693524,0,0,0,0,0,0,0,0,0,809.2369092912056,809.2369092912056,809.2369092912056,0,0,0,-1161.0252235693524,-1161.0252235693524,-1161.0252235693524,-1475.881490450594,-1475.881490450594,-1475.881490450594,120.9519794704155,120.9519794704155,120.9519794704155,0,0,0,-1199.096869995744,2934.5840443942056,2631.3613385718445,2631.3613385718445,924.643513313519
2026-03-29T00:00:00Z,2631.589540108745,-1893.0916940890302,-1893.0916940890302,-1893.0916940890302,0,0,0,0,0,0,-1470.60488239476,-1470.60488239476,-1470.60488239476,0,0,0,0,0,0,0,0,0,1568.5202822580702,1568.5202822580702,1568.5202822580702,0,0,0,-1470.60488239476,-1470.60488239476,-1470.60488239476,-2070.6412822376624,-2070.6412822376624,-2070.6412822376624,79.63418828532211,79.63418828532211,79.63418828532211,0,0,0,-1240.0045327602527,2605.3968823827045,2631.589540108745,2631.589540108745,738.4978460197149
2026-03-30T00:00:00Z,2631.8177416456456,1933.4745366958318,1933.4745366958318,1933.4745366958318,0,0,0,0,0,0,-1181.4628100860057,-1181.4628100860057,-1181.4628100860057,0,0,0,0,0,0,0,0,0,2656.5264499235636,2656.5264499235636,2656.5264499235636,0,0,0,-1181.4628100860057,-1181.4628100860057,-1181.4628100860057,417.26683863966196,417.26683863966196,417.26683863966196,41.14405821861194,41.14405821861194,41.14405821861194,0,0,0,2384.8419876355574,6466.143873397058,2631.8177416456456,2631.8177416456456,4565.292278341478
2026-03-31T00:00:00Z,2632.0459431825457,4293.266307866572,4293.266307866572,4293.266307866572,0,0,0,0,0,0,0,0,0,0,0,0,0,0,0,0,0,0,3504.3820498537766,3504.3820498537766,3504.3820498537766,0,0,0,0,0,0,782.6848167503761,782.6848167503761,782.6848167503761,6.199441262419755,6.199441262419755,6.199441262419755,0,0,0,4932.168840554918,9000.942607219602,2632.0459431825457,2632.0459431825457,6925.312251049118
2026-04-01T00:00:00Z,2632.274144719446,4218.923038774744,4218.923038774744,4218.923038774744,0,0,0,0,0,0,0,0,0,0,0,0,0,0,0,0,0,0,3493.0144535145514,3493.0144535145514,3493.0144535145514,0,0,0,0,0,0,750.5195902299135,750.5195902299135,750.5195902299135,-24.61100496972079,-24.61100496972079,-24.61100496972079,0,0,0,4897.312929306643,8715.680933497926,2632.274144719446,2632.274144719446,6851.1971834941905
2026-04-02T00:00:00Z,2632.5023462563468,3179.840965666881,3179.840965666881,3179.840965666881,0,0,0,0,0,0,0,0,0,0,0,0,0,0,0,0,0,0,2424.2362878683416,2424.2362878683416,2424.2362878683416,0,0,0,0,0,0,806.4432778124303,806.4432778124303,806.4432778124303,-50.838600013890265,-50.838600013890265,-50.838600013890265,0,0,0,3806.1115010833614,7803.085577679913,2632.5023462563468,2632.5023462563468,5812.343311923228
2026-04-03T00:00:00Z,2632.7305477932473,1428.9773209106847,1428.9773209106847,1428.9773209106847,0,0,0,0,0,0,0,0,0,0,0,0,0,0,0,0,0,0,711.5503060305159,711.5503060305159,711.5503060305159,0,0,0,0,0,0,789.6082492627346,789.6082492627346,789.6082492627346,-72.18123438256582,-72.18123438256582,-72.18123438256582,0,0,0,2106.597938775123,5928.437314209158,2632.7305477932473,2632.7305477932473,4061.707868703932
2026-04-04T00:00:00Z,2632.9587493301474,-2447.6423379160524,-2447.6423379160524,-2447.6423379160524,0,0,0,0,0,0,0,0,0,0,0,0,0,0,0,0,0,0,-883.2751415228798,-883.2751415228798,-883.2751415228798,0,0,0,0,0,0,-1475.881490453537,-1475.881490453537,-1475.881490453537,-88.485705939635,-88.485705939635,-88.485705939635,0,0,0,-1783.0049013272885,2090.903487006005,2632.9587493301474,2632.9587493301474,185.316411414095
2026-04-05T00:00:00Z,2633.186950867048,-3934.7630416613592,-3934.7630416613592,-3934.7630416613592,0,0,0,0,0,0,0,0,0,0,0,0,0,0,0,0,0,0,-1764.3759078347848,-1764.3759078347848,-1764.3759078347848,0,0,0,0,0,0,-2070.6412822386455,-2070.6412822386455,-2070.6412822386455,-99.74585158792881,-99.74585158792881,-99.74585158792881,0,0,0,-3376.234017025696,704.7691294262944,2633.186950867048,2633.186950867048,-1301.5760907943113
2026-04-06T00:00:00Z,2633.415152403949,-1546.9962536332305,-1546.9962536332305,-1546.9962536332305,0,0,0,0,0,0,0,0,0,0,0,0,0,0,0,0,0,0,-1858.1664480643356,-1858.1664480643356,-1858.1664480643356,0,0,0,0,0,0,417.2668386414045,417.2668386414045,417.2668386414045,-106.09664421029885,-106.09664421029885,-106.09664421029885,0,0,0,-785.3097071573947,3085.871261101592,2633.415152403949,2633.415152403949,1086.4188987707184
2026-04-07T00:00:00Z,2633.643353940849,-875.015126091295,-875.015126091295,-875.015126091295,0,0,0,0,0,0,0,0,0,0,0,0,0,0,0,0,0,0,-1549.895408215963,-1549.895408215963,-1549.895408215963,0,0,0,0,0,0,782.684816750074,782.684816750074,782.684816750074,-107.8045346254063,-107.8045346254063,-107.8045346254063,0,0,0,-288.8605848712882,3712.7260852659538,2633.643353940849,2633.643353940849,1758.6282278495542
2026-04-08T00:00:00Z,2633.8715554777496,-654.0375105582951,-654.0375105582951,-654.0375105582951,0,0,0,0,0,0,0,0,0,0,0,0,0,0,0,0,0,0,-1299.3026830010585,-1299.3026830010585,-1299.3026830010585,0,0,0,0,0,0,750.5195902302545,750.5195902302545,750.5195902302545,-105.25441778749158,-105.25441778749158,-105.25441778749158,0,0,0,-116.69802744237751,4067.7297332275507,2633.8715554777496,2633.8715554777496,1979.8340449194543
2026-04-09T00:00:00Z,2634.0997570146496,-578.357312481497,-578.357312481497,-578.357312481497,0,0,0,0,0,0,0,0,0,0,0,0,0,0,0,0,0,0,-1285.8669013611138,-1285.8669013611138,-1285.8669013611138,0,0,0,0,0,0,806.4432778119032,806.4432778119032,806.4432778119032,-98.93368893228605,-98.93368893228605,-98.93368893228605,0,0,0,91.16807185423376,3977.576482464471,2634.0997570146496,2634.0997570146496,2055.7424445331526
2026-04-10T00:00:00Z,2634.3279585515506,-664.1218415930439,-664.1218415930439,-664.1218415930439,0,0,0,0,0,0,0,0,0,0,0,0,0,0,0,0,0,0,-1364.3161642277128,-1364.3161642277128,-1364.3161642277128,0,0,0,0,0,0,789.6082492629583,789.6082492629583,789.6082492629583,-89.41392662828957,-89.41392662828957,-89.41392662828957,0,0,0,-79.29550294916623,3917.4496238435804,2634.3279585515506,2634.3279585515506,1970.2061169585068
2026-04-11T00:00:00Z,2634.5561600884507,-2860.135728709763,-2860.135728709763,-2860.135728709763,0,0,0,0,0,0,0,0,0,0,0,0,0,0,0,0,0,0,-1306.9234442716424,-1306.9234442716424,-1306.9234442716424,0,0,0,0,0,0,-1475.8814904545982,-1475.8814904545982,-1475.8814904545982,-77.330793983522355,-77.330793983522355,-77.330793983522355,0,0,0,-2281.7262024619326,1738.3947960562646,2634.5561600884507,2634.5561600884507,-225.57956862131232
2026-04-12T00:00:00Z,2634.7843616253513,-3196.1870449178123,-3196.1870449178123,-3196.1870449178123,0,0,0,0,0,0,0,0,0,0,0,0,0,0,0,0,0,0,-1062.1829773277384,-1062.1829773277384,-1062.1829773277384,0,0,0,0,0,0,-2070.6412822364177,-2070.6412822364177,-2070.6412822364177,-63.362785353656065,-63.362785353656065,-63.362785353656065,0,0,0,-2556.242500978992,1457.6024387934156,2634.7843616253513,2634.7843616253513,-561.402683292461
2026-04-13T00:00:00Z,2635.012563162252,-417.828614428004,-417.828614428004,-417.828614428004,0,0,0,0,0,0,0,0,0,0,0,0,0,0,0,0,0,0,-786.8859899342241,-786.8859899342241,-786.8859899342241,0,0,0,0,0,0,417.2668386421363,417.2668386421363,417.2668386421363,-48.20946313591597,-48.20946313591597,-48.20946313591597,0,0,0,285.21838777738014,4333.018730709269,2635.012563162252,2635.012563162252,2217.1839487342477
2026-04-14T00:00:00Z,2635.2407646991524,92.824156268212775,92.824156268212775,92.824156268212775,0,0,0,0,0,0,0,0,0,0,0,0,0,0,0,0,0,0,-657.2908330157316,-657.2908330157316,-657.2908330157316,0,0,0,0,0,0,782.6848167497718,782.6848167497718,782.6848167497718,-32.56982746582728,-32.56982746582728,-32.56982746582728,0,0,0,837.0772260886492,4705.344219350012,2635.2407646991524,2635.2407646991524,2728.064920967365
2026-04-15T00:00:00Z,2635.4689662360524,53.993907995621484,53.993907995621484,53.993907995621484,0,0,0,0,0,0,0,0,0,0,0,0,0,0,0,0,0,0,-679.4042409030551,-679.4042409030551,-679.4042409030551,0,0,0,0,0,0,750.519590230628,750.519590230628,750.519590230628,-17.12144133195104,-17.12144133195104,-17.12144133195104,0,0,0,679.4777887528842,4883.642155187437,2635.4689662360524,2635.4689662360524,2689.462874231674
2026-04-16T00:00:00Z,2635.697167772953,108.26266894172956,108.26266894172956,108.26266894172956,0,0,0,0,0,0,0,0,0,0,0,0,0,0,0,0,0,0,-695.6797131567403,-695.6797131567403,-695.6797131567403,0,0,0,0,0,0,806.4432778140487,806.4432778140487,806.4432778140487,-2.5008957155786855,-2.5008957155786855,-2.5008957155786855,0,0,0,687.579047976142,4541.74618962983,2635.697167772953,2635.697167772953,2743.9598367146828
2026-04-17T00:00:00Z,2635.925369309853,233.12006372760126,233.12006372760126,233.12006372760126,0,0,0,0,0,0,0,0,0,0,0,0,0,0,0,0,0,0,-567.2020401978649,-567.2020401978649,-567.2020401978649,0,0,0,0,0,0,789.6082492613962,789.6082492613962,789.6082492613962,10.713854664070364,10.713854664070364,10.713854664070364,0,0,0,1000.5488932870719,4807.630124013976,2635.925369309853,2635.925369309853,2869.045433037454
2026-04-18T00:00:00Z,2636.153570846754,-1781.9192449705806,-1781.9192449705806,-1781.9192449705806,0,0,0,0,0,0,0,0,0,0,0,0,0,0,0,0,0,0,-328.0565771839153,-328.0565771839153,-328.0565771839153,0,0,0,0,0,0,-1475.881490455659,-1475.881490455659,-1475.881490455659,22.018822668993803,22.018822668993803,22.018822668993803,0,0,0,-1112.9861715460902,2936.7669896402963,2636.153570846754,2636.153570846754,854.2343258761734
2026-04-19T00:00:00Z,2636.381772383654,-2185.3915652873247,-2185.3915652873247,-2185.3915652873247,0,0,0,0,0,0,0,0,0,0,0,0,0,0,0,0,0,0,-145.7468880368007,-145.7468880368007,-145.7468880368007,0,0,0,0,0,0,-2070.641282241236,-2070.641282241236,-2070.641282241236,30.99660499071165,30.99660499071165,30.99660499071165,0,0,0,-1555.7471840125293,2406.516522010501,2636.381772383654,2636.381772383654,450.9902070963294
2026-04-20T00:00:00Z,2636.6099739205547,322.24690906990133,322.24690906990133,322.24690906990133,0,0,0,0,0,0,0,0,0,0,0,0,0,0,0,0,0,0,-132.34592029159938,-132.34592029159938,-132.34592029159938,0,0,0,0,0,0,417.2668386365599,417.2668386365599,417.2668386365599,37.32599072494077,37.32599072494077,37.32599072494077,0,0,0,920.7094475287113,4933.173033638584,2636.6099739205547,2636.6099739205547,2958.856882990456
2026-04-21T00:00:00Z,2636.838175457455,610.9624791596727,610.9624791596727,610.9624791596727,0,0,0,0,0,0,0,0,0,0,0,0,0,0,0,0,0,0,-212.5107033153235,-212.5107033153235,-212.5107033153235,0,0,0,0,0,0,782.6848167496854,782.6848167496854,782.6848167496854,40.788365725310555,40.788365725310555,40.788365725310555,0,0,0,1186.532468453449,5189.03913458534,2636.838175457455,2636.838175457455,3247.8006546171273
2026-04-22T00:00:00Z,2637.066376994356,595.3473503831575,595.3473503831575,595.3473503831575,0,0,0,0,0,0,0,0,0,0,0,0,0,0,0,0,0,0,-196.4430556644941,-196.4430556644941,-196.4430556644941,0,0,0,0,0,0,750.5195902297575,750.5195902297575,750.5195902297575,41.27081581789414,41.27081581789414,41.27081581789414,0,0,0,1225.8391961880502,5161.8795006736345,2637.066376994356,2637.066376994356,3232.413727377513
2026-04-23T00:00:00Z,2637.294578531256,859.057139016141,859.057139016141,859.057139016141,0,0,0,0,0,0,0,0,0,0,0,0,0,0,0,0,0,0,13.84792908430382,13.84792908430382,13.84792908430382,0,0,0,0,0,0,806.4432778135217,806.4432778135217,806.4432778135217,38.765932118315796,38.765932118315796,38.765932118315796,0,0,0,1537.8172611387172,5354.797343131505,2637.294578531256,2637.294578531256,3496.351717547397
2026-04-24T00:00:00Z,2637.5227800681564,1132.0462100085444,1132.0462100085444,1132.0462100085444,0,0,0,0,0,0,0,0,0,0,0,0,0,0,0,0,0,0,309.0695412814885,309.0695412814885,309.0695412814885,0,0,0,0,0,0,789.6082492661992,789.6082492661992,789.6082492661992,33.36841946085678,33.36841946085678,33.36841946085678,0,0,0,1799.6780929990866,5772.788389236989,2637.5227800681564,2637.5227800681564,3769.568990076701
2026-04-25T00:00:00Z,2637.7509816050565,-960.3572882813704,-960.3572882813704,-960.3572882813704,0,0,0,0,0,0,0,0,0,0,0,0,0,0,0,0,0,0,490.2555007511858,490.2555007511858,490.2555007511858,0,0,0,0,0,0,-1475.8814904567198,-1475.8814904567198,-1475.8814904567198,25.268701424163503,25.268701424163503,25.268701424163503,0,0,0,-281.12195927496555,3568.104067499489,2637.7509816050565,2637.7509816050565,1677.393693323686
2026-04-26T00:00:00Z,2637.9791831419575,-1539.172580496792,-1539.172580496792,-1539.172580496792,0,0,0,0,0,0,0,0,0,0,0,0,0,0,0,0,0,0,516.7249017075318,516.7249017075318,516.7249017075318,0,0,0,0,0,0,-2070.6412822390075,-2070.6412822390075,-2070.6412822390075,14.743800034684028,14.743800034684028,14.743800034684028,0,0,0,-855.2354728267427,3068.8740184974317,2637.9791831419575,2637.9791831419575,1098.8066026451654
2026-04-27T00:00:00Z,2638.2073846788576,1040.0673797711147,1040.0673797711147,1040.0673797711147,0,0,0,0,0,0,0,0,0,0,0,0,0,0,0,0,0,0,620.6546985752954,620.6546985752954,620.6546985752954,0,0,0,0,0,0,417.26683863729147,417.26683863729147,417.26683863729147,2.1458425585280754,2.1458425585280754,2.1458425585280754,0,0,0,1702.3619567463293,5604.097418284855,2638.2073846788576,2638.2073846788576,3678.2747644499723
2026-04-28T00:00:00Z,2638.435586215758,1896.984962137885,1896.984962137885,1896.984962137885,0,0,0,0,0,0,0,0,0,0,0,0,0,0,0,0,0,0,1126.4115355187878,1126.4115355187878,1126.4115355187878,0,0,0,0,0,0,782.6848167493833,782.6848167493833,782.6848167493833,-12.111390130286237,-12.111390130286237,-12.111390130286237,0,0,0,2590.6375388236934,6491.486910449109,2638.435586215758,2638.435586215758,4535.420548353643
2026-04-29T00:00:00Z,2638.6637877526587,2823.0356006716715,2823.0356006716715,2823.0356006716715,0,0,0,0,0,0,0,0,0,0,0,0,0,0,0,0,0,0,2100.0834213371522,2100.0834213371522,2100.0834213371522,0,0,0,0,0,0,750.5195902301307,750.5195902301307,750.5195902301307,-27.56741089561215,-27.56741089561215,-27.56741089561215,0,0,0,3617.511894345473,7474.283056548985,2638.6637877526587,2638.6637877526587,5461.69938842433
2026-04-30T00:00:00Z,2638.891989289559,3916.691575599301,3916.691575599301,3916.691575599301,0,0,0,0,0,0,0,0,0,0,0,0,0,0,0,0,0,0,3153.979271275682,3153.979271275682,3153.979271275682,0,0,0,0,0,0,806.4432778115496,806.4432778115496,806.4432778115496,-43.73097348793136,-43.73097348793136,-43.73097348793136,0,0,0,4530.7626085191905,8355.518319273282,2638.891989289559,2638.891989289559,6555.583564888861
2026-05-01T00:00:00Z,2639.1201908264593,2421.0671170254745,2421.0671170254745,2421.0671170254745,0,0,0,0,0,0,-1941.2219588157836,-1941.2219588157836,-1941.2219588157836,0,0,0,0,0,0,-1941.2219588157836,-1941.2219588157836,-1941.2219588157836,3632.7773326491506,3632.7773326491506,3632.7773326491506,0,0,0,0,0,0,789.6082492646369,789.6082492646369,789.6082492646369,-60.096506072527774,-60.096506072527774,-60.096506072527774,0,0,0,3034.532943759472,7021.272807421995,2639.1201908264593,2639.1201908264593,5060.187307851934
2026-05-02T00:00:00Z,2639.34839236336,1526.275406801857,1526.275406801857,1526.275406801857,0,0,0,0,0,0,0,0,0,0,0,0,0,0,0,0,0,0,3078.3174133773005,3078.3174133773005,3078.3174133773005,0,0,0,0,0,0,-1475.881490459663,-1475.881490459663,-1475.881490459663,-76.16051611578071,-76.16051611578071,-76.16051611578071,0,0,0,2205.0617182955757,6102.79594416934,2639.34839236336,2639.34839236336,4165.623799165217
2026-05-03T00:00:00Z,2639.57659390026,-558.9060725588632,-558.9060725588632,-558.9060725588632,0,0,0,0,0,0,0,0,0,0,0,0,0,0,0,0,0,0,1603.172675292967,1603.172675292967,1603.172675292967,0,0,0,0,0,0,-2070.6412822399907,-2070.6412822399907,-2070.6412822399907,-91.4374656118395,-91.4374656118395,-91.4374656118395,0,0,0,153.48955416308635,4075.439849942829,2639.57659390026,2639.57659390026,2080.6705213413966
2026-05-04T00:00:00Z,2639.804795437161,164.13935091176586,164.13935091176586,164.13935091176586,0,0,0,0,0,0,0,0,0,0,0,0,0,0,0,0,0,0,-147.65284320182556,-147.65284320182556,-147.65284320182556,0,0,0,0,0,0,417.2668386380233,417.2668386380233,417.2668386380233,-105.47464452443188,-105.47464452443188,-105.47464452443188,0,0,0,775.538629730409,4674.942565828326,2639.804795437161,2639.804795437161,2803.9441463489266
2026-05-05T00:00:00Z,2640.032996974061,-766.5353879277474,-766.5353879277474,-766.5353879277474,0,0,0,0,0,0,0,0,0,0,0,0,0,0,0,0,0,0,-1431.3545917919723,-1431.3545917919723,-1431.3545917919723,0,0,0,0,0,0,782.6848167504747,782.6848167504747,782.6848167504747,-117.86561288625023,-117.86561288625023,-117.86561288625023,0,0,0,-158.5107198481125,3909.3076607037347,2640.032996974061,2640.032996974061,1873.4976090463138
2026-05-06T00:00:00Z,2640.2611985109615,-1270.4254894980722,-1270.4254894980722,-1270.4254894980722,0,0,0,0,0,0,0,0,0,0,0,0,0,0,0,0,0,0,-1892.6832430371207,-1892.6832430371207,-1892.6832430371207,0,0,0,0,0,0,750.5195902298818,750.5195902298818,750.5195902298818,-128.2618366908337,-128.2618366908337,-128.2618366908337,0,0,0,-626.7140784746375,3325.4102142722227,2640.2611985109615,2640.2611985109615,1369.8357090128893
2026-05-07T00:00:00Z,2640.4894000478625,-1051.9941987114337,-1051.9941987114337,-1051.9941987114337,0,0,0,0,0,0,0,0,0,0,0,0,0,0,0,0,0,0,-1722.05526892985,-1722.05526892985,-1722.05526892985,0,0,0,0,0,0,806.4432778123587,806.4432778123587,806.4432778123587,-136.382207593942,-136.382207593942,-136.382207593942,0,0,0,-350.2472066062348,3634.5559467650965,2640.4894000478625,2640.4894000478625,1588.4952013364289
2026-05-08T00:00:00Z,2640.7176015847626,-749.6639907083684,-749.6639907083684,-749.6639907083684,0,0,0,0,0,0,0,0,0,0,0,0,0,0,0,0,0,0,-1397.252030633069,-1397.252030633069,-1397.252030633069,0,0,0,0,0,0,789.6082492648604,789.6082492648604,789.6082492648604,-142.02020934016033,-142.02020934016033,-142.02020934016033,0,0,0,-62.81728871450328,3953.690829005649,2640.7176015847626,2640.7176015847626,1891.0536108763943
2026-05-09T00:00:00Z,2640.945803121663,-2887.2963375077647,-2887.2963375077647,-2887.2963375077647,0,0,0,0,0,0,0,0,0,0,0,0,0,0,0,0,0,0,-1266.3662747086612,-1266.3662747086612,-1266.3662747086612,0,0,0,0,0,0,-1475.8814904588414,-1475.8814904588414,-1475.8814904588414,-145.04857234026213,-145.04857234026213,-145.04857234026213,0,0,0,-2267.392588458883,1777.4866687074457,2640.945803121663,2640.945803121663,-246.35053438610157
2026-05-10T00:00:00Z,2641.1740046585633,-3545.7096950637756,-3545.7096950637756,-3545.7096950637756,0,0,0,0,0,0,0,0,0,0,0,0,0,0,0,0,0,0,-1329.6470733946162,-1329.6470733946162,-1329.6470733946162,0,0,0,0,0,0,-2070.6412822377633,-2070.6412822377633,-2070.6412822377633,-145.4213394313957,-145.4213394313957,-145.4213394313957,0,0,0,-3087.062130788152,1051.2952657619703,2641.1740046585633,2641.1740046585633,-904.5356904052123
2026-05-11T00:00:00Z,2641.402206195464,-1087.6425133968728,-1087.6425133968728,-1087.6425133968728,0,0,0,0,0,0,0,0,0,0,0,0,0,0,0,0,0,0,-1361.7360040620986,-1361.7360040620986,-1361.7360040620986,0,0,0,0,0,0,417.2668386407767,417.2668386407767,417.2668386407767,-143.17334797555063,-143.17334797555063,-143.17334797555063,0,0,0,-431.9919934903608,3383.314369773403,2641.402206195464,2641.402206195464,1553.759692798591
2026-05-12T00:00:00Z,2641.6304077323643,-557.2416596263604,-557.2416596263604,-557.2416596263604,0,0,0,0,0,0,0,0,0,0,0,0,0,0,0,0,0,0,-1201.5092628111033,-1201.5092628111033,-1201.5092628111033,0,0,0,0,0,0,782.6848167501727,782.6848167501727,782.6848167501727,-138.41721356542962,-138.41721356542962,-138.41721356542962,0,0,0,43.70351052231473,4069.8655008592077,2641.6304077323643,2641.6304077323643,2084.3887481060037
2026-05-13T00:00:00Z,2641.858609269265,-295.73988535261736,-295.73988535261736,-295.73988535261736,0,0,0,0,0,0,0,0,0,0,0,0,0,0,0,0,0,0,-914.9214993307942,-914.9214993307942,-914.9214993307942,0,0,0,0,0,0,750.5195902302551,750.5195902302551,750.5195902302551,-131.33797625207822,-131.33797625207822,-131.33797625207822,0,0,0,488.8197498982874,4377.80657446244,2641.858609269265,2641.858609269265,2346.1187239166475
2026-05-14T00:00:00Z,2642.086810806165,-14.144035730832762,-14.144035730832762,-14.144035730832762,0,0,0,0,0,0,0,0,0,0,0,0,0,0,0,0,0,0,-698.4016743771137,-698.4016743771137,-698.4016743771137,0,0,0,0,0,0,806.4432778131679,806.4432778131679,806.4432778131679,-122.18563916688687,-122.18563916688687,-122.18563916688687,0,0,0,593.1176504654845,4666.31026745848,2642.086810806165,2642.086810806165,2627.942775075332
2026-05-15T00:00:00Z,2642.315012343066,21.26923794274671,21.26923794274671,21.26923794274671,0,0,0,0,0,0,0,0,0,0,0,0,0,0,0,0,0,0,-657.073121683153,-657.073121683153,-657.073121683153,0,0,0,0,0,0,789.6082492650842,789.6082492650842,789.6082492650842,-111.26588963918427,-111.26588963918427,-111.26588963918427,0,0,0,618.4055506156142,4744.051468992248,2642.315012343066,2642.315012343066,2663.5842502858127
2026-05-16T00:00:00Z,2642.543213879966,-2274.726811115325,-2274.726811115325,-2274.726811115325,0,0,0,0,0,0,0,0,0,0,0,0,0,0,0,0,0,0,-699.9159779309621,-699.9159779309621,-699.9159779309621,0,0,0,0,0,0,-1475.881490453582,-1475.881490453582,-1475.881490453582,-98.92934273078102,-98.92934273078102,-98.92934273078102,0,0,0,-1689.428683368436,2256.836563499301,2642.543213879966,2642.543213879966,367.8164027646412
2026-05-17T00:00:00Z,2642.7714154168666,-2808.2950564330004,-2808.2950564330004,-2808.2950564330004,0,0,0,0,0,0,0,0,0,0,0,0,0,0,0,0,0,0,-652.0940890220303,-652.0940890220303,-652.0940890220303,0,0,0,0,0,0,-2070.6412822371412,-2070.6412822371412,-2070.6412822371412,-85.55968517382915,-85.55968517382915,-85.55968517382915,0,0,0,-2273.254635763257,1853.921338904491,2642.7714154168666,2642.7714154168666,-165.52364101613375
2026-05-18T00:00:00Z,2642.9996169537667,-106.50058965625001,-106.50058965625001,-106.50058965625001,0,0,0,0,0,0,0,0,0,0,0,0,0,0,0,0,0,0,-452.2063052793676,-452.2063052793676,-452.2063052793676,0,0,0,0,0,0,417.26683864150846,417.26683864150846,417.26683864150846,-71.56112301839084,-71.56112301839084,-71.56112301839084,0,0,0,604.8171999795894,4521.456070335665,2642.9996169537667,2642.9996169537667,2536.4990272975165
2026-05-19T00:00:00Z,2643.2278184906672,506.22480403010485,506.22480403010485,506.22480403010485,0,0,0,0,0,0,0,0,0,0,0,0,0,0,0,0,0,0,-219.1144643463568,-219.1144643463568,-219.1144643463568,0,0,0,0,0,0,782.684816750086,782.684816750086,782.684816750086,-57.34554837362455,-57.34554837362455,-57.34554837362455,0,0,0,1232.2445557757856,5052.569819508734,2643.2278184906672,2643.2278184906672,3149.452622520772
2026-05-20T00:00:00Z,2643.456020027568,589.1824059749633,589.1824059749633,589.1824059749633,0,0,0,0,0,0,0,0,0,0,0,0,0,0,0,0,0,0,-118.0173449748315,-118.0173449748315,-118.0173449748315,0,0,0,0,0,0,750.5195902293849,750.5195902293849,750.5195902293849,-43.31983927958999,-43.31983927958999,-43.31983927958999,0,0,0,1184.0033860858587,5313.20495993131,2643.456020027568,2643.456020027568,3232.638426002531
2026-05-21T00:00:00Z,2643.6842215644683,604.3972887400887,604.3972887400887,604.3972887400887,0,0,0,0,0,0,0,0,0,0,0,0,0,0,0,0,0,0,-172.17229673931942,-172.17229673931942,-172.17229673931942,0,0,0,0,0,0,806.4432778098596,806.4432778098596,806.4432778098596,-29.87369233045175,-29.87369233045175,-29.87369233045175,0,0,0,1130.2395771030451,5216.3356390390145,2643.6842215644683,2643.6842215644683,3248.081510304557
2026-05-22T00:00:00Z,2643.9124231013684,545.0901903271692,545.0901903271692,545.0901903271692,0,0,0,0,0,0,0,0,0,0,0,0,0,0,0,0,0,0,-227.14969809691831,-227.14969809691831,-227.14969809691831,0,0,0,0,0,0,789.6082492617359,789.6082492617359,789.6082492617359,-17.36836083764816,-17.36836083764816,-17.36836083764816,0,0,0,1001.249041176485,5089.5261557922,2643.9124231013684,2643.9124231013684,3189.0026134285376
2026-05-23T00:00:00Z,2644.1406246382694,-1595.4036222978143,-1595.4036222978143,-1595.4036222978143,0,0,0,0,0,0,0,0,0,0,0,0,0,0,0,0,0,0,-113.39549864772032,-113.39549864772032,-113.39549864772032,0,0,0,0,0,0,-1475.8814904546432,-1475.8814904546432,-1475.8814904546432,-6.126633195450786,-6.126633195450786,-6.126633195450786,0,0,0,-1066.8921939918841,3020.23929351987,2644.1406246382694,2644.1406246382694,1048.737002340455
2026-05-24T00:00:00Z,2644.3688261751695,-1903.0248318570111,-1903.0248318570111,-1903.0248318570111,0,0,0,0,0,0,0,0,0,0,0,0,0,0,0,0,0,0,164.04078846776102,164.04078846776102,164.04078846776102,0,0,0,0,0,0,-2070.6412822419584,-2070.6412822419584,-2070.6412822419584,3.57566191718687,3.57566191718687,3.57566191718687,0,0,0,-1180.6393234079508,2724.26695629946,2644.3688261751695,2644.3688261751695,741.3439943181584
2026-05-25T00:00:00Z,2644.59702771207,851.602933768119,851.602933768119,851.602933768119,0,0,0,0,0,0,0,0,0,0,0,0,0,0,0,0,0,0,422.8197020562625,422.8197020562625,422.8197020562625,0,0,0,0,0,0,417.26683864325094,417.26683864325094,417.26683864325094,11.516393068605705,11.516393068605705,11.516393068605705,0,0,0,1612.1284251935426,5594.87309308143,2644.59702771207,2644.59702771207,3496.199961480189
2026-05-26T00:00:00Z,2644.82522924897,1314.2833847345676,1314.2833847345676,1314.2833847345676,0,0,0,0,0,0,0,0,0,0,0,0,0,0,0,0,0,0,514.066629632058,514.066629632058,514.066629632058,0,0,0,0,0,0,782.6848167495679,782.6848167495679,782.6848167495679,17.531938352941648,17.531938352941648,17.531938352941648,0,0,0,1962.7414915959928,6000.398995181749,2644.82522924897,2644.82522924897,3959.108613983538
2026-05-27T00:00:00Z,2645.0534307858707,-1717.3513448773772,-1717.3513448773772,-1717.3513448773772,0,0,0,0,0,0,-3026.2924268839934,-3026.2924268839934,-3026.2924268839934,0,0,0,0,0,0,0,0,0,536.9015207732332,536.9015207732332,536.9015207732332,-3026.2924268839934,-3026.2924268839934,-3026.2924268839934,0,0,0,750.5195902303474,750.5195902303474,750.5195902303474,21.519971003035273,21.519971003035273,21.519971003035273,0,0,0,-1165.9193769329956,2788.7312386759204,2645.0534307858707,2645.0534307858707,927.7020859084935
2026-05-28T00:00:00Z,2645.281632322771,1435.131288320731,1435.131288320731,1435.131288320731,0,0,0,0,0,0,-203.98908419559135,-203.98908419559135,-203.98908419559135,0,0,0,0,0,0,0,0,0,809.2369092895502,809.2369092895502,809.2369092895502,-203.98908419559135,-203.98908419559135,-203.98908419559135,0,0,0,806.4432778120051,806.4432778120051,806.4432778120051,23.4401854147668,23.4401854147668,23.4401854147668,0,0,0,2148.571477146673,6241.33739783576,2645.281632322771,2645.281632322771,4080.4129206435023
2026-05-29T00:00:00Z,2645.5098338596717,2374.25724186187,2374.25724186187,2374.25724186187,0,0,0,0,0,0,-7.184288497537529,-7.184288497537529,-7.184288497537529,0,0,0,0,0,0,0,0,0,1568.5202822593494,1568.5202822593494,1568.5202822593494,-7.184288497537529,-7.184288497537529,-7.184288497537529,0,0,0,789.6082492619595,789.6082492619595,789.6082492619595,23.312998838098643,23.312998838098643,23.312998838098643,0,0,0,3055.3144624888596,7068.833655403481,2645.5098338596717,2645.5098338596717,5019.767075721542
2026-05-30T00:00:00Z,2645.738035396572,1007.3724341196414,1007.3724341196414,1007.3724341196414,0,0,0,0,0,0,-194.4888550028069,-194.4888550028069,-194.4888550028069,0,0,0,0,0,0,0,0,0,2656.526449922477,2656.526449922477,2656.526449922477,-194.4888550028069,-194.4888550028069,-194.4888550028069,0,0,0,-1475.881490455704,-1475.881490455704,-1475.881490455704,21.216329655674794,21.216329655674794,21.216329655674794,0,0,0,1661.5024657278545,5787.68644676181,2645.738035396572,2645.738035396572,3653.110469516213
2026-05-31T00:00:00Z,2645.966236933473,-982.3032597208764,-982.3032597208764,-982.3032597208764,0,0,0,0,0,0,-2433.3246415745593,-2433.3246415745593,-2433.3246415745593,0,0,0,0,0,0,-1941.2219588157836,-1941.2219588157836,-1941.2219588157836,3504.3820498534183,3504.3820498534183,3504.3820498534183,-492.1026827587761,-492.1026827587761,-492.1026827587761,0,0,0,-2070.6412822413367,-2070.6412822413367,-2070.6412822413367,17.280614241601892,17.280614241601892,17.280614241601892,0,0,0,-561.6380415373969,3605.484728041833,2645.966236933473,2645.966236933473,1663.6629772125964
2026-06-01T00:00:00Z,2646.194438470373,906.1824773831978,906.1824773831978,906.1824773831978,0,0,0,0,0,0,-3015.7810937391996,-3015.7810937391996,-3015.7810937391996,0,0,0,0,0,0,-1941.2219588157836,-1941.2219588157836,-1941.2219588157836,3493.01445351554,3493.01445351554,3493.01445351554,-1074.5591349234162,-1074.5591349234162,-1074.5591349234162,0,0,0,417.266838635653,417.266838635653,417.266838635653,11.682278971204175,11.682278971204175,11.682278971204175,0,0,0,1478.1380359426237,5481.155163772648,2646.194438470373,2646.194438470373,3552.3769158535706
2026-06-02T00:00:00Z,2646.4226400072735,645.9384471300956,645.9384471300956,645.9384471300956,0,0,0,0,0,0,-2565.6185878510346,-2565.6185878510346,-2565.6185878510346,0,0,0,0,0,0,-1941.2219588157836,-1941.2219588157836,-1941.2219588157836,2424.23628786759,2424.23628786759,2424.23628786759,-624.396629035251,-624.396629035251,-624.396629035251,0,0,0,782.6848167494819,782.6848167494819,782.6848167494819,4.635930364058561,4.635930364058561,4.635930364058561,0,0,0,1297.4351441492818,5236.752998966631,2646.4226400072735,2646.4226400072735,3292.361087137369
2026-06-03T00:00:00Z,2646.6508415441735,573.6189105770195,573.6189105770195,573.6189105770195,0,0,0,0,0,0,-884.8365488841048,-884.8365488841048,-884.8365488841048,0,0,0,0,0,0,0,0,0,711.5503060330417,711.5503060330417,711.5503060330417,-884.8365488841048,-884.8365488841048,-884.8365488841048,0,0,0,750.5195902300991,750.5195902300991,750.5195902300991,-3.6144368020166002,-3.6144368020166002,-3.6144368020166002,0,0,0,1389.9809741540562,5245.5224276080335,2646.6508415441735,2646.6508415441735,3220.269752121193
2026-06-04T00:00:00Z,2646.879043081074,-89.6367510158271,-89.6367510158271,-89.6367510158271,0,0,0,0,0,0,0,0,0,0,0,0,0,0,0,0,0,0,-883.2751415208345,-883.2751415208345,-883.2751415208345,0,0,0,0,0,0,806.443277811478,806.443277811478,806.443277811478,-12.804887306470627,-12.804887306470627,-12.804887306470627,0,0,0,491.12927167924613,4557.498391923796,2646.879043081074,2646.879043081074,2557.242292065247
2026-06-05T00:00:00Z,2647.1072446179746,-997.428966776053,-997.428966776053,-997.428966776053,0,0,0,0,0,0,0,0,0,0,0,0,0,0,0,0,0,0,-1764.3759078356748,-1764.3759078356748,-1764.3759078356748,0,0,0,0,0,0,789.6082492603972,789.6082492603972,789.6082492603972,-22.661308200775423,-22.661308200775423,-22.661308200775423,0,0,0,-416.10599511330145,3675.5014522553956,2647.1072446179746,2647.1072446179746,1649.6782778419215
2026-06-06T00:00:00Z,2647.335446154875,-3366.9570805921526,-3366.9570805921526,-3366.9570805921526,0,0,0,0,0,0,0,0,0,0,0,0,0,0,0,0,0,0,-1858.1664480638372,-1858.1664480638372,-1858.1664480638372,0,0,0,0,0,0,-1475.881490456765,-1475.881490456765,-1475.881490456765,-32.90914207155113,-32.90914207155113,-32.90914207155113,0,0,0,-2742.4121442891674,1289.6620073070628,2647.335446154875,2647.335446154875,-719.6216344372774
2026-06-07T00:00:00Z,2647.5636476917753,-3663.819445234769,-3663.819445234769,-3663.819445234769,0,0,0,0,0,0,0,0,0,0,0,0,0,0,0,0,0,0,-1549.8954082150499,-1549.8954082150499,-1549.8954082150499,0,0,0,0,0,0,-2070.641282239109,-2070.641282239109,-2070.641282239109,-43.282754780609956,-43.282754780609956,-43.282754780609956,0,0,0,-3029.4502716181382,852.2619029639857,2647.5636476917753,2647.5636476917753,-1016.2557975429936
2026-06-08T00:00:00Z,2647.7918492286763,-935.5699653853276,-935.5699653853276,-935.5699653853276,0,0,0,0,0,0,0,0,0,0,0,0,0,0,0,0,0,0,-1299.3026830018377,-1299.3026830018377,-1299.3026830018377,0,0,0,0,0,0,417.2668386384063,417.2668386384063,417.2668386384063,-53.5341210218956,-53.5341210218956,-53.5341210218956,0,0,0,-351.61500161796084,3704.156383073738,2647.7918492286763,2647.7918492286763,1712.2218838433487
2026-06-09T00:00:00Z,2648.0200507655763,-566.6226254284402,-566.6226254284402,-566.6226254284402,0,0,0,0,0,0,0,0,0,0,0,0,0,0,0,0,0,0,-1285.8669013620708,-1285.8669013620708,-1285.8669013620708,0,0,0,0,0,0,782.6848167493954,782.6848167493954,782.6848167493954,-63.44054081576524,-63.44054081576524,-63.44054081576524,0,0,0,104.0214679254346,4031.1997633087435,2648.0200507655763,2648.0200507655763,2081.397425337136
2026-06-10T00:00:00Z,2648.248252302477,-686.6077130682102,-686.6077130682102,-686.6077130682102,0,0,0,0,0,0,0,0,0,0,0,0,0,0,0,0,0,0,-1364.316164228415,-1364.316164228415,-1364.316164228415,0,0,0,0,0,0,750.5195902298507,750.5195902298507,750.5195902298507,-72.81113906964629,-72.81113906964629,-72.81113906964629,0,0,0,29.184028480827813,4046.5555720533853,2648.248252302477,2648.248252302477,1961.6405392342667
2026-06-11T00:00:00Z,2648.4764538393774,-581.9721136358525,-581.9721136358525,-581.9721136358525,0,0,0,0,0,0,0,0,0,0,0,0,0,0,0,0,0,0,-1306.923444271592,-1306.923444271592,-1306.923444271592,0,0,0,0,0,0,806.4432778122872,806.4432778122872,806.4432778122872,-81.49194717654824,-81.49194717654824,-81.49194717654824,0,0,0,15.199352939281237,4054.2714704952054,2648.4764538393774,2648.4764538393774,2066.504340203525
2026-06-12T00:00:00Z,2648.704655376278,-361.9441467063972,-361.9441467063972,-361.9441467063972,0,0,0,0,0,0,0,0,0,0,0,0,0,0,0,0,0,0,-1062.1829773288132,-1062.1829773288132,-1062.1829773288132,0,0,0,0,0,0,789.6082492652001,789.6082492652001,789.6082492652001,-89.36941864278415,-89.36941864278415,-89.36941864278415,0,0,0,378.5239369828972,4283.595738639681,2648.704655376278,2648.704655376278,2286.760508669881
2026-06-13T00:00:00Z,2648.9328569131785,-2359.139768477649,-2359.139768477649,-2359.139768477649,0,0,0,0,0,0,0,0,0,0,0,0,0,0,0,0,0,0,-786.8859899333524,-786.8859899333524,-786.8859899333524,0,0,0,0,0,0,-1475.8814904597075,-1475.8814904597075,-1475.8814904597075,-96.3722880845885,-96.3722880845885,-96.3722880845885,0,0,0,-1625.942769518415,2226.286614782024,2648.9328569131785,2648.9328569131785,289.7930884355296
2026-06-14T00:00:00Z,2649.1610584500786,-2830.4038579228986,-2830.4038579228986,-2830.4038579228986,0,0,0,0,0,0,0,0,0,0,0,0,0,0,0,0,0,0,-657.2908330153106,-657.2908330153106,-657.2908330153106,0,0,0,0,0,0,-2070.6412822400916,-2070.6412822400916,-2070.6412822400916,-102.47174266749609,-102.47174266749609,-102.47174266749609,0,0,0,-2165.117315779077,1891.9554903710896,2649.1610584500786,2649.1610584500786,-181.24279947282002
2026-06-15T00:00:00Z,2649.389259986979,-369.81733739589174,-369.81733739589174,-369.81733739589174,0,0,0,0,0,0,0,0,0,0,0,0,0,0,0,0,0,0,-679.4042409052113,-679.4042409052113,-679.4042409052113,0,0,0,0,0,0,417.26683863913803,417.26683863913803,417.26683863913803,-107.67993512981893,-107.67993512981893,-107.67993512981893,0,0,0,296.3182929689047,4193.651957697356,2649.389259986979,2649.389259986979,2279.5719225910875
2026-06-16T00:00:00Z,2649.6174615238797,-25.041822345807912,-25.041822345807912,-25.041822345807912,0,0,0,0,0,0,0,0,0,0,0,0,0,0,0,0,0,0,-695.679713156502,-695.679713156502,-695.679713156502,0,0,0,0,0,0,782.6848167488773,782.6848167488773,782.6848167488773,-112.04692593818338,-112.04692593818338,-112.04692593818338,0,0,0,674.3153964107827,4502.310682197801,2649.6174615238797,2649.6174615238797,2624.575639178072
2026-06-17T00:00:00Z,2649.84566306078,-1873.5606056818367,-1873.5606056818367,-1873.5606056818367,0,0,0,0,0,0,-1941.2219588157836,-1941.2219588157836,-1941.2219588157836,0,0,0,0,0,0,-1941.2219588157836,-1941.2219588157836,-1941.2219588157836,-567.2020401993695,-567.2020401993695,-567.2020401993695,0,0,0,0,0,0,750.5195902301915,750.5195902301915,750.5195902301915,-115.65619689687519,-115.65619689687519,-115.65619689687519,0,0,0,-1087.5917930847995,2791.264832608147,2649.84566306078,2649.84566306078,776.2850573789435
2026-06-18T00:00:00Z,2650.0738645976803,359.76777275342454,359.76777275342454,359.76777275342454,0,0,0,0,0,0,0,0,0,0,0,0,0,0,0,0,0,0,-328.0565771849172,-328.0565771849172,-328.0565771849172,0,0,0,0,0,0,806.44327781176,806.44327781176,806.44327781176,-118.61892787341823,-118.61892787341823,-118.61892787341823,0,0,0,1096.9582400325787,5037.18033335847,2650.0738645976803,2650.0738645976803,3009.841637351105
2026-06-19T00:00:00Z,2650.302066134581,522.7940906467066,522.7940906467066,522.7940906467066,0,0,0,0,0,0,0,0,0,0,0,0,0,0,0,0,0,0,-145.74688803685868,-145.74688803685868,-145.74688803685868,0,0,0,0,0,0,789.6082492636381,789.6082492636381,789.6082492636381,-121.06727058007259,-121.06727058007259,-121.06727058007259,0,0,0,1084.1017016478868,5064.299667617034,2650.302066134581,2650.302066134581,3173.0961567812874
2026-06-20T00:00:00Z,2650.530267671481,-1731.374297924817,-1731.374297924817,-1731.374297924817,0,0,0,0,0,0,0,0,0,0,0,0,0,0,0,0,0,0,-132.34592029056813,-132.34592029056813,-132.34592029056813,0,0,0,0,0,0,-1475.8814904544486,-1475.8814904544486,-1475.8814904544486,-123.14688717980015,-123.14688717980015,-123.14688717980015,0,0,0,-913.767204907596,2843.5582643290836,2650.530267671481,2650.530267671481,919.1559697466639
2026-06-21T00:00:00Z,2650.758469208382,-2408.161031339381,-2408.161031339381,-2408.161031339381,0,0,0,0,0,0,0,0,0,0,0,0,0,0,0,0,0,0,-212.5107033145183,-212.5107033145183,-212.5107033145183,0,0,0,0,0,0,-2070.6412822378643,-2070.6412822378643,-2070.6412822378643,-125.00904578699914,-125.00904578699914,-125.00904578699914,0,0,0,-1644.7853770262275,2109.8813556656205,2650.758469208382,2650.758469208382,242.59743786900071
2026-06-22T00:00:00Z,2650.986670745282,94.02120405296192,94.02120405296192,94.02120405296192,0,0,0,0,0,0,0,0,0,0,0,0,0,0,0,0,0,0,-196.44305566663706,-196.44305566663706,-196.44305566663706,0,0,0,0,0,0,417.2668386408806,417.2668386408806,417.2668386408806,-126.80257892128165,-126.80257892128165,-126.80257892128165,0,0,0,756.5205864427058,4800.916485420829,2650.986670745282,2650.986670745282,2745.007874798244
2026-06-23T00:00:00Z,2651.2148722821826,667.8667316022179,667.8667316022179,667.8667316022179,0,0,0,0,0,0,0,0,0,0,0,0,0,0,0,0,0,0,13.84792908423798,13.84792908423798,13.84792908423798,0,0,0,0,0,0,782.6848167501847,782.6848167501847,782.6848167501847,-128.66601423220496,-128.66601423220496,-128.66601423220496,0,0,0,1437.6042583395533,5197.7031815136925,2651.2148722821826,2651.2148722821826,3319.0816038844005
2026-06-24T00:00:00Z,2651.443073819083,928.8689522325637,928.8689522325637,928.8689522325637,0,0,0,0,0,0,0,0,0,0,0,0,0,0,0,0,0,0,309.0695412817262,309.0695412817262,309.0695412817262,0,0,0,0,0,0,750.5195902305644,750.5195902305644,750.5195902305644,-130.72017927972703,-130.72017927972703,-130.72017927972703,0,0,0,1579.1672279691506,5669.562096837981,2651.443073819083,2651.443073819083,3580.312026051647
2026-06-25T00:00:00Z,2651.6712753559837,1163.6372144608074,1163.6372144608074,1163.6372144608074,0,0,0,0,0,0,0,0,0,0,0,0,0,0,0,0,0,0,490.2555007520225,490.2555007520225,490.2555007520225,0,0,0,0,0,0,806.4432778139055,806.4432778139055,806.4432778139055,-133.0615641051205,-133.0615641051205,-133.0615641051205,0,0,0,1954.2281480940192,5846.392516269947,2651.6712753559837,2651.6712753559837,3815.308489816791
2026-06-26T00:00:00Z,2651.8994768928837,1170.5764535435198,1170.5764535435198,1170.5764535435198,0,0,0,0,0,0,0,0,0,0,0,0,0,0,0,0,0,0,516.7249017065142,516.7249017065142,516.7249017065142,0,0,0,0,0,0,789.6082492638615,789.6082492638615,789.6082492638615,-135.75669742685582,-135.75669742685582,-135.75669742685582,0,0,0,1961.1103188094487,5720.409123263649,2651.8994768928837,2651.8994768928837,3822.4759304364034
2026-06-27T00:00:00Z,2652.1276784297843,-994.064547370433,-994.064547370433,-994.064547370433,0,0,0,0,0,0,0,0,0,0,0,0,0,0,0,0,0,0,620.654698574077,620.654698574077,620.654698574077,0,0,0,0,0,0,-1475.881490453627,-1475.881490453627,-1475.881490453627,-138.83775549088284,-138.83775549088284,-138.83775549088284,0,0,0,-441.36696616137056,3564.908662201839,2652.1276784297843,2652.1276784297843,1658.0631310593512
2026-06-28T00:00:00Z,2652.355879966685,-1086.5293248903831,-1086.5293248903831,-1086.5293248903831,0,0,0,0,0,0,0,0,0,0,0,0,0,0,0,0,0,0,1126.4115355201225,1126.4115355201225,1126.4115355201225,0,0,0,0,0,0,-2070.6412822426823,-2070.6412822426823,-2070.6412822426823,-142.29957816782363,-142.29957816782363,-142.29957816782363,0,0,0,-415.60239188682664,3565.9263227771507,2652.355879966685,2652.355879966685,1565.8265550763017
2026-06-29T00:00:00Z,2652.5840815035854,2371.252043642643,2371.252043642643,2371.252043642643,0,0,0,0,0,0,0,0,0,0,0,0,0,0,0,0,0,0,2100.083421335965,2100.083421335965,2100.083421335965,0,0,0,0,0,0,417.26683864262344,417.26683864262344,417.26683864262344,-146.0982163359453,-146.0982163359453,-146.0982163359453,0,0,0,3075.0269019052002,7050.9173214836355,2652.5840815035854,2652.5840815035854,5023.836125146228
2026-06-30T00:00:00Z,2652.8122830404855,3786.5130083923314,3786.5130083923314,3786.5130083923314,0,0,0,0,0,0,0,0,0,0,0,0,0,0,0,0,0,0,3153.979271274894,3153.979271274894,3153.979271274894,0,0,0,0,0,0,782.6848167498823,782.6848167498823,782.6848167498823,-150.15107963244571,-150.15107963244571,-150.15107963244571,0,0,0,4438.134412410224,8438.860282627293,2652.8122830404855,2652.8122830404855,6439.325291432817
2026-07-01T00:00:00Z,2653.040484577386,4228.958226720269,4228.958226720269,4228.958226720269,0,0,0,0,0,0,0,0,0,0,0,0,0,0,0,0,0,0,3632.777332649467,3632.777332649467,3632.777332649467,0,0,0,0,0,0,750.5195902296945,750.5195902296945,750.5195902296945,-154.33869615889293,-154.33869615889293,-154.33869615889293,0,0,0,5041.152095428845,8845.49139663853,2653.040484577386,2653.040484577386,6881.998711297654
2026-07-02T00:00:00Z,2653.2686861142865,3726.252653542571,3726.252653542571,3726.252653542571,0,0,0,0,0,0,0,0,0,0,0,0,0,0,0,0,0,0,3078.317413377195,3078.317413377195,3078.317413377195,0,0,0,0,0,0,806.4432778133784,806.4432778133784,806.4432778133784,-158.50803764800287,-158.50803764800287,-158.50803764800287,0,0,0,4378.094146919437,8184.584164448578,2653.2686861142865,2653.2686861142865,6379.521339656858
2026-07-03T00:00:00Z,2653.496887651187,2230.303617663797,2230.303617663797,2230.303617663797,0,0,0,0,0,0,0,0,0,0,0,0,0,0,0,0,0,0,1603.1726752954235,1603.1726752954235,1603.1726752954235,0,0,0,0,0,0,789.6082492605133,789.6082492605133,789.6082492605133,-162.4773068921402,-162.4773068921402,-162.4773068921402,0,0,0,2652.9716087349384,6865.039967182656,2653.496887651187,2653.496887651187,4883.800505314985
2026-07-04T00:00:00Z,2653.725089188087,-1789.57636449927,-1789.57636449927,-1789.57636449927,0,0,0,0,0,0,0,0,0,0,0,0,0,0,0,0,0,0,-147.65284319888175,-147.65284319888175,-147.65284319888175,0,0,0,0,0,0,-1475.8814904565702,-1475.8814904565702,-1475.8814904565702,-166.0420308438182,-166.0420308438182,-166.0420308438182,0,0,0,-955.0586083551414,2719.623612122978,2653.725089188087,2653.725089188087,864.1487246888171
2026-07-05T00:00:00Z,2653.9532907249877,-3670.978128568057,-3670.978128568057,-3670.978128568057,0,0,0,0,0,0,0,0,0,0,0,0,0,0,0,0,0,0,-1431.3545917932151,-1431.3545917932151,-1431.3545917932151,0,0,0,0,0,0,-2070.6412822404545,-2070.6412822404545,-2070.6412822404545,-168.98225453438695,-168.98225453438695,-168.98225453438695,0,0,0,-3069.832536709654,1055.2776652960931,2653.9532907249877,2653.9532907249877,-1017.0248378430692
2026-07-06T00:00:00Z,2654.1814922618883,-1646.486993866184,-1646.486993866184,-1646.486993866184,0,0,0,0,0,0,0,0,0,0,0,0,0,0,0,0,0,0,-1892.68324303694,-1892.68324303694,-1892.68324303694,0,0,0,0,0,0,417.26683864436603,417.26683864436603,417.26683864436603,-171.0705894736095,-171.0705894736095,-171.0705894736095,0,0,0,-1087.662701431158,2934.6735790457383,2654.1814922618883,2654.1814922618883,1007.6944983957042
2026-07-07T00:00:00Z,2654.409693798789,-1111.4512891150164,-1111.4512891150164,-1111.4512891150164,0,0,0,0,0,0,0,0,0,0,0,0,0,0,0,0,0,0,-1722.055268929383,-1722.055268929383,-1722.055268929383,0,0,0,0,0,0,782.6848167497961,782.6848167497961,782.6848167497961,-172.08083693542923,-172.08083693542923,-172.08083693542923,0,0,0,-266.69628390767144,3581.24845549765,2654.409693798789,2654.409693798789,1542.9584046837724
2026-07-08T00:00:00Z,2654.637895335689,-818.5293230591789,-818.5293230591789,-818.5293230591789,0,0,0,0,0,0,0,0,0,0,0,0,0,0,0,0,0,0,-1397.2520306327542,-1397.2520306327542,-1397.2520306327542,0,0,0,0,0,0,750.5195902300676,750.5195902300676,750.5195902300676,-171.796882656492,-171.796882656492,-171.796882656492,0,0,0,-82.5638018431604,3840.9952114345288,2654.637895335689,2654.637895335689,1836.1085722765101
2026-07-09T00:00:00Z,2654.8660968725894,-629.9445427344763,-629.9445427344763,-629.9445427344763,0,0,0,0,0,0,0,0,0,0,0,0,0,0,0,0,0,0,-1266.3662747071585,-1266.3662747071585,-1266.3662747071585,0,0,0,0,0,0,806.4432778114065,806.4432778114065,806.4432778114065,-170.02154583872388,-170.02154583872388,-170.02154583872388,0,0,0,121.81867972359771,4153.796351704578,2654.8660968725894,2654.8660968725894,2024.9215541381132
2026-07-10T00:00:00Z,2655.09429840949,-706.623886626949,-706.623886626949,-706.623886626949,0,0,0,0,0,0,0,0,0,0,0,0,0,0,0,0,0,0,-1329.647073393932,-1329.647073393932,-1329.647073393932,0,0,0,0,0,0,789.6082492607367,789.6082492607367,789.6082492607367,-166.58506249375358,-166.58506249375358,-166.58506249375358,0,0,0,-81.81249240527265,3751.857052272178,2655.09429840949,2655.09429840949,1948.4704117825409
2026-07-11T00:00:00Z,2655.3224999463905,-2998.970385753776,-2998.970385753776,-2998.970385753776,0,0,0,0,0,0,0,0,0,0,0,0,0,0,0,0,0,0,-1361.7360040622889,-1361.7360040622889,-1361.7360040622889,0,0,0,0,0,0,-1475.8814904576311,-1475.8814904576311,-1475.8814904576311,-161.3528912338561,-161.3528912338561,-161.3528912338561,0,0,0,-2329.9394694162925,1554.637904566714,2655.3224999463905,2655.3224999463905,-343.6478858073856
2026-07-12T00:00:00Z,2655.5507014832906,-3426.383093499339,-3426.383093499339,-3426.383093499339,0,0,0,0,0,0,0,0,0,0,0,0,0,0,0,0,0,0,-1201.5092628105474,-1201.5092628105474,-1201.5092628105474,0,0,0,0,0,0,-2070.6412822414377,-2070.6412822414377,-2070.6412822414377,-154.23254844735393,-154.23254844735393,-154.23254844735393,0,0,0,-2619.940305840248,1215.8316645559848,2655.5507014832906,2655.5507014832906,-770.8323920160483
2026-07-13T00:00:00Z,2655.778903020191,-642.8338695060485,-642.8338695060485,-642.8338695060485,0,0,0,0,0,0,0,0,0,0,0,0,0,0,0,0,0,0,-914.9214993283205,-914.9214993283205,-914.9214993283205,0,0,0,0,0,0,417.2668386450977,417.2668386450977,417.2668386450977,-145.17920882282567,-145.17920882282567,-145.17920882282567,0,0,0,68.09607551325269,3821.4559044445455,2655.778903020191,2655.778903020191,2012.9450335141428
2026-07-14T00:00:00Z,2656.007104557092,-49.91670315811044,-49.91670315811044,-49.91670315811044,0,0,0,0,0,0,0,0,0,0,0,0,0,0,0,0,0,0,-698.4016743763167,-698.4016743763167,-698.4016743763167,0,0,0,0,0,0,782.6848167506719,782.6848167506719,782.6848167506719,-134.19984553246562,-134.19984553246562,-134.19984553246562,0,0,0,688.6249383258183,4463.103018983147,2656.007104557092,2656.007104557092,2606.0904013989816
2026-07-15T00:00:00Z,2656.235306093992,-27.909262302733172,-27.909262302733172,-27.909262302733172,0,0,0,0,0,0,0,0,0,0,0,0,0,0,0,0,0,0,-657.0731216856833,-657.0731216856833,-657.0731216856833,0,0,0,0,0,0,750.5195902304406,750.5195902304406,750.5195902304406,-121.35573084749032,-121.35573084749032,-121.35573084749032,0,0,0,739.6787828560234,4757.186452910082,2656.235306093992,2656.235306093992,2628.326043791259
2026-07-16T00:00:00Z,2656.4635076308928,-0.23587118117949502,-0.23587118117949502,-0.23587118117949502,0,0,0,0,0,0,0,0,0,0,0,0,0,0,0,0,0,0,-699.9159779302769,-699.9159779302769,-699.9159779302769,0,0,0,0,0,0,806.4432778122156,806.4432778122156,806.4432778122156,-106.76317106311807,-106.76317106311807,-106.76317106311807,0,0,0,606.9432153527123,4680.183630629916,2656.4635076308928,2656.4635076308928,2656.2276364497134
2026-07-17T00:00:00Z,2656.691709167793,46.921752589494005,46.921752589494005,46.921752589494005,0,0,0,0,0,0,0,0,0,0,0,0,0,0,0,0,0,0,-652.0940890216506,-652.0940890216506,-652.0940890216506,0,0,0,0,0,0,789.6082492655398,789.6082492655398,789.6082492655398,-90.59240765439549,-90.59240765439549,-90.59240765439549,0,0,0,589.7429258259999,4572.213769648054,2656.691709167793,2656.691709167793,2703.613461757287
2026-07-18T00:00:00Z,2656.919910704694,-2001.1524734291063,-2001.1524734291063,-2001.1524734291063,0,0,0,0,0,0,0,0,0,0,0,0,0,0,0,0,0,0,-452.20630528139765,-452.20630528139765,-452.20630528139765,0,0,0,0,0,0,-1475.881490458692,-1475.881490458692,-1475.881490458692,-73.06467768901689,-73.06467768901689,-73.06467768901689,0,0,0,-1304.4930378956196,2545.0897460623023,2656.919910704694,2656.919910704694,655.7674372755876
2026-07-19T00:00:00Z,2657.148112241594,-2344.2032352784886,-2344.2032352784886,-2344.2032352784886,0,0,0,0,0,0,0,0,0,0,0,0,0,0,0,0,0,0,-219.11446434637128,-219.11446434637128,-219.11446434637128,0,0,0,0,0,0,-2070.64128223921,-2070.64128223921,-2070.64128223921,-54.44748869290744,-54.44748869290744,-54.44748869290744,0,0,0,-1670.3986098222615,2358.115902426965,2657.148112241594,2657.148112241594,312.94487696310534
2026-07-20T00:00:00Z,2657.3763137784945,264.2012693078193,264.2012693078193,264.2012693078193,0,0,0,0,0,0,0,0,0,0,0,0,0,0,0,0,0,0,-118.01734497582748,-118.01734497582748,-118.01734497582748,0,0,0,0,0,0,417.26683863952115,417.26683863952115,417.26683863952115,-35.048224355874424,-35.048224355874424,-35.048224355874424,0,0,0,918.4802718463659,4942.131961912157,2657.3763137784945,2657.3763137784945,2921.577583086314
2026-07-21T00:00:00Z,2657.6045153153946,595.3062643679865,595.3062643679865,595.3062643679865,0,0,0,0,0,0,0,0,0,0,0,0,0,0,0,0,0,0,-172.17229673907244,-172.17229673907244,-172.17229673907244,0,0,0,0,0,0,782.6848167505855,782.6848167505855,782.6848167505855,-15.206255643526642,-15.206255643526642,-15.206255643526642,0,0,0,1296.6746228044635,5219.229244059093,2657.6045153153946,2657.6045153153946,3252.910779683381
2026-07-22T00:00:00Z,2657.8327168522956,528.0861070270279,528.0861070270279,528.0861070270279,0,0,0,0,0,0,0,0,0,0,0,0,0,0,0,0,0,0,-227.14969809839513,-227.14969809839513,-227.14969809839513,0,0,0,0,0,0,750.5195902301921,750.5195902301921,750.5195902301921,4.716214895231026,4.716214895231026,4.716214895231026,0,0,0,1270.2988729766457,5047.371357299845,2657.8327168522956,2657.8327168522956,3185.9188238793236
2026-07-23T00:00:00Z,2658.0609183891956,717.3920805600104,717.3920805600104,717.3920805600104,0,0,0,0,0,0,0,0,0,0,0,0,0,0,0,0,0,0,-113.39549864671139,-113.39549864671139,-113.39549864671139,0,0,0,0,0,0,806.4432778130248,806.4432778130248,806.4432778130248,24.344301393697172,24.344301393697172,24.344301393697172,0,0,0,1491.6216118900086,5401.6815089607835,2658.0609183891956,2658.0609183891956,3375.452998949206
2026-07-24T00:00:00Z,2658.289119926096,996.9503009236166,996.9503009236166,996.9503009236166,0,0,0,0,0,0,0,0,0,0,0,0,0,0,0,0,0,0,164.0407884680111,164.0407884680111,164.0407884680111,0,0,0,0,0,0,789.6082492657634,789.6082492657634,789.6082492657634,43.30126318984213,43.30126318984213,43.30126318984213,0,0,0,1587.6731718398105,5712.215896039457,2658.289119926096,2658.289119926096,3655.2394208497126
2026-07-25T00:00:00Z,2658.5173214629963,-991.8421154475283,-991.8421154475283,-991.8421154475283,0,0,0,0,0,0,0,0,0,0,0,0,0,0,0,0,0,0,422.8197020573562,422.8197020573562,422.8197020573562,0,0,0,0,0,0,-1475.8814904515505,-1475.8814904515505,-1475.8814904515505,61.21967294666587,61.21967294666587,61.21967294666587,0,0,0,-332.43420108084854,3590.730154771724,2658.5173214629963,2658.5173214629963,1666.6752060154681
2026-07-26T00:00:00Z,2658.7455229998973,-1478.82208648487,-1478.82208648487,-1478.82208648487,0,0,0,0,0,0,0,0,0,0,0,0,0,0,0,0,0,0,514.0666296313043,514.0666296313043,514.0666296313043,0,0,0,0,0,0,-2070.641282236982,-2070.641282236982,-2070.641282236982,77.75256612080797,77.75256612080797,77.75256612080797,0,0,0,-735.7862325447028,3118.326006212411,2658.7455229998973,2658.7455229998973,1179.9234365150273
2026-07-27T00:00:00Z,2658.9737245367974,1046.7525668456872,1046.7525668456872,1046.7525668456872,0,0,0,0,0,0,0,0,0,0,0,0,0,0,0,0,0,0,536.9015207746096,536.9015207746096,536.9015207746096,0,0,0,0,0,0,417.26683864025296,417.26683864025296,417.26683864025296,92.58420743082455,92.58420743082455,92.58420743082455,0,0,0,1692.2680977156456,5672.471210144436,2658.9737245367974,2658.9737245367974,3705.7262913824843
2026-07-28T00:00:00Z,2659.201926073698,1697.361841740441,1697.361841740441,1697.361841740441,0,0,0,0,0,0,0,0,0,0,0,0,0,0,0,0,0,0,809.2369092907745,809.2369092907745,809.2369092907745,0,0,0,0,0,0,782.6848167502834,782.6848167502834,782.6848167502834,105.44011569938331,105.44011569938331,105.44011569938331,0,0,0,2316.8110844081266,6072.142326880728,2659.201926073698,2659.201926073698,4356.563767814139
2026-07-29T00:00:00Z,2659.430127610598,2435.135878438828,2435.135878438828,2435.135878438828,0,0,0,0,0,0,0,0,0,0,0,0,0,0,0,0,0,0,1568.5202822569747,1568.5202822569747,1568.5202822569747,0,0,0,0,0,0,750.5195902299434,750.5195902299434,750.5195902299434,116.09600595190963,116.09600595190963,116.09600595190963,0,0,0,3002.659297347403,7021.167666436626,2659.430127610598,2659.430127610598,5094.5660060494265
2026-07-30T00:00:00Z,2659.658329147499,3587.355064303157,3587.355064303157,3587.355064303157,0,0,0,0,0,0,0,0,0,0,0,0,0,0,0,0,0,0,2656.526449924377,2656.526449924377,2656.526449924377,0,0,0,0,0,0,806.4432778124976,806.4432778124976,806.4432778124976,124.38533656628235,124.38533656628235,124.38533656628235,0,0,0,4427.075695991993,8437.698882215507,2659.658329147499,2659.658329147499,6247.013393450656
2026-07-31T00:00:00Z,2659.886530684399,4424.195487865801,4424.195487865801,4424.195487865801,0,0,0,0,0,0,0,0,0,0,0,0,0,0,0,0,0,0,3504.382049853115,3504.382049853115,3504.382049853115,0,0,0,0,0,0,789.6082492624149,789.6082492624149,789.6082492624149,130.20518875027025,130.20518875027025,130.20518875027025,0,0,0,4987.275128372071,9021.733156522489,2659.886530684399,2659.886530684399,7084.0820185502
2026-08-01T00:00:00Z,2660.1147322212996,2150.6532176658734,2150.6532176658734,2150.6532176658734,0,0,0,0,0,0,0,0,0,0,0,0,0,0,0,0,0,0,3493.0144535146137,3493.0144535146137,3493.0144535146137,0,0,0,0,0,0,-1475.8814904544934,-1475.8814904544934,-1475.8814904544934,133.52025460575425,133.52025460575425,133.52025460575425,0,0,0,2984.2019675464676,6891.525996548495,2660.1147322212996,2660.1147322212996,4810.767949887173
2026-08-02T00:00:00Z,2660.3429337581997,487.95977265149264,487.95977265149264,487.95977265149264,0,0,0,0,0,0,0,0,0,0,0,0,0,0,0,0,0,0,2424.236287868723,2424.236287868723,2424.236287868723,0,0,0,0,0,0,-2070.641282237965,-2070.641282237965,-2070.641282237965,134.36476702073537,134.36476702073537,134.36476702073537,0,0,0,1113.0360066237492,5222.306883333396,2660.3429337581997,2660.3429337581997,3148.3027064096923
2026-08-03T00:00:00Z,2660.5711352951007,1261.6594126042976,1261.6594126042976,1261.6594126042976,0,0,0,0,0,0,0,0,0,0,0,0,0,0,0,0,0,0,711.550306034517,711.550306034517,711.550306034517,0,0,0,0,0,0,417.2668386419956,417.2668386419956,417.2668386419956,132.84226792778517,132.84226792778517,132.84226792778517,0,0,0,1922.9661941531667,5788.6325399588695,2660.5711352951007,2660.5711352951007,3922.2305478993985
2026-08-04T00:00:00Z,2660.799336832001,28.53285434726416,28.53285434726416,28.53285434726416,0,0,0,0,0,0,0,0,0,0,0,0,0,0,0,0,0,0,-883.2751415218701,-883.2751415218701,-883.2751415218701,0,0,0,0,0,0,782.684816749981,782.684816749981,782.684816749981,129.12317911915304,129.12317911915304,129.12317911915304,0,0,0,712.6641535125409,4635.67014440009,2660.799336832001,2660.799336832001,2689.332191179265
2026-08-05T00:00:00Z,2661.0275383689013,-890.4161078863763,-890.4161078863763,-890.4161078863763,0,0,0,0,0,0,0,0,0,0,0,0,0,0,0,0,0,0,-1764.3759078375836,-1764.3759078375836,-1764.3759078375836,0,0,0,0,0,0,750.5195902302845,750.5195902302845,750.5195902302845,123.44020972092298,123.44020972092298,123.44020972092298,0,0,0,-263.5552316033105,3786.626436002223,2661.0275383689013,2661.0275383689013,1770.611430482525
2026-08-06T00:00:00Z,2661.255739905802,-935.6414658577281,-935.6414658577281,-935.6414658577281,0,0,0,0,0,0,0,0,0,0,0,0,0,0,0,0,0,0,-1858.166448063765,-1858.166448063765,-1858.166448063765,0,0,0,0,0,0,806.443277814643,806.443277814643,806.443277814643,116.08170439139414,116.08170439139414,116.08170439139414,0,0,0,-189.6263592619116,3663.7565054113943,2661.255739905802,2661.255739905802,1725.6142740480736
2026-08-07T00:00:00Z,2661.483941442702,-652.9040548474406,-652.9040548474406,-652.9040548474406,0,0,0,0,0,0,0,0,0,0,0,0,0,0,0,0,0,0,-1549.89540821484,-1549.89540821484,-1549.89540821484,0,0,0,0,0,0,789.6082492626387,789.6082492626387,789.6082492626387,107.38310410476055,107.38310410476055,107.38310410476055,0,0,0,65.88398364666229,3990.9555652037648,2661.483941442702,2661.483941442702,2008.5798865952613
2026-08-08T00:00:00Z,2661.7121429796025,-2677.467418647987,-2677.467418647987,-2677.467418647987,0,0,0,0,0,0,0,0,0,0,0,0,0,0,0,0,0,0,-1299.302683001509,-1299.302683001509,-1299.302683001509,0,0,0,0,0,0,-1475.881490453672,-1475.881490453672,-1475.881490453672,97.71675480719432,97.71675480719432,97.71675480719432,0,0,0,-1886.9199342514662,1992.4621992599255,2661.7121429796025,2661.7121429796025,-15.755275668384456
2026-08-09T00:00:00Z,2661.940344516503,-3269.027827370119,-3269.027827370119,-3269.027827370119,0,0,0,0,0,0,0,0,0,0,0,0,0,0,0,0,0,0,-1285.8669013613521,-1285.8669013613521,-1285.8669013613521,0,0,0,0,0,0,-2070.6412822357374,-2070.6412822357374,-2070.6412822357374,87.4803562269696,87.4803562269696,87.4803562269696,0,0,0,-2720.077066375235,1419.3677913869053,2661.940344516503,2661.940344516503,-607.0874828536162
2026-08-10T00:00:00Z,2662.168546053403,-869.9649338241405,-869.9649338241405,-869.9649338241405,0,0,0,0,0,0,0,0,0,0,0,0,0,0,0,0,0,0,-1364.316164227388,-1364.316164227388,-1364.316164227388,0,0,0,0,0,0,417.2668386343974,417.2668386343974,417.2668386343974,77.08439176885007,77.08439176885007,77.08439176885007,0,0,0,-99.0616085237907,3718.598716004041,2662.168546053403,2662.168546053403,1792.2036122292625
2026-08-11T00:00:00Z,2662.396747590304,-457.2997084404569,-457.2997084404569,-457.2997084404569,0,0,0,0,0,0,0,0,0,0,0,0,0,0,0,0,0,0,-1306.923444270919,-1306.923444270919,-1306.923444270919,0,0,0,0,0,0,782.6848167496792,782.6848167496792,782.6848167496792,66.93891908078318,66.93891908078318,66.93891908078318,0,0,0,228.8583729445585,4120.197688049433,2662.396747590304,2662.396747590304,2205.097039149847
2026-08-12T00:00:00Z,2662.624949127204,-254.22325893382927,-254.22325893382927,-254.22325893382927,0,0,0,0,0,0,0,0,0,0,0,0,0,0,0,0,0,0,-1062.1829773274821,-1062.1829773274821,-1062.1829773274821,0,0,0,0,0,0,750.5195902306574,750.5195902306574,750.5195902306574,57.44012816299551,57.44012816299551,57.44012816299551,0,0,0,467.987859911911,4290.235529142004,2662.624949127204,2662.624949127204,2408.401690193375
2026-08-13T00:00:00Z,2662.8531506641048,68.5143766727075,68.5143766727075,68.5143766727075,0,0,0,0,0,0,0,0,0,0,0,0,0,0,0,0,0,0,-786.8859899334958,-786.8859899334958,-786.8859899334958,0,0,0,0,0,0,806.4432778141158,806.4432778141158,806.4432778141158,48.957088792087525,48.957088792087525,48.957088792087525,0,0,0,840.5367642102395,4882.333649275257,2662.8531506641048,2662.8531506641048,2731.367527336812
2026-08-14T00:00:00Z,2663.081352201005,174.1365271236098,174.1365271236098,174.1365271236098,0,0,0,0,0,0,0,0,0,0,0,0,0,0,0,0,0,0,-657.2908330160943,-657.2908330160943,-657.2908330160943,0,0,0,0,0,0,789.6082492610763,789.6082492610763,789.6082492610763,41.819110878628145,41.819110878628145,41.819110878628145,0,0,0,790.0528550462074,4998.9148350346795,2663.081352201005,2663.081352201005,2837.217879324615
2026-08-15T00:00:00Z,2663.309553737906,-2118.981601420321,-2118.981601420321,-2118.981601420321,0,0,0,0,0,0,0,0,0,0,0,0,0,0,0,0,0,0,-679.4042409041734,-679.4042409041734,-679.4042409041734,0,0,0,0,0,0,-1475.8814904566154,-1475.8814904566154,-1475.8814904566154,36.304129940467924,36.304129940467924,36.304129940467924,0,0,0,-1439.8852113732573,2457.657441623263,2663.309553737906,2663.309553737906,544.3279523175847
2026-08-16T00:00:00Z,2663.5377552748064,-2733.692490092068,-2733.692490092068,-2733.692490092068,0,0,0,0,0,0,0,0,0,0,0,0,0,0,0,0,0,0,-695.6797131564043,-695.6797131564043,-695.6797131564043,0,0,0,0,0,0,-2070.641282240555,-2070.641282240555,-2070.641282240555,32.62850530489071,32.62850530489071,32.62850530489071,0,0,0,-2043.7320848621441,1892.5324857138262,2663.5377552748064,2663.5377552748064,-70.15473481726167
2026-08-17T00:00:00Z,2663.7659568117065,-118.99662004720992,-118.99662004720992,-118.99662004720992,0,0,0,0,0,0,0,0,0,0,0,0,0,0,0,0,0,0,-567.2020402000007,-567.2020402000007,-567.2020402000007,0,0,0,0,0,0,417.26683863715084,417.26683863715084,417.26683863715084,30.938581515639804,30.938581515639804,30.938581515639804,0,0,0,367.39998320201073,4381.642599179336,2663.765335746461,2663.7659632583,2544.7693367644965
2026-08-18T00:00:00Z,2663.994158348607,485.93255429003096,485.93255429003096,485.93255429003096,0,0,0,0,0,0,0,0,0,0,0,0,0,0,0,0,0,0,-328.05657718368377,-328.05657718368377,-328.05657718368377,0,0,0,0,0,0,782.6848167495928,782.6848167495928,782.6848167495928,31.304314724122047,31.304314724122047,31.304314724122047,0,0,0,1294.6144599271277,5217.642619579989,2663.988916414184,2663.995917343827,3149.926712638638
2026-08-19T00:00:00Z,2664.2223598855076,638.4879090799839,638.4879090799839,638.4879090799839,0,0,0,0,0,0,0,0,0,0,0,0,0,0,0,0,0,0,-145.7468880375122,-145.7468880375122,-145.7468880375122,0,0,0,0,0,0,750.5195902297874,750.5195902297874,750.5195902297874,33.715206887708746,33.715206887708746,33.715206887708746,0,0,0,1144.3384322135025,5273.463439076441,2664.2111462116204,2664.231451802939,3302.710268965491
2026-08-20T00:00:00Z,2664.450561422408,712.1760806260526,712.1760806260526,712.1760806260526,0,0,0,0,0,0,0,0,0,0,0,0,0,0,0,0,0,0,-132.34592029106742,-132.34592029106742,-132.34592029106742,0,0,0,0,0,0,806.4432778108079,806.4432778108079,806.4432778108079,38.078723106312104,38.078723106312104,38.078723106312104,0,0,0,1379.9037431693457,5393.677277416078,2664.4339104784094,2664.4640852398898,3376.626642048461
2026-08-21T00:00:00Z,2664.678762959308,621.3188393007209,621.3188393007209,621.3188393007209,0,0,0,0,0,0,0,0,0,0,0,0,0,0,0,0,0,0,-212.51070331494702,-212.51070331494702,-212.51070331494702,0,0,0,0,0,0,789.6082492658794,789.6082492658794,789.6082492658794,44.221293349788624,44.221293349788624,44.221293349788624,0,0,0,1281.1936412227733,5264.272483643315,2664.652251883204,2664.7007036536975,3285.997602260029
2026-08-22T00:00:00Z,2664.9069644962087,-1620.432624759964,-1620.432624759964,-1620.432624759964,0,0,0,0,0,0,0,0,0,0,0,0,0,0,0,0,0,0,-196.44305566528067,-196.44305566528067,-196.44305566528067,0,0,0,0,0,0,-1475.8814904576761,-1475.8814904576761,-1475.8814904576761,51.89192136299275,51.89192136299275,51.89192136299275,0,0,0,-983.2550253443385,3022.7084882676118,2664.873393768941,2664.939501272182,1044.4743397362447
2026-08-23T00:00:00Z,2665.1351660331093,-1996.0250100880405,-1996.0250100880405,-1996.0250100880405,0,0,0,0,0,0,0,0,0,0,0,0,0,0,0,0,0,0,13.847929085601583,13.847929085601583,13.847929085601583,0,0,0,0,0,0,-2070.6412822399325,-2070.6412822399325,-2070.6412822399325,60.768343066290775,60.768343066290775,60.768343066290775,0,0,0,-1262.5279831578912,2532.9426335535786,2665.0935104225696,2665.184380091158,669.1101559450688
2026-08-24T00:00:00Z,2665.36336757001,796.801976646199,796.801976646199,796.801976646199,0,0,0,0,0,0,0,0,0,0,0,0,0,0,0,0,0,0,309.0695412819668,309.0695412819668,309.0695412819668,0,0,0,0,0,0,417.26683863788253,417.26683863788253,417.26683863788253,70.46559672634982,70.46559672634982,70.46559672634982,0,0,0,1468.1474089665069,5486.493937593939,2665.3097940700923,2665.421496616576,3462.1653442162087
2026-08-25T00:00:00Z,2665.59156910691,-587.7348512515985,-587.7348512515985,-587.7348512515985,0,0,0,0,0,0,-1941.2219588157836,-1941.2219588157836,-1941.2219588157836,0,0,0,0,0,0,-1941.2219588157836,-1941.2219588157836,-1941.2219588157836,490.2555007513702,490.2555007513702,490.2555007513702,0,0,0,0,0,0,782.6848167490745,782.6848167490745,782.6848167490745,80.54679006374035,80.54679006374035,80.54679006374035,0,0,0,17.07969909770766,4142.672067798767,2665.5222610098403,2665.6591247931824,2077.856717855311
2026-08-26T00:00:00Z,2665.8197706438104,1357.7802696179037,1357.7802696179037,1357.7802696179037,0,0,0,0,0,0,0,0,0,0,0,0,0,0,0,0,0,0,516.7249017070023,516.7249017070023,516.7249017070023,0,0,0,0,0,0,750.5195902301605,750.5195902301605,750.5195902301605,90.53577768074076,90.53577768074076,90.53577768074076,0,0,0,2039.5629933105254,6067.240746080308,2665.7338398497695,2665.896752969788,4023.600040261714
2026-08-27T00:00:00Z,2666.047972180711,1527.0293744314629,1527.0293744314629,1527.0293744314629,0,0,0,0,0,0,0,0,0,0,0,0,0,0,0,0,0,0,620.6546985758671,620.6546985758671,620.6546985758671,0,0,0,0,0,0,806.443277811617,806.443277811617,806.443277811617,99.93139804397875,99.93139804397875,99.93139804397875,0,0,0,2280.124065834191,6179.105285636238,2665.9491881578065,2666.1458326943466,4193.077346612174
2026-08-28T00:00:00Z,2666.2761737176115,2024.2426495931454,2024.2426495931454,2024.2426495931454,0,0,0,0,0,0,0,0,0,0,0,0,0,0,0,0,0,0,1126.411535517999,1126.411535517999,1126.411535517999,0,0,0,0,0,0,789.6082492643171,789.6082492643171,789.6082492643171,108.22286481082932,108.22286481082932,108.22286481082932,0,0,0,2786.4154093295588,6739.12049795878,2666.1677249441477,2666.3810081503966,4690.5188233107565
2026-08-29T00:00:00Z,2666.5043752545116,739.1077952420212,739.1077952420212,739.1077952420212,0,0,0,0,0,0,0,0,0,0,0,0,0,0,0,0,0,0,2100.0834213371304,2100.0834213371304,2100.0834213371304,0,0,0,0,0,0,-1475.881490460619,-1475.881490460619,-1475.881490460619,114.90586436551035,114.90586436551035,114.90586436551035,0,0,0,1582.6518820981605,5400.282978420067,2666.3802507664386,2666.6218909723757,3405.6121704965326
2026-08-30T00:00:00Z,2666.7325767914126,1202.836870543953,1202.836870543953,1202.836870543953,0,0,0,0,0,0,0,0,0,0,0,0,0,0,0,0,0,0,3153.9792712721883,3153.9792712721883,3153.9792712721883,0,0,0,0,0,0,-2070.64128223931,-2070.64128223931,-2070.64128223931,119.4988815110751,119.4988815110751,119.4988815110751,0,0,0,1754.9467432847446,5797.943092886382,2666.5933089453856,2666.875359910335,3869.5694473353656
2026-08-31T00:00:00Z,2666.9607783283127,2230.381471918948,2230.381471918948,2230.381471918948,0,0,0,0,0,0,-1941.2219588157836,-1941.2219588157836,-1941.2219588157836,0,0,0,0,0,0,-1941.2219588157836,-1941.2219588157836,-1941.2219588157836,3632.7773326496176,3632.7773326496176,3632.7773326496176,0,0,0,0,0,0,417.26683863861433,417.26683863861433,417.26683863861433,121.55925944649995,121.55925944649995,121.55925944649995,0,0,0,2724.476936624632,6816.711407114652,2666.808991365222,2667.1105185619977,4897.34225024726
2026-09-01T00:00:00Z,2667.1889798652132,3981.7007292723047,3981.7007292723047,3981.7007292723047,0,0,0,0,0,0,0,0,0,0,0,0,0,0,0,0,0,0,3078.3174133782572,3078.3174133782572,3078.3174133782572,0,0,0,0,0,0,782.6848167503819,782.6848167503819,782.6848167503819,120.69849914366478,120.69849914366478,120.69849914366478,0,0,0,4687.0476020488695,8656.709962252351,2667.0296368300137,2667.345126042979,6648.889709137518
2026-09-02T00:00:00Z,2667.4171814021133,2470.2885827789637,2470.2885827789637,2470.2885827789637,0,0,0,0,0,0,0,0,0,0,0,0,0,0,0,0,0,0,1603.1726752922207,1603.1726752922207,1603.1726752922207,0,0,0,0,0,0,750.5195902299116,750.5195902299116,750.5195902299116,116.59631725683084,116.59631725683084,116.59631725683084,0,0,0,3195.540960653025,7243.839932853213,2667.251782390013,2667.5864209005476,5137.705764181077
2026-09-03T00:00:00Z,2667.645382939014,767.8034451587582,767.8034451587582,767.8034451587582,0,0,0,0,0,0,0,0,0,0,0,0,0,0,0,0,0,0,-147.65284320102646,-147.65284320102646,-147.65284320102646,0,0,0,0,0,0,806.4432778124262,806.4432778124262,806.4432778124262,109.01301054735853,109.01301054735853,109.01301054735853,0,0,0,1413.4396287684908,5486.704791987404,2667.467098149512,2667.8221341075277,3435.448828097772
2026-09-04T00:00:00Z,2667.8735844759144,-543.9466247046237,-543.9466247046237,-543.9466247046237,0,0,0,0,0,0,0,0,0,0,0,0,0,0,0,0,0,0,-1431.3545917949657,-1431.3545917949657,-1431.3545917949657,0,0,0,0,0,0,789.6082492645407,789.6082492645407,789.6082492645407,97.79971782580134,97.79971782580134,97.79971782580134,0,0,0,-65.70029297063067,4042.628670855811,2667.6800790130865,2668.064633526069,2123.926959771291
2026-09-05T00:00:00Z,2668.101786012815,-3285.6585070132874,-3285.6585070132874,-3285.6585070132874,0,0,0,0,0,0,0,0,0,0,0,0,0,0,0,0,0,0,-1892.6832430361712,-1892.6832430361712,-1892.6832430361712,0,0,0,0,0,0,-1475.8814904597978,-1475.8814904597978,-1475.8814904597978,82.90622648268207,82.90622648268207,82.90622648268207,0,0,0,-2484.0759264063695,1307.4619972309836,2667.898624934828,2668.305898830601,-617.5567210004724
2026-09-06T00:00:00Z,2668.329987549715,-3728.310512859257,-3728.310512859257,-3728.310512859257,0,0,0,0,0,0,0,0,0,0,0,0,0,0,0,0,0,0,-1722.0552689298288,-1722.0552689298288,-1722.0552689298288,0,0,0,0,0,0,-2070.6412822425223,-2070.6412822425223,-2070.6412822425223,64.38603831309466,64.38603831309466,64.38603831309466,0,0,0,-2963.109112334545,862.2214540014808,2668.113030553714,2668.544143176793,-1059.980525309542
2026-09-07T00:00:00Z,2668.5581890866156,-937.5867053706852,-937.5867053706852,-937.5867053706852,0,0,0,0,0,0,0,0,0,0,0,0,0,0,0,0,0,0,-1397.2520306336467,-1397.2520306336467,-1397.2520306336467,0,0,0,0,0,0,417.26683864136777,417.26683864136777,417.26683864136777,42.39848662159398,42.39848662159398,42.39848662159398,0,0,0,-391.2927903251407,3582.5716487244094,2668.3194926228693,2668.795719596204,1730.9714837159304
2026-09-08T00:00:00Z,2668.786390623516,-466.4736766091505,-466.4736766091505,-466.4736766091505,0,0,0,0,0,0,0,0,0,0,0,0,0,0,0,0,0,0,-1266.3662747053593,-1266.3662747053593,-1266.3662747053593,0,0,0,0,0,0,782.6848167500797,782.6848167500797,782.6848167500797,17.20778134612925,17.20778134612925,17.20778134612925,0,0,0,314.83533962613956,4255.46283801124,2668.528155663702,2669.037269471559,2202.3127140143656
2026-09-09T00:00:00Z,2669.0145921604167,-589.9485344593293,-589.9485344593293,-589.9485344593293,0,0,0,0,0,0,0,0,0,0,0,0,0,0,0,0,0,0,-1329.6470733947183,-1329.6470733947183,-1329.6470733947183,0,0,0,0,0,0,750.5195902296633,750.5195902296633,750.5195902296633,-10.821051294273966,-10.821051294273966,-10.821051294273966,0,0,0,91.85507085886513,3984.572666531839,2668.746868680986,2669.2764620134326,2079.0660577010876
2026-09-10T00:00:00Z,2669.2427936973168,-596.522002247236,-596.522002247236,-596.522002247236,0,0,0,0,0,0,0,0,0,0,0,0,0,0,0,0,0,0,-1361.7360040621504,-1361.7360040621504,-1361.7360040621504,0,0,0,0,0,0,806.4432778132353,806.4432778132353,806.4432778132353,-41.22927599832094,-41.22927599832094,-41.22927599832094,0,0,0,169.34076212397935,4093.0425973680326,2668.9557041232056,2669.5160487781463,2072.720791450081
2026-09-11T00:00:00Z,2669.4709952342173,-485.37546556867505,-485.37546556867505,-485.37546556867505,0,0,0,0,0,0,0,0,0,0,0,0,0,0,0,0,0,0,-1201.509262809448,-1201.509262809448,-1201.509262809448,0,0,0,0,0,0,789.6082492611922,789.6082492611922,789.6082492611922,-73.47445202041992,-73.47445202041992,-73.47445202041992,0,0,0,233.02194223799927,4110.47522131975,2669.1738531956194,2669.755084191004,2184.095529665542
2026-09-12T00:00:00Z,2669.699196771118,-2497.7460839999067,-2497.7460839999067,-2497.7460839999067,0,0,0,0,0,0,0,0,0,0,0,0,0,0,0,0,0,0,-914.9214993297486,-914.9214993297486,-914.9214993297486,0,0,0,0,0,0,-1475.8814904545382,-1475.8814904545382,-1475.8814904545382,-106.94309421561958,-106.94309421561958,-106.94309421561958,0,0,0,-2009.1281583030304,2257.249916089101,2669.3891769798556,2670.00578733724,171.95311277121118
2026-09-13T00:00:00Z,2669.9273983080184,-2910.0086262720465,-2910.0086262720465,-2910.0086262720465,0,0,0,0,0,0,0,0,0,0,0,0,0,0,0,0,0,0,-698.4016743780437,-698.4016743780437,-698.4016743780437,0,0,0,0,0,0,-2070.6412822419006,-2070.6412822419006,-2070.6412822419006,-140.96566965210238,-140.96566965210238,-140.96566965210238,0,0,0,-2183.1402059118677,1812.8023838243287,2669.597743253573,2670.258864688932,-240.08122796402813
2026-09-14T00:00:00Z,2670.1555998449185,-414.6398165940057,-414.6398165940057,-414.6398165940057,0,0,0,0,0,0,0,0,0,0,0,0,0,0,0,0,0,0,-657.0731216835519,-657.0731216835519,-657.0731216835519,0,0,0,0,0,0,417.2668386420994,417.2668386420994,417.2668386420994,-174.83353355255318,-174.83353355255318,-174.83353355255318,0,0,0,318.3598441130708,4335.620714410363,2669.7987716932284,2670.504168284312,2255.5157832509126
2026-09-15T00:00:00Z,2670.383801381819,-125.04850583875645,-125.04850583875645,-125.04850583875645,0,0,0,0,0,0,0,0,0,0,0,0,0,0,0,0,0,0,-699.9159779300087,-699.9159779300087,-699.9159779300087,0,0,0,0,0,0,782.6848167499936,782.6848167499936,782.6848167499936,-207.81734465874115,-207.81734465874115,-207.81734465874115,0,0,0,529.9347012274488,4533.808883991249,2670.015085295824,2670.7607970817503,2545.335295543063
2026-09-16T00:00:00Z,2670.6120029187196,-2081.982906838314,-2081.982906838314,-2081.982906838314,0,0,0,0,0,0,-1941.2219588157836,-1941.2219588157836,-1941.2219588157836,0,0,0,0,0,0,-1941.2219588157836,-1941.2219588157836,-1941.2219588157836,-652.0940890218778,-652.0940890218778,-652.0940890218778,0,0,0,0,0,0,750.5195902300044,750.5195902300044,750.5195902300044,-239.1864492306572,-239.1864492306572,-239.1864492306572,0,0,0,-1288.2453533076941,2545.1971196034924,2670.2267074149995,2671.00484494825,588.6290960804054
2026-09-17T00:00:00Z,2670.84020445562,86.00828604870881,86.00828604870881,86.00828604870881,0,0,0,0,0,0,0,0,0,0,0,0,0,0,0,0,0,0,-452.20630527921384,-452.20630527921384,-452.20630527921384,0,0,0,0,0,0,806.4432778099272,806.4432778099272,806.4432778099272,-268.22868648200466,-268.22868648200466,-268.22868648200466,0,0,0,746.8131445587926,4750.799194453199,2670.438399563759,2671.255189907474,2756.8484905043288
2026-09-18T00:00:00Z,2671.0684059925206,276.2237373239857,276.2237373239857,276.2237373239857,0,0,0,0,0,0,0,0,0,0,0,0,0,0,0,0,0,0,-219.1144643472818,-219.1144643472818,-219.1144643472818,0,0,0,0,0,0,789.608249261416,789.608249261416,789.608249261416,-294.2700475901484,-294.2700475901484,-294.2700475901484,0,0,0,983.1960300359239,5190.40747665184,2670.644101853358,2671.4988285281634,2947.2921433165066
2026-09-19T00:00:00Z,2671.2966075294207,-1910.592451744973,-1910.592451744973,-1910.592451744973,0,0,0,0,0,0,0,0,0,0,0,0,0,0,0,0,0,0,-118.01734497431322,-118.01734497431322,-118.01734497431322,0,0,0,0,0,0,-1475.8814904555995,-1475.8814904555995,-1475.8814904555995,-316.69361631506035,-316.69361631506035,-316.69361631506035,0,0,0,-1133.902352989447,2664.144404303062,2670.855387768118,2671.745316307582,760.7041557844477
2026-09-20T00:00:00Z,2671.5248090663217,-2577.770811043328,-2577.770811043328,-2577.770811043328,0,0,0,0,0,0,0,0,0,0,0,0,0,0,0,0,0,0,-172.1722967402461,-172.1722967402461,-172.1722967402461,0,0,0,0,0,0,-2070.641282241278,-2070.641282241278,-2070.641282241278,-334.95723206180406,-334.95723206180406,-334.95723206180406,0,0,0,-1906.9670762869514,2088.143461213443,2671.063795259573,2672.0142568733354,93.75399802299353
2026-09-21T00:00:00Z,2671.753010603222,-158.49220519381473,-158.49220519381473,-158.49220519381473,0,0,0,0,0,0,0,0,0,0,0,0,0,0,0,0,0,0,-227.14969809785907,-227.14969809785907,-227.14969809785907,0,0,0,0,0,0,417.2668386438421,417.2668386438421,417.2668386438421,-348.6093457397976,-348.6093457397976,-348.6093457397976,0,0,0,504.89453266009554,4553.600721764062,2671.2805738533075,2672.2666555840483,2513.260805409407
2026-09-22T00:00:00Z,2671.9812121401224,311.9867337469025,311.9867337469025,311.9867337469025,0,0,0,0,0,0,0,0,0,0,0,0,0,0,0,0,0,0,-113.39549864478623,-113.39549864478623,-113.39549864478623,0,0,0,0,0,0,782.6848167494753,782.6848167494753,782.6848167494753,-357.30258435778654,-357.30258435778654,-357.30258435778654,0,0,0,908.9798400720763,4876.762597466339,2671.49543240442,2672.5113749363863,2983.967945887025
2026-09-23T00:00:00Z,2672.209413677023,553.7557779341822,553.7557779341822,553.7557779341822,0,0,0,0,0,0,0,0,0,0,0,0,0,0,0,0,0,0,164.0407884696974,164.0407884696974,164.0407884696974,0,0,0,0,0,0,750.5195902303774,750.5195902303774,750.5195902303774,-360.8046007658924,-360.8046007658924,-360.8046007658924,0,0,0,1137.7929529775813,5329.121948103672,2671.6926424546737,2672.7552737522096,3225.9651916112052
2026-09-24T00:00:00Z,2672.4376152139234,870.257121138322,870.257121138322,870.257121138322,0,0,0,0,0,0,0,0,0,0,0,0,0,0,0,0,0,0,422.8197020554586,422.8197020554586,422.8197020554586,0,0,0,0,0,0,806.4432778120727,806.4432778120727,806.4432778120727,-359.00585872920925,-359.00585872920925,-359.00585872920925,0,0,0,1552.322667033193,5397.9572646586275,2671.9076964792125,2673.0160277143823,3542.6947363522454
2026-09-25T00:00:00Z,2672.6658167508235,951.7507903679411,951.7507903679411,951.7507903679411,0,0,0,0,0,0,0,0,0,0,0,0,0,0,0,0,0,0,514.0666296315778,514.0666296315778,514.0666296315778,0,0,0,0,0,0,789.6082492616397,789.6082492616397,789.6082492616397,-351.92408852527655,-351.92408852527655,-351.92408852527655,0,0,0,1763.8540806175138,5691.807446706334,2672.128144874624,2673.269015458222,3624.4166071187647
2026-09-26T00:00:00Z,2672.894018287724,-1278.6852118357258,-1278.6852118357258,-1278.6852118357258,0,0,0,0,0,0,0,0,0,0,0,0,0,0,0,0,0,0,536.9015207743012,536.9015207743012,536.9015207743012,0,0,0,0,0,0,-1475.8814904566605,-1475.8814904566605,-1475.8814904566605,-339.7052421533665,-339.7052421533665,-339.7052421533665,0,0,0,-582.2167527035087,3378.6318659943186,2672.316211880417,2673.5241368732763,1394.2088064519983
2026-09-27T00:00:00Z,2673.122219824624,-1584.0252502601945,-1584.0252502601945,-1584.0252502601945,0,0,0,0,0,0,0,0,0,0,0,0,0,0,0,0,0,0,809.2369092901081,809.2369092901081,809.2369092901081,0,0,0,0,0,0,-2070.641282240656,-2070.641282240656,-2070.641282240656,-322.62087730964697,-322.62087730964697,-322.62087730964697,0,0,0,-945.639086253889,3034.3287289154305,2672.5184483558733,2673.772645482632,1089.0969695644296
2026-09-28T00:00:00Z,2673.350421361525,1684.7251182431844,1684.7251182431844,1684.7251182431844,0,0,0,0,0,0,0,0,0,0,0,0,0,0,0,0,0,0,1568.5202822583324,1568.5202822583324,1568.5202822583324,0,0,0,0,0,0,417.266838637255,417.266838637255,417.266838637255,-301.06200265240284,-301.06200265240284,-301.06200265240284,0,0,0,2399.0161082871286,6471.74329460288,2672.729531749635,2674.0182973550727,4358.07553960471
2026-09-29T00:00:00Z,2673.5786228984252,3163.681746151346,3163.681746151346,3163.681746151346,0,0,0,0,0,0,0,0,0,0,0,0,0,0,0,0,0,0,2656.5264499252758,2656.5264499252758,2656.5264499252758,0,0,0,0,0,0,782.6848167493891,782.6848167493891,782.6848167493891,-275.52952052331807,-275.52952052331807,-275.52952052331807,0,0,0,3853.671211013391,7924.351358514821,2672.941096285093,2674.2609238049336,5837.260369049771
2026-09-30T00:00:00Z,2673.806824435326,4008.2801359504306,4008.2801359504306,4008.2801359504306,0,0,0,0,0,0,0,0,0,0,0,0,0,0,0,0,0,0,3504.382049853776,3504.382049853776,3504.382049853776,0,0,0,0,0,0,750.5195902295073,750.5195902295073,750.5195902295073,-246.62150413285303,-246.62150413285303,-246.62150413285303,0,0,0,4646.652484470746,8681.87227700618,2673.127687642085,2674.509468186175,6682.086960385756
2026-10-01T00:00:00Z,2674.035025972226,4084.440090068483,4084.440090068483,4084.440090068483,0,0,0,0,0,0,0,0,0,0,0,0,0,0,0,0,0,0,3493.0144535159766,3493.0144535159766,3493.0144535159766,0,0,0,0,0,0,806.4432778115455,806.4432778115455,806.4432778115455,-215.01764125903821,-215.01764125903821,-215.01764125903821,0,0,0,4837.490670300988,8775.746506858517,2673.319347968866,2674.7599460795645,6758.475116040709
2026-10-02T00:00:00Z,2674.263227509127,3032.383274268952,3032.383274268952,3032.383274268952,0,0,0,0,0,0,0,0,0,0,0,0,0,0,0,0,0,0,2424.2362878659656,2424.2362878659656,2424.2362878659656,0,0,0,0,0,0,789.6082492600773,789.6082492600773,789.6082492600773,-181.46126285708934,-181.46126285708934,-181.46126285708934,0,0,0,3641.5022582585007,7742.842300824326,2673.5291860659745,2675.0167144058255,5706.646501778079
2026-10-03T00:00:00Z,2674.491429046027,-911.0706344067542,-911.0706344067542,-911.0706344067542,0,0,0,0,0,0,0,0,0,0,0,0,0,0,0,0,0,0,711.5503060334198,711.5503060334198,711.5503060334198,0,0,0,0,0,0,-1475.8814904495189,-1475.8814904495189,-1475.8814904495189,-146.73944999065472,-146.73944999065472,-146.73944999065472,0,0,0,-261.9517652533755,3753.0854016919466,2673.742425662878,2675.268864307888,1763.4207946392728
2026-10-04T00:00:00Z,2674.7196305829275,-3065.5781975968785,-3065.5781975968785,-3065.5781975968785,0,0,0,0,0,0,0,0,0,0,0,0,0,0,0,0,0,0,-883.2751415249321,-883.2751415249321,-883.2751415249321,0,0,0,0,0,0,-2070.641282238428,-2070.641282238428,-2070.641282238428,-111.66177383351842,-111.66177383351842,-111.66177383351842,0,0,0,-2156.3141656583784,1660.7753002124691,2673.958167995215,2675.5218552544666,-390.85856701395096
2026-10-05T00:00:00Z,2674.9478321198276,-1424.1473383733764,-1424.1473383733764,-1424.1473383733764,0,0,0,0,0,0,0,0,0,0,0,0,0,0,0,0,0,0,-1764.3759078364644,-1764.3759078364644,-1764.3759078364644,0,0,0,0,0,0,417.26683863899734,417.26683863899734,417.26683863899734,-77.03826917590993,-77.03826917590993,-77.03826917590993,0,0,0,-745.228001636463,3066.3435459677103,2674.170942862796,2675.7686291019736,1250.8004937464511
2026-10-06T00:00:00Z,2675.1760336567286,-1119.1389017118424,-1119.1389017118424,-1119.1389017118424,0,0,0,0,0,0,0,0,0,0,0,0,0,0,0,0,0,0,-1858.166448064031,-1858.166448064031,-1858.166448064031,0,0,0,0,0,0,782.6848167493029,782.6848167493029,782.6848167493029,-43.65727039711361,-43.65727039711361,-43.65727039711361,0,0,0,-428.3699052209829,3461.376201864684,2674.3913490828113,2676.028768390595,1556.0371319448861
2026-10-07T00:00:00Z,2675.4042351936287,-811.639567185626,-811.639567185626,-811.639567185626,0,0,0,0,0,0,0,0,0,0,0,0,0,0,0,0,0,0,-1549.895408215709,-1549.895408215709,-1549.895408215709,0,0,0,0,0,0,750.5195902298801,750.5195902298801,750.5195902298801,-12.263749199796521,-12.263749199796521,-12.263749199796521,0,0,0,-137.6014762195712,3847.5663983614186,2674.6019864499654,2676.284603246673,1863.7646680080027
2026-10-08T00:00:00Z,2675.632436730529,-476.3981902180248,-476.3981902180248,-476.3981902180248,0,0,0,0,0,0,0,0,0,0,0,0,0,0,0,0,0,0,-1299.3026830019608,-1299.3026830019608,-1299.3026830019608,0,0,0,0,0,0,806.4432778123546,806.4432778123546,806.4432778123546,16.46121497158114,16.46121497158114,16.46121497158114,0,0,0,131.97646403736312,4174.530844221964,2674.8020630855412,2676.534440253379,2199.2342465125043
2026-10-09T00:00:00Z,2675.8606382674297,-454.3394241833757,-454.3394241833757,-454.3394241833757,0,0,0,0,0,0,0,0,0,0,0,0,0,0,0,0,0,0,-1285.866901363408,-1285.866901363408,-1285.866901363408,0,0,0,0,0,0,789.6082492648804,789.6082492648804,789.6082492648804,41.91922791515159,41.91922791515159,41.91922791515159,0,0,0,348.0823697957925,4225.241631975947,2675.001243520365,2676.78955758045,2221.521214084054
2026-10-10T00:00:00Z,2676.0888398043303,-2776.5865764546115,-2776.5865764546115,-2776.5865764546115,0,0,0,0,0,0,0,0,0,0,0,0,0,0,0,0,0,0,-1364.316164227574,-1364.316164227574,-1364.316164227574,0,0,0,0,0,0,-1475.8814904524618,-1475.8814904524618,-1475.8814904524618,63.611078225424045,63.611078225424045,63.611078225424045,0,0,0,-2013.508209969334,1826.3673571393522,2675.200365747234,2677.0382488826986,-100.49773665028124
2026-10-11T00:00:00Z,2676.3170413412304,-3296.414283943569,-3296.414283943569,-3296.414283943569,0,0,0,0,0,0,0,0,0,0,0,0,0,0,0,0,0,0,-1306.9234442711368,-1306.9234442711368,-1306.9234442711368,0,0,0,0,0,0,-2070.6412822394113,-2070.6412822394113,-2070.6412822394113,81.15044256697963,81.15044256697963,81.15044256697963,0,0,0,-2508.903167182342,1292.8171296104013,2675.409730155507,2677.2846915158448,-620.0972426023386
2026-10-12T00:00:00Z,2676.545242878131,-550.6417596106577,-550.6417596106577,-550.6417596106577,0,0,0,0,0,0,0,0,0,0,0,0,0,0,0,0,0,0,-1062.1829773296765,-1062.1829773296765,-1062.1829773296765,0,0,0,0,0,0,417.26683863972914,417.26683863972914,417.26683863972914,94.27437907928936,94.27437907928936,94.27437907928936,0,0,0,163.00543262889974,4167.170244780058,2675.6088513804634,2677.5329237652204,2125.9034832674733
2026-10-13T00:00:00Z,2676.773444415031,98.64910654915198,98.64910654915198,98.64910654915198,0,0,0,0,0,0,0,0,0,0,0,0,0,0,0,0,0,0,-786.8859899351512,-786.8859899351512,-786.8859899351512,0,0,0,0,0,0,782.6848167501785,782.6848167501785,782.6848167501785,102.85027973412491,102.85027973412491,102.85027973412491,0,0,0,690.9835834714526,4754.093173528367,2675.8127412789772,2677.7841140587493,2775.422550964183
2026-10-14T00:00:00Z,2677.001645951932,200.1078107155665,200.1078107155665,200.1078107155665,0,0,0,0,0,0,0,0,0,0,0,0,0,0,0,0,0,0,-657.290833014823,-657.290833014823,-657.290833014823,0,0,0,0,0,0,750.5195902302212,750.5195902302212,750.5195902302212,106.8790535001682,106.8790535001682,106.8790535001682,0,0,0,973.9931424897171,4740.52995247202,2676.0142981736203,2678.0431989512285,2877.1094566674983
2026-10-15T00:00:00Z,2677.229847488832,233.53345786877688,233.53345786877688,233.53345786877688,0,0,0,0,0,0,0,0,0,0,0,0,0,0,0,0,0,0,-679.4042409046181,-679.4042409046181,-679.4042409046181,0,0,0,0,0,0,806.4432778131638,806.4432778131638,806.4432778131638,106.49442096023137,106.49442096023137,106.49442096023137,0,0,0,950.9138071872511,4898.723706006139,2676.2184520017618,2678.2891025952217,2910.763305357609
2026-10-16T00:00:00Z,2677.4580490257326,195.88685055861035,195.88685055861035,195.88685055861035,0,0,0,0,0,0,0,0,0,0,0,0,0,0,0,0,0,0,-695.6797131563492,-695.6797131563492,-695.6797131563492,0,0,0,0,0,0,789.608249263318,789.608249263318,789.608249263318,101.95831445164112,101.95831445164112,101.95831445164112,0,0,0,936.4548846671294,4796.39221121744,2676.418356201329,2678.5368583364348,2873.344899584343
2026-10-17T00:00:00Z,2677.686250562633,-1949.431038096858,-1949.431038096858,-1949.431038096858,0,0,0,0,0,0,0,0,0,0,0,0,0,0,0,0,0,0,-567.2020401992867,-567.2020401992867,-567.2020401992867,0,0,0,0,0,0,-1475.8814904516407,-1475.8814904516407,-1475.8814904516407,93.65249255406917,93.65249255406917,93.65249255406917,0,0,0,-1174.130188919026,2714.529237617593,2676.6232015611786,2678.766292661362,728.2552124657752
2026-10-18T00:00:00Z,2677.9144520995337,-2316.6312689460474,-2316.6312689460474,-2316.6312689460474,0,0,0,0,0,0,0,0,0,0,0,0,0,0,0,0,0,0,-328.0565771835345,-328.0565771835345,-328.0565771835345,0,0,0,0,0,0,-2070.6412822371835,-2070.6412822371835,-2070.6412822371835,82.06659047467072,82.06659047467072,82.06659047467072,0,0,0,-1568.428255213994,2525.201062920916,2676.823144864149,2679.0140363527,361.28318315348633
2026-10-19T00:00:00Z,2678.142653636434,339.3028858330831,339.3028858330831,339.3028858330831,0,0,0,0,0,0,0,0,0,0,0,0,0,0,0,0,0,0,-145.7468880352734,-145.7468880352734,-145.7468880352734,0,0,0,0,0,0,417.26683864147157,417.26683864147157,417.26683864147157,67.782935226885,67.782935226885,67.782935226885,0,0,0,1072.3022481482942,4934.801230878213,2677.023786835988,2679.2766351867117,3017.445539469517
2026-10-20T00:00:00Z,2678.3708551733343,701.7974496990382,701.7974496990382,701.7974496990382,0,0,0,0,0,0,0,0,0,0,0,0,0,0,0,0,0,0,-132.34592029143002,-132.34592029143002,-132.34592029143002,0,0,0,0,0,0,782.6848167500921,782.6848167500921,782.6848167500921,51.45855324037624,51.45855324037624,51.45855324037624,0,0,0,1417.2234352247206,5287.101618670612,2677.225186888444,2679.5500650418726,3380.1683048723726
2026-10-21T00:00:00Z,2678.5990567102353,571.8137721051136,571.8137721051136,571.8137721051136,0,0,0,0,0,0,0,0,0,0,0,0,0,0,0,0,0,0,-212.5107033142606,-212.5107033142606,-212.5107033142606,0,0,0,0,0,0,750.5195902305944,750.5195902305944,750.5195902305944,33.80488518877975,33.80488518877975,33.80488518877975,0,0,0,1270.5561195833234,5261.6642716576225,2677.4265869409005,2679.8292783302454,3250.412828815349
2026-10-22T00:00:00Z,2678.8272582471354,625.5660178158289,625.5660178158289,625.5660178158289,0,0,0,0,0,0,0,0,0,0,0,0,0,0,0,0,0,0,-196.4430556643142,-196.4430556643142,-196.4430556643142,0,0,0,0,0,0,806.4432778139729,806.4432778139729,806.4432778139729,15.565795666170342,15.565795666170342,15.565795666170342,0,0,0,1327.9611568189252,5317.98367502681,2677.6279869933564,2680.080070393224,3304.393276062964
2026-10-23T00:00:00Z,2679.055459784036,800.9506999527455,800.9506999527455,800.9506999527455,0,0,0,0,0,0,0,0,0,0,0,0,0,0,0,0,0,0,13.847929084041008,13.847929084041008,13.847929084041008,0,0,0,0,0,0,789.6082492635418,789.6082492635418,789.6082492635418,-2.5054783948370227,-2.5054783948370227,-2.5054783948370227,0,0,0,1554.9461387438282,5437.350303797197,2677.841925910776,2680.320967931079,3480.0061597367812
2026-10-24T00:00:00Z,2679.283661320936,-1186.4817080177975,-1186.4817080177975,-1186.4817080177975,0,0,0,0,0,0,0,0,0,0,0,0,0,0,0,0,0,0,309.0695412819089,309.0695412819089,309.0695412819089,0,0,0,0,0,0,-1475.8814904545839,-1475.8814904545839,-1475.8814904545839,-19.669758845122576,-19.669758845122576,-19.669758845122576,0,0,0,-607.6669445206004,3227.5707723159003,2678.0413221154204,2680.578463431384,1492.8019533031386
2026-10-25T00:00:00Z,2679.511862857837,-1615.610818665819,-1615.610818665819,-1615.610818665819,0,0,0,0,0,0,0,0,0,0,0,0,0,0,0,0,0,0,490.2555007515196,490.2555007515196,490.2555007515196,0,0,0,0,0,0,-2070.6412822420016,-2070.6412822420016,-2070.6412822420016,-35.22503717533743,-35.22503717533743,-35.22503717533743,0,0,0,-831.7712217255539,2998.6862871399976,2678.2342208890987,2680.852964226666,1063.9010441920182
2026-10-26T00:00:00Z,2679.740064394737,885.4631726408859,885.4631726408859,885.4631726408859,0,0,0,0,0,0,0,0,0,0,0,0,0,0,0,0,0,0,516.7249017066505,516.7249017066505,516.7249017066505,0,0,0,0,0,0,417.2668386432143,417.2668386432143,417.2668386432143,-48.52856770897888,-48.52856770897888,-48.52856770897888,0,0,0,1728.8849899473405,5511.68817103133,2678.4346726924073,2681.1024450948125,3565.203237035623
2026-10-27T00:00:00Z,2679.9682659316377,1344.3222465474864,1344.3222465474864,1344.3222465474864,0,0,0,0,0,0,0,0,0,0,0,0,0,0,0,0,0,0,620.6546985742477,620.6546985742477,620.6546985742477,0,0,0,0,0,0,782.68481674979,782.68481674979,782.68481674979,-59.01726877655105,-59.01726877655105,-59.01726877655105,0,0,0,2106.1972440726695,5922.371938078715,2678.6351979952624,2681.3484885113903,4024.290512479124
2026-10-28T00:00:00Z,2680.196467468538,1810.7053249854828,1810.7053249854828,1810.7053249854828,0,0,0,0,0,0,0,0,0,0,0,0,0,0,0,0,0,0,1126.4115355193333,1126.4115355193333,1126.4115355193333,0,0,0,0,0,0,750.519590229724,750.519590229724,750.519590229724,-66.2258007635744,-66.2258007635744,-66.2258007635744,0,0,0,2677.0335802385785,6606.172292546895,2678.8363106265406,2681.5945845390634,4490.90179245402
2026-10-29T00:00:00Z,2680.4246690054383,2836.724946848644,2836.724946848644,2836.724946848644,0,0,0,0,0,0,0,0,0,0,0,0,0,0,0,0,0,0,2100.083421338912,2100.083421338912,2100.083421338912,0,0,0,0,0,0,806.4432778134458,806.4432778134458,806.4432778134458,-69.80175230371343,-69.80175230371343,-69.80175230371343,0,0,0,3586.0554557054634,7669.352860863588,2679.044095661505,2681.9109809927095,5517.149615854082
2026-10-30T00:00:00Z,2680.652870542339,3874.0700747363057,3874.0700747363057,3874.0700747363057,0,0,0,0,0,0,0,0,0,0,0,0,0,0,0,0,0,0,3153.979271273862,3153.979271273862,3153.979271273862,0,0,0,0,0,0,789.6082492665588,789.6082492665588,789.6082492665588,-69.51744580411517,-69.51744580411517,-69.51744580411517,0,0,0,4665.202650532887,8554.762579980454,2679.2396476353188,2682.1671921019624,6554.722945278645
2026-10-31T00:00:00Z,2680.8810720792394,2091.617873422646,2091.617873422646,2091.617873422646,0,0,0,0,0,0,0,0,0,0,0,0,0,0,0,0,0,0,3632.777332649922,3632.777332649922,3632.777332649922,0,0,0,0,0,0,-1475.8814904575268,-1475.8814904575268,-1475.8814904575268,-65.27796876974963,-65.27796876974963,-65.27796876974963,0,0,0,2785.7046776004163,6908.952881429442,2679.4598915609813,2682.4213316841533,4772.498945501886
2026-11-01T00:00:00Z,2681.1092736161395,950.5509857121552,950.5509857121552,950.5509857121552,0,0,0,0,0,0,0,0,0,0,0,0,0,0,0,0,0,0,3078.3174133775897,3078.3174133775897,3078.3174133775897,0,0,0,0,0,0,-2070.641282241379,-2070.641282241379,-2070.641282241379,-57.12514542405536,-57.12514542405536,-57.12514542405536,0,0,0,1646.982311585891,5621.575194995481,2679.6677895107205,2682.700416307101,3631.6602593282946
2026-11-02T00:00:00Z,2681.3374751530405,1975.2022330663576,1975.2022330663576,1975.2022330663576,0,0,0,0,0,0,0,0,0,0,0,0,0,0,0,0,0,0,1603.1726752958548,1603.1726752958548,1603.1726752958548,0,0,0,0,0,0,417.266838644957,417.266838644957,417.266838644957,-45.237280874454214,-45.237280874454214,-45.237280874454214,0,0,0,2732.093298268877,6660.076681790481,2679.862641010034,2682.969328764952,4656.539708219398
2026-11-03T00:00:00Z,2681.5656766899406,605.1073393539152,605.1073393539152,605.1073393539152,0,0,0,0,0,0,0,0,0,0,0,0,0,0,0,0,0,0,-147.6528431974323,-147.6528431974323,-147.6528431974323,0,0,0,0,0,0,782.6848167494876,782.6848167494876,782.6848167494876,-29.924634198139987,-29.924634198139987,-29.924634198139987,0,0,0,1401.1634158750055,5288.397625067655,2680.0712506130126,2683.2305945955177,3286.6730160438556
2026-11-04T00:00:00Z,2681.793878226841,-692.4557053244786,-692.4557053244786,-692.4557053244786,0,0,0,0,0,0,0,0,0,0,0,0,0,0,0,0,0,0,-1431.3545917938761,-1431.3545917938761,-1431.3545917938761,0,0,0,0,0,0,750.5195902300974,750.5195902300974,750.5195902300974,-11.620703760700044,-11.620703760700044,-11.620703760700044,0,0,0,42.82663736573039,4071.8280030258156,2680.2879488088474,2683.4903387205522,1989.3381729023627
2026-11-05T00:00:00Z,2682.022079763741,-1077.1094993612828,-1077.1094993612828,-1077.1094993612828,0,0,0,0,0,0,0,0,0,0,0,0,0,0,0,0,0,0,-1892.68324303724,-1892.68324303724,-1892.68324303724,0,0,0,0,0,0,806.4432778114739,806.4432778114739,806.4432778114739,9.130465864482963,9.130465864482963,9.130465864482963,0,0,0,-348.44436943564256,3479.3972849551474,2680.4805297925586,2683.7503510538368,1604.9125804024584
2026-11-06T00:00:00Z,2682.2502813006417,-900.7563951333799,-900.7563951333799,-900.7563951333799,0,0,0,0,0,0,0,0,0,0,0,0,0,0,0,0,0,0,-1722.0552689300296,-1722.0552689300296,-1722.0552689300296,0,0,0,0,0,0,789.6082492667823,789.6082492667823,789.6082492667823,31.690624529867318,31.690624529867318,31.690624529867318,0,0,0,-191.9651182143305,3855.6626958361685,2680.686347984863,2684.0015557220104,1781.4938861672617
2026-11-07T00:00:00Z,2682.4784828375423,-2817.7866605131508,-2817.7866605131508,-2817.7866605131508,0,0,0,0,0,0,0,0,0,0,0,0,0,0,0,0,0,0,-1397.2520306326187,-1397.2520306326187,-1397.2520306326187,0,0,0,0,0,0,-1475.8814904585877,-1475.8814904585877,-1475.8814904585877,55.34686057805618,55.34686057805618,55.34686057805618,0,0,0,-2133.15384067218,1706.9167677613364,2680.8936767589857,2684.2510795523262,-135.30817767560848
2026-11-08T00:00:00Z,2682.706684374443,-5198.895713231105,-5198.895713231105,-5198.895713231105,0,0,0,0,0,0,-1941.2219588157836,-1941.2219588157836,-1941.2219588157836,0,0,0,0,0,0,-1941.2219588157836,-1941.2219588157836,-1941.2219588157836,-1266.3662747074861,-1266.3662747074861,-1266.3662747074861,0,0,0,0,0,0,-2070.641282240757,-2070.641282240757,-2070.641282240757,79.3338025329222,79.3338025329222,79.3338025329222,0,0,0,-4377.819434697473,-476.60935758318595,2681.10115159793,2684.5024023946476,-2516.1890288566624
2026-11-09T00:00:00Z,2682.934885911343,-809.5223890871274,-809.5223890871274,-809.5223890871274,0,0,0,0,0,0,0,0,0,0,0,0,0,0,0,0,0,0,-1329.6470733947574,-1329.6470733947574,-1329.6470733947574,0,0,0,0,0,0,417.2668386456888,417.2668386456888,417.2668386456888,102.85784566194191,102.85784566194191,102.85784566194191,0,0,0,-315.3941901490335,3917.5212598488843,2681.2905960823664,2684.7535152727037,1873.4124968242154
2026-11-10T00:00:00Z,2683.163087448244,-453.9284861807195,-453.9284861807195,-453.9284861807195,0,0,0,0,0,0,0,0,0,0,0,0,0,0,0,0,0,0,-1361.736004062549,-1361.736004062549,-1361.736004062549,0,0,0,0,0,0,782.684816750579,782.684816750579,782.684816750579,125.1227011312504,125.1227011312504,125.1227011312504,0,0,0,231.00692947672752,4199.241257820156,2681.4661356832476,2685.005871507216,2229.2346012675243
2026-11-11T00:00:00Z,2683.391288985144,-305.63415694465164,-305.63415694465164,-305.63415694465164,0,0,0,0,0,0,0,0,0,0,0,0,0,0,0,0,0,0,-1201.509262810705,-1201.509262810705,-1201.509262810705,0,0,0,0,0,0,750.5195902304705,750.5195902304705,750.5195902304705,145.35551563558312,145.35551563558312,145.35551563558312,0,0,0,449.3410252241039,4338.198283664108,2681.6416752841287,2685.2683894483735,2377.7571320404923
2026-11-12T00:00:00Z,2683.6194905220445,54.354559407931895,54.354559407931895,54.354559407931895,0,0,0,0,0,0,0,0,0,0,0,0,0,0,0,0,0,0,-914.921499329207,-914.921499329207,-914.921499329207,0,0,0,0,0,0,806.4432778122831,806.4432778122831,806.4432778122831,162.83278092485602,162.83278092485602,162.83278092485602,0,0,0,742.5492214299297,4720.539753437138,2681.8305191955383,2685.522453468246,2737.9740499299764
2026-11-13T00:00:00Z,2683.8476920589446,268.1118215451372,268.1118215451372,268.1118215451372,0,0,0,0,0,0,0,0,0,0,0,0,0,0,0,0,0,0,-698.4016743765704,-698.4016743765704,-698.4016743765704,0,0,0,0,0,0,789.60824926522,789.60824926522,789.60824926522,176.90524665648724,176.90524665648724,176.90524665648724,0,0,0,1056.5687089216296,4857.312011939292,2682.036687966432,2685.7784956407913,2951.9595136040816
2026-11-14T00:00:00Z,2684.0758935958456,-1945.9335451999334,-1945.9335451999334,-1945.9335451999334,0,0,0,0,0,0,0,0,0,0,0,0,0,0,0,0,0,0,-657.0731216849407,-657.0731216849407,-657.0731216849407,0,0,0,0,0,0,-1475.8814904596481,-1475.8814904596481,-1475.8814904596481,187.02106694465584,187.02106694465584,187.02106694465584,0,0,0,-1273.9331922309543,2753.54282715485,2682.2432203963754,2686.042501933044,738.1423483959122
2026-11-15T00:00:00Z,2684.3040951327457,-2577.8108095202883,-2577.8108095202883,-2577.8108095202883,0,0,0,0,0,0,0,0,0,0,0,0,0,0,0,0,0,0,-699.9159779293236,-699.9159779293236,-699.9159779293236,0,0,0,0,0,0,-2070.641282238529,-2070.641282238529,-2070.641282238529,192.7464506475648,192.7464506475648,192.7464506475648,0,0,0,-1720.8024954784723,2178.2277034741264,2682.448134464856,2686.309815805565,106.49328561245738
2026-11-16T00:00:00Z,2684.5322966696463,-41.04410341477268,-41.04410341477268,-41.04410341477268,0,0,0,0,0,0,0,0,0,0,0,0,0,0,0,0,0,0,-652.0940890217724,-652.0940890217724,-652.0940890217724,0,0,0,0,0,0,417.2668386401122,417.2668386401122,417.2668386401122,193.78314696688753,193.78314696688753,193.78314696688753,0,0,0,661.5523801415288,4699.989387895011,2682.6530485333374,2686.588697409786,2643.4881932548737
2026-11-17T00:00:00Z,2684.7604982065463,520.4606913086302,520.4606913086302,520.4606913086302,0,0,0,0,0,0,0,0,0,0,0,0,0,0,0,0,0,0,-452.20630528010264,-452.20630528010264,-452.20630528010264,0,0,0,0,0,0,782.6848167504929,782.6848167504929,782.6848167504929,189.98217983824017,189.98217983824017,189.98217983824017,0,0,0,1283.5609966599495,5355.256604289266,2682.844322088555,2686.8520513885524,3205.221189515177
2026-11-18T00:00:00Z,2684.9886997434473,712.758470630737,712.758470630737,712.758470630737,0,0,0,0,0,0,0,0,0,0,0,0,0,0,0,0,0,0,-219.1144643464175,-219.1144643464175,-219.1144643464175,0,0,0,0,0,0,750.5195902296001,750.5195902296001,750.5195902296001,181.35334474755442,181.35334474755442,181.35334474755442,0,0,0,1311.4569488735185,5334.918951979375,2683.048029245375,2687.119066445473,3397.7471703741844
2026-11-19T00:00:00Z,2685.2169012803474,856.4960302076222,856.4960302076222,856.4960302076222,0,0,0,0,0,0,0,0,0,0,0,0,0,0,0,0,0,0,-118.01734497552982,-118.01734497552982,-118.01734497552982,0,0,0,0,0,0,806.4432778130922,806.4432778130922,806.4432778130922,168.0700973700597,168.0700973700597,168.0700973700597,0,0,0,1621.6545278475478,5479.5682562622815,2683.255883381775,2687.3928227204588,3541.7129314879694
2026-11-20T00:00:00Z,2685.445102817248,767.9055441744949,767.9055441744949,767.9055441744949,0,0,0,0,0,0,0,0,0,0,0,0,0,0,0,0,0,0,-172.17229673972966,-172.17229673972966,-172.17229673972966,0,0,0,0,0,0,789.6082492636577,789.6082492636577,789.6082492636577,150.46959165056685,150.46959165056685,150.46959165056685,0,0,0,1552.1992954114075,5504.834031739434,2683.4616804919324,2687.669852875719,3453.350646991743
2026-11-21T00:00:00Z,2685.673304354148,-1573.9834264491615,-1573.9834264491615,-1573.9834264491615,0,0,0,0,0,0,0,0,0,0,0,0,0,0,0,0,0,0,-227.14969809884093,-227.14969809884093,-227.14969809884093,0,0,0,0,0,0,-1475.881490452507,-1475.881490452507,-1475.881490452507,129.04776210218657,129.04776210218657,129.04776210218657,0,0,0,-936.2568515719482,3023.650873056779,2683.6674776020914,2687.926391551626,1111.6898779049866
2026-11-22T00:00:00Z,2685.9015058910486,-2079.587293523815,-2079.587293523815,-2079.587293523815,0,0,0,0,0,0,0,0,0,0,0,0,0,0,0,0,0,0,-113.3954986475407,-113.3954986475407,-113.3954986475407,0,0,0,0,0,0,-2070.641282236301,-2070.641282236301,-2070.641282236301,104.44948736002709,104.44948736002709,104.44948736002709,0,0,0,-1468.4624024715474,2284.4765024115623,2683.8354171221863,2688.170813056565,606.3142123672337
2026-11-23T00:00:00Z,2686.1297074279496,658.7616424896407,658.7616424896407,658.7616424896407,0,0,0,0,0,0,0,0,0,0,0,0,0,0,0,0,0,0,164.04078846824262,164.04078846824262,164.04078846824262,0,0,0,0,0,0,417.266838640844,417.266838640844,417.266838640844,77.45401538055417,77.45401538055417,77.45401538055417,0,0,0,1204.5419938850976,5202.781442561518,2684.050146844731,2688.414866277341,3344.8913499175906
2026-11-24T00:00:00Z,2686.3579089648497,1254.460489825189,1254.460489825189,1254.460489825189,0,0,0,0,0,0,0,0,0,0,0,0,0,0,0,0,0,0,422.8197020555978,422.8197020555978,422.8197020555978,0,0,0,0,0,0,782.6848167501904,782.6848167501904,782.6848167501904,48.955971019400835,48.955971019400835,48.955971019400835,0,0,0,2083.9793685482928,5907.207986306069,2684.247253087237,2688.6532229128666,3940.8183987900384
2026-11-25T00:00:00Z,2686.5861105017502,1284.5286198633007,1284.5286198633007,1284.5286198633007,0,0,0,0,0,0,0,0,0,0,0,0,0,0,0,0,0,0,514.0666296313888,514.0666296313888,514.0666296313888,0,0,0,0,0,0,750.519590229973,750.519590229973,750.519590229973,19.942400001938946,19.942400001938946,19.942400001938946,0,0,0,1861.5165630255376,6009.009834469386,2684.4563049933745,2688.906561574435,3971.114730365051
2026-11-26T00:00:00Z,2686.8143120386508,1334.8112242122315,1334.8112242122315,1334.8112242122315,0,0,0,0,0,0,0,0,0,0,0,0,0,0,0,0,0,0,536.901520772935,536.901520772935,536.901520772935,0,0,0,0,0,0,806.4432778097841,806.4432778097841,806.4432778097841,-8.533574370487749,-8.533574370487749,-8.533574370487749,0,0,0,2104.0687435334407,5805.187706937109,2684.6602311705938,2689.1606233650027,4021.6255362508823
2026-11-27T00:00:00Z,2687.0425135755513,1563.4633608375755,1563.4633608375755,1563.4633608375755,0,0,0,0,0,0,0,0,0,0,0,0,0,0,0,0,0,0,809.236909289302,809.236909289302,809.236909289302,0,0,0,0,0,0,789.6082492620952,789.6082492620952,789.6082492620952,-35.38179771382152,-35.38179771382152,-35.38179771382152,0,0,0,2184.4674748023094,6349.87271382007,2684.868993328489,2689.4064771048074,4250.505874413127
2026-11-28T00:00:00Z,2687.2707151124514,33.1327315131913,33.1327315131913,33.1327315131913,0,0,0,0,0,0,0,0,0,0,0,0,0,0,0,0,0,0,1568.5202822609142,1568.5202822609142,1568.5202822609142,0,0,0,0,0,0,-1475.8814904554501,-1475.8814904554501,-1475.8814904554501,-59.50606029227261,-59.50606029227261,-59.50606029227261,0,0,0,791.0484207484915,4774.067202338574,2685.078157504479,2689.6717681297864,2720.4034466256426
2026-11-29T00:00:00Z,2687.498916649352,506.0490089030315,506.0490089030315,506.0490089030315,0,0,0,0,0,0,0,0,0,0,0,0,0,0,0,0,0,0,2656.526449924188,2656.526449924188,2656.526449924188,0,0,0,0,0,0,-2070.6412822372845,-2070.6412822372845,-2070.6412822372845,-79.8361587838714,-79.8361587838714,-79.8361587838714,0,0,0,1293.051191113107,5182.237374649465,2685.287420001832,2689.9298352167543,3193.5479255523833
2026-11-30T00:00:00Z,2687.7271181862525,3826.288734018341,3826.288734018341,3826.288734018341,0,0,0,0,0,0,0,0,0,0,0,0,0,0,0,0,0,0,3504.3820498538685,3504.3820498538685,3504.3820498538685,0,0,0,0,0,0,417.2668386425866,417.2668386425866,417.2668386425866,-95.36015447811364,-95.36015447811364,-95.36015447811364,0,0,0,4542.538402198751,8559.23125989743,2685.4966824991848,2690.1876430246125,6514.015852204593
2026-12-01T00:00:00Z,2687.955319723153,4170.543353879167,4170.543353879167,4170.543353879167,0,0,0,0,0,0,0,0,0,0,0,0,0,0,0,0,0,0,3493.0144535150084,3493.0144535150084,3493.0144535150084,0,0,0,0,0,0,782.6848167498885,782.6848167498885,782.6848167498885,-105.15591638572964,-105.15591638572964,-105.15591638572964,0,0,0,5007.51253090326,8684.990700854172,2685.6965672046313,2690.446095514046,6858.49867360232
2026-12-02T00:00:00Z,2688.183521260053,3066.334836884987,3066.334836884987,3066.334836884987,0,0,0,0,0,0,0,0,0,0,0,0,0,0,0,0,0,0,2424.2362878691015,2424.2362878691015,2424.2362878691015,0,0,0,0,0,0,750.5195902303143,750.5195902303143,750.5195902303143,-108.42104121442773,-108.42104121442773,-108.42104121442773,0,0,0,3583.8810798277373,7686.457033454044,2685.910720195766,2690.712128573004,5754.51835814504
2026-12-03T00:00:00Z,2688.4117227969537,1413.4933125806215,1413.4933125806215,1413.4933125806215,0,0,0,0,0,0,0,0,0,0,0,0,0,0,0,0,0,0,711.5503060372074,711.5503060372074,711.5503060372074,0,0,0,0,0,0,806.4432778119294,806.4432778119294,806.4432778119294,-104.50027126851553,-104.50027126851553,-104.50027126851553,0,0,0,2151.407917571116,6144.070585125396,2686.0721429961554,2691.001081597181,4101.905035377575
2026-12-04T00:00:00Z,2688.639924333854,-186.57647781399712,-186.57647781399712,-186.57647781399712,0,0,0,0,0,0,0,0,0,0,0,0,0,0,0,0,0,0,-883.2751415218326,-883.2751415218326,-883.2751415218326,0,0,0,0,0,0,789.60824926231885,789.60824926231885,789.60824926231885,-92.9095855544836,-92.9095855544836,-92.9095855544836,0,0,0,681.8272132579336,4481.223865696832,2686.2284401456272,2691.284101791569,2502.0634465198573
2026-12-05T00:00:00Z,2688.8681258707547,-3313.613615813553,-3313.613615813553,-3313.613615813553,0,0,0,0,0,0,0,0,0,0,0,0,0,0,0,0,0,0,-1764.375907836442,-1764.375907836442,-1764.375907836442,0,0,0,0,0,0,-1475.881490454629,-1475.881490454629,-1475.881490454629,-73.35621752248251,-73.35621752248251,-73.35621752248251,0,0,0,-2661.430234435819,1406.593770682253,2686.433187400043,2691.5231192098886,-624.7454899427985
2026-12-06T00:00:00Z,2689.096327407655,-3974.5616833283607,-3974.5616833283607,-3974.5616833283607,0,0,0,0,0,0,0,0,0,0,0,0,0,0,0,0,0,0,-1858.166448062573,-1858.166448062573,-1858.166448062573,0,0,0,0,0,0,-2070.641282235056,-2070.641282235056,-2070.641282235056,-45.75395303073128,-45.75395303073128,-45.75395303073128,0,0,0,-3236.8406824861368,805.04506783068,2686.6393288459326,2691.7857063296296,-1285.4653559207059
2026-12-07T00:00:00Z,2689.3245289445554,-1142.8617513527274,-1142.8617513527274,-1142.8617513527274,0,0,0,0,0,0,0,0,0,0,0,0,0,0,0,0,0,0,-1549.895408215357,-1549.895408215357,-1549.895408215357,0,0,0,0,0,0,417.26683863599914,417.26683863599914,417.26683863599914,-10.233181773369248,-10.233181773369248,-10.233181773369248,0,0,0,-416.7359038224014,3513.3719038679037,2686.825157494958,2692.0428294120074,1546.462777591828
2026-12-08T00:00:00Z,2689.552730481456,-483.76317768342574,-483.76317768342574,-483.76317768342574,0,0,0,0,0,0,0,0,0,0,0,0,0,0,0,0,0,0,-1299.3026830007018,-1299.3026830007018,-1299.3026830007018,0,0,0,0,0,0,782.6848167495862,782.6848167495862,782.6848167495862,32.854688567690125,32.854688567690125,32.854688567690125,0,0,0,180.2706327358007,4176.08117124493,2687.007575658722,2692.3109286537037,2205.78955279803
2026-12-09T00:00:00Z,2689.7809320183565,-452.4086137525084,-452.4086137525084,-452.4086137525084,0,0,0,0,0,0,0,0,0,0,0,0,0,0,0,0,0,0,-1285.86690136269,-1285.86690136269,-1285.86690136269,0,0,0,0,0,0,750.5195902300657,750.5195902300657,750.5195902300657,82.93869738011611,82.93869738011611,82.93869738011611,0,0,0,121.9766620462345,4252.687897473161,2687.206346937096,2692.570567154101,2237.372318265848
2026-12-10T00:00:00Z,2690.0091335552565,-418.6371266833945,-418.6371266833945,-418.6371266833945,0,0,0,0,0,0,0,0,0,0,0,0,0,0,0,0,0,0,-1364.3161642282755,-1364.3161642282755,-1364.3161642282755,0,0,0,0,0,0,806.4432778114023,806.4432778114023,806.4432778114023,139.23575973347872,139.23575973347872,139.23575973347872,0,0,0,360.0314924676399,4313.358627661537,2687.388213221433,2692.8415864723916,2271.372006871862
2026-12-11T00:00:00Z,2690.237335092157,-316.55121421983847,-316.55121421983847,-316.55121421983847,0,0,0,0,0,0,0,0,0,0,0,0,0,0,0,0,0,0,-1306.9234442713337,-1306.9234442713337,-1306.9234442713337,0,0,0,0,0,0,789.6082492607563,789.6082492607563,789.6082492607563,200.76398079073874,200.76398079073874,200.76398079073874,0,0,0,381.11693003585947,4430.651092303229,2687.5569081228327,2693.0977531079325,2373.6861208723185
2026-12-12T00:00:00Z,2690.4655366290576,-2271.7028516873224,-2271.7028516873224,-2271.7028516873224,0,0,0,0,0,0,0,0,0,0,0,0,0,0,0,0,0,0,-1062.1829773285463,-1062.1829773285463,-1062.1829773285463,0,0,0,0,0,0,-1475.8814904575718,-1475.8814904575718,-1475.8814904575718,266.36161609879474,266.36161609879474,266.36161609879474,0,0,0,-1527.0729488817617,2243.4245062509635,2687.7516425433096,2693.3535483936284,418.7626849417352
2026-12-13T00:00:00Z,2690.693738165958,-2522.8159920774638,-2522.8159920774638,-2522.8159920774638,0,0,0,0,0,0,0,0,0,0,0,0,0,0,0,0,0,0,-786.8859899342791,-786.8859899342791,-786.8859899342791,0,0,0,0,0,0,-2070.6412822398743,-2070.6412822398743,-2070.6412822398743,334.7112800966893,334.7112800966893,334.7112800966893,0,0,0,-1897.1997065340925,2133.380308371706,2687.967743747768,2693.600579421231,167.8777460884944
2026-12-14T00:00:00Z,2690.9219397028583,164.34486189100863,164.34486189100863,164.34486189100863,0,0,0,0,0,0,0,0,0,0,0,0,0,0,0,0,0,0,-657.2908330164573,-657.2908330164573,-657.2908330164573,0,0,0,0,0,0,417.2668386377418,417.2668386377418,417.2668386377418,404.36885626972423,404.36885626972423,404.36885626972423,0,0,0,952.720016206741,4886.659845213235,2688.184213434462,2693.855809323286,2855.266801593867
2026-12-15T00:00:00Z,2691.1501412397593,577.0770023511888,577.0770023511888,577.0770023511888,0,0,0,0,0,0,0,0,0,0,0,0,0,0,0,0,0,0,-679.4042409052922,-679.4042409052922,-679.4042409052922,0,0,0,0,0,0,782.6848167494996,782.6848167494996,782.6848167494996,473.79642650698105,473.79642650698105,473.79642650698105,0,0,0,1343.2358127631073,5402.4928013537065,2688.396614197627,2694.112123110158,3268.227143590948
2026-12-16T00:00:00Z,2691.378342776659,596.2382953305665,596.2382953305665,596.2382953305665,0,0,0,0,0,0,0,0,0,0,0,0,0,0,0,0,0,0,-695.679713156431,-695.679713156431,-695.679713156431,0,0,0,0,0,0,750.519590229817,750.519590229817,750.519590229817,541.3984182571808,541.3984182571808,541.3984182571808,0,0,0,1183.0355815816035,5281.911873824057,2688.5899914678357,2694.36843689703,3287.6166381072253
2026-12-17T00:00:00Z,2691.60654431356,844.8013071012801,844.8013071012801,844.8013071012801,0,0,0,0,0,0,0,0,0,0,0,0,0,0,0,0,0,0,-567.202040199852,-567.202040199852,-567.202040199852,0,0,0,0,0,0,806.4432778108753,806.4432778108753,806.4432778108753,605.5600694902569,605.5600694902569,605.5600694902569,0,0,0,1602.0599915250302,5375.322145664028,2688.782668678824,2694.6410708660314,3536.40785141484
2026-12-18T00:00:00Z,2691.83474585046,1126.2389082314442,1126.2389082314442,1126.2389082314442,0,0,0,0,0,0,0,0,0,0,0,0,0,0,0,0,0,0,-328.0565771835413,-328.0565771835413,-328.0565771835413,0,0,0,0,0,0,789.6082492655596,789.6082492655596,789.6082492655596,664.6872361494256,664.6872361494256,664.6872361494256,0,0,0,1821.8777070994884,5703.260781080661,2688.972419592339,2694.907949932127,3818.0736540819044
2026-12-19T00:00:00Z,2692.0629473873605,-904.3818614619698,-904.3818614619698,-904.3818614619698,0,0,0,0,0,0,0,0,0,0,0,0,0,0,0,0,0,0,-145.74688803707525,-145.74688803707525,-145.74688803707525,0,0,0,0,0,0,-1475.8814904586325,-1475.8814904586325,-1475.8814904586325,717.2465170337381,717.2465170337381,717.2465170337381,0,0,0,-128.00464787653883,3644.3433555894917,2689.1618172406634,2695.1636602177605,1787.6810859253906
2026-12-20T00:00:00Z,2692.291148924261,-1441.1825540394507,-1441.1825540394507,-1441.1825540394507,0,0,0,0,0,0,0,0,0,0,0,0,0,0,0,0,0,0,-132.345920291929,-132.345920291929,-132.345920291929,0,0,0,0,0,0,-2070.641282239252,-2070.641282239252,-2070.641282239252,761.8046484917303,761.8046484917303,761.8046484917303,0,0,0,-823.3200598438302,3133.828013514341,2689.352566176549,2695.41819258744,1251.1085948848104
2026-12-21T00:00:00Z,2692.5193504611616,1001.8222621102508,1001.8222621102508,1001.8222621102508,0,0,0,0,0,0,0,0,0,0,0,0,0,0,0,0,0,0,-212.51070331468924,-212.51070331468924,-212.51070331468924,0,0,0,0,0,0,417.26683863847376,417.26683863847376,417.26683863847376,797.0661267864663,797.0661267864663,797.0661267864663,0,0,0,1635.4959542741594,5663.66179773445,2689.5280857440257,2695.6752139618384,3694.3416125714125
2026-12-22T00:00:00Z,2692.7475519980617,1408.1498107398288,1408.1498107398288,1408.1498107398288,0,0,0,0,0,0,0,0,0,0,0,0,0,0,0,0,0,0,-196.44305566563207,-196.44305566563207,-196.44305566563207,0,0,0,0,0,0,782.6848167489818,782.6848167489818,782.6848167489818,821.9080496564793,821.9080496564793,821.9080496564793,0,0,0,2029.4497337863963,5978.895842971947,2689.732285856992,2695.934930491692,4100.897362737891
2026-12-23T00:00:00Z,2692.975753534962,1599.7787490559408,1599.7787490559408,1599.7787490559408,0,0,0,0,0,0,0,0,0,0,0,0,0,0,0,0,0,0,13.847929084689875,13.847929084689875,13.847929084689875,0,0,0,0,0,0,750.51959023019,750.51959023019,750.51959023019,835.4112297410612,835.4112297410612,835.4112297410612,0,0,0,2500.3280307308355,6370.784091969742,2689.927666003005,2696.1830110267183,4292.754502590903
2026-12-24T00:00:00Z,2693.2039550718628,1952.3995388648102,1952.3995388648102,1952.3995388648102,0,0,0,0,0,0,0,0,0,0,0,0,0,0,0,0,0,0,309.0695412833207,309.0695412833207,309.0695412833207,0,0,0,0,0,0,806.4432778130206,806.4432778130206,806.4432778130206,836.8867197684687,836.8867197684687,836.8867197684687,0,0,0,2663.321392977744,6643.1413995337625,2690.1193659451565,2696.432298647602,4645.603493936673
2026-12-25T00:00:00Z,2693.4321566087633,2105.760750569443,2105.760750569443,2105.760750569443,0,0,0,0,0,0,0,0,0,0,0,0,0,0,0,0,0,0,490.2555007513585,490.2555007513585,490.2555007513585,0,0,0,0,0,0,789.6082492639973,789.6082492639973,789.6082492639973,825.8970005540875,825.8970005540875,825.8970005540875,0,0,0,2720.53847971565,6777.980940791056,2690.3168930494758,2696.6849648022126,4799.192907178207
2026-12-26T00:00:00Z,2693.660358145664,-156.8853736326381,-156.8853736326381,-156.8853736326381,0,0,0,0,0,0,0,0,0,0,0,0,0,0,0,0,0,0,516.7249017071389,516.7249017071389,516.7249017071389,0,0,0,0,0,0,-1475.8814904596934,-1475.8814904596934,-1475.8814904596934,802.2712151199166,802.2712151199166,802.2712151199166,0,0,0,570.9063424333996,4471.674912719296,2690.5145901910287,2696.934556205324,2536.7749845130256
2026-12-27T00:00:00Z,2693.888559682564,-683.8726014764568,-683.8726014764568,-683.8726014764568,0,0,0,0,0,0,0,0,0,0,0,0,0,0,0,0,0,0,620.6546985744891,620.6546985744891,620.6546985744891,0,0,0,0,0,0,-2070.6412822386296,-2070.6412822386296,-2070.6412822386296,766.1139821876836,766.1139821876836,766.1139821876836,0,0,0,7.677733335411616,4103.703230535535,2690.7128580694116,2697.1878885526216,2010.0159582061071
2026-12-28T00:00:00Z,2694.116761219465,2261.4858601858787,2261.4858601858787,2261.4858601858787,0,0,0,0,0,0,0,0,0,0,0,0,0,0,0,0,0,0,1126.4115355206677,1126.4115355206677,1126.4115355206677,0,0,0,0,0,0,417.2668386392055,417.2668386392055,417.2668386392055,717.8074860260061,717.8074860260061,717.8074860260061,0,0,0,2928.9730470264485,6997.007480202494,2690.9052437723076,2697.4442023394945,4955.602621405344
2026-12-29T00:00:00Z,2694.344962756365,3540.7749508867487,3540.7749508867487,3540.7749508867487,0,0,0,0,0,0,0,0,0,0,0,0,0,0,0,0,0,0,2100.083421336527,2100.083421336527,2100.083421336527,0,0,0,0,0,0,782.684816750289,782.684816750289,782.684816750289,658.0067127999331,658.0067127999331,658.0067127999331,0,0,0,4386.855318528223,8203.636370581415,2691.1104041112653,2697.7005161263655,6235.119913643113
2026-12-30T00:00:00Z,2694.5731642932656,4492.126743087017,4492.126743087017,4492.126743087017,0,0,0,0,0,0,0,0,0,0,0,0,0,0,0,0,0,0,3153.9792712738154,3153.9792712738154,3153.9792712738154,0,0,0,0,0,0,750.5195902305312,750.5195902305312,750.5195902305312,587.6278815826699,587.6278815826699,587.6278815826699,0,0,0,5188.0766026046995,9403.534443396953,2691.309721940705,2697.9588470880476,7186.699907380282
2026-12-31T00:00:00Z,2694.8013658301657,4947.050906756038,4947.050906756038,4947.050906756038,0,0,0,0,0,0,0,0,0,0,0,0,0,0,0,0,0,0,3632.777332649463,3632.777332649463,3632.777332649463,0,0,0,0,0,0,806.4432778124936,806.4432778124936,806.4432778124936,507.8302962940828,507.8302962940828,507.8302962940828,0,0,0,5554.449415693828,9699.025242145979,2691.514940382376,2698.2152482055208,7641.852272586204
2027-01-01T00:00:00Z,2695.0295673670666,4287.917680860103,4287.917680860103,4287.917680860103,0,0,0,0,0,0,0,0,0,0,0,0,0,0,0,0,0,0,3078.3174133784923,3078.3174133784923,3078.3174133784923,0,0,0,0,0,0,789.6082492642212,789.6082492642212,789.6082492642212,419.99201821739024,419.99201821739024,419.99201821739024,0,0,0,5033.683079196603,8852.482688279999,2691.7212265155063,2698.4717901406507,6982.94724822717
2027-01-02T00:00:00Z,2695.2577689039667,452.9711075716732,452.9711075716732,452.9711075716732,0,0,0,0,0,0,0,0,0,0,0,0,0,0,0,0,0,0,1603.1726752950185,1603.1726752950185,1603.1726752950185,0,0,0,0,0,0,-1475.8814904607545,-1475.8814904607545,-1475.8814904607545,325.679922737409,325.679922737409,325.679922737409,0,0,0,1184.0819046905808,5079.301241081049,2691.891128187733,2698.745519146458,3148.22887647564
2027-01-03T00:00:00Z,2695.4859704408673,-1991.6792713537307,-1991.6792713537307,-1991.6792713537307,0,0,0,0,0,0,0,0,0,0,0,0,0,0,0,0,0,0,-147.65284320144278,-147.65284320144278,-147.65284320144278,0,0,0,0,0,0,-2070.641282241842,-2070.641282241842,-2070.641282241842,226.61485408955414,226.61485408955414,226.61485408955414,0,0,0,-1236.965577891269,2582.5398263548473,2692.0869440905703,2699.048508482121,703.8066990871366
2027-01-04T00:00:00Z,2695.7141719777674,-889.4550290622627,-889.4550290622627,-889.4550290622627,0,0,0,0,0,0,0,0,0,0,0,0,0,0,0,0,0,0,-1431.3545917943263,-1431.3545917943263,-1431.3545917943263,0,0,0,0,0,0,417.26683864195877,417.26683864195877,417.26683864195877,124.63272409010447,124.63272409010447,124.63272409010447,0,0,0,-282.5527531009601,3805.4675657079074,2692.2414806798115,2699.3791030402895,1806.2591429155045
2027-01-05T00:00:00Z,2695.9423735146684,-1088.3559148603779,-1088.3559148603779,-1088.3559148603779,0,0,0,0,0,0,0,0,0,0,0,0,0,0,0,0,0,0,-1892.6832430352981,-1892.6832430352981,-1892.6832430352981,0,0,0,0,0,0,782.6848167499869,782.6848167499869,782.6848167499869,21.642511424933435,21.642511424933435,21.642511424933435,0,0,0,-471.71090846528386,3650.750377081712,2692.405783867349,2699.6717499849874,1607.5864586542905
2027-01-06T00:00:00Z,2696.1705750515684,-1051.9534746773193,-1051.9534746773193,-1051.9534746773193,0,0,0,0,0,0,0,0,0,0,0,0,0,0,0,0,0,0,-1722.055268930476,-1722.055268930476,-1722.055268930476,0,0,0,0,0,0,750.5195902302827,750.5195902302827,750.5195902302827,-80.41779597712646,-80.41779597712646,-80.41779597712646,0,0,0,-267.02538778594334,3754.34791908059,2692.545058127538,2699.9316090118327,1644.2171003742492
2027-01-07T00:00:00Z,2696.398776588469,-770.4349668891772,-770.4349668891772,-770.4349668891772,0,0,0,0,0,0,0,0,0,0,0,0,0,0,0,0,0,0,-1397.2520306323458,-1397.2520306323458,-1397.2520306323458,0,0,0,0,0,0,806.4432778133026,806.4432778133026,806.4432778133026,-179.6262140701338,-179.6262140701338,-179.6262140701338,0,0,0,-43.29486036379706,3790.1242510129155,2692.7335718259715,2700.195225358454,1925.9638096992917
2027-01-08T00:00:00Z,2696.6269781253695,-750.8796251782496,-750.8796251782496,-750.8796251782496,0,0,0,0,0,0,0,0,0,0,0,0,0,0,0,0,0,0,-1266.3662747068518,-1266.3662747068518,-1266.3662747068518,0,0,0,0,0,0,789.6082492608728,789.6082492608728,789.6082492608728,-274.12159973227057,-274.12159973227057,-274.12159973227057,0,0,0,13.790894954548925,3975.9794553975944,2692.9183170500623,2700.454569340462,1945.74735294712
2027-01-09T00:00:00Z,2696.85517966227,-3167.675743509918,-3167.675743509918,-3167.675743509918,0,0,0,0,0,0,0,0,0,0,0,0,0,0,0,0,0,0,-1329.6470733940728,-1329.6470733940728,-1329.6470733940728,0,0,0,0,0,0,-1475.881490455495,-1475.881490455495,-1475.881490455495,-362.1471796603496,-362.1471796603496,-362.1471796603496,0,0,0,-2390.898478833618,1576.2248637922658,2693.0863252541903,2700.7133177079413,-470.8205638476479
2027-01-10T00:00:00Z,2697.08338119917,-3874.4689546077584,-3874.4689546077584,-3874.4689546077584,0,0,0,0,0,0,0,0,0,0,0,0,0,0,0,0,0,0,-1361.7360040623432,-1361.7360040623432,-1361.7360040623432,0,0,0,0,0,0,-2070.641282242825,-2070.641282242825,-2070.641282242825,-442.0916683025904,-442.0916683025904,-442.0916683025904,0,0,0,-3182.4421138367597,811.688737674761,2693.265630543643,2700.9720660754206,-1177.3855734085882
2027-01-11T00:00:00Z,2697.3115827360707,-1296.7693545549207,-1296.7693545549207,-1296.7693545549207,0,0,0,0,0,0,0,0,0,0,0,0,0,0,0,0,0,0,-1201.509262811304,-1201.509262811304,-1201.509262811304,0,0,0,0,0,0,417.2668386426906,417.2668386426906,417.2668386426906,-512.5269303863068,-512.5269303863068,-512.5269303863068,0,0,0,-597.882413668717,3465.7195088405138,2693.4604087367265,2701.2308144428994,1400.54222818115
2027-01-12T00:00:00Z,2697.539784272971,-704.4779121163151,-704.4779121163151,-704.4779121163151,0,0,0,0,0,0,0,0,0,0,0,0,0,0,0,0,0,0,-914.9214993287029,-914.9214993287029,-914.9214993287029,0,0,0,0,0,0,782.6848167496847,782.6848167496847,782.6848167496847,-572.2412295372968,-572.2412295372968,-572.2412295372968,0,0,0,49.71640036801099,3957.523334017081,2693.658281388984,2701.4895628103777,1993.0618721566557
2027-01-13T00:00:00Z,2697.767985809872,-568.1492999846115,-568.1492999846115,-568.1492999846115,0,0,0,0,0,0,0,0,0,0,0,0,0,0,0,0,0,0,-698.4016743773916,-698.4016743773916,-698.4016743773916,0,0,0,0,0,0,750.5195902300338,750.5195902300338,750.5195902300338,-620.2672158372537,-620.2672158372537,-620.2672158372537,0,0,0,193.9339300932556,4144.000101871398,2693.856458689379,2701.748311177857,2129.6186858252604
2027-01-14T00:00:00Z,2697.996187346772,-506.53378284936616,-506.53378284936616,-506.53378284936616,0,0,0,0,0,0,0,0,0,0,0,0,0,0,0,0,0,0,-657.0731216848407,-657.0731216848407,-657.0731216848407,0,0,0,0,0,0,806.4432778099946,806.4432778099946,806.4432778099946,-655.9039389745204,-655.9039389745204,-655.9039389745204,0,0,0,196.9058243679281,4055.267285280621,2694.054635989774,2702.035566682561,2191.4624044974057
2027-01-15T00:00:00Z,2698.2243888836724,-589.040055072044,-589.040055072044,-589.040055072044,0,0,0,0,0,0,0,0,0,0,0,0,0,0,0,0,0,0,-699.9159779294762,-699.9159779294762,-699.9159779294762,0,0,0,0,0,0,789.6082492610963,789.6082492610963,789.6082492610963,-678.7323264036645,-678.7323264036645,-678.7323264036645,0,0,0,280.40611277507475,4094.891128722428,2694.252813290169,2702.3222029974168,2109.1843338116287
2027-01-16T00:00:00Z,2698.4525904205725,-2816.5993130900397,-2816.5993130900397,-2816.5993130900397,0,0,0,0,0,0,0,0,0,0,0,0,0,0,0,0,0,0,-652.0940890214455,-652.0940890214455,-652.0940890214455,0,0,0,0,0,0,-1475.8814904565559,-1475.8814904565559,-1475.8814904565559,-688.6237336120379,-688.6237336120379,-688.6237336120379,0,0,0,-2032.2999747134404,1971.0605121501421,2694.4509905905643,2702.584860543042,-118.14672266946718
2027-01-17T00:00:00Z,2698.6807919574735,-3208.588939255702,-3208.588939255702,-3208.588939255702,0,0,0,0,0,0,0,0,0,0,0,0,0,0,0,0,0,0,-452.20630527902836,-452.20630527902836,-452.20630527902836,0,0,0,0,0,0,-2070.6412822405973,-2070.6412822405973,-2070.6412822405973,-685.7413517360762,-685.7413517360762,-685.7413517360762,0,0,0,-2353.150348012105,1527.240581444224,2694.6491678909592,2702.843946485134,-509.9081472982284
2027-01-18T00:00:00Z,2698.9089934943736,-472.38206737109266,-472.38206737109266,-472.38206737109266,0,0,0,0,0,0,0,0,0,0,0,0,0,0,0,0,0,0,-219.11446434607473,-219.11446434607473,-219.11446434607473,0,0,0,0,0,0,417.26683864443316,417.26683864443316,417.26683864443316,-670.5344416694513,-670.5344416694513,-670.5344416694513,0,0,0,344.0879730933903,4353.395574508586,2694.8473451913546,2703.174555217749,2226.526926123281
2027-01-19T00:00:00Z,2699.137195031274,20.941923218234745,20.941923218234745,20.941923218234745,0,0,0,0,0,0,0,0,0,0,0,0,0,0,0,0,0,0,-118.01734497472941,-118.01734497472941,-118.01734497472941,0,0,0,0,0,0,782.6848167493823,782.6848167493823,782.6848167493823,-643.7255485564182,-643.7255485564182,-643.7255485564182,0,0,0,641.565429575791,4744.8998792634,2695.0286586934853,2703.4345265761176,2720.079118249509
2027-01-20T00:00:00Z,2699.365396568174,-27.943737781923073,-27.943737781923073,-27.943737781923073,0,0,0,0,0,0,0,0,0,0,0,0,0,0,0,0,0,0,-172.17229673869176,-172.17229673869176,-172.17229673869176,0,0,0,0,0,0,750.5195902304072,750.5195902304072,750.5195902304072,-606.2910312736385,-606.2910312736385,-606.2910312736385,0,0,0,712.2122498915805,4552.268978499459,2695.2096934765545,2703.693979900819,2671.421658786251
2027-01-21T00:00:00Z,2699.593598105075,19.858166353045352,19.858166353045352,19.858166353045352,0,0,0,0,0,0,0,0,0,0,0,0,0,0,0,0,0,0,-227.1496980973868,-227.1496980973868,-227.1496980973868,0,0,0,0,0,0,806.4432778121399,806.4432778121399,806.4432778121399,-559.4354133617077,-559.4354133617077,-559.4354133617077,0,0,0,660.0864234711037,4971.918695665827,2695.3891227392924,2703.9534332255203,2719.4517644581206
2027-01-22T00:00:00Z,2699.8217996419753,171.65253029714864,171.65253029714864,171.65253029714864,0,0,0,0,0,0,0,0,0,0,0,0,0,0,0,0,0,0,-113.39549864545488,-113.39549864545488,-113.39549864545488,0,0,0,0,0,0,789.6082492613199,789.6082492613199,789.6082492613199,-504.56022031871663,-504.56022031871663,-504.56022031871663,0,0,0,698.3099486350808,4843.011324697783,2695.5545278014324,2704.2128865502214,2871.474329939124
2027-01-23T00:00:00Z,2700.050001178876,-1755.068811004256,-1755.068811004256,-1755.068811004256,0,0,0,0,0,0,0,0,0,0,0,0,0,0,0,0,0,0,164.04078846975256,164.04078846975256,164.04078846975256,0,0,0,0,0,0,-1475.8814904576166,-1475.8814904576166,-1475.8814904576166,-443.228109016392,-443.228109016392,-443.228109016392,0,0,0,-1025.0100996048727,2893.43158653532,2695.7311380954184,2704.490509993161,944.9811901746198
2027-01-24T00:00:00Z,2700.278202715776,-2024.9447947036206,-2024.9447947036206,-2024.9447947036206,0,0,0,0,0,0,0,0,0,0,0,0,0,0,0,0,0,0,422.8197020556094,422.8197020556094,422.8197020556094,0,0,0,0,0,0,-2070.6412822399748,-2070.6412822399748,-2070.6412822399748,-377.1232145192547,-377.1232145192547,-377.1232145192547,0,0,0,-1349.4082451986142,2629.822808735265,2695.9211739700618,2704.7700563850935,675.3334080121554
2027-01-25T00:00:00Z,2700.506404252677,623.3247336231902,623.3247336231902,623.3247336231902,0,0,0,0,0,0,0,0,0,0,0,0,0,0,0,0,0,0,514.0666296316622,514.0666296316622,514.0666296316622,0,0,0,0,0,0,417.26683863784586,417.26683863784586,417.26683863784586,-308.0087346463175,-308.0087346463175,-308.0087346463175,0,0,0,1515.592530004985,5417.976879063144,2696.102667735232,2705.045649801742,3323.831137875867
2027-01-26T00:00:00Z,2700.734605789577,1081.9034968035473,1081.9034968035473,1081.9034968035473,0,0,0,0,0,0,0,0,0,0,0,0,0,0,0,0,0,0,536.9015207736882,536.9015207736882,536.9015207736882,0,0,0,0,0,0,782.6848167506901,782.6848167506901,782.6848167506901,-237.68284072083085,-237.68284072083085,-237.68284072083085,0,0,0,1694.1992293475555,5782.256965543187,2696.284685812935,2705.291696800058,3782.638102593124
2027-01-27T00:00:00Z,2700.9628073264776,1391.8224571603332,1391.8224571603332,1391.8224571603332,0,0,0,0,0,0,0,0,0,0,0,0,0,0,0,0,0,0,809.2369092915147,809.2369092915147,809.2369092915147,0,0,0,0,0,0,750.5195902295371,750.5195902295371,750.5195902295371,-167.93404236071842,-167.93404236071842,-167.93404236071842,0,0,0,2207.085205251669,5979.537136649701,2696.5090886001803,2705.527217981415,4092.785264486811
2027-01-28T00:00:00Z,2701.191008863378,2274.4664161669816,2274.4664161669816,2274.4664161669816,0,0,0,0,0,0,0,0,0,0,0,0,0,0,0,0,0,0,1568.5202822585402,1568.5202822585402,1568.5202822585402,0,0,0,0,0,0,806.4432778116127,806.4432778116127,806.4432778116127,-100.49714390317088,-100.49714390317088,-100.49714390317088,0,0,0,3027.3133998986405,6932.947192436367,2696.712533910148,2705.769606498429,4975.65742503036
2027-01-29T00:00:00Z,2701.4192104002786,3409.1237892570302,3409.1237892570302,3409.1237892570302,0,0,0,0,0,0,0,0,0,0,0,0,0,0,0,0,0,0,2656.5264499230257,2656.5264499230257,2656.5264499230257,0,0,0,0,0,0,789.6082492579714,789.6082492579714,789.6082492579714,-37.01090992396629,-37.01090992396629,-37.01090992396629,0,0,0,4141.087334061929,8144.560882739855,2696.894261722636,2706.0289424698626,6110.542999657309
2027-01-30T00:00:00Z,2701.647411937179,2049.5220514310836,2049.5220514310836,2049.5220514310836,0,0,0,0,0,0,0,0,0,0,0,0,0,0,0,0,0,0,3504.38204985351,3504.38204985351,3504.38204985351,0,0,0,0,0,0,-1475.8814904504752,-1475.8814904504752,-1475.8814904504752,21.021492028048815,21.021492028048815,21.021492028048815,0,0,0,2834.062903955081,6810.2729879152585,2697.0884081211602,2706.2878452331647,4751.169463368263
2027-01-31T00:00:00Z,2701.8756134740793,1494.6414518130525,1494.6414518130525,1494.6414518130525,0,0,0,0,0,0,0,0,0,0,0,0,0,0,0,0,0,0,3493.0144535159975,3493.0144535159975,3493.0144535159975,0,0,0,0,0,0,-2070.6412822393527,-2070.6412822393527,-2070.6412822393527,72.26828053640799,72.26828053640799,72.26828053640799,0,0,0,2163.4829573577526,6142.451430359148,2697.2800637178952,2706.5467479964664,4196.517065287132
2027-02-01T00:00:00Z,2702.1038150109803,2957.103319662897,2957.103319662897,2957.103319662897,0,0,0,0,0,0,0,0,0,0,0,0,0,0,0,0,0,0,2424.236287866347,2424.236287866347,2424.236287866347,0,0,0,0,0,0,417.2668386395884,417.2668386395884,417.2668386395884,115.60019315696118,115.60019315696118,115.60019315696118,0,0,0,3731.3056066000877,7621.5158554837035,2697.4772915767653,2706.825147377803,5659.207134673878
2027-02-02T00:00:00Z,2702.3320165478804,1644.3513233389187,1644.3513233389187,1644.3513233389187,0,0,0,0,0,0,0,0,0,0,0,0,0,0,0,0,0,0,711.5503060327487,711.5503060327487,711.5503060327487,0,0,0,0,0,0,782.6848167506037,782.6848167506037,782.6848167506037,150.11620055556662,150.11620055556662,150.11620055556662,0,0,0,2261.227844655182,6104.584917520203,2697.6731903511336,2707.128899951918,4346.683339886799
2027-02-03T00:00:00Z,2702.560218084781,42.40763328537503,42.40763328537503,42.40763328537503,0,0,0,0,0,0,0,0,0,0,0,0,0,0,0,0,0,0,-883.2751415239223,-883.2751415239223,-883.2751415239223,0,0,0,0,0,0,750.51959022991025,750.51959022991025,750.51959022991025,175.16318457938766,175.16318457938766,175.16318457938766,0,0,0,694.0245914042878,4726.713400037652,2697.8353117649995,2707.3775168404864,2744.967851370156
2027-02-04T00:00:00Z,2702.788419621681,-767.5835066146291,-767.5835066146291,-767.5835066146291,0,0,0,0,0,0,0,0,0,0,0,0,0,0,0,0,0,0,-1764.375907835779,-1764.375907835779,-1764.375907835779,0,0,0,0,0,0,806.4432778124219,806.4432778124219,806.4432778124219,190.349123408728,190.349123408728,190.349123408728,0,0,0,-193.99393312541736,3969.0322621467303,2698.0106396322135,2707.6259165142924,1935.2049130070518
2027-02-05T00:00:00Z,2703.0166211585815,-873.008700237424,-873.008700237424,-873.008700237424,0,0,0,0,0,0,0,0,0,0,0,0,0,0,0,0,0,0,-1858.1664480645363,-1858.1664480645363,-1858.1664480645363,0,0,0,0,0,0,789.6082492645605,789.6082492645605,789.6082492645605,195.5494985625525,195.5494985625525,195.5494985625525,0,0,0,-172.74456723955782,3840.977310495447,2698.1652992399754,2707.8777557448784,1830.0079209211576
2027-02-06T00:00:00Z,2703.244822695482,-5289.625384625592,-5289.625384625592,-5289.625384625592,0,0,0,-2454.7553025844145,-2454.7553025844145,-2454.7553025844145,-2454.7553025844145,-2454.7553025844145,-2454.7553025844145,0,0,0,0,0,0,0,0,0,-1549.895408215264,-1549.895408215264,-1549.895408215264,0,0,0,0,0,0,-1475.8814904534183,-1475.8814904534183,-1475.8814904534183,190.90681662750393,190.90681662750393,190.90681662750393,0,0,0,-4556.627573374197,-663.859779146082,2698.331455539763,2708.150058182787,-2586.38056193011
2027-02-07T00:00:00Z,2703.4730242323826,-5647.875949439724,-5647.875949439724,-5647.875949439724,0,0,0,-2454.7553025844145,-2454.7553025844145,-2454.7553025844145,-2454.7553025844145,-2454.7553025844145,-2454.7553025844145,0,0,0,0,0,0,0,0,0,-1299.3026830014817,-1299.3026830014817,-1299.3026830014817,0,0,0,0,0,0,-2070.64128223873,-2070.64128223873,-2070.64128223873,176.8233183849016,176.8233183849016,176.8233183849016,0,0,0,-5078.781401912566,-1001.9609929485158,2698.537330261316,2708.4223606206947,-2944.402925207341
2027-02-08T00:00:00Z,2703.7012257692827,-3169.408240588731,-3169.408240588731,-3169.408240588731,0,0,0,-2454.7553025844145,-2454.7553025844145,-2454.7553025844145,-2454.7553025844145,-2454.7553025844145,-2454.7553025844145,0,0,0,0,0,0,0,0,0,-1285.8669013614701,-1285.8669013614701,-1285.8669013614701,0,0,0,0,0,0,417.2668386403202,417.2668386403202,417.2668386403202,153.94712471683377,153.94712471683377,153.94712471683377,0,0,0,-2471.283341893889,1403.553827860351,2698.7332197210253,2708.684136233656,-465.70701481944843
2027-02-09T00:00:00Z,2703.9294273061832,-458.4791098831755,-458.4791098831755,-458.4791098831755,0,0,0,0,0,0,0,0,0,0,0,0,0,0,0,0,0,0,-1364.3161642277648,-1364.3161642277648,-1364.3161642277648,0,0,0,0,0,0,782.6848167500854,782.6848167500854,782.6848167500854,123.1522375945037,123.1522375945037,123.1522375945037,0,0,0,232.81831382021915,4223.264107165623,2698.9313029989244,2708.9413403170947,2245.4503174230076
2027-02-10T00:00:00Z,2704.157628843084,-470.89088290934717,-470.89088290934717,-470.89088290934717,0,0,0,0,0,0,0,0,0,0,0,0,0,0,0,0,0,0,-1306.9234442706609,-1306.9234442706609,-1306.9234442706609,0,0,0,0,0,0,750.519590230251,750.519590230251,750.519590230251,85.512971131063,85.512971131063,85.512971131063,0,0,0,173.60568609427068,4267.842180569431,2699.1364845605503,2709.2164670187367,2233.2667459337367
2027-02-11T00:00:00Z,2704.3858303799843,-213.46617148869606,-213.46617148869606,-213.46617148869606,0,0,0,0,0,0,0,0,0,0,0,0,0,0,0,0,0,0,-1062.182977328501,-1062.182977328501,-1062.182977328501,0,0,0,0,0,0,806.443277813231,806.443277813231,806.443277813231,42.27352802657373,42.27352802657373,42.27352802657373,0,0,0,563.3159415049053,4426.011061597504,2699.341666122177,2709.488846442417,2490.9196588912882
2027-02-12T00:00:00Z,2704.6140319168844,-2.4641835741655043,-2.4641835741655043,-2.4641835741655043,0,0,0,0,0,0,0,0,0,0,0,0,0,0,0,0,0,0,-786.8859899356729,-786.8859899356729,-786.8859899356729,0,0,0,0,0,0,789.6082492629981,789.6082492629981,789.6082492629981,-5.186442901490401,-5.186442901490401,-5.186442901490401,0,0,0,581.6746775263596,4677.403271108858,2699.546072888286,2709.7558104706127,2702.149848342719
2027-02-13T00:00:00Z,2704.842233453785,-2188.5616985534507,-2188.5616985534507,-2188.5616985534507,0,0,0,0,0,0,0,0,0,0,0,0,0,0,0,0,0,0,-657.2908330149163,-657.2908330149163,-657.2908330149163,0,0,0,0,0,0,-1475.8814904607998,-1475.8814904607998,-1475.8814904607998,-55.389375077735004,-55.389375077735004,-55.389375077735004,0,0,0,-1545.0116583135216,2450.965759712203,2699.745217274779,2710.0447439068766,516.2805349003343
2027-02-14T00:00:00Z,2705.0704349906855,-2856.844916683723,-2856.844916683723,-2856.844916683723,0,0,0,0,0,0,0,0,0,0,0,0,0,0,0,0,0,0,-679.4042409025427,-679.4042409025427,-679.4042409025427,0,0,0,0,0,0,-2070.6412822365023,-2070.6412822365023,-2070.6412822365023,-106.79939354467822,-106.79939354467822,-106.79939354467822,0,0,0,-2080.8299704406154,1859.310705346184,2699.9241801357184,2710.333677343141,-151.77448169303761
2027-02-15T00:00:00Z,2705.298636527586,-436.2758303449783,-436.2758303449783,-436.2758303449783,0,0,0,0,0,0,0,0,0,0,0,0,0,0,0,0,0,0,-695.6797131566999,-695.6797131566999,-695.6797131566999,0,0,0,0,0,0,417.26683863474375,417.26683863474375,417.26683863474375,-157.86295582302225,-157.86295582302225,-157.86295582302225,0,0,0,220.57167464691233,4419.381571289149,2700.1089203002675,2710.6155839369712,2269.022806182608
2027-02-16T00:00:00Z,2705.526838064486,8.433318301529525,8.433318301529525,8.433318301529525,0,0,0,0,0,0,0,0,0,0,0,0,0,0,0,0,0,0,-567.2020402004836,-567.2020402004836,-567.2020402004836,0,0,0,0,0,0,782.6848167499994,782.6848167499994,782.6848167499994,-207.0494582479861,-207.0494582479861,-207.0494582479861,0,0,0,656.186102652825,4641.8014465841925,2700.300278161514,2710.8868902825325,2713.960156366016
2027-02-17T00:00:00Z,2705.755039601387,169.57225936725249,169.57225936725249,169.57225936725249,0,0,0,0,0,0,0,0,0,0,0,0,0,0,0,0,0,0,-328.05657718454336,-328.05657718454336,-328.05657718454336,0,0,0,0,0,0,750.51959023000245,750.51959023000245,750.51959023000245,-252.89075367820644,-252.89075367820644,-252.89075367820644,0,0,0,911.1612744047679,4656.213439667929,2700.492167048665,2711.153274383825,2875.3272989686398
2027-02-18T00:00:00Z,2705.983241138287,366.6778235668102,366.6778235668102,366.6778235668102,0,0,0,0,0,0,0,0,0,0,0,0,0,0,0,0,0,0,-145.74688803598502,-145.74688803598502,-145.74688803598502,0,0,0,0,0,0,806.4432778112591,806.4432778112591,806.4432778112591,-294.01856620846394,-294.01856620846394,-294.01856620846394,0,0,0,1017.7713682612027,5082.300228623744,2700.6751974936233,2711.438388077158,3072.6610647050975
2027-02-19T00:00:00Z,2706.2114426751878,328.063474204629,328.063474204629,328.063474204629,0,0,0,0,0,0,0,0,0,0,0,0,0,0,0,0,0,0,-132.3459202911645,-132.3459202911645,-132.3459202911645,0,0,0,0,0,0,789.608249263222,789.608249263222,789.608249263222,-329.1988547674284,-329.1988547674284,-329.1988547674284,0,0,0,1089.3053110036828,5154.968619125584,2700.8402676497053,2711.7155385277774,3034.274916879817
2027-02-20T00:00:00Z,2706.439644212088,-2045.7544620009646,-2045.7544620009646,-2045.7544620009646,0,0,0,0,0,0,0,0,0,0,0,0,0,0,0,0,0,0,-212.51070331504695,-212.51070331504695,-212.51070331504695,0,0,0,0,0,0,-1475.88149045554,-1475.88149045554,-1475.88149045554,-357.3622682303773,-357.3622682303773,-357.3622682303773,0,0,0,-1152.982706926682,2732.0347951616254,2701.0053378057883,2712.0022814395115,660.6851822111232
2027-02-21T00:00:00Z,2706.6678457489884,-2644.714285180681,-2644.714285180681,-2644.714285180681,0,0,0,0,0,0,0,0,0,0,0,0,0,0,0,0,0,0,-196.44305566695,-196.44305566695,-196.44305566695,0,0,0,0,0,0,-2070.6412822413204,-2070.6412822413204,-2070.6412822413204,-377.62994727241096,-377.62994727241096,-377.62994727241096,0,0,0,-1959.2838971837853,1865.5552366177046,2701.1704079618708,2712.267643131784,61.95356056830724
2027-02-22T00:00:00Z,2706.896047285889,41.78070835306169,41.78070835306169,41.78070835306169,0,0,0,0,0,0,0,0,0,0,0,0,0,0,0,0,0,0,13.847929085070499,13.847929085070499,13.847929085070499,0,0,0,0,0,0,417.2668386438053,417.2668386438053,417.2668386438053,-389.33405937581404,-389.33405937581404,-389.33405937581404,0,0,0,798.6188094851958,4715.251467535734,2701.342979315848,2712.5534866550283,2748.6767556389505
2027-02-23T00:00:00Z,2707.1242488227895,699.7217585273089,699.7217585273089,699.7217585273089,0,0,0,0,0,0,0,0,0,0,0,0,0,0,0,0,0,0,309.0695412809177,309.0695412809177,309.0695412809177,0,0,0,0,0,0,782.6848167496971,782.6848167496971,782.6848167496971,-392.0325995033059,-392.0325995033059,-392.0325995033059,0,0,0,1443.1329680447805,5301.112552868316,2701.5189623177794,2712.8391440188007,3406.8460073500983
2027-02-24T00:00:00Z,2707.3524503596896,855.2569451261254,855.2569451261254,855.2569451261254,0,0,0,0,0,0,0,0,0,0,0,0,0,0,0,0,0,0,490.2555007507062,490.2555007507062,490.2555007507062,0,0,0,0,0,0,750.5195902297539,750.5195902297539,750.5195902297539,-385.5181458543346,-385.5181458543346,-385.5181458543346,0,0,0,1572.7637281943087,5547.04552598322,2701.6849744045085,2713.1226797062695,3562.609395485815
2027-02-25T00:00:00Z,2707.5806518965906,953.3477560060729,953.3477560060729,953.3477560060729,0,0,0,0,0,0,0,0,0,0,0,0,0,0,0,0,0,0,516.724901706894,516.724901706894,516.724901706894,0,0,0,0,0,0,806.4432778135131,806.4432778135131,806.4432778135131,-369.82042351433415,-369.82042351433415,-369.82042351433415,0,0,0,1726.927083963531,5659.197142643872,2701.850524970664,2713.4062153937375,3660.9284079026634
2027-02-26T00:00:00Z,2707.8088534334906,1065.0602536374429,1065.0602536374429,1065.0602536374429,0,0,0,0,0,0,0,0,0,0,0,0,0,0,0,0,0,0,620.6546985755044,620.6546985755044,620.6546985755044,0,0,0,0,0,0,789.6082492662391,789.6082492662391,789.6082492662391,-345.2026942043002,-345.2026942043002,-345.2026942043002,0,0,0,1893.8672330200843,5841.1634344655195,2702.0359926081737,2713.689751081206,3772.8691070709338
2027-02-27T00:00:00Z,2708.037054970391,-661.6221082057169,-661.6221082057169,-661.6221082057169,0,0,0,0,0,0,0,0,0,0,0,0,0,0,0,0,0,0,1126.4115355220026,1126.4115355220026,1126.4115355220026,0,0,0,0,0,0,-1475.881490458483,-1475.881490458483,-1475.881490458483,-312.1521532692364,-312.1521532692364,-312.1521532692364,0,0,0,-36.54632347256661,4133.319624899737,2702.2256787820097,2713.9732867686735,2046.4149467646744
2027-02-28T00:00:00Z,2708.2652565072913,-241.92253202940833,-241.92253202940833,-241.92253202940833,0,0,0,0,0,0,0,0,0,0,0,0,0,0,0,0,0,0,2100.0834213376934,2100.0834213376934,2100.0834213376934,0,0,0,0,0,0,-2070.6412822406987,-2070.6412822406987,-2070.6412822406987,-271.3646711264037,-271.3646711264037,-271.3646711264037,0,0,0,536.6076605229532,4485.237435632888,2702.3893829224903,2714.256822456142,2466.342724477883
2027-03-01T00:00:00Z,2708.493458044192,3347.5217484066443,3347.5217484066443,3347.5217484066443,0,0,0,0,0,0,0,0,0,0,0,0,0,0,0,0,0,0,3153.979271273571,3153.979271273571,3153.979271273571,0,0,0,0,0,0,417.26683863721814,417.26683863721814,417.26683863721814,-223.7243615041447,-223.7243615041447,-223.7243615041447,0,0,0,4050.2944266300615,7952.931837886387,2702.553190131092,2714.5378354785043,6056.015206450837
2027-03-02T00:00:00Z,2708.721659581093,4245.183560275209,4245.183560275209,4245.183560275209,0,0,0,0,0,0,0,0,0,0,0,0,0,0,0,0,0,0,3632.777332648993,3632.777332648993,3632.777332648993,0,0,0,0,0,0,782.6848167493947,782.6848167493947,782.6848167493947,-170.27858912317785,-170.27858912317785,-170.27858912317785,0,0,0,4914.479613584941,9001.80088614412,2702.7157368118737,2714.805448694039,6953.905219856302
2027-03-03T00:00:00Z,2708.949861117993,3716.6278619311206,3716.6278619311206,3716.6278619311206,0,0,0,0,0,0,0,0,0,0,0,0,0,0,0,0,0,0,3078.3174133772627,3078.3174133772627,3078.3174133772627,0,0,0,0,0,0,750.5195902301268,750.5195902301268,750.5195902301268,-112.2091416762689,-112.2091416762689,-112.2091416762689,0,0,0,4518.94951164455,8372.089643655572,2702.880521946818,2715.076856152572,6425.577723049113
2027-03-04T00:00:00Z,2709.1780626548934,2358.8155709035705,2358.8155709035705,2358.8155709035705,0,0,0,0,0,0,0,0,0,0,0,0,0,0,0,0,0,0,1603.172675296286,1603.172675296286,1603.172675296286,0,0,0,0,0,0,806.4432778128775,806.4432778128775,806.4432778128775,-50.80038220559332,-50.80038220559332,-50.80038220559332,0,0,0,3164.1479184169457,6981.551871068965,2703.059297158449,2715.3532091392713,5067.993633558464
2027-03-05T00:00:00Z,2709.4062641917935,654.5501399946049,654.5501399946049,654.5501399946049,0,0,0,0,0,0,0,0,0,0,0,0,0,0,0,0,0,0,-147.65284320358762,-147.65284320358762,-147.65284320358762,0,0,0,0,0,0,789.6082492600972,789.6082492600972,789.6082492600972,12.594733938095441,12.594733938095441,12.594733938095441,0,0,0,1334.68175769049,5248.803635722883,2703.2573724099434,2715.612696042307,3363.9564041863987
2027-03-06T00:00:00Z,2709.6344657286945,-2830.646232237586,-2830.646232237586,-2830.646232237586,0,0,0,0,0,0,0,0,0,0,0,0,0,0,0,0,0,0,-1431.3545917927288,-1431.3545917927288,-1431.3545917927288,0,0,0,0,0,0,-1475.881490457662,-1475.881490457662,-1475.881490457662,76.5898500128048,76.5898500128048,76.5898500128048,0,0,0,-2135.780339890822,1786.2807158075227,2703.4554476614376,2715.872182945342,-121.01176650889147
2027-03-07T00:00:00Z,2709.8626672655946,-3823.523863915583,-3823.523863915583,-3823.523863915583,0,0,0,0,0,0,0,0,0,0,0,0,0,0,0,0,0,0,-1892.6832430346044,-1892.6832430346044,-1892.6832430346044,0,0,0,0,0,0,-2070.6412822400757,-2070.6412822400757,-2070.6412822400757,139.80066135909752,139.80066135909752,139.80066135909752,0,0,0,-3010.8697406209494,710.8252513620924,2703.650955234437,2716.140587212087,-1113.6611966499886
2027-03-08T00:00:00Z,2710.090868802495,-1103.9087362155333,-1103.9087362155333,-1103.9087362155333,0,0,0,0,0,0,0,0,0,0,0,0,0,0,0,0,0,0,-1722.0552689300082,-1722.0552689300082,-1722.0552689300082,0,0,0,0,0,0,417.26683864627984,417.26683864627984,417.26683864627984,200.87969406819494,200.87969406819494,200.87969406819494,0,0,0,-346.3893941550987,3479.750399461263,2703.847270356025,2716.4051954893457,1606.1821325869619
2027-03-09T00:00:00Z,2710.3190703393952,-3036.739957035365,-3036.739957035365,-3036.739957035365,0,0,0,0,0,0,-2680.7222477621226,-2680.7222477621226,-2680.7222477621226,0,0,0,0,0,0,0,0,0,-1397.2520306331967,-1397.2520306331967,-1397.2520306331967,0,0,0,-2680.7222477621226,-2680.7222477621226,-2680.7222477621226,782.6848167504863,782.6848167504863,782.6848167504863,258.54950460946867,258.54950460946867,258.54950460946867,0,0,0,-2316.039398374799,1701.7290872277385,2704.029876611081,2716.6656624878847,-326.4208866959698
2027-03-10T00:00:00Z,2710.5472718762962,-3045.7632131197142,-3045.7632131197142,-3045.7632131197142,0,0,0,0,0,0,-2841.5499818838543,-2841.5499818838543,-2841.5499818838543,0,0,0,0,0,0,0,0,0,-1266.3662747065814,-1266.3662747065814,-1266.3662747065814,0,0,0,-2841.5499818838543,-2841.5499818838543,-2841.5499818838543,750.5195902310895,750.5195902310895,750.5195902310895,311.6334532396317,311.6334532396317,311.6334532396317,0,0,0,-2221.2597111209166,1603.0918230959496,2704.2457343278675,2716.9122850010044,-335.215941243418
2027-03-11T00:00:00Z,2710.7754734131963,-1119.8182450317286,-1119.8182450317286,-1119.8182450317286,0,0,0,0,0,0,-955.6977325654819,-955.6977325654819,-955.6977325654819,0,0,0,0,0,0,0,0,0,-1329.6470733942065,-1329.6470733942065,-1329.6470733942065,0,0,0,-955.6977325654819,-955.6977325654819,-955.6977325654819,806.4432778123503,806.4432778123503,806.4432778123503,359.0832831156094,359.0832831156094,359.0832831156094,0,0,0,-434.93618274737355,3589.892878685992,2704.4458239189103,2717.196476521375,1590.9572283814678
2027-03-12T00:00:00Z,2711.003674950097,-1572.9605084649133,-1572.9605084649133,-1572.9605084649133,0,0,0,0,0,0,-1400.8355893620592,-1400.8355893620592,-1400.8355893620592,0,0,0,0,0,0,0,0,0,-1361.7360040620633,-1361.7360040620633,-1361.7360040620633,0,0,0,-1400.8355893620592,-1400.8355893620592,-1400.8355893620592,789.6082492649002,789.6082492649002,789.6082492649002,400.0028356943089,400.0028356943089,400.0028356943089,0,0,0,-807.0043627823412,3202.3201409902854,2704.6438991704044,2717.4850086237498,1138.0431664851835
2027-03-13T00:00:00Z,2711.2318764869974,-3312.8806545201846,-3312.8806545201846,-3312.8806545201846,0,0,0,0,0,0,-1069.157249526858,-1069.157249526858,-1069.157249526858,0,0,0,0,0,0,0,0,0,-1201.5092628107934,-1201.5092628107934,-1201.5092628107934,0,0,0,-1069.157249526858,-1069.157249526858,-1069.157249526858,-1475.8814904524024,-1475.8814904524024,-1475.8814904524024,433.6673482698698,433.6673482698698,433.6673482698698,0,0,0,-2625.5291166597167,1456.966489980334,2704.8419744218986,2717.7844288386964,-601.6487780331872
2027-03-14T00:00:00Z,2711.460078023898,-2679.6368734137013,-2679.6368734137013,-2679.6368734137013,0,0,0,0,0,0,-153.61199978314187,-153.61199978314187,-153.61199978314187,0,0,0,0,0,0,0,0,0,-914.9214993293,-914.9214993293,-914.9214993293,0,0,0,-153.61199978314187,-153.61199978314187,-153.61199978314187,-2070.641282237848,-2070.641282237848,-2070.641282237848,459.53790793658834,459.53790793658834,459.53790793658834,0,0,0,-2113.8083551720574,2074.748872462795,2705.0400797648635,2718.079099739986,31.823204610196626
2027-03-15T00:00:00Z,2711.688279560798,216.57352498113755,216.57352498113755,216.57352498113755,0,0,0,0,0,0,20.43758651665317,20.43758651665317,20.43758651665317,0,0,0,0,0,0,0,0,0,-698.4016743762561,-698.4016743762561,-698.4016743762561,0,0,0,20.43758651665317,20.43758651665317,20.43758651665317,417.2668386407032,417.2668386407032,417.2668386407032,477.2707742000372,477.2707742000372,477.2707742000372,0,0,0,815.265474020746,5007.826448802512,2705.2384638405324,2718.374213834222,2928.261804541936
2027-03-16T00:00:00Z,2711.9164810976986,-858.2717614078699,-858.2717614078699,-858.2717614078699,0,0,0,0,0,0,-1470.60488239476,-1470.60488239476,-1470.60488239476,0,0,0,0,0,0,0,0,0,-657.0731216862292,-657.0731216862292,-657.0731216862292,0,0,0,-1470.60488239476,-1470.60488239476,-1470.60488239476,782.6848167503999,782.6848167503999,782.6848167503999,486.7214259227191,486.7214259227191,486.7214259227191,0,0,0,-53.649851608715835,3996.395139433371,2705.436050582244,2718.6436411223003,1853.6447196898287
2027-03-17T00:00:00Z,2712.1446826345987,-642.9158645125241,-642.9158645125241,-642.9158645125241,0,0,0,0,0,0,-1181.4628100860057,-1181.4628100860057,-1181.4628100860057,0,0,0,0,0,0,0,0,0,-699.915977929839,-699.915977929839,-699.915977929839,0,0,0,-1181.4628100860057,-1181.4628100860057,-1181.4628100860057,750.5195902296298,750.5195902296298,750.5195902296298,487.9433332736906,487.9433332736906,487.9433332736906,0,0,0,132.67022134587296,4084.470406350676,2705.6336783995175,2718.902251661712,2069.2288181220747
2027-03-18T00:00:00Z,2712.3728841714997,635.5307866249149,635.5307866249149,635.5307866249149,0,0,0,0,0,0,0,0,0,0,0,0,0,0,0,0,0,0,-652.0940890216194,-652.0940890216194,-652.0940890216194,0,0,0,0,0,0,806.4432778131594,806.4432778131594,806.4432778131594,481.18159783337455,481.18159783337455,481.18159783337455,0,0,0,1307.6875051021177,5106.3231588668405,2705.822535710632,2719.1608622011236,3347.9036707964146
2027-03-19T00:00:00Z,2712.6010857083998,804.2636840708258,804.2636840708258,804.2636840708258,0,0,0,0,0,0,0,0,0,0,0,0,0,0,0,0,0,0,-452.2063052810423,-452.2063052810423,-452.2063052810423,0,0,0,0,0,0,789.6082492569724,789.6082492569724,789.6082492569724,466.8617400948956,466.8617400948956,466.8617400948956,0,0,0,1391.6672012160693,5429.8202220755275,2706.0129922301767,2719.436620939019,3516.8647697792258
2027-03-20T00:00:00Z,2712.8292872453003,-1249.4219151593857,-1249.4219151593857,-1249.4219151593857,0,0,0,0,0,0,0,0,0,0,0,0,0,0,0,0,0,0,-219.11446434571423,-219.11446434571423,-219.11446434571423,0,0,0,0,0,0,-1475.8814904534634,-1475.8814904534634,-1475.8814904534634,445.574039639792,445.574039639792,445.574039639792,0,0,0,-497.3175314688603,3488.4350187547693,2706.2035258099822,2719.7281703242543,1463.4073720859146
2027-03-21T00:00:00Z,2713.057488782201,-1770.6046812817099,-1770.6046812817099,-1770.6046812817099,0,0,0,0,0,0,0,0,0,0,0,0,0,0,0,0,0,0,-118.0173449741497,-118.0173449741497,-118.0173449741497,0,0,0,0,0,0,-2070.6412822442717,-2070.6412822442717,-2070.6412822442717,418.0539459367111,418.0539459367111,418.0539459367111,0,0,0,-1143.8744067845455,2868.2519974456936,2706.4013830744934,2720.0364601465376,942.452807500491
2027-03-22T00:00:00Z,2713.2856903191014,630.2537160019017,630.2537160019017,630.2537160019017,0,0,0,0,0,0,0,0,0,0,0,0,0,0,0,0,0,0,-172.17229673869693,-172.17229673869693,-172.17229673869693,0,0,0,0,0,0,417.26683864143513,417.26683864143513,417.26683864143513,385.1591740991636,385.1591740991636,385.1591740991636,0,0,0,1331.8213605446363,5204.551144054689,2706.6001793616288,2720.3447499688205,3343.5394063210033
2027-03-23T00:00:00Z,2713.5138918560015,903.3792962975491,903.3792962975491,903.3792962975491,0,0,0,0,0,0,0,0,0,0,0,0,0,0,0,0,0,0,-227.14969809734606,-227.14969809734606,-227.14969809734606,0,0,0,0,0,0,782.6848167498819,782.6848167498819,782.6848167498819,347.8441776450133,347.8441776450133,347.8441776450133,0,0,0,1603.988520807512,5528.938264524517,2706.796985845503,2720.6278249042134,3616.8931881535505
2027-03-24T00:00:00Z,2713.742093392902,944.256839072321,944.256839072321,944.256839072321,0,0,0,0,0,0,0,0,0,0,0,0,0,0,0,0,0,0,-113.39549864697197,-113.39549864697197,-113.39549864697197,0,0,0,0,0,0,750.5195902305926,750.5195902305926,750.5195902305926,307.1327474887005,307.1327474887005,307.1327474887005,0,0,0,1800.5057674123418,5612.827648075007,2706.979970239109,2720.9074085221228,3657.998932465223
2027-03-25T00:00:00Z,2713.970294929802,1234.5735880763257,1234.5735880763257,1234.5735880763257,0,0,0,0,0,0,0,0,0,0,0,0,0,0,0,0,0,0,164.040788470179,164.040788470179,164.040788470179,0,0,0,0,0,0,806.4432778126325,806.4432778126325,806.4432778126325,264.08952179351405,264.08952179351405,264.08952179351405,0,0,0,1954.4371081893755,5901.023914955995,2707.1518684553403,2721.1969172188788,3948.5438830061275
2027-03-26T00:00:00Z,2714.198496466703,1432.219155664275,1432.219155664275,1432.219155664275,0,0,0,0,0,0,0,0,0,0,0,0,0,0,0,0,0,0,422.8197020567255,422.8197020567255,422.8197020567255,0,0,0,0,0,0,789.6082492617757,789.6082492617757,789.6082492617757,219.7912043457737,219.7912043457737,219.7912043457737,0,0,0,2191.8371971332913,6149.125583525962,2707.3237666715722,2721.4685793942326,4146.417652130978
2027-03-27T00:00:00Z,2714.426698003603,-786.5165810615472,-786.5165810615472,-786.5165810615472,0,0,0,0,0,0,0,0,0,0,0,0,0,0,0,0,0,0,514.0666296313414,514.0666296313414,514.0666296313414,0,0,0,0,0,0,-1475.8814904564063,-1475.8814904564063,-1475.8814904564063,175.29827976351788,175.29827976351788,175.29827976351788,0,0,0,11.344388389822265,3955.3404595416177,2707.4996328235834,2721.7436765309108,1927.910116942056
2027-03-28T00:00:00Z,2714.6548995405037,-1402.111778655715,-1402.111778655715,-1402.111778655715,0,0,0,0,0,0,0,0,0,0,0,0,0,0,0,0,0,0,536.9015207744411,536.9015207744411,536.9015207744411,0,0,0,0,0,0,-2070.6412822366037,-2070.6412822366037,-2070.6412822366037,131.62798280644685,131.62798280644685,131.62798280644685,0,0,0,-600.9567378381852,3369.2314361111557,2707.679413881118,2722.0210719686465,1312.5431208847888
2027-03-29T00:00:00Z,2714.8831010774043,1316.2329754889765,1316.2329754889765,1316.2329754889765,0,0,0,0,0,0,0,0,0,0,0,0,0,0,0,0,0,0,809.2369092918902,809.2369092918902,809.2369092918902,0,0,0,0,0,0,417.2668386431777,417.2668386431777,417.2668386431777,89.72922755390856,89.72922755390856,89.72922755390856,0,0,0,2089.6155761011487,6120.418627501203,2707.850568693406,2722.2845755659428,4031.116076566381
2027-03-30T00:00:00Z,2715.111302614305,2401.665231068881,2401.665231068881,2401.665231068881,0,0,0,0,0,0,0,0,0,0,0,0,0,0,0,0,0,0,1568.5202822574274,1568.5202822574274,1568.5202822574274,0,0,0,0,0,0,782.6848167511893,782.6848167511893,782.6848167511893,50.46013206026489,50.46013206026489,50.46013206026489,0,0,0,3297.3445747824117,7040.611523899404,2708.022144226271,2722.547093381452,5116.776533683185
2027-03-31T00:00:00Z,2715.339504151205,3421.614727778316,3421.614727778316,3421.614727778316,0,0,0,0,0,0,0,0,0,0,0,0,0,0,0,0,0,0,2656.526449923985,2656.526449923985,2656.526449923985,0,0,0,0,0,0,750.519590230344,750.519590230344,750.519590230344,14.568687623987964,14.568687623987964,14.568687623987964,0,0,0,4233.289337766653,8204.590458716973,2708.213254913763,2722.8096111969617,6136.9542319295215
2027-04-01T00:00:00Z,2715.5677056881054,4293.502349382132,4293.502349382132,4293.502349382132,0,0,0,0,0,0,0,0,0,0,0,0,0,0,0,0,0,0,3504.3820498542277,3504.3820498542277,3504.3820498542277,0,0,0,0,0,0,806.4432778119967,806.4432778119967,806.4432778119967,-17.322978284091654,-17.322978284091654,-17.322978284091654,0,0,0,4959.796597963592,9016.575303770993,2708.355528859893,2723.0721290124716,7009.070055070237
2027-04-02T00:00:00Z,2715.7959072250055,4237.892295786569,4237.892295786569,4237.892295786569,0,0,0,0,0,0,0,0,0,0,0,0,0,0,0,0,0,0,3493.014453517008,3493.014453517008,3493.014453517008,0,0,0,0,0,0,789.6082492683646,789.6082492683646,789.6082492683646,-44.730406998803076,-44.730406998803076,-44.730406998803076,0,0,0,5005.820563487997,8841.261811870174,2708.547141642275,2723.3346468279806,6953.688203011574
2027-04-03T00:00:00Z,2716.0241087619065,881.0403364849986,881.0403364849986,881.0403364849986,0,0,0,0,0,0,0,0,0,0,0,0,0,0,0,0,0,0,2424.236287865596,2424.236287865596,2424.236287865596,0,0,0,0,0,0,-1475.8814904555852,-1475.8814904555852,-1475.8814904555852,-67.31446092501234,-67.31446092501234,-67.31446092501234,0,0,0,1559.8658169201397,5523.0298779809355,2708.738795136857,2723.609661584236,3597.064445246905
2027-04-04T00:00:00Z,2716.252310298807,-1443.9757002290073,-1443.9757002290073,-1443.9757002290073,0,0,0,0,0,0,0,0,0,0,0,0,0,0,0,0,0,0,711.5503060318634,711.5503060318634,711.5503060318634,0,0,0,0,0,0,-2070.641282239816,-2070.641282239816,-2070.641282239816,-84.88472402105451,-84.88472402105451,-84.88472402105451,0,0,0,-508.26648286559873,3398.486555045146,2708.9136164806355,2723.8968162615774,1272.2766100697997
2027-04-05T00:00:00Z,2716.480511835707,-563.4069760840497,-563.4069760840497,-563.4069760840497,0,0,0,0,0,0,0,0,0,0,0,0,0,0,0,0,0,0,-883.2751415258489,-883.2751415258489,-883.2751415258489,0,0,0,0,0,0,417.26683864492026,417.26683864492026,417.26683864492026,-97.39867320312104,-97.39867320312104,-97.39867320312104,0,0,0,330.17341492834,4231.661610766041,2709.0899506655237,2724.1839709389183,2153.0735357516573
2027-04-06T00:00:00Z,2716.708713372608,-1086.6478529666397,-1086.6478529666397,-1086.6478529666397,0,0,0,0,0,0,0,0,0,0,0,0,0,0,0,0,0,0,-1764.3759078371784,-1764.3759078371784,-1764.3759078371784,0,0,0,0,0,0,782.6848167494934,782.6848167494934,782.6848167494934,-104.95676187895417,-104.95676187895417,-104.95676187895417,0,0,0,-402.61259672432135,3745.1997552136077,2709.2678551878,2724.47112561626,1630.0608604059685
2027-04-07T00:00:00Z,2716.9369149095082,-1215.4405266151164,-1215.4405266151164,-1215.4405266151164,0,0,0,0,0,0,0,0,0,0,0,0,0,0,0,0,0,0,-1858.1664480641534,-1858.1664480641534,-1858.1664480641534,0,0,0,0,0,0,750.5195902300954,750.5195902300954,750.5195902300954,-107.7936687810586,-107.7936687810586,-107.7936687810586,0,0,0,-396.9889624421659,3582.0296408776644,2709.445759710076,2724.758280293601,1501.4963882943919
2027-04-08T00:00:00Z,2717.165116446409,-849.7181979787408,-849.7181979787408,-849.7181979787408,0,0,0,0,0,0,0,0,0,0,0,0,0,0,0,0,0,0,-1549.8954082151715,-1549.8954082151715,-1549.8954082151715,0,0,0,0,0,0,806.4432778142506,806.4432778142506,806.4432778142506,-106.2660675778202,-106.2660675778202,-106.2660675778202,0,0,0,-94.45659227593568,3721.6389809384705,2709.623664232352,2725.045434970942,1867.446918467668
2027-04-09T00:00:00Z,2717.393317983309,-610.5317964424256,-610.5317964424256,-610.5317964424256,0,0,0,0,0,0,0,0,0,0,0,0,0,0,0,0,0,0,-1299.3026830020833,-1299.3026830020833,-1299.3026830020833,0,0,0,0,0,0,789.6082492586507,789.6082492586507,789.6082492586507,-100.83736269899352,-100.83736269899352,-100.83736269899352,0,0,0,-6.048066704141268,4104.998638107244,2709.8016566583133,2725.3321087153327,2106.861521540883
2027-04-10T00:00:00Z,2717.62151952021,-2853.8083038611667,-2853.8083038611667,-2853.8083038611667,0,0,0,0,0,0,0,0,0,0,0,0,0,0,0,0,0,0,-1285.8669013629387,-1285.8669013629387,-1285.8669013629387,0,0,0,0,0,0,-1475.8814904503258,-1475.8814904503258,-1475.8814904503258,-92.05991204790233,-92.05991204790233,-92.05991204790233,0,0,0,-2072.482290101895,1909.9371450125743,2709.994655112184,2725.6178322693036,-136.18678434095682
2027-04-11T00:00:00Z,2717.84972105711,-3515.5127624161105,-3515.5127624161105,-3515.5127624161105,0,0,0,0,0,0,0,0,0,0,0,0,0,0,0,0,0,0,-1364.3161642286684,-1364.3161642286684,-1364.3161642286684,0,0,0,0,0,0,-2070.641282240799,-2070.641282240799,-2070.641282240799,-80.55531594664218,-80.55531594664218,-80.55531594664218,0,0,0,-2802.1915948646733,1089.6959493778295,2710.1892383335867,2725.8978074614397,-797.6630413590005
2027-04-12T00:00:00Z,2718.0779225940105,-956.6499980189576,-956.6499980189576,-956.6499980189576,0,0,0,0,0,0,0,0,0,0,0,0,0,0,0,0,0,0,-1306.92344427061,-1306.92344427061,-1306.92344427061,0,0,0,0,0,0,417.266838638333,417.266838638333,417.266838638333,-66.99339238668058,-66.99339238668058,-66.99339238668058,0,0,0,-135.68036187645131,3727.156362722529,2710.3839818177835,2726.1650602179343,1761.4279245750529
2027-04-13T00:00:00Z,2718.3061241309106,-331.5686412258218,-331.5686412258218,-331.5686412258218,0,0,0,0,0,0,0,0,0,0,0,0,0,0,0,0,0,0,-1062.1829773304949,-1062.1829773304949,-1062.1829773304949,0,0,0,0,0,0,782.6848167508009,782.6848167508009,782.6848167508009,-52.07048064612785,-52.07048064612785,-52.07048064612785,0,0,0,556.5350473678512,4393.882706975049,2710.5588193125177,2726.434518431488,2386.7374829050887
2027-04-14T00:00:00Z,2718.5343256678116,-72.85411800224391,-72.85411800224391,-72.85411800224391,0,0,0,0,0,0,0,0,0,0,0,0,0,0,0,0,0,0,-786.8859899350626,-786.8859899350626,-786.8859899350626,0,0,0,0,0,0,750.5195902298469,750.5195902298469,750.5195902298469,-36.48771829702799,-36.48771829702799,-36.48771829702799,0,0,0,671.4715182841601,4675.060821857122,2710.7563808341847,2726.7251140035464,2645.6802076655677
2027-04-15T00:00:00Z,2718.7625272047117,128.22252390694157,128.22252390694157,128.22252390694157,0,0,0,0,0,0,0,0,0,0,0,0,0,0,0,0,0,0,-657.2908330147648,-657.2908330147648,-657.2908330147648,0,0,0,0,0,0,806.4432778109426,806.4432778109426,806.4432778109426,-20.92992088923626,-20.92992088923626,-20.92992088923626,0,0,0,1050.5193619276797,4938.552804046495,2710.957092478458,2727.0280466576887,2846.9850511116533
2027-04-16T00:00:00Z,2718.990728741612,104.1583483896107,104.1583483896107,104.1583483896107,0,0,0,0,0,0,0,0,0,0,0,0,0,0,0,0,0,0,-679.404240903562,-679.404240903562,-679.404240903562,0,0,0,0,0,0,789.60824926524,789.60824926524,789.60824926524,-6.045659972067525,-6.045659972067525,-6.045659972067525,0,0,0,915.9739312626796,4710.285537149903,2711.152486511603,2727.2973601038225,2823.149077131223
2027-04-17T00:00:00Z,2719.2189302785123,-2163.990288572587,-2163.990288572587,-2163.990288572587,0,0,0,0,0,0,0,0,0,0,0,0,0,0,0,0,0,0,-695.6797131562785,-695.6797131562785,-695.6797131562785,0,0,0,0,0,0,-1475.8814904595893,-1475.8814904595893,-1475.8814904595893,7.570915043280984,7.570915043280984,7.570915043280984,0,0,0,-1408.7406040346323,2478.508845376663,2711.334686482668,2727.5750929272335,555.2286417059254
2027-04-18T00:00:00Z,2719.4471318154133,-2618.4472918630004,-2618.4472918630004,-2618.4472918630004,0,0,0,0,0,0,0,0,0,0,0,0,0,0,0,0,0,0,-567.2020402005762,-567.2020402005762,-567.2020402005762,0,0,0,0,0,0,-2070.641282238571,-2070.641282238571,-2070.641282238571,19.396030576147,19.396030576147,19.396030576147,0,0,0,-1977.754957971609,2242.8424666269552,2711.540823527413,2727.8732649962153,100.99983995241291
2027-04-19T00:00:00Z,2719.6753333523134,118.19987641105078,118.19987641105078,118.19987641105078,0,0,0,0,0,0,0,0,0,0,0,0,0,0,0,0,0,0,-328.05657718215855,-328.05657718215855,-328.05657718215855,0,0,0,0,0,0,417.2668386390646,417.2668386390646,417.2668386390646,28.989614954144738,28.989614954144738,28.989614954144738,0,0,0,837.6873166035666,4724.385279217251,2711.74096618345,2728.1659335069926,2837.875209763364
2027-04-20T00:00:00Z,2719.903534889214,672.943609881021,672.943609881021,672.943609881021,0,0,0,0,0,0,0,0,0,0,0,0,0,0,0,0,0,0,-145.7468880374088,-145.7468880374088,-145.7468880374088,0,0,0,0,0,0,782.6848167488886,782.6848167488886,782.6848167488886,36.00568116954106,36.00568116954106,36.00568116954106,0,0,0,1405.1959412333686,5175.977845274441,2711.894510497608,2728.447898283985,3392.847144770235
2027-04-21T00:00:00Z,2720.131736426114,658.373215238527,658.373215238527,658.373215238527,0,0,0,0,0,0,0,0,0,0,0,0,0,0,0,0,0,0,-132.34592029076495,-132.34592029076495,-132.34592029076495,0,0,0,0,0,0,750.5195902308093,750.5195902308093,750.5195902308093,40.19954529848268,40.19954529848268,40.19954529848268,0,0,0,1418.4088592136538,5327.073958698514,2712.039825361599,2728.728803207616,3378.504951664641
2027-04-22T00:00:00Z,2720.359937963015,635.3643330882713,635.3643330882713,635.3643330882713,0,0,0,0,0,0,0,0,0,0,0,0,0,0,0,0,0,0,-212.51070331424185,-212.51070331424185,-212.51070331424185,0,0,0,0,0,0,806.4432778130881,806.4432778130881,806.4432778130881,41.43175858942521,41.43175858942521,41.43175858942521,0,0,0,1359.1834521254818,5273.141897365069,2712.185140225591,2729.0089574787503,3355.7242710512865
2027-04-23T00:00:00Z,2720.588139499915,632.8339251341856,632.8339251341856,632.8339251341856,0,0,0,0,0,0,0,0,0,0,0,0,0,0,0,0,0,0,-196.4430556659834,-196.4430556659834,-196.4430556659834,0,0,0,0,0,0,789.6082492636775,789.6082492636775,789.6082492636775,39.66873153649145,39.66873153649145,39.66873153649145,0,0,0,1265.9092679717,5204.100870222727,2712.330455089582,2729.288391547272,3353.422064634101
2027-04-24T00:00:00Z,2720.8163410368156,-1427.053434482325,-1427.053434482325,-1427.053434482325,0,0,0,0,0,0,0,0,0,0,0,0,0,0,0,0,0,0,13.847929083509667,13.847929083509667,13.847929083509667,0,0,0,0,0,0,-1475.8814904524475,-1475.8814904524475,-1475.8814904524475,34.98012688661268,34.98012688661268,34.98012688661268,0,0,0,-711.9998645166406,3257.7425523200427,2712.5096748098563,2729.5668987195427,1293.7629065544907
2027-04-25T00:00:00Z,2721.0445425737157,-1734.0385483630466,-1734.0385483630466,-1734.0385483630466,0,0,0,0,0,0,0,0,0,0,0,0,0,0,0,0,0,0,309.06954128115854,309.06954128115854,309.06954128115854,0,0,0,0,0,0,-2070.641282237949,-2070.641282237949,-2070.641282237949,27.533192593743816,27.533192593743816,27.533192593743816,0,0,0,-1084.7759314367463,3039.5081861100275,2712.7207800850288,2729.8495014655437,987.0059942106691
2027-04-26T00:00:00Z,2721.2727441106163,925.1066319146304,925.1066319146304,925.1066319146304,0,0,0,0,0,0,0,0,0,0,0,0,0,0,0,0,0,0,490.2555007515431,490.2555007515431,490.2555007515431,0,0,0,0,0,0,417.2668386418182,417.2668386418182,417.2668386418182,17.584292521269163,17.584292521269163,17.584292521269163,0,0,0,1763.1666237576599,5501.955197108073,2712.9318853602017,2730.132104211544,3646.3793760252465
2027-04-27T00:00:00Z,2721.500945647517,1304.8776882599534,1304.8776882599534,1304.8776882599534,0,0,0,0,0,0,0,0,0,0,0,0,0,0,0,0,0,0,516.724901706542,516.724901706542,516.724901706542,0,0,0,0,0,0,782.6848167501962,782.6848167501962,782.6848167501962,5.467969803214553,5.467969803214553,5.467969803214553,0,0,0,1973.8432639529042,5959.592448001929,2713.130700553433,2730.4121384678883,4026.3786339074704
2027-04-28T00:00:00Z,2721.7291471844173,1362.758231877248,1362.758231877248,1362.758231877248,0,0,0,0,0,0,0,0,0,0,0,0,0,0,0,0,0,0,620.6546985745689,620.6546985745689,620.6546985745689,0,0,0,0,0,0,750.5195902293497,750.5195902293497,750.5195902293497,-8.416056926670917,-8.416056926670917,-8.416056926670917,0,0,0,2173.506322856651,5980.569923848073,2713.2718341781133,2730.7045679702414,4084.4873790616653
2027-04-29T00:00:00Z,2721.9573487213174,1909.23730092128,1909.23730092128,1909.23730092128,0,0,0,0,0,0,0,0,0,0,0,0,0,0,0,0,0,0,1126.411535520543,1126.411535520543,1126.411535520543,0,0,0,0,0,0,806.443277812561,806.443277812561,806.443277812561,-23.61751241182426,-23.61751241182426,-23.61751241182426,0,0,0,2707.7288407748333,6580.641126968697,2713.4079309529766,2730.9942589910474,4631.194649642597
2027-04-30T00:00:00Z,2722.1855502582184,2850.0403609100936,2850.0403609100936,2850.0403609100936,0,0,0,0,0,0,0,0,0,0,0,0,0,0,0,0,0,0,2100.0834213377016,2100.0834213377016,2100.0834213377016,0,0,0,0,0,0,789.6082492639011,789.6082492639011,789.6082492639011,-39.65130969150942,-39.65130969150942,-39.65130969150942,0,0,0,3621.52670166558,7480.065837491882,2713.5447887495493,2731.2774672320147,5572.225911168312
2027-05-01T00:00:00Z,2722.4137517951185,-319.1380885288218,-319.1380885288218,-319.1380885288218,0,0,0,0,0,0,-1941.2219588157836,-1941.2219588157836,-1941.2219588157836,0,0,0,0,0,0,-1941.2219588157836,-1941.2219588157836,-1941.2219588157836,3153.979271275246,3153.979271275246,3153.979271275246,0,0,0,0,0,0,-1475.8814904617107,-1475.8814904617107,-1475.8814904617107,-56.0139105265721,-56.0139105265721,-56.0139105265721,0,0,0,412.61095453432404,4267.666634440976,2713.681646546122,2731.56186510048,2403.2756632662968
2027-05-02T00:00:00Z,2722.641953332019,1489.9362651835218,1489.9362651835218,1489.9362651835218,0,0,0,0,0,0,0,0,0,0,0,0,0,0,0,0,0,0,3632.777332649321,3632.777332649321,3632.777332649321,0,0,0,0,0,0,-2070.641282241161,-2070.641282241161,-2070.641282241161,-72.19978522463785,-72.19978522463785,-72.19978522463785,0,0,0,2108.681120495595,6026.408590560282,2713.824730836656,2731.858584975641,4212.57821851554
2027-05-03T00:00:00Z,2722.870154868919,3407.866786096616,3407.866786096616,3407.866786096616,0,0,0,0,0,0,0,0,0,0,0,0,0,0,0,0,0,0,3078.3174133788875,3078.3174133788875,3078.3174133788875,0,0,0,0,0,0,417.26683863421994,417.26683863421994,417.26683863421994,-87.71746591649092,-87.71746591649092,-87.71746591649092,0,0,0,4145.582486171331,8052.623106463818,2713.9845760469334,2732.1553048508017,6130.736940965535
2027-05-04T00:00:00Z,2723.09835640582,2283.7527794458206,2283.7527794458206,2283.7527794458206,0,0,0,0,0,0,0,0,0,0,0,0,0,0,0,0,0,0,1603.1726752942725,1603.1726752942725,1603.1726752942725,0,0,0,0,0,0,782.6848167498943,782.6848167498943,782.6848167498943,-102.10471259834551,-102.10471259834551,-102.10471259834551,0,0,0,2914.6215296916475,6902.53570624498,2714.114466599833,2732.437433079636,5006.851135851641
2027-05-05T00:00:00Z,2723.3265579427202,487.924396493123,487.924396493123,487.924396493123,0,0,0,0,0,0,0,0,0,0,0,0,0,0,0,0,0,0,-147.65284319999358,-147.65284319999358,-147.65284319999358,0,0,0,0,0,0,750.5195902303124,750.5195902303124,750.5195902303124,-114.94235053719572,-114.94235053719572,-114.94235053719572,0,0,0,1224.6539394949632,5239.694947477456,2714.2590308814197,2732.7234415399794,3211.250954435843
2027-05-06T00:00:00Z,2723.5547594796208,-750.7777034454888,-750.7777034454888,-750.7777034454888,0,0,0,0,0,0,0,0,0,0,0,0,0,0,0,0,0,0,-1431.3545917911315,-1431.3545917911315,-1431.3545917911315,0,0,0,0,0,0,806.443277810589,806.443277810589,806.443277810589,-125.86638946494645,-125.86638946494645,-125.86638946494645,0,0,0,-76.71340169715381,3901.153469182888,2714.4039477748406,2733.005938604968,1972.7770560341319
2027-05-07T00:00:00Z,2723.7829610165213,-1237.6530912900428,-1237.6530912900428,-1237.6530912900428,0,0,0,0,0,0,0,0,0,0,0,0,0,0,0,0,0,0,-1892.683243035521,-1892.683243035521,-1892.683243035521,0,0,0,0,0,0,789.6082492605528,789.6082492605528,789.6082492605528,-134.578097515075,-134.578097515075,-134.578097515075,0,0,0,-662.5938714917723,3532.4253607288033,2714.550923126313,2733.280027140781,1486.1298697264785
2027-05-08T00:00:00Z,2724.011162553422,-3338.7885333612608,-3338.7885333612608,-3338.7885333612608,0,0,0,0,0,0,0,0,0,0,0,0,0,0,0,0,0,0,-1722.0552689290867,-1722.0552689290867,-1722.0552689290867,0,0,0,0,0,0,-1475.8814904564517,-1475.8814904564517,-1475.8814904564517,-140.8517739757232,-140.8517739757232,-140.8517739757232,0,0,0,-2586.403631039889,1348.1807950605225,2714.700551327548,2733.5250964318816,-614.7773708078389
2027-05-09T00:00:00Z,2724.2393640903224,-3612.4333551293084,-3612.4333551293084,-3612.4333551293084,0,0,0,0,0,0,0,0,0,0,0,0,0,0,0,0,0,0,-1397.252030632966,-1397.252030632966,-1397.252030632966,0,0,0,0,0,0,-2070.6412822367042,-2070.6412822367042,-2070.6412822367042,-144.5400422596383,-144.5400422596383,-144.5400422596383,0,0,0,-2964.283619087406,1114.0922345883084,2714.855242590541,2733.790192200817,-888.193991038986
2027-05-10T00:00:00Z,2724.4675656272225,-994.6760016434467,-994.6760016434467,-994.6760016434467,0,0,0,0,0,0,0,0,0,0,0,0,0,0,0,0,0,0,-1266.3662747074764,-1266.3662747074764,-1266.3662747074764,0,0,0,0,0,0,417.2668386432816,417.2668386432816,417.2668386432816,-145.5765655792518,-145.5765655792518,-145.5765655792518,0,0,0,-293.5522236551887,3745.8966692726217,2714.995462352489,2734.0575048550186,1729.7915639837756
2027-05-11T00:00:00Z,2724.695767164123,-690.93842668302,-690.93842668302,-690.93842668302,0,0,0,0,0,0,0,0,0,0,0,0,0,0,0,0,0,0,-1329.6470733942697,-1329.6470733942697,-1329.6470733942697,0,0,0,0,0,0,782.6848167495918,782.6848167495918,782.6848167495918,-143.976170038342,-143.976170038342,-143.976170038342,0,0,0,90.03549376364407,4073.3914352992797,2715.140643884113,2734.324848123829,2033.757340481103
2027-05-12T00:00:00Z,2724.9239687010236,-751.04885453857,-751.04885453857,-751.04885453857,0,0,0,0,0,0,0,0,0,0,0,0,0,0,0,0,0,0,-1361.736004062462,-1361.736004062462,-1361.736004062462,0,0,0,0,0,0,750.5195902294744,750.5195902294744,750.5195902294744,-139.83244070558217,-139.83244070558217,-139.83244070558217,0,0,0,103.4140082795526,3990.4510154544137,2715.2876780087004,2734.593660417361,1973.8751141624534
2027-05-13T00:00:00Z,2725.152170237924,-528.3789182211228,-528.3789182211228,-528.3789182211228,0,0,0,0,0,0,0,0,0,0,0,0,0,0,0,0,0,0,-1201.509262810237,-1201.509262810237,-1201.509262810237,0,0,0,0,0,0,806.4432778113982,806.4432778113982,806.4432778113982,-133.31293322228368,-133.31293322228368,-133.31293322228368,0,0,0,113.5121052831501,4316.3433582122825,2715.496382818038,2734.8672456775003,2196.773252016801
2027-05-14T00:00:00Z,2725.380371774824,-249.96546437680556,-249.96546437680556,-249.96546437680556,0,0,0,0,0,0,0,0,0,0,0,0,0,0,0,0,0,0,-914.9214993295893,-914.9214993295893,-914.9214993295893,0,0,0,0,0,0,789.6082492671418,789.6082492671418,789.6082492671418,-124.65221431435793,-124.65221431435793,-124.65221431435793,0,0,0,645.2304033574756,4569.431312766474,2715.703514731666,2735.158378561664,2475.414907398019
2027-05-15T00:00:00Z,2725.6085733117247,-2288.4261720021227,-2288.4261720021227,-2288.4261720021227,0,0,0,0,0,0,0,0,0,0,0,0,0,0,0,0,0,0,-698.4016743738767,-698.4016743738767,-698.4016743738767,0,0,0,0,0,0,-1475.8814904556302,-1475.8814904556302,-1475.8814904556302,-114.14300717261617,-114.14300717261617,-114.14300717261617,0,0,0,-1475.0774058216089,2442.751036473386,2715.882474031355,2735.44392960903,437.182401309602
2027-05-16T00:00:00Z,2725.8367748486253,-5856.132601030631,-5856.132601030631,-5856.132601030631,0,0,0,0,0,0,-3026.2924268839934,-3026.2924268839934,-3026.2924268839934,0,0,0,0,0,0,0,0,0,-657.0731216838459,-657.0731216838459,-657.0731216838459,-3026.2924268839934,-3026.2924268839934,-3026.2924268839934,0,0,0,-2070.6412822399166,-2070.6412822399166,-2070.6412822399166,-102.1257702228747,-102.1257702228747,-102.1257702228747,0,0,0,-5057.418579422715,-1092.6195489122422,2716.0397138189396,2735.7110299043375,-3130.295826182006
2027-05-17T00:00:00Z,2726.064976385526,-3601.907729290186,-3601.907729290186,-3601.907729290186,0,0,0,0,0,0,-3230.2815110795846,-3230.2815110795846,-3230.2815110795846,0,0,0,0,0,0,0,0,0,-699.9159779306136,-699.9159779306136,-699.9159779306136,-3230.2815110795846,-3230.2815110795846,-3230.2815110795846,0,0,0,417.2668386366943,417.2668386366943,417.2668386366943,-88.97707891668263,-88.97707891668263,-88.97707891668263,0,0,0,-2743.132885945754,1042.9933198377723,2716.2268911276033,2735.989559305087,-875.8427529046603
2027-05-18T00:00:00Z,2726.293177922426,-155.67985371906175,-155.67985371906175,-155.67985371906175,0,0,0,0,0,0,-211.17337269312887,-211.17337269312887,-211.17337269312887,0,0,0,0,0,0,0,0,0,-652.0940890218468,-652.0940890218468,-652.0940890218468,-211.17337269312887,-211.17337269312887,-211.17337269312887,0,0,0,782.6848167492894,782.6848167492894,782.6848167492894,-75.09720875337574,-75.09720875337574,-75.09720875337574,0,0,0,709.9898772528927,4717.449341762327,2716.4056911147914,2736.290293770961,2570.6133242033643
2027-05-19T00:00:00Z,2726.521379459327,35.74280830252782,35.74280830252782,35.74280830252782,0,0,0,0,0,0,-201.67314350034442,-201.67314350034442,-201.67314350034442,0,0,0,0,0,0,0,0,0,-452.20630527773295,-452.20630527773295,-452.20630527773295,-201.67314350034442,-201.67314350034442,-201.67314350034442,0,0,0,750.5195902304371,750.5195902304371,750.5195902304371,-60.89733314983166,-60.89733314983166,-60.89733314983166,0,0,0,717.153351525062,4655.716638806466,2716.584865011789,2736.581447251748,2762.264187761855
2027-05-20T00:00:00Z,2726.749580996227,-2087.271434895078,-2087.271434895078,-2087.271434895078,0,0,0,0,0,0,-2627.813496577366,-2627.813496577366,-2627.813496577366,0,0,0,0,0,0,-1941.2219588157836,-1941.2219588157836,-1941.2219588157836,-219.1144643448496,-219.1144643448496,-219.1144643448496,-686.591537761583,-686.591537761583,-686.591537761583,0,0,0,806.4432778122074,806.4432778122074,806.4432778122074,-46.7867517850691,-46.7867517850691,-46.7867517850691,0,0,0,-1281.7616545601607,2466.7984205402468,2716.764306385552,2736.8633681268484,639.4781461011489
2027-05-21T00:00:00Z,2726.9777825331275,-928.231467231013,-928.231467231013,-928.231467231013,0,0,0,0,0,0,-1566.6618176821923,-1566.6618176821923,-1566.6618176821923,0,0,0,0,0,0,0,0,0,-118.0173449755141,-118.0173449755141,-118.0173449755141,-1566.6618176821923,-1566.6618176821923,-1566.6618176821923,0,0,0,789.6082492610003,789.6082492610003,789.6082492610003,-33.1605538343067,-33.1605538343067,-33.1605538343067,0,0,0,-246.52452231558482,3916.8095947615557,2716.943747759315,2737.143575382196,1798.7463153021145
2027-05-22T00:00:00Z,2727.2059840700276,-3367.3976478593636,-3367.3976478593636,-3367.3976478593636,0,0,0,0,0,0,-1698.9557639586671,-1698.9557639586671,-1698.9557639586671,0,0,0,0,0,0,0,0,0,-172.17229673903418,-172.17229673903418,-172.17229673903418,-1698.9557639586671,-1698.9557639586671,-1698.9557639586671,0,0,0,-1475.8814904585731,-1475.8814904585731,-1475.8814904585731,-20.388096703088966,-20.388096703088966,-20.388096703088966,0,0,0,-2654.726471199501,1201.3793610165603,2717.123189133077,2737.4124032235304,-640.191663789336
2027-05-23T00:00:00Z,2727.434185606928,-3815.826803702779,-3815.826803702779,-3815.826803702779,0,0,0,0,0,0,-1509.233177919356,-1509.233177919356,-1509.233177919356,0,0,0,0,0,0,0,0,0,-227.14969809882282,-227.14969809882282,-227.14969809882282,-1509.233177919356,-1509.233177919356,-1509.233177919356,0,0,0,-2070.6412822447346,-2070.6412822447346,-2070.6412822447346,-8.802645439865875,-8.802645439865875,-8.802645439865875,0,0,0,-3187.340178003763,781.734298701121,2717.30263050684,2737.6635637614536,-1088.392618095851
2027-05-24T00:00:00Z,2727.6623871438287,-579.657681200406,-579.657681200406,-579.657681200406,0,0,0,0,0,0,-884.8365488841048,-884.8365488841048,-884.8365488841048,0,0,0,0,0,0,0,0,0,-113.39549864612353,-113.39549864612353,-113.39549864612353,-884.8365488841048,-884.8365488841048,-884.8365488841048,0,0,0,417.2668386384369,417.2668386384369,417.2668386384369,1.307527691385398,1.307527691385398,1.307527691385398,0,0,0,-3.072878062731343,4199.0331014160565,2717.477527507781,2737.9428717131186,2148.004705943423
2027-05-25T00:00:00Z,2727.8905886807293,956.431943553569,956.431943553569,956.431943553569,0,0,0,0,0,0,0,0,0,0,0,0,0,0,0,0,0,0,164.04078846764082,164.04078846764082,164.04078846764082,0,0,0,0,0,0,782.6848167505972,782.6848167505972,782.6848167505972,9.70633833533086,9.70633833533086,9.70633833533086,0,0,0,1645.6412356223125,5663.180118247738,2717.674812324768,2738.222179664783,3684.3225322342983
2027-05-26T00:00:00Z,2728.1187902176293,1189.5544880815637,1189.5544880815637,1189.5544880815637,0,0,0,0,0,0,0,0,0,0,0,0,0,0,0,0,0,0,422.81970205686434,422.81970205686434,422.81970205686434,0,0,0,0,0,0,750.5195902295668,750.5195902295668,750.5195902295668,16.21519579513269,16.21519579513269,16.21519579513269,0,0,0,1918.081119970071,5959.276279664083,2717.8759809422963,2738.5014876164473,3917.673278299193
2027-05-27T00:00:00Z,2728.34699175453,1341.2262085282994,1341.2262085282994,1341.2262085282994,0,0,0,0,0,0,0,0,0,0,0,0,0,0,0,0,0,0,514.0666296316145,514.0666296316145,514.0666296316145,0,0,0,0,0,0,806.4432778116802,806.4432778116802,806.4432778116802,20.716301085004652,20.716301085004652,20.716301085004652,0,0,0,2056.989009330604,6061.141872163172,2718.0887750859697,2738.780795568112,4069.573200282829
2027-05-28T00:00:00Z,2728.5751932914304,1349.6636572199843,1349.6636572199843,1349.6636572199843,0,0,0,0,0,0,0,0,0,0,0,0,0,0,0,0,0,0,536.90152077264,536.90152077264,536.90152077264,0,0,0,0,0,0,789.608249264017,789.608249264017,789.608249264017,23.153887183327548,23.153887183327548,23.153887183327548,0,0,0,2172.822885147466,6071.460816780602,2718.2712237742303,2739.057720198528,4078.238850511415
2027-05-29T00:00:00Z,2728.803394828331,-643.1111613198368,-643.1111613198368,-643.1111613198368,0,0,0,0,0,0,0,0,0,0,0,0,0,0,0,0,0,0,809.2369092910835,809.2369092910835,809.2369092910835,0,0,0,0,0,0,-1475.881490459634,-1475.881490459634,-1475.881490459634,23.53341984871383,23.53341984871383,23.53341984871383,0,0,0,283.474206564359,4174.391141065137,2718.467646542561,2739.3213315498233,2085.692233508494
2027-05-30T00:00:00Z,2729.031596365231,-480.2021561292423,-480.2021561292423,-480.2021561292423,0,0,0,0,0,0,0,0,0,0,0,0,0,0,0,0,0,0,1568.520282257523,1568.520282257523,1568.520282257523,0,0,0,0,0,0,-2070.641282238672,-2070.641282238672,-2070.641282238672,21.918843851906495,21.918843851906495,21.918843851906495,0,0,0,148.51978203944793,4167.906787120464,2718.6640693108916,2739.5672798512396,2248.829440235989
2027-05-31T00:00:00Z,2729.2597979021316,3092.221310454031,3092.221310454031,3092.221310454031,0,0,0,0,0,0,0,0,0,0,0,0,0,0,0,0,0,0,2656.5264499218815,2656.5264499218815,2656.5264499218815,0,0,0,0,0,0,417.2668386401795,417.2668386401795,417.2668386401795,18.4280218919701,18.4280218919701,18.4280218919701,0,0,0,3535.297790296796,7998.505931691716,2718.851341742083,2739.813228152655,5821.481108356163
2027-06-01T00:00:00Z,2729.487999439032,4300.293436424687,4300.293436424687,4300.293436424687,0,0,0,0,0,0,0,0,0,0,0,0,0,0,0,0,0,0,3504.3820498542627,3504.3820498542627,3504.3820498542627,0,0,0,0,0,0,782.6848167486853,782.6848167486853,782.6848167486853,13.226569821738396,13.226569821738396,13.226569821738396,0,0,0,5021.483375717435,9103.70402241236,2719.0056764404703,2740.0591764540713,7029.781435863719
2027-06-02T00:00:00Z,2729.7162009759327,4250.054384159299,4250.054384159299,4250.054384159299,0,0,0,0,0,0,0,0,0,0,0,0,0,0,0,0,0,0,3493.014453516061,3493.014453516061,3493.014453516061,0,0,0,0,0,0,750.5195902299399,750.5195902299399,750.5195902299399,6.520340413298318,6.520340413298318,6.520340413298318,0,0,0,4940.9930547650865,8867.319696555698,2719.1670170452835,2740.305124755487,6979.770585135231
2027-06-03T00:00:00Z,2729.9444025128328,3229.226412924658,3229.226412924658,3229.226412924658,0,0,0,0,0,0,0,0,0,0,0,0,0,0,0,0,0,0,2424.236287868727,2424.236287868727,2424.236287868727,0,0,0,0,0,0,806.4432778110446,806.4432778110446,806.4432778110446,-1.4531527551136552,-1.4531527551136552,-1.4531527551136552,0,0,0,3895.5060118929214,7938.33924608977,2719.3394343828663,2740.5733431392964,5959.17081543749
2027-06-04T00:00:00Z,2730.1726040497333,1490.7245045741377,1490.7245045741377,1490.7245045741377,0,0,0,0,0,0,0,0,0,0,0,0,0,0,0,0,0,0,711.5503060297166,711.5503060297166,711.5503060297166,0,0,0,0,0,0,789.6082492642408,789.6082492642408,789.6082492642408,-10.434050719819595,-10.434050719819595,-10.434050719819595,0,0,0,2198.170303567628,6250.137534318598,2719.5044067826825,2740.8593984674267,4220.897108623871
2027-06-05T00:00:00Z,2730.400805586634,-2379.3064974508407,-2379.3064974508407,-2379.3064974508407,0,0,0,0,0,0,0,0,0,0,0,0,0,0,0,0,0,0,-883.2751415238033,-883.2751415238033,-883.2751415238033,0,0,0,0,0,0,-1475.8814904543747,-1475.8814904543747,-1475.8814904543747,-20.14986547266288,-20.14986547266288,-20.14986547266288,0,0,0,-1747.7328052452833,2339.8271850450456,2719.665584519637,2741.145453795557,351.0943081357932
2027-06-06T00:00:00Z,2730.6290071235344,-5806.564401507796,-5806.564401507796,-5806.564401507796,0,0,0,0,0,0,-1941.2219588157836,-1941.2219588157836,-1941.2219588157836,0,0,0,0,0,0,-1941.2219588157836,-1941.2219588157836,-1941.2219588157836,-1764.3759078346372,-1764.3759078346372,-1764.3759078346372,0,0,0,0,0,0,-2070.6412822434895,-2070.6412822434895,-2070.6412822434895,-30.325252613885823,-30.325252613885823,-30.325252613885823,0,0,0,-4843.696560933749,-1086.2446264699277,2719.8267622565913,2741.4315091236876,-3075.9353943842616
2027-06-07T00:00:00Z,2730.8572086604345,-3422.813069339527,-3422.813069339527,-3422.813069339527,0,0,0,0,0,0,-1941.2219588157836,-1941.2219588157836,-1941.2219588157836,0,0,0,0,0,0,-1941.2219588157836,-1941.2219588157836,-1941.2219588157836,-1858.166448063655,-1858.166448063655,-1858.166448063655,0,0,0,0,0,0,417.2668386409112,417.2668386409112,417.2668386409112,-40.69150110099964,-40.69150110099964,-40.69150110099964,0,0,0,-2777.607582349098,1216.3660409990578,2719.9888031698474,2741.7158265609273,-691.9558606790924
2027-06-08T00:00:00Z,2731.085410197335,-818.2060090445423,-818.2060090445423,-818.2060090445423,0,0,0,0,0,0,0,0,0,0,0,0,0,0,0,0,0,0,-1549.8954082157818,-1549.8954082157818,-1549.8954082157818,0,0,0,0,0,0,782.6848167499927,782.6848167499927,782.6848167499927,-50.995417578753155,-50.995417578753155,-50.995417578753155,0,0,0,33.71394129773256,3900.0490873503272,2720.1525129079687,2742.018045468441,1912.8794011527928
2027-06-09T00:00:00Z,2731.313611734236,-609.7904028150889,-609.7904028150889,-609.7904028150889,0,0,0,0,0,0,0,0,0,0,0,0,0,0,0,0,0,0,-1299.3026830003462,-1299.3026830003462,-1299.3026830003462,0,0,0,0,0,0,750.5195902302806,750.5195902302806,750.5195902302806,-61.007310045023075,-61.007310045023075,-61.007310045023075,0,0,0,90.13474301152058,4073.2518385090534,2720.3196313922394,2742.29540463812,2121.5232089191472
2027-06-10T00:00:00Z,2731.541813271136,-549.951435989254,-549.951435989254,-549.951435989254,0,0,0,0,0,0,0,0,0,0,0,0,0,0,0,0,0,0,-1285.8669013617075,-1285.8669013617075,-1285.8669013617075,0,0,0,0,0,0,806.4432778132986,806.4432778132986,806.4432778132986,-70.52781244084485,-70.52781244084485,-70.52781244084485,0,0,0,213.47337328778437,4173.599108038003,2720.490481237621,2742.570463828772,2181.590377281882
2027-06-11T00:00:00Z,2731.7700148080366,-654.1012517400204,-654.1012517400204,-654.1012517400204,0,0,0,0,0,0,0,0,0,0,0,0,0,0,0,0,0,0,-1364.3161642276411,-1364.3161642276411,-1364.3161642276411,0,0,0,0,0,0,789.6082492626784,789.6082492626784,789.6082492626784,-79.39333677505795,-79.39333677505795,-79.39333677505795,0,0,0,-67.89906967530068,4184.88583667378,2720.632997197591,2742.8594552252257,2077.6687630680162
2027-06-12T00:00:00Z,2731.998216344937,-2870.2849257651783,-2870.2849257651783,-2870.2849257651783,0,0,0,0,0,0,0,0,0,0,0,0,0,0,0,0,0,0,-1306.9234442716981,-1306.9234442716981,-1306.9234442716981,0,0,0,0,0,0,-1475.8814904535536,-1475.8814904535536,-1475.8814904535536,-87.47999103992657,-87.47999103992657,-87.47999103992657,0,0,0,-2036.1553144682675,1867.604790814791,2720.7938286783183,2743.1413201457726,-138.2867094202411
2027-06-13T00:00:00Z,2732.2264178818377,-3227.530117185642,-3227.530117185642,-3227.530117185642,0,0,0,0,0,0,0,0,0,0,0,0,0,0,0,0,0,0,-1062.1829773293643,-1062.1829773293643,-1062.1829773293643,0,0,0,0,0,0,-2070.6412822358216,-2070.6412822358216,-2070.6412822358216,-94.70585762045613,-94.70585762045613,-94.70585762045613,0,0,0,-2340.82428230886,1631.5807039668025,2720.9550064152727,2743.4172259164598,-495.3036993038045
2027-06-14T00:00:00Z,2732.454619418738,-470.65073752365703,-470.65073752365703,-470.65073752365703,0,0,0,0,0,0,0,0,0,0,0,0,0,0,0,0,0,0,-786.885989935467,-786.885989935467,-786.885989935467,0,0,0,0,0,0,417.2668386353348,417.2668386353348,417.2668386353348,-101.0315862235251,-101.0315862235251,-101.0315862235251,0,0,0,403.87176995019854,4321.989263188514,2721.116184152227,2743.698415413828,2261.803881895081
2027-06-15T00:00:00Z,2732.6828209556384,18.934668204885785,18.934668204885785,18.934668204885785,0,0,0,0,0,0,0,0,0,0,0,0,0,0,0,0,0,0,-657.2908330123732,-657.2908330123732,-657.2908330123732,0,0,0,0,0,0,782.6848167499064,782.6848167499064,782.6848167499064,-106.4593155326473,-106.4593155326473,-106.4593155326473,0,0,0,875.0365609965238,4871.702765652139,2721.2777631412887,2744.004541067865,2751.617489160524
2027-06-16T00:00:00Z,2732.9110224925385,-39.9146474703474,-39.9146474703474,-39.9146474703474,0,0,0,0,0,0,0,0,0,0,0,0,0,0,0,0,0,0,-679.4042409030866,-679.4042409030866,-679.4042409030866,0,0,0,0,0,0,750.5195902300321,750.5195902300321,750.5195902300321,-111.02999679729261,-111.02999679729261,-111.02999679729261,0,0,0,635.3871286872348,4646.693237619234,2721.4408172792587,2744.292062404989,2692.996375022191
2027-06-17T00:00:00Z,2733.1392240294394,-4.055683774243336,-4.055683774243336,-4.055683774243336,0,0,0,0,0,0,0,0,0,0,0,0,0,0,0,0,0,0,-695.679713156684,-695.679713156684,-695.679713156684,0,0,0,0,0,0,806.4432778113267,806.4432778113267,806.4432778113267,-114.81924842888604,-114.81924842888604,-114.81924842888604,0,0,0,763.2015107371496,4693.4892156809165,2721.603871417229,2744.5781177331187,2729.083540255196
2027-06-18T00:00:00Z,2733.3674255663395,104.47428752769048,104.47428752769048,104.47428752769048,0,0,0,0,0,0,0,0,0,0,0,0,0,0,0,0,0,0,-567.2020402004006,-567.2020402004006,-567.2020402004006,0,0,0,0,0,0,789.6082492611163,789.6082492611163,789.6082492611163,-117.93192153302485,-117.93192153302485,-117.93192153302485,0,0,0,730.9526666735742,4804.9834450388,2721.766925555199,2744.8641730612494,2837.84171309403
2027-06-19T00:00:00Z,2733.59562710324,-1924.4336681290936,-1924.4336681290936,-1924.4336681290936,0,0,0,0,0,0,0,0,0,0,0,0,0,0,0,0,0,0,-328.0565771843122,-328.0565771843122,-328.0565771843122,0,0,0,0,0,0,-1475.8814904564967,-1475.8814904564967,-1475.8814904564967,-120.49560048828461,-120.49560048828461,-120.49560048828461,0,0,0,-1185.0803579649792,2590.5403371199222,2721.929979693169,2745.1502283893788,809.1619589741465
2027-06-20T00:00:00Z,2733.82382864014,-2339.041469022059,-2339.041469022059,-2339.041469022059,0,0,0,0,0,0,0,0,0,0,0,0,0,0,0,0,0,0,-145.74688803631838,-145.74688803631838,-145.74688803631838,0,0,0,0,0,0,-2070.641282242245,-2070.641282242245,-2070.641282242245,-122.65329874349568,-122.65329874349568,-122.65329874349568,0,0,0,-1512.7464596905097,2397.2743851496316,2722.0930338311387,2745.436283717509,394.78235961808105
2027-06-21T00:00:00Z,2734.052030177041,160.36528158710348,160.36528158710348,160.36528158710348,0,0,0,0,0,0,0,0,0,0,0,0,0,0,0,0,0,0,-132.34592029126412,-132.34592029126412,-132.34592029126412,0,0,0,0,0,0,417.26683864439633,417.26683864439633,417.26683864439633,-124.55563676602878,-124.55563676602878,-124.55563676602878,0,0,0,950.6153459798163,4948.4141318071315,2722.2566053099094,2745.7223390456397,2894.417311764145
2027-06-22T00:00:00Z,2734.2802317139412,443.82130773391674,443.82130773391674,443.82130773391674,0,0,0,0,0,0,0,0,0,0,0,0,0,0,0,0,0,0,-212.51070331478888,-212.51070331478888,-212.51070331478888,0,0,0,0,0,0,782.6848167496041,782.6848167496041,782.6848167496041,-126.3528057008985,-126.3528057008985,-126.3528057008985,0,0,0,1193.1707996879936,5164.358522149516,2722.420280932137,2746.00839437377,3178.101539447858
2027-06-23T00:00:00Z,2734.508433250842,425.8899083041517,425.8899083041517,425.8899083041517,0,0,0,0,0,0,0,0,0,0,0,0,0,0,0,0,0,0,-196.44305566647634,-196.44305566647634,-196.44305566647634,0,0,0,0,0,0,750.5195902297836,750.5195902297836,750.5195902297836,-128.18662625915556,-128.18662625915556,-128.18662625915556,0,0,0,1177.9067532283093,5106.366048834753,2722.5839565543642,2746.2944497019002,3160.3983415549933
2027-06-24T00:00:00Z,2734.736634787742,690.1081993946665,690.1081993946665,690.1081993946665,0,0,0,0,0,0,0,0,0,0,0,0,0,0,0,0,0,0,13.847929084158649,13.847929084158649,13.847929084158649,0,0,0,0,0,0,806.4432778135805,806.4432778135805,806.4432778135805,-130.18300750307264,-130.18300750307264,-130.18300750307264,0,0,0,1395.7208278276773,5524.888940468995,2722.7476321765917,2746.58050503003,3424.8448341824082
2027-06-25T00:00:00Z,2734.964836324643,966.2326958104994,966.2326958104994,966.2326958104994,0,0,0,0,0,0,0,0,0,0,0,0,0,0,0,0,0,0,309.06954127992657,309.06954127992657,309.06954127992657,0,0,0,0,0,0,789.6082492659191,789.6082492659191,789.6082492659191,-132.44509473534617,-132.44509473534617,-132.44509473534617,0,0,0,1691.2646714405055,5586.343095919947,2722.9145049874337,2746.8665603581603,3701.1975321351424
2027-06-26T00:00:00Z,2735.193037861543,-1120.673359876276,-1120.673359876276,-1120.673359876276,0,0,0,0,0,0,0,0,0,0,0,0,0,0,0,0,0,0,490.2555007506945,490.2555007506945,490.2555007506945,0,0,0,0,0,0,-1475.881490451237,-1475.881490451237,-1475.881490451237,-135.04737017573328,-135.04737017573328,-135.04737017573328,0,0,0,-406.1581533939988,3617.734703027924,2723.090029788771,2747.15261568629,1614.519677985267
2027-06-27T00:00:00Z,2735.4212393984435,-1691.947315959744,-1691.947315959744,-1691.947315959744,0,0,0,0,0,0,0,0,0,0,0,0,0,0,0,0,0,0,516.7249017071514,516.7249017071514,516.7249017071514,0,0,0,0,0,0,-2070.641282240017,-2070.641282240017,-2070.641282240017,-138.03093542687822,-138.03093542687822,-138.03093542687822,0,0,0,-1023.1413692630524,3036.9496960908386,2723.2659393912754,2747.4337781417985,1043.4739234386996
2027-06-28T00:00:00Z,2735.649440935344,896.5213751467235,896.5213751467235,896.5213751467235,0,0,0,0,0,0,0,0,0,0,0,0,0,0,0,0,0,0,620.6546985760767,620.6546985760767,620.6546985760767,0,0,0,0,0,0,417.2668386378092,417.2668386378092,417.2668386378092,-141.40016206716254,-141.40016206716254,-141.40016206716254,0,0,0,1634.8366575720981,5597.138516526242,2723.4425083118067,2747.7137888587145,3632.1708160820676
2027-06-29T00:00:00Z,2735.8776424722446,1763.9755047379238,1763.9755047379238,1763.9755047379238,0,0,0,0,0,0,0,0,0,0,0,0,0,0,0,0,0,0,1126.4115355184197,1126.4115355184197,1126.4115355184197,0,0,0,0,0,0,782.6848167506959,782.6848167506959,782.6848167506959,-145.1208475311915,-145.1208475311915,-145.1208475311915,0,0,0,2572.0339783807667,6560.545047142368,2723.6190772323384,2747.993799575631,4499.853147210169
2027-06-30T00:00:00Z,2736.1058440091447,2701.483052156474,2701.483052156474,2701.483052156474,0,0,0,0,0,0,0,0,0,0,0,0,0,0,0,0,0,0,2100.0834213376716,2100.0834213376716,2100.0834213376716,0,0,0,0,0,0,750.5195902301567,750.5195902301567,750.5195902301567,-149.1199594113543,-149.1199594113543,-149.1199594113543,0,0,0,3475.3432355458226,7376.412860126289,2723.7956461528693,2748.2738102925464,5437.588896165618
2027-07-01T00:00:00Z,2736.334045546045,3807.1355548131887,3807.1355548131887,3807.1355548131887,0,0,0,0,0,0,0,0,0,0,0,0,0,0,0,0,0,0,3153.9792712737176,3153.9792712737176,3153.9792712737176,0,0,0,0,0,0,806.4432778129449,806.4432778129449,806.4432778129449,-153.28699427347354,-153.28699427347354,-153.28699427347354,0,0,0,4578.483094821582,8517.295180909776,2723.972215073401,2748.553821009463,6543.469600359234
2027-07-02T00:00:00Z,2736.5622470829453,4264.90866294836,4264.90866294836,4264.90866294836,0,0,0,0,0,0,0,0,0,0,0,0,0,0,0,0,0,0,3632.77733264885,3632.77733264885,3632.77733264885,0,0,0,0,0,0,789.6082492597774,789.6082492597774,789.6082492597774,-157.47691896026822,-157.47691896026822,-157.47691896026822,0,0,0,5062.336860193613,8866.951801010164,2724.125846826575,2748.833831726379,7001.470910031305
2027-07-03T00:00:00Z,2736.7904486198463,1440.921317796747,1440.921317796747,1440.921317796747,0,0,0,0,0,0,0,0,0,0,0,0,0,0,0,0,0,0,3078.317413377498,3078.317413377498,3078.317413377498,0,0,0,0,0,0,-1475.8814904586181,-1475.8814904586181,-1475.8814904586181,-161.5146051221322,-161.5146051221322,-161.5146051221322,0,0,0,2284.680214344307,6178.785847732359,2724.3252366588113,2749.1136232726767,4177.7117664165935
2027-07-04T00:00:00Z,2737.0186501567464,-632.669220267944,-632.669220267944,-632.669220267944,0,0,0,0,0,0,0,0,0,0,0,0,0,0,0,0,0,0,1603.172675296718,1603.172675296718,1603.172675296718,0,0,0,0,0,0,-2070.6412822393945,-2070.6412822393945,-2070.6412822393945,-165.20061332526663,-165.20061332526663,-165.20061332526663,0,0,0,216.1301589015393,4062.7635552958213,2724.5036649220665,2749.4163540557574,2104.3494298888027
2027-07-05T00:00:00Z,2737.246851693647,101.295862077239,101.295862077239,101.295862077239,0,0,0,0,0,0,0,0,0,0,0,0,0,0,0,0,0,0,-147.6528432027885,-147.6528432027885,-147.6528432027885,0,0,0,0,0,0,417.2668386478818,417.2668386478818,417.2668386478818,-168.3181333678543,-168.3181333678543,-168.3181333678543,0,0,0,769.5719626209673,4752.067627421145,2724.6842472147887,2749.696772342233,2838.5427137708857
2027-07-06T00:00:00Z,2737.4750532305475,-819.31061916781,-819.31061916781,-819.31061916781,0,0,0,0,0,0,0,0,0,0,0,0,0,0,0,0,0,0,-1431.354591792374,-1431.354591792374,-1431.354591792374,0,0,0,0,0,0,782.6848167503936,782.6848167503936,782.6848167503936,-170.64084412582912,-170.64084412582912,-170.64084412582912,0,0,0,-236.32448982002387,3741.557683992562,2724.873172010268,2749.9632319725233,1918.1644340627374
2027-07-07T00:00:00Z,2737.703254767448,-1314.1050736095526,-1314.1050736095526,-1314.1050736095526,0,0,0,0,0,0,0,0,0,0,0,0,0,0,0,0,0,0,-1892.6832430348281,-1892.6832430348281,-1892.6832430348281,0,0,0,0,0,0,750.5195902298761,750.5195902298761,750.5195902298761,-171.94142080460148,-171.94142080460148,-171.94142080460148,0,0,0,-455.75044929881176,3406.624530104653,2725.0383370918444,2750.224883466155,1423.5981811578954
2027-07-08T00:00:00Z,2737.931456304348,-1087.6123822787472,-1087.6123822787472,-1087.6123822787472,0,0,0,0,0,0,0,0,0,0,0,0,0,0,0,0,0,0,-1722.0552689299557,-1722.0552689299557,-1722.0552689299557,0,0,0,0,0,0,806.4432778124177,806.4432778124177,806.4432778124177,-172.0003911612103,-172.0003911612103,-172.0003911612103,0,0,0,-222.92087732033482,3529.7934751678968,2725.215069721905,2750.506592213961,1650.319074025601
2027-07-09T00:00:00Z,2738.1596578412486,-778.2588073714296,-778.2588073714296,-778.2588073714296,0,0,0,0,0,0,0,0,0,0,0,0,0,0,0,0,0,0,-1397.2520306326508,-1397.2520306326508,-1397.2520306326508,0,0,0,0,0,0,789.6082492645805,789.6082492645805,789.6082492645805,-170.61502600335936,-170.61502600335936,-170.61502600335936,0,0,0,9.065909816710928,4065.748971237313,2725.4145474357692,2750.7896217900734,1959.900850469819
2027-07-10T00:00:00Z,2738.3878593781487,-2909.8557088517505,-2909.8557088517505,-2909.8557088517505,0,0,0,0,0,0,0,0,0,0,0,0,0,0,0,0,0,0,-1266.3662747080737,-1266.3662747080737,-1266.3662747080737,0,0,0,0,0,0,-1475.881490453359,-1475.881490453359,-1475.881490453359,-167.60794369031882,-167.60794369031882,-167.60794369031882,0,0,0,-2047.7465237886047,1880.7500277554398,2725.6275040331225,2751.072651366186,-171.46784947360175
2027-07-11T00:00:00Z,2738.6160609150497,-3563.1234693324295,-3563.1234693324295,-3563.1234693324295,0,0,0,0,0,0,0,0,0,0,0,0,0,0,0,0,0,0,-1329.6470733934664,-1329.6470733934664,-1329.6470733934664,0,0,0,0,0,0,-2070.6412822371676,-2070.6412822371676,-2070.6412822371676,-162.83511370179497,-162.83511370179497,-162.83511370179497,0,0,0,-2847.163558764565,1254.8199402989856,2725.7938658320395,2751.355680942298,-824.5074084173798
2027-07-12T00:00:00Z,2738.8442624519503,-1100.6621259424567,-1100.6621259424567,-1100.6621259424567,0,0,0,0,0,0,0,0,0,0,0,0,0,0,0,0,0,0,-1361.7360040622557,-1361.7360040622557,-1361.7360040622557,0,0,0,0,0,0,417.2668386412944,417.2668386412944,417.2668386412944,-156.19296052149554,-156.19296052149554,-156.19296052149554,0,0,0,-328.2933028495421,3707.3961608398895,2725.939470881783,2751.733812624953,1638.1821365094936
2027-07-13T00:00:00Z,2739.0724639888504,-566.4487416909758,-566.4487416909758,-566.4487416909758,0,0,0,0,0,0,0,0,0,0,0,0,0,0,0,0,0,0,-1201.5092628114935,-1201.5092628114935,-1201.5092628114935,0,0,0,0,0,0,782.684816750307,782.684816750307,782.684816750307,-147.6242956297894,-147.6242956297894,-147.6242956297894,0,0,0,125.26497987476696,4021.0668277656837,2726.100432128389,2752.106183131098,2172.6237222978743
2027-07-14T00:00:00Z,2739.300665525751,-301.52475061588945,-301.52475061588945,-301.52475061588945,0,0,0,0,0,0,0,0,0,0,0,0,0,0,0,0,0,0,-914.9214993298417,-914.9214993298417,-914.9214993298417,0,0,0,0,0,0,750.5195902296596,750.5195902296596,750.5195902296596,-137.12284151570722,-137.12284151570722,-137.12284151570722,0,0,0,494.14973458378955,4406.112738034237,2726.275221618366,2752.3863272697254,2437.7759149098615
2027-07-15T00:00:00Z,2739.5288670626514,-16.694552744202035,-16.694552744202035,-16.694552744202035,0,0,0,0,0,0,0,0,0,0,0,0,0,0,0,0,0,0,-698.401674377186,-698.401674377186,-698.401674377186,0,0,0,0,0,0,806.4432778132269,806.4432778132269,806.4432778132269,-124.73615618024283,-124.73615618024283,-124.73615618024283,0,0,0,800.3824406754383,4636.243990446342,2726.4541972233224,2752.6599896140488,2722.8343143184493
2027-07-16T00:00:00Z,2739.757068599552,21.968309382231517,21.968309382231517,21.968309382231517,0,0,0,0,0,0,0,0,0,0,0,0,0,0,0,0,0,0,-657.0731216854864,-657.0731216854864,-657.0731216854864,0,0,0,0,0,0,789.6082492693835,789.6082492693835,789.6082492693835,-110.56681820166564,-110.56681820166564,-110.56681820166564,0,0,0,677.4564269362298,4741.456899531769,2726.6450441080483,2752.9210980672606,2761.7253779817834
2027-07-17T00:00:00Z,2739.985270136452,-2270.569257792375,-2270.569257792375,-2270.569257792375,0,0,0,0,0,0,0,0,0,0,0,0,0,0,0,0,0,0,-699.9159779305601,-699.9159779305601,-699.9159779305601,0,0,0,0,0,0,-1475.88149045442,-1475.88149045442,-1475.88149045442,-94.77178940739516,-94.77178940739516,-94.77178940739516,0,0,0,-1620.5026217144045,2573.770144295707,2726.8425020904315,2753.1738001421445,469.416012344077
2027-07-18T00:00:00Z,2740.2134716733526,-2800.295303991854,-2800.295303991854,-2800.295303991854,0,0,0,0,0,0,0,0,0,0,0,0,0,0,0,0,0,0,-652.0940890220215,-652.0940890220215,-652.0940890220215,0,0,0,0,0,0,-2070.6412822435905,-2070.6412822435905,-2070.6412822435905,-77.55993272624218,-77.55993272624218,-77.55993272624218,0,0,0,-1994.5639472259666,1860.7799947308351,2727.0399600728147,2753.4265022170284,-60.081832318501256
2027-07-19T00:00:00Z,2740.441673210253,-94.12719151999525,-94.12719151999525,-94.12719151999525,0,0,0,0,0,0,0,0,0,0,0,0,0,0,0,0,0,0,-452.20630527863784,-452.20630527863784,-452.20630527863784,0,0,0,0,0,0,417.2668386420261,417.2668386420261,417.2668386420261,-59.18772488338367,-59.18772488338367,-59.18772488338367,0,0,0,699.0604749396687,4697.376597345841,2727.237418055198,2753.6792042919114,2646.3144816902577
2027-07-20T00:00:00Z,2740.6698747471537,523.6170871711437,523.6170871711437,523.6170871711437,0,0,0,0,0,0,0,0,0,0,0,0,0,0,0,0,0,0,-219.11446434576047,-219.11446434576047,-219.11446434576047,0,0,0,0,0,0,782.6848167497891,782.6848167497891,782.6848167497891,-39.95326523288476,-39.95326523288476,-39.95326523288476,0,0,0,1072.2019637665624,5113.988042425469,2727.4348760375815,2753.931906366796,3264.2869619182975
2027-07-21T00:00:00Z,2740.898076284054,612.313504116224,612.313504116224,612.313504116224,0,0,0,0,0,0,0,0,0,0,0,0,0,0,0,0,0,0,-118.01734497471398,-118.01734497471398,-118.01734497471398,0,0,0,0,0,0,750.5195902306223,750.5195902306223,750.5195902306223,-20.188741139684538,-20.188741139684538,-20.188741139684538,0,0,0,1468.734669116088,5177.273831045852,2727.593576637171,2754.1846084416798,3353.211580400278
2027-07-22T00:00:00Z,2741.126277820955,634.0194161145678,634.0194161145678,634.0194161145678,0,0,0,0,0,0,0,0,0,0,0,0,0,0,0,0,0,0,-172.17229673851762,-172.17229673851762,-172.17229673851762,0,0,0,0,0,0,806.443277814036,806.443277814036,806.443277814036,-0.2515649609508136,-0.2515649609508136,-0.2515649609508136,0,0,0,1425.984292442132,5364.11305886201,2727.7497131826944,2754.4373105165637,3375.1456939355226
2027-07-23T00:00:00Z,2741.354479357855,581.9441051888728,581.9441051888728,581.9441051888728,0,0,0,0,0,0,0,0,0,0,0,0,0,0,0,0,0,0,-227.14969809645106,-227.14969809645106,-227.14969809645106,0,0,0,0,0,0,789.6082492614557,789.6082492614557,789.6082492614557,19.48555402386811,19.48555402386811,19.48555402386811,0,0,0,1507.2107039370167,5441.554683442107,2727.905849728218,2754.7113399515606,3323.2985845467274
2027-07-24T00:00:00Z,2741.5826808947554,-1550.6316900222344,-1550.6316900222344,-1550.6316900222344,0,0,0,0,0,0,0,0,0,0,0,0,0,0,0,0,0,0,-113.39549864640358,-113.39549864640358,-113.39549864640358,0,0,0,0,0,0,-1475.881490455481,-1475.881490455481,-1475.881490455481,38.64529907964989,38.64529907964989,38.64529907964989,0,0,0,-697.6089648157679,3239.726382022038,2728.04587618786,2754.990297815824,1190.950990872521
2027-07-25T00:00:00Z,2741.8108824316555,-1849.7436314400431,-1849.7436314400431,-1849.7436314400431,0,0,0,0,0,0,0,0,0,0,0,0,0,0,0,0,0,0,164.04078847041046,164.04078847041046,164.04078847041046,0,0,0,0,0,0,-2070.6412822359225,-2070.6412822359225,-2070.6412822359225,56.85686232546906,56.85686232546906,56.85686232546906,0,0,0,-986.908029560631,2944.6781824462455,2728.208437348143,2755.269255680087,892.0672509916124
2027-07-26T00:00:00Z,2742.039083968556,913.853673687855,913.853673687855,913.853673687855,0,0,0,0,0,0,0,0,0,0,0,0,0,0,0,0,0,0,422.81970205687605,422.81970205687605,422.81970205687605,0,0,0,0,0,0,417.26683864376884,417.26683864376884,417.26683864376884,73.76713298721033,73.76713298721033,73.76713298721033,0,0,0,1738.5251818149054,5609.063935084774,2728.3586084049593,2755.54821354435,3655.892757656411
2027-07-27T00:00:00Z,2742.2672855054566,1385.803040046465,1385.803040046465,1385.803040046465,0,0,0,0,0,0,0,0,0,0,0,0,0,0,0,0,0,0,514.0666296310932,514.0666296310932,514.0666296310932,0,0,0,0,0,0,782.6848167510966,782.6848167510966,782.6848167510966,89.05159366427493,89.05159366427493,89.05159366427493,0,0,0,2142.6500064538186,6031.173014210126,2728.514307922289,2755.827171408613,4128.070325551922
2027-07-28T00:00:00Z,2742.495487042357,1389.845674443992,1389.845674443992,1389.845674443992,0,0,0,0,0,0,0,0,0,0,0,0,0,0,0,0,0,0,536.901520773828,536.901520773828,536.901520773828,0,0,0,0,0,0,750.5195902303738,750.5195902303738,750.5195902303738,102.42456343979056,102.42456343979056,102.42456343979056,0,0,0,2217.006183228872,6152.324422649262,2728.670007439618,2756.106129272877,4132.341161486349
2027-07-29T00:00:00Z,2742.723688579257,1729.3286283554871,1729.3286283554871,1729.3286283554871,0,0,0,0,0,0,0,0,0,0,0,0,0,0,0,0,0,0,809.2369092904175,809.2369092904175,809.2369092904175,0,0,0,0,0,0,806.4432778120641,806.4432778120641,806.4432778120641,113.64844125300525,113.64844125300525,113.64844125300525,0,0,0,2422.828840174592,6511.680892030539,2728.8257069569468,2756.3843782543804,4472.052316934744
2027-07-30T00:00:00Z,2742.951890116158,2480.67016059402,2480.67016059402,2480.67016059402,0,0,0,0,0,0,0,0,0,0,0,0,0,0,0,0,0,0,1568.5202822576737,1568.5202822576737,1568.5202822576737,0,0,0,0,0,0,789.6082492680449,789.6082492680449,789.6082492680449,122.541629068301,122.541629068301,122.541629068301,0,0,0,3332.0394378701476,7161.921325425408,2728.9814064742764,2756.6617606761884,5223.622050710179
2027-07-31T00:00:00Z,2743.1800916530583,1309.6298107741452,1309.6298107741452,1309.6298107741452,0,0,0,0,0,0,0,0,0,0,0,0,0,0,0,0,0,0,2656.526449922765,2656.526449922765,2656.526449922765,0,0,0,0,0,0,-1475.8814904565418,-1475.8814904565418,-1475.8814904565418,128.9848513079208,128.9848513079208,128.9848513079208,0,0,0,2053.3706396917473,6153.179560458928,2729.1371059916055,2756.938384811726,4052.8099024272033
