ds,trend,additive_terms,additive_terms_lower,additive_terms_upper,Christmas,Christmas_lower,Christmas_upper,CNY,CNY_lower,CNY_upper,extra_regressors_additive,extra_regressors_additive_lower,extra_regressors_additive_upper,holidays,holidays_lower,holidays_upper,is_final_2ld,is_final_2ld_lower,is_final_2ld_upper,is_final_day,is_final_day_lower,is_final_day_upper,is_final_week,is_final_week_lower,is_final_week_upper,is_first_2days,is_first_2days_lower,is_first_2days_upper,is_first_day,is_first_day_lower,is_first_day_upper,is_first_week,is_first_week_lower,is_first_week_upper,MCO_1,MCO_1_lower,MCO_1_upper,MCO_2,MCO_2_lower,MCO_2_upper,Minor_PH,Minor_PH_lower,Minor_PH_upper,monthly,monthly_lower,monthly_upper,Raya_AA,Raya_AA_lower,Raya_AA_upper,Raya_AF,Raya_AF_lower,Raya_AF_upper,weekly,weekly_lower,weekly_upper,yearly,yearly_lower,yearly_upper,multiplicative_terms,multiplicative_terms_lower,multiplicative_terms_upper,yhat_lower,yhat_upper,trend_lower,trend_upper,yhat
2022-01-01T00:00:00Z,1779.5351273910705,-4168.536282903349,-4168.536282903349,-4168.536282903349,0,0,0,0,0,0,-615.221000053812,-615.221000053812,-615.221000053812,-1683.3583639625576,-1683.3583639625576,-1683.3583639625576,0,0,0,0,0,0,0,0,0,0,0,0,-615.221000053812,-615.221000053812,-615.221000053812,0,0,0,0,0,0,0,0,0,-1683.3583639625576,-1683.3583639625576,-1683.3583639625576,-739.8826407435251,-739.8826407435251,-739.8826407435251,0,0,0,0,0,0,-1478.1331127845303,-1478.1331127845303,-1478.1331127845303,348.0588346410762,348.0588346410762,348.0588346410762,0,0,0,-3940.6537081063057,-909.5031783867278,1779.5351273910705,1779.5351273910705,-2389.0011555122787
2022-01-02T00:00:00Z,1780.2710361679103,-3098.3317852178798,-3098.3317852178798,-3098.3317852178798,0,0,0,0,0,0,-752.8897151972958,-752.8897151972958,-752.8897151972958,0,0,0,0,0,0,0,0,0,0,0,0,-752.8897151972958,-752.8897151972958,-752.8897151972958,0,0,0,0,0,0,0,0,0,0,0,0,0,0,0,-549.114878182938,-549.114878182938,-549.114878182938,0,0,0,0,0,0,-2060.641727082962,-2060.641727082962,-2060.641727082962,264.31453524531554,264.31453524531554,264.31453524531554,0,0,0,-2781.7119176115348,106.57845860058254,1780.2710361679103,1780.2710361679103,-1318.0607490499694
2022-01-03T00:00:00Z,1781.0069449447503,-547.0337993294713,-547.0337993294713,-547.0337993294713,0,0,0,0,0,0,-641.1967284672644,-641.1967284672644,-641.1967284672644,0,0,0,0,0,0,0,0,0,0,0,0,0,0,0,0,0,0,-641.1967284672644,-641.1967284672644,-641.1967284672644,0,0,0,0,0,0,0,0,0,-481.52791387520523,-481.52791387520523,-481.52791387520523,0,0,0,0,0,0,398.1504989812631,398.1504989812631,398.1504989812631,177.54034403173537,177.54034403173537,177.54034403173537,0,0,0,-264.87490026252243,2628.556110294588,1781.0069449447503,1781.0069449447503,1233.973145615279
2022-01-04T00:00:00Z,1781.74285372159,-409.58358564573905,-409.58358564573905,-409.58358564573905,0,0,0,0,0,0,-641.1967284672644,-641.1967284672644,-641.1967284672644,0,0,0,0,0,0,0,0,0,0,0,0,0,0,0,0,0,0,-641.1967284672644,-641.1967284672644,-641.1967284672644,0,0,0,0,0,0,0,0,0,-590.7622508509215,-590.7622508509215,-590.7622508509215,0,0,0,0,0,0,733.1039213662423,733.1039213662423,733.1039213662423,89.27147230620476,89.27147230620476,89.27147230620476,0,0,0,52.538868643367906,2777.2466819580623,1781.74285372159,1781.74285372159,1372.159268075851
2022-01-05T00:00:00Z,1782.4787624984301,-599.3644894608989,-599.3644894608989,-599.3644894608989,0,0,0,0,0,0,-641.1967284672644,-641.1967284672644,-641.1967284672644,0,0,0,0,0,0,0,0,0,0,0,0,0,0,0,0,0,0,-641.1967284672644,-641.1967284672644,-641.1967284672644,0,0,0,0,0,0,0,0,0,-760.1013029937869,-760.1013029937869,-760.1013029937869,0,0,0,0,0,0,800.8560034333307,800.8560034333307,800.8560034333307,1.0775385668218307,1.0775385668218307,1.0775385668218307,0,0,0,-248.6215643886086,2583.9834871967396,1782.4787624984301,1782.4787624984301,1183.1142730375313
2022-01-06T00:00:00Z,1783.21467127527,-755.5587862477852,-755.5587862477852,-755.5587862477852,0,0,0,0,0,0,-641.1967284672644,-641.1967284672644,-641.1967284672644,0,0,0,0,0,0,0,0,0,0,0,0,0,0,0,0,0,0,-641.1967284672644,-641.1967284672644,-641.1967284672644,0,0,0,0,0,0,0,0,0,-834.9519579984299,-834.9519579984299,-834.9519579984299,0,0,0,0,0,0,806.0626646842629,806.0626646842629,806.0626646842629,-85.47276446635412,-85.47276446635412,-85.47276446635412,0,0,0,-502.8416648874799,2442.2325095840456,1783.21467127527,1783.21467127527,1027.6558850274846
2022-01-07T00:00:00Z,1783.95058005211,-771.9253159767102,-771.9253159767102,-771.9253159767102,0,0,0,0,0,0,-641.1967284672644,-641.1967284672644,-641.1967284672644,0,0,0,0,0,0,0,0,0,0,0,0,0,0,0,0,0,0,-641.1967284672644,-641.1967284672644,-641.1967284672644,0,0,0,0,0,0,0,0,0,-762.4831881816112,-762.4831881816112,-762.4831881816112,0,0,0,0,0,0,800.6017513959762,800.6017513959762,800.6017513959762,-168.84715072381104,-168.84715072381104,-168.84715072381104,0,0,0,-481.82701759937146,2476.6961977555356,1783.95058005211,1783.95058005211,1012.0252640753997
2022-01-08T00:00:00Z,1784.6864888289497,-2341.561807701423,-2341.561807701423,-2341.561807701423,0,0,0,0,0,0,0,0,0,0,0,0,0,0,0,0,0,0,0,0,0,0,0,0,0,0,0,0,0,0,0,0,0,0,0,0,0,0,0,-615.8442004085235,-615.8442004085235,-615.8442004085235,0,0,0,0,0,0,-1478.1331127774413,-1478.1331127774413,-1478.1331127774413,-247.5844945154578,-247.5844945154578,-247.5844945154578,0,0,0,-1969.3450630714601,906.8215072447355,1784.6864888289497,1784.6864888289497,-556.8753188724731
2022-01-09T00:00:00Z,1785.4223976057897,-2880.9055518599034,-2880.9055518599034,-2880.9055518599034,0,0,0,0,0,0,0,0,0,0,0,0,0,0,0,0,0,0,0,0,0,0,0,0,0,0,0,0,0,0,0,0,0,0,0,0,0,0,0,-499.93582841315856,-499.93582841315856,-499.93582841315856,0,0,0,0,0,0,-2060.641727082402,-2060.641727082402,-2060.641727082402,-320.3279963643427,-320.3279963643427,-320.3279963643427,0,0,0,-2459.2901133470405,359.4183273298512,1785.4223976057897,1785.4223976057897,-1095.4831542541137
2022-01-10T00:00:00Z,1786.1583063826295,-432.92683568812015,-432.92683568812015,-432.92683568812015,0,0,0,0,0,0,0,0,0,0,0,0,0,0,0,0,0,0,0,0,0,0,0,0,0,0,0,0,0,0,0,0,0,0,0,0,0,0,0,-445.221397930756,-445.221397930756,-445.221397930756,0,0,0,0,0,0,398.1504989830155,398.1504989830155,398.1504989830155,-385.85593674037966,-385.85593674037966,-385.85593674037966,0,0,0,-57.45065094602684,2851.3095151657526,1786.1583063826295,1786.1583063826295,1353.2314706945094
2022-01-11T00:00:00Z,1786.8942151594695,-104.01480726029952,-104.01480726029952,-104.01480726029952,0,0,0,0,0,0,0,0,0,0,0,0,0,0,0,0,0,0,0,0,0,0,0,0,0,0,0,0,0,0,0,0,0,0,0,0,0,0,0,-394.00947720252424,-394.00947720252424,-394.00947720252424,0,0,0,0,0,0,733.1039213662709,733.1039213662709,733.1039213662709,-443.10925142404596,-443.10925142404596,-443.10925142404596,0,0,0,279.0741938326128,3021.3841750877277,1786.8942151594695,1786.8942151594695,1682.87940789917
2022-01-12T00:00:00Z,1787.6301239363092,28.380163435713705,28.380163435713705,28.380163435713705,0,0,0,0,0,0,0,0,0,0,0,0,0,0,0,0,0,0,0,0,0,0,0,0,0,0,0,0,0,0,0,0,0,0,0,0,0,0,0,-281.26059990389314,-281.26059990389314,-281.26059990389314,0,0,0,0,0,0,800.8560034331175,800.8560034331175,800.8560034331175,-491.2152400935107,-491.2152400935107,-491.2152400935107,0,0,0,237.32532389193267,3174.0674931616245,1787.6301239363092,1787.6301239363092,1816.010287372023
2022-01-13T00:00:00Z,1788.3660327131493,160.25472173412146,160.25472173412146,160.25472173412146,0,0,0,0,0,0,0,0,0,0,0,0,0,0,0,0,0,0,0,0,0,0,0,0,0,0,0,0,0,0,0,0,0,0,0,0,0,0,0,-116.30112739256133,-116.30112739256133,-116.30112739256133,0,0,0,0,0,0,806.0626646836689,806.0626646836689,806.0626646836689,-529.5068155569863,-529.5068155569863,-529.5068155569863,0,0,0,529.223586367939,3411.3901468714084,1788.3660327131493,1788.3660327131493,1948.6207544472707
2022-01-14T00:00:00Z,1789.101941489989,265.9214649010217,265.9214649010217,265.9214649010217,0,0,0,0,0,0,0,0,0,0,0,0,0,0,0,0,0,0,0,0,0,0,0,0,0,0,0,0,0,0,0,0,0,0,0,0,0,0,0,22.856525882537397,22.856525882537397,22.856525882537397,0,0,0,0,0,0,800.601751400788,800.601751400788,800.601751400788,-557.5368123823038,-557.5368123823038,-557.5368123823038,0,0,0,582.236369996814,3549.89839524209,1789.101941489989,1789.101941489989,2055.0234063910107
2022-01-15T00:00:00Z,1789.837850266829,-1978.2419802463614,-1978.2419802463614,-1978.2419802463614,0,0,0,0,0,0,0,0,0,0,0,0,0,0,0,0,0,0,0,0,0,0,0,0,0,0,0,0,0,0,0,0,0,0,0,0,0,0,0,74.97813015697825,74.97813015697825,74.97813015697825,0,0,0,0,0,0,-1478.1331127784424,-1478.1331127784424,-1478.1331127784424,-575.0869976248977,-575.0869976248977,-575.0869976248977,0,0,0,-1594.115494216962,1298.0046127255066,1789.837850266829,1789.837850266829,-188.4041299795324
2022-01-16T00:00:00Z,1790.5737590436688,-2575.019442759692,-2575.019442759692,-2575.019442759692,0,0,0,0,0,0,0,0,0,0,0,0,0,0,0,0,0,0,0,0,0,0,0,0,0,0,0,0,0,0,0,0,0,0,0,0,0,0,0,67.79384405098213,67.79384405098213,67.79384405098213,0,0,0,0,0,0,-2060.6417270800516,-2060.6417270800516,-2060.6417270800516,-582.1715597306223,-582.1715597306223,-582.1715597306223,0,0,0,-2242.7065634373594,804.4421598055478,1790.5737590436688,1790.5737590436688,-784.4456837160233
2022-01-17T00:00:00Z,1791.3096678205086,-83.90477293803445,-83.90477293803445,-83.90477293803445,0,0,0,0,0,0,0,0,0,0,0,0,0,0,0,0,0,0,0,0,0,0,0,0,0,0,0,0,0,0,0,0,0,0,0,0,0,0,0,96.97971907553426,96.97971907553426,96.97971907553426,0,0,0,0,0,0,398.1504989847676,398.1504989847676,398.1504989847676,-579.0349909983363,-579.0349909983363,-579.0349909983363,0,0,0,241.36519368938445,3178.4983201541795,1791.3096678205086,1791.3096678205086,1707.404894882474
2022-01-18T00:00:00Z,1792.0455765973486,-1286.3872822223884,-1286.3872822223884,-1286.3872822223884,0,0,0,0,0,0,0,0,0,-1683.3583639625576,-1683.3583639625576,-1683.3583639625576,0,0,0,0,0,0,0,0,0,0,0,0,0,0,0,0,0,0,0,0,0,0,0,0,-1683.3583639625576,-1683.3583639625576,-1683.3583639625576,230.01158099543872,230.01158099543872,230.01158099543872,0,0,0,0,0,0,733.1039213662998,733.1039213662998,733.1039213662998,-566.1444206215691,-566.1444206215691,-566.1444206215691,0,0,0,-995.339102943196,1994.0507515774,1792.0455765973486,1792.0455765973486,505.6582943749602
2022-01-19T00:00:00Z,1792.7814853741884,691.1775886006689,691.1775886006689,691.1775886006689,0,0,0,0,0,0,0,0,0,0,0,0,0,0,0,0,0,0,0,0,0,0,0,0,0,0,0,0,0,0,0,0,0,0,0,0,0,0,0,434.49818074428316,434.49818074428316,434.49818074428316,0,0,0,0,0,0,800.8560034333364,800.8560034333364,800.8560034333364,-544.1765955769507,-544.1765955769507,-544.1765955769507,0,0,0,1028.1377390388093,3848.692810684388,1792.7814853741884,1792.7814853741884,2483.9590739748573
2022-01-20T00:00:00Z,1793.5173941510284,901.651349992143,901.651349992143,901.651349992143,0,0,0,0,0,0,0,0,0,0,0,0,0,0,0,0,0,0,0,0,0,0,0,0,0,0,0,0,0,0,0,0,0,0,0,0,0,0,0,609.5885271514126,609.5885271514126,609.5885271514126,0,0,0,0,0,0,806.0626646844647,806.0626646844647,806.0626646844647,-513.9998418437343,-513.9998418437343,-513.9998418437343,0,0,0,1180.5037896664292,4067.931353931591,1793.5173941510284,1793.5173941510284,2695.1687441431714
2022-01-21T00:00:00Z,1794.2533029278682,1017.2279754748625,1017.2279754748625,1017.2279754748625,0,0,0,0,0,0,0,0,0,0,0,0,0,0,0,0,0,0,0,0,0,0,0,0,0,0,0,0,0,0,0,0,0,0,0,0,0,0,0,693.2776891548733,693.2776891548733,693.2776891548733,0,0,0,0,0,0,800.6017513991887,800.6017513991887,800.6017513991887,-476.6514650791997,-476.6514650791997,-476.6514650791997,0,0,0,1362.2534487518265,4345.016131122457,1794.2533029278682,1794.2533029278682,2811.481278402731
2022-01-22T00:00:00Z,1794.9892117047082,-1177.0771760614914,-1177.0771760614914,-1177.0771760614914,0,0,0,0,0,0,0,0,0,0,0,0,0,0,0,0,0,0,0,0,0,0,0,0,0,0,0,0,0,0,0,0,0,0,0,0,0,0,0,734.3671013737376,734.3671013737376,734.3671013737376,0,0,0,0,0,0,-1478.1331127814988,-1478.1331127814988,-1478.1331127814988,-433.3111646537298,-433.3111646537298,-433.3111646537298,0,0,0,-724.193756954184,1974.7335598609397,1794.9892117047082,1794.9892117047082,617.9120356432168
2022-01-23T00:00:00Z,1795.725120481548,-1601.009383879034,-1601.009383879034,-1601.009383879034,0,0,0,0,0,0,0,0,0,0,0,0,0,0,0,0,0,0,0,0,0,0,0,0,0,0,0,0,0,0,0,0,0,0,0,0,0,0,0,844.9034780604114,844.9034780604114,844.9034780604114,0,0,0,0,0,0,-2060.641727081284,-2060.641727081284,-2060.641727081284,-385.2711348581611,-385.2711348581611,-385.2711348581611,0,0,0,-1336.6621817809566,1772.8015695953973,1795.725120481548,1795.725120481548,194.71573660251397
2022-01-24T00:00:00Z,1796.461029258388,1131.6155115424708,1131.6155115424708,1131.6155115424708,0,0,0,0,0,0,0,0,0,0,0,0,0,0,0,0,0,0,0,0,0,0,0,0,0,0,0,0,0,0,0,0,0,0,0,0,0,0,0,1067.3686221246007,1067.3686221246007,1067.3686221246007,0,0,0,0,0,0,398.150498977167,398.150498977167,398.150498977167,-333.90360955929646,-333.90360955929646,-333.90360955929646,0,0,0,1444.155293220201,4481.121875135512,1796.461029258388,1796.461029258388,2928.0765408008588
2022-01-25T00:00:00Z,1797.1969380352277,1738.6225643130151,1738.6225643130151,1738.6225643130151,0,0,0,0,0,0,0,0,0,0,0,0,0,0,0,0,0,0,0,0,0,0,0,0,0,0,0,0,0,0,0,0,0,0,0,0,0,0,0,1286.1453123979038,1286.1453123979038,1286.1453123979038,0,0,0,0,0,0,733.1039213656836,733.1039213656836,733.1039213656836,-280.62666945057214,-280.62666945057214,-280.62666945057214,0,0,0,2141.2526436428925,4925.598339779667,1797.1969380352277,1797.1969380352277,3535.819502348243
2022-01-26T00:00:00Z,1797.9328468120677,1859.6913406002984,1859.6913406002984,1859.6913406002984,0,0,0,0,0,0,0,0,0,0,0,0,0,0,0,0,0,0,0,0,0,0,0,0,0,0,0,0,0,0,0,0,0,0,0,0,0,0,0,1285.7045098850872,1285.7045098850872,1285.7045098850872,0,0,0,0,0,0,800.8560034331231,800.8560034331231,800.8560034331231,-226.86917271791222,-226.86917271791222,-226.86917271791222,0,0,0,2289.9853202397444,5077.810684543111,1797.9328468120677,1797.9328468120677,3657.624187412366
2022-01-27T00:00:00Z,1798.6687555889075,2758.3667176019417,2758.3667176019417,2758.3667176019417,0,0,0,0,0,0,1201.4993759236843,1201.4993759236843,1201.4993759236843,0,0,0,0,0,0,0,0,0,1201.4993759236843,1201.4993759236843,1201.4993759236843,0,0,0,0,0,0,0,0,0,0,0,0,0,0,0,0,0,0,924.8403663626351,924.8403663626351,924.8403663626351,0,0,0,0,0,0,806.0626646852603,806.0626646852603,806.0626646852603,-174.03568936963796,-174.03568936963796,-174.03568936963796,0,0,0,3149.139364637722,5916.213432568955,1798.6687555889075,1798.6687555889075,4557.035473190849
2022-01-28T00:00:00Z,1799.4046643657475,2157.9311587568095,2157.9311587568095,2157.9311587568095,0,0,0,0,0,0,1201.4993759236843,1201.4993759236843,1201.4993759236843,0,0,0,0,0,0,0,0,0,1201.4993759236843,1201.4993759236843,1201.4993759236843,0,0,0,0,0,0,0,0,0,0,0,0,0,0,0,0,0,0,279.3023476257024,279.3023476257024,279.3023476257024,0,0,0,0,0,0,800.6017513975896,800.6017513975896,800.6017513975896,-123.47231619016672,-123.47231619016672,-123.47231619016672,0,0,0,2465.3162967383682,5484.071777079612,1799.4046643657475,1799.4046643657475,3957.335823122557
2022-01-29T00:00:00Z,1800.1405731425873,-734.4441446181105,-734.4441446181105,-734.4441446181105,0,0,0,0,0,0,1201.4993759236843,1201.4993759236843,1201.4993759236843,0,0,0,0,0,0,0,0,0,1201.4993759236843,1201.4993759236843,1201.4993759236843,0,0,0,0,0,0,0,0,0,0,0,0,0,0,0,0,0,0,-381.3761843338371,-381.3761843338371,-381.3761843338371,0,0,0,0,0,0,-1478.133112784555,-1478.133112784555,-1478.133112784555,-76.43422342340283,-76.43422342340283,-76.43422342340283,0,0,0,-476.0682044952327,2444.6437532254945,1800.1405731425873,1800.1405731425873,1065.6964285244767
2022-01-30T00:00:00Z,1800.8764819194273,843.0423010472871,843.0423010472871,843.0423010472871,0,0,0,0,0,0,3715.290483842817,3715.290483842817,3715.290483842817,0,0,0,2513.791107919133,2513.791107919133,2513.791107919133,0,0,0,1201.4993759236843,1201.4993759236843,1201.4993759236843,0,0,0,0,0,0,0,0,0,0,0,0,0,0,0,0,0,0,-777.5507191050419,-777.5507191050419,-777.5507191050419,0,0,0,0,0,0,-2060.6417270842594,-2060.6417270842594,-2060.6417270842594,-34.05573660622845,-34.05573660622845,-34.05573660622845,0,0,0,1054.5470548227502,3993.831841122505,1800.8764819194273,1800.8764819194273,2643.9187829667144
2022-01-31T00:00:00Z,1801.612390696267,5805.537946796528,5805.537946796528,5805.537946796528,0,0,0,0,0,0,6221.093231655167,6221.093231655167,6221.093231655167,0,0,0,0,0,0,5019.593855731483,5019.593855731483,5019.593855731483,1201.4993759236843,1201.4993759236843,1201.4993759236843,0,0,0,0,0,0,0,0,0,0,0,0,0,0,0,0,0,0,-816.3820950880455,-816.3820950880455,-816.3820950880455,0,0,0,0,0,0,398.1504989789194,398.1504989789194,398.1504989789194,2.676311250485998,2.676311250485998,2.676311250485998,0,0,0,6218.218896541867,9017.137342109063,1801.612390696267,1801.612390696267,7607.150337492794
2022-02-01T00:00:00Z,1802.3482994731069,-4518.997334292098,-4518.997334292098,-4518.997334292098,0,0,0,-2346.317565425847,-2346.317565425847,-2346.317565425847,-615.221000053812,-615.221000053812,-615.221000053812,-4029.6759293884047,-4029.6759293884047,-4029.6759293884047,0,0,0,0,0,0,0,0,0,0,0,0,-615.221000053812,-615.221000053812,-615.221000053812,0,0,0,0,0,0,0,0,0,-1683.3583639625576,-1683.3583639625576,-1683.3583639625576,-640.1496350297537,-640.1496350297537,-640.1496350297537,0,0,0,0,0,0,733.1039213657123,733.1039213657123,733.1039213657123,32.945308814160356,32.945308814160356,32.945308814160356,0,0,0,-4163.869711223724,-1298.135346665255,1802.3482994731069,1802.3482994731069,-2716.649034818991
2022-02-02T00:00:00Z,1803.0842082499469,-2734.000595651352,-2734.000595651352,-2734.000595651352,0,0,0,-2346.317565425847,-2346.317565425847,-2346.317565425847,-752.8897151972958,-752.8897151972958,-752.8897151972958,-2346.317565425847,-2346.317565425847,-2346.317565425847,0,0,0,0,0,0,0,0,0,-752.8897151972958,-752.8897151972958,-752.8897151972958,0,0,0,0,0,0,0,0,0,0,0,0,0,0,0,-491.772450296705,-491.772450296705,-491.772450296705,0,0,0,0,0,0,800.8560034335021,800.8560034335021,800.8560034335021,56.1231318349944,56.1231318349944,56.1231318349944,0,0,0,-2469.764397799804,485.13185129990205,1803.0842082499469,1803.0842082499469,-930.916387401405
2022-02-03T00:00:00Z,1803.8201170267866,-281.8176071225647,-281.8176071225647,-281.8176071225647,0,0,0,0,0,0,-641.1967284672644,-641.1967284672644,-641.1967284672644,0,0,0,0,0,0,0,0,0,0,0,0,0,0,0,0,0,0,-641.1967284672644,-641.1967284672644,-641.1967284672644,0,0,0,0,0,0,0,0,0,-518.4670598632312,-518.4670598632312,-518.4670598632312,0,0,0,0,0,0,806.0626646860563,806.0626646860563,806.0626646860563,71.78351652187476,71.78351652187476,71.78351652187476,0,0,0,-32.32161845691296,2982.558476775936,1803.8201170267866,1803.8201170267866,1522.0025099042218
2022-02-04T00:00:00Z,1804.5560258036267,-439.56963359474116,-439.56963359474116,-439.56963359474116,0,0,0,0,0,0,-641.1967284672644,-641.1967284672644,-641.1967284672644,0,0,0,0,0,0,0,0,0,0,0,0,0,0,0,0,0,0,-641.1967284672644,-641.1967284672644,-641.1967284672644,0,0,0,0,0,0,0,0,0,-678.6848964193098,-678.6848964193098,-678.6848964193098,0,0,0,0,0,0,800.6017514043132,800.6017514043132,800.6017514043132,79.71023988751993,79.71023988751993,79.71023988751993,0,0,0,-182.85292612740412,2762.181647730539,1804.5560258036267,1804.5560258036267,1364.9863922088855
2022-02-05T00:00:00Z,1805.2919345804664,-2855.4657387886296,-2855.4657387886296,-2855.4657387886296,0,0,0,0,0,0,-641.1967284672644,-641.1967284672644,-641.1967284672644,0,0,0,0,0,0,0,0,0,0,0,0,0,0,0,0,0,0,-641.1967284672644,-641.1967284672644,-641.1967284672644,0,0,0,0,0,0,0,0,0,-816.0358379697898,-816.0358379697898,-816.0358379697898,0,0,0,0,0,0,-1478.133112783501,-1478.133112783501,-1478.133112783501,79.8999404319259,79.8999404319259,79.8999404319259,0,0,0,-2555.6508840294,421.6554131346478,1805.2919345804664,1805.2919345804664,-1050.1738042081631
2022-02-06T00:00:00Z,1806.0278433573062,-3444.077330912706,-3444.077330912706,-3444.077330912706,0,0,0,0,0,0,-641.1967284672644,-641.1967284672644,-641.1967284672644,0,0,0,0,0,0,0,0,0,0,0,0,0,0,0,0,0,0,-641.1967284672644,-641.1967284672644,-641.1967284672644,0,0,0,0,0,0,0,0,0,-814.7984258136157,-814.7984258136157,-814.7984258136157,0,0,0,0,0,0,-2060.6417270837,-2060.6417270837,-2060.6417270837,72.55955045187359,72.55955045187359,72.55955045187359,0,0,0,-3099.6814767187425,-277.069977906756,1806.0278433573062,1806.0278433573062,-1638.0494875554
2022-02-07T00:00:00Z,1806.7637521341462,-876.0551453263885,-876.0551453263885,-876.0551453263885,0,0,0,0,0,0,-641.1967284672644,-641.1967284672644,-641.1967284672644,0,0,0,0,0,0,0,0,0,0,0,0,0,0,0,0,0,0,-641.1967284672644,-641.1967284672644,-641.1967284672644,0,0,0,0,0,0,0,0,0,-691.1073649493682,-691.1073649493682,-691.1073649493682,0,0,0,0,0,0,398.15049898067167,398.15049898067167,398.15049898067167,58.0984491095727,58.0984491095727,58.0984491095727,0,0,0,-488.0806778143964,2284.2169456966885,1806.7637521341462,1806.7637521341462,930.7086068077577
2022-02-08T00:00:00Z,1807.499660910986,220.5738016939411,220.5738016939411,220.5738016939411,0,0,0,0,0,0,0,0,0,0,0,0,0,0,0,0,0,0,0,0,0,0,0,0,0,0,0,0,0,0,0,0,0,0,0,0,0,0,0,-549.6456992243847,-549.6456992243847,-549.6456992243847,0,0,0,0,0,0,733.1039213654186,733.1039213654186,733.1039213654186,37.11557955290703,37.11557955290703,37.11557955290703,0,0,0,571.0590648982985,3526.751829983424,1807.499660910986,1807.499660910986,2028.073462604927
2022-02-09T00:00:00Z,1808.2355696878258,344.1160558289319,344.1160558289319,344.1160558289319,0,0,0,0,0,0,0,0,0,0,0,0,0,0,0,0,0,0,0,0,0,0,0,0,0,0,0,0,0,0,0,0,0,0,0,0,0,0,0,-467.12184797424555,-467.12184797424555,-467.12184797424555,0,0,0,0,0,0,800.8560034326964,800.8560034326964,800.8560034326964,10.381900370481004,10.381900370481004,10.381900370481004,0,0,0,654.7064588385324,3608.3587318603736,1808.2355696878258,1808.2355696878258,2152.351625516758
2022-02-10T00:00:00Z,1808.9714784646658,360.5705214237024,360.5705214237024,360.5705214237024,0,0,0,0,0,0,0,0,0,0,0,0,0,0,0,0,0,0,0,0,0,0,0,0,0,0,0,0,0,0,0,0,0,0,0,0,0,0,0,-424.31080145604034,-424.31080145604034,-424.31080145604034,0,0,0,0,0,0,806.0626646828221,806.0626646828221,806.0626646828221,-21.18134180307942,-21.18134180307942,-21.18134180307942,0,0,0,631.8672871703412,3626.966322030466,1808.9714784646658,1808.9714784646658,2169.541999888368
2022-02-11T00:00:00Z,1809.7073872415056,397.1185260909735,397.1185260909735,397.1185260909735,0,0,0,0,0,0,0,0,0,0,0,0,0,0,0,0,0,0,0,0,0,0,0,0,0,0,0,0,0,0,0,0,0,0,0,0,0,0,0,-346.9552966919521,-346.9552966919521,-346.9552966919521,0,0,0,0,0,0,800.6017514008021,800.6017514008021,800.6017514008021,-56.527928617876334,-56.527928617876334,-56.527928617876334,0,0,0,786.168413686209,3672.7303401765485,1809.7073872415056,1809.7073872415056,2206.825913332479
2022-02-12T00:00:00Z,1810.4432960183456,-1773.9003231401355,-1773.9003231401355,-1773.9003231401355,0,0,0,0,0,0,0,0,0,0,0,0,0,0,0,0,0,0,0,0,0,0,0,0,0,0,0,0,0,0,0,0,0,0,0,0,0,0,0,-201.2523120296546,-201.2523120296546,-201.2523120296546,0,0,0,0,0,0,-1478.133112786557,-1478.133112786557,-1478.133112786557,-94.51489832392383,-94.51489832392383,-94.51489832392383,0,0,0,-1599.370312685677,1459.789399874175,1810.4432960183456,1810.4432960183456,36.542972878210094
2022-02-13T00:00:00Z,1811.1792047951853,-2232.6680776804274,-2232.6680776804274,-2232.6680776804274,0,0,0,0,0,0,0,0,0,0,0,0,0,0,0,0,0,0,0,0,0,0,0,0,0,0,0,0,0,0,0,0,0,0,0,0,0,0,0,-38.093410294975094,-38.093410294975094,-38.093410294975094,0,0,0,0,0,0,-2060.6417270831407,-2060.6417270831407,-2060.6417270831407,-133.93294030231192,-133.93294030231192,-133.93294030231192,0,0,0,-1910.6906899499415,1048.630615254587,1811.1792047951853,1811.1792047951853,-421.488872885242
2022-02-14T00:00:00Z,1811.9151135720251,285.0510738491583,285.0510738491583,285.0510738491583,0,0,0,0,0,0,0,0,0,0,0,0,0,0,0,0,0,0,0,0,0,0,0,0,0,0,0,0,0,0,0,0,0,0,0,0,0,0,0,60.43873599141177,60.43873599141177,60.43873599141177,0,0,0,0,0,0,398.1504989824239,398.1504989824239,398.1504989824239,-173.53816112467746,-173.53816112467746,-173.53816112467746,0,0,0,589.8364773925397,3554.6681170178963,1811.9151135720251,1811.9151135720251,2096.9661874211833
2022-02-15T00:00:00Z,1812.6510223488651,594.4716001088523,594.4716001088523,594.4716001088523,0,0,0,0,0,0,0,0,0,0,0,0,0,0,0,0,0,0,0,0,0,0,0,0,0,0,0,0,0,0,0,0,0,0,0,0,0,0,0,73.45207831989207,73.45207831989207,73.45207831989207,0,0,0,0,0,0,733.1039213663381,733.1039213663381,733.1039213663381,-212.0843995773778,-212.0843995773778,-212.0843995773778,0,0,0,994.0685922740323,3920.622496673842,1812.6510223488651,1812.6510223488651,2407.1226224577176
2022-02-16T00:00:00Z,1813.386931125705,624.2248771364781,624.2248771364781,624.2248771364781,0,0,0,0,0,0,0,0,0,0,0,0,0,0,0,0,0,0,0,0,0,0,0,0,0,0,0,0,0,0,0,0,0,0,0,0,0,0,0,71.72413550499317,71.72413550499317,71.72413550499317,0,0,0,0,0,0,800.8560034330756,800.8560034330756,800.8560034330756,-248.35526180159073,-248.35526180159073,-248.35526180159073,0,0,0,953.2797615865538,3864.958807491305,1813.386931125705,1813.386931125705,2437.611808262183
2022-02-17T00:00:00Z,1814.122839902545,674.8654194742426,674.8654194742426,674.8654194742426,0,0,0,0,0,0,0,0,0,0,0,0,0,0,0,0,0,0,0,0,0,0,0,0,0,0,0,0,0,0,0,0,0,0,0,0,0,0,0,149.9978178162651,149.9978178162651,149.9978178162651,0,0,0,0,0,0,806.0626646836179,806.0626646836179,806.0626646836179,-281.1950630256405,-281.1950630256405,-281.1950630256405,0,0,0,1065.4286053898559,3942.8836982252515,1814.122839902545,1814.122839902545,2488.9882593767875
2022-02-18T00:00:00Z,1814.8587486793847,820.2023882727054,820.2023882727054,820.2023882727054,0,0,0,0,0,0,0,0,0,0,0,0,0,0,0,0,0,0,0,0,0,0,0,0,0,0,0,0,0,0,0,0,0,0,0,0,0,0,0,329.13853556958964,329.13853556958964,329.13853556958964,0,0,0,0,0,0,800.6017514011147,800.6017514011147,800.6017514011147,-309.53789869799897,-309.53789869799897,-309.53789869799897,0,0,0,1287.7096967854554,4083.9165381870394,1814.8587486793847,1814.8587486793847,2635.0611369520902
2022-02-19T00:00:00Z,1815.5946574562247,-1278.7439624744295,-1278.7439624744295,-1278.7439624744295,0,0,0,0,0,0,0,0,0,0,0,0,0,0,0,0,0,0,0,0,0,0,0,0,0,0,0,0,0,0,0,0,0,0,0,0,0,0,0,531.8232743500073,531.8232743500073,531.8232743500073,0,0,0,0,0,0,-1478.133112787558,-1478.133112787558,-1478.133112787558,-332.4341240368784,-332.4341240368784,-332.4341240368784,0,0,0,-906.0339455529349,1960.177240990349,1815.5946574562247,1815.5946574562247,536.8506949817952
2022-02-20T00:00:00Z,1816.3305661213776,-1747.2202590059508,-1747.2202590059508,-1747.2202590059508,0,0,0,0,0,0,0,0,0,0,0,0,0,0,0,0,0,0,0,0,0,0,0,0,0,0,0,0,0,0,0,0,0,0,0,0,0,0,0,662.4950635317861,662.4950635317861,662.4950635317861,0,0,0,0,0,0,-2060.6417270825814,-2060.6417270825814,-2060.6417270825814,-349.0735954551554,-349.0735954551554,-349.0735954551554,0,0,0,-1414.1558119033975,1650.4443052579625,1816.3305661213776,1816.3305661213776,69.11030711542685
2022-02-21T00:00:00Z,1817.0664747865305,751.5654397668529,751.5654397668529,751.5654397668529,0,0,0,0,0,0,0,0,0,0,0,0,0,0,0,0,0,0,0,0,0,0,0,0,0,0,0,0,0,0,0,0,0,0,0,0,0,0,0,712.2200586278392,712.2200586278392,712.2200586278392,0,0,0,0,0,0,398.15049898300305,398.15049898300305,398.15049898300305,-358.8051178439895,-358.8051178439895,-358.8051178439895,0,0,0,1020.8487198167339,4014.937862176175,1817.0664747865305,1817.0664747865305,2568.6319145533835
2022-02-22T00:00:00Z,1817.8023834516837,1147.0108307353657,1147.0108307353657,1147.0108307353657,0,0,0,0,0,0,0,0,0,0,0,0,0,0,0,0,0,0,0,0,0,0,0,0,0,0,0,0,0,0,0,0,0,0,0,0,0,0,0,775.0585551644314,775.0585551644314,775.0585551644314,0,0,0,0,0,0,733.1039213660443,733.1039213660443,733.1039213660443,-361.1516457951101,-361.1516457951101,-361.1516457951101,0,0,0,1508.970169663634,4368.146194418077,1817.8023834516837,1817.8023834516837,2964.813214187049
2022-02-23T00:00:00Z,1818.5382921168366,1390.571108009221,1390.571108009221,1390.571108009221,0,0,0,0,0,0,0,0,0,0,0,0,0,0,0,0,0,0,0,0,0,0,0,0,0,0,0,0,0,0,0,0,0,0,0,0,0,0,0,945.5360061919208,945.5360061919208,945.5360061919208,0,0,0,0,0,0,800.8560034334544,800.8560034334544,800.8560034334544,-355.82090161615434,-355.82090161615434,-355.82090161615434,0,0,0,1757.5674472677235,4722.681983127768,1818.5382921168366,1818.5382921168366,3209.1094001260576
2022-02-24T00:00:00Z,1819.2742007819895,2854.9609219991285,2854.9609219991285,2854.9609219991285,0,0,0,0,0,0,1201.4993759236843,1201.4993759236843,1201.4993759236843,0,0,0,0,0,0,0,0,0,1201.4993759236843,1201.4993759236843,1201.4993759236843,0,0,0,0,0,0,0,0,0,0,0,0,0,0,0,0,0,0,1190.1100767083967,1190.1100767083967,1190.1100767083967,0,0,0,0,0,0,806.0626646844138,806.0626646844138,806.0626646844138,-342.71119531736633,-342.71119531736633,-342.71119531736633,0,0,0,3268.45099246411,6056.126727881268,1819.2742007819895,1819.2742007819895,4674.235122781118
2022-02-25T00:00:00Z,1820.0101094471424,3006.337596356586,3006.337596356586,3006.337596356586,0,0,0,0,0,0,1201.4993759236843,1201.4993759236843,1201.4993759236843,0,0,0,0,0,0,0,0,0,1201.4993759236843,1201.4993759236843,1201.4993759236843,0,0,0,0,0,0,0,0,0,0,0,0,0,0,0,0,0,0,1326.1488273482862,1326.1488273482862,1326.1488273482862,0,0,0,0,0,0,800.6017513995153,800.6017513995153,800.6017513995153,-321.91235831489985,-321.91235831489985,-321.91235831489985,0,0,0,3391.7410475908728,6336.76059330744,1820.0101094471424,1820.0101094471424,4826.347705803728
2022-02-26T00:00:00Z,1820.7460181122954,581.054465852583,581.054465852583,581.054465852583,0,0,0,0,0,0,1201.4993759236843,1201.4993759236843,1201.4993759236843,0,0,0,0,0,0,0,0,0,1201.4993759236843,1201.4993759236843,1201.4993759236843,0,0,0,0,0,0,0,0,0,0,0,0,0,0,0,0,0,0,1151.3900327238275,1151.3900327238275,1151.3900327238275,0,0,0,0,0,0,-1478.1331127804692,-1478.1331127804692,-1478.1331127804692,-293.70183001445963,-293.70183001445963,-293.70183001445963,0,0,0,903.2917552000986,3871.932683654579,1820.7460181122954,1820.7460181122954,2401.8004839648784
2022-02-27T00:00:00Z,1821.4819267774483,2019.8418265250662,2019.8418265250662,2019.8418265250662,0,0,0,0,0,0,3715.290483842817,3715.290483842817,3715.290483842817,0,0,0,2513.791107919133,2513.791107919133,2513.791107919133,0,0,0,1201.4993759236843,1201.4993759236843,1201.4993759236843,0,0,0,0,0,0,0,0,0,0,0,0,0,0,0,0,0,0,623.7291311002019,623.7291311002019,623.7291311002019,0,0,0,0,0,0,-2060.641727085557,-2060.641727085557,-2060.641727085557,-258.5360613323966,-258.5360613323966,-258.5360613323966,0,0,0,2319.7781980011036,5221.437837467698,1821.4819267774483,1821.4819267774483,3841.3237533025144
2022-02-28T00:00:00Z,1822.2178354426012,6333.10736464221,6333.10736464221,6333.10736464221,0,0,0,0,0,0,6221.093231655167,6221.093231655167,6221.093231655167,0,0,0,0,0,0,5019.593855731483,5019.593855731483,5019.593855731483,1201.4993759236843,1201.4993759236843,1201.4993759236843,0,0,0,0,0,0,0,0,0,0,0,0,0,0,0,0,0,0,-69.09884770126833,-69.09884770126833,-69.09884770126833,0,0,0,0,0,0,398.15049898592855,398.15049898592855,398.15049898592855,-217.03751829761768,-217.03751829761768,-217.03751829761768,0,0,0,6712.54217291244,9567.840094706302,1822.2178354426012,1822.2178354426012,8155.3252000848115
2022-03-01T00:00:00Z,1822.9537441077541,-676.3668100227733,-676.3668100227733,-676.3668100227733,0,0,0,0,0,0,-615.221000053812,-615.221000053812,-615.221000053812,0,0,0,0,0,0,0,0,0,0,0,0,0,0,0,-615.221000053812,-615.221000053812,-615.221000053812,0,0,0,0,0,0,0,0,0,0,0,0,-624.2720522551549,-624.2720522551549,-624.2720522551549,0,0,0,0,0,0,733.1039213660733,733.1039213660733,733.1039213660733,-169.9776790798795,-169.9776790798795,-169.9776790798795,0,0,0,-205.77920008266943,2585.209274970857,1822.9537441077541,1822.9537441077541,1146.5869340849808
2022-03-02T00:00:00Z,1823.689652772907,-907.6967914497003,-907.6967914497003,-907.6967914497003,0,0,0,0,0,0,-752.8897151972958,-752.8897151972958,-752.8897151972958,0,0,0,0,0,0,0,0,0,0,0,0,-752.8897151972958,-752.8897151972958,-752.8897151972958,0,0,0,0,0,0,0,0,0,0,0,0,0,0,0,-837.4065634161312,-837.4065634161312,-837.4065634161312,0,0,0,0,0,0,800.8560034326489,800.8560034326489,800.8560034326489,-118.25651626892208,-118.25651626892208,-118.25651626892208,0,0,0,-554.9136620945704,2511.226083827748,1823.689652772907,1823.689652772907,915.9928613232067
2022-03-03T00:00:00Z,1824.42556143806,-637.8957450647059,-637.8957450647059,-637.8957450647059,0,0,0,0,0,0,-641.1967284672644,-641.1967284672644,-641.1967284672644,0,0,0,0,0,0,0,0,0,0,0,0,0,0,0,0,0,0,-641.1967284672644,-641.1967284672644,-641.1967284672644,0,0,0,0,0,0,0,0,0,-739.8826407438557,-739.8826407438557,-739.8826407438557,0,0,0,0,0,0,806.0626646825689,806.0626646825689,806.0626646825689,-62.87904053615465,-62.87904053615465,-62.87904053615465,0,0,0,-137.13793925551062,2654.120413003435,1824.42556143806,1824.42556143806,1186.5298163733542
2022-03-04T00:00:00Z,1825.1614701032129,-394.63940511123843,-394.63940511123843,-394.63940511123843,0,0,0,0,0,0,-641.1967284672644,-641.1967284672644,-641.1967284672644,0,0,0,0,0,0,0,0,0,0,0,0,0,0,0,0,0,0,-641.1967284672644,-641.1967284672644,-641.1967284672644,0,0,0,0,0,0,0,0,0,-549.1148781831732,-549.1148781831732,-549.1148781831732,0,0,0,0,0,0,800.6017513979159,800.6017513979159,800.6017513979159,-4.929549858716634,-4.929549858716634,-4.929549858716634,0,0,0,22.457369905965194,2941.756162556152,1825.1614701032129,1825.1614701032129,1430.5220649919745
2022-03-05T00:00:00Z,1825.8973787683658,-2546.4020337983966,-2546.4020337983966,-2546.4020337983966,0,0,0,0,0,0,-641.1967284672644,-641.1967284672644,-641.1967284672644,0,0,0,0,0,0,0,0,0,0,0,0,0,0,0,0,0,0,-641.1967284672644,-641.1967284672644,-641.1967284672644,0,0,0,0,0,0,0,0,0,-481.52791387546034,-481.52791387546034,-481.52791387546034,0,0,0,0,0,0,-1478.1331127814703,-1478.1331127814703,-1478.1331127814703,54.455721325798486,54.455721325798486,54.455721325798486,0,0,0,-2155.945099809534,689.8294377772422,1825.8973787683658,1825.8973787683658,-720.5046550300308
2022-03-06T00:00:00Z,1826.6332874335187,-3178.483878962025,-3178.483878962025,-3178.483878962025,0,0,0,0,0,0,-641.1967284672644,-641.1967284672644,-641.1967284672644,0,0,0,0,0,0,0,0,0,0,0,0,0,0,0,0,0,0,-641.1967284672644,-641.1967284672644,-641.1967284672644,0,0,0,0,0,0,0,0,0,-590.7622508511402,-590.7622508511402,-590.7622508511402,0,0,0,0,0,0,-2060.6417270832058,-2060.6417270832058,-2060.6417270832058,114.11682743958606,114.11682743958606,114.11682743958606,0,0,0,-2883.614840117603,172.5237613268998,1826.6332874335187,1826.6332874335187,-1351.8505915285061
2022-03-07T00:00:00Z,1827.3691960986716,-830.2490581725543,-830.2490581725543,-830.2490581725543,0,0,0,0,0,0,-641.1967284672644,-641.1967284672644,-641.1967284672644,0,0,0,0,0,0,0,0,0,0,0,0,0,0,0,0,0,0,-641.1967284672644,-641.1967284672644,-641.1967284672644,0,0,0,0,0,0,0,0,0,-760.1013029937611,-760.1013029937611,-760.1013029937611,0,0,0,0,0,0,398.15049898650767,398.15049898650767,398.15049898650767,172.8984743019637,172.8984743019637,172.8984743019637,0,0,0,-497.86981983842605,2419.1099251546484,1827.3691960986716,1827.3691960986716,997.1201379261173
2022-03-08T00:00:00Z,1828.1051047638246,127.82975293429001,127.82975293429001,127.82975293429001,0,0,0,0,0,0,0,0,0,0,0,0,0,0,0,0,0,0,0,0,0,0,0,0,0,0,0,0,0,0,0,0,0,0,0,0,0,0,0,-834.9519579988414,-834.9519579988414,-834.9519579988414,0,0,0,0,0,0,733.1039213657796,733.1039213657796,733.1039213657796,229.6777895673516,229.6777895673516,229.6777895673516,0,0,0,443.93695712293,3272.6753406998528,1828.1051047638246,1828.1051047638246,1955.9348576981147
2022-03-09T00:00:00Z,1828.8410134289775,321.7636140740643,321.7636140740643,321.7636140740643,0,0,0,0,0,0,0,0,0,0,0,0,0,0,0,0,0,0,0,0,0,0,0,0,0,0,0,0,0,0,0,0,0,0,0,0,0,0,0,-762.4831881821821,-762.4831881821821,-762.4831881821821,0,0,0,0,0,0,800.8560034334599,800.8560034334599,800.8560034334599,283.3907988227862,283.3907988227862,283.3907988227862,0,0,0,657.8975814303321,3531.092307373449,1828.8410134289775,1828.8410134289775,2150.6046275030417
2022-03-10T00:00:00Z,1829.5769220941304,523.2754146057574,523.2754146057574,523.2754146057574,0,0,0,0,0,0,0,0,0,0,0,0,0,0,0,0,0,0,0,0,0,0,0,0,0,0,0,0,0,0,0,0,0,0,0,0,0,0,0,-615.8442004086608,-615.8442004086608,-615.8442004086608,0,0,0,0,0,0,806.0626646819751,806.0626646819751,806.0626646819751,333.0569503324431,333.0569503324431,333.0569503324431,0,0,0,894.0704295049195,3706.602197251741,1829.5769220941304,1829.5769220941304,2352.852336699888
2022-03-11T00:00:00Z,1830.3128307592835,678.4670163109657,678.4670163109657,678.4670163109657,0,0,0,0,0,0,0,0,0,0,0,0,0,0,0,0,0,0,0,0,0,0,0,0,0,0,0,0,0,0,0,0,0,0,0,0,0,0,0,-499.9358284130005,-499.9358284130005,-499.9358284130005,0,0,0,0,0,0,800.6017513963168,800.6017513963168,800.6017513963168,377.80109332764926,377.80109332764926,377.80109332764926,0,0,0,976.3833452249992,3862.8407625218492,1830.3128307592835,1830.3128307592835,2508.779847070249
2022-03-12T00:00:00Z,1831.0487394244362,-1506.4821192644058,-1506.4821192644058,-1506.4821192644058,0,0,0,0,0,0,0,0,0,0,0,0,0,0,0,0,0,0,0,0,0,0,0,0,0,0,0,0,0,0,0,0,0,0,0,0,0,0,0,-445.22139793068277,-445.22139793068277,-445.22139793068277,0,0,0,0,0,0,-1478.1331127845267,-1478.1331127845267,-1478.1331127845267,416.87239145080355,416.87239145080355,416.87239145080355,0,0,0,-1084.8279391381027,1804.1315466502306,1831.0487394244362,1831.0487394244362,324.5666201600304
2022-03-13T00:00:00Z,1831.7846480895892,-2004.9914620905636,-2004.9914620905636,-2004.9914620905636,0,0,0,0,0,0,0,0,0,0,0,0,0,0,0,0,0,0,0,0,0,0,0,0,0,0,0,0,0,0,0,0,0,0,0,0,0,0,0,-394.00947720244744,-394.00947720244744,-394.00947720244744,0,0,0,0,0,0,-2060.6417270844386,-2060.6417270844386,-2060.6417270844386,449.65974219632227,449.65974219632227,449.65974219632227,0,0,0,-1561.8345927974804,1284.501630546778,1831.7846480895892,1831.7846480895892,-173.20681400097442
2022-03-14T00:00:00Z,1832.520556754742,592.5932714455629,592.5932714455629,592.5932714455629,0,0,0,0,0,0,0,0,0,0,0,0,0,0,0,0,0,0,0,0,0,0,0,0,0,0,0,0,0,0,0,0,0,0,0,0,0,0,0,-281.2605999035341,-281.2605999035341,-281.2605999035341,0,0,0,0,0,0,398.1504989800801,398.1504989800801,398.1504989800801,475.703372369017,475.703372369017,475.703372369017,0,0,0,973.5847455390666,3858.592582275975,1832.520556754742,1832.520556754742,2425.113828200305
2022-03-15T00:00:00Z,1833.256465419895,1111.5051798788118,1111.5051798788118,1111.5051798788118,0,0,0,0,0,0,0,0,0,0,0,0,0,0,0,0,0,0,0,0,0,0,0,0,0,0,0,0,0,0,0,0,0,0,0,0,0,0,0,-116.30112739204353,-116.30112739204353,-116.30112739204353,0,0,0,0,0,0,733.1039213654858,733.1039213654858,733.1039213654858,494.7023859053696,494.7023859053696,494.7023859053696,0,0,0,1398.6372331704752,4389.379675159619,1833.256465419895,1833.256465419895,2944.7616452987068
2022-03-16T00:00:00Z,1833.992374085048,1330.230680204251,1330.230680204251,1330.230680204251,0,0,0,0,0,0,0,0,0,0,0,0,0,0,0,0,0,0,0,0,0,0,0,0,0,0,0,0,0,0,0,0,0,0,0,0,0,0,0,22.856525882538268,22.856525882538268,22.856525882538268,0,0,0,0,0,0,800.8560034332465,800.8560034332465,800.8560034332465,506.518150888466,506.518150888466,506.518150888466,0,0,0,1595.7684405231885,4557.1648198611365,1833.992374085048,1833.992374085048,3164.223054289299
2022-03-17T00:00:00Z,1834.7282827502008,1392.214319052942,1392.214319052942,1392.214319052942,0,0,0,0,0,0,0,0,0,0,0,0,0,0,0,0,0,0,0,0,0,0,0,0,0,0,0,0,0,0,0,0,0,0,0,0,0,0,0,74.97813015704753,74.97813015704753,74.97813015704753,0,0,0,0,0,0,806.0626646841605,806.0626646841605,806.0626646841605,511.17352421173416,511.17352421173416,511.17352421173416,0,0,0,1818.4301892144126,4745.750609485236,1834.7282827502008,1834.7282827502008,3226.9426018031427
2022-03-18T00:00:00Z,1835.4641914153538,1377.2436175223081,1377.2436175223081,1377.2436175223081,0,0,0,0,0,0,0,0,0,0,0,0,0,0,0,0,0,0,0,0,0,0,0,0,0,0,0,0,0,0,0,0,0,0,0,0,0,0,0,67.79384405177969,67.79384405177969,67.79384405177969,0,0,0,0,0,0,800.6017513966294,800.6017513966294,800.6017513966294,508.8480220738991,508.8480220738991,508.8480220738991,0,0,0,1699.5489783045232,4620.044555701972,1835.4641914153538,1835.4641914153538,3212.707808937662
2022-03-19T00:00:00Z,1836.2001000805067,-881.2842443104389,-881.2842443104389,-881.2842443104389,0,0,0,0,0,0,0,0,0,0,0,0,0,0,0,0,0,0,0,0,0,0,0,0,0,0,0,0,0,0,0,0,0,0,0,0,0,0,0,96.97971907583607,96.97971907583607,96.97971907583607,0,0,0,0,0,0,-1478.1331127834726,-1478.1331127834726,-1478.1331127834726,499.86914939719765,499.86914939719765,499.86914939719765,0,0,0,-672.4816537182908,2336.410913208773,1836.2001000805067,1836.2001000805067,954.9158557700678
2022-03-20T00:00:00Z,1836.9360087456596,-1345.9299475016355,-1345.9299475016355,-1345.9299475016355,0,0,0,0,0,0,0,0,0,0,0,0,0,0,0,0,0,0,0,0,0,0,0,0,0,0,0,0,0,0,0,0,0,0,0,0,0,0,0,230.01158099563764,230.01158099563764,230.01158099563764,0,0,0,0,0,0,-2060.641727082088,-2060.641727082088,-2060.641727082088,484.70019858481453,484.70019858481453,484.70019858481453,0,0,0,-1011.5183837915245,1931.1660374547432,1836.9360087456596,1836.9360087456596,491.00606124402407
2022-03-21T00:00:00Z,1837.6719174108125,1296.573595002858,1296.573595002858,1296.573595002858,0,0,0,0,0,0,0,0,0,0,0,0,0,0,0,0,0,0,0,0,0,0,0,0,0,0,0,0,0,0,0,0,0,0,0,0,0,0,0,434.49818074412036,434.49818074412036,434.49818074412036,0,0,0,0,0,0,398.1504989818324,398.1504989818324,398.1504989818324,463.9249152769046,463.9249152769046,463.9249152769046,0,0,0,1614.8936705455337,4546.997098458455,1837.6719174108125,1837.6719174108125,3134.2455124136704
2022-03-22T00:00:00Z,1838.4078260759654,1780.9219522400494,1780.9219522400494,1780.9219522400494,0,0,0,0,0,0,0,0,0,0,0,0,0,0,0,0,0,0,0,0,0,0,0,0,0,0,0,0,0,0,0,0,0,0,0,0,0,0,0,609.588527151358,609.588527151358,609.588527151358,0,0,0,0,0,0,733.1039213651924,733.1039213651924,733.1039213651924,438.2295037234996,438.2295037234996,438.2295037234996,0,0,0,2078.6985177651454,5041.3700932079755,1838.4078260759654,1838.4078260759654,3619.329778316015
2022-03-23T00:00:00Z,1839.1437347411184,1902.5161978305666,1902.5161978305666,1902.5161978305666,0,0,0,0,0,0,0,0,0,0,0,0,0,0,0,0,0,0,0,0,0,0,0,0,0,0,0,0,0,0,0,0,0,0,0,0,0,0,0,693.2776891549394,693.2776891549394,693.2776891549394,0,0,0,0,0,0,800.8560034336256,800.8560034336256,800.8560034336256,408.3825052420009,408.3825052420009,408.3825052420009,0,0,0,2295.9378425181776,5193.834417040076,1839.1437347411184,1839.1437347411184,3741.659932571685
2022-03-24T00:00:00Z,1839.8796434062713,1915.6428946215137,1915.6428946215137,1915.6428946215137,0,0,0,0,0,0,0,0,0,0,0,0,0,0,0,0,0,0,0,0,0,0,0,0,0,0,0,0,0,0,0,0,0,0,0,0,0,0,0,734.3671013733522,734.3671013733522,734.3671013733522,0,0,0,0,0,0,806.0626646835665,806.0626646835665,806.0626646835665,375.21312856459446,375.21312856459446,375.21312856459446,0,0,0,2389.1661177617775,5330.902506465715,1839.8796434062713,1839.8796434062713,3755.5225380277852
2022-03-25T00:00:00Z,1840.6155520714242,1985.0938691896397,1985.0938691896397,1985.0938691896397,0,0,0,0,0,0,0,0,0,0,0,0,0,0,0,0,0,0,0,0,0,0,0,0,0,0,0,0,0,0,0,0,0,0,0,0,0,0,0,844.9034780608763,844.9034780608763,844.9034780608763,0,0,0,0,0,0,800.6017514014412,800.6017514014412,800.6017514014412,339.58863972732246,339.58863972732246,339.58863972732246,0,0,0,2360.667663009706,5333.384674784744,1840.6155520714242,1840.6155520714242,3825.7094212610637
2022-03-26T00:00:00Z,1841.351460736577,-108.3730596236742,-108.3730596236742,-108.3730596236742,0,0,0,0,0,0,0,0,0,0,0,0,0,0,0,0,0,0,0,0,0,0,0,0,0,0,0,0,0,0,0,0,0,0,0,0,0,0,0,1067.3686221243474,1067.3686221243474,1067.3686221243474,0,0,0,0,0,0,-1478.1331127784388,-1478.1331127784388,-1478.1331127784388,302.3914310304174,302.3914310304174,302.3914310304174,0,0,0,230.0229247553359,3182.18231276816,1841.351460736577,1841.351460736577,1732.978401112903
2022-03-27T00:00:00Z,1842.0873694017303,691.4993447095541,691.4993447095541,691.4993447095541,0,0,0,0,0,0,1201.4993759236843,1201.4993759236843,1201.4993759236843,0,0,0,0,0,0,0,0,0,1201.4993759236843,1201.4993759236843,1201.4993759236843,0,0,0,0,0,0,0,0,0,0,0,0,0,0,0,0,0,0,1286.145312397806,1286.145312397806,1286.145312397806,0,0,0,0,0,0,-2060.641727081528,-2060.641727081528,-2060.641727081528,264.4963834695916,264.4963834695916,264.4963834695916,0,0,0,1049.0802382747593,4020.0339025767753,1842.0873694017303,1842.0873694017303,2533.5867141112844
2022-03-28T00:00:00Z,1842.8232780668832,3112.103500149684,3112.103500149684,3112.103500149684,0,0,0,0,0,0,1201.4993759236843,1201.4993759236843,1201.4993759236843,0,0,0,0,0,0,0,0,0,1201.4993759236843,1201.4993759236843,1201.4993759236843,0,0,0,0,0,0,0,0,0,0,0,0,0,0,0,0,0,0,1285.704509885258,1285.704509885258,1285.704509885258,0,0,0,0,0,0,398.1504989835847,398.1504989835847,398.1504989835847,226.74911535715626,226.74911535715626,226.74911535715626,0,0,0,3471.39421445842,6327.623462785709,1842.8232780668832,1842.8232780668832,4954.926778216567
2022-03-29T00:00:00Z,1843.559186732036,3049.3893361690293,3049.3893361690293,3049.3893361690293,0,0,0,0,0,0,1201.4993759236843,1201.4993759236843,1201.4993759236843,0,0,0,0,0,0,0,0,0,1201.4993759236843,1201.4993759236843,1201.4993759236843,0,0,0,0,0,0,0,0,0,0,0,0,0,0,0,0,0,0,924.8403663623075,924.8403663623075,924.8403663623075,0,0,0,0,0,0,733.1039213652209,733.1039213652209,733.1039213652209,189.9456725178165,189.9456725178165,189.9456725178165,0,0,0,3449.261326756577,6312.657811033436,1843.559186732036,1843.559186732036,4892.948522901065
2022-03-30T00:00:00Z,1844.295095397189,4950.262998650464,4950.262998650464,4950.262998650464,0,0,0,0,0,0,3715.290483842817,3715.290483842817,3715.290483842817,0,0,0,2513.791107919133,2513.791107919133,2513.791107919133,0,0,0,1201.4993759236843,1201.4993759236843,1201.4993759236843,0,0,0,0,0,0,0,0,0,0,0,0,0,0,0,0,0,0,279.30234762487777,279.30234762487777,279.30234762487777,0,0,0,0,0,0,800.8560034332522,800.8560034332522,800.8560034332522,154.81416374951712,154.81416374951712,154.81416374951712,0,0,0,5347.632067090128,8279.52651711419,1844.295095397189,1844.295095397189,6794.558094047654
2022-03-31T00:00:00Z,1845.031004062342,6767.778492908607,6767.778492908607,6767.778492908607,0,0,0,0,0,0,6221.093231655167,6221.093231655167,6221.093231655167,0,0,0,0,0,0,5019.593855731483,5019.593855731483,5019.593855731483,1201.4993759236843,1201.4993759236843,1201.4993759236843,0,0,0,0,0,0,0,0,0,0,0,0,0,0,0,0,0,0,-381.3761843337386,-381.3761843337386,-381.3761843337386,0,0,0,0,0,0,806.0626646829727,806.0626646829727,806.0626646829727,121.99878090420596,121.99878090420596,121.99878090420596,0,0,0,7147.54923454034,10026.635886897604,1845.031004062342,1845.031004062342,8612.80949697095
2022-04-01T00:00:00Z,1845.7669127274949,-500.1233998240703,-500.1233998240703,-500.1233998240703,0,0,0,0,0,0,-615.221000053812,-615.221000053812,-615.221000053812,0,0,0,0,0,0,0,0,0,0,0,0,0,0,0,-615.221000053812,-615.221000053812,-615.221000053812,0,0,0,0,0,0,0,0,0,0,0,0,-777.5507191050262,-777.5507191050262,-777.5507191050262,0,0,0,0,0,0,800.6017513998416,800.6017513998416,800.6017513998416,92.04656793492627,92.04656793492627,92.04656793492627,0,0,0,-68.95504897301925,2800.518719281861,1845.7669127274949,1845.7669127274949,1345.6435129034246
2022-04-02T00:00:00Z,1846.5028213926478,-2982.0077031873884,-2982.0077031873884,-2982.0077031873884,0,0,0,0,0,0,-752.8897151972958,-752.8897151972958,-752.8897151972958,0,0,0,0,0,0,0,0,0,0,0,0,-752.8897151972958,-752.8897151972958,-752.8897151972958,0,0,0,0,0,0,0,0,0,0,0,0,0,0,0,-816.3820950877673,-816.3820950877673,-816.3820950877673,0,0,0,0,0,0,-1478.13311277944,-1478.13311277944,-1478.13311277944,65.3972198771144,65.3972198771144,65.3972198771144,0,0,0,-2563.9167015407347,180.74443988953337,1846.5028213926478,1846.5028213926478,-1135.5048817947406
2022-04-03T00:00:00Z,1847.2387300578007,-3299.6119871555666,-3299.6119871555666,-3299.6119871555666,0,0,0,0,0,0,-641.1967284672644,-641.1967284672644,-641.1967284672644,0,0,0,0,0,0,0,0,0,0,0,0,0,0,0,0,0,0,-641.1967284672644,-641.1967284672644,-641.1967284672644,0,0,0,0,0,0,0,0,0,-640.1496350301144,-640.1496350301144,-640.1496350301144,0,0,0,0,0,0,-2060.641727080969,-2060.641727080969,-2060.641727080969,42.376103422780986,42.376103422780986,42.376103422780986,0,0,0,-2938.717236593911,86.78233451333097,1847.2387300578007,1847.2387300578007,-1452.3732570977659
2022-04-04T00:00:00Z,1847.9746387229536,-711.6280816834309,-711.6280816834309,-711.6280816834309,0,0,0,0,0,0,-641.1967284672644,-641.1967284672644,-641.1967284672644,0,0,0,0,0,0,0,0,0,0,0,0,0,0,0,0,0,0,-641.1967284672644,-641.1967284672644,-641.1967284672644,0,0,0,0,0,0,0,0,0,-491.7724502971523,-491.7724502971523,-491.7724502971523,0,0,0,0,0,0,398.1504989841639,398.1504989841639,398.1504989841639,23.190598096821876,23.190598096821876,23.190598096821876,0,0,0,-342.3394604138208,2490.4599860793437,1847.9746387229536,1847.9746387229536,1136.3465570395228
2022-04-05T00:00:00Z,1848.7105473881065,-418.6301032796653,-418.6301032796653,-418.6301032796653,0,0,0,0,0,0,-641.1967284672644,-641.1967284672644,-641.1967284672644,0,0,0,0,0,0,0,0,0,0,0,0,0,0,0,0,0,0,-641.1967284672644,-641.1967284672644,-641.1967284672644,0,0,0,0,0,0,0,0,0,-518.467059863336,-518.467059863336,-518.467059863336,0,0,0,0,0,0,733.1039213658182,733.1039213658182,733.1039213658182,7.929763685116858,7.929763685116858,7.929763685116858,0,0,0,-77.72615695284131,2965.068678007899,1848.7105473881065,1848.7105473881065,1430.0804441084413
2022-04-06T00:00:00Z,1849.4464560532595,-522.4583733594612,-522.4583733594612,-522.4583733594612,0,0,0,0,0,0,-641.1967284672644,-641.1967284672644,-641.1967284672644,0,0,0,0,0,0,0,0,0,0,0,0,0,0,0,0,0,0,-641.1967284672644,-641.1967284672644,-641.1967284672644,0,0,0,0,0,0,0,0,0,-678.6848964192168,-678.6848964192168,-678.6848964192168,0,0,0,0,0,0,800.8560034336314,800.8560034336314,800.8560034336314,-3.4327519066114704,-3.4327519066114704,-3.4327519066114704,0,0,0,-118.2682416627542,2783.590012824606,1849.4464560532595,1849.4464560532595,1326.9880826937983
2022-04-07T00:00:00Z,1850.1823647184124,-662.2026390119771,-662.2026390119771,-662.2026390119771,0,0,0,0,0,0,-641.1967284672644,-641.1967284672644,-641.1967284672644,0,0,0,0,0,0,0,0,0,0,0,0,0,0,0,0,0,0,-641.1967284672644,-641.1967284672644,-641.1967284672644,0,0,0,0,0,0,0,0,0,-816.03583796984,-816.03583796984,-816.03583796984,0,0,0,0,0,0,806.0626646851582,806.0626646851582,806.0626646851582,-11.032737260030858,-11.032737260030858,-11.032737260030858,0,0,0,-412.16880465828757,2673.156154137651,1850.1823647184124,1850.1823647184124,1187.9797257064351
2022-04-08T00:00:00Z,1850.9182733835653,-29.303302179556106,-29.303302179556106,-29.303302179556106,0,0,0,0,0,0,0,0,0,0,0,0,0,0,0,0,0,0,0,0,0,0,0,0,0,0,0,0,0,0,0,0,0,0,0,0,0,0,0,-814.7984258137856,-814.7984258137856,-814.7984258137856,0,0,0,0,0,0,800.6017513982425,800.6017513982425,800.6017513982425,-15.10662776401327,-15.10662776401327,-15.10662776401327,0,0,0,328.70662587710353,3276.4583888576326,1850.9182733835653,1850.9182733835653,1821.6149712040092
2022-04-09T00:00:00Z,1851.6541820487182,-2185.220704142154,-2185.220704142154,-2185.220704142154,0,0,0,0,0,0,0,0,0,0,0,0,0,0,0,0,0,0,0,0,0,0,0,0,0,0,0,0,0,0,0,0,0,0,0,0,0,0,0,-691.1073649495457,-691.1073649495457,-691.1073649495457,0,0,0,0,0,0,-1478.1331127804413,-1478.1331127804413,-1478.1331127804413,-15.98022641216728,-15.98022641216728,-15.98022641216728,0,0,0,-1843.4129316052267,1047.1002166645048,1851.6541820487182,1851.6541820487182,-333.56652209343565
2022-04-10T00:00:00Z,1852.3900903437009,-2624.3427470250253,-2624.3427470250253,-2624.3427470250253,0,0,0,0,0,0,0,0,0,0,0,0,0,0,0,0,0,0,0,0,0,0,0,0,0,0,0,0,0,0,0,0,0,0,0,0,0,0,0,-549.6456992241899,-549.6456992241899,-549.6456992241899,0,0,0,0,0,0,-2060.641727085736,-2060.641727085736,-2060.641727085736,-14.055320715099914,-14.055320715099914,-14.055320715099914,0,0,0,-2222.539148392802,691.6853238285669,1852.3900903437009,1852.3900903437009,-771.9526566813245
2022-04-11T00:00:00Z,1853.1259986386833,-78.76597909647366,-78.76597909647366,-78.76597909647366,0,0,0,0,0,0,0,0,0,0,0,0,0,0,0,0,0,0,0,0,0,0,0,0,0,0,0,0,0,0,0,0,0,0,0,0,0,0,0,-467.12184797471383,-467.12184797471383,-467.12184797471383,0,0,0,0,0,0,398.1504989847431,398.1504989847431,398.1504989847431,-9.794630106502927,-9.794630106502927,-9.794630106502927,0,0,0,284.86374274616804,3241.697048133473,1853.1259986386833,1853.1259986386833,1774.3600195422096
2022-04-12T00:00:00Z,1853.8619069336658,305.0875661917816,305.0875661917816,305.0875661917816,0,0,0,0,0,0,0,0,0,0,0,0,0,0,0,0,0,0,0,0,0,0,0,0,0,0,0,0,0,0,0,0,0,0,0,0,0,0,0,-424.3108014561334,-424.3108014561334,-424.3108014561334,0,0,0,0,0,0,733.1039213658468,733.1039213658468,733.1039213658468,-3.7055537179318074,-3.7055537179318074,-3.7055537179318074,0,0,0,698.0594017219581,3561.7382268876463,1853.8619069336658,1853.8619069336658,2158.949473125447
2022-04-13T00:00:00Z,1854.5978152286486,457.5774968121814,457.5774968121814,457.5774968121814,0,0,0,0,0,0,0,0,0,0,0,0,0,0,0,0,0,0,0,0,0,0,0,0,0,0,0,0,0,0,0,0,0,0,0,0,0,0,0,-346.9552966918135,-346.9552966918135,-346.9552966918135,0,0,0,0,0,0,800.8560034334179,800.8560034334179,800.8560034334179,3.6767900705770007,3.6767900705770007,3.6767900705770007,0,0,0,864.1684673054492,3746.3013962540613,1854.5978152286486,1854.5978152286486,2312.1753120408302
2022-04-14T00:00:00Z,1855.333723523631,616.6170863008786,616.6170863008786,616.6170863008786,0,0,0,0,0,0,0,0,0,0,0,0,0,0,0,0,0,0,0,0,0,0,0,0,0,0,0,0,0,0,0,0,0,0,0,0,0,0,0,-201.2523120291576,-201.2523120291576,-201.2523120291576,0,0,0,0,0,0,806.0626646845643,806.0626646845643,806.0626646845643,11.80673364547181,11.80673364547181,11.80673364547181,0,0,0,985.9347176316185,3800.5054988562288,1855.333723523631,1855.333723523631,2471.9508098245096
2022-04-15T00:00:00Z,1856.0696318186135,782.653289113627,782.653289113627,782.653289113627,0,0,0,0,0,0,0,0,0,0,0,0,0,0,0,0,0,0,0,0,0,0,0,0,0,0,0,0,0,0,0,0,0,0,0,0,0,0,0,-38.093410294698,-38.093410294698,-38.093410294698,0,0,0,0,0,0,800.6017513985549,800.6017513985549,800.6017513985549,20.144948009770033,20.144948009770033,20.144948009770033,0,0,0,1236.444566625942,4045.919940176023,1856.0696318186135,1856.0696318186135,2638.7229209322404
2022-04-16T00:00:00Z,1856.8055401135962,-1389.519799438778,-1389.519799438778,-1389.519799438778,0,0,0,0,0,0,0,0,0,0,0,0,0,0,0,0,0,0,0,0,0,0,0,0,0,0,0,0,0,0,0,0,0,0,0,0,0,0,0,60.43873599142808,60.43873599142808,60.43873599142808,0,0,0,0,0,0,-1478.1331127814422,-1478.1331127814422,-1478.1331127814422,28.174577351236127,28.174577351236127,28.174577351236127,0,0,0,-898.7648044763491,1957.9118626002203,1856.8055401135962,1856.8055401135962,467.28574067481827
2022-04-17T00:00:00Z,1857.5414484085788,-1951.7734661215957,-1951.7734661215957,-1951.7734661215957,0,0,0,0,0,0,0,0,0,0,0,0,0,0,0,0,0,0,0,0,0,0,0,0,0,0,0,0,0,0,0,0,0,0,0,0,0,0,0,73.45207832015292,73.45207832015292,73.45207832015292,0,0,0,0,0,0,-2060.641727083385,-2060.641727083385,-2060.641727083385,35.41618264163663,35.41618264163663,35.41618264163663,0,0,0,-1486.0449493118147,1316.1691811003352,1857.5414484085788,1857.5414484085788,-94.23201771301683
2022-04-18T00:00:00Z,1858.2773567035613,-1172.0426278781813,-1172.0426278781813,-1172.0426278781813,0,0,0,0,0,0,0,0,0,-1683.3583639625576,-1683.3583639625576,-1683.3583639625576,0,0,0,0,0,0,0,0,0,0,0,0,0,0,0,0,0,0,0,0,0,0,0,0,-1683.3583639625576,-1683.3583639625576,-1683.3583639625576,71.72413550495811,71.72413550495811,71.72413550495811,0,0,0,0,0,0,398.1504989876685,398.1504989876685,398.1504989876685,41.44110159174975,41.44110159174975,41.44110159174975,0,0,0,-731.5295651861259,2201.187191007708,1858.2773567035613,1858.2773567035613,686.23472882538
2022-04-19T00:00:00Z,1859.0132649985437,928.9846265567711,928.9846265567711,928.9846265567711,0,0,0,0,0,0,0,0,0,0,0,0,0,0,0,0,0,0,0,0,0,0,0,0,0,0,0,0,0,0,0,0,0,0,0,0,0,0,0,149.99781781649713,149.99781781649713,149.99781781649713,0,0,0,0,0,0,733.103921365553,733.103921365553,733.103921365553,45.88288737472098,45.88288737472098,45.88288737472098,0,0,0,1337.5133901889317,4196.428636908013,1859.0132649985437,1859.0132649985437,2787.9978915553147
2022-04-20T00:00:00Z,1859.7491732935264,1178.4410908921743,1178.4410908921743,1178.4410908921743,0,0,0,0,0,0,0,0,0,0,0,0,0,0,0,0,0,0,0,0,0,0,0,0,0,0,0,0,0,0,0,0,0,0,0,0,0,0,0,329.1385355697128,329.1385355697128,329.1385355697128,0,0,0,0,0,0,800.8560034332047,800.8560034332047,800.8560034332047,48.44655188925704,48.44655188925704,48.44655188925704,0,0,0,1557.6352522500315,4540.795023982029,1859.7491732935264,1859.7491732935264,3038.1902641857005
2022-04-21T00:00:00Z,1860.4850815885088,1386.8013480349814,1386.8013480349814,1386.8013480349814,0,0,0,0,0,0,0,0,0,0,0,0,0,0,0,0,0,0,0,0,0,0,0,0,0,0,0,0,0,0,0,0,0,0,0,0,0,0,0,531.8232743504432,531.8232743504432,531.8232743504432,0,0,0,0,0,0,806.0626646827195,806.0626646827195,806.0626646827195,48.91540900181886,48.91540900181886,48.91540900181886,0,0,0,1840.987966521829,4692.807156365286,1860.4850815885088,1860.4850815885088,3247.28642962349
2022-04-22T00:00:00Z,1861.2209898834915,1510.2522019783898,1510.2522019783898,1510.2522019783898,0,0,0,0,0,0,0,0,0,0,0,0,0,0,0,0,0,0,0,0,0,0,0,0,0,0,0,0,0,0,0,0,0,0,0,0,0,0,0,662.4950635317255,662.4950635317255,662.4950635317255,0,0,0,0,0,0,800.6017514014552,800.6017514014552,800.6017514014552,47.155387045209444,47.155387045209444,47.155387045209444,0,0,0,2028.126233925342,4904.0130526406565,1861.2209898834915,1861.2209898834915,3371.4731918618813
2022-04-23T00:00:00Z,1861.9568981784741,-722.7962984894718,-722.7962984894718,-722.7962984894718,0,0,0,0,0,0,0,0,0,0,0,0,0,0,0,0,0,0,0,0,0,0,0,0,0,0,0,0,0,0,0,0,0,0,0,0,0,0,0,712.2200586276311,712.2200586276311,712.2200586276311,0,0,0,0,0,0,-1478.1331127844985,-1478.1331127844985,-1478.1331127844985,43.11675566739541,43.11675566739541,43.11675566739541,0,0,0,-172.68490794273973,2654.938306985285,1861.9568981784741,1861.9568981784741,1139.1605996890023
2022-04-24T00:00:00Z,1862.6928064734566,-1248.7498842146886,-1248.7498842146886,-1248.7498842146886,0,0,0,0,0,0,0,0,0,0,0,0,0,0,0,0,0,0,0,0,0,0,0,0,0,0,0,0,0,0,0,0,0,0,0,0,0,0,0,775.0585551645662,775.0585551645662,775.0585551645662,0,0,0,0,0,0,-2060.6417270846173,-2060.6417270846173,-2060.6417270846173,36.83328770536264,36.83328770536264,36.83328770536264,0,0,0,-724.8615569994322,2132.1331141952733,1862.6928064734566,1862.6928064734566,613.942922258768
2022-04-25T00:00:00Z,1863.428714768439,1372.1054551242742,1372.1054551242742,1372.1054551242742,0,0,0,0,0,0,0,0,0,0,0,0,0,0,0,0,0,0,0,0,0,0,0,0,0,0,0,0,0,0,0,0,0,0,0,0,0,0,0,945.5360061919547,945.5360061919547,945.5360061919547,0,0,0,0,0,0,398.15049898824776,398.15049898824776,398.15049898824776,28.41894994407162,28.41894994407162,28.41894994407162,0,0,0,1800.2081975163967,4629.071658241139,1863.428714768439,1863.428714768439,3235.534169892713
2022-04-26T00:00:00Z,1864.1646230634217,3142.775659361997,3142.775659361997,3142.775659361997,0,0,0,0,0,0,1201.4993759236843,1201.4993759236843,1201.4993759236843,0,0,0,0,0,0,0,0,0,1201.4993759236843,1201.4993759236843,1201.4993759236843,0,0,0,0,0,0,0,0,0,0,0,0,0,0,0,0,0,0,1190.1100767083224,1190.1100767083224,1190.1100767083224,0,0,0,0,0,0,733.1039213664726,733.1039213664726,733.1039213664726,18.062285363516924,18.062285363516924,18.062285363516924,0,0,0,3553.6834235114247,6480.754834162968,1864.1646230634217,1864.1646230634217,5006.940282425418
2022-04-27T00:00:00Z,1864.9005313584044,3334.5229186073075,3334.5229186073075,3334.5229186073075,0,0,0,0,0,0,1201.4993759236843,1201.4993759236843,1201.4993759236843,0,0,0,0,0,0,0,0,0,1201.4993759236843,1201.4993759236843,1201.4993759236843,0,0,0,0,0,0,0,0,0,0,0,0,0,0,0,0,0,0,1326.1488273483164,1326.1488273483164,1326.1488273483164,0,0,0,0,0,0,800.8560034329915,800.8560034329915,800.8560034329915,6.018711902315533,6.018711902315533,6.018711902315533,0,0,0,3837.815980608858,6638.461919960026,1864.9005313584044,1864.9005313584044,5199.423449965712
2022-04-28T00:00:00Z,1865.6364396533868,3151.5530905432206,3151.5530905432206,3151.5530905432206,0,0,0,0,0,0,1201.4993759236843,1201.4993759236843,1201.4993759236843,0,0,0,0,0,0,0,0,0,1201.4993759236843,1201.4993759236843,1201.4993759236843,0,0,0,0,0,0,0,0,0,0,0,0,0,0,0,0,0,0,1151.3900327237668,1151.3900327237668,1151.3900327237668,0,0,0,0,0,0,806.0626646821258,806.0626646821258,806.0626646821258,-7.3989827863556075,-7.3989827863556075,-7.3989827863556075,0,0,0,3528.22650909927,6510.91321502306,1865.6364396533868,1865.6364396533868,5017.189530196607
2022-04-29T00:00:00Z,1866.3723479483695,5117.789740320625,5117.789740320625,5117.789740320625,0,0,0,0,0,0,3715.290483842817,3715.290483842817,3715.290483842817,0,0,0,2513.791107919133,2513.791107919133,2513.791107919133,0,0,0,1201.4993759236843,1201.4993759236843,1201.4993759236843,0,0,0,0,0,0,0,0,0,0,0,0,0,0,0,0,0,0,623.7291310998017,623.7291310998017,623.7291310998017,0,0,0,0,0,0,800.6017514017675,800.6017514017675,800.6017514017675,-21.83162602376121,-21.83162602376121,-21.83162602376121,0,0,0,5638.8405016478755,8447.891419817599,1866.3723479483695,1866.3723479483695,6984.162088268995
2022-04-30T00:00:00Z,1867.108256243352,4636.975506118652,4636.975506118652,4636.975506118652,0,0,0,0,0,0,6221.093231655167,6221.093231655167,6221.093231655167,0,0,0,0,0,0,5019.593855731483,5019.593855731483,5019.593855731483,1201.4993759236843,1201.4993759236843,1201.4993759236843,0,0,0,0,0,0,0,0,0,0,0,0,0,0,0,0,0,0,-69.09884770147325,-69.09884770147325,-69.09884770147325,0,0,0,0,0,0,-1478.1331127854994,-1478.1331127854994,-1478.1331127854994,-36.88576504954317,-36.88576504954317,-36.88576504954317,0,0,0,5070.067410685602,7827.7634187114345,1867.108256243352,1867.108256243352,6504.083762362005
2022-05-01T00:00:00Z,1867.8441645383343,-5035.639652976794,-5035.639652976794,-5035.639652976794,0,0,0,0,0,0,-615.221000053812,-615.221000053812,-615.221000053812,-1683.3583639625576,-1683.3583639625576,-1683.3583639625576,0,0,0,0,0,0,0,0,0,0,0,0,-615.221000053812,-615.221000053812,-615.221000053812,0,0,0,0,0,0,0,0,0,-1683.3583639625576,-1683.3583639625576,-1683.3583639625576,-624.2720522551743,-624.2720522551743,-624.2720522551743,0,0,0,0,0,0,-2060.6417270822667,-2060.6417270822667,-2060.6417270822667,-52.1465096229842,-52.1465096229842,-52.1465096229842,0,0,0,-4581.559484779221,-1650.3685399428712,1867.8441645383343,1867.8441645383343,-3167.79548843846
2022-05-02T00:00:00Z,1868.5800728333172,-4454.648669270202,-4454.648669270202,-4454.648669270202,0,0,0,0,0,0,-752.8897151972958,-752.8897151972958,-752.8897151972958,-3195.3121717196555,-3195.3121717196555,-3195.3121717196555,0,0,0,0,0,0,0,0,0,-752.8897151972958,-752.8897151972958,-752.8897151972958,0,0,0,0,0,0,0,0,0,0,0,0,0,0,0,-837.4065634156348,-837.4065634156348,-837.4065634156348,0,0,0,-3195.3121717196555,-3195.3121717196555,-3195.3121717196555,398.1504989818201,398.1504989818201,398.1504989818201,-67.19071791943615,-67.19071791943615,-67.19071791943615,0,0,0,-4098.31812105791,-1202.7192905268869,1868.5800728333172,1868.5800728333172,-2586.068596436885
2022-05-04T00:00:00Z,1870.051889423282,-2638.6365513965293,-2638.6365513965293,-2638.6365513965293,0,0,0,0,0,0,-641.1967284672644,-641.1967284672644,-641.1967284672644,-2154.206873126144,-2154.206873126144,-2154.206873126144,0,0,0,0,0,0,0,0,0,0,0,0,0,0,0,-641.1967284672644,-641.1967284672644,-641.1967284672644,0,0,0,0,0,0,-1683.3583639625576,-1683.3583639625576,-1683.3583639625576,-549.1148781827264,-549.1148781827264,-549.1148781827264,0,0,0,-470.84850916358636,-470.84850916358636,-470.84850916358636,800.8560034333703,800.8560034333703,800.8560034333703,-94.97407505376476,-94.97407505376476,-94.97407505376476,0,0,0,-2212.6480317805467,682.1104677653216,1870.051889423282,1870.051889423282,-768.5846619732472
2022-05-05T00:00:00Z,1870.7877977182648,-2101.6301060832593,-2101.6301060832593,-2101.6301060832593,0,0,0,0,0,0,-641.1967284672644,-641.1967284672644,-641.1967284672644,-1678.0267643518362,-1678.0267643518362,-1678.0267643518362,0,0,0,0,0,0,0,0,0,0,0,0,0,0,0,-641.1967284672644,-641.1967284672644,-641.1967284672644,0,0,0,0,0,0,0,0,0,-481.52791387572785,-481.52791387572785,-481.52791387572785,0,0,0,-1678.0267643518362,-1678.0267643518362,-1678.0267643518362,806.0626646843111,806.0626646843111,806.0626646843111,-106.94136407274186,-106.94136407274186,-106.94136407274186,0,0,0,-1655.5394217792114,1245.992444452161,1870.7877977182648,1870.7877977182648,-230.84230836499455
2022-05-06T00:00:00Z,1871.5237060132472,-1564.6690410331894,-1564.6690410331894,-1564.6690410331894,0,0,0,0,0,0,-641.1967284672644,-641.1967284672644,-641.1967284672644,-1016.1407276776397,-1016.1407276776397,-1016.1407276776397,0,0,0,0,0,0,0,0,0,0,0,0,0,0,0,-641.1967284672644,-641.1967284672644,-641.1967284672644,0,0,0,0,0,0,0,0,0,-590.7622508511578,-590.7622508511578,-590.7622508511578,0,0,0,-1016.1407276776397,-1016.1407276776397,-1016.1407276776397,800.60175140208,800.60175140208,800.60175140208,-117.17108543920705,-117.17108543920705,-117.17108543920705,0,0,0,-1158.8631713102175,1699.6291324456124,1871.5237060132472,1871.5237060132472,306.8546649800578
2022-05-07T00:00:00Z,1872.2596143082299,-3154.6906049153968,-3154.6906049153968,-3154.6906049153968,0,0,0,0,0,0,-641.1967284672644,-641.1967284672644,-641.1967284672644,-149.87749077495258,-149.87749077495258,-149.87749077495258,0,0,0,0,0,0,0,0,0,0,0,0,0,0,0,-641.1967284672644,-641.1967284672644,-641.1967284672644,0,0,0,0,0,0,0,0,0,-760.1013029935195,-760.1013029935195,-760.1013029935195,0,0,0,-149.87749077495258,-149.87749077495258,-149.87749077495258,-1478.1331127784104,-1478.1331127784104,-1478.1331127784104,-125.38196990124983,-125.38196990124983,-125.38196990124983,0,0,0,-2746.548184799174,239.33349888808542,1872.2596143082299,1872.2596143082299,-1282.430990607167
2022-05-08T00:00:00Z,1872.9955226032125,-3064.9594015210105,-3064.9594015210105,-3064.9594015210105,0,0,0,0,0,0,0,0,0,-38.01560304467166,-38.01560304467166,-38.01560304467166,0,0,0,0,0,0,0,0,0,0,0,0,0,0,0,0,0,0,0,0,0,0,0,0,0,0,0,-834.9519579989617,-834.9519579989617,-834.9519579989617,0,0,0,-38.01560304467166,-38.01560304467166,-38.01560304467166,-2060.6417270817074,-2060.6417270817074,-2060.6417270817074,-131.3501133956696,-131.3501133956696,-131.3501133956696,0,0,0,-2683.954590513765,114.99527787008054,1872.9955226032125,1872.9955226032125,-1191.963878917798
2022-05-09T00:00:00Z,1873.731430898195,-2750.076459703788,-2750.076459703788,-2750.076459703788,0,0,0,0,0,0,0,0,0,-2250.8289069616485,-2250.8289069616485,-2250.8289069616485,0,0,0,0,0,0,0,0,0,0,0,0,0,0,0,0,0,0,0,0,0,0,0,0,0,0,0,-762.4831881823718,-762.4831881823718,-762.4831881823718,0,0,0,-2250.8289069616485,-2250.8289069616485,-2250.8289069616485,398.1504989835724,398.1504989835724,398.1504989835724,-134.91486354333972,-134.91486354333972,-134.91486354333972,0,0,0,-2374.8259689931133,599.0902749542021,1873.731430898195,1873.731430898195,-876.3450288055928
2022-05-10T00:00:00Z,1874.4673391931774,-1656.0186610275257,-1656.0186610275257,-1656.0186610275257,0,0,0,0,0,0,0,0,0,-1637.2956375964209,-1637.2956375964209,-1637.2956375964209,0,0,0,0,0,0,0,0,0,0,0,0,0,0,0,0,0,0,0,0,0,0,0,0,0,0,0,-615.8442004086386,-615.8442004086386,-615.8442004086386,0,0,0,-1637.2956375964209,-1637.2956375964209,-1637.2956375964209,733.1039213662075,733.1039213662075,733.1039213662075,-135.98274438867347,-135.98274438867347,-135.98274438867347,0,0,0,-1206.7636631747741,1715.4953385328859,1874.4673391931774,1874.4673391931774,218.4486781656517
2022-05-11T00:00:00Z,1875.20324748816,166.39082189386727,166.39082189386727,166.39082189386727,0,0,0,0,0,0,0,0,0,0,0,0,0,0,0,0,0,0,0,0,0,0,0,0,0,0,0,0,0,0,0,0,0,0,0,0,0,0,0,-499.9358284128393,-499.9358284128393,-499.9358284128393,0,0,0,0,0,0,800.8560034325649,800.8560034325649,800.8560034325649,-134.52935312585808,-134.52935312585808,-134.52935312585808,0,0,0,622.2804233040031,3431.3842847826904,1875.20324748816,1875.20324748816,2041.5940693820273
2022-05-12T00:00:00Z,1875.9391557831427,230.24204328808497,230.24204328808497,230.24204328808497,0,0,0,0,0,0,0,0,0,0,0,0,0,0,0,0,0,0,0,0,0,0,0,0,0,0,0,0,0,0,0,0,0,0,0,0,0,0,0,-445.2213979311349,-445.2213979311349,-445.2213979311349,0,0,0,0,0,0,806.0626646837173,806.0626646837173,806.0626646837173,-130.59922346449758,-130.59922346449758,-130.59922346449758,0,0,0,744.449222481584,3389.3533103380996,1875.9391557831427,1875.9391557831427,2106.1811990712276
2022-05-13T00:00:00Z,1876.6750640781252,282.28856438362754,282.28856438362754,282.28856438362754,0,0,0,0,0,0,0,0,0,0,0,0,0,0,0,0,0,0,0,0,0,0,0,0,0,0,0,0,0,0,0,0,0,0,0,0,0,0,0,-394.0094772028337,-394.0094772028337,-394.0094772028337,0,0,0,0,0,0,800.6017513985691,800.6017513985691,800.6017513985691,-124.30370981210778,-124.30370981210778,-124.30370981210778,0,0,0,757.3248992855742,3606.2604762927967,1876.6750640781252,1876.6750640781252,2158.9636284617527
2022-05-14T00:00:00Z,1877.4109723731078,-1875.2107155497154,-1875.2107155497154,-1875.2107155497154,0,0,0,0,0,0,0,0,0,0,0,0,0,0,0,0,0,0,0,0,0,0,0,0,0,0,0,0,0,0,0,0,0,0,0,0,0,0,0,-281.26059990423306,-281.26059990423306,-281.26059990423306,0,0,0,0,0,0,-1478.133112779412,-1478.133112779412,-1478.133112779412,-115.81700286607045,-115.81700286607045,-115.81700286607045,0,0,0,-1372.8694755485985,1389.2220258345608,1877.4109723731078,1877.4109723731078,2.200256823392465
2022-05-15T00:00:00Z,1878.1468806680903,-3965.671657360546,-3965.671657360546,-3965.671657360546,0,0,0,0,0,0,0,0,0,-1683.3583639625576,-1683.3583639625576,-1683.3583639625576,0,0,0,0,0,0,0,0,0,0,0,0,0,0,0,0,0,0,0,0,0,0,0,0,-1683.3583639625576,-1683.3583639625576,-1683.3583639625576,-116.30112739205569,-116.30112739205569,-116.30112739205569,0,0,0,0,0,0,-2060.6417270793563,-2060.6417270793563,-2060.6417270793563,-105.3704389265756,-105.3704389265756,-105.3704389265756,0,0,0,-3485.946190676523,-568.1074927068681,1878.1468806680903,1878.1468806680903,-2087.524776692456
2022-05-16T00:00:00Z,1878.8827889630727,-1355.596649929214,-1355.596649929214,-1355.596649929214,0,0,0,0,0,0,0,0,0,-1683.3583639625576,-1683.3583639625576,-1683.3583639625576,0,0,0,0,0,0,0,0,0,0,0,0,0,0,0,0,0,0,0,0,0,0,0,0,-1683.3583639625576,-1683.3583639625576,-1683.3583639625576,22.85652588232806,22.85652588232806,22.85652588232806,0,0,0,0,0,0,398.15049898532465,398.15049898532465,398.15049898532465,-93.24531083430894,-93.24531083430894,-93.24531083430894,0,0,0,-833.7183243964736,1990.4944965692941,1878.8827889630727,1878.8827889630727,523.2861390338587
2022-05-17T00:00:00Z,1879.6186972580554,728.3176248072502,728.3176248072502,728.3176248072502,0,0,0,0,0,0,0,0,0,0,0,0,0,0,0,0,0,0,0,0,0,0,0,0,0,0,0,0,0,0,0,0,0,0,0,0,0,0,0,74.97813015727995,74.97813015727995,74.97813015727995,0,0,0,0,0,0,733.1039213662364,733.1039213662364,733.1039213662364,-79.76442671626599,-79.76442671626599,-79.76442671626599,0,0,0,1104.2583115983668,3953.578310247984,1879.6186972580554,1879.6186972580554,2607.936322065306
2022-05-18T00:00:00Z,1880.354605553038,803.3671547678784,803.3671547678784,803.3671547678784,0,0,0,0,0,0,0,0,0,0,0,0,0,0,0,0,0,0,0,0,0,0,0,0,0,0,0,0,0,0,0,0,0,0,0,0,0,0,0,67.79384405178209,67.79384405178209,67.79384405178209,0,0,0,0,0,0,800.8560034333758,800.8560034333758,800.8560034333758,-65.28269271727949,-65.28269271727949,-65.28269271727949,0,0,0,1306.4998714598098,4065.646322907715,1880.354605553038,1880.354605553038,2683.7217603209165
2022-05-19T00:00:00Z,1881.0905138480205,852.865366833077,852.865366833077,852.865366833077,0,0,0,0,0,0,0,0,0,0,0,0,0,0,0,0,0,0,0,0,0,0,0,0,0,0,0,0,0,0,0,0,0,0,0,0,0,0,0,96.97971907536846,96.97971907536846,96.97971907536846,0,0,0,0,0,0,806.0626646845129,806.0626646845129,806.0626646845129,-50.17701692680447,-50.17701692680447,-50.17701692680447,0,0,0,1274.0605996981117,4163.456963599385,1881.0905138480205,1881.0905138480205,2733.9558806810974
2022-05-20T00:00:00Z,1881.826422143003,995.7774890226672,995.7774890226672,995.7774890226672,0,0,0,0,0,0,0,0,0,0,0,0,0,0,0,0,0,0,0,0,0,0,0,0,0,0,0,0,0,0,0,0,0,0,0,0,0,0,0,230.01158099576193,230.01158099576193,230.01158099576193,0,0,0,0,0,0,800.6017513988814,800.6017513988814,800.6017513988814,-34.835843371976175,-34.835843371976175,-34.835843371976175,0,0,0,1554.2721501239039,4420.6752007644245,1881.826422143003,1881.826422143003,2877.60391116567
2022-05-21T00:00:00Z,1882.5623304379856,-1063.283559167734,-1063.283559167734,-1063.283559167734,0,0,0,0,0,0,0,0,0,0,0,0,0,0,0,0,0,0,0,0,0,0,0,0,0,0,0,0,0,0,0,0,0,0,0,0,0,0,0,434.49818074449223,434.49818074449223,434.49818074449223,0,0,0,0,0,0,-1478.1331127824678,-1478.1331127824678,-1478.1331127824678,-19.648627129758097,-19.648627129758097,-19.648627129758097,0,0,0,-629.0584301637022,2231.7421390058726,1882.5623304379856,1882.5623304379856,819.2787712702516
2022-05-22T00:00:00Z,1883.2982387329682,-1456.0487544155287,-1456.0487544155287,-1456.0487544155287,0,0,0,0,0,0,0,0,0,0,0,0,0,0,0,0,0,0,0,0,0,0,0,0,0,0,0,0,0,0,0,0,0,0,0,0,0,0,0,609.5885271515415,609.5885271515415,609.5885271515415,0,0,0,0,0,0,-2060.641727080589,-2060.641727080589,-2060.641727080589,-4.995554486481331,-4.995554486481331,-4.995554486481331,0,0,0,-1012.4289485608687,1890.7603628861243,1883.2982387329682,1883.2982387329682,427.2494843174395
2022-05-23T00:00:00Z,1884.0341470279507,1100.1903920362636,1100.1903920362636,1100.1903920362636,0,0,0,0,0,0,0,0,0,0,0,0,0,0,0,0,0,0,0,0,0,0,0,0,0,0,0,0,0,0,0,0,0,0,0,0,0,0,0,693.2776891551258,693.2776891551258,693.2776891551258,0,0,0,0,0,0,398.150498977724,398.150498977724,398.150498977724,8.762203903413885,8.762203903413885,8.762203903413885,0,0,0,1608.0416981677508,4482.203533773559,1884.0341470279507,1884.0341470279507,2984.2245390642142
2022-05-24T00:00:00Z,1884.7700553229333,1488.762465765743,1488.762465765743,1488.762465765743,0,0,0,0,0,0,0,0,0,0,0,0,0,0,0,0,0,0,0,0,0,0,0,0,0,0,0,0,0,0,0,0,0,0,0,0,0,0,0,734.3671013735018,734.3671013735018,734.3671013735018,0,0,0,0,0,0,733.1039213656203,733.1039213656203,733.1039213656203,21.291443026620726,21.291443026620726,21.291443026620726,0,0,0,1803.357327946289,4798.650180363673,1884.7700553229333,1884.7700553229333,3373.5325210886763
2022-05-25T00:00:00Z,1885.5059636179158,1678.0543256759497,1678.0543256759497,1678.0543256759497,0,0,0,0,0,0,0,0,0,0,0,0,0,0,0,0,0,0,0,0,0,0,0,0,0,0,0,0,0,0,0,0,0,0,0,0,0,0,0,844.9034780609688,844.9034780609688,844.9034780609688,0,0,0,0,0,0,800.8560034331626,800.8560034331626,800.8560034331626,32.294844181818156,32.294844181818156,32.294844181818156,0,0,0,2079.1052912353034,4963.050031758407,1885.5059636179158,1885.5059636179158,3563.5602892938655
2022-05-26T00:00:00Z,1886.2418719128984,1914.948958003075,1914.948958003075,1914.948958003075,0,0,0,0,0,0,0,0,0,0,0,0,0,0,0,0,0,0,0,0,0,0,0,0,0,0,0,0,0,0,0,0,0,0,0,0,0,0,0,1067.3686221243213,1067.3686221243213,1067.3686221243213,0,0,0,0,0,0,806.0626646826685,806.0626646826685,806.0626646826685,41.51767119608518,41.51767119608518,41.51767119608518,0,0,0,2279.3474404164876,5312.309265929969,1886.2418719128984,1886.2418719128984,3801.190829915973
2022-05-27T00:00:00Z,1886.977780207881,3336.9995289594904,3336.9995289594904,3336.9995289594904,0,0,0,0,0,0,1201.4993759236843,1201.4993759236843,1201.4993759236843,0,0,0,0,0,0,0,0,0,1201.4993759236843,1201.4993759236843,1201.4993759236843,0,0,0,0,0,0,0,0,0,0,0,0,0,0,0,0,0,0,1286.1453123977085,1286.1453123977085,1286.1453123977085,0,0,0,0,0,0,800.6017513972823,800.6017513972823,800.6017513972823,48.753089240816074,48.753089240816074,48.753089240816074,0,0,0,3788.7291052771207,6649.9978740623665,1886.977780207881,1886.977780207881,5223.9773091673715
2022-05-28T00:00:00Z,1887.7136885028635,1062.9167718615563,1062.9167718615563,1062.9167718615563,0,0,0,0,0,0,1201.4993759236843,1201.4993759236843,1201.4993759236843,0,0,0,0,0,0,0,0,0,1201.4993759236843,1201.4993759236843,1201.4993759236843,0,0,0,0,0,0,0,0,0,0,0,0,0,0,0,0,0,0,1285.704509885198,1285.704509885198,1285.704509885198,0,0,0,0,0,0,-1478.1331127814137,-1478.1331127814137,-1478.1331127814137,53.84599883408808,53.84599883408808,53.84599883408808,0,0,0,1405.4264794493643,4337.476100491697,1887.7136885028635,1887.7136885028635,2950.63046036442
2022-05-29T00:00:00Z,1888.449596797846,122.39334024593117,122.39334024593117,122.39334024593117,0,0,0,0,0,0,1201.4993759236843,1201.4993759236843,1201.4993759236843,0,0,0,0,0,0,0,0,0,1201.4993759236843,1201.4993759236843,1201.4993759236843,0,0,0,0,0,0,0,0,0,0,0,0,0,0,0,0,0,0,924.8403663619595,924.8403663619595,924.8403663619595,0,0,0,0,0,0,-2060.641727083564,-2060.641727083564,-2060.641727083564,56.695325043851824,56.695325043851824,56.695325043851824,0,0,0,556.431319988713,3430.6087921156422,1888.449596797846,1888.449596797846,2010.842937043777
2022-05-30T00:00:00Z,1889.1855050928286,4449.998080169457,4449.998080169457,4449.998080169457,0,0,0,0,0,0,3715.290483842817,3715.290483842817,3715.290483842817,0,0,0,2513.791107919133,2513.791107919133,2513.791107919133,0,0,0,1201.4993759236843,1201.4993759236843,1201.4993759236843,0,0,0,0,0,0,0,0,0,0,0,0,0,0,0,0,0,0,279.302347624845,279.302347624845,279.302347624845,0,0,0,0,0,0,398.15049898064933,398.15049898064933,398.15049898064933,57.25474972114515,57.25474972114515,57.25474972114515,0,0,0,4749.366476808131,7703.0569441405505,1889.1855050928286,1889.1855050928286,6339.183585262286
2022-05-31T00:00:00Z,1889.9214133606297,6628.352890012128,6628.352890012128,6628.352890012128,0,0,0,0,0,0,6221.093231655167,6221.093231655167,6221.093231655167,0,0,0,0,0,0,5019.593855731483,5019.593855731483,5019.593855731483,1201.4993759236843,1201.4993759236843,1201.4993759236843,0,0,0,0,0,0,0,0,0,0,0,0,0,0,0,0,0,0,-381.37618433372626,-381.37618433372626,-381.37618433372626,0,0,0,0,0,0,733.1039213656488,733.1039213656488,733.1039213656488,55.53192132503811,55.53192132503811,55.53192132503811,0,0,0,7095.22169485423,9988.85888913003,1889.9214133606297,1889.9214133606297,8518.274303372758
2022-06-01T00:00:00Z,1890.657321628431,-540.3294945803093,-540.3294945803093,-540.3294945803093,0,0,0,0,0,0,-615.221000053812,-615.221000053812,-615.221000053812,0,0,0,0,0,0,0,0,0,0,0,0,0,0,0,-615.221000053812,-615.221000053812,-615.221000053812,0,0,0,0,0,0,0,0,0,0,0,0,-777.5507191050284,-777.5507191050284,-777.5507191050284,0,0,0,0,0,0,800.8560034335417,800.8560034335417,800.8560034335417,51.586221144989274,51.586221144989274,51.586221144989274,0,0,0,-172.10006227590637,2751.0070750051295,1890.657321628431,1890.657321628431,1350.3278270481217
2022-06-02T00:00:00Z,1891.393229896232,-717.683940416427,-717.683940416427,-717.683940416427,0,0,0,0,0,0,-752.8897151972958,-752.8897151972958,-752.8897151972958,0,0,0,0,0,0,0,0,0,0,0,0,-752.8897151972958,-752.8897151972958,-752.8897151972958,0,0,0,0,0,0,0,0,0,0,0,0,0,0,0,-816.3820950878024,-816.3820950878024,-816.3820950878024,0,0,0,0,0,0,806.0626646834642,806.0626646834642,806.0626646834642,45.52520518520678,45.52520518520678,45.52520518520678,0,0,0,-308.8546759205928,2733.7369934388603,1891.393229896232,1891.393229896232,1173.709289479805
2022-06-03T00:00:00Z,1892.129138164033,-443.24473558348836,-443.24473558348836,-443.24473558348836,0,0,0,0,0,0,-641.1967284672644,-641.1967284672644,-641.1967284672644,0,0,0,0,0,0,0,0,0,0,0,0,0,0,0,0,0,0,-641.1967284672644,-641.1967284672644,-641.1967284672644,0,0,0,0,0,0,0,0,0,-640.149635029742,-640.149635029742,-640.149635029742,0,0,0,0,0,0,800.6017514040059,800.6017514040059,800.6017514040059,37.49987650951188,37.49987650951188,37.49987650951188,0,0,0,-23.94797436194398,2801.175563600081,1892.129138164033,1892.129138164033,1448.8844025805447
2022-06-04T00:00:00Z,1892.8650464318341,-2583.4033190622004,-2583.4033190622004,-2583.4033190622004,0,0,0,0,0,0,-641.1967284672644,-641.1967284672644,-641.1967284672644,0,0,0,0,0,0,0,0,0,0,0,0,0,0,0,0,0,0,-641.1967284672644,-641.1967284672644,-641.1967284672644,0,0,0,0,0,0,0,0,0,-491.77245029708024,-491.77245029708024,-491.77245029708024,0,0,0,0,0,0,-1478.13311278447,-1478.13311278447,-1478.13311278447,27.698972486613684,27.698972486613684,27.698972486613684,0,0,0,-2073.6386392903914,867.9401978066704,1892.8650464318341,1892.8650464318341,-690.5382726303662
2022-06-05T00:00:00Z,1893.6009546996354,-3203.9630410398822,-3203.9630410398822,-3203.9630410398822,0,0,0,0,0,0,-641.1967284672644,-641.1967284672644,-641.1967284672644,0,0,0,0,0,0,0,0,0,0,0,0,0,0,0,0,0,0,-641.1967284672644,-641.1967284672644,-641.1967284672644,0,0,0,0,0,0,0,0,0,-518.4670598628015,-518.4670598628015,-518.4670598628015,0,0,0,0,0,0,-2060.641727083005,-2060.641727083005,-2060.641727083005,16.34247437318865,16.34247437318865,16.34247437318865,0,0,0,-2754.279345869378,139.16890505529196,1893.6009546996354,1893.6009546996354,-1310.3620863402468
2022-06-06T00:00:00Z,1894.3368629674364,-2601.4149273746007,-2601.4149273746007,-2601.4149273746007,0,0,0,0,0,0,-641.1967284672644,-641.1967284672644,-641.1967284672644,-1683.3583639625576,-1683.3583639625576,-1683.3583639625576,0,0,0,0,0,0,0,0,0,0,0,0,0,0,0,-641.1967284672644,-641.1967284672644,-641.1967284672644,0,0,0,0,0,0,-1683.3583639625576,-1683.3583639625576,-1683.3583639625576,-678.6848964191623,-678.6848964191623,-678.6848964191623,0,0,0,0,0,0,398.1504989812286,398.1504989812286,398.1504989812286,3.674562493154864,3.674562493154864,3.674562493154864,0,0,0,-2110.7356257160604,624.763127048619,1894.3368629674364,1894.3368629674364,-707.0780644071642
2022-06-07T00:00:00Z,1895.0727712352375,-734.1723964379661,-734.1723964379661,-734.1723964379661,0,0,0,0,0,0,-641.1967284672644,-641.1967284672644,-641.1967284672644,0,0,0,0,0,0,0,0,0,0,0,0,0,0,0,0,0,0,-641.1967284672644,-641.1967284672644,-641.1967284672644,0,0,0,0,0,0,0,0,0,-816.0358379698904,-816.0358379698904,-816.0358379698904,0,0,0,0,0,0,733.1039213653553,733.1039213653553,733.1039213653553,-10.04375136616653,-10.04375136616653,-10.04375136616653,0,0,0,-400.6494092870884,2592.9727567336113,1895.0727712352375,1895.0727712352375,1160.9003747972715
2022-06-08T00:00:00Z,1895.8086795030385,-38.48450425708958,-38.48450425708958,-38.48450425708958,0,0,0,0,0,0,0,0,0,0,0,0,0,0,0,0,0,0,0,0,0,0,0,0,0,0,0,0,0,0,0,0,0,0,0,0,0,0,0,-814.7984258130823,-814.7984258130823,-814.7984258130823,0,0,0,0,0,0,800.8560034327362,800.8560034327362,800.8560034327362,-24.54208187674334,-24.54208187674334,-24.54208187674334,0,0,0,412.57188653735926,3324.6762797062133,1895.8086795030385,1895.8086795030385,1857.324175245949
2022-06-09T00:00:00Z,1896.5445877708396,75.40730732326227,75.40730732326227,75.40730732326227,0,0,0,0,0,0,0,0,0,0,0,0,0,0,0,0,0,0,0,0,0,0,0,0,0,0,0,0,0,0,0,0,0,0,0,0,0,0,0,-691.1073649497208,-691.1073649497208,-691.1073649497208,0,0,0,0,0,0,806.0626646828703,806.0626646828703,806.0626646828703,-39.54799240988742,-39.54799240988742,-39.54799240988742,0,0,0,622.4279069297643,3457.31137645581,1896.5445877708396,1896.5445877708396,1971.951895094102
2022-06-10T00:00:00Z,1897.2804960386406,196.16208320788158,196.16208320788158,196.16208320788158,0,0,0,0,0,0,0,0,0,0,0,0,0,0,0,0,0,0,0,0,0,0,0,0,0,0,0,0,0,0,0,0,0,0,0,0,0,0,0,-549.6456992237339,-549.6456992237339,-549.6456992237339,0,0,0,0,0,0,800.6017514004948,800.6017514004948,800.6017514004948,-54.79396896887931,-54.79396896887931,-54.79396896887931,0,0,0,645.6407947296703,3509.6546952336466,1897.2804960386406,1897.2804960386406,2093.442579246522
2022-06-11T00:00:00Z,1898.016404306442,-2015.2788135854698,-2015.2788135854698,-2015.2788135854698,0,0,0,0,0,0,0,0,0,0,0,0,0,0,0,0,0,0,0,0,0,0,0,0,0,0,0,0,0,0,0,0,0,0,0,0,0,0,0,-467.121847974676,-467.121847974676,-467.121847974676,0,0,0,0,0,0,-1478.1331127875264,-1478.1331127875264,-1478.1331127875264,-70.0238528232672,-70.0238528232672,-70.0238528232672,0,0,0,-1556.3783615164896,1399.6796217941287,1898.016404306442,1898.016404306442,-117.2624092790279
2022-06-12T00:00:00Z,1898.752312574243,-2569.9510924900983,-2569.9510924900983,-2569.9510924900983,0,0,0,0,0,0,0,0,0,0,0,0,0,0,0,0,0,0,0,0,0,0,0,0,0,0,0,0,0,0,0,0,0,0,0,0,0,0,0,-424.3108014560476,-424.3108014560476,-424.3108014560476,0,0,0,0,0,0,-2060.6417270824454,-2060.6417270824454,-2060.6417270824454,-84.99856395160516,-84.99856395160516,-84.99856395160516,0,0,0,-2069.303845025863,938.635983691156,1898.752312574243,1898.752312574243,-671.1987799158553
2022-06-13T00:00:00Z,1899.488220842044,-48.305774690794955,-48.305774690794955,-48.305774690794955,0,0,0,0,0,0,0,0,0,0,0,0,0,0,0,0,0,0,0,0,0,0,0,0,0,0,0,0,0,0,0,0,0,0,0,0,0,0,0,-346.9552966917603,-346.9552966917603,-346.9552966917603,0,0,0,0,0,0,398.15049898298093,398.15049898298093,398.15049898298093,-99.5009769820155,-99.5009769820155,-99.5009769820155,0,0,0,416.7215027519086,3356.2816565859216,1899.488220842044,1899.488220842044,1851.182446151249
2022-06-14T00:00:00Z,1900.224129109845,418.5117650355476,418.5117650355476,418.5117650355476,0,0,0,0,0,0,0,0,0,0,0,0,0,0,0,0,0,0,0,0,0,0,0,0,0,0,0,0,0,0,0,0,0,0,0,0,0,0,0,-201.2523120295483,-201.2523120295483,-201.2523120295483,0,0,0,0,0,0,733.103921366275,733.103921366275,733.103921366275,-113.33984430117899,-113.33984430117899,-113.33984430117899,0,0,0,853.4633248438656,3822.1054011850883,1900.224129109845,1900.224129109845,2318.7358941453926
2022-06-15T00:00:00Z,1900.9600373776464,636.4098969338321,636.4098969338321,636.4098969338321,0,0,0,0,0,0,0,0,0,0,0,0,0,0,0,0,0,0,0,0,0,0,0,0,0,0,0,0,0,0,0,0,0,0,0,0,0,0,0,-38.093410294996985,-38.093410294996985,-38.093410294996985,0,0,0,0,0,0,800.856003433115,800.856003433115,800.856003433115,-126.35269620428606,-126.35269620428606,-126.35269620428606,0,0,0,1133.7909890407618,4064.1711560612325,1900.9600373776464,1900.9600373776464,2537.3699343114786
2022-06-16T00:00:00Z,1901.6959456454474,728.0937164977435,728.0937164977435,728.0937164977435,0,0,0,0,0,0,0,0,0,0,0,0,0,0,0,0,0,0,0,0,0,0,0,0,0,0,0,0,0,0,0,0,0,0,0,0,0,0,0,60.43873599145594,60.43873599145594,60.43873599145594,0,0,0,0,0,0,806.0626646850558,806.0626646850558,806.0626646850558,-138.40768417876814,-138.40768417876814,-138.40768417876814,0,0,0,1162.245415359002,4080.2608028471204,1901.6959456454474,1901.6959456454474,2629.789662143191
2022-06-17T00:00:00Z,1902.4318539132485,724.6494603109647,724.6494603109647,724.6494603109647,0,0,0,0,0,0,0,0,0,0,0,0,0,0,0,0,0,0,0,0,0,0,0,0,0,0,0,0,0,0,0,0,0,0,0,0,0,0,0,73.4520783206618,73.4520783206618,73.4520783206618,0,0,0,0,0,0,800.6017514008071,800.6017514008071,800.6017514008071,-149.40436941050416,-149.40436941050416,-149.40436941050416,0,0,0,1111.6084882541556,4099.443309606909,1902.4318539132485,1902.4318539132485,2627.081314224213
2022-06-18T00:00:00Z,1903.1677621810497,-1565.682470500455,-1565.682470500455,-1565.682470500455,0,0,0,0,0,0,0,0,0,0,0,0,0,0,0,0,0,0,0,0,0,0,0,0,0,0,0,0,0,0,0,0,0,0,0,0,0,0,0,71.7241355044812,71.7241355044812,71.7241355044812,0,0,0,0,0,0,-1478.1331127864723,-1478.1331127864723,-1478.1331127864723,-159.27349321846395,-159.27349321846395,-159.27349321846395,0,0,0,-1101.0283517808177,1842.130530895514,1903.1677621810497,1903.1677621810497,337.4852916805946
2022-06-19T00:00:00Z,1903.9036704488508,-2078.619707500694,-2078.619707500694,-2078.619707500694,0,0,0,0,0,0,0,0,0,0,0,0,0,0,0,0,0,0,0,0,0,0,0,0,0,0,0,0,0,0,0,0,0,0,0,0,0,0,0,149.9978178163976,149.9978178163976,149.9978178163976,0,0,0,0,0,0,-2060.641727087212,-2060.641727087212,-2060.641727087212,-167.97579822987905,-167.97579822987905,-167.97579822987905,0,0,0,-1605.4975899111519,1305.3190242791864,1903.9036704488508,1903.9036704488508,-174.71603705184316
2022-06-20T00:00:00Z,1904.6395787166518,551.7890368364903,551.7890368364903,551.7890368364903,0,0,0,0,0,0,0,0,0,0,0,0,0,0,0,0,0,0,0,0,0,0,0,0,0,0,0,0,0,0,0,0,0,0,0,0,0,0,0,329.1385355697065,329.1385355697065,329.1385355697065,0,0,0,0,0,0,398.1504989835601,398.1504989835601,398.1504989835601,-175.49999771677648,-175.49999771677648,-175.49999771677648,0,0,0,959.3497423066884,3830.3064169858912,1904.6395787166518,1904.6395787166518,2456.428615553142
2022-06-21T00:00:00Z,1905.3754869844531,1083.0671809459955,1083.0671809459955,1083.0671809459955,0,0,0,0,0,0,0,0,0,0,0,0,0,0,0,0,0,0,0,0,0,0,0,0,0,0,0,0,0,0,0,0,0,0,0,0,0,0,0,531.8232743503241,531.8232743503241,531.8232743503241,0,0,0,0,0,0,733.1039213659811,733.1039213659811,733.1039213659811,-181.86001477031007,-181.86001477031007,-181.86001477031007,0,0,0,1524.4325998803733,4428.118783328926,1905.3754869844531,1905.3754869844531,2988.442667930449
2022-06-22T00:00:00Z,1906.1113952522542,1276.259434783406,1276.259434783406,1276.259434783406,0,0,0,0,0,0,0,0,0,0,0,0,0,0,0,0,0,0,0,0,0,0,0,0,0,0,0,0,0,0,0,0,0,0,0,0,0,0,0,662.4950635318199,662.4950635318199,662.4950635318199,0,0,0,0,0,0,800.8560034339259,800.8560034339259,800.8560034339259,-187.0916321823398,-187.0916321823398,-187.0916321823398,0,0,0,1670.7478755049083,4587.431012466085,1906.1113952522542,1906.1113952522542,3182.37083003566
2022-06-23T00:00:00Z,1906.8473035200552,1327.0340157598016,1327.0340157598016,1327.0340157598016,0,0,0,0,0,0,0,0,0,0,0,0,0,0,0,0,0,0,0,0,0,0,0,0,0,0,0,0,0,0,0,0,0,0,0,0,0,0,0,712.2200586274346,712.2200586274346,712.2200586274346,0,0,0,0,0,0,806.0626646844618,806.0626646844618,806.0626646844618,-191.2487075520947,-191.2487075520947,-191.2487075520947,0,0,0,1785.075841239539,4588.133264473999,1906.8473035200552,1906.8473035200552,3233.881319279857
2022-06-24T00:00:00Z,1907.5832117878563,1381.2611906599093,1381.2611906599093,1381.2611906599093,0,0,0,0,0,0,0,0,0,0,0,0,0,0,0,0,0,0,0,0,0,0,0,0,0,0,0,0,0,0,0,0,0,0,0,0,0,0,0,775.0585551647009,775.0585551647009,775.0585551647009,0,0,0,0,0,0,800.6017513992078,800.6017513992078,800.6017513992078,-194.39911590399964,-194.39911590399964,-194.39911590399964,0,0,0,1924.9599632794316,4811.395465920056,1907.5832117878563,1907.5832117878563,3288.844402447766
2022-06-25T00:00:00Z,1908.3191200556575,-729.2176905023717,-729.2176905023717,-729.2176905023717,0,0,0,0,0,0,0,0,0,0,0,0,0,0,0,0,0,0,0,0,0,0,0,0,0,0,0,0,0,0,0,0,0,0,0,0,0,0,0,945.5360061919888,945.5360061919888,945.5360061919888,0,0,0,0,0,0,-1478.1331127814385,-1478.1331127814385,-1478.1331127814385,-196.62058391292211,-196.62058391292211,-196.62058391292211,0,0,0,-268.85011441207007,2626.663534216238,1908.3191200556575,1908.3191200556575,1179.101429553286
2022-06-26T00:00:00Z,1909.0550283234586,132.9711497802589,132.9711497802589,132.9711497802589,0,0,0,0,0,0,1201.4993759236843,1201.4993759236843,1201.4993759236843,0,0,0,0,0,0,0,0,0,1201.4993759236843,1201.4993759236843,1201.4993759236843,0,0,0,0,0,0,0,0,0,0,0,0,0,0,0,0,0,0,1190.1100767079206,1190.1100767079206,1190.1100767079206,0,0,0,0,0,0,-2060.6417270848615,-2060.6417270848615,-2060.6417270848615,-197.99657576648437,-197.99657576648437,-197.99657576648437,0,0,0,626.0190649233953,3376.355648155897,1909.0550283234586,1909.0550283234586,2042.0261781037175
2022-06-27T00:00:00Z,1909.7909365912597,2727.1863211844116,2727.1863211844116,2727.1863211844116,0,0,0,0,0,0,1201.4993759236843,1201.4993759236843,1201.4993759236843,0,0,0,0,0,0,0,0,0,1201.4993759236843,1201.4993759236843,1201.4993759236843,0,0,0,0,0,0,0,0,0,0,0,0,0,0,0,0,0,0,1326.148827348224,1326.148827348224,1326.148827348224,0,0,0,0,0,0,398.1504989864853,398.1504989864853,398.1504989864853,-198.6123810739819,-198.6123810739819,-198.6123810739819,0,0,0,3291.957936930301,6159.822514849811,1909.7909365912597,1909.7909365912597,4636.977257775671
2022-06-28T00:00:00Z,1910.5268448590607,2887.4417894918815,2887.4417894918815,2887.4417894918815,0,0,0,0,0,0,1201.4993759236843,1201.4993759236843,1201.4993759236843,0,0,0,0,0,0,0,0,0,1201.4993759236843,1201.4993759236843,1201.4993759236843,0,0,0,0,0,0,0,0,0,0,0,0,0,0,0,0,0,0,1151.3900327232104,1151.3900327232104,1151.3900327232104,0,0,0,0,0,0,733.1039213660097,733.1039213660097,733.1039213660097,-198.55154052102296,-198.55154052102296,-198.55154052102296,0,0,0,3389.9443020685567,6299.157411146835,1910.5268448590607,1910.5268448590607,4797.968634350942
2022-06-29T00:00:00Z,1911.2627531268618,4941.982892531182,4941.982892531182,4941.982892531182,0,0,0,0,0,0,3715.290483842817,3715.290483842817,3715.290483842817,0,0,0,2513.791107919133,2513.791107919133,2513.791107919133,0,0,0,1201.4993759236843,1201.4993759236843,1201.4993759236843,0,0,0,0,0,0,0,0,0,0,0,0,0,0,0,0,0,0,623.7291310994649,623.7291310994649,623.7291310994649,0,0,0,0,0,0,800.8560034331205,800.8560034331205,800.8560034331205,-197.8927258442209,-197.8927258442209,-197.8927258442209,0,0,0,5438.3877366839715,8305.274209296662,1911.2627531268618,1911.2627531268618,6853.245645658044
2022-06-30T00:00:00Z,1911.998661394663,6761.349880701985,6761.349880701985,6761.349880701985,0,0,0,0,0,0,6221.093231655167,6221.093231655167,6221.093231655167,0,0,0,0,0,0,5019.593855731483,5019.593855731483,5019.593855731483,1201.4993759236843,1201.4993759236843,1201.4993759236843,0,0,0,0,0,0,0,0,0,0,0,0,0,0,0,0,0,0,-69.09884770152007,-69.09884770152007,-69.09884770152007,0,0,0,0,0,0,806.0626646826173,806.0626646826173,806.0626646826173,-196.70716793428008,-196.70716793428008,-196.70716793428008,0,0,0,7172.342671066646,10155.375148519464,1911.998661394663,1911.998661394663,8673.348542096648
2022-07-01T00:00:00Z,1912.734569662464,-633.9480022978458,-633.9480022978458,-633.9480022978458,0,0,0,0,0,0,-615.221000053812,-615.221000053812,-615.221000053812,0,0,0,0,0,0,0,0,0,0,0,0,0,0,0,-615.221000053812,-615.221000053812,-615.221000053812,0,0,0,0,0,0,0,0,0,0,0,0,-624.2720522549779,-624.2720522549779,-624.2720522549779,0,0,0,0,0,0,800.6017513976087,800.6017513976087,800.6017513976087,-195.05670138666494,-195.05670138666494,-195.05670138666494,0,0,0,-194.23939973922612,2757.94165256029,1912.734569662464,1912.734569662464,1278.7865673646183
2022-07-02T00:00:00Z,1913.4704779302651,-3261.421857978305,-3261.421857978305,-3261.421857978305,0,0,0,0,0,0,-752.8897151972958,-752.8897151972958,-752.8897151972958,0,0,0,0,0,0,0,0,0,0,0,0,-752.8897151972958,-752.8897151972958,-752.8897151972958,0,0,0,0,0,0,0,0,0,0,0,0,0,0,0,-837.406563415757,-837.406563415757,-837.406563415757,0,0,0,0,0,0,-1478.1331127824396,-1478.1331127824396,-1478.1331127824396,-192.99246658281243,-192.99246658281243,-192.99246658281243,0,0,0,-2789.1392416543786,31.298112701212613,1913.4704779302651,1913.4704779302651,-1347.95138004804
2022-07-03T00:00:00Z,1914.2063861980662,-3632.275378735269,-3632.275378735269,-3632.275378735269,0,0,0,0,0,0,-641.1967284672644,-641.1967284672644,-641.1967284672644,0,0,0,0,0,0,0,0,0,0,0,0,0,0,0,0,0,0,-641.1967284672644,-641.1967284672644,-641.1967284672644,0,0,0,0,0,0,0,0,0,-739.8826407434038,-739.8826407434038,-739.8826407434038,0,0,0,0,0,0,-2060.641727086094,-2060.641727086094,-2060.641727086094,-190.55428243850653,-190.55428243850653,-190.55428243850653,0,0,0,-3205.8254844035514,-262.6740133778256,1914.2063861980662,1914.2063861980662,-1718.0689925372028
2022-07-04T00:00:00Z,1914.9422944658672,-979.9317829834652,-979.9317829834652,-979.9317829834652,0,0,0,0,0,0,-641.1967284672644,-641.1967284672644,-641.1967284672644,0,0,0,0,0,0,0,0,0,0,0,0,0,0,0,0,0,0,-641.1967284672644,-641.1967284672644,-641.1967284672644,0,0,0,0,0,0,0,0,0,-549.1148781826932,-549.1148781826932,-549.1148781826932,0,0,0,0,0,0,398.15049898706474,398.15049898706474,398.15049898706474,-187.77067532057208,-187.77067532057208,-187.77067532057208,0,0,0,-415.8091045723175,2416.4695393918814,1914.9422944658672,1914.9422944658672,935.0105114824021
2022-07-05T00:00:00Z,1915.6782027336685,-574.2802443191724,-574.2802443191724,-574.2802443191724,0,0,0,0,0,0,-641.1967284672644,-641.1967284672644,-641.1967284672644,0,0,0,0,0,0,0,0,0,0,0,0,0,0,0,0,0,0,-641.1967284672644,-641.1967284672644,-641.1967284672644,0,0,0,0,0,0,0,0,0,-481.5279138751931,-481.5279138751931,-481.5279138751931,0,0,0,0,0,0,733.1039213653938,733.1039213653938,733.1039213653938,-184.65952334210886,-184.65952334210886,-184.65952334210886,0,0,0,-122.38264703872169,2800.392932390831,1915.6782027336685,1915.6782027336685,1341.397958414496
2022-07-06T00:00:00Z,1916.4141110014696,-612.3322271022411,-612.3322271022411,-612.3322271022411,0,0,0,0,0,0,-641.1967284672644,-641.1967284672644,-641.1967284672644,0,0,0,0,0,0,0,0,0,0,0,0,0,0,0,0,0,0,-641.1967284672644,-641.1967284672644,-641.1967284672644,0,0,0,0,0,0,0,0,0,-590.7622508510198,-590.7622508510198,-590.7622508510198,0,0,0,0,0,0,800.8560034334995,800.8560034334995,800.8560034334995,-181.2292512174565,-181.2292512174565,-181.2292512174565,0,0,0,-176.4154497176835,2789.0142118051663,1916.4141110014696,1916.4141110014696,1304.0818838992286
2022-07-07T00:00:00Z,1917.1500192692706,-772.7158567478707,-772.7158567478707,-772.7158567478707,0,0,0,0,0,0,-641.1967284672644,-641.1967284672644,-641.1967284672644,0,0,0,0,0,0,0,0,0,0,0,0,0,0,0,0,0,0,-641.1967284672644,-641.1967284672644,-641.1967284672644,0,0,0,0,0,0,0,0,0,-760.1013029937095,-760.1013029937095,-760.1013029937095,0,0,0,0,0,0,806.0626646820233,806.0626646820233,806.0626646820233,-177.48048996892032,-177.48048996892032,-177.48048996892032,0,0,0,-397.1402533575607,2578.8932746569294,1917.1500192692706,1917.1500192692706,1144.4341625214
2022-07-08T00:00:00Z,1917.8859275370717,-207.75830534749508,-207.75830534749508,-207.75830534749508,0,0,0,0,0,0,0,0,0,0,0,0,0,0,0,0,0,0,0,0,0,0,0,0,0,0,0,0,0,0,0,0,0,0,0,0,0,0,0,-834.951957998415,-834.951957998415,-834.951957998415,0,0,0,0,0,0,800.6017513960091,800.6017513960091,800.6017513960091,-173.40809874508977,-173.40809874508977,-173.40809874508977,0,0,0,241.00064393594033,3234.386582479176,1917.8859275370717,1917.8859275370717,1710.1276221895766
2022-07-09T00:00:00Z,1918.6218358048727,-2409.6197343794174,-2409.6197343794174,-2409.6197343794174,0,0,0,0,0,0,0,0,0,0,0,0,0,0,0,0,0,0,0,0,0,0,0,0,0,0,0,0,0,0,0,0,0,0,0,0,0,0,0,-762.4831881820418,-762.4831881820418,-762.4831881820418,0,0,0,0,0,0,-1478.1331127854955,-1478.1331127854955,-1478.1331127854955,-169.00343341187968,-169.00343341187968,-169.00343341187968,0,0,0,-1915.9398084306106,926.8252314093601,1918.6218358048727,1918.6218358048727,-490.9978985745447
2022-07-11T00:00:00Z,1920.0936523404753,-4005.479876929044,-4005.479876929044,-4005.479876929044,0,0,0,0,0,0,0,0,0,-3744.53500829065,-3744.53500829065,-3744.53500829065,0,0,0,0,0,0,0,0,0,0,0,0,0,0,0,0,0,0,0,0,0,0,0,0,0,0,0,-499.9358284130298,-499.9358284130298,-499.9358284130298,-3744.53500829065,-3744.53500829065,-3744.53500829065,0,0,0,398.15049898063717,398.15049898063717,398.15049898063717,-159.15953920600137,-159.15953920600137,-159.15953920600137,0,0,0,-3436.9850252983188,-661.4061428415682,1920.0936523404753,1920.0936523404753,-2085.386224588569
2022-07-12T00:00:00Z,1920.8295606082763,-761.5074485541588,-761.5074485541588,-761.5074485541588,0,0,0,0,0,0,0,0,0,-895.6830690368159,-895.6830690368159,-895.6830690368159,0,0,0,0,0,0,0,0,0,0,0,0,0,0,0,0,0,0,0,0,0,0,0,0,0,0,0,-445.22139793053617,-445.22139793053617,-445.22139793053617,-895.6830690368159,-895.6830690368159,-895.6830690368159,0,0,0,733.1039213654223,733.1039213654223,733.1039213654223,-153.7069029522295,-153.7069029522295,-153.7069029522295,0,0,0,-362.72511862154806,2692.6967530841403,1920.8295606082763,1920.8295606082763,1159.3221120541175
2022-07-13T00:00:00Z,1921.5654688760776,202.13021987170643,202.13021987170643,202.13021987170643,0,0,0,0,0,0,0,0,0,-56.81683948819163,-56.81683948819163,-56.81683948819163,0,0,0,0,0,0,0,0,0,0,0,0,0,0,0,0,0,0,0,0,0,0,0,0,0,0,0,-394.00947720247984,-394.00947720247984,-394.00947720247984,-56.81683948819163,-56.81683948819163,-56.81683948819163,0,0,0,800.8560034332864,800.8560034332864,800.8560034332864,-147.8994668709085,-147.8994668709085,-147.8994668709085,0,0,0,623.6464874922561,3556.0670320461536,1921.5654688760776,1921.5654688760776,2123.695688747784
2022-07-14T00:00:00Z,1922.3013771438787,-187.33886836101476,-187.33886836101476,-187.33886836101476,0,0,0,0,0,0,0,0,0,-570.3958176149324,-570.3958176149324,-570.3958176149324,0,0,0,0,0,0,0,0,0,0,0,0,0,0,0,0,0,0,0,0,0,0,0,0,0,0,0,-281.2605999042088,-281.2605999042088,-281.2605999042088,-570.3958176149324,-570.3958176149324,-570.3958176149324,0,0,0,806.0626646842088,806.0626646842088,806.0626646842088,-141.74511552608234,-141.74511552608234,-141.74511552608234,0,0,0,300.5948952827948,3303.3027817514153,1922.3013771438787,1922.3013771438787,1734.962508782864
2022-07-15T00:00:00Z,1923.0372854116797,-416.7121460537324,-416.7121460537324,-416.7121460537324,0,0,0,0,0,0,0,0,0,-965.7525411488599,-965.7525411488599,-965.7525411488599,0,0,0,0,0,0,0,0,0,0,0,0,0,0,0,0,0,0,0,0,0,0,0,0,0,0,0,-116.3011273920677,-116.3011273920677,-116.3011273920677,-965.7525411488599,-965.7525411488599,-965.7525411488599,0,0,0,800.601751396322,800.601751396322,800.601751396322,-135.26022890912665,-135.26022890912665,-135.26022890912665,0,0,0,87.32422564374525,3005.3724791469394,1923.0372854116797,1923.0372854116797,1506.3251393579474
2022-07-16T00:00:00Z,1923.7731936794808,-2178.149376985465,-2178.149376985465,-2178.149376985465,0,0,0,0,0,0,0,0,0,-594.4023591444623,-594.4023591444623,-594.4023591444623,0,0,0,0,0,0,0,0,0,0,0,0,0,0,0,0,0,0,0,0,0,0,0,0,0,0,0,22.85652588208037,22.85652588208037,22.85652588208037,-594.4023591444623,-594.4023591444623,-594.4023591444623,0,0,0,-1478.133112776352,-1478.133112776352,-1478.133112776352,-128.47043094673114,-128.47043094673114,-128.47043094673114,0,0,0,-1742.4127375047883,1240.9802075794537,1923.7731936794808,1923.7731936794808,-254.37618330598434
2022-07-17T00:00:00Z,1924.5091019472818,-2535.8351139437927,-2535.8351139437927,-2535.8351139437927,0,0,0,0,0,0,0,0,0,-428.76072283828734,-428.76072283828734,-428.76072283828734,0,0,0,0,0,0,0,0,0,0,0,0,0,0,0,0,0,0,0,0,0,0,0,0,0,0,0,74.97813015703652,74.97813015703652,74.97813015703652,-428.76072283828734,-428.76072283828734,-428.76072283828734,0,0,0,-2060.641727081392,-2060.641727081392,-2060.641727081392,-121.4107941811491,-121.4107941811491,-121.4107941811491,0,0,0,-2036.2832334199027,856.5050105984105,1924.5091019472818,1924.5091019472818,-611.3260119965109
2022-07-18T00:00:00Z,1925.2450102150829,71.32692024179104,71.32692024179104,71.32692024179104,0,0,0,0,0,0,0,0,0,-280.49194230438866,-280.49194230438866,-280.49194230438866,0,0,0,0,0,0,0,0,0,0,0,0,0,0,0,0,0,0,0,0,0,0,0,0,0,0,0,67.79384405151374,67.79384405151374,67.79384405151374,-280.49194230438866,-280.49194230438866,-280.49194230438866,0,0,0,398.1504989823893,398.1504989823893,398.1504989823893,-114.12548048772332,-114.12548048772332,-114.12548048772332,0,0,0,574.3059206924789,3438.847334000503,1925.2450102150829,1925.2450102150829,1996.5719304568738
2022-07-19T00:00:00Z,1925.980918482884,723.4168172583102,723.4168172583102,723.4168172583102,0,0,0,0,0,0,0,0,0,0,0,0,0,0,0,0,0,0,0,0,0,0,0,0,0,0,0,0,0,0,0,0,0,0,0,0,0,0,0,96.97971907444311,96.97971907444311,96.97971907444311,0,0,0,0,0,0,733.1039213663422,733.1039213663422,733.1039213663422,-106.666823182475,-106.666823182475,-106.666823182475,0,0,0,1174.8943642214024,3980.8200416170585,1925.980918482884,1925.980918482884,2649.397735741194
2022-07-20T00:00:00Z,1926.7168263378449,931.7737030924915,931.7737030924915,931.7737030924915,0,0,0,0,0,0,0,0,0,0,0,0,0,0,0,0,0,0,0,0,0,0,0,0,0,0,0,0,0,0,0,0,0,0,0,0,0,0,0,230.0115809955962,230.0115809955962,230.0115809955962,0,0,0,0,0,0,800.8560034330727,800.8560034330727,800.8560034330727,-99.0938813361776,-99.0938813361776,-99.0938813361776,0,0,0,1323.2723997547882,4249.662964736847,1926.7168263378449,1926.7168263378449,2858.490529430336
2022-07-21T00:00:00Z,1927.4527341928062,1149.0903238900692,1149.0903238900692,1149.0903238900692,0,0,0,0,0,0,0,0,0,0,0,0,0,0,0,0,0,0,0,0,0,0,0,0,0,0,0,0,0,0,0,0,0,0,0,0,0,0,0,434.49818074379516,434.49818074379516,434.49818074379516,0,0,0,0,0,0,806.0626646836147,806.0626646836147,806.0626646836147,-91.47052153734093,-91.47052153734093,-91.47052153734093,0,0,0,1556.4687275901235,4471.15447291085,1927.4527341928062,1927.4527341928062,3076.543058082875
2022-07-22T00:00:00Z,1928.1886420477672,1326.3271737360662,1326.3271737360662,1326.3271737360662,0,0,0,0,0,0,0,0,0,0,0,0,0,0,0,0,0,0,0,0,0,0,0,0,0,0,0,0,0,0,0,0,0,0,0,0,0,0,0,609.5885271515968,609.5885271515968,609.5885271515968,0,0,0,0,0,0,800.601751399222,800.601751399222,800.601751399222,-83.863104814753,-83.863104814753,-83.863104814753,0,0,0,1848.8155189201123,4763.696696396615,1928.1886420477672,1928.1886420477672,3254.515815783833
2022-07-23T00:00:00Z,1928.9245499027281,-861.193299644539,-861.193299644539,-861.193299644539,0,0,0,0,0,0,0,0,0,0,0,0,0,0,0,0,0,0,0,0,0,0,0,0,0,0,0,0,0,0,0,0,0,0,0,0,0,0,0,693.2776891552114,693.2776891552114,693.2776891552114,0,0,0,0,0,0,-1478.1331127794078,-1478.1331127794078,-1478.1331127794078,-76.33787602034239,-76.33787602034239,-76.33787602034239,0,0,0,-401.54531385579037,2624.118607818762,1928.9245499027281,1928.9245499027281,1067.731250258189
2022-07-24T00:00:00Z,1929.6604577576895,-1395.2327946347327,-1395.2327946347327,-1395.2327946347327,0,0,0,0,0,0,0,0,0,0,0,0,0,0,0,0,0,0,0,0,0,0,0,0,0,0,0,0,0,0,0,0,0,0,0,0,0,0,0,734.3671013736513,734.3671013736513,734.3671013736513,0,0,0,0,0,0,-2060.641727080834,-2060.641727080834,-2060.641727080834,-68.9581689275508,-68.9581689275508,-68.9581689275508,0,0,0,-953.4623187822813,1929.5323200817193,1929.6604577576895,1929.6604577576895,534.4276631229568
2022-07-25T00:00:00Z,1930.3963656126505,1181.2724251102054,1181.2724251102054,1181.2724251102054,0,0,0,0,0,0,0,0,0,0,0,0,0,0,0,0,0,0,0,0,0,0,0,0,0,0,0,0,0,0,0,0,0,0,0,0,0,0,0,844.9034780606893,844.9034780606893,844.9034780606893,0,0,0,0,0,0,398.15049898414173,398.15049898414173,398.15049898414173,-61.781551934625554,-61.781551934625554,-61.781551934625554,0,0,0,1595.2703230247253,4534.384278298941,1930.3963656126505,1930.3963656126505,3111.668790722856
2022-07-26T00:00:00Z,1931.1322734676114,1745.6154974128597,1745.6154974128597,1745.6154974128597,0,0,0,0,0,0,0,0,0,0,0,0,0,0,0,0,0,0,0,0,0,0,0,0,0,0,0,0,0,0,0,0,0,0,0,0,0,0,0,1067.3686221245366,1067.3686221245366,1067.3686221245366,0,0,0,0,0,0,733.1039213663707,733.1039213663707,733.1039213663707,-54.85704607804739,-54.85704607804739,-54.85704607804739,0,0,0,2284.087952300171,5224.965172152762,1931.1322734676114,1931.1322734676114,3676.747770880471
2022-07-27T00:00:00Z,1931.8681813225726,3240.278143033394,3240.278143033394,3240.278143033394,0,0,0,0,0,0,1201.4993759236843,1201.4993759236843,1201.4993759236843,0,0,0,0,0,0,0,0,0,1201.4993759236843,1201.4993759236843,1201.4993759236843,0,0,0,0,0,0,0,0,0,0,0,0,0,0,0,0,0,0,1286.1453123981441,1286.1453123981441,1286.1453123981441,0,0,0,0,0,0,800.8560034332917,800.8560034332917,800.8560034332917,-48.22254872172691,-48.22254872172691,-48.22254872172691,0,0,0,3706.7363039961297,6555.100912913415,1931.8681813225726,1931.8681813225726,5172.1463243559665
2022-07-28T00:00:00Z,1932.6040891775335,3251.363957876087,3251.363957876087,3251.363957876087,0,0,0,0,0,0,1201.4993759236843,1201.4993759236843,1201.4993759236843,0,0,0,0,0,0,0,0,0,1201.4993759236843,1201.4993759236843,1201.4993759236843,0,0,0,0,0,0,0,0,0,0,0,0,0,0,0,0,0,0,1285.7045098848146,1285.7045098848146,1285.7045098848146,0,0,0,0,0,0,806.0626646830209,806.0626646830209,806.0626646830209,-41.90259261543196,-41.90259261543196,-41.90259261543196,0,0,0,3724.3976487640684,6614.094382057545,1932.6040891775335,1932.6040891775335,5183.9680470536205
2022-07-29T00:00:00Z,1933.3399970324945,2891.0349326000537,2891.0349326000537,2891.0349326000537,0,0,0,0,0,0,1201.4993759236843,1201.4993759236843,1201.4993759236843,0,0,0,0,0,0,0,0,0,1201.4993759236843,1201.4993759236843,1201.4993759236843,0,0,0,0,0,0,0,0,0,0,0,0,0,0,0,0,0,0,924.8403663617881,924.8403663617881,924.8403663617881,0,0,0,0,0,0,800.6017513995345,800.6017513995345,800.6017513995345,-35.906561084953154,-35.906561084953154,-35.906561084953154,0,0,0,3365.608514137008,6308.814809351459,1933.3399970324945,1933.3399970324945,4824.374929632548
2022-07-30T00:00:00Z,1934.0759048874559,802.8738886178825,802.8738886178825,802.8738886178825,0,0,0,0,0,0,3715.290483842817,3715.290483842817,3715.290483842817,-1683.3583639625576,-1683.3583639625576,-1683.3583639625576,2513.791107919133,2513.791107919133,2513.791107919133,0,0,0,1201.4993759236843,1201.4993759236843,1201.4993759236843,0,0,0,0,0,0,0,0,0,0,0,0,0,0,0,-1683.3583639625576,-1683.3583639625576,-1683.3583639625576,279.3023476251172,279.3023476251172,279.3023476251172,0,0,0,0,0,0,-1478.133112780409,-1478.133112780409,-1478.133112780409,-30.227466107085004,-30.227466107085004,-30.227466107085004,0,0,0,1291.8397555614142,4119.455752212786,1934.0759048874559,1934.0759048874559,2736.949793505338
2022-07-31T00:00:00Z,1934.8118127424168,3754.2339428478867,3754.2339428478867,3754.2339428478867,0,0,0,0,0,0,6221.093231655167,6221.093231655167,6221.093231655167,0,0,0,0,0,0,5019.593855731483,5019.593855731483,5019.593855731483,1201.4993759236843,1201.4993759236843,1201.4993759236843,0,0,0,0,0,0,0,0,0,0,0,0,0,0,0,0,0,0,-381.37618433362763,-381.37618433362763,-381.37618433362763,0,0,0,0,0,0,-2060.641727080274,-2060.641727080274,-2060.641727080274,-24.84137739337902,-24.84137739337902,-24.84137739337902,0,0,0,4241.417428227008,7080.5507670897505,1934.8118127424168,1934.8118127424168,5689.045755590303
2022-08-01T00:00:00Z,1935.5477205973782,-1014.3287880906128,-1014.3287880906128,-1014.3287880906128,0,0,0,0,0,0,-615.221000053812,-615.221000053812,-615.221000053812,0,0,0,0,0,0,0,0,0,0,0,0,0,0,0,-615.221000053812,-615.221000053812,-615.221000053812,0,0,0,0,0,0,0,0,0,0,0,0,-777.5507191049946,-777.5507191049946,-777.5507191049946,0,0,0,0,0,0,398.1504989847208,398.1504989847208,398.1504989847208,-19.707567916527015,-19.707567916527015,-19.707567916527015,0,0,0,-500.56234633584955,2248.11297547717,1935.5477205973782,1935.5477205973782,921.2189325067654
2022-08-02T00:00:00Z,1936.2836284523391,-850.9373042354836,-850.9373042354836,-850.9373042354836,0,0,0,0,0,0,-752.8897151972958,-752.8897151972958,-752.8897151972958,0,0,0,0,0,0,0,0,0,0,0,0,-752.8897151972958,-752.8897151972958,-752.8897151972958,0,0,0,0,0,0,0,0,0,0,0,0,0,0,0,-816.3820950880511,-816.3820950880511,-816.3820950880511,0,0,0,0,0,0,733.1039213657549,733.1039213657549,733.1039213657549,-14.769415315891589,-14.769415315891589,-14.769415315891589,0,0,0,-357.0746044574103,2457.329507365154,1936.2836284523391,1936.2836284523391,1085.3463242168555
2022-08-03T00:00:00Z,1937.0195363073,-490.4464302665012,-490.4464302665012,-490.4464302665012,0,0,0,0,0,0,-641.1967284672644,-641.1967284672644,-641.1967284672644,0,0,0,0,0,0,0,0,0,0,0,0,0,0,0,0,0,0,-641.1967284672644,-641.1967284672644,-641.1967284672644,0,0,0,0,0,0,0,0,0,-640.1496350301534,-640.1496350301534,-640.1496350301534,0,0,0,0,0,0,800.8560034336709,800.8560034336709,800.8560034336709,-9.956070202754294,-9.956070202754294,-9.956070202754294,0,0,0,-34.288050353310986,2840.717198480186,1937.0195363073,1937.0195363073,1446.5731060407988
2022-08-04T00:00:00Z,1937.7554441622615,-332.0913865882367,-332.0913865882367,-332.0913865882367,0,0,0,0,0,0,-641.1967284672644,-641.1967284672644,-641.1967284672644,0,0,0,0,0,0,0,0,0,0,0,0,0,0,0,0,0,0,-641.1967284672644,-641.1967284672644,-641.1967284672644,0,0,0,0,0,0,0,0,0,-491.7724502973619,-491.7724502973619,-491.7724502973619,0,0,0,0,0,0,806.0626646852064,806.0626646852064,806.0626646852064,-5.184872508817028,-5.184872508817028,-5.184872508817028,0,0,0,167.74445577349354,3114.8576037826715,1937.7554441622615,1937.7554441622615,1605.6640575740248
2022-08-05T00:00:00Z,1938.4913520172224,-359.42650369596845,-359.42650369596845,-359.42650369596845,0,0,0,0,0,0,-641.1967284672644,-641.1967284672644,-641.1967284672644,0,0,0,0,0,0,0,0,0,0,0,0,0,0,0,0,0,0,-641.1967284672644,-641.1967284672644,-641.1967284672644,0,0,0,0,0,0,0,0,0,-518.467059863169,-518.467059863169,-518.467059863169,0,0,0,0,0,0,800.6017513979351,800.6017513979351,800.6017513979351,-0.36446676347044443,-0.36446676347044443,-0.36446676347044443,0,0,0,109.9556041819332,3132.4894639593463,1938.4913520172224,1938.4913520172224,1579.064848321254
2022-08-06T00:00:00Z,1939.2272598721834,-2793.413275282243,-2793.413275282243,-2793.413275282243,0,0,0,0,0,0,-641.1967284672644,-641.1967284672644,-641.1967284672644,0,0,0,0,0,0,0,0,0,0,0,0,0,0,0,0,0,0,-641.1967284672644,-641.1967284672644,-641.1967284672644,0,0,0,0,0,0,0,0,0,-678.6848964190693,-678.6848964190693,-678.6848964190693,0,0,0,0,0,0,-1478.13311278141,-1478.13311278141,-1478.13311278141,4.6014623855002315,4.6014623855002315,4.6014623855002315,0,0,0,-2328.2068519877344,566.335178228045,1939.2272598721834,1939.2272598721834,-854.1860154100596
2022-08-07T00:00:00Z,1939.9631677271448,-3508.064352645545,-3508.064352645545,-3508.064352645545,0,0,0,0,0,0,-641.1967284672644,-641.1967284672644,-641.1967284672644,0,0,0,0,0,0,0,0,0,0,0,0,0,0,0,0,0,0,-641.1967284672644,-641.1967284672644,-641.1967284672644,0,0,0,0,0,0,0,0,0,-816.0358379698014,-816.0358379698014,-816.0358379698014,0,0,0,0,0,0,-2060.6417270850407,-2060.6417270850407,-2060.6417270850407,9.809940876561033,9.809940876561033,9.809940876561033,0,0,0,-3019.742102170914,-0.9531905489851262,1939.9631677271448,1939.9631677271448,-1568.1011849184003
2022-08-08T00:00:00Z,1940.6990755821057,-401.29385324546644,-401.29385324546644,-401.29385324546644,0,0,0,0,0,0,0,0,0,0,0,0,0,0,0,0,0,0,0,0,0,0,0,0,0,0,0,0,0,0,0,0,0,0,0,0,0,0,0,-814.7984258137667,-814.7984258137667,-814.7984258137667,0,0,0,0,0,0,398.1504989876463,398.1504989876463,398.1504989876463,15.35407358065388,15.35407358065388,15.35407358065388,0,0,0,97.8842249333243,2924.2708586853582,1940.6990755821057,1940.6990755821057,1539.4052223366393
2022-08-09T00:00:00Z,1941.4349834370666,63.31473925732689,63.31473925732689,63.31473925732689,0,0,0,0,0,0,0,0,0,0,0,0,0,0,0,0,0,0,0,0,0,0,0,0,0,0,0,0,0,0,0,0,0,0,0,0,0,0,0,-691.1073649495105,-691.1073649495105,-691.1073649495105,0,0,0,0,0,0,733.1039213657834,733.1039213657834,733.1039213657834,21.31818284105411,21.31818284105411,21.31818284105411,0,0,0,628.745672726735,3453.5276501028843,1941.4349834370666,1941.4349834370666,2004.7497226943935
2022-08-10T00:00:00Z,1942.170891292028,278.98319042360765,278.98319042360765,278.98319042360765,0,0,0,0,0,0,0,0,0,0,0,0,0,0,0,0,0,0,0,0,0,0,0,0,0,0,0,0,0,0,0,0,0,0,0,0,0,0,0,-549.6456992235392,-549.6456992235392,-549.6456992235392,0,0,0,0,0,0,800.85600343286535,800.85600343286535,800.85600343286535,27.772886214281574,27.772886214281574,27.772886214281574,0,0,0,730.1463422877848,3717.9883839271047,1942.170891292028,1942.170891292028,2221.1540817156356
2022-08-11T00:00:00Z,1942.906799146989,373.71111017864854,373.71111017864854,373.71111017864854,0,0,0,0,0,0,0,0,0,0,0,0,0,0,0,0,0,0,0,0,0,0,0,0,0,0,0,0,0,0,0,0,0,0,0,0,0,0,0,-467.1218479745798,-467.1218479745798,-467.1218479745798,0,0,0,0,0,0,806.0626646846125,806.0626646846125,806.0626646846125,34.77029346861562,34.77029346861562,34.77029346861562,0,0,0,786.9970204322602,3825.0137845434183,1942.906799146989,1942.906799146989,2316.6179093256374
2022-08-12T00:00:00Z,1943.64270700195,418.6304579294205,418.6304579294205,418.6304579294205,0,0,0,0,0,0,0,0,0,0,0,0,0,0,0,0,0,0,0,0,0,0,0,0,0,0,0,0,0,0,0,0,0,0,0,0,0,0,0,-424.31080145578346,-424.31080145578346,-424.31080145578346,0,0,0,0,0,0,800.6017514046587,800.6017514046587,800.6017514046587,42.33950798054518,42.33950798054518,42.33950798054518,0,0,0,887.3693089841682,3854.9997028196835,1943.64270700195,1943.64270700195,2362.2731649313705
2022-08-13T00:00:00Z,1944.378614856911,-1774.6057930541442,-1774.6057930541442,-1774.6057930541442,0,0,0,0,0,0,0,0,0,0,0,0,0,0,0,0,0,0,0,0,0,0,0,0,0,0,0,0,0,0,0,0,0,0,0,0,0,0,0,-346.95529669170753,-346.95529669170753,-346.95529669170753,0,0,0,0,0,0,-1478.1331127824112,-1478.1331127824112,-1478.1331127824112,50.482616419974704,50.482616419974704,50.482616419974704,0,0,0,-1374.9449160493648,1698.9498046595513,1944.378614856911,1944.378614856911,169.77282180276688
2022-08-14T00:00:00Z,1945.114522711872,-2202.7226962425016,-2202.7226962425016,-2202.7226962425016,0,0,0,0,0,0,0,0,0,0,0,0,0,0,0,0,0,0,0,0,0,0,0,0,0,0,0,0,0,0,0,0,0,0,0,0,0,0,0,-201.25231202915677,-201.25231202915677,-201.25231202915677,0,0,0,0,0,0,-2060.6417270826896,-2060.6417270826896,-2060.6417270826896,59.17134286934526,59.17134286934526,59.17134286934526,0,0,0,-1667.9764414856354,1222.6005630194336,1945.114522711872,1945.114522711872,-257.60817353062953
2022-08-15T00:00:00Z,1945.850430566833,428.4016180297571,428.4016180297571,428.4016180297571,0,0,0,0,0,0,0,0,0,0,0,0,0,0,0,0,0,0,0,0,0,0,0,0,0,0,0,0,0,0,0,0,0,0,0,0,0,0,0,-38.09341029517638,-38.09341029517638,-38.09341029517638,0,0,0,0,0,0,398.15049898822554,398.15049898822554,398.15049898822554,68.34452933670804,68.34452933670804,68.34452933670804,0,0,0,961.5550857401922,3846.050554529824,1945.850430566833,1945.850430566833,2374.25204859659
2022-08-16T00:00:00Z,1946.5863384217944,871.4492416289673,871.4492416289673,871.4492416289673,0,0,0,0,0,0,0,0,0,0,0,0,0,0,0,0,0,0,0,0,0,0,0,0,0,0,0,0,0,0,0,0,0,0,0,0,0,0,0,60.43873599149215,60.43873599149215,60.43873599149215,0,0,0,0,0,0,733.1039213654898,733.1039213654898,733.1039213654898,77.9065842719854,77.9065842719854,77.9065842719854,0,0,0,1354.3852161975283,4216.150979975222,1946.5863384217944,1946.5863384217944,2818.035580050762
2022-08-17T00:00:00Z,1947.3222462767553,962.0350964148536,962.0350964148536,962.0350964148536,0,0,0,0,0,0,0,0,0,0,0,0,0,0,0,0,0,0,0,0,0,0,0,0,0,0,0,0,0,0,0,0,0,0,0,0,0,0,0,73.45207832035939,73.45207832035939,73.45207832035939,0,0,0,0,0,0,800.856003433244,800.856003433244,800.856003433244,87.72701466124987,87.72701466124987,87.72701466124987,0,0,0,1495.3220470551923,4431.269397619719,1947.3222462767553,1947.3222462767553,2909.357342691609
2022-08-18T00:00:00Z,1948.0581541317163,975.4279264426121,975.4279264426121,975.4279264426121,0,0,0,0,0,0,0,0,0,0,0,0,0,0,0,0,0,0,0,0,0,0,0,0,0,0,0,0,0,0,0,0,0,0,0,0,0,0,0,71.724135504446,71.724135504446,71.724135504446,0,0,0,0,0,0,806.062664682768,806.062664682768,806.062664682768,97.64112625539818,97.64112625539818,97.64112625539818,0,0,0,1548.2112025196247,4508.981523576164,1948.0581541317163,1948.0581541317163,2923.4860805743283
2022-08-19T00:00:00Z,1948.7940619866777,1058.051510580652,1058.051510580652,1058.051510580652,0,0,0,0,0,0,0,0,0,0,0,0,0,0,0,0,0,0,0,0,0,0,0,0,0,0,0,0,0,0,0,0,0,0,0,0,0,0,0,149.9978178166605,149.9978178166605,149.9978178166605,0,0,0,0,0,0,800.6017514011478,800.6017514011478,800.6017514011478,107.45194136284368,107.45194136284368,107.45194136284368,0,0,0,1634.7275243115428,4498.938455003656,1948.7940619866777,1948.7940619866777,3006.8455725673293
2022-08-20T00:00:00Z,1949.5299698416386,-1032.0612318000185,-1032.0612318000185,-1032.0612318000185,0,0,0,0,0,0,0,0,0,0,0,0,0,0,0,0,0,0,0,0,0,0,0,0,0,0,0,0,0,0,0,0,0,0,0,0,0,0,0,329.13853556952813,329.13853556952813,329.13853556952813,0,0,0,0,0,0,-1478.1331127854676,-1478.1331127854676,-1478.1331127854676,116.93334541592097,116.93334541592097,116.93334541592097,0,0,0,-567.4016538712392,2449.683522057377,1949.5299698416386,1949.5299698416386,917.4687380416201
2022-08-21T00:00:00Z,1950.2658776965995,-1402.984019318969,-1402.984019318969,-1402.984019318969,0,0,0,0,0,0,0,0,0,0,0,0,0,0,0,0,0,0,0,0,0,0,0,0,0,0,0,0,0,0,0,0,0,0,0,0,0,0,0,531.8232743503866,531.8232743503866,531.8232743503866,0,0,0,0,0,0,-2060.6417270839224,-2060.6417270839224,-2060.6417270839224,125.8344334145664,125.8344334145664,125.8344334145664,0,0,0,-882.2431800353608,2074.0196449814457,1950.2658776965995,1950.2658776965995,547.2818583776304
2022-08-22T00:00:00Z,1951.001785551561,1194.5305490754617,1194.5305490754617,1194.5305490754617,0,0,0,0,0,0,0,0,0,0,0,0,0,0,0,0,0,0,0,0,0,0,0,0,0,0,0,0,0,0,0,0,0,0,0,0,0,0,0,662.4950635318388,662.4950635318388,662.4950635318388,0,0,0,0,0,0,398.1504989806249,398.1504989806249,398.1504989806249,133.88498656299802,133.88498656299802,133.88498656299802,0,0,0,1693.2395346052356,4606.084187609289,1951.001785551561,1951.001785551561,3145.5323346270225
2022-08-23T00:00:00Z,1951.7376934065219,1586.1259493064856,1586.1259493064856,1586.1259493064856,0,0,0,0,0,0,0,0,0,0,0,0,0,0,0,0,0,0,0,0,0,0,0,0,0,0,0,0,0,0,0,0,0,0,0,0,0,0,0,712.2200586275668,712.2200586275668,712.2200586275668,0,0,0,0,0,0,733.1039213664094,733.1039213664094,733.1039213664094,140.80196931250936,140.80196931250936,140.80196931250936,0,0,0,2174.9692574148717,4913.194464593762,1951.7376934065219,1951.7376934065219,3537.8636427130077
2022-08-24T00:00:00Z,1952.4736012614833,1722.2114574921961,1722.2114574921961,1722.2114574921961,0,0,0,0,0,0,0,0,0,0,0,0,0,0,0,0,0,0,0,0,0,0,0,0,0,0,0,0,0,0,0,0,0,0,0,0,0,0,0,775.0585551653062,775.0585551653062,775.0585551653062,0,0,0,0,0,0,800.856003433031,800.856003433031,800.856003433031,146.2968988938589,146.2968988938589,146.2968988938589,0,0,0,2177.8908421660376,5130.853553667999,1952.4736012614833,1952.4736012614833,3674.685058753679
2022-08-25T00:00:00Z,1953.2095091164442,1901.6825754659455,1901.6825754659455,1901.6825754659455,0,0,0,0,0,0,0,0,0,0,0,0,0,0,0,0,0,0,0,0,0,0,0,0,0,0,0,0,0,0,0,0,0,0,0,0,0,0,0,945.5360061916842,945.5360061916842,945.5360061916842,0,0,0,0,0,0,806.0626646835638,806.0626646835638,806.0626646835638,150.08390459069733,150.08390459069733,150.08390459069733,0,0,0,2405.9644930263207,5439.501234973857,1953.2095091164442,1953.2095091164442,3854.8920845823895
2022-08-26T00:00:00Z,1953.9454169714052,2142.6000917981296,2142.6000917981296,2142.6000917981296,0,0,0,0,0,0,0,0,0,0,0,0,0,0,0,0,0,0,0,0,0,0,0,0,0,0,0,0,0,0,0,0,0,0,0,0,0,0,0,1190.1100767081741,1190.1100767081741,1190.1100767081741,0,0,0,0,0,0,800.6017514014601,800.6017514014601,800.6017514014601,151.8882636884949,151.8882636884949,151.8882636884949,0,0,0,2705.090801703249,5639.586118259431,1953.9454169714052,1953.9454169714052,4096.5455087695345
2022-08-27T00:00:00Z,1954.681324826366,1200.9702668384343,1200.9702668384343,1200.9702668384343,0,0,0,0,0,0,1201.4993759236843,1201.4993759236843,1201.4993759236843,0,0,0,0,0,0,0,0,0,1201.4993759236843,1201.4993759236843,1201.4993759236843,0,0,0,0,0,0,0,0,0,0,0,0,0,0,0,0,0,0,1326.148827348737,1326.148827348737,1326.148827348737,0,0,0,0,0,0,-1478.1331127844135,-1478.1331127844135,-1478.1331127844135,151.45517635042637,151.45517635042637,151.45517635042637,0,0,0,1706.6387289371623,4545.570725768127,1954.681324826366,1954.681324826366,3155.6515916648004
2022-08-28T00:00:00Z,1955.4172326813275,440.8062051544367,440.8062051544367,440.8062051544367,0,0,0,0,0,0,1201.4993759236843,1201.4993759236843,1201.4993759236843,0,0,0,0,0,0,0,0,0,1201.4993759236843,1201.4993759236843,1201.4993759236843,0,0,0,0,0,0,0,0,0,0,0,0,0,0,0,0,0,0,1151.3900327235185,1151.3900327235185,1151.3900327235185,0,0,0,0,0,0,-2060.6417270815714,-2060.6417270815714,-2060.6417270815714,148.55852358880554,148.55852358880554,148.55852358880554,0,0,0,986.140314390397,3890.441387584239,1955.4172326813275,1955.4172326813275,2396.2234378357643
2022-08-29T00:00:00Z,1956.1531405362884,2366.3883478057555,2366.3883478057555,2366.3883478057555,0,0,0,0,0,0,1201.4993759236843,1201.4993759236843,1201.4993759236843,0,0,0,0,0,0,0,0,0,1201.4993759236843,1201.4993759236843,1201.4993759236843,0,0,0,0,0,0,0,0,0,0,0,0,0,0,0,0,0,0,623.729131099163,623.729131099163,623.729131099163,0,0,0,0,0,0,398.1504989823769,398.1504989823769,398.1504989823769,143.00934180053153,143.00934180053153,143.00934180053153,0,0,0,2918.874835237172,5783.518939980893,1956.1531405362884,1956.1531405362884,4322.5414883420435
2022-08-30T00:00:00Z,1956.8890483912496,4513.959302091518,4513.959302091518,4513.959302091518,0,0,0,0,0,0,3715.290483842817,3715.290483842817,3715.290483842817,0,0,0,2513.791107919133,2513.791107919133,2513.791107919133,0,0,0,1201.4993759236843,1201.4993759236843,1201.4993759236843,0,0,0,0,0,0,0,0,0,0,0,0,0,0,0,0,0,0,-69.09884770139891,-69.09884770139891,-69.09884770139891,0,0,0,0,0,0,733.1039213661156,733.1039213661156,733.1039213661156,134.66374458398383,134.66374458398383,134.66374458398383,0,0,0,5065.5117762004,7883.613921973867,1956.8890483912496,1956.8890483912496,6470.848350482767
2022-08-31T00:00:00Z,1957.6249562462106,4837.748846953461,4837.748846953461,4837.748846953461,0,0,0,0,0,0,6221.093231655167,6221.093231655167,6221.093231655167,-1683.3583639625576,-1683.3583639625576,-1683.3583639625576,0,0,0,5019.593855731483,5019.593855731483,5019.593855731483,1201.4993759236843,1201.4993759236843,1201.4993759236843,0,0,0,0,0,0,0,0,0,0,0,0,0,0,0,-1683.3583639625576,-1683.3583639625576,-1683.3583639625576,-624.2720522549766,-624.2720522549766,-624.2720522549766,0,0,0,0,0,0,800.8560034334099,800.8560034334099,800.8560034334099,123.43002808241773,123.43002808241773,123.43002808241773,0,0,0,5345.1637672715415,8339.38980645318,1957.6249562462106,1957.6249562462106,6795.373803199672
2022-09-01T00:00:00Z,1958.3608641011715,-537.290188789468,-537.290188789468,-537.290188789468,0,0,0,0,0,0,-615.221000053812,-615.221000053812,-615.221000053812,0,0,0,0,0,0,0,0,0,0,0,0,0,0,0,-615.221000053812,-615.221000053812,-615.221000053812,0,0,0,0,0,0,0,0,0,0,0,0,-837.4065634153699,-837.4065634153699,-837.4065634153699,0,0,0,0,0,0,806.0626646843593,806.0626646843593,806.0626646843593,109.27470999535466,109.27470999535466,109.27470999535466,0,0,0,-142.97811999330426,2737.647284201027,1958.3608641011715,1958.3608641011715,1421.0706753117036
2022-09-02T00:00:00Z,1959.096771956133,-599.9433300735574,-599.9433300735574,-599.9433300735574,0,0,0,0,0,0,-752.8897151972958,-752.8897151972958,-752.8897151972958,0,0,0,0,0,0,0,0,0,0,0,0,-752.8897151972958,-752.8897151972958,-752.8897151972958,0,0,0,0,0,0,0,0,0,0,0,0,0,0,0,-739.882640743934,-739.882640743934,-739.882640743934,0,0,0,0,0,0,800.6017514017723,800.6017514017723,800.6017514017723,92.22727446589978,92.22727446589978,92.22727446589978,0,0,0,-56.17612430638313,2950.094693068214,1959.096771956133,1959.096771956133,1359.1534418825754
2022-09-03T00:00:00Z,1959.8326798110938,-2596.0612945634034,-2596.0612945634034,-2596.0612945634034,0,0,0,0,0,0,-641.1967284672644,-641.1967284672644,-641.1967284672644,0,0,0,0,0,0,0,0,0,0,0,0,0,0,0,0,0,0,-641.1967284672644,-641.1967284672644,-641.1967284672644,0,0,0,0,0,0,0,0,0,-549.1148781829282,-549.1148781829282,-549.1148781829282,0,0,0,0,0,0,-1478.1331127793794,-1478.1331127793794,-1478.1331127793794,72.3834248661692,72.3834248661692,72.3834248661692,0,0,0,-2106.9670560316094,853.8208899553703,1959.8326798110938,1959.8326798110938,-636.2286147523096
2022-09-04T00:00:00Z,1960.5685876660548,-3133.459686063382,-3133.459686063382,-3133.459686063382,0,0,0,0,0,0,-641.1967284672644,-641.1967284672644,-641.1967284672644,0,0,0,0,0,0,0,0,0,0,0,0,0,0,0,0,0,0,-641.1967284672644,-641.1967284672644,-641.1967284672644,0,0,0,0,0,0,0,0,0,-481.5279138754483,-481.5279138754483,-481.5279138754483,0,0,0,0,0,0,-2060.6417270810125,-2060.6417270810125,-2060.6417270810125,49.90668336034243,49.90668336034243,49.90668336034243,0,0,0,-2645.5995373043297,329.47025999018763,1960.5685876660548,1960.5685876660548,-1172.8910983973271
2022-09-05T00:00:00Z,1961.3044955210162,-808.7802612356331,-808.7802612356331,-808.7802612356331,0,0,0,0,0,0,-641.1967284672644,-641.1967284672644,-641.1967284672644,0,0,0,0,0,0,0,0,0,0,0,0,0,0,0,0,0,0,-641.1967284672644,-641.1967284672644,-641.1967284672644,0,0,0,0,0,0,0,0,0,-590.76225085155,-590.76225085155,-590.76225085155,0,0,0,0,0,0,398.1504989841293,398.1504989841293,398.1504989841293,25.02821909905207,25.02821909905207,25.02821909905207,0,0,0,-174.06433347283408,2577.4770317442867,1961.3044955210162,1961.3044955210162,1152.524234285383
2022-09-06T00:00:00Z,1962.0404033759771,-670.1492752472093,-670.1492752472093,-670.1492752472093,0,0,0,0,0,0,-641.1967284672644,-641.1967284672644,-641.1967284672644,0,0,0,0,0,0,0,0,0,0,0,0,0,0,0,0,0,0,-641.1967284672644,-641.1967284672644,-641.1967284672644,0,0,0,0,0,0,0,0,0,-760.1013029936838,-760.1013029936838,-760.1013029936838,0,0,0,0,0,0,733.1039213661444,733.1039213661444,733.1039213661444,-1.955165152405441,-1.955165152405441,-1.955165152405441,0,0,0,-136.61805568470945,2776.730790917204,1962.0404033759771,1962.0404033759771,1291.8911281287678
2022-09-07T00:00:00Z,1962.7763116846672,-705.9775895813409,-705.9775895813409,-705.9775895813409,0,0,0,0,0,0,-641.1967284672644,-641.1967284672644,-641.1967284672644,0,0,0,0,0,0,0,0,0,0,0,0,0,0,0,0,0,0,-641.1967284672644,-641.1967284672644,-641.1967284672644,0,0,0,0,0,0,0,0,0,-834.9519579985351,-834.9519579985351,-834.9519579985351,0,0,0,0,0,0,800.8560034326042,800.8560034326042,800.8560034326042,-30.68490654814567,-30.68490654814567,-30.68490654814567,0,0,0,-191.02798878179215,2714.7437955290093,1962.7763116846672,1962.7763116846672,1256.7987221033263
2022-09-08T00:00:00Z,1963.5122199933578,-17.166904175951665,-17.166904175951665,-17.166904175951665,0,0,0,0,0,0,0,0,0,0,0,0,0,0,0,0,0,0,0,0,0,0,0,0,0,0,0,0,0,0,0,0,0,0,0,0,0,0,0,-762.4831881822319,-762.4831881822319,-762.4831881822319,0,0,0,0,0,0,806.0626646811253,806.0626646811253,806.0626646811253,-60.746380674845355,-60.746380674845355,-60.746380674845355,0,0,0,384.0094925031201,3336.019027686714,1963.5122199933578,1963.5122199933578,1946.3453158174061
2022-09-09T00:00:00Z,1964.248128302048,93.08121552677021,93.08121552677021,93.08121552677021,0,0,0,0,0,0,0,0,0,0,0,0,0,0,0,0,0,0,0,0,0,0,0,0,0,0,0,0,0,0,0,0,0,0,0,0,0,0,0,-615.8442004082438,-615.8442004082438,-615.8442004082438,0,0,0,0,0,0,800.6017513982619,800.6017513982619,800.6017513982619,-91.67633546324782,-91.67633546324782,-91.67633546324782,0,0,0,558.1636307185868,3554.7789057105897,1964.248128302048,1964.248128302048,2057.3293438288183
2022-09-10T00:00:00Z,1964.984036610738,-2101.040858740402,-2101.040858740402,-2101.040858740402,0,0,0,0,0,0,0,0,0,0,0,0,0,0,0,0,0,0,0,0,0,0,0,0,0,0,0,0,0,0,0,0,0,0,0,0,0,0,0,-499.9358284128717,-499.9358284128717,-499.9358284128717,0,0,0,0,0,0,-1478.1331127803808,-1478.1331127803808,-1478.1331127803808,-122.97191754715007,-122.97191754715007,-122.97191754715007,0,0,0,-1680.1135125962342,1296.5881388508394,1964.984036610738,1964.984036610738,-136.05682212966417
2022-09-11T00:00:00Z,1965.7199449194286,-2659.9642224016993,-2659.9642224016993,-2659.9642224016993,0,0,0,0,0,0,0,0,0,0,0,0,0,0,0,0,0,0,0,0,0,0,0,0,0,0,0,0,0,0,0,0,0,0,0,0,0,0,0,-445.2213979305261,-445.2213979305261,-445.2213979305261,0,0,0,0,0,0,-2060.641727080453,-2060.641727080453,-2060.641727080453,-154.10109739072053,-154.10109739072053,-154.10109739072053,0,0,0,-2108.3358202439667,738.5385015272947,1965.7199449194286,1965.7199449194286,-694.2442774822707
2022-09-12T00:00:00Z,1966.4558532281187,-180.37323124961705,-180.37323124961705,-180.37323124961705,0,0,0,0,0,0,0,0,0,0,0,0,0,0,0,0,0,0,0,0,0,0,0,0,0,0,0,0,0,0,0,0,0,0,0,0,0,0,0,-394.0094772026804,-394.0094772026804,-394.0094772026804,0,0,0,0,0,0,398.15049898588165,398.15049898588165,398.15049898588165,-184.5142530328181,-184.5142530328181,-184.5142530328181,0,0,0,332.12246801912806,3351.1987734683416,1966.4558532281187,1966.4558532281187,1786.0826219785017
2022-09-13T00:00:00Z,1967.1917615368088,238.1866898955005,238.1866898955005,238.1866898955005,0,0,0,0,0,0,0,0,0,0,0,0,0,0,0,0,0,0,0,0,0,0,0,0,0,0,0,0,0,0,0,0,0,0,0,0,0,0,0,-281.2605999042385,-281.2605999042385,-281.2605999042385,0,0,0,0,0,0,733.1039213655282,733.1039213655282,733.1039213655282,-213.65663156578927,-213.65663156578927,-213.65663156578927,0,0,0,797.8857358970923,3743.497561816047,1967.1917615368088,1967.1917615368088,2205.3784514323092
2022-09-14T00:00:00Z,1967.9276698454994,443.5735021900111,443.5735021900111,443.5735021900111,0,0,0,0,0,0,0,0,0,0,0,0,0,0,0,0,0,0,0,0,0,0,0,0,0,0,0,0,0,0,0,0,0,0,0,0,0,0,0,-116.30112739154995,-116.30112739154995,-116.30112739154995,0,0,0,0,0,0,800.8560034334154,800.8560034334154,800.8560034334154,-240.98137385185436,-240.98137385185436,-240.98137385185436,0,0,0,968.4312599428814,3820.4707143174937,1967.9276698454994,1967.9276698454994,2411.5011720355105
2022-09-15T00:00:00Z,1968.6635781541895,562.9564279131041,562.9564279131041,562.9564279131041,0,0,0,0,0,0,0,0,0,0,0,0,0,0,0,0,0,0,0,0,0,0,0,0,0,0,0,0,0,0,0,0,0,0,0,0,0,0,0,22.856525882484515,22.856525882484515,22.856525882484515,0,0,0,0,0,0,806.0626646819209,806.0626646819209,806.0626646819209,-265.9627626513015,-265.9627626513015,-265.9627626513015,0,0,0,986.8944648352006,3938.4007248410244,1968.6635781541895,1968.6635781541895,2531.6200060672936
2022-09-16T00:00:00Z,1969.39948646288,-1095.8878206651111,-1095.8878206651111,-1095.8878206651111,0,0,0,0,0,0,0,0,0,-1683.3583639625576,-1683.3583639625576,-1683.3583639625576,0,0,0,0,0,0,0,0,0,0,0,0,0,0,0,0,0,0,0,0,0,0,0,0,-1683.3583639625576,-1683.3583639625576,-1683.3583639625576,74.97813015706286,74.97813015706286,74.97813015706286,0,0,0,0,0,0,800.601751398574,800.601751398574,800.601751398574,-288.10933825819035,-288.10933825819035,-288.10933825819035,0,0,0,-607.8004139274533,2353.9543134707674,1969.39948646288,1969.39948646288,873.511665797769
2022-09-17T00:00:00Z,1970.1353947715702,-1717.315788340846,-1717.315788340846,-1717.315788340846,0,0,0,0,0,0,0,0,0,0,0,0,0,0,0,0,0,0,0,0,0,0,0,0,0,0,0,0,0,0,0,0,0,0,0,0,0,0,0,67.79384405125379,67.79384405125379,67.79384405125379,0,0,0,0,0,0,-1478.1331127834371,-1478.1331127834371,-1478.1331127834371,-306.9765196086627,-306.9765196086627,-306.9765196086627,0,0,0,-1123.5647723373127,1743.4942140729459,1970.1353947715702,1970.1353947715702,252.8196064307242
2022-09-18T00:00:00Z,1970.8713030802603,-2285.8403810634327,-2285.8403810634327,-2285.8403810634327,0,0,0,0,0,0,0,0,0,0,0,0,0,0,0,0,0,0,0,0,0,0,0,0,0,0,0,0,0,0,0,0,0,0,0,0,0,0,0,96.97971907498095,96.97971907498095,96.97971907498095,0,0,0,0,0,0,-2060.64172708522,-2060.64172708522,-2060.64172708522,-322.1783730531935,-322.1783730531935,-322.1783730531935,0,0,0,-1707.5428717743907,1124.1485898932829,1970.8713030802603,1970.8713030802603,-314.9690779831724
2022-09-19T00:00:00Z,1971.6072113889509,294.7638942725904,294.7638942725904,294.7638942725904,0,0,0,0,0,0,0,0,0,0,0,0,0,0,0,0,0,0,0,0,0,0,0,0,0,0,0,0,0,0,0,0,0,0,0,0,0,0,0,230.01158099543045,230.01158099543045,230.01158099543045,0,0,0,0,0,0,398.1504989782809,398.1504989782809,398.1504989782809,-333.3981857011209,-333.3981857011209,-333.3981857011209,0,0,0,821.5612952016348,3632.9816863989904,1971.6072113889509,1971.6072113889509,2266.371105661541
2022-09-20T00:00:00Z,1972.343119697641,827.2045768679827,827.2045768679827,827.2045768679827,0,0,0,0,0,0,0,0,0,0,0,0,0,0,0,0,0,0,0,0,0,0,0,0,0,0,0,0,0,0,0,0,0,0,0,0,0,0,0,434.49818074384234,434.49818074384234,434.49818074384234,0,0,0,0,0,0,733.103921365557,733.103921365557,733.103921365557,-340.3975252414166,-340.3975252414166,-340.3975252414166,0,0,0,1290.3824828920335,4212.735102247986,1972.343119697641,1972.343119697641,2799.5476965656235
2022-09-21T00:00:00Z,1973.079028006331,1067.4210276556037,1067.4210276556037,1067.4210276556037,0,0,0,0,0,0,0,0,0,0,0,0,0,0,0,0,0,0,0,0,0,0,0,0,0,0,0,0,0,0,0,0,0,0,0,0,0,0,0,609.5885271515424,609.5885271515424,609.5885271515424,0,0,0,0,0,0,800.8560034332022,800.8560034332022,800.8560034332022,-343.0235029291406,-343.0235029291406,-343.0235029291406,0,0,0,1525.1620258532491,4600.058893247689,1973.079028006331,1973.079028006331,3040.5000556619348
2022-09-22T00:00:00Z,1973.8149363150217,1158.1263536533606,1158.1263536533606,1158.1263536533606,0,0,0,0,0,0,0,0,0,0,0,0,0,0,0,0,0,0,0,0,0,0,0,0,0,0,0,0,0,0,0,0,0,0,0,0,0,0,0,693.2776891552969,693.2776891552969,693.2776891552969,0,0,0,0,0,0,806.0626646827164,806.0626646827164,806.0626646827164,-341.2140001846529,-341.2140001846529,-341.2140001846529,0,0,0,1751.7094512391307,4662.1926769735055,1973.8149363150217,1973.8149363150217,3131.941289968382
2022-09-23T00:00:00Z,1974.5508446237118,1199.9681818616725,1199.9681818616725,1199.9681818616725,0,0,0,0,0,0,0,0,0,0,0,0,0,0,0,0,0,0,0,0,0,0,0,0,0,0,0,0,0,0,0,0,0,0,0,0,0,0,0,734.3671013732662,734.3671013732662,734.3671013732662,0,0,0,0,0,0,800.6017513969748,800.6017513969748,800.6017513969748,-335.0006709085684,-335.0006709085684,-335.0006709085684,0,0,0,1664.0677536129897,4705.177499678879,1974.5508446237118,1974.5508446237118,3174.5190264853845
2022-09-24T00:00:00Z,1975.286752932402,-957.7392245320291,-957.7392245320291,-957.7392245320291,0,0,0,0,0,0,0,0,0,0,0,0,0,0,0,0,0,0,0,0,0,0,0,0,0,0,0,0,0,0,0,0,0,0,0,0,0,0,0,844.9034780604978,844.9034780604978,844.9034780604978,0,0,0,0,0,0,-1478.133112782383,-1478.133112782383,-1478.133112782383,-324.50958981014384,-324.50958981014384,-324.50958981014384,0,0,0,-404.9779039693556,2497.961965819817,1975.286752932402,1975.286752932402,1017.5475284003728
2022-09-25T00:00:00Z,1976.0226612410925,-1303.2325851932717,-1303.2325851932717,-1303.2325851932717,0,0,0,0,0,0,0,0,0,0,0,0,0,0,0,0,0,0,0,0,0,0,0,0,0,0,0,0,0,0,0,0,0,0,0,0,0,0,0,1067.36862212451,1067.36862212451,1067.36862212451,0,0,0,0,0,0,-2060.641727082869,-2060.641727082869,-2060.641727082869,-309.9594802349125,-309.9594802349125,-309.9594802349125,0,0,0,-820.1732976615247,2148.7071441743947,1976.0226612410925,1976.0226612410925,672.7900760478208
2022-09-26T00:00:00Z,1976.7585695497826,2594.1376659032,2594.1376659032,2594.1376659032,0,0,0,0,0,0,1201.4993759236843,1201.4993759236843,1201.4993759236843,0,0,0,0,0,0,0,0,0,1201.4993759236843,1201.4993759236843,1201.4993759236843,0,0,0,0,0,0,0,0,0,0,0,0,0,0,0,0,0,0,1286.145312398049,1286.145312398049,1286.145312398049,0,0,0,0,0,0,398.15049898120634,398.15049898120634,398.15049898120634,-291.6575213997401,-291.6575213997401,-291.6575213997401,0,0,0,3139.611454064301,5993.6904966622205,1976.7585695497826,1976.7585695497826,4570.896235452982
2022-09-27T00:00:00Z,1977.4944778584727,2950.315004429023,2950.315004429023,2950.315004429023,0,0,0,0,0,0,1201.4993759236843,1201.4993759236843,1201.4993759236843,0,0,0,0,0,0,0,0,0,1201.4993759236843,1201.4993759236843,1201.4993759236843,0,0,0,0,0,0,0,0,0,0,0,0,0,0,0,0,0,0,1285.704509884678,1285.704509884678,1285.704509884678,0,0,0,0,0,0,733.1039213655855,733.1039213655855,733.1039213655855,-269.99280274492537,-269.99280274492537,-269.99280274492537,0,0,0,3527.5468708141643,6467.014562744993,1977.4944778584727,1977.4944778584727,4927.8094822874955
2022-09-28T00:00:00Z,1978.2303861671633,2681.7681853841937,2681.7681853841937,2681.7681853841937,0,0,0,0,0,0,1201.4993759236843,1201.4993759236843,1201.4993759236843,0,0,0,0,0,0,0,0,0,1201.4993759236843,1201.4993759236843,1201.4993759236843,0,0,0,0,0,0,0,0,0,0,0,0,0,0,0,0,0,0,924.8403663622078,924.8403663622078,924.8403663622078,0,0,0,0,0,0,800.8560034329889,800.8560034329889,800.8560034329889,-245.42756033468754,-245.42756033468754,-245.42756033468754,0,0,0,3253.6381664714636,6198.566999427765,1978.2303861671633,1978.2303861671633,4659.998571551357
2022-09-29T00:00:00Z,1978.9662944758534,4582.169101224345,4582.169101224345,4582.169101224345,0,0,0,0,0,0,3715.290483842817,3715.290483842817,3715.290483842817,0,0,0,2513.791107919133,2513.791107919133,2513.791107919133,0,0,0,1201.4993759236843,1201.4993759236843,1201.4993759236843,0,0,0,0,0,0,0,0,0,0,0,0,0,0,0,0,0,0,279.30234762561514,279.30234762561514,279.30234762561514,0,0,0,0,0,0,806.0626646835124,806.0626646835124,806.0626646835124,-218.4863949275998,-218.4863949275998,-218.4863949275998,0,0,0,5153.300380233057,7985.457930061776,1978.9662944758534,1978.9662944758534,6561.1353957001975
2022-09-30T00:00:00Z,1979.7022027845435,6450.575067176859,6450.575067176859,6450.575067176859,0,0,0,0,0,0,6221.093231655167,6221.093231655167,6221.093231655167,0,0,0,0,0,0,5019.593855731483,5019.593855731483,5019.593855731483,1201.4993759236843,1201.4993759236843,1201.4993759236843,0,0,0,0,0,0,0,0,0,0,0,0,0,0,0,0,0,0,-381.3761843335292,-381.3761843335292,-381.3761843335292,0,0,0,0,0,0,800.6017514017867,800.6017514017867,800.6017514017867,-189.74373154656604,-189.74373154656604,-189.74373154656604,0,0,0,6966.753495803189,9943.6365809283,1979.7022027845435,1979.7022027845435,8430.277269961403
2022-10-01T00:00:00Z,1980.438111093234,-3030.714666250037,-3030.714666250037,-3030.714666250037,0,0,0,0,0,0,-615.221000053812,-615.221000053812,-615.221000053812,0,0,0,0,0,0,0,0,0,0,0,0,0,0,0,-615.221000053812,-615.221000053812,-615.221000053812,0,0,0,0,0,0,0,0,0,0,0,0,-777.5507191049787,-777.5507191049787,-777.5507191049787,0,0,0,0,0,0,-1478.1331127854392,-1478.1331127854392,-1478.1331127854392,-159.80983430580645,-159.80983430580645,-159.80983430580645,0,0,0,-2501.716527370593,364.2550941762657,1980.438111093234,1980.438111093234,-1050.2765551568032
2022-10-02T00:00:00Z,1981.1740194019242,-3759.229273549369,-3759.229273549369,-3759.229273549369,0,0,0,0,0,0,-752.8897151972958,-752.8897151972958,-752.8897151972958,0,0,0,0,0,0,0,0,0,0,0,0,-752.8897151972958,-752.8897151972958,-752.8897151972958,0,0,0,0,0,0,0,0,0,0,0,0,0,0,0,-816.3820950875595,-816.3820950875595,-816.3820950875595,0,0,0,0,0,0,-2060.641727084101,-2060.641727084101,-2060.641727084101,-129.3157361804122,-129.3157361804122,-129.3157361804122,0,0,0,-3245.5058208228998,-371.5836980665896,1981.1740194019242,1981.1740194019242,-1778.0552541474447
2022-10-03T00:00:00Z,1981.9099277106145,-982.093344404547,-982.093344404547,-982.093344404547,0,0,0,0,0,0,-641.1967284672644,-641.1967284672644,-641.1967284672644,0,0,0,0,0,0,0,0,0,0,0,0,0,0,0,0,0,0,-641.1967284672644,-641.1967284672644,-641.1967284672644,0,0,0,0,0,0,0,0,0,-640.1496350297972,-640.1496350297972,-640.1496350297972,0,0,0,0,0,0,398.1504989817854,398.1504989817854,398.1504989817854,-98.89747988927084,-98.89747988927084,-98.89747988927084,0,0,0,-358.47991036985695,2435.9530542402026,1981.9099277106145,1981.9099277106145,999.8165833060675
2022-10-04T00:00:00Z,1982.6458360193049,-469.04534925730337,-469.04534925730337,-469.04534925730337,0,0,0,0,0,0,-641.1967284672644,-641.1967284672644,-641.1967284672644,0,0,0,0,0,0,0,0,0,0,0,0,0,0,0,0,0,0,-641.1967284672644,-641.1967284672644,-641.1967284672644,0,0,0,0,0,0,0,0,0,-491.7724502968762,-491.7724502968762,-491.7724502968762,0,0,0,0,0,0,733.1039213652922,733.1039213652922,733.1039213652922,-69.18009185845467,-69.18009185845467,-69.18009185845467,0,0,0,-62.44053852377576,2888.2196829176537,1982.6458360193049,1982.6458360193049,1513.6004867620015
2022-10-05T00:00:00Z,1983.3817443279952,-399.5695103091855,-399.5695103091855,-399.5695103091855,0,0,0,0,0,0,-641.1967284672644,-641.1967284672644,-641.1967284672644,0,0,0,0,0,0,0,0,0,0,0,0,0,0,0,0,0,0,-641.1967284672644,-641.1967284672644,-641.1967284672644,0,0,0,0,0,0,0,0,0,-518.4670598632738,-518.4670598632738,-518.4670598632738,0,0,0,0,0,0,800.8560034332075,800.8560034332075,800.8560034332075,-40.761725411855046,-40.761725411855046,-40.761725411855046,0,0,0,94.258404610428,3057.277602968016,1983.3817443279952,1983.3817443279952,1583.8122340188097
2022-10-06T00:00:00Z,1984.1176526366853,-528.0173714925417,-528.0173714925417,-528.0173714925417,0,0,0,0,0,0,-641.1967284672644,-641.1967284672644,-641.1967284672644,0,0,0,0,0,0,0,0,0,0,0,0,0,0,0,0,0,0,-641.1967284672644,-641.1967284672644,-641.1967284672644,0,0,0,0,0,0,0,0,0,-678.6848964189766,-678.6848964189766,-678.6848964189766,0,0,0,0,0,0,806.0626646829185,806.0626646829185,806.0626646829185,-14.19841128921928,-14.19841128921928,-14.19841128921928,0,0,0,96.48434127544672,2986.7292814578414,1984.1176526366853,1984.1176526366853,1456.1002811441435
2022-10-07T00:00:00Z,1984.8535609453759,-646.6206580792287,-646.6206580792287,-646.6206580792287,0,0,0,0,0,0,-641.1967284672644,-641.1967284672644,-641.1967284672644,0,0,0,0,0,0,0,0,0,0,0,0,0,0,0,0,0,0,-641.1967284672644,-641.1967284672644,-641.1967284672644,0,0,0,0,0,0,0,0,0,-816.0358379696553,-816.0358379696553,-816.0358379696553,0,0,0,0,0,0,800.6017514001875,800.6017514001875,800.6017514001875,10.010156957503572,10.010156957503572,10.010156957503572,0,0,0,-136.77228288992646,2839.3532012028695,1984.8535609453759,1984.8535609453759,1338.232902866147
2022-10-08T00:00:00Z,1985.589469254066,-2261.4981405285,-2261.4981405285,-2261.4981405285,0,0,0,0,0,0,0,0,0,0,0,0,0,0,0,0,0,0,0,0,0,0,0,0,0,0,0,0,0,0,0,0,0,0,0,0,0,0,0,-814.7984258142948,-814.7984258142948,-814.7984258142948,0,0,0,0,0,0,-1478.1331127884953,-1478.1331127884953,-1478.1331127884953,31.433398074289993,31.433398074289993,31.433398074289993,0,0,0,-1686.125713011686,1192.9442046972244,1985.589469254066,1985.589469254066,-275.9086712744338
2022-10-10T00:00:00Z,1987.0612858714467,-1770.2427663558037,-1770.2427663558037,-1770.2427663558037,0,0,0,0,0,0,0,0,0,-1683.3583639625576,-1683.3583639625576,-1683.3583639625576,0,0,0,0,0,0,0,0,0,0,0,0,0,0,0,0,0,0,0,0,0,0,0,0,-1683.3583639625576,-1683.3583639625576,-1683.3583639625576,-549.645699223892,-549.645699223892,-549.645699223892,0,0,0,0,0,0,398.15049898353766,398.15049898353766,398.15049898353766,64.61079784710823,64.61079784710823,64.61079784710823,0,0,0,-1283.6401920262997,1643.8945920780252,1987.0612858714467,1987.0612858714467,216.81851951564295
2022-10-11T00:00:00Z,1987.7971941801368,341.9191896140206,341.9191896140206,341.9191896140206,0,0,0,0,0,0,0,0,0,0,0,0,0,0,0,0,0,0,0,0,0,0,0,0,0,0,0,0,0,0,0,0,0,0,0,0,0,0,0,-467.12184797454194,-467.12184797454194,-467.12184797454194,0,0,0,0,0,0,733.1039213662114,733.1039213662114,733.1039213662114,75.93711622235101,75.93711622235101,75.93711622235101,0,0,0,815.1976246573254,3849.8867437221634,1987.7971941801368,1987.7971941801368,2329.7163837941575
2022-10-12T00:00:00Z,1988.533102488827,460.1778897329838,460.1778897329838,460.1778897329838,0,0,0,0,0,0,0,0,0,0,0,0,0,0,0,0,0,0,0,0,0,0,0,0,0,0,0,0,0,0,0,0,0,0,0,0,0,0,0,-424.31080145628476,-424.31080145628476,-424.31080145628476,0,0,0,0,0,0,800.8560034335867,800.8560034335867,800.8560034335867,83.63268775568193,83.63268775568193,83.63268775568193,0,0,0,1009.9229776812866,3954.2218146507444,1988.533102488827,1988.533102488827,2448.7109922218106
2022-10-13T00:00:00Z,1989.2690107975175,546.8380688887779,546.8380688887779,546.8380688887779,0,0,0,0,0,0,0,0,0,0,0,0,0,0,0,0,0,0,0,0,0,0,0,0,0,0,0,0,0,0,0,0,0,0,0,0,0,0,0,-346.9552966920039,-346.9552966920039,-346.9552966920039,0,0,0,0,0,0,806.062664685104,806.062664685104,806.062664685104,87.73070089567771,87.73070089567771,87.73070089567771,0,0,0,1060.6694189338036,3932.271474062245,1989.2690107975175,1989.2690107975175,2536.1070796862955
2022-10-14T00:00:00Z,1990.0049191062076,687.7123496513965,687.7123496513965,687.7123496513965,0,0,0,0,0,0,0,0,0,0,0,0,0,0,0,0,0,0,0,0,0,0,0,0,0,0,0,0,0,0,0,0,0,0,0,0,0,0,0,-201.25231202905093,-201.25231202905093,-201.25231202905093,0,0,0,0,0,0,800.6017514004999,800.6017514004999,800.6017514004999,88.36291027994751,88.36291027994751,88.36291027994751,0,0,0,1223.3593794969752,4054.7167583069727,1990.0049191062076,1990.0049191062076,2677.717268757604
2022-10-15T00:00:00Z,1990.7408274148981,-1430.4713532697688,-1430.4713532697688,-1430.4713532697688,0,0,0,0,0,0,0,0,0,0,0,0,0,0,0,0,0,0,0,0,0,0,0,0,0,0,0,0,0,0,0,0,0,0,0,0,0,0,0,-38.09341029530696,-38.09341029530696,-38.09341029530696,0,0,0,0,0,0,-1478.1331127793514,-1478.1331127793514,-1478.1331127793514,85.75516980488973,85.75516980488973,85.75516980488973,0,0,0,-871.5233121873583,2027.8404081408967,1990.7408274148981,1990.7408274148981,560.2694741451294
2022-10-16T00:00:00Z,1991.4767357235883,-1919.9826912157296,-1919.9826912157296,-1919.9826912157296,0,0,0,0,0,0,0,0,0,0,0,0,0,0,0,0,0,0,0,0,0,0,0,0,0,0,0,0,0,0,0,0,0,0,0,0,0,0,0,60.43873599150843,60.43873599150843,60.43873599150843,0,0,0,0,0,0,-2060.641727086517,-2060.641727086517,-2060.641727086517,80.22029987927938,80.22029987927938,80.22029987927938,0,0,0,-1403.2846472344831,1594.2738013492285,1991.4767357235883,1991.4767357235883,71.49404450785869
2022-10-17T00:00:00Z,1992.2126440322784,543.75104619079,543.75104619079,543.75104619079,0,0,0,0,0,0,0,0,0,0,0,0,0,0,0,0,0,0,0,0,0,0,0,0,0,0,0,0,0,0,0,0,0,0,0,0,0,0,0,73.45207832038248,73.45207832038248,73.45207832038248,0,0,0,0,0,0,398.15049898529014,398.15049898529014,398.15049898529014,72.1484688851173,72.1484688851173,72.1484688851173,0,0,0,1013.0153102213387,4006.0049329747335,1992.2126440322784,1992.2126440322784,2535.9636902230686
2022-10-18T00:00:00Z,1992.948552340969,866.8233992052823,866.8233992052823,866.8233992052823,0,0,0,0,0,0,0,0,0,0,0,0,0,0,0,0,0,0,0,0,0,0,0,0,0,0,0,0,0,0,0,0,0,0,0,0,0,0,0,71.724135504411,71.724135504411,71.724135504411,0,0,0,0,0,0,733.103921365918,733.103921365918,733.103921365918,61.99534233495339,61.99534233495339,61.99534233495339,0,0,0,1460.4641461869967,4313.208402281754,1992.948552340969,1992.948552340969,2859.7719515462513
2022-10-19T00:00:00Z,1993.684460649659,1001.1221416811201,1001.1221416811201,1001.1221416811201,0,0,0,0,0,0,0,0,0,0,0,0,0,0,0,0,0,0,0,0,0,0,0,0,0,0,0,0,0,0,0,0,0,0,0,0,0,0,0,149.9978178165301,149.9978178165301,149.9978178165301,0,0,0,0,0,0,800.8560034327812,800.8560034327812,800.8560034327812,50.26832043180877,50.26832043180877,50.26832043180877,0,0,0,1590.3101319989864,4491.448745799574,1993.684460649659,1993.684460649659,2994.8066023307792
2022-10-20T00:00:00Z,1994.4203689583492,1172.7124439138374,1172.7124439138374,1172.7124439138374,0,0,0,0,0,0,0,0,0,0,0,0,0,0,0,0,0,0,0,0,0,0,0,0,0,0,0,0,0,0,0,0,0,0,0,0,0,0,0,329.13853556965137,329.13853556965137,329.13853556965137,0,0,0,0,0,0,806.06266468451,806.06266468451,806.06266468451,37.511243659676,37.511243659676,37.511243659676,0,0,0,1687.0194520390935,4591.3376544589955,1994.4203689583492,1994.4203689583492,3167.1328128721866
2022-10-21T00:00:00Z,1995.1562772670397,1356.713020594847,1356.713020594847,1356.713020594847,0,0,0,0,0,0,0,0,0,0,0,0,0,0,0,0,0,0,0,0,0,0,0,0,0,0,0,0,0,0,0,0,0,0,0,0,0,0,0,531.8232743507247,531.8232743507247,531.8232743507247,0,0,0,0,0,0,800.6017513989004,800.6017513989004,800.6017513989004,24.287994845222002,24.287994845222002,24.287994845222002,0,0,0,1986.3159879950554,4902.891044530407,1995.1562772670397,1995.1562772670397,3351.8692978618865
2022-10-22T00:00:00Z,1995.8921855757299,-804.4725859778684,-804.4725859778684,-804.4725859778684,0,0,0,0,0,0,0,0,0,0,0,0,0,0,0,0,0,0,0,0,0,0,0,0,0,0,0,0,0,0,0,0,0,0,0,0,0,0,0,662.4950635317161,662.4950635317161,662.4950635317161,0,0,0,0,0,0,-1478.1331127824076,-1478.1331127824076,-1478.1331127824076,11.165463272822588,11.165463272822588,11.165463272822588,0,0,0,-237.48922450798534,2671.217947336067,1995.8921855757299,1995.8921855757299,1191.4195995978614
2022-10-23T00:00:00Z,1996.62809388442,-1349.7253078023937,-1349.7253078023937,-1349.7253078023937,0,0,0,0,0,0,0,0,0,0,0,0,0,0,0,0,0,0,0,0,0,0,0,0,0,0,0,0,0,0,0,0,0,0,0,0,0,0,0,712.2200586272388,712.2200586272388,712.2200586272388,0,0,0,0,0,0,-2060.641727084167,-2060.641727084167,-2060.641727084167,-1.3036393454657513,-1.3036393454657513,-1.3036393454657513,0,0,0,-706.4310688771246,2149.3243659151785,1996.62809388442,1996.62809388442,646.9027860820263
2022-10-24T00:00:00Z,1997.3640021931105,-522.746920631798,-522.746920631798,-522.746920631798,0,0,0,0,0,0,0,0,0,-1683.3583639625576,-1683.3583639625576,-1683.3583639625576,0,0,0,0,0,0,0,0,0,0,0,0,0,0,0,0,0,0,0,0,0,0,0,0,-1683.3583639625576,-1683.3583639625576,-1683.3583639625576,775.0585551649706,775.0585551649706,775.0585551649706,0,0,0,0,0,0,398.15049898704234,398.15049898704234,398.15049898704234,-12.597610821253536,-12.597610821253536,-12.597610821253536,0,0,0,-42.25695506695238,2831.8290546751464,1997.3640021931105,1997.3640021931105,1474.6170815613125
2022-10-25T00:00:00Z,1998.0999105018007,1656.3981855272257,1656.3981855272257,1656.3981855272257,0,0,0,0,0,0,0,0,0,0,0,0,0,0,0,0,0,0,0,0,0,0,0,0,0,0,0,0,0,0,0,0,0,0,0,0,0,0,0,945.5360061920325,945.5360061920325,945.5360061920325,0,0,0,0,0,0,733.1039213659466,733.1039213659466,733.1039213659466,-22.241742030753773,-22.241742030753773,-22.241742030753773,0,0,0,2284.7809317378187,5020.325157032115,1998.0999105018007,1998.0999105018007,3654.4980960290263
2022-10-26T00:00:00Z,1998.8358188104908,1961.1431061349376,1961.1431061349376,1961.1431061349376,0,0,0,0,0,0,0,0,0,0,0,0,0,0,0,0,0,0,0,0,0,0,0,0,0,0,0,0,0,0,0,0,0,0,0,0,0,0,0,1190.1100767081,1190.1100767081,1190.1100767081,0,0,0,0,0,0,800.8560034331601,800.8560034331601,800.8560034331601,-29.822974006322934,-29.822974006322934,-29.822974006322934,0,0,0,2449.852303102742,5342.988373700714,1998.8358188104908,1998.8358188104908,3959.9789249454284
2022-10-27T00:00:00Z,1999.4936873657996,3298.7080850344933,3298.7080850344933,3298.7080850344933,0,0,0,0,0,0,1201.4993759236843,1201.4993759236843,1201.4993759236843,0,0,0,0,0,0,0,0,0,1201.4993759236843,1201.4993759236843,1201.4993759236843,0,0,0,0,0,0,0,0,0,0,0,0,0,0,0,0,0,0,1326.1488273483262,1326.1488273483262,1326.1488273483262,0,0,0,0,0,0,806.0626646826653,806.0626646826653,806.0626646826653,-35.00278292018306,-35.00278292018306,-35.00278292018306,0,0,0,3837.003660364002,6788.66180594462,1999.4936873657996,1999.4936873657996,5298.201772400293
2022-10-28T00:00:00Z,2000.1515559211086,3115.9632670043266,3115.9632670043266,3115.9632670043266,0,0,0,0,0,0,1201.4993759236843,1201.4993759236843,1201.4993759236843,0,0,0,0,0,0,0,0,0,1201.4993759236843,1201.4993759236843,1201.4993759236843,0,0,0,0,0,0,0,0,0,0,0,0,0,0,0,0,0,0,1151.390032723509,1151.390032723509,1151.390032723509,0,0,0,0,0,0,800.6017513973014,800.6017513973014,800.6017513973014,-37.52789304016832,-37.52789304016832,-37.52789304016832,0,0,0,3603.7573941075334,6514.6895302247285,2000.1515559211086,2000.1515559211086,5116.114822925435
2022-10-29T00:00:00Z,2000.8094244764175,309.856918531751,309.856918531751,309.856918531751,0,0,0,0,0,0,1201.4993759236843,1201.4993759236843,1201.4993759236843,0,0,0,0,0,0,0,0,0,1201.4993759236843,1201.4993759236843,1201.4993759236843,0,0,0,0,0,0,0,0,0,0,0,0,0,0,0,0,0,0,623.7291311000803,623.7291311000803,623.7291311000803,0,0,0,0,0,0,-1478.1331127834087,-1478.1331127834087,-1478.1331127834087,-37.238475708604746,-37.238475708604746,-37.238475708604746,0,0,0,870.1418963932906,3740.5196508225313,2000.8094244764175,2000.8094244764175,2310.6663430081685
2022-10-30T00:00:00Z,2001.4672930317265,1551.4763479516896,1551.4763479516896,1551.4763479516896,0,0,0,0,0,0,3715.290483842817,3715.290483842817,3715.290483842817,0,0,0,2513.791107919133,2513.791107919133,2513.791107919133,0,0,0,1201.4993759236843,1201.4993759236843,1201.4993759236843,0,0,0,0,0,0,0,0,0,0,0,0,0,0,0,0,0,0,-69.09884770095157,-69.09884770095157,-69.09884770095157,0,0,0,0,0,0,-2060.641727085399,-2060.641727085399,-2060.641727085399,-34.073561104776864,-34.073561104776864,-34.073561104776864,0,0,0,2051.1853207279523,4914.533076034444,2001.4672930317265,2001.4672930317265,3552.943640983416
2022-10-31T00:00:00Z,2002.1251615870353,5966.89821121304,5966.89821121304,5966.89821121304,0,0,0,0,0,0,6221.093231655167,6221.093231655167,6221.093231655167,0,0,0,0,0,0,5019.593855731483,5019.593855731483,5019.593855731483,1201.4993759236843,1201.4993759236843,1201.4993759236843,0,0,0,0,0,0,0,0,0,0,0,0,0,0,0,0,0,0,-624.2720522548591,-624.2720522548591,-624.2720522548591,0,0,0,0,0,0,398.1504989876217,398.1504989876217,398.1504989876217,-28.073467174890457,-28.073467174890457,-28.073467174890457,0,0,0,6550.101973127444,9456.116360912718,2002.1251615870353,2002.1251615870353,7969.023372800075
2022-11-01T00:00:00Z,2002.7830301423448,-738.9027766514004,-738.9027766514004,-738.9027766514004,0,0,0,0,0,0,-615.221000053812,-615.221000053812,-615.221000053812,0,0,0,0,0,0,0,0,0,0,0,0,0,0,0,-615.221000053812,-615.221000053812,-615.221000053812,0,0,0,0,0,0,0,0,0,0,0,0,-837.4065634149762,-837.4065634149762,-837.4065634149762,0,0,0,0,0,0,733.1039213665435,733.1039213665435,733.1039213665435,-19.379134549155964,-19.379134549155964,-19.379134549155964,0,0,0,-156.04727239064712,2800.417190399704,2002.7830301423448,2002.7830301423448,1263.8802534909446
2022-11-02T00:00:00Z,2003.4408986976537,-700.1446976708627,-700.1446976708627,-700.1446976708627,0,0,0,0,0,0,-752.8897151972958,-752.8897151972958,-752.8897151972958,0,0,0,0,0,0,0,0,0,0,0,0,-752.8897151972958,-752.8897151972958,-752.8897151972958,0,0,0,0,0,0,0,0,0,0,0,0,0,0,0,-739.8826407435856,-739.8826407435856,-739.8826407435856,0,0,0,0,0,0,800.8560034335391,800.8560034335391,800.8560034335391,-8.228345163520162,-8.228345163520162,-8.228345163520162,0,0,0,-196.93849647183086,2796.372982176917,2003.4408986976537,2003.4408986976537,1303.296201026791
2022-11-03T00:00:00Z,2004.0987672529627,-379.1978351625615,-379.1978351625615,-379.1978351625615,0,0,0,0,0,0,-641.1967284672644,-641.1967284672644,-641.1967284672644,0,0,0,0,0,0,0,0,0,0,0,0,0,0,0,0,0,0,-641.1967284672644,-641.1967284672644,-641.1967284672644,0,0,0,0,0,0,0,0,0,-549.1148781828754,-549.1148781828754,-549.1148781828754,0,0,0,0,0,0,806.0626646834611,806.0626646834611,806.0626646834611,5.051106804117185,5.051106804117185,5.051106804117185,0,0,0,131.0699142595337,3074.973036037434,2004.0987672529627,2004.0987672529627,1624.9009320904013
2022-11-04T00:00:00Z,2004.7566358082715,-302.07175814161235,-302.07175814161235,-302.07175814161235,0,0,0,0,0,0,-641.1967284672644,-641.1967284672644,-641.1967284672644,0,0,0,0,0,0,0,0,0,0,0,0,0,0,0,0,0,0,-641.1967284672644,-641.1967284672644,-641.1967284672644,0,0,0,0,0,0,0,0,0,-481.5279138753084,-481.5279138753084,-481.5279138753084,0,0,0,0,0,0,800.601751395702,800.601751395702,800.601751395702,20.051132805258614,20.051132805258614,20.051132805258614,0,0,0,170.2642761882751,3106.2421239234577,2004.7566358082715,2004.7566358082715,1702.6848776666593
2022-11-05T00:00:00Z,2005.4145043635804,-2673.7963814411833,-2673.7963814411833,-2673.7963814411833,0,0,0,0,0,0,-641.1967284672644,-641.1967284672644,-641.1967284672644,0,0,0,0,0,0,0,0,0,0,0,0,0,0,0,0,0,0,-641.1967284672644,-641.1967284672644,-641.1967284672644,0,0,0,0,0,0,0,0,0,-590.7622508514119,-590.7622508514119,-590.7622508514119,0,0,0,0,0,0,-1478.1331127844096,-1478.1331127844096,-1478.1331127844096,36.29571066190244,36.29571066190244,36.29571066190244,0,0,0,-2165.592752730669,770.5679893079513,2005.4145043635804,2005.4145043635804,-668.3818770776029
2022-11-06T00:00:00Z,2006.0723729188894,-3408.6841975979587,-3408.6841975979587,-3408.6841975979587,0,0,0,0,0,0,-641.1967284672644,-641.1967284672644,-641.1967284672644,0,0,0,0,0,0,0,0,0,0,0,0,0,0,0,0,0,0,-641.1967284672644,-641.1967284672644,-641.1967284672644,0,0,0,0,0,0,0,0,0,-760.1013029935751,-760.1013029935751,-760.1013029935751,0,0,0,0,0,0,-2060.641727083048,-2060.641727083048,-2060.641727083048,53.25556094592858,53.25556094592858,53.25556094592858,0,0,0,-2866.8707640412717,103.41807020844612,2006.0723729188894,2006.0723729188894,-1402.6118246790693
2022-11-07T00:00:00Z,2006.7302414741982,-1007.6334488150577,-1007.6334488150577,-1007.6334488150577,0,0,0,0,0,0,-641.1967284672644,-641.1967284672644,-641.1967284672644,0,0,0,0,0,0,0,0,0,0,0,0,0,0,0,0,0,0,-641.1967284672644,-641.1967284672644,-641.1967284672644,0,0,0,0,0,0,0,0,0,-834.951957999031,-834.951957999031,-834.951957999031,0,0,0,0,0,0,398.150498981194,398.150498981194,398.150498981194,70.36473867004382,70.36473867004382,70.36473867004382,0,0,0,-433.68298802401176,2426.170696583814,2006.7302414741982,2006.7302414741982,999.0967926591405
2022-11-08T00:00:00Z,2007.3881100295073,57.65941045721493,57.65941045721493,57.65941045721493,0,0,0,0,0,0,0,0,0,0,0,0,0,0,0,0,0,0,0,0,0,0,0,0,0,0,0,0,0,0,0,0,0,0,0,0,0,0,0,-762.4831881817768,-762.4831881817768,-762.4831881817768,0,0,0,0,0,0,733.1039213665724,733.1039213665724,733.1039213665724,87.0386772724192,87.0386772724192,87.0386772724192,0,0,0,578.202434302436,3494.5767654833853,2007.3881100295073,2007.3881100295073,2065.047520486722
2022-11-09T00:00:00Z,2008.045978584816,287.70497458262986,287.70497458262986,287.70497458262986,0,0,0,0,0,0,0,0,0,0,0,0,0,0,0,0,0,0,0,0,0,0,0,0,0,0,0,0,0,0,0,0,0,0,0,0,0,0,0,-615.8442004087283,-615.8442004087283,-615.8442004087283,0,0,0,0,0,0,800.8560034333257,800.8560034333257,800.8560034333257,102.69317155803236,102.69317155803236,102.69317155803236,0,0,0,812.8915134288894,3706.973534076075,2008.045978584816,2008.045978584816,2295.750953167446
2022-11-10T00:00:00Z,2008.7038471401252,422.89058621085104,422.89058621085104,422.89058621085104,0,0,0,0,0,0,0,0,0,0,0,0,0,0,0,0,0,0,0,0,0,0,0,0,0,0,0,0,0,0,0,0,0,0,0,0,0,0,0,-499.93582841324366,-499.93582841324366,-499.93582841324366,0,0,0,0,0,0,806.0626646842568,806.0626646842568,806.0626646842568,116.7637499398378,116.7637499398378,116.7637499398378,0,0,0,933.0593353657268,3945.973710226403,2008.7038471401252,2008.7038471401252,2431.594433350976
2022-11-11T00:00:00Z,2009.361715695434,484.10521870957274,484.10521870957274,484.10521870957274,0,0,0,0,0,0,0,0,0,0,0,0,0,0,0,0,0,0,0,0,0,0,0,0,0,0,0,0,0,0,0,0,0,0,0,0,0,0,0,-445.2213979309151,-445.2213979309151,-445.2213979309151,0,0,0,0,0,0,800.6017513960147,800.6017513960147,800.6017513960147,128.72486524447334,128.72486524447334,128.72486524447334,0,0,0,1103.606413810435,4040.544988259635,2009.361715695434,2009.361715695434,2493.4669344050067
2022-11-12T00:00:00Z,2010.019584250743,-1734.0342616151459,-1734.0342616151459,-1734.0342616151459,0,0,0,0,0,0,0,0,0,0,0,0,0,0,0,0,0,0,0,0,0,0,0,0,0,0,0,0,0,0,0,0,0,0,0,0,0,0,0,-394.00947720278907,-394.00947720278907,-394.00947720278907,0,0,0,0,0,0,-1478.1331127773208,-1478.1331127773208,-1478.1331127773208,138.10832836496434,138.10832836496434,138.10832836496434,0,0,0,-1130.456566329503,1650.4347088191817,2010.019584250743,2010.019584250743,275.9853226355972
2022-11-13T00:00:00Z,2010.6774528060519,-2197.381906464796,-2197.381906464796,-2197.381906464796,0,0,0,0,0,0,0,0,0,0,0,0,0,0,0,0,0,0,0,0,0,0,0,0,0,0,0,0,0,0,0,0,0,0,0,0,0,0,0,-281.2605999038253,-281.2605999038253,-281.2605999038253,0,0,0,0,0,0,-2060.6417270806974,-2060.6417270806974,-2060.6417270806974,144.52042051972649,144.52042051972649,144.52042051972649,0,0,0,-1593.354029683783,1145.2120945589447,2010.6774528060519,2010.6774528060519,-186.70445365874411
2022-11-14T00:00:00Z,2011.335321361361,429.506519350933,429.506519350933,429.506519350933,0,0,0,0,0,0,0,0,0,0,0,0,0,0,0,0,0,0,0,0,0,0,0,0,0,0,0,0,0,0,0,0,0,0,0,0,0,0,0,-116.30112739214822,-116.30112739214822,-116.30112739214822,0,0,0,0,0,0,398.15049898294643,398.15049898294643,398.15049898294643,147.6571477601348,147.6571477601348,147.6571477601348,0,0,0,914.9713170253904,4003.312290641207,2011.335321361361,2011.335321361361,2440.841840712294
2022-11-15T00:00:00Z,2011.9931899166697,903.2775923451234,903.2775923451234,903.2775923451234,0,0,0,0,0,0,0,0,0,0,0,0,0,0,0,0,0,0,0,0,0,0,0,0,0,0,0,0,0,0,0,0,0,0,0,0,0,0,0,22.85652588229315,22.85652588229315,22.85652588229315,0,0,0,0,0,0,733.1039213662789,733.1039213662789,733.1039213662789,147.3171450965513,147.3171450965513,147.3171450965513,0,0,0,1476.7236103648502,4313.829980830768,2011.9931899166697,2011.9931899166697,2915.270782261793
2022-11-16T00:00:00Z,2012.6510584719788,1019.2459297820956,1019.2459297820956,1019.2459297820956,0,0,0,0,0,0,0,0,0,0,0,0,0,0,0,0,0,0,0,0,0,0,0,0,0,0,0,0,0,0,0,0,0,0,0,0,0,0,0,74.9781301574448,74.9781301574448,74.9781301574448,0,0,0,0,0,0,800.8560034331126,800.8560034331126,800.8560034331126,143.41179619153826,143.41179619153826,143.41179619153826,0,0,0,1668.2896118892695,4588.707604955676,2012.6510584719788,2012.6510584719788,3031.896988254074
2022-11-17T00:00:00Z,2013.3089270272876,1009.8287152956566,1009.8287152956566,1009.8287152956566,0,0,0,0,0,0,0,0,0,0,0,0,0,0,0,0,0,0,0,0,0,0,0,0,0,0,0,0,0,0,0,0,0,0,0,0,0,0,0,67.79384405125606,67.79384405125606,67.79384405125606,0,0,0,0,0,0,806.0626646836631,806.0626646836631,806.0626646836631,135.97220656073756,135.97220656073756,135.97220656073756,0,0,0,1500.7817891999662,4561.963914748118,2013.3089270272876,2013.3089270272876,3023.137642322944
2022-11-18T00:00:00Z,2013.9667955825967,-660.6241417062643,-660.6241417062643,-660.6241417062643,0,0,0,0,0,0,0,0,0,-1683.3583639625576,-1683.3583639625576,-1683.3583639625576,0,0,0,0,0,0,0,0,0,0,0,0,0,0,0,0,0,0,0,0,0,0,0,0,-1683.3583639625576,-1683.3583639625576,-1683.3583639625576,96.97971907489816,96.97971907489816,96.97971907489816,0,0,0,0,0,0,800.6017513989145,800.6017513989145,800.6017513989145,125.15275178248083,125.15275178248083,125.15275178248083,0,0,0,-83.69788198242564,2843.215910209158,2013.9667955825967,2013.9667955825967,1353.3426538763324
2022-11-19T00:00:00Z,2014.6246641379055,-2820.2488805844923,-2820.2488805844923,-2820.2488805844923,0,0,0,0,0,0,0,0,0,-1683.3583639625576,-1683.3583639625576,-1683.3583639625576,0,0,0,0,0,0,0,0,0,0,0,0,0,0,0,0,0,0,0,0,0,0,0,0,-1683.3583639625576,-1683.3583639625576,-1683.3583639625576,230.01158099555485,230.01158099555485,230.01158099555485,0,0,0,0,0,0,-1478.1331127803771,-1478.1331127803771,-1478.1331127803771,111.23101516288743,111.23101516288743,111.23101516288743,0,0,0,-2260.5841289758805,757.3116756393313,2014.6246641379055,2014.6246641379055,-805.6242164465868
2022-11-20T00:00:00Z,2015.2825326932145,-1531.5395172016676,-1531.5395172016676,-1531.5395172016676,0,0,0,0,0,0,0,0,0,0,0,0,0,0,0,0,0,0,0,0,0,0,0,0,0,0,0,0,0,0,0,0,0,0,0,0,0,0,0,434.4981807444949,434.4981807444949,434.4981807444949,0,0,0,0,0,0,-2060.6417270819293,-2060.6417270819293,-2060.6417270819293,94.604029135766865,94.604029135766865,94.604029135766865,0,0,0,-1005.9419303692686,1833.026733201399,2015.2825326932145,2015.2825326932145,483.7430154915469
2022-11-21T00:00:00Z,2015.9404012485234,1083.5198648279238,1083.5198648279238,1083.5198648279238,0,0,0,0,0,0,0,0,0,0,0,0,0,0,0,0,0,0,0,0,0,0,0,0,0,0,0,0,0,0,0,0,0,0,0,0,0,0,0,609.5885271517487,609.5885271517487,609.5885271517487,0,0,0,0,0,0,398.1504989846985,398.1504989846985,398.1504989846985,75.78083869147659,75.78083869147659,75.78083869147659,0,0,0,1642.9145690884343,4560.382316927339,2015.9404012485234,2015.9404012485234,3099.460266076447
2022-11-22T00:00:00Z,2016.5982698038322,1481.7531209605545,1481.7531209605545,1481.7531209605545,0,0,0,0,0,0,0,0,0,0,0,0,0,0,0,0,0,0,0,0,0,0,0,0,0,0,0,0,0,0,0,0,0,0,0,0,0,0,0,693.2776891548691,693.2776891548691,693.2776891548691,0,0,0,0,0,0,733.1039213659852,733.1039213659852,733.1039213659852,55.3715104397006,55.3715104397006,55.3715104397006,0,0,0,2069.217714081969,4927.113963342973,2016.5982698038322,2016.5982698038322,3498.3513907643865
2022-11-23T00:00:00Z,2017.2561383591412,1569.2959193896802,1569.2959193896802,1569.2959193896802,0,0,0,0,0,0,0,0,0,0,0,0,0,0,0,0,0,0,0,0,0,0,0,0,0,0,0,0,0,0,0,0,0,0,0,0,0,0,0,734.3671013735708,734.3671013735708,734.3671013735708,0,0,0,0,0,0,800.8560034333315,800.8560034333315,800.8560034333315,34.072814582778136,34.072814582778136,34.072814582778136,0,0,0,2233.4849926906236,5044.098191940301,2017.2561383591412,2017.2561383591412,3586.5520577488214
2022-11-24T00:00:00Z,2017.91400691445,1663.6170488979124,1663.6170488979124,1663.6170488979124,0,0,0,0,0,0,0,0,0,0,0,0,0,0,0,0,0,0,0,0,0,0,0,0,0,0,0,0,0,0,0,0,0,0,0,0,0,0,0,844.9034780605905,844.9034780605905,844.9034780605905,0,0,0,0,0,0,806.0626646830693,806.0626646830693,806.0626646830693,12.650906154252413,12.650906154252413,12.650906154252413,0,0,0,2291.1920919388444,5084.89481003863,2017.91400691445,2017.91400691445,3681.5310558123624
2022-11-25T00:00:00Z,2018.571875469759,1859.8917970398827,1859.8917970398827,1859.8917970398827,0,0,0,0,0,0,0,0,0,0,0,0,0,0,0,0,0,0,0,0,0,0,0,0,0,0,0,0,0,0,0,0,0,0,0,0,0,0,0,1067.3686221242417,1067.3686221242417,1067.3686221242417,0,0,0,0,0,0,800.601751399227,800.601751399227,800.601751399227,-8.078576483586021,-8.078576483586021,-8.078576483586021,0,0,0,2453.0931495101763,5322.3109125389665,2018.571875469759,2018.571875469759,3878.4636725096416
2022-11-26T00:00:00Z,2019.229744025068,982.2390791648232,982.2390791648232,982.2390791648232,0,0,0,0,0,0,1201.4993759236843,1201.4993759236843,1201.4993759236843,0,0,0,0,0,0,0,0,0,1201.4993759236843,1201.4993759236843,1201.4993759236843,0,0,0,0,0,0,0,0,0,0,0,0,0,0,0,0,0,0,1286.1453123979381,1286.1453123979381,1286.1453123979381,0,0,0,0,0,0,-1478.1331127813787,-1478.1331127813787,-1478.1331127813787,-27.272496375421046,-27.272496375421046,-27.272496375421046,0,0,0,1499.9019046741246,4393.771527120036,2019.229744025068,2019.229744025068,3001.4688231898913
2022-11-27T00:00:00Z,2019.887612580377,382.47844124370846,382.47844124370846,382.47844124370846,0,0,0,0,0,0,1201.4993759236843,1201.4993759236843,1201.4993759236843,0,0,0,0,0,0,0,0,0,1201.4993759236843,1201.4993759236843,1201.4993759236843,0,0,0,0,0,0,0,0,0,0,0,0,0,0,0,0,0,0,1285.7045098846183,1285.7045098846183,1285.7045098846183,0,0,0,0,0,0,-2060.641727079579,-2060.641727079579,-2060.641727079579,-44.08371748501489,-44.08371748501489,-44.08371748501489,0,0,0,957.4644471793341,3749.742802766568,2019.887612580377,2019.887612580377,2402.3660538240856
2022-11-28T00:00:00Z,2020.5454811356858,783.4463810506996,783.4463810506996,783.4463810506996,0,0,0,0,0,0,1201.4993759236843,1201.4993759236843,1201.4993759236843,-1683.3583639625576,-1683.3583639625576,-1683.3583639625576,0,0,0,0,0,0,1201.4993759236843,1201.4993759236843,1201.4993759236843,0,0,0,0,0,0,0,0,0,0,0,0,0,0,0,-1683.3583639625576,-1683.3583639625576,-1683.3583639625576,924.8403663626475,924.8403663626475,924.8403663626475,0,0,0,0,0,0,398.1504989770979,398.1504989770979,398.1504989770979,-57.68549625017235,-57.68549625017235,-57.68549625017235,0,0,0,1439.2501729515488,4300.783284494567,2020.5454811356858,2020.5454811356858,2803.9918621863853
2022-11-29T00:00:00Z,2021.2033496909949,4660.400648246924,4660.400648246924,4660.400648246924,0,0,0,0,0,0,3715.290483842817,3715.290483842817,3715.290483842817,0,0,0,2513.791107919133,2513.791107919133,2513.791107919133,0,0,0,1201.4993759236843,1201.4993759236843,1201.4993759236843,0,0,0,0,0,0,0,0,0,0,0,0,0,0,0,0,0,0,279.302347625204,279.302347625204,279.302347625204,0,0,0,0,0,0,733.1039213656915,733.1039213656915,733.1039213656915,-67.29610458678873,-67.29610458678873,-67.29610458678873,0,0,0,5193.273189004555,8115.4379530897095,2021.2033496909949,2021.2033496909949,6681.603997937918
2022-11-30T00:00:00Z,2021.8612182463037,6568.370047154326,6568.370047154326,6568.370047154326,0,0,0,0,0,0,6221.093231655167,6221.093231655167,6221.093231655167,0,0,0,0,0,0,5019.593855731483,5019.593855731483,5019.593855731483,1201.4993759236843,1201.4993759236843,1201.4993759236843,0,0,0,0,0,0,0,0,0,0,0,0,0,0,0,0,0,0,-381.37618433375985,-381.37618433375985,-381.37618433375985,0,0,0,0,0,0,800.8560034337105,800.8560034337105,800.8560034337105,-72.20300360079223,-72.20300360079223,-72.20300360079223,0,0,0,7126.033733374088,10098.767590692207,2021.8612182463037,2021.8612182463037,8590.23126540063
2022-12-01T00:00:00Z,2022.5190868016127,-658.4949401208419,-658.4949401208419,-658.4949401208419,0,0,0,0,0,0,-615.221000053812,-615.221000053812,-615.221000053812,0,0,0,0,0,0,0,0,0,0,0,0,0,0,0,-615.221000053812,-615.221000053812,-615.221000053812,0,0,0,0,0,0,0,0,0,0,0,0,-777.5507191047532,-777.5507191047532,-777.5507191047532,0,0,0,0,0,0,806.0626646852546,806.0626646852546,806.0626646852546,-71.78588564753127,-71.78588564753127,-71.78588564753127,0,0,0,-120.2334588574782,2786.4074256866675,2022.5190868016127,2022.5190868016127,1364.0241466807709
2022-12-02T00:00:00Z,2023.1769553569216,-834.2079785102862,-834.2079785102862,-834.2079785102862,0,0,0,0,0,0,-752.8897151972958,-752.8897151972958,-752.8897151972958,0,0,0,0,0,0,0,0,0,0,0,0,-752.8897151972958,-752.8897151972958,-752.8897151972958,0,0,0,0,0,0,0,0,0,0,0,0,0,0,0,-816.382095088373,-816.382095088373,-816.382095088373,0,0,0,0,0,0,800.6017513976277,800.6017513976277,800.6017513976277,-65.53791962224524,-65.53791962224524,-65.53791962224524,0,0,0,-263.4064770827148,2770.3161513649793,2023.1769553569216,2023.1769553569216,1188.9689768466353
2022-12-03T00:00:00Z,2023.8348239122306,-2812.5640465279103,-2812.5640465279103,-2812.5640465279103,0,0,0,0,0,0,-641.1967284672644,-641.1967284672644,-641.1967284672644,0,0,0,0,0,0,0,0,0,0,0,0,0,0,0,0,0,0,-641.1967284672644,-641.1967284672644,-641.1967284672644,0,0,0,0,0,0,0,0,0,-640.1496350297914,-640.1496350297914,-640.1496350297914,0,0,0,0,0,0,-1478.1331127823796,-1478.1331127823796,-1478.1331127823796,-53.0845702484743,-53.0845702484743,-53.0845702484743,0,0,0,-2291.8891909735808,535.4675029947175,2023.8348239122306,2023.8348239122306,-788.7292226156796
2022-12-04T00:00:00Z,2024.4926924675394,-3227.810321801716,-3227.810321801716,-3227.810321801716,0,0,0,0,0,0,-641.1967284672644,-641.1967284672644,-641.1967284672644,0,0,0,0,0,0,0,0,0,0,0,0,0,0,0,0,0,0,-641.1967284672644,-641.1967284672644,-641.1967284672644,0,0,0,0,0,0,0,0,0,-491.7724502967745,-491.7724502967745,-491.7724502967745,0,0,0,0,0,0,-2060.641727084346,-2060.641727084346,-2060.641727084346,-34.19941595333097,-34.19941595333097,-34.19941595333097,0,0,0,-2695.4523279903965,269.3106929453197,2024.4926924675394,2024.4926924675394,-1203.3176293341764
2022-12-05T00:00:00Z,2025.1505610228485,-770.3297497886314,-770.3297497886314,-770.3297497886314,0,0,0,0,0,0,-641.1967284672644,-641.1967284672644,-641.1967284672644,0,0,0,0,0,0,0,0,0,0,0,0,0,0,0,0,0,0,-641.1967284672644,-641.1967284672644,-641.1967284672644,0,0,0,0,0,0,0,0,0,-518.4670598631199,-518.4670598631199,-518.4670598631199,0,0,0,0,0,0,398.15049898002326,398.15049898002326,398.15049898002326,-8.816460438270223,-8.816460438270223,-8.816460438270223,0,0,0,-225.01342942372037,2655.394144405361,2025.1505610228485,2025.1505610228485,1254.8208112342172
2022-12-06T00:00:00Z,2025.8084295781573,-563.8162220916989,-563.8162220916989,-563.8162220916989,0,0,0,0,0,0,-641.1967284672644,-641.1967284672644,-641.1967284672644,0,0,0,0,0,0,0,0,0,0,0,0,0,0,0,0,0,0,-641.1967284672644,-641.1967284672644,-641.1967284672644,0,0,0,0,0,0,0,0,0,-678.6848964188838,-678.6848964188838,-678.6848964188838,0,0,0,0,0,0,733.1039213657201,733.1039213657201,733.1039213657201,22.96148142872886,22.96148142872886,22.96148142872886,0,0,0,118.61685935983994,2960.3903251298325,2025.8084295781573,2025.8084295781573,1461.9922074864585
2022-12-07T00:00:00Z,2026.4662981334664,-595.5179186079366,-595.5179186079366,-595.5179186079366,0,0,0,0,0,0,-641.1967284672644,-641.1967284672644,-641.1967284672644,0,0,0,0,0,0,0,0,0,0,0,0,0,0,0,0,0,0,-641.1967284672644,-641.1967284672644,-641.1967284672644,0,0,0,0,0,0,0,0,0,-816.0358379697057,-816.0358379697057,-816.0358379697057,0,0,0,0,0,0,800.8560034329048,800.8560034329048,800.8560034329048,60.85864439612872,60.85864439612872,60.85864439612872,0,0,0,69.73943648191658,2986.2538653102715,2026.4662981334664,2026.4662981334664,1430.9483795255296
2022-12-08T00:00:00Z,2027.1241666887752,95.6908714378176,95.6908714378176,95.6908714378176,0,0,0,0,0,0,0,0,0,0,0,0,0,0,0,0,0,0,0,0,0,0,0,0,0,0,0,0,0,0,0,0,0,0,0,0,0,0,0,-814.7984258139911,-814.7984258139911,-814.7984258139911,0,0,0,0,0,0,806.0626646846607,806.0626646846607,806.0626646846607,104.42663256714798,104.42663256714798,104.42663256714798,0,0,0,671.4426337942301,3667.0542241766575,2027.1241666887752,2027.1241666887752,2122.8150381265928
2022-12-09T00:00:00Z,2027.782035244084,262.543680607177,262.543680607177,262.543680607177,0,0,0,0,0,0,0,0,0,0,0,0,0,0,0,0,0,0,0,0,0,0,0,0,0,0,0,0,0,0,0,0,0,0,0,0,0,0,0,-691.1073649487056,-691.1073649487056,-691.1073649487056,0,0,0,0,0,0,800.6017514024395,800.6017514024395,800.6017514024395,153.04929415344313,153.04929415344313,153.04929415344313,0,0,0,791.1719861074049,3758.2452764694535,2027.782035244084,2027.782035244084,2290.325715851261
2022-12-10T00:00:00Z,2028.439903799393,-1821.8266853566424,-1821.8266853566424,-1821.8266853566424,0,0,0,0,0,0,0,0,0,0,0,0,0,0,0,0,0,0,0,0,0,0,0,0,0,0,0,0,0,0,0,0,0,0,0,0,0,0,0,-549.6456992238096,-549.6456992238096,-549.6456992238096,0,0,0,0,0,0,-1478.1331127833803,-1478.1331127833803,-1478.1331127833803,205.95212665054737,205.95212665054737,205.95212665054737,0,0,0,-1247.7311811078469,1596.839405018644,2028.439903799393,2028.439903799393,206.61321844275062
2022-12-11T00:00:00Z,2029.0977723547019,-2265.547509069428,-2265.547509069428,-2265.547509069428,0,0,0,0,0,0,0,0,0,0,0,0,0,0,0,0,0,0,0,0,0,0,0,0,0,0,0,0,0,0,0,0,0,0,0,0,0,0,0,-467.1218479745041,-467.1218479745041,-467.1218479745041,0,0,0,0,0,0,-2060.641727083787,-2060.641727083787,-2060.641727083787,262.2160659888623,262.2160659888623,262.2160659888623,0,0,0,-1788.444798064988,1258.184132544747,2029.0977723547019,2029.0977723547019,-236.4497367147262
2022-12-12T00:00:00Z,2029.755640910011,294.63509098339983,294.63509098339983,294.63509098339983,0,0,0,0,0,0,0,0,0,0,0,0,0,0,0,0,0,0,0,0,0,0,0,0,0,0,0,0,0,0,0,0,0,0,0,0,0,0,0,-424.3108014561993,-424.3108014561993,-424.3108014561993,0,0,0,0,0,0,398.1504989806025,398.1504989806025,398.1504989806025,320.7953934589966,320.7953934589966,320.7953934589966,0,0,0,879.8358060707569,3713.2855471607418,2029.755640910011,2029.755640910011,2324.3907318934107
2022-12-13T00:00:00Z,2030.4135094653197,766.6880045114096,766.6880045114096,766.6880045114096,0,0,0,0,0,0,0,0,0,0,0,0,0,0,0,0,0,0,0,0,0,0,0,0,0,0,0,0,0,0,0,0,0,0,0,0,0,0,0,-346.95529669160146,-346.95529669160146,-346.95529669160146,0,0,0,0,0,0,733.1039213654261,733.1039213654261,733.1039213654261,380.53937983758476,380.53937983758476,380.53937983758476,0,0,0,1364.1083051029077,4149.205492765651,2030.4135094653197,2030.4135094653197,2797.1015139767296
2022-12-14T00:00:00Z,2031.0713780206288,1039.8208717120153,1039.8208717120153,1039.8208717120153,0,0,0,0,0,0,0,0,0,0,0,0,0,0,0,0,0,0,0,0,0,0,0,0,0,0,0,0,0,0,0,0,0,0,0,0,0,0,0,-201.25231202928182,-201.25231202928182,-201.25231202928182,0,0,0,0,0,0,800.856003433284,800.856003433284,800.856003433284,440.2171803080135,440.2171803080135,440.2171803080135,0,0,0,1640.495946301276,4655.157572692936,2031.0713780206288,2031.0713780206288,3070.892249732644
2022-12-15T00:00:00Z,2031.7292465759376,1266.514653853087,1266.514653853087,1266.514653853087,0,0,0,0,0,0,0,0,0,0,0,0,0,0,0,0,0,0,0,0,0,0,0,0,0,0,0,0,0,0,0,0,0,0,0,0,0,0,0,-38.09341029502985,-38.09341029502985,-38.09341029502985,0,0,0,0,0,0,806.0626646828161,806.0626646828161,806.0626646828161,498.5453994653009,498.5453994653009,498.5453994653009,0,0,0,1862.0799024380724,4779.033687502607,2031.7292465759376,2031.7292465759376,3298.2439004290245
2022-12-16T00:00:00Z,2032.310771827547,1415.2581529756155,1415.2581529756155,1415.2581529756155,0,0,0,0,0,0,0,0,0,0,0,0,0,0,0,0,0,0,0,0,0,0,0,0,0,0,0,0,0,0,0,0,0,0,0,0,0,0,0,60.43873599144628,60.43873599144628,60.43873599144628,0,0,0,0,0,0,800.6017514008404,800.6017514008404,800.6017514008404,554.2176655833287,554.2176655833287,554.2176655833287,0,0,0,1910.3715890306896,4944.496596985202,2032.310771827547,2032.310771827547,3447.568924803162
2022-12-17T00:00:00Z,2032.8922970791562,-798.7455447172404,-798.7455447172404,-798.7455447172404,0,0,0,0,0,0,0,0,0,0,0,0,0,0,0,0,0,0,0,0,0,0,0,0,0,0,0,0,0,0,0,0,0,0,0,0,0,0,0,73.45207832040565,73.45207832040565,73.45207832040565,0,0,0,0,0,0,-1478.1331127864364,-1478.1331127864364,-1478.1331127864364,605.9354897487908,605.9354897487908,605.9354897487908,0,0,0,-244.71527683168793,2670.6360494213654,2032.8922970791562,2032.8922970791562,1234.1467523619158
2022-12-18T00:00:00Z,2033.4738223307659,-1336.4779512484697,-1336.4779512484697,-1336.4779512484697,0,0,0,0,0,0,0,0,0,0,0,0,0,0,0,0,0,0,0,0,0,0,0,0,0,0,0,0,0,0,0,0,0,0,0,0,0,0,0,71.72413550515722,71.72413550515722,71.72413550515722,0,0,0,0,0,0,-2060.6417270832267,-2060.6417270832267,-2060.6417270832267,652.4396403296004,652.4396403296004,652.4396403296004,0,0,0,-749.0111805180322,2198.4833021776794,2033.4738223307659,2033.4738223307659,696.9958710822962
2022-12-19T00:00:00Z,2034.0553475823751,1240.6895547496692,1240.6895547496692,1240.6895547496692,0,0,0,0,0,0,0,0,0,0,0,0,0,0,0,0,0,0,0,0,0,0,0,0,0,0,0,0,0,0,0,0,0,0,0,0,0,0,0,149.99781781603758,149.99781781603758,149.99781781603758,0,0,0,0,0,0,398.1504989811817,398.1504989811817,398.1504989811817,692.5412379524504,692.5412379524504,692.5412379524504,0,0,0,1812.5568412345547,4749.5372398498475,2034.0553475823751,2034.0553475823751,3274.744902332044
2022-12-20T00:00:00Z,2034.6368728339842,1787.3942285746023,1787.3942285746023,1787.3942285746023,0,0,0,0,0,0,0,0,0,0,0,0,0,0,0,0,0,0,0,0,0,0,0,0,0,0,0,0,0,0,0,0,0,0,0,0,0,0,0,329.138535569865,329.138535569865,329.138535569865,0,0,0,0,0,0,733.1039213663458,733.1039213663458,733.1039213663458,725.1517716383914,725.1517716383914,725.1517716383914,0,0,0,2392.9115890795124,5197.549648446285,2034.6368728339842,2034.6368728339842,3822.0311014085864
2022-12-21T00:00:00Z,2035.2183980855934,2081.990531086758,2081.990531086758,2081.990531086758,0,0,0,0,0,0,0,0,0,0,0,0,0,0,0,0,0,0,0,0,0,0,0,0,0,0,0,0,0,0,0,0,0,0,0,0,0,0,0,531.8232743506054,531.8232743506054,531.8232743506054,0,0,0,0,0,0,800.8560034330704,800.8560034330704,800.8560034330704,749.3112533030819,749.3112533030819,749.3112533030819,0,0,0,2586.1201740137167,5604.5482555102,2035.2183980855934,2035.2183980855934,4117.208929172351
2022-12-22T00:00:00Z,2035.7999233372027,2232.771493477078,2232.771493477078,2232.771493477078,0,0,0,0,0,0,0,0,0,0,0,0,0,0,0,0,0,0,0,0,0,0,0,0,0,0,0,0,0,0,0,0,0,0,0,0,0,0,0,662.495063531735,662.495063531735,662.495063531735,0,0,0,0,0,0,806.062664683612,806.062664683612,806.062664683612,764.2137652617305,764.2137652617305,764.2137652617305,0,0,0,2650.7342442247837,5672.134434279291,2035.7999233372027,2035.7999233372027,4268.57141681428
2022-12-23T00:00:00Z,2036.381448588812,2282.051522926204,2282.051522926204,2282.051522926204,0,0,0,0,0,0,0,0,0,0,0,0,0,0,0,0,0,0,0,0,0,0,0,0,0,0,0,0,0,0,0,0,0,0,0,0,0,0,0,712.2200586273711,712.2200586273711,712.2200586273711,0,0,0,0,0,0,800.6017514011528,800.6017514011528,800.6017514011528,769.2297128976802,769.2297128976802,769.2297128976802,0,0,0,2871.1371940042186,5622.278317268184,2036.381448588812,2036.381448588812,4318.432971515016
2022-12-24T00:00:00Z,2036.9629738404212,60.84961329036685,60.84961329036685,60.84961329036685,0,0,0,0,0,0,0,0,0,0,0,0,0,0,0,0,0,0,0,0,0,0,0,0,0,0,0,0,0,0,0,0,0,0,0,0,0,0,0,775.0585551647108,775.0585551647108,775.0585551647108,0,0,0,0,0,0,-1478.1331127853828,-1478.1331127853828,-1478.1331127853828,763.9241709110385,763.9241709110385,763.9241709110385,0,0,0,677.1023001919949,3587.2995972318618,2036.9629738404212,2036.9629738404212,2097.812587130788
2022-12-25T00:00:00Z,2037.5444990920307,-3957.412191175896,-3957.412191175896,-3957.412191175896,-3590.3772750081125,-3590.3772750081125,-3590.3772750081125,0,0,0,0,0,0,-3590.3772750081125,-3590.3772750081125,-3590.3772750081125,0,0,0,0,0,0,0,0,0,0,0,0,0,0,0,0,0,0,0,0,0,0,0,0,0,0,0,945.5360061917521,945.5360061917521,945.5360061917521,0,0,0,0,0,0,-2060.6417270808765,-2060.6417270808765,-2060.6417270808765,748.0708047213408,748.0708047213408,748.0708047213408,0,0,0,-3295.0746771012023,-470.7609007563001,2037.5444990920307,2037.5444990920307,-1919.8676920838654
2022-12-26T00:00:00Z,2038.12602434364,-1280.4557429965016,-1280.4557429965016,-1280.4557429965016,-3590.3772750081125,-3590.3772750081125,-3590.3772750081125,0,0,0,0,0,0,-3590.3772750081125,-3590.3772750081125,-3590.3772750081125,0,0,0,0,0,0,0,0,0,0,0,0,0,0,0,0,0,0,0,0,0,0,0,0,0,0,0,1190.110076708046,1190.110076708046,1190.110076708046,0,0,0,0,0,0,398.150498984107,398.150498984107,398.150498984107,721.6609563194584,721.6609563194584,721.6609563194584,0,0,0,-708.5294149454236,2130.5020790610624,2038.12602434364,2038.12602434364,757.6702813471384
2022-12-27T00:00:00Z,2038.7075495952492,3945.659728063436,3945.659728063436,3945.659728063436,0,0,0,0,0,0,1201.4993759236843,1201.4993759236843,1201.4993759236843,0,0,0,0,0,0,0,0,0,1201.4993759236843,1201.4993759236843,1201.4993759236843,0,0,0,0,0,0,0,0,0,0,0,0,0,0,0,0,0,0,1326.1488273477512,1326.1488273477512,1326.1488273477512,0,0,0,0,0,0,733.1039213660524,733.1039213660524,733.1039213660524,684.9076034259487,684.9076034259487,684.9076034259487,0,0,0,4565.496456634316,7509.574667285369,2038.7075495952492,2038.7075495952492,5984.367277658685
2022-12-28T00:00:00Z,2039.2890748468585,3791.9894412217905,3791.9894412217905,3791.9894412217905,0,0,0,0,0,0,1201.4993759236843,1201.4993759236843,1201.4993759236843,0,0,0,0,0,0,0,0,0,1201.4993759236843,1201.4993759236843,1201.4993759236843,0,0,0,0,0,0,0,0,0,0,0,0,0,0,0,0,0,0,1151.3900327235508,1151.3900327235508,1151.3900327235508,0,0,0,0,0,0,800.8560034328573,800.8560034328573,800.8560034328573,638.2440291416981,638.2440291416981,638.2440291416981,0,0,0,4442.633777187397,7231.478189307231,2039.2890748468585,2039.2890748468585,5831.278516068649
2022-12-29T00:00:00Z,2039.8706000984678,3213.608344749837,3213.608344749837,3213.608344749837,0,0,0,0,0,0,1201.4993759236843,1201.4993759236843,1201.4993759236843,0,0,0,0,0,0,0,0,0,1201.4993759236843,1201.4993759236843,1201.4993759236843,0,0,0,0,0,0,0,0,0,0,0,0,0,0,0,0,0,0,623.7291310997432,623.7291310997432,623.7291310997432,0,0,0,0,0,0,806.0626646844075,806.0626646844075,806.0626646844075,582.3171730420022,582.3171730420022,582.3171730420022,0,0,0,3789.0564898662465,6694.65977711745,2039.8706000984678,2039.8706000984678,5253.478944848305
2022-12-30T00:00:00Z,2040.452125350077,4964.769157921332,4964.769157921332,4964.769157921332,0,0,0,0,0,0,3715.290483842817,3715.290483842817,3715.290483842817,0,0,0,2513.791107919133,2513.791107919133,2513.791107919133,0,0,0,1201.4993759236843,1201.4993759236843,1201.4993759236843,0,0,0,0,0,0,0,0,0,0,0,0,0,0,0,0,0,0,-69.09884770165047,-69.09884770165047,-69.09884770165047,0,0,0,0,0,0,800.601751401465,800.601751401465,800.601751401465,517.9757703787011,517.9757703787011,517.9757703787011,0,0,0,5477.083822672842,8352.216103869976,2040.452125350077,2040.452125350077,7005.221283271409
2022-12-31T00:00:00Z,2041.033650601686,4564.941586751007,4564.941586751007,4564.941586751007,0,0,0,0,0,0,6221.093231655167,6221.093231655167,6221.093231655167,0,0,0,0,0,0,5019.593855731483,5019.593855731483,5019.593855731483,1201.4993759236843,1201.4993759236843,1201.4993759236843,0,0,0,0,0,0,0,0,0,0,0,0,0,0,0,0,0,0,-624.2720522547996,-624.2720522547996,-624.2720522547996,0,0,0,0,0,0,-1478.133112780349,-1478.133112780349,-1478.133112780349,446.2535201309887,446.2535201309887,446.2535201309887,0,0,0,5108.565362156889,8036.420686413141,2041.033650601686,2041.033650601686,6605.9752373526935
2023-01-01T00:00:00Z,2041.6151758532958,-4828.280002969149,-4828.280002969149,-4828.280002969149,0,0,0,0,0,0,-615.221000053812,-615.221000053812,-615.221000053812,-1683.3583639625576,-1683.3583639625576,-1683.3583639625576,0,0,0,0,0,0,0,0,0,0,0,0,-615.221000053812,-615.221000053812,-615.221000053812,0,0,0,0,0,0,0,0,0,-1683.3583639625576,-1683.3583639625576,-1683.3583639625576,-837.4065634154015,-837.4065634154015,-837.4065634154015,0,0,0,0,0,0,-2060.6417270856437,-2060.6417270856437,-2060.6417270856437,368.3476515482663,368.3476515482663,368.3476515482663,0,0,0,-4219.330027704185,-1333.308531651535,2041.6151758532958,2041.6151758532958,-2786.664827115853
2023-01-02T00:00:00Z,2042.196701104905,-2492.3868418136794,-2492.3868418136794,-2492.3868418136794,0,0,0,0,0,0,-752.8897151972958,-752.8897151972958,-752.8897151972958,-1683.3583639625576,-1683.3583639625576,-1683.3583639625576,0,0,0,0,0,0,0,0,0,-752.8897151972958,-752.8897151972958,-752.8897151972958,0,0,0,0,0,0,0,0,0,0,0,0,-1683.3583639625576,-1683.3583639625576,-1683.3583639625576,-739.8826407439163,-739.8826407439163,-739.8826407439163,0,0,0,0,0,0,398.15049898468635,398.15049898468635,398.15049898468635,285.5933791054039,285.5933791054039,285.5933791054039,0,0,0,-1887.2107572263878,1072.169363374451,2042.196701104905,2042.196701104905,-450.1901407087744
2023-01-03T00:00:00Z,2042.7782263565143,-257.7728410469386,-257.7728410469386,-257.7728410469386,0,0,0,0,0,0,-641.1967284672644,-641.1967284672644,-641.1967284672644,0,0,0,0,0,0,0,0,0,0,0,0,0,0,0,0,0,0,-641.1967284672644,-641.1967284672644,-641.1967284672644,0,0,0,0,0,0,0,0,0,-549.1148781828228,-549.1148781828228,-549.1148781828228,0,0,0,0,0,0,733.103921366081,733.103921366081,733.103921366081,199.43484423706775,199.43484423706775,199.43484423706775,0,0,0,309.0080933177418,3259.545397562124,2042.7782263565143,2042.7782263565143,1785.0053853095758
2023-01-04T00:00:00Z,2043.3597516081236,-210.47540302717582,-210.47540302717582,-210.47540302717582,0,0,0,0,0,0,-641.1967284672644,-641.1967284672644,-641.1967284672644,0,0,0,0,0,0,0,0,0,0,0,0,0,0,0,0,0,0,-641.1967284672644,-641.1967284672644,-641.1967284672644,0,0,0,0,0,0,0,0,0,-481.527913875169,-481.527913875169,-481.527913875169,0,0,0,0,0,0,800.8560034326439,800.8560034326439,800.8560034326439,111.39323588261357,111.39323588261357,111.39323588261357,0,0,0,477.63916650187815,3313.8366238486483,2043.3597516081236,2043.3597516081236,1832.8843485809477
2023-01-05T00:00:00Z,2043.9412768597329,-402.86345640897724,-402.86345640897724,-402.86345640897724,0,0,0,0,0,0,-641.1967284672644,-641.1967284672644,-641.1967284672644,0,0,0,0,0,0,0,0,0,0,0,0,0,0,0,0,0,0,-641.1967284672644,-641.1967284672644,-641.1967284672644,0,0,0,0,0,0,0,0,0,-590.7622508506055,-590.7622508506055,-590.7622508506055,0,0,0,0,0,0,806.0626646811733,806.0626646811733,806.0626646811733,23.032858227718958,23.032858227718958,23.032858227718958,0,0,0,122.10605568093861,3096.5527199893872,2043.9412768597329,2043.9412768597329,1641.0778204507556
2023-01-06T00:00:00Z,2044.522802111342,-664.770309101072,-664.770309101072,-664.770309101072,0,0,0,0,0,0,-641.1967284672644,-641.1967284672644,-641.1967284672644,0,0,0,0,0,0,0,0,0,0,0,0,0,0,0,0,0,0,-641.1967284672644,-641.1967284672644,-641.1967284672644,0,0,0,0,0,0,0,0,0,-760.1013029935494,-760.1013029935494,-760.1013029935494,0,0,0,0,0,0,800.6017513979543,800.6017513979543,800.6017513979543,-64.07402903821225,-64.07402903821225,-64.07402903821225,0,0,0,-97.6758251281724,2831.6805989160393,2044.522802111342,2044.522802111342,1379.75249301027
2023-01-07T00:00:00Z,2045.1043273629516,-3102.6645359650506,-3102.6645359650506,-3102.6645359650506,0,0,0,0,0,0,-641.1967284672644,-641.1967284672644,-641.1967284672644,0,0,0,0,0,0,0,0,0,0,0,0,0,0,0,0,0,0,-641.1967284672644,-641.1967284672644,-641.1967284672644,0,0,0,0,0,0,0,0,0,-834.9519579987873,-834.9519579987873,-834.9519579987873,0,0,0,0,0,0,-1478.1331127813503,-1478.1331127813503,-1478.1331127813503,-148.3827367176494,-148.3827367176494,-148.3827367176494,0,0,0,-2496.8926219310565,391.5895974784729,2045.1043273629516,2045.1043273629516,-1057.560208602099
2023-01-08T00:00:00Z,2045.6858526145609,-3051.536078524249,-3051.536078524249,-3051.536078524249,0,0,0,0,0,0,0,0,0,0,0,0,0,0,0,0,0,0,0,0,0,0,0,0,0,0,0,0,0,0,0,0,0,0,0,0,0,0,0,-762.483188181447,-762.483188181447,-762.483188181447,0,0,0,0,0,0,-2060.641727085084,-2060.641727085084,-2060.641727085084,-228.41116325771867,-228.41116325771867,-228.41116325771867,0,0,0,-2556.7321194532547,457.7698430709722,2045.6858526145609,2045.6858526145609,-1005.8502259096883
2023-01-09T00:00:00Z,2046.2673778661701,-520.4671380507596,-520.4671380507596,-520.4671380507596,0,0,0,0,0,0,0,0,0,0,0,0,0,0,0,0,0,0,0,0,0,0,0,0,0,0,0,0,0,0,0,0,0,0,0,0,0,0,0,-615.8442004083587,-615.8442004083587,-615.8442004083587,0,0,0,0,0,0,398.15049898643855,398.15049898643855,398.15049898643855,-302.77343662883936,-302.77343662883936,-302.77343662883936,0,0,0,49.82959643977544,2963.0535815523335,2046.2673778661701,2046.2673778661701,1525.8002398154106
2023-01-10T00:00:00Z,2046.8489031177794,-137.04325258605957,-137.04325258605957,-137.04325258605957,0,0,0,0,0,0,0,0,0,0,0,0,0,0,0,0,0,0,0,0,0,0,0,0,0,0,0,0,0,0,0,0,0,0,0,0,0,0,0,-499.9358284130856,-499.9358284130856,-499.9358284130856,0,0,0,0,0,0,733.103921365465,733.103921365465,733.103921365465,-370.211345538439,-370.211345538439,-370.211345538439,0,0,0,492.27164783085163,3413.405522782636,2046.8489031177794,2046.8489031177794,1909.80565053172
2023-01-11T00:00:00Z,2047.4304283693884,-73.98817178797445,-73.98817178797445,-73.98817178797445,0,0,0,0,0,0,0,0,0,0,0,0,0,0,0,0,0,0,0,0,0,0,0,0,0,0,0,0,0,0,0,0,0,0,0,0,0,0,0,-445.22139793127246,-445.22139793127246,-445.22139793127246,0,0,0,0,0,0,800.856003433455,800.856003433455,800.856003433455,-429.622777290157,-429.622777290157,-429.622777290157,0,0,0,538.0565203324268,3388.7312894372985,2047.4304283693884,2047.4304283693884,1973.442256581414
2023-01-12T00:00:00Z,2048.0119536209977,-68.03326516785009,-68.03326516785009,-68.03326516785009,0,0,0,0,0,0,0,0,0,0,0,0,0,0,0,0,0,0,0,0,0,0,0,0,0,0,0,0,0,0,0,0,0,0,0,0,0,0,0,-394.00947720271256,-394.00947720271256,-394.00947720271256,0,0,0,0,0,0,806.0626646833588,806.0626646833588,806.0626646833588,-480.08645264849645,-480.08645264849645,-480.08645264849645,0,0,0,482.2915060842375,3429.0365721564976,2048.0119536209977,2048.0119536209977,1979.9786884531477
2023-01-13T00:00:00Z,2048.5934788726076,-1.5411881206071285,-1.5411881206071285,-1.5411881206071285,0,0,0,0,0,0,0,0,0,0,0,0,0,0,0,0,0,0,0,0,0,0,0,0,0,0,0,0,0,0,0,0,0,0,0,0,0,0,0,-281.26059990397476,-281.26059990397476,-281.26059990397476,0,0,0,0,0,0,800.6017513982667,800.6017513982667,800.6017513982667,-520.8823396148993,-520.8823396148993,-520.8823396148993,0,0,0,600.6041050104571,3478.54618752432,2048.5934788726076,2048.5934788726076,2047.0522907520005
2023-01-14T00:00:00Z,2049.1750041242167,-2145.94147590797,-2145.94147590797,-2145.94147590797,0,0,0,0,0,0,0,0,0,0,0,0,0,0,0,0,0,0,0,0,0,0,0,0,0,0,0,0,0,0,0,0,0,0,0,0,0,0,0,-116.30112739269026,-116.30112739269026,-116.30112739269026,0,0,0,0,0,0,-1478.1331127823512,-1478.1331127823512,-1478.1331127823512,-551.5072357329283,-551.5072357329283,-551.5072357329283,0,0,0,-1566.301279328082,1480.8293187733684,2049.1750041242167,2049.1750041242167,-96.76647178375333
2023-01-15T00:00:00Z,2049.7565293758257,-2609.4703308259072,-2609.4703308259072,-2609.4703308259072,0,0,0,0,0,0,0,0,0,0,0,0,0,0,0,0,0,0,0,0,0,0,0,0,0,0,0,0,0,0,0,0,0,0,0,0,0,0,0,22.856525882293955,22.856525882293955,22.856525882293955,0,0,0,0,0,0,-2060.641727084525,-2060.641727084525,-2060.641727084525,-571.6851296236764,-571.6851296236764,-571.6851296236764,0,0,0,-1970.8141952557198,895.9138273183667,2049.7565293758257,2049.7565293758257,-559.7138014500815
2023-01-16T00:00:00Z,2050.338054627435,-108.24345465081385,-108.24345465081385,-108.24345465081385,0,0,0,0,0,0,0,0,0,0,0,0,0,0,0,0,0,0,0,0,0,0,0,0,0,0,0,0,0,0,0,0,0,0,0,0,0,0,0,74.97813015711546,74.97813015711546,74.97813015711546,0,0,0,0,0,0,398.15049897883773,398.15049897883773,398.15049897883773,-581.3720837867671,-581.3720837867671,-581.3720837867671,0,0,0,461.084475753705,3442.795453926507,2050.338054627435,2050.338054627435,1942.0945999766213
2023-01-17T00:00:00Z,2050.9195798790442,220.14224655088927,220.14224655088927,220.14224655088927,0,0,0,0,0,0,0,0,0,0,0,0,0,0,0,0,0,0,0,0,0,0,0,0,0,0,0,0,0,0,0,0,0,0,0,0,0,0,0,67.79384405098794,67.79384405098794,67.79384405098794,0,0,0,0,0,0,733.1039213654936,733.1039213654936,733.1039213654936,-580.7555188655923,-580.7555188655923,-580.7555188655923,0,0,0,910.2001595143067,3748.934723635654,2050.9195798790442,2050.9195798790442,2271.0618264299337
2023-01-18T00:00:00Z,2051.5011051306537,327.587801537811,327.587801537811,327.587801537811,0,0,0,0,0,0,0,0,0,0,0,0,0,0,0,0,0,0,0,0,0,0,0,0,0,0,0,0,0,0,0,0,0,0,0,0,0,0,0,96.97971907457928,96.97971907457928,96.97971907457928,0,0,0,0,0,0,800.8560034332418,800.8560034332418,800.8560034332418,-570.2479209700099,-570.2479209700099,-570.2479209700099,0,0,0,924.1924578210701,3830.0442375434977,2051.5011051306537,2051.5011051306537,2379.088906668465
2023-01-19T00:00:00Z,2052.082630382263,485.5991110841654,485.5991110841654,485.5991110841654,0,0,0,0,0,0,0,0,0,0,0,0,0,0,0,0,0,0,0,0,0,0,0,0,0,0,0,0,0,0,0,0,0,0,0,0,0,0,0,230.01158099624962,230.01158099624962,230.01158099624962,0,0,0,0,0,0,806.0626646827648,806.0626646827648,806.0626646827648,-550.4751345948492,-550.4751345948492,-550.4751345948492,0,0,0,995.0339633782615,3958.8118261572445,2052.082630382263,2052.082630382263,2537.6817414664283
2023-01-20T00:00:00Z,2052.6641556338723,712.8403916588383,712.8403916588383,712.8403916588383,0,0,0,0,0,0,0,0,0,0,0,0,0,0,0,0,0,0,0,0,0,0,0,0,0,0,0,0,0,0,0,0,0,0,0,0,0,0,0,434.4981807441226,434.4981807441226,434.4981807441226,0,0,0,0,0,0,800.6017513966674,800.6017513966674,800.6017513966674,-522.2595404819517,-522.2595404819517,-522.2595404819517,0,0,0,1371.19480900094,4316.585984806268,2052.6641556338723,2052.6641556338723,2765.5045472927104
2023-01-21T00:00:00Z,2053.2456808854818,-1355.1431325118333,-1355.1431325118333,-1355.1431325118333,0,0,0,0,0,0,0,0,0,0,0,0,0,0,0,0,0,0,0,0,0,0,0,0,0,0,0,0,0,0,0,0,0,0,0,0,0,0,0,609.5885271514339,609.5885271514339,609.5885271514339,0,0,0,0,0,0,-1478.133112783352,-1478.133112783352,-1478.133112783352,-486.5985468799151,-486.5985468799151,-486.5985468799151,0,0,0,-793.5101112269533,2063.1662284896342,2053.2456808854818,2053.2456808854818,698.1025483736485
2023-01-23T00:00:00Z,2054.4087313887003,-1611.447713959831,-1611.447713959831,-1611.447713959831,0,0,0,-2346.317565425847,-2346.317565425847,-2346.317565425847,0,0,0,-2346.317565425847,-2346.317565425847,-2346.317565425847,0,0,0,0,0,0,0,0,0,0,0,0,0,0,0,0,0,0,0,0,0,0,0,0,0,0,0,734.3671013737205,734.3671013737205,734.3671013737205,0,0,0,0,0,0,398.1504989817633,398.1504989817633,398.1504989817633,-397.64774888946744,-397.64774888946744,-397.64774888946744,0,0,0,-1056.78419529647,1871.6088437649394,2054.4087313887003,2054.4087313887003,442.96101742886935
2023-01-24T00:00:00Z,2054.9902566403093,-1115.2905136164795,-1115.2905136164795,-1115.2905136164795,0,0,0,-2346.317565425847,-2346.317565425847,-2346.317565425847,0,0,0,-2346.317565425847,-2346.317565425847,-2346.317565425847,0,0,0,0,0,0,0,0,0,0,0,0,0,0,0,0,0,0,0,0,0,0,0,0,0,0,0,844.9034780606829,844.9034780606829,844.9034780606829,0,0,0,0,0,0,733.1039213655222,733.1039213655222,733.1039213655222,-346.980347616838,-346.980347616838,-346.980347616838,0,0,0,-490.9855703385655,2479.4216725614237,2054.9902566403093,2054.9902566403093,939.6997430238298
2023-01-25T00:00:00Z,2055.5717818919184,1574.1780012148006,1574.1780012148006,1574.1780012148006,0,0,0,0,0,0,0,0,0,0,0,0,0,0,0,0,0,0,0,0,0,0,0,0,0,0,0,0,0,0,0,0,0,0,0,0,0,0,0,1067.368622124225,1067.368622124225,1067.368622124225,0,0,0,0,0,0,800.8560034330284,800.8560034330284,800.8560034330284,-294.0466243424531,-294.0466243424531,-294.0466243424531,0,0,0,2104.2631066398494,5038.850889132362,2055.5717818919184,2055.5717818919184,3629.749783106719
2023-01-26T00:00:00Z,2056.153307143528,1851.9319315602684,1851.9319315602684,1851.9319315602684,0,0,0,0,0,0,0,0,0,0,0,0,0,0,0,0,0,0,0,0,0,0,0,0,0,0,0,0,0,0,0,0,0,0,0,0,0,0,0,1286.145312398376,1286.145312398376,1286.145312398376,0,0,0,0,0,0,806.0626646835606,806.0626646835606,806.0626646835606,-240.27604552166773,-240.27604552166773,-240.27604552166773,0,0,0,2308.800550778811,5354.363061876862,2056.153307143528,2056.153307143528,3908.085238703796
2023-01-27T00:00:00Z,2056.7348323951373,3100.7231299328546,3100.7231299328546,3100.7231299328546,0,0,0,0,0,0,1201.4993759236843,1201.4993759236843,1201.4993759236843,0,0,0,0,0,0,0,0,0,1201.4993759236843,1201.4993759236843,1201.4993759236843,0,0,0,0,0,0,0,0,0,0,0,0,0,0,0,0,0,0,1285.7045098850963,1285.7045098850963,1285.7045098850963,0,0,0,0,0,0,800.6017514014793,800.6017514014793,800.6017514014793,-187.0825072774055,-187.0825072774055,-187.0825072774055,0,0,0,3784.7837088964857,6574.073288042204,2056.7348323951373,2056.7348323951373,5157.4579623279915
2023-01-28T00:00:00Z,2057.316357646747,512.37678049188,512.37678049188,512.37678049188,0,0,0,0,0,0,1201.4993759236843,1201.4993759236843,1201.4993759236843,0,0,0,0,0,0,0,0,0,1201.4993759236843,1201.4993759236843,1201.4993759236843,0,0,0,0,0,0,0,0,0,0,0,0,0,0,0,0,0,0,924.8403663624762,924.8403663624762,924.8403663624762,0,0,0,0,0,0,-1478.1331127783185,-1478.1331127783185,-1478.1331127783185,-135.82984901596194,-135.82984901596194,-135.82984901596194,0,0,0,1036.752782701919,3950.2001218770233,2057.316357646747,2057.316357646747,2569.6931381386266
2023-01-29T00:00:00Z,2057.897882898356,-667.6388931668539,-667.6388931668539,-667.6388931668539,0,0,0,0,0,0,1201.4993759236843,1201.4993759236843,1201.4993759236843,0,0,0,0,0,0,0,0,0,1201.4993759236843,1201.4993759236843,1201.4993759236843,0,0,0,0,0,0,0,0,0,0,0,0,0,0,0,0,0,0,279.30234762532365,279.30234762532365,279.30234762532365,0,0,0,0,0,0,-2060.6417270834063,-2060.6417270834063,-2060.6417270834063,-87.79888963245541,-87.79888963245541,-87.79888963245541,0,0,0,-79.87667609493651,2783.7050896264273,2057.897882898356,2057.897882898356,1390.258989731502
2023-01-30T00:00:00Z,2058.4794081499654,3687.90799486117,3687.90799486117,3687.90799486117,0,0,0,0,0,0,3715.290483842817,3715.290483842817,3715.290483842817,0,0,0,2513.791107919133,2513.791107919133,2513.791107919133,0,0,0,1201.4993759236843,1201.4993759236843,1201.4993759236843,0,0,0,0,0,0,0,0,0,0,0,0,0,0,0,0,0,0,-381.37618433333216,-381.37618433333216,-381.37618433333216,0,0,0,0,0,0,398.1504989823425,398.1504989823425,398.1504989823425,-44.15680363065747,-44.15680363065747,-44.15680363065747,0,0,0,4265.026295506808,7171.61475010359,2058.4794081499654,2058.4794081499654,5746.387403011136
2023-01-31T00:00:00Z,2059.0609334015744,6170.716842668694,6170.716842668694,6170.716842668694,0,0,0,0,0,0,6221.093231655167,6221.093231655167,6221.093231655167,0,0,0,0,0,0,5019.593855731483,5019.593855731483,5019.593855731483,1201.4993759236843,1201.4993759236843,1201.4993759236843,0,0,0,0,0,0,0,0,0,0,0,0,0,0,0,0,0,0,-777.5507191053108,-777.5507191053108,-777.5507191053108,0,0,0,0,0,0,733.1039213649063,733.1039213649063,733.1039213649063,-5.929591246069049,-5.929591246069049,-5.929591246069049,0,0,0,6757.4690871673365,9736.520972548084,2059.0609334015744,2059.0609334015744,8229.777776070268
2023-02-01T00:00:00Z,2059.6424586531834,-2288.0837699089175,-2288.0837699089175,-2288.0837699089175,0,0,0,0,0,0,-615.221000053812,-615.221000053812,-615.221000053812,-1683.3583639625576,-1683.3583639625576,-1683.3583639625576,0,0,0,0,0,0,0,0,0,0,0,0,-615.221000053812,-615.221000053812,-615.221000053812,0,0,0,0,0,0,0,0,0,-1683.3583639625576,-1683.3583639625576,-1683.3583639625576,-816.382095088408,-816.382095088408,-816.382095088408,0,0,0,0,0,0,800.8560034332472,800.8560034332472,800.8560034332472,26.021685762612695,26.021685762612695,26.021685762612695,0,0,0,-1604.1121605451476,1255.7085188707904,2059.6424586531834,2059.6424586531834,-228.44131125573404
2023-02-02T00:00:00Z,2060.223983904793,-535.9563551706026,-535.9563551706026,-535.9563551706026,0,0,0,0,0,0,-752.8897151972958,-752.8897151972958,-752.8897151972958,0,0,0,0,0,0,0,0,0,0,0,0,-752.8897151972958,-752.8897151972958,-752.8897151972958,0,0,0,0,0,0,0,0,0,0,0,0,0,0,0,-640.1496350301521,-640.1496350301521,-640.1496350301521,0,0,0,0,0,0,806.0626646843564,806.0626646843564,806.0626646843564,51.02033037248881,51.02033037248881,51.02033037248881,0,0,0,128.90491623316976,2939.472380860873,2060.223983904793,2060.223983904793,1524.2676287341903
2023-02-03T00:00:00Z,2060.8055091564024,-263.77878734634965,-263.77878734634965,-263.77878734634965,0,0,0,0,0,0,-641.1967284672644,-641.1967284672644,-641.1967284672644,0,0,0,0,0,0,0,0,0,0,0,0,0,0,0,0,0,0,-641.1967284672644,-641.1967284672644,-641.1967284672644,0,0,0,0,0,0,0,0,0,-491.7724502970557,-491.7724502970557,-491.7724502970557,0,0,0,0,0,0,800.60175139988,800.60175139988,800.60175139988,68.58864001809062,68.58864001809062,68.58864001809062,0,0,0,375.56319193931165,3327.3812418394427,2060.8055091564024,2060.8055091564024,1797.0267218100528
2023-02-04T00:00:00Z,2061.29561890639,-2559.3394949587355,-2559.3394949587355,-2559.3394949587355,0,0,0,0,0,0,-641.1967284672644,-641.1967284672644,-641.1967284672644,0,0,0,0,0,0,0,0,0,0,0,0,0,0,0,0,0,0,-641.1967284672644,-641.1967284672644,-641.1967284672644,0,0,0,0,0,0,0,0,0,-518.4670598634874,-518.4670598634874,-518.4670598634874,0,0,0,0,0,0,-1478.1331127813744,-1478.1331127813744,-1478.1331127813744,78.45740615339103,78.45740615339103,78.45740615339103,0,0,0,-1955.3958295973025,904.3397215127485,2061.29561890639,2061.29561890639,-498.0438760523457
2023-02-05T00:00:00Z,2061.785728656377,-4983.3116329737795,-4983.3116329737795,-4983.3116329737795,0,0,0,0,0,0,-641.1967284672644,-641.1967284672644,-641.1967284672644,-1683.3583639625576,-1683.3583639625576,-1683.3583639625576,0,0,0,0,0,0,0,0,0,0,0,0,0,0,0,-641.1967284672644,-641.1967284672644,-641.1967284672644,0,0,0,0,0,0,-1683.3583639625576,-1683.3583639625576,-1683.3583639625576,-678.6848964191616,-678.6848964191616,-678.6848964191616,0,0,0,0,0,0,-2060.6417270810553,-2060.6417270810553,-2060.6417270810553,80.57008295625869,80.57008295625869,80.57008295625869,0,0,0,-4482.337749700214,-1435.5965236233078,2061.785728656377,2061.785728656377,-2921.5259043174024
2023-02-06T00:00:00Z,2062.275838406364,-2667.3588695661215,-2667.3588695661215,-2667.3588695661215,0,0,0,0,0,0,-641.1967284672644,-641.1967284672644,-641.1967284672644,-1683.3583639625576,-1683.3583639625576,-1683.3583639625576,0,0,0,0,0,0,0,0,0,0,0,0,0,0,0,-641.1967284672644,-641.1967284672644,-641.1967284672644,0,0,0,0,0,0,-1683.3583639625576,-1683.3583639625576,-1683.3583639625576,-816.03583796992325,-816.03583796992325,-816.03583796992325,0,0,0,0,0,0,398.15049898409467,398.15049898409467,398.15049898409467,75.08156184952928,75.08156184952928,75.08156184952928,0,0,0,-2034.887184317163,871.7321418539602,2062.275838406364,2062.275838406364,-605.0830311597574
2023-02-07T00:00:00Z,2062.765948156352,-660.5396061993506,-660.5396061993506,-660.5396061993506,0,0,0,0,0,0,-641.1967284672644,-641.1967284672644,-641.1967284672644,0,0,0,0,0,0,0,0,0,0,0,0,0,0,0,0,0,0,-641.1967284672644,-641.1967284672644,-641.1967284672644,0,0,0,0,0,0,0,0,0,-814.7984258136465,-814.7984258136465,-814.7984258136465,0,0,0,0,0,0,733.1039213661485,733.1039213661485,733.1039213661485,62.35162671541203,62.35162671541203,62.35162671541203,0,0,0,-81.57933226901444,2823.376144092891,2062.765948156352,2062.765948156352,1402.2263419570013
2023-02-08T00:00:00Z,2063.256057906339,152.68193857922725,152.68193857922725,152.68193857922725,0,0,0,0,0,0,0,0,0,0,0,0,0,0,0,0,0,0,0,0,0,0,0,0,0,0,0,0,0,0,0,0,0,0,0,0,0,0,0,-691.1073649496612,-691.1073649496612,-691.1073649496612,0,0,0,0,0,0,800.8560034336261,800.8560034336261,800.8560034336261,42.93330009526214,42.93330009526214,42.93330009526214,0,0,0,794.6956468974014,3622.9678110871414,2063.256057906339,2063.256057906339,2215.937996485566
2023-02-09T00:00:00Z,2063.7461676563266,273.9733852266753,273.9733852266753,273.9733852266753,0,0,0,0,0,0,0,0,0,0,0,0,0,0,0,0,0,0,0,0,0,0,0,0,0,0,0,0,0,0,0,0,0,0,0,0,0,0,0,-549.6456992238885,-549.6456992238885,-549.6456992238885,0,0,0,0,0,0,806.062664685152,806.062664685152,806.062664685152,17.556419765411437,17.556419765411437,17.556419765411437,0,0,0,870.380818392389,3861.586581289545,2063.7461676563266,2063.7461676563266,2337.719552883002
2023-02-10T00:00:00Z,2064.2362774063135,320.5868079487983,320.5868079487983,320.5868079487983,0,0,0,0,0,0,0,0,0,0,0,0,0,0,0,0,0,0,0,0,0,0,0,0,0,0,0,0,0,0,0,0,0,0,0,0,0,0,0,-467.1218479744663,-467.1218479744663,-467.1218479744663,0,0,0,0,0,0,800.6017514001924,800.6017514001924,800.6017514001924,-12.8930954769277,-12.8930954769277,-12.8930954769277,0,0,0,913.879578956252,3892.223396464351,2064.2362774063135,2064.2362774063135,2384.8230853551117
2023-02-11T00:00:00Z,2064.7263871563014,-1949.8416395085314,-1949.8416395085314,-1949.8416395085314,0,0,0,0,0,0,0,0,0,0,0,0,0,0,0,0,0,0,0,0,0,0,0,0,0,0,0,0,0,0,0,0,0,0,0,0,0,0,0,-424.31080145629215,-424.31080145629215,-424.31080145629215,0,0,0,0,0,0,-1478.1331127803207,-1478.1331127803207,-1478.1331127803207,-47.397725271918446,-47.397725271918446,-47.397725271918446,0,0,0,-1277.4451319422608,1605.535792200259,2064.7263871563014,2064.7263871563014,114.88474764776993
2023-02-12T00:00:00Z,2065.2164969062883,-2492.432939350451,-2492.432939350451,-2492.432939350451,0,0,0,0,0,0,0,0,0,0,0,0,0,0,0,0,0,0,0,0,0,0,0,0,0,0,0,0,0,0,0,0,0,0,0,0,0,0,0,-346.95529669196384,-346.95529669196384,-346.95529669196384,0,0,0,0,0,0,-2060.6417270858224,-2060.6417270858224,-2060.6417270858224,-84.83591557266452,-84.83591557266452,-84.83591557266452,0,0,0,-1844.7691800170028,1027.1858622155794,2065.2164969062883,2065.2164969062883,-427.21644244416257
2023-02-13T00:00:00Z,2065.706606656276,72.88618239058925,72.88618239058925,72.88618239058925,0,0,0,0,0,0,0,0,0,0,0,0,0,0,0,0,0,0,0,0,0,0,0,0,0,0,0,0,0,0,0,0,0,0,0,0,0,0,0,-201.25231202967254,-201.25231202967254,-201.25231202967254,0,0,0,0,0,0,398.1504989858469,398.1504989858469,398.1504989858469,-124.0120045655851,-124.0120045655851,-124.0120045655851,0,0,0,649.0234671420665,3560.709356697628,2065.706606656276,2065.706606656276,2138.592789046865
2023-02-14T00:00:00Z,2066.196716406263,531.3227888288776,531.3227888288776,531.3227888288776,0,0,0,0,0,0,0,0,0,0,0,0,0,0,0,0,0,0,0,0,0,0,0,0,0,0,0,0,0,0,0,0,0,0,0,0,0,0,0,-38.09341029461513,-38.09341029461513,-38.09341029461513,0,0,0,0,0,0,733.1039213658546,733.1039213658546,733.1039213658546,-163.68772224236193,-163.68772224236193,-163.68772224236193,0,0,0,1242.4083235515934,4052.8419004479238,2066.196716406263,2066.196716406263,2597.5195052351405
2023-02-15T00:00:00Z,2066.6868261562504,658.6802934124394,658.6802934124394,658.6802934124394,0,0,0,0,0,0,0,0,0,0,0,0,0,0,0,0,0,0,0,0,0,0,0,0,0,0,0,0,0,0,0,0,0,0,0,0,0,0,0,60.438735991462515,60.438735991462515,60.438735991462515,0,0,0,0,0,0,800.8560034328209,800.8560034328209,800.8560034328209,-202.6144460118441,-202.6144460118441,-202.6144460118441,0,0,0,1328.4385287809328,4235.756182179724,2066.6868261562504,2066.6868261562504,2725.3671195686898
2023-02-16T00:00:00Z,2067.1769359062378,639.9493599605316,639.9493599605316,639.9493599605316,0,0,0,0,0,0,0,0,0,0,0,0,0,0,0,0,0,0,0,0,0,0,0,0,0,0,0,0,0,0,0,0,0,0,0,0,0,0,0,73.45207831994291,73.45207831994291,73.45207831994291,0,0,0,0,0,0,806.0626646845584,806.0626646845584,806.0626646845584,-239.56538304396963,-239.56538304396963,-239.56538304396963,0,0,0,1219.7518716274196,4117.458258372335,2067.1769359062378,2067.1769359062378,2707.1262958667694
2023-02-17T00:00:00Z,2067.667045656225,598.9590269159335,598.9590269159335,598.9590269159335,0,0,0,0,0,0,0,0,0,0,0,0,0,0,0,0,0,0,0,0,0,0,0,0,0,0,0,0,0,0,0,0,0,0,0,0,0,0,0,71.72413550468029,71.72413550468029,71.72413550468029,0,0,0,0,0,0,800.6017513966815,800.6017513966815,800.6017513966815,-273.3668599854283,-273.3668599854283,-273.3668599854283,0,0,0,1264.8794348713773,4119.507664427697,2067.667045656225,2067.667045656225,2666.6260725721586
2023-02-18T00:00:00Z,2068.1571554062125,-1631.0632268225158,-1631.0632268225158,-1631.0632268225158,0,0,0,0,0,0,0,0,0,0,0,0,0,0,0,0,0,0,0,0,0,0,0,0,0,0,0,0,0,0,0,0,0,0,0,0,0,0,0,149.99781781630045,149.99781781630045,149.99781781630045,0,0,0,0,0,0,-1478.1331127833769,-1478.1331127833769,-1478.1331127833769,-302.9279318554395,-302.9279318554395,-302.9279318554395,0,0,0,-995.4695370486475,1818.223791484199,2068.1571554062125,2068.1571554062125,437.09392858369665
2023-02-19T00:00:00Z,2068.6472651562,-2058.770764821851,-2058.770764821851,-2058.770764821851,0,0,0,0,0,0,0,0,0,0,0,0,0,0,0,0,0,0,0,0,0,0,0,0,0,0,0,0,0,0,0,0,0,0,0,0,0,0,0,329.1385355699881,329.1385355699881,329.1385355699881,0,0,0,0,0,0,-2060.641727085263,-2060.641727085263,-2060.641727085263,-327.26757330657637,-327.26757330657637,-327.26757330657637,0,0,0,-1313.1570117205633,1534.8397113063374,2068.6472651562,2068.6472651562,9.876500334348748
2023-02-20T00:00:00Z,2069.1373749061877,584.4349878431067,584.4349878431067,584.4349878431067,0,0,0,0,0,0,0,0,0,0,0,0,0,0,0,0,0,0,0,0,0,0,0,0,0,0,0,0,0,0,0,0,0,0,0,0,0,0,0,531.8232743505848,531.8232743505848,531.8232743505848,0,0,0,0,0,0,398.1504989875993,398.1504989875993,398.1504989875993,-345.5387854950774,-345.5387854950774,-345.5387854950774,0,0,0,1135.333946968954,3984.4575537931037,2069.1373749061877,2069.1373749061877,2653.5723627492944
2023-02-21T00:00:00Z,2069.6274846561746,1038.549946357906,1038.549946357906,1038.549946357906,0,0,0,0,0,0,0,0,0,0,0,0,0,0,0,0,0,0,0,0,0,0,0,0,0,0,0,0,0,0,0,0,0,0,0,0,0,0,0,662.4950635318953,662.4950635318953,662.4950635318953,0,0,0,0,0,0,733.1039213658834,733.1039213658834,733.1039213658834,-357.0490385398721,-357.0490385398721,-357.0490385398721,0,0,0,1711.8880350134332,4564.617779304493,2069.6274846561746,2069.6274846561746,3108.177431014081
2023-02-22T00:00:00Z,2070.117594406162,1151.7994915560125,1151.7994915560125,1151.7994915560125,0,0,0,0,0,0,0,0,0,0,0,0,0,0,0,0,0,0,0,0,0,0,0,0,0,0,0,0,0,0,0,0,0,0,0,0,0,0,0,712.2200586275034,712.2200586275034,712.2200586275034,0,0,0,0,0,0,800.8560034331995,800.8560034331995,800.8560034331995,-361.27657050469026,-361.27657050469026,-361.27657050469026,0,0,0,1711.1094384053856,4674.382186526482,2070.117594406162,2070.117594406162,3221.9170859621745
2023-02-23T00:00:00Z,2070.6077041561493,1223.2390436168125,1223.2390436168125,1223.2390436168125,0,0,0,0,0,0,0,0,0,0,0,0,0,0,0,0,0,0,0,0,0,0,0,0,0,0,0,0,0,0,0,0,0,0,0,0,0,0,0,775.05855516524025,775.05855516524025,775.05855516524025,0,0,0,0,0,0,806.0626646827137,806.0626646827137,806.0626646827137,-357.8821762311415,-357.8821762311415,-357.8821762311415,0,0,0,1839.5119718103938,4679.446067952397,2070.6077041561493,2070.6077041561493,3293.846747772962
2023-02-24T00:00:00Z,2071.0978139061367,2600.920893426961,2600.920893426961,2600.920893426961,0,0,0,0,0,0,1201.4993759236843,1201.4993759236843,1201.4993759236843,0,0,0,0,0,0,0,0,0,1201.4993759236843,1201.4993759236843,1201.4993759236843,0,0,0,0,0,0,0,0,0,0,0,0,0,0,0,0,0,0,945.5360061915045,945.5360061915045,945.5360061915045,0,0,0,0,0,0,800.601751403405,800.601751403405,800.601751403405,-346.7162400916328,-346.7162400916328,-346.7162400916328,0,0,0,3276.5972810241024,6072.27520144798,2071.0978139061367,2071.0978139061367,4672.018707333098
2023-02-25T00:00:00Z,2071.587923656124,585.6554472966367,585.6554472966367,585.6554472966367,0,0,0,0,0,0,1201.4993759236843,1201.4993759236843,1201.4993759236843,0,0,0,0,0,0,0,0,0,1201.4993759236843,1201.4993759236843,1201.4993759236843,0,0,0,0,0,0,0,0,0,0,0,0,0,0,0,0,0,0,1190.1100767085356,1190.1100767085356,1190.1100767085356,0,0,0,0,0,0,-1478.133112784378,-1478.133112784378,-1478.133112784378,-327.8208925512053,-327.8208925512053,-327.8208925512053,0,0,0,1274.7596048528487,4064.9041761363087,2071.587923656124,2071.587923656124,2657.243370952761
2023-02-26T00:00:00Z,2072.0780334061114,165.5791782313928,165.5791782313928,165.5791782313928,0,0,0,0,0,0,1201.4993759236843,1201.4993759236843,1201.4993759236843,0,0,0,0,0,0,0,0,0,1201.4993759236843,1201.4993759236843,1201.4993759236843,0,0,0,0,0,0,0,0,0,0,0,0,0,0,0,0,0,0,1326.1488273482641,1326.1488273482641,1326.1488273482641,0,0,0,0,0,0,-2060.6417270847037,-2060.6417270847037,-2060.6417270847037,-301.4272979558519,-301.4272979558519,-301.4272979558519,0,0,0,967.2518554086801,3773.6238018532576,2072.0780334061114,2072.0780334061114,2237.657211637504
2023-02-27T00:00:00Z,2072.568143156099,4996.882808758713,4996.882808758713,4996.882808758713,0,0,0,0,0,0,3715.290483842817,3715.290483842817,3715.290483842817,0,0,0,2513.791107919133,2513.791107919133,2513.791107919133,0,0,0,1201.4993759236843,1201.4993759236843,1201.4993759236843,0,0,0,0,0,0,0,0,0,0,0,0,0,0,0,0,0,0,1151.3900327235415,1151.3900327235415,1151.3900327235415,0,0,0,0,0,0,398.1504989881785,398.1504989881785,398.1504989881785,-267.9482067958246,-267.9482067958246,-267.9482067958246,0,0,0,5705.7530945971575,8663.392112801519,2072.568143156099,2072.568143156099,7069.450951914811
2023-02-28T00:00:00Z,2073.058252906086,7349.960257583563,7349.960257583563,7349.960257583563,0,0,0,0,0,0,6221.093231655167,6221.093231655167,6221.093231655167,0,0,0,0,0,0,5019.593855731483,5019.593855731483,5019.593855731483,1201.4993759236843,1201.4993759236843,1201.4993759236843,0,0,0,0,0,0,0,0,0,0,0,0,0,0,0,0,0,0,623.7291311002305,623.7291311002305,623.7291311002305,0,0,0,0,0,0,733.1039213664802,733.1039213664802,733.1039213664802,-227.96602653831496,-227.96602653831496,-227.96602653831496,0,0,0,7929.3529200197245,10869.294296532024,2073.058252906086,2073.058252906086,9423.01851048965
2023-03-01T00:00:00Z,2073.5483626560736,-65.680622132694,-65.680622132694,-65.680622132694,0,0,0,0,0,0,-615.221000053812,-615.221000053812,-615.221000053812,0,0,0,0,0,0,0,0,0,0,0,0,0,0,0,-615.221000053812,-615.221000053812,-615.221000053812,0,0,0,0,0,0,0,0,0,0,0,0,-69.09884770152937,-69.09884770152937,-69.09884770152937,0,0,0,0,0,0,800.8560034335787,800.8560034335787,800.8560034335787,-182.21677781093157,-182.21677781093157,-182.21677781093157,0,0,0,507.78478126592455,3517.662865289907,2073.5483626560736,2073.5483626560736,2007.8677405233796
2023-03-02T00:00:00Z,2074.038472406061,-702.6695071561192,-702.6695071561192,-702.6695071561192,0,0,0,0,0,0,-752.8897151972958,-752.8897151972958,-752.8897151972958,0,0,0,0,0,0,0,0,0,0,0,0,-752.8897151972958,-752.8897151972958,-752.8897151972958,0,0,0,0,0,0,0,0,0,0,0,0,0,0,0,-624.272052255472,-624.272052255472,-624.272052255472,0,0,0,0,0,0,806.0626646835093,806.0626646835093,806.0626646835093,-131.57040438686084,-131.57040438686084,-131.57040438686084,0,0,0,-124.8887657285748,2804.6093569180566,2074.038472406061,2074.038472406061,1371.3689652499418
2023-03-03T00:00:00Z,2074.528582156048,-755.0095339526224,-755.0095339526224,-755.0095339526224,0,0,0,0,0,0,-641.1967284672644,-641.1967284672644,-641.1967284672644,0,0,0,0,0,0,0,0,0,0,0,0,0,0,0,0,0,0,-641.1967284672644,-641.1967284672644,-641.1967284672644,0,0,0,0,0,0,0,0,0,-837.4065634154208,-837.4065634154208,-837.4065634154208,0,0,0,0,0,0,800.6017514018059,800.6017514018059,800.6017514018059,-77.00799347174309,-77.00799347174309,-77.00799347174309,0,0,0,-131.58222056690116,2710.640877804596,2074.528582156048,2074.528582156048,1319.5190482034254
2023-03-04T00:00:00Z,2075.0186919060357,-2878.8090170805835,-2878.8090170805835,-2878.8090170805835,0,0,0,0,0,0,-641.1967284672644,-641.1967284672644,-641.1967284672644,0,0,0,0,0,0,0,0,0,0,0,0,0,0,0,0,0,0,-641.1967284672644,-641.1967284672644,-641.1967284672644,0,0,0,0,0,0,0,0,0,-739.8826407439426,-739.8826407439426,-739.8826407439426,0,0,0,0,0,0,-1478.133112785379,-1478.133112785379,-1478.133112785379,-19.59653508399762,-19.59653508399762,-19.59653508399762,0,0,0,-2234.078171057838,680.6019283781943,2075.0186919060357,2075.0186919060357,-803.7903251745479
2023-03-05T00:00:00Z,2075.5088016560226,-3211.4152378225904,-3211.4152378225904,-3211.4152378225904,0,0,0,0,0,0,-641.1967284672644,-641.1967284672644,-641.1967284672644,0,0,0,0,0,0,0,0,0,0,0,0,0,0,0,0,0,0,-641.1967284672644,-641.1967284672644,-641.1967284672644,0,0,0,0,0,0,0,0,0,-549.114878182876,-549.114878182876,-549.114878182876,0,0,0,0,0,0,-2060.6417270823526,-2060.6417270823526,-2060.6417270823526,39.53809590990318,39.53809590990318,39.53809590990318,0,0,0,-2568.081710889645,254.03134336180227,2075.5088016560226,2075.5088016560226,-1135.9064361665678
2023-03-06T00:00:00Z,2075.9989114060104,-625.3349278641988,-625.3349278641988,-625.3349278641988,0,0,0,0,0,0,-641.1967284672644,-641.1967284672644,-641.1967284672644,0,0,0,0,0,0,0,0,0,0,0,0,0,0,0,0,0,0,-641.1967284672644,-641.1967284672644,-641.1967284672644,0,0,0,0,0,0,0,0,0,-481.5279138757612,-481.5279138757612,-481.5279138757612,0,0,0,0,0,0,398.1504989829241,398.1504989829241,398.1504989829241,99.23921549590277,99.23921549590277,99.23921549590277,0,0,0,41.575190961388635,2907.1915037350027,2075.9989114060104,2075.9989114060104,1450.6639835418116
2023-03-07T00:00:00Z,2076.4890211559973,-340.50733019082,-340.50733019082,-340.50733019082,0,0,0,0,0,0,-641.1967284672644,-641.1967284672644,-641.1967284672644,0,0,0,0,0,0,0,0,0,0,0,0,0,0,0,0,0,0,-641.1967284672644,-641.1967284672644,-641.1967284672644,0,0,0,0,0,0,0,0,0,-590.7622508511357,-590.7622508511357,-590.7622508511357,0,0,0,0,0,0,733.103921366509,733.103921366509,733.103921366509,158.3477277610709,158.3477277610709,158.3477277610709,0,0,0,176.99848234553525,3176.510568230608,2076.4890211559973,2076.4890211559973,1735.9816909651772
2023-03-08T00:00:00Z,2076.979130905985,256.48481100842713,256.48481100842713,256.48481100842713,0,0,0,0,0,0,0,0,0,0,0,0,0,0,0,0,0,0,0,0,0,0,0,0,0,0,0,0,0,0,0,0,0,0,0,0,0,0,0,-760.1013029935735,-760.1013029935735,-760.1013029935735,0,0,0,0,0,0,800.85600343277315,800.85600343277315,800.85600343277315,215.73011056922763,215.73011056922763,215.73011056922763,0,0,0,991.335481479594,3867.5248966112435,2076.979130905985,2076.979130905985,2333.4639419144123
2023-03-09T00:00:00Z,2077.469240655972,241.41598558867858,241.41598558867858,241.41598558867858,0,0,0,0,0,0,0,0,0,0,0,0,0,0,0,0,0,0,0,0,0,0,0,0,0,0,0,0,0,0,0,0,0,0,0,0,0,0,0,-834.9519579986162,-834.9519579986162,-834.9519579986162,0,0,0,0,0,0,806.0626646843052,806.0626646843052,806.0626646843052,270.30527890298936,270.30527890298936,270.30527890298936,0,0,0,851.9074476049542,3847.028567341282,2077.469240655972,2077.469240655972,2318.8852262446508
2023-03-10T00:00:00Z,2077.9593504059594,359.188219144115,359.188219144115,359.188219144115,0,0,0,0,0,0,0,0,0,0,0,0,0,0,0,0,0,0,0,0,0,0,0,0,0,0,0,0,0,0,0,0,0,0,0,0,0,0,0,-762.4831881820284,-762.4831881820284,-762.4831881820284,0,0,0,0,0,0,800.6017514021181,800.6017514021181,800.6017514021181,321.06965592402514,321.06965592402514,321.06965592402514,0,0,0,1001.4443681594897,3918.4673006631906,2077.9593504059594,2077.9593504059594,2437.1475695500744
2023-03-11T00:00:00Z,2078.4494601559472,-1726.8574734807075,-1726.8574734807075,-1726.8574734807075,0,0,0,0,0,0,0,0,0,0,0,0,0,0,0,0,0,0,0,0,0,0,0,0,0,0,0,0,0,0,0,0,0,0,0,0,0,0,0,-615.8442004084959,-615.8442004084959,-615.8442004084959,0,0,0,0,0,0,-1478.13311277829,-1478.13311277829,-1478.13311277829,367.11983970607866,367.11983970607866,367.11983970607866,0,0,0,-1079.8914000651594,1864.1798743744607,2078.4494601559472,2078.4494601559472,351.5919866752397
2023-03-12T00:00:00Z,2078.939569905934,-2152.905228692919,-2152.905228692919,-2152.905228692919,0,0,0,0,0,0,0,0,0,0,0,0,0,0,0,0,0,0,0,0,0,0,0,0,0,0,0,0,0,0,0,0,0,0,0,0,0,0,0,-499.93582841292016,-499.93582841292016,-499.93582841292016,0,0,0,0,0,0,-2060.641727080002,-2060.641727080002,-2060.641727080002,407.67232680000376,407.67232680000376,407.67232680000376,0,0,0,-1491.9019234880182,1403.899927996085,2078.939569905934,2078.939569905934,-73.96565878698493
2023-03-13T00:00:00Z,2079.429679655922,395.008941181282,395.008941181282,395.008941181282,0,0,0,0,0,0,0,0,0,0,0,0,0,0,0,0,0,0,0,0,0,0,0,0,0,0,0,0,0,0,0,0,0,0,0,0,0,0,0,-445.2213979311993,-445.2213979311993,-445.2213979311993,0,0,0,0,0,0,398.15049898350316,398.15049898350316,398.15049898350316,442.0798401289781,442.0798401289781,442.0798401289781,0,0,0,1152.697561220687,3939.4480178731274,2079.429679655922,2079.429679655922,2474.438620837204
2023-03-14T00:00:00Z,2079.919789405909,808.938349822377,808.938349822377,808.938349822377,0,0,0,0,0,0,0,0,0,0,0,0,0,0,0,0,0,0,0,0,0,0,0,0,0,0,0,0,0,0,0,0,0,0,0,0,0,0,0,-394.00947720245046,-394.00947720245046,-394.00947720245046,0,0,0,0,0,0,733.1039213662154,733.1039213662154,733.1039213662154,469.84390565861213,469.84390565861213,469.84390565861213,0,0,0,1378.66736086594,4418.806644378885,2079.919789405909,2079.919789405909,2888.858139228286
2023-03-15T00:00:00Z,2080.4098991558967,1010.21883062408,1010.21883062408,1010.21883062408,0,0,0,0,0,0,0,0,0,0,0,0,0,0,0,0,0,0,0,0,0,0,0,0,0,0,0,0,0,0,0,0,0,0,0,0,0,0,0,-281.26059990400444,-281.26059990400444,-281.26059990400444,0,0,0,0,0,0,800.8560034331521,800.8560034331521,800.8560034331521,490.62342709493225,490.62342709493225,490.62342709493225,0,0,0,1603.478912835556,4563.364488366253,2080.4098991558967,2080.4098991558967,3090.6287297799768
2023-03-16T00:00:00Z,2080.9000089058836,1194.0006548893853,1194.0006548893853,1194.0006548893853,0,0,0,0,0,0,0,0,0,0,0,0,0,0,0,0,0,0,0,0,0,0,0,0,0,0,0,0,0,0,0,0,0,0,0,0,0,0,0,-116.30112739217235,-116.30112739217235,-116.30112739217235,0,0,0,0,0,0,806.0626646837113,806.0626646837113,806.0626646837113,504.2391175978462,504.2391175978462,504.2391175978462,0,0,0,1912.4747439077696,4774.035091242231,2080.9000089058836,2080.9000089058836,3274.900663795269
2023-03-17T00:00:00Z,2081.390118655871,1334.1320363962488,1334.1320363962488,1334.1320363962488,0,0,0,0,0,0,0,0,0,0,0,0,0,0,0,0,0,0,0,0,0,0,0,0,0,0,0,0,0,0,0,0,0,0,0,0,0,0,0,22.856525882313438,22.856525882313438,22.856525882313438,0,0,0,0,0,0,800.6017513986072,800.6017513986072,800.6017513986072,510.67375911532827,510.67375911532827,510.67375911532827,0,0,0,2106.1436712739237,4870.699363083392,2081.390118655871,2081.390118655871,3415.52215505212
2023-03-18T00:00:00Z,2081.8802284058584,-893.0866121909986,-893.0866121909986,-893.0866121909986,0,0,0,0,0,0,0,0,0,0,0,0,0,0,0,0,0,0,0,0,0,0,0,0,0,0,0,0,0,0,0,0,0,0,0,0,0,0,0,74.97813015714179,74.97813015714179,74.97813015714179,0,0,0,0,0,0,-1478.1331127813462,-1478.1331127813462,-1478.1331127813462,510.06837043320604,510.06837043320604,510.06837043320604,0,0,0,-183.20137311879463,2726.664925812211,2081.8802284058584,2081.8802284058584,1188.7936162148599
2023-03-19T00:00:00Z,2082.3703381558457,-1490.133411622568,-1490.133411622568,-1490.133411622568,0,0,0,0,0,0,0,0,0,0,0,0,0,0,0,0,0,0,0,0,0,0,0,0,0,0,0,0,0,0,0,0,0,0,0,0,0,0,0,67.79384405099026,67.79384405099026,67.79384405099026,0,0,0,0,0,0,-2060.641727081234,-2060.641727081234,-2060.641727081234,502.71447140767657,502.71447140767657,502.71447140767657,0,0,0,-849.1830653595142,1980.0024680061074,2082.3703381558457,2082.3703381558457,592.2369265332777
2023-03-20T00:00:00Z,2082.860447905833,984.1729483817538,984.1729483817538,984.1729483817538,0,0,0,0,0,0,0,0,0,0,0,0,0,0,0,0,0,0,0,0,0,0,0,0,0,0,0,0,0,0,0,0,0,0,0,0,0,0,0,96.97971907449644,96.97971907449644,96.97971907449644,0,0,0,0,0,0,398.15049898525535,398.15049898525535,398.15049898525535,489.0427303220019,489.0427303220019,489.0427303220019,0,0,0,1519.138156701771,4510.127716840593,2082.860447905833,2082.860447905833,3067.033396287587
2023-03-21T00:00:00Z,2083.3505576558205,1432.7238736452261,1432.7238736452261,1432.7238736452261,0,0,0,0,0,0,0,0,0,0,0,0,0,0,0,0,0,0,0,0,0,0,0,0,0,0,0,0,0,0,0,0,0,0,0,0,0,0,0,230.01158099579405,230.01158099579405,230.01158099579405,0,0,0,0,0,0,733.1039213659218,733.1039213659218,733.1039213659218,469.60837128351045,469.60837128351045,469.60837128351045,0,0,0,2095.0459506470283,5057.904444870274,2083.3505576558205,2083.3505576558205,3516.0744313010464
2023-03-22T00:00:00Z,2083.840667405808,1680.4279809793375,1680.4279809793375,1680.4279809793375,0,0,0,0,0,0,0,0,0,0,0,0,0,0,0,0,0,0,0,0,0,0,0,0,0,0,0,0,0,0,0,0,0,0,0,0,0,0,0,434.49818074416964,434.49818074416964,434.49818074416964,0,0,0,0,0,0,800.8560034333709,800.8560034333709,800.8560034333709,445.07379680179696,445.07379680179696,445.07379680179696,0,0,0,2399.1428373858266,5299.081184032974,2083.840667405808,2083.840667405808,3764.2686483851453
2023-03-23T00:00:00Z,2084.330777155795,1831.8401370437487,1831.8401370437487,1831.8401370437487,0,0,0,0,0,0,0,0,0,0,0,0,0,0,0,0,0,0,0,0,0,0,0,0,0,0,0,0,0,0,0,0,0,0,0,0,0,0,0,609.588527151357,609.588527151357,609.588527151357,0,0,0,0,0,0,806.0626646858968,806.0626646858968,806.0626646858968,416.1889452064946,416.1889452064946,416.1889452064946,0,0,0,2467.877118105771,5399.375178725307,2084.330777155795,2084.330777155795,3916.170914199544
2023-03-24T00:00:00Z,2084.8208869057826,1877.6493924477813,1877.6493924477813,1877.6493924477813,0,0,0,0,0,0,0,0,0,0,0,0,0,0,0,0,0,0,0,0,0,0,0,0,0,0,0,0,0,0,0,0,0,0,0,0,0,0,0,693.2776891550404,693.2776891550404,693.2776891550404,0,0,0,0,0,0,800.6017513989196,800.6017513989196,800.6017513989196,383.76995189382166,383.76995189382166,383.76995189382166,0,0,0,2527.7972155889192,5494.237859859124,2084.8208869057826,2084.8208869057826,3962.470279353564
2023-03-25T00:00:00Z,2085.190805759514,-395.0892949859191,-395.0892949859191,-395.0892949859191,0,0,0,0,0,0,0,0,0,0,0,0,0,0,0,0,0,0,0,0,0,0,0,0,0,0,0,0,0,0,0,0,0,0,0,0,0,0,0,734.3671013729556,734.3671013729556,734.3671013729556,0,0,0,0,0,0,-1478.1331127802923,-1478.1331127802923,-1478.1331127802923,348.6767164214177,348.6767164214177,348.6767164214177,0,0,0,273.3221707999486,3194.542705047685,2085.190805759514,2085.190805759514,1690.1015107735952
2023-03-26T00:00:00Z,2085.5607246132454,-903.9482554057006,-903.9482554057006,-903.9482554057006,0,0,0,0,0,0,0,0,0,0,0,0,0,0,0,0,0,0,0,0,0,0,0,0,0,0,0,0,0,0,0,0,0,0,0,0,0,0,0,844.9034780604915,844.9034780604915,844.9034780604915,0,0,0,0,0,0,-2060.641727078884,-2060.641727078884,-2060.641727078884,311.7899936126911,311.7899936126911,311.7899936126911,0,0,0,-249.35860851055315,2660.7724646498773,2085.5607246132454,2085.5607246132454,1181.6124692075448
2023-03-27T00:00:00Z,2085.9306434669766,2941.007122955394,2941.007122955394,2941.007122955394,0,0,0,0,0,0,1201.4993759236843,1201.4993759236843,1201.4993759236843,0,0,0,0,0,0,0,0,0,1201.4993759236843,1201.4993759236843,1201.4993759236843,0,0,0,0,0,0,0,0,0,0,0,0,0,0,0,0,0,0,1067.3686221246674,1067.3686221246674,1067.3686221246674,0,0,0,0,0,0,398.1504989776548,398.1504989776548,398.1504989776548,273.9886259293878,273.9886259293878,273.9886259293878,0,0,0,3528.7973429542435,6453.760648291074,2085.9306434669766,2085.9306434669766,5026.93776642237
2023-03-28T00:00:00Z,2086.300562320708,3456.8761264512823,3456.8761264512823,3456.8761264512823,0,0,0,0,0,0,1201.4993759236843,1201.4993759236843,1201.4993759236843,0,0,0,0,0,0,0,0,0,1201.4993759236843,1201.4993759236843,1201.4993759236843,0,0,0,0,0,0,0,0,0,0,0,0,0,0,0,0,0,0,1286.1453123982783,1286.1453123982783,1286.1453123982783,0,0,0,0,0,0,733.1039213656284,733.1039213656284,733.1039213656284,236.12751676369146,236.12751676369146,236.12751676369146,0,0,0,4125.166558732505,7009.339100028384,2086.300562320708,2086.300562320708,5543.1766887719905
2023-03-29T00:00:00Z,2086.6704811744394,3487.07680001103,3487.07680001103,3487.07680001103,0,0,0,0,0,0,1201.4993759236843,1201.4993759236843,1201.4993759236843,0,0,0,0,0,0,0,0,0,1201.4993759236843,1201.4993759236843,1201.4993759236843,0,0,0,0,0,0,0,0,0,0,0,0,0,0,0,0,0,0,1285.7045098848057,1285.7045098848057,1285.7045098848057,0,0,0,0,0,0,800.8560034337502,800.8560034337502,800.8560034337502,199.01691076879024,199.01691076879024,199.01691076879024,0,0,0,4061.393249929549,7072.734623961347,2086.6704811744394,2086.6704811744394,5573.74728118547
2023-03-30T00:00:00Z,2087.0404000281706,5609.597013991628,5609.597013991628,5609.597013991628,0,0,0,0,0,0,3715.290483842817,3715.290483842817,3715.290483842817,0,0,0,2513.791107919133,2513.791107919133,2513.791107919133,0,0,0,1201.4993759236843,1201.4993759236843,1201.4993759236843,0,0,0,0,0,0,0,0,0,0,0,0,0,0,0,0,0,0,924.8403663631132,924.8403663631132,924.8403663631132,0,0,0,0,0,0,806.0626646826623,806.0626646826623,806.0626646826623,163.40349910303524,163.40349910303524,163.40349910303524,0,0,0,6143.504178728157,9019.694065355701,2087.0404000281706,2087.0404000281706,7696.637414019799
2023-03-31T00:00:00Z,2087.410318881902,7430.9511367840405,7430.9511367840405,7430.9511367840405,0,0,0,0,0,0,6221.093231655167,6221.093231655167,6221.093231655167,0,0,0,0,0,0,5019.593855731483,5019.593855731483,5019.593855731483,1201.4993759236843,1201.4993759236843,1201.4993759236843,0,0,0,0,0,0,0,0,0,0,0,0,0,0,0,0,0,0,279.30234762544336,279.30234762544336,279.30234762544336,0,0,0,0,0,0,800.6017513973204,800.6017513973204,800.6017513973204,129.9538061061095,129.9538061061095,129.9538061061095,0,0,0,7975.745119013193,10989.889128972029,2087.410318881902,2087.410318881902,9518.361455665943
2023-04-01T00:00:00Z,2087.7802377356334,-2375.490055783932,-2375.490055783932,-2375.490055783932,0,0,0,0,0,0,-615.221000053812,-615.221000053812,-615.221000053812,0,0,0,0,0,0,0,0,0,0,0,0,0,0,0,-615.221000053812,-615.221000053812,-615.221000053812,0,0,0,0,0,0,0,0,0,0,0,0,-381.3761843329905,-381.3761843329905,-381.3761843329905,0,0,0,0,0,0,-1478.1331127833485,-1478.1331127833485,-1478.1331127833485,99.24024138621947,99.24024138621947,99.24024138621947,0,0,0,-1784.5832382736426,1274.719035067752,2087.7802377356334,2087.7802377356334,-287.70981804829853
2023-04-02T00:00:00Z,2088.1501565893645,-3519.3520416017304,-3519.3520416017304,-3519.3520416017304,0,0,0,0,0,0,-752.8897151972958,-752.8897151972958,-752.8897151972958,0,0,0,0,0,0,0,0,0,0,0,0,-752.8897151972958,-752.8897151972958,-752.8897151972958,0,0,0,0,0,0,0,0,0,0,0,0,0,0,0,-777.5507191052951,-777.5507191052951,-777.5507191052951,0,0,0,0,0,0,-2060.6417270836505,-2060.6417270836505,-2060.6417270836505,71.73011978451164,71.73011978451164,71.73011978451164,0,0,0,-2865.2309464150376,51.12877152734897,2088.1501565893645,2088.1501565893645,-1431.201885012366
2023-04-03T00:00:00Z,2088.520075443096,-1011.6504609586538,-1011.6504609586538,-1011.6504609586538,0,0,0,0,0,0,-641.1967284672644,-641.1967284672644,-641.1967284672644,0,0,0,0,0,0,0,0,0,0,0,0,0,0,0,0,0,0,-641.1967284672644,-641.1967284672644,-641.1967284672644,0,0,0,0,0,0,0,0,0,-816.3820950884427,-816.3820950884427,-816.3820950884427,0,0,0,0,0,0,398.15049898058027,398.15049898058027,398.15049898058027,47.77786361647278,47.77786361647278,47.77786361647278,0,0,0,-381.5519946798194,2571.291504350288,2088.520075443096,2088.520075443096,1076.8696144844425
2023-04-04T00:00:00Z,2088.889994296828,-520.6219325964864,-520.6219325964864,-520.6219325964864,0,0,0,0,0,0,-641.1967284672644,-641.1967284672644,-641.1967284672644,0,0,0,0,0,0,0,0,0,0,0,0,0,0,0,0,0,0,-641.1967284672644,-641.1967284672644,-641.1967284672644,0,0,0,0,0,0,0,0,0,-640.1496350294292,-640.1496350294292,-640.1496350294292,0,0,0,0,0,0,733.1039213656566,733.1039213656566,733.1039213656566,27.62050953455039,27.62050953455039,27.62050953455039,0,0,0,192.505376184765,2882.903092724187,2088.889994296828,2088.889994296828,1568.2680617003414
2023-04-05T00:00:00Z,2089.259913150559,-320.73662640983724,-320.73662640983724,-320.73662640983724,0,0,0,0,0,0,-641.1967284672644,-641.1967284672644,-641.1967284672644,0,0,0,0,0,0,0,0,0,0,0,0,0,0,0,0,0,0,-641.1967284672644,-641.1967284672644,-641.1967284672644,0,0,0,0,0,0,0,0,0,-491.7724502971198,-491.7724502971198,-491.7724502971198,0,0,0,0,0,0,800.8560034329444,800.8560034329444,800.8560034329444,11.376548921602454,11.376548921602454,11.376548921602454,0,0,0,296.3595052261741,3272.6917462132974,2089.259913150559,2089.259913150559,1768.5232867407217
2023-04-06T00:00:00Z,2089.62983200429,-354.55308509990874,-354.55308509990874,-354.55308509990874,0,0,0,0,0,0,-641.1967284672644,-641.1967284672644,-641.1967284672644,0,0,0,0,0,0,0,0,0,0,0,0,0,0,0,0,0,0,-641.1967284672644,-641.1967284672644,-641.1967284672644,0,0,0,0,0,0,0,0,0,-518.4670598628121,-518.4670598628121,-518.4670598628121,0,0,0,0,0,0,806.0626646820685,806.0626646820685,806.0626646820685,-0.9519614519010536,-0.9519614519010536,-0.9519614519010536,0,0,0,333.51392799515423,3201.4579496303795,2089.62983200429,2089.62983200429,1735.0767469043815
2023-04-07T00:00:00Z,2089.999750858022,-528.7540436645646,-528.7540436645646,-528.7540436645646,0,0,0,0,0,0,-641.1967284672644,-641.1967284672644,-641.1967284672644,0,0,0,0,0,0,0,0,0,0,0,0,0,0,0,0,0,0,-641.1967284672644,-641.1967284672644,-641.1967284672644,0,0,0,0,0,0,0,0,0,-678.684896419107,-678.684896419107,-678.684896419107,0,0,0,0,0,0,800.601751402132,800.601751402132,800.601751402132,-9.474170180325622,-9.474170180325622,-9.474170180325622,0,0,0,141.87616364069237,3033.098310895974,2089.999750858022,2089.999750858022,1561.2457071934573
2023-04-09T00:00:00Z,2090.739588565484,-2891.481196350795,-2891.481196350795,-2891.481196350795,0,0,0,0,0,0,0,0,0,0,0,0,0,0,0,0,0,0,0,0,0,0,0,0,0,0,0,0,0,0,0,0,0,0,0,0,0,0,0,-814.7984258135731,-814.7984258135731,-814.7984258135731,0,0,0,0,0,0,-2060.6417270830916,-2060.6417270830916,-2060.6417270830916,-16.04104345413039,-16.04104345413039,-16.04104345413039,0,0,0,-2153.8643419993496,671.5457193717692,2090.739588565484,2090.739588565484,-800.7416077853109
2023-04-10T00:00:00Z,2091.109507419216,-307.73135978795614,-307.73135978795614,-307.73135978795614,0,0,0,0,0,0,0,0,0,0,0,0,0,0,0,0,0,0,0,0,0,0,0,0,0,0,0,0,0,0,0,0,0,0,0,0,0,0,0,-691.1073649494509,-691.1073649494509,-691.1073649494509,0,0,0,0,0,0,398.15049898115933,398.15049898115933,398.15049898115933,-14.77449381966448,-14.77449381966448,-14.77449381966448,0,0,0,319.4788569123326,3136.5923022469187,2091.109507419216,2091.109507419216,1783.3781476312597
2023-04-11T00:00:00Z,2091.479426272947,172.40658223174532,172.40658223174532,172.40658223174532,0,0,0,0,0,0,0,0,0,0,0,0,0,0,0,0,0,0,0,0,0,0,0,0,0,0,0,0,0,0,0,0,0,0,0,0,0,0,0,-549.6456992239674,-549.6456992239674,-549.6456992239674,0,0,0,0,0,0,733.103921365041,733.103921365041,733.103921365041,-11.051639909327884,-11.051639909327884,-11.051639909327884,0,0,0,740.7864167921754,3700.6112037635603,2091.479426272947,2091.479426272947,2263.886008504692
2023-04-12T00:00:00Z,2091.849345126678,328.3638736346186,328.3638736346186,328.3638736346186,0,0,0,0,0,0,0,0,0,0,0,0,0,0,0,0,0,0,0,0,0,0,0,0,0,0,0,0,0,0,0,0,0,0,0,0,0,0,0,-467.1218479744284,-467.1218479744284,-467.1218479744284,0,0,0,0,0,0,800.8560034333234,800.8560034333234,800.8560034333234,-5.370281824276485,-5.370281824276485,-5.370281824276485,0,0,0,893.3865749018283,3685.8933953626124,2091.849345126678,2091.849345126678,2420.213218761297
2023-04-13T00:00:00Z,2092.21926398041,383.49164508645873,383.49164508645873,383.49164508645873,0,0,0,0,0,0,0,0,0,0,0,0,0,0,0,0,0,0,0,0,0,0,0,0,0,0,0,0,0,0,0,0,0,0,0,0,0,0,0,-424.31080145661497,-424.31080145661497,-424.31080145661497,0,0,0,0,0,0,806.062664684254,806.062664684254,806.062664684254,1.7397818588196774,1.7397818588196774,1.7397818588196774,0,0,0,952.1768575789404,3827.9727108068937,2092.21926398041,2092.21926398041,2475.7109090668687
2023-04-14T00:00:00Z,2092.5891828341414,463.38037302869043,463.38037302869043,463.38037302869043,0,0,0,0,0,0,0,0,0,0,0,0,0,0,0,0,0,0,0,0,0,0,0,0,0,0,0,0,0,0,0,0,0,0,0,0,0,0,0,-346.95529669182525,-346.95529669182525,-346.95529669182525,0,0,0,0,0,0,800.6017514005329,800.6017514005329,800.6017514005329,9.73391831998279,9.73391831998279,9.73391831998279,0,0,0,1059.2347900337386,4016.8919946072215,2092.5891828341414,2092.5891828341414,2555.969555862832
2023-04-15T00:00:00Z,2092.9591016878726,-1661.3157607297528,-1661.3157607297528,-1661.3157607297528,0,0,0,0,0,0,0,0,0,0,0,0,0,0,0,0,0,0,0,0,0,0,0,0,0,0,0,0,0,0,0,0,0,0,0,0,0,0,0,-201.25231202928103,-201.25231202928103,-201.25231202928103,0,0,0,0,0,0,-1478.1331127874057,-1478.1331127874057,-1478.1331127874057,18.069664086933813,18.069664086933813,18.069664086933813,0,0,0,-970.2782766419069,1832.9272298087685,2092.9591016878726,2092.9591016878726,431.6433409581198
2023-04-16T00:00:00Z,2093.329020541604,-2072.512046905635,-2072.512046905635,-2072.512046905635,0,0,0,0,0,0,0,0,0,0,0,0,0,0,0,0,0,0,0,0,0,0,0,0,0,0,0,0,0,0,0,0,0,0,0,0,0,0,0,-38.09341029491416,-38.09341029491416,-38.09341029491416,0,0,0,0,0,0,-2060.6417270825323,-2060.6417270825323,-2060.6417270825323,26.22309047181162,26.22309047181162,26.22309047181162,0,0,0,-1460.1606897963832,1497.939654088053,2093.329020541604,2093.329020541604,20.816973635969134
2023-04-17T00:00:00Z,2093.6989393953354,492.2933186410291,492.2933186410291,492.2933186410291,0,0,0,0,0,0,0,0,0,0,0,0,0,0,0,0,0,0,0,0,0,0,0,0,0,0,0,0,0,0,0,0,0,0,0,0,0,0,0,60.438735991478794,60.438735991478794,60.438735991478794,0,0,0,0,0,0,398.1504989817386,398.1504989817386,398.1504989817386,33.704083667811645,33.704083667811645,33.704083667811645,0,0,0,1121.6146450922745,3989.9882024141593,2093.6989393953354,2093.6989393953354,2585.9922580363645
2023-04-18T00:00:00Z,2094.0688582490666,846.6261342599172,846.6261342599172,846.6261342599172,0,0,0,0,0,0,0,0,0,0,0,0,0,0,0,0,0,0,0,0,0,0,0,0,0,0,0,0,0,0,0,0,0,0,0,0,0,0,0,73.45207832012633,73.45207832012633,73.45207832012633,0,0,0,0,0,0,733.1039213662827,733.1039213662827,733.1039213662827,40.07013457350855,40.07013457350855,40.07013457350855,0,0,0,1491.5609575904082,4340.172622139309,2094.0688582490666,2094.0688582490666,2940.694992508984
2023-04-19T00:00:00Z,2094.438777102798,917.518425067697,917.518425067697,917.518425067697,0,0,0,0,0,0,0,0,0,0,0,0,0,0,0,0,0,0,0,0,0,0,0,0,0,0,0,0,0,0,0,0,0,0,0,0,0,0,0,71.72413550430562,71.72413550430562,71.72413550430562,0,0,0,0,0,0,800.8560034331103,800.8560034331103,800.8560034331103,44.93828613028132,44.93828613028132,44.93828613028132,0,0,0,1500.112839890435,4482.499571629558,2094.438777102798,2094.438777102798,3011.9572021704953
2023-04-20T00:00:00Z,2094.8086959565294,1004.0554299385733,1004.0554299385733,1004.0554299385733,0,0,0,0,0,0,0,0,0,0,0,0,0,0,0,0,0,0,0,0,0,0,0,0,0,0,0,0,0,0,0,0,0,0,0,0,0,0,0,149.99781781674275,149.99781781674275,149.99781781674275,0,0,0,0,0,0,806.0626646836599,806.0626646836599,806.0626646836599,47.994947438170556,47.994947438170556,47.994947438170556,0,0,0,1702.4440109744114,4622.230415185734,2094.8086959565294,2094.8086959565294,3098.864125895103
2023-04-21T00:00:00Z,2095.1786148102606,-2016.5685325554937,-2016.5685325554937,-2016.5685325554937,0,0,0,0,0,0,0,0,0,-3195.3121717196555,-3195.3121717196555,-3195.3121717196555,0,0,0,0,0,0,0,0,0,0,0,0,0,0,0,0,0,0,0,0,0,0,0,0,0,0,0,329.1385355695081,329.1385355695081,329.1385355695081,0,0,0,-3195.3121717196555,-3195.3121717196555,-3195.3121717196555,800.6017514008452,800.6017514008452,800.6017514008452,49.0033521938082,49.0033521938082,49.0033521938082,0,0,0,-1403.016917112417,1687.7643076967765,2095.1786148102606,2095.1786148102606,78.6100822547669
2023-04-24T00:00:00Z,2096.2883713714546,-2807.9259928308315,-2807.9259928308315,-2807.9259928308315,0,0,0,0,0,0,0,0,0,-3956.9062514653724,-3956.9062514653724,-3956.9062514653724,0,0,0,0,0,0,0,0,0,0,0,0,0,0,0,0,0,0,0,0,0,0,0,0,0,0,0,712.2200586273067,712.2200586273067,712.2200586273067,0,0,0,-3956.9062514653724,-3956.9062514653724,-3956.9062514653724,398.1504989846639,398.1504989846639,398.1504989846639,38.60970102257026,38.60970102257026,38.60970102257026,0,0,0,-2186.050556940199,698.8832764953545,2096.2883713714546,2096.2883713714546,-711.637621459377
2023-04-25T00:00:00Z,2096.658290225186,51.886441135784466,51.886441135784466,51.886441135784466,0,0,0,0,0,0,0,0,0,-1486.989236841226,-1486.989236841226,-1486.989236841226,0,0,0,0,0,0,0,0,0,0,0,0,0,0,0,0,0,0,0,0,0,0,0,0,0,0,0,775.0585551645097,775.0585551645097,775.0585551645097,0,0,0,-1486.989236841226,-1486.989236841226,-1486.989236841226,733.103921365989,733.103921365989,733.103921365989,30.713201446511896,30.713201446511896,30.713201446511896,0,0,0,703.6071308860635,3549.2089412478936,2096.658290225186,2096.658290225186,2148.5447313609707
2023-04-26T00:00:00Z,2097.028209078918,1140.8077662163955,1140.8077662163955,1140.8077662163955,0,0,0,0,0,0,1201.4993759236843,1201.4993759236843,1201.4993759236843,-1827.904255126789,-1827.904255126789,-1827.904255126789,0,0,0,0,0,0,1201.4993759236843,1201.4993759236843,1201.4993759236843,0,0,0,0,0,0,0,0,0,0,0,0,0,0,0,0,0,0,945.5360061915059,945.5360061915059,945.5360061915059,0,0,0,-1827.904255126789,-1827.904255126789,-1827.904255126789,800.8560034333289,800.8560034333289,800.8560034333289,20.820635794665435,20.820635794665435,20.820635794665435,0,0,0,1740.5449852921677,4633.317913148494,2097.028209078918,2097.028209078918,3237.8359752953133
2023-04-27T00:00:00Z,2097.398127932649,2152.6873157430705,2152.6873157430705,2152.6873157430705,0,0,0,0,0,0,1201.4993759236843,1201.4993759236843,1201.4993759236843,-1054.1563307223114,-1054.1563307223114,-1054.1563307223114,0,0,0,0,0,0,1201.4993759236843,1201.4993759236843,1201.4993759236843,0,0,0,0,0,0,0,0,0,0,0,0,0,0,0,0,0,0,1190.1100767084613,1190.1100767084613,1190.1100767084613,0,0,0,-1054.1563307223114,-1054.1563307223114,-1054.1563307223114,806.0626646844557,806.0626646844557,806.0626646844557,9.17152914877936,9.17152914877936,9.17152914877936,0,0,0,2863.6021121931713,5799.462025900624,2097.398127932649,2097.398127932649,4250.08544367572
2023-04-28T00:00:00Z,2097.7680467863806,923.6088616005317,923.6088616005317,923.6088616005317,0,0,0,0,0,0,1201.4993759236843,1201.4993759236843,1201.4993759236843,-2400.7063977366015,-2400.7063977366015,-2400.7063977366015,0,0,0,0,0,0,1201.4993759236843,1201.4993759236843,1201.4993759236843,0,0,0,0,0,0,0,0,0,0,0,0,0,0,0,0,0,0,1326.1488273481718,1326.1488273481718,1326.1488273481718,0,0,0,-2400.7063977366015,-2400.7063977366015,-2400.7063977366015,800.6017513973345,800.6017513973345,800.6017513973345,-3.934695332057929,-3.934695332057929,-3.934695332057929,0,0,0,1450.9629828312648,4538.531755397804,2097.7680467863806,2097.7680467863806,3021.3769083869124
2023-04-29T00:00:00Z,2098.137965640112,1695.0867993961324,1695.0867993961324,1695.0867993961324,0,0,0,0,0,0,3715.290483842817,3715.290483842817,3715.290483842817,-1675.3112406410926,-1675.3112406410926,-1675.3112406410926,2513.791107919133,2513.791107919133,2513.791107919133,0,0,0,1201.4993759236843,1201.4993759236843,1201.4993759236843,0,0,0,0,0,0,0,0,0,0,0,0,0,0,0,0,0,0,1151.390032723532,1151.390032723532,1151.390032723532,0,0,0,-1675.3112406410926,-1675.3112406410926,-1675.3112406410926,-1478.1331127813182,-1478.1331127813182,-1478.1331127813182,-18.14936374780614,-18.14936374780614,-18.14936374780614,0,0,0,2304.209227123859,5181.665203907187,2098.137965640112,2098.137965640112,3793.224765036244
2023-04-30T00:00:00Z,2098.507884493843,2500.265317218319,2500.265317218319,2500.265317218319,0,0,0,0,0,0,6221.093231655167,6221.093231655167,6221.093231655167,-2250.8289069616485,-2250.8289069616485,-2250.8289069616485,0,0,0,5019.593855731483,5019.593855731483,5019.593855731483,1201.4993759236843,1201.4993759236843,1201.4993759236843,0,0,0,0,0,0,0,0,0,0,0,0,0,0,0,0,0,0,623.7291311003235,623.7291311003235,623.7291311003235,0,0,0,-2250.8289069616485,-2250.8289069616485,-2250.8289069616485,-2060.6417270867396,-2060.6417270867396,-2060.6417270867396,-33.086411488783824,-33.086411488783824,-33.086411488783824,0,0,0,3206.4171448006637,6106.476155878378,2098.507884493843,2098.507884493843,4598.773201712162
2023-05-02T00:00:00Z,2099.247722201306,-707.5308907912589,-707.5308907912589,-707.5308907912589,0,0,0,0,0,0,-752.8897151972958,-752.8897151972958,-752.8897151972958,0,0,0,0,0,0,0,0,0,0,0,0,-752.8897151972958,-752.8897151972958,-752.8897151972958,0,0,0,0,0,0,0,0,0,0,0,0,0,0,0,-624.2720522554914,-624.2720522554914,-624.2720522554914,0,0,0,0,0,0,733.1039213660179,733.1039213660179,733.1039213660179,-63.47304470448945,-63.47304470448945,-63.47304470448945,0,0,0,-88.08316607661472,2904.7291093081894,2099.247722201306,2099.247722201306,1391.7168314100468
2023-05-03T00:00:00Z,2099.617641055037,-755.8269062018617,-755.8269062018617,-755.8269062018617,0,0,0,0,0,0,-641.1967284672644,-641.1967284672644,-641.1967284672644,0,0,0,0,0,0,0,0,0,0,0,0,0,0,0,0,0,0,-641.1967284672644,-641.1967284672644,-641.1967284672644,0,0,0,0,0,0,0,0,0,-837.4065634155425,-837.4065634155425,-837.4065634155425,0,0,0,0,0,0,800.8560034331155,800.8560034331155,800.8560034331155,-78.07961775217026,-78.07961775217026,-78.07961775217026,0,0,0,-175.20398593629554,2904.277124060744,2099.617641055037,2099.617641055037,1343.7907348531753
2023-05-04T00:00:00Z,2099.987559908768,-2350.1236419344996,-2350.1236419344996,-2350.1236419344996,0,0,0,0,0,0,-641.1967284672644,-641.1967284672644,-641.1967284672644,-1683.3583639625576,-1683.3583639625576,-1683.3583639625576,0,0,0,0,0,0,0,0,0,0,0,0,0,0,0,-641.1967284672644,-641.1967284672644,-641.1967284672644,0,0,0,0,0,0,-1683.3583639625576,-1683.3583639625576,-1683.3583639625576,-739.8826407434647,-739.8826407434647,-739.8826407434647,0,0,0,0,0,0,806.0626646812217,806.0626646812217,806.0626646812217,-91.7485734424348,-91.7485734424348,-91.7485734424348,0,0,0,-1538.7500340988438,1224.8652047602443,2099.987559908768,2099.987559908768,-250.1360820257314
2023-05-05T00:00:00Z,2100.3574787625,-493.8101495471652,-493.8101495471652,-493.8101495471652,0,0,0,0,0,0,-641.1967284672644,-641.1967284672644,-641.1967284672644,0,0,0,0,0,0,0,0,0,0,0,0,0,0,0,0,0,0,-641.1967284672644,-641.1967284672644,-641.1967284672644,0,0,0,0,0,0,0,0,0,-549.1148781827175,-549.1148781827175,-549.1148781827175,0,0,0,0,0,0,800.6017513976468,800.6017513976468,800.6017513976468,-104.1002942948304,-104.1002942948304,-104.1002942948304,0,0,0,270.70047400634536,3184.5900366789256,2100.3574787625,2100.3574787625,1606.5473292153347
2023-05-06T00:00:00Z,2100.7273976162314,-2715.650616291365,-2715.650616291365,-2715.650616291365,0,0,0,0,0,0,-641.1967284672644,-641.1967284672644,-641.1967284672644,0,0,0,0,0,0,0,0,0,0,0,0,0,0,0,0,0,0,-641.1967284672644,-641.1967284672644,-641.1967284672644,0,0,0,0,0,0,0,0,0,-481.5279138752842,-481.5279138752842,-481.5279138752842,0,0,0,0,0,0,-1478.1331127823191,-1478.1331127823191,-1478.1331127823191,-114.79286116649759,-114.79286116649759,-114.79286116649759,0,0,0,-2105.4243892909794,834.318508196262,2100.7273976162314,2100.7273976162314,-614.9232186751337
2023-05-07T00:00:00Z,2101.0973164699626,-3416.132508346694,-3416.132508346694,-3416.132508346694,0,0,0,0,0,0,-641.1967284672644,-641.1967284672644,-641.1967284672644,0,0,0,0,0,0,0,0,0,0,0,0,0,0,0,0,0,0,-641.1967284672644,-641.1967284672644,-641.1967284672644,0,0,0,0,0,0,0,0,0,-590.7622508509975,-590.7622508509975,-590.7622508509975,0,0,0,0,0,0,-2060.641727084389,-2060.641727084389,-2060.641727084389,-123.5318019440434,-123.5318019440434,-123.5318019440434,0,0,0,-2808.3271887871883,206.02632479810296,2101.0973164699626,2101.0973164699626,-1315.0351918767315
2023-05-08T00:00:00Z,2101.4672353236942,-492.0290491099187,-492.0290491099187,-492.0290491099187,0,0,0,0,0,0,0,0,0,0,0,0,0,0,0,0,0,0,0,0,0,0,0,0,0,0,0,0,0,0,0,0,0,0,0,0,0,0,0,-760.1013029938006,-760.1013029938006,-760.1013029938006,0,0,0,0,0,0,398.15049898699556,398.15049898699556,398.15049898699556,-130.0782451031135,-130.0782451031135,-130.0782451031135,0,0,0,195.54483894420292,3052.510805225824,2101.4672353236942,2101.4672353236942,1609.4381862137757
2023-05-09T00:00:00Z,2101.8371541774254,-236.1033157998783,-236.1033157998783,-236.1033157998783,0,0,0,0,0,0,0,0,0,0,0,0,0,0,0,0,0,0,0,0,0,0,0,0,0,0,0,0,0,0,0,0,0,0,0,0,0,0,0,-834.9519579987365,-834.9519579987365,-834.9519579987365,0,0,0,0,0,0,733.1039213654018,733.1039213654018,733.1039213654018,-134.2552791665434,-134.2552791665434,-134.2552791665434,0,0,0,458.30601436877174,3395.8801503757522,2101.8371541774254,2101.8371541774254,1865.733838377547
2023-05-10T00:00:00Z,2102.2070730311566,-97.57956122632848,-97.57956122632848,-97.57956122632848,0,0,0,0,0,0,0,0,0,0,0,0,0,0,0,0,0,0,0,0,0,0,0,0,0,0,0,0,0,0,0,0,0,0,0,0,0,0,0,-762.4831881823462,-762.4831881823462,-762.4831881823462,0,0,0,0,0,0,800.8560034334947,800.8560034334947,800.8560034334947,-135.95237647747683,-135.95237647747683,-135.95237647747683,0,0,0,636.7927987693192,3560.1730394171923,2102.2070730311566,2102.2070730311566,2004.6275118048281
2023-05-11T00:00:00Z,2102.5769918848882,55.09066447478207,55.09066447478207,55.09066447478207,0,0,0,0,0,0,0,0,0,0,0,0,0,0,0,0,0,0,0,0,0,0,0,0,0,0,0,0,0,0,0,0,0,0,0,0,0,0,0,-615.8442004082857,-615.8442004082857,-615.8442004082857,0,0,0,0,0,0,806.0626646834068,806.0626646834068,806.0626646834068,-135.1277998003395,-135.1277998003395,-135.1277998003395,0,0,0,607.3869567261975,3563.290524152641,2102.5769918848882,2102.5769918848882,2157.66765635967
2023-05-12T00:00:00Z,2102.9469107386194,168.8569517527026,168.8569517527026,168.8569517527026,0,0,0,0,0,0,0,0,0,0,0,0,0,0,0,0,0,0,0,0,0,0,0,0,0,0,0,0,0,0,0,0,0,0,0,0,0,0,0,-499.9358284131176,-499.9358284131176,-499.9358284131176,0,0,0,0,0,0,800.6017513979593,800.6017513979593,800.6017513979593,-131.80897123213907,-131.80897123213907,-131.80897123213907,0,0,0,829.2199799917771,3725.672067631235,2102.9469107386194,2102.9469107386194,2271.803862491322
2023-05-13T00:00:00Z,2103.3168295923506,-2049.445353662658,-2049.445353662658,-2049.445353662658,0,0,0,0,0,0,0,0,0,0,0,0,0,0,0,0,0,0,0,0,0,0,0,0,0,0,0,0,0,0,0,0,0,0,0,0,0,0,0,-445.2213979316516,-445.2213979316516,-445.2213979316516,0,0,0,0,0,0,-1478.1331127833205,-1478.1331127833205,-1478.1331127833205,-126.09084294768562,-126.09084294768562,-126.09084294768562,0,0,0,-1458.7653398221626,1481.0483041109446,2103.3168295923506,2103.3168295923506,53.87147592969268
2023-05-14T00:00:00Z,2103.686748446082,-2572.783570935352,-2572.783570935352,-2572.783570935352,0,0,0,0,0,0,0,0,0,0,0,0,0,0,0,0,0,0,0,0,0,0,0,0,0,0,0,0,0,0,0,0,0,0,0,0,0,0,0,-394.0094772024842,-394.0094772024842,-394.0094772024842,0,0,0,0,0,0,-2060.6417270838297,-2060.6417270838297,-2060.6417270838297,-118.13236664903756,-118.13236664903756,-118.13236664903756,0,0,0,-1992.426160934731,1039.8021511960274,2103.686748446082,2103.686748446082,-469.0968224892699
2023-05-15T00:00:00Z,2104.0566672998134,8.738687456033801,8.738687456033801,8.738687456033801,0,0,0,0,0,0,0,0,0,0,0,0,0,0,0,0,0,0,0,0,0,0,0,0,0,0,0,0,0,0,0,0,0,0,0,0,0,0,0,-281.2605999039802,-281.2605999039802,-281.2605999039802,0,0,0,0,0,0,398.1504989805679,398.1504989805679,398.1504989805679,-108.1512116205541,-108.1512116205541,-108.1512116205541,0,0,0,684.7221081339832,3624.55257606587,2104.0566672998134,2104.0566672998134,2112.7953547558473
2023-05-16T00:00:00Z,2104.426586153545,520.3858654316443,520.3858654316443,520.3858654316443,0,0,0,0,0,0,0,0,0,0,0,0,0,0,0,0,0,0,0,0,0,0,0,0,0,0,0,0,0,0,0,0,0,0,0,0,0,0,0,-116.30112739218434,-116.30112739218434,-116.30112739218434,0,0,0,0,0,0,733.1039213654304,733.1039213654304,733.1039213654304,-96.41692854160188,-96.41692854160188,-96.41692854160188,0,0,0,1236.9581984808713,3976.7677301908416,2104.426586153545,2104.426586153545,2624.8124515851896
2023-05-17T00:00:00Z,2104.7415040698866,740.469732904199,740.469732904199,740.469732904199,0,0,0,0,0,0,0,0,0,0,0,0,0,0,0,0,0,0,0,0,0,0,0,0,0,0,0,0,0,0,0,0,0,0,0,0,0,0,0,22.856525882314365,22.856525882314365,22.856525882314365,0,0,0,0,0,0,800.8560034326892,800.8560034326892,800.8560034326892,-83.2427964108044,-83.2427964108044,-83.2427964108044,0,0,0,1329.564466558111,4212.727794118295,2104.7415040698866,2104.7415040698866,2845.2112369740853
2023-05-18T00:00:00Z,2105.056421986228,812.0641727578912,812.0641727578912,812.0641727578912,0,0,0,0,0,0,0,0,0,0,0,0,0,0,0,0,0,0,0,0,0,0,0,0,0,0,0,0,0,0,0,0,0,0,0,0,0,0,0,74.9781301572111,74.9781301572111,74.9781301572111,0,0,0,0,0,0,806.0626646828131,806.0626646828131,806.0626646828131,-68.97662208213282,-68.97662208213282,-68.97662208213282,0,0,0,1531.4768606717748,4497.106321351152,2105.056421986228,2105.056421986228,2917.1205947441194
2023-05-19T00:00:00Z,2105.3713399025696,814.4048102191174,814.4048102191174,814.4048102191174,0,0,0,0,0,0,0,0,0,0,0,0,0,0,0,0,0,0,0,0,0,0,0,0,0,0,0,0,0,0,0,0,0,0,0,0,0,0,0,67.79384405152543,67.79384405152543,67.79384405152543,0,0,0,0,0,0,800.6017513963601,800.6017513963601,800.6017513963601,-53.99078522876821,-53.99078522876821,-53.99078522876821,0,0,0,1418.5710072156726,4383.794773873605,2105.3713399025696,2105.3713399025696,2919.776150121687
2023-05-20T00:00:00Z,2105.686257818911,-1419.825229283445,-1419.825229283445,-1419.825229283445,0,0,0,0,0,0,0,0,0,0,0,0,0,0,0,0,0,0,0,0,0,0,0,0,0,0,0,0,0,0,0,0,0,0,0,0,0,0,0,96.97971907540476,96.97971907540476,96.97971907540476,0,0,0,0,0,0,-1478.1331127762314,-1478.1331127762314,-1478.1331127762314,-38.67183558261817,-38.67183558261817,-38.67183558261817,0,0,0,-801.092301672681,2209.6315406388985,2105.686257818911,2105.686257818911,685.8610285354662
2023-05-21T00:00:00Z,2106.0011757352527,-1854.040099925649,-1854.040099925649,-1854.040099925649,0,0,0,0,0,0,0,0,0,0,0,0,0,0,0,0,0,0,0,0,0,0,0,0,0,0,0,0,0,0,0,0,0,0,0,0,0,0,0,230.0115809952636,230.0115809952636,230.0115809952636,0,0,0,0,0,0,-2060.6417270814786,-2060.6417270814786,-2060.6417270814786,-23.40995383943358,-23.40995383943358,-23.40995383943358,0,0,0,-1150.118963379273,1745.1629580593797,2106.0011757352527,2106.0011757352527,251.9610758096037
2023-05-22T00:00:00Z,2106.3160936515947,824.0600969355862,824.0600969355862,824.0600969355862,0,0,0,0,0,0,0,0,0,0,0,0,0,0,0,0,0,0,0,0,0,0,0,0,0,0,0,0,0,0,0,0,0,0,0,0,0,0,0,434.49818074454146,434.49818074454146,434.49818074454146,0,0,0,0,0,0,398.15049898232013,398.15049898232013,398.15049898232013,-8.588582791275288,-8.588582791275288,-8.588582791275288,0,0,0,1490.479394491048,4375.576245228702,2106.3160936515947,2106.3160936515947,2930.3761905871806
2023-05-23T00:00:00Z,2106.6310115679357,1348.1179270889875,1348.1179270889875,1348.1179270889875,0,0,0,0,0,0,0,0,0,0,0,0,0,0,0,0,0,0,0,0,0,0,0,0,0,0,0,0,0,0,0,0,0,0,0,0,0,0,0,609.5885271515856,609.5885271515856,609.5885271515856,0,0,0,0,0,0,733.103921365459,733.103921365459,733.103921365459,5.425478571942825,5.425478571942825,5.425478571942825,0,0,0,1987.399111586996,4816.428221146296,2106.6310115679357,2106.6310115679357,3454.748938656923
2023-05-24T00:00:00Z,2106.9459294842773,1512.424940002159,1512.424940002159,1512.424940002159,0,0,0,0,0,0,0,0,0,0,0,0,0,0,0,0,0,0,0,0,0,0,0,0,0,0,0,0,0,0,0,0,0,0,0,0,0,0,0,693.2776891548594,693.2776891548594,693.2776891548594,0,0,0,0,0,0,800.8560034330679,800.8560034330679,800.8560034330679,18.29124741423193,18.29124741423193,18.29124741423193,0,0,0,2207.462495981095,5110.765046749885,2106.9459294842773,2106.9459294842773,3619.3708694864363
2023-05-25T00:00:00Z,2107.260847400619,1570.1315209603335,1570.1315209603335,1570.1315209603335,0,0,0,0,0,0,0,0,0,0,0,0,0,0,0,0,0,0,0,0,0,0,0,0,0,0,0,0,0,0,0,0,0,0,0,0,0,0,0,734.3671013734848,734.3671013734848,734.3671013734848,0,0,0,0,0,0,806.062664683609,806.062664683609,806.062664683609,29.701754903239777,29.701754903239777,29.701754903239777,0,0,0,2174.1126489561425,5098.113708165976,2107.260847400619,2107.260847400619,3677.3923683609523
2023-05-26T00:00:00Z,2107.5757653169603,1684.8962940571314,1684.8962940571314,1684.8962940571314,0,0,0,0,0,0,0,0,0,0,0,0,0,0,0,0,0,0,0,0,0,0,0,0,0,0,0,0,0,0,0,0,0,0,0,0,0,0,0,844.9034780604896,844.9034780604896,844.9034780604896,0,0,0,0,0,0,800.6017514011718,800.6017514011718,800.6017514011718,39.391064595470105,39.391064595470105,39.391064595470105,0,0,0,2330.617712719399,5272.869578072788,2107.5757653169603,2107.5757653169603,3792.4720593740917
2023-05-27T00:00:00Z,2107.890683233302,837.8748327629584,837.8748327629584,837.8748327629584,0,0,0,0,0,0,1201.4993759236843,1201.4993759236843,1201.4993759236843,0,0,0,0,0,0,0,0,0,1201.4993759236843,1201.4993759236843,1201.4993759236843,0,0,0,0,0,0,0,0,0,0,0,0,0,0,0,0,0,0,1067.368622124414,1067.368622124414,1067.368622124414,0,0,0,0,0,0,-1478.1331127792876,-1478.1331127792876,-1478.1331127792876,47.139947494147876,47.139947494147876,47.139947494147876,0,0,0,1503.6053785236556,4422.633181762414,2107.890683233302,2107.890683233302,2945.76551599626
2023-05-28T00:00:00Z,2108.205601149644,479.7830559885741,479.7830559885741,479.7830559885741,0,0,0,0,0,0,1201.4993759236843,1201.4993759236843,1201.4993759236843,0,0,0,0,0,0,0,0,0,1201.4993759236843,1201.4993759236843,1201.4993759236843,0,0,0,0,0,0,0,0,0,0,0,0,0,0,0,0,0,0,1286.1453123976498,1286.1453123976498,1286.1453123976498,0,0,0,0,0,0,-2060.6417270827114,-2060.6417270827114,-2060.6417270827114,52.78009474995108,52.78009474995108,52.78009474995108,0,0,0,1232.2090722379744,4013.0450140489897,2108.205601149644,2108.205601149644,2587.988657138218
2023-05-29T00:00:00Z,2108.5205190659854,2941.5511808564006,2941.5511808564006,2941.5511808564006,0,0,0,0,0,0,1201.4993759236843,1201.4993759236843,1201.4993759236843,0,0,0,0,0,0,0,0,0,1201.4993759236843,1201.4993759236843,1201.4993759236843,0,0,0,0,0,0,0,0,0,0,0,0,0,0,0,0,0,0,1285.7045098847454,1285.7045098847454,1285.7045098847454,0,0,0,0,0,0,398.15049898289936,398.15049898289936,398.15049898289936,56.19679606507105,56.19679606507105,56.19679606507105,0,0,0,3609.8053586469523,6519.766842278582,2108.5205190659854,2108.5205190659854,5050.071699922386
2023-05-30T00:00:00Z,2108.8354369823264,5430.564831294459,5430.564831294459,5430.564831294459,0,0,0,0,0,0,3715.290483842817,3715.290483842817,3715.290483842817,0,0,0,2513.791107919133,2513.791107919133,2513.791107919133,0,0,0,1201.4993759236843,1201.4993759236843,1201.4993759236843,0,0,0,0,0,0,0,0,0,0,0,0,0,0,0,0,0,0,924.840366363159,924.840366363159,924.840366363159,0,0,0,0,0,0,733.1039213660562,733.1039213660562,733.1039213660562,57.33005972242589,57.33005972242589,57.33005972242589,0,0,0,6103.493703982051,8848.579552427318,2108.8354369823264,2108.8354369823264,7539.400268276785
2023-05-31T00:00:00Z,2109.150354898668,7357.425780011338,7357.425780011338,7357.425780011338,0,0,0,0,0,0,6221.093231655167,6221.093231655167,6221.093231655167,0,0,0,0,0,0,5019.593855731483,5019.593855731483,5019.593855731483,1201.4993759236843,1201.4993759236843,1201.4993759236843,0,0,0,0,0,0,0,0,0,0,0,0,0,0,0,0,0,0,279.30234762503227,279.30234762503227,279.30234762503227,0,0,0,0,0,0,800.8560034332868,800.8560034332868,800.8560034332868,56.17419729785151,56.17419729785151,56.17419729785151,0,0,0,7958.483922349867,10846.780975114616,2109.150354898668,2109.150354898668,9466.576134910007
2023-06-01T00:00:00Z,2109.4652728150095,-137.75857859733335,-137.75857859733335,-137.75857859733335,0,0,0,0,0,0,-615.221000053812,-615.221000053812,-615.221000053812,0,0,0,0,0,0,0,0,0,0,0,0,0,0,0,-615.221000053812,-615.221000053812,-615.221000053812,0,0,0,0,0,0,0,0,0,0,0,0,-381.37618433407897,-381.37618433407897,-381.37618433407897,0,0,0,0,0,0,806.0626646844048,806.0626646844048,806.0626646844048,52.77594110615263,52.77594110615263,52.77594110615263,0,0,0,447.8034391760626,3478.7832719651988,2109.4652728150095,2109.4652728150095,1971.7066942176762
2023-06-02T00:00:00Z,2109.7801907313515,-682.6074789510516,-682.6074789510516,-682.6074789510516,0,0,0,0,0,0,-752.8897151972958,-752.8897151972958,-752.8897151972958,0,0,0,0,0,0,0,0,0,0,0,0,-752.8897151972958,-752.8897151972958,-752.8897151972958,0,0,0,0,0,0,0,0,0,0,0,0,0,0,0,-777.5507191050873,-777.5507191050873,-777.5507191050873,0,0,0,0,0,0,800.6017513995727,800.6017513995727,800.6017513995727,47.23120395175875,47.23120395175875,47.23120395175875,0,0,0,28.695306986550193,2872.769677729652,2109.7801907313515,2109.7801907313515,1427.1727117802998
2023-06-03T00:00:00Z,2110.095108647693,-2896.0313087170157,-2896.0313087170157,-2896.0313087170157,0,0,0,0,0,0,-641.1967284672644,-641.1967284672644,-641.1967284672644,0,0,0,0,0,0,0,0,0,0,0,0,0,0,0,0,0,0,-641.1967284672644,-641.1967284672644,-641.1967284672644,0,0,0,0,0,0,0,0,0,-816.3820950881649,-816.3820950881649,-816.3820950881649,0,0,0,0,0,0,-1478.1331127782337,-1478.1331127782337,-1478.1331127782337,39.680627616647655,39.680627616647655,39.680627616647655,0,0,0,-2237.6738208666234,704.4254201148183,2110.095108647693,2110.095108647693,-785.9362000693227
2023-06-04T00:00:00Z,2110.4100265640345,-3311.683992865393,-3311.683992865393,-3311.683992865393,0,0,0,0,0,0,-641.1967284672644,-641.1967284672644,-641.1967284672644,0,0,0,0,0,0,0,0,0,0,0,0,0,0,0,0,0,0,-641.1967284672644,-641.1967284672644,-641.1967284672644,0,0,0,0,0,0,0,0,0,-640.1496350301404,-640.1496350301404,-640.1496350301404,0,0,0,0,0,0,-2060.64172708036,-2060.64172708036,-2060.64172708036,30.304097712371593,30.304097712371593,30.304097712371593,0,0,0,-2473.16930133694,285.57750716756135,2110.4100265640345,2110.4100265640345,-1201.2739663013585
2023-06-05T00:00:00Z,2110.724944480376,-2398.8626165018577,-2398.8626165018577,-2398.8626165018577,0,0,0,0,0,0,-641.1967284672644,-641.1967284672644,-641.1967284672644,-1683.3583639625576,-1683.3583639625576,-1683.3583639625576,0,0,0,0,0,0,0,0,0,0,0,0,0,0,0,-641.1967284672644,-641.1967284672644,-641.1967284672644,0,0,0,0,0,0,-1683.3583639625576,-1683.3583639625576,-1683.3583639625576,-491.77245029740124,-491.77245029740124,-491.77245029740124,0,0,0,0,0,0,398.1504989858248,398.1504989858248,398.1504989858248,19.31442723954067,19.31442723954067,19.31442723954067,0,0,0,-1625.2597742046144,1082.9185774884254,2110.724944480376,2110.724944480376,-288.13767202148165
2023-06-06T00:00:00Z,2111.039862396717,-419.6094381114378,-419.6094381114378,-419.6094381114378,0,0,0,0,0,0,-641.1967284672644,-641.1967284672644,-641.1967284672644,0,0,0,0,0,0,0,0,0,0,0,0,0,0,0,0,0,0,-641.1967284672644,-641.1967284672644,-641.1967284672644,0,0,0,0,0,0,0,0,0,-518.4670598626583,-518.4670598626583,-518.4670598626583,0,0,0,0,0,0,733.1039213660848,733.1039213660848,733.1039213660848,6.950428852399823,6.950428852399823,6.950428852399823,0,0,0,273.6800994046858,3186.1813863530115,2111.039862396717,2111.039862396717,1691.4304242852793
2023-06-07T00:00:00Z,2111.354780313059,-525.556015391248,-525.556015391248,-525.556015391248,0,0,0,0,0,0,-641.1967284672644,-641.1967284672644,-641.1967284672644,0,0,0,0,0,0,0,0,0,0,0,0,0,0,0,0,0,0,-641.1967284672644,-641.1967284672644,-641.1967284672644,0,0,0,0,0,0,0,0,0,-678.6848964191627,-678.6848964191627,-678.6848964191627,0,0,0,0,0,0,800.8560034336658,800.8560034336658,800.8560034336658,-6.530393938486869,-6.530393938486869,-6.530393938486869,0,0,0,149.83992977493568,2985.5079216396302,2111.354780313059,2111.354780313059,1585.7987649218112
2023-06-08T00:00:00Z,2111.6696982294006,-30.832476954934386,-30.832476954934386,-30.832476954934386,0,0,0,0,0,0,0,0,0,0,0,0,0,0,0,0,0,0,0,0,0,0,0,0,0,0,0,0,0,0,0,0,0,0,0,0,0,0,0,-816.035837969967,-816.035837969967,-816.035837969967,0,0,0,0,0,0,806.0626646852004,806.0626646852004,806.0626646852004,-20.859303670167673,-20.859303670167673,-20.859303670167673,0,0,0,554.0638344393794,3469.7244448540187,2111.6696982294006,2111.6696982294006,2080.837221274466
2023-06-09T00:00:00Z,2111.984616145742,-49.96038007163577,-49.96038007163577,-49.96038007163577,0,0,0,0,0,0,0,0,0,0,0,0,0,0,0,0,0,0,0,0,0,0,0,0,0,0,0,0,0,0,0,0,0,0,0,0,0,0,0,-814.7984258141014,-814.7984258141014,-814.7984258141014,0,0,0,0,0,0,800.601751399885,800.601751399885,800.601751399885,-35.76370565741956,-35.76370565741956,-35.76370565741956,0,0,0,603.1783597675264,3560.3166565862325,2111.984616145742,2111.984616145742,2062.0242360741063
2023-06-10T00:00:00Z,2112.2995340620837,-2220.214705692165,-2220.214705692165,-2220.214705692165,0,0,0,0,0,0,0,0,0,0,0,0,0,0,0,0,0,0,0,0,0,0,0,0,0,0,0,0,0,0,0,0,0,0,0,0,0,0,0,-691.1073649492382,-691.1073649492382,-691.1073649492382,0,0,0,0,0,0,-1478.13311278129,-1478.13311278129,-1478.13311278129,-50.97422796163683,-50.97422796163683,-50.97422796163683,0,0,0,-1570.0805158448486,1403.7891324597654,2112.2995340620837,2112.2995340620837,-107.9151716300812
2023-06-11T00:00:00Z,2112.614451978425,-2676.5187324646836,-2676.5187324646836,-2676.5187324646836,0,0,0,0,0,0,0,0,0,0,0,0,0,0,0,0,0,0,0,0,0,0,0,0,0,0,0,0,0,0,0,0,0,0,0,0,0,0,0,-549.6456992241592,-549.6456992241592,-549.6456992241592,0,0,0,0,0,0,-2060.6417270851275,-2060.6417270851275,-2060.6417270851275,-66.23130615539726,-66.23130615539726,-66.23130615539726,0,0,0,-1940.348694328577,1035.3365108069966,2112.614451978425,2112.614451978425,-563.9042804862584
2023-06-12T00:00:00Z,2112.9293698947668,-150.2624472397225,-150.2624472397225,-150.2624472397225,0,0,0,0,0,0,0,0,0,0,0,0,0,0,0,0,0,0,0,0,0,0,0,0,0,0,0,0,0,0,0,0,0,0,0,0,0,0,0,-467.1218479748385,-467.1218479748385,-467.1218479748385,0,0,0,0,0,0,398.1504989864041,398.1504989864041,398.1504989864041,-81.29109825128789,-81.29109825128789,-81.29109825128789,0,0,0,591.2685017250556,3478.8179272377874,2112.9293698947668,2112.9293698947668,1962.6669226550443
2023-06-13T00:00:00Z,2113.2442878111083,212.8625361806645,212.8625361806645,212.8625361806645,0,0,0,0,0,0,0,0,0,0,0,0,0,0,0,0,0,0,0,0,0,0,0,0,0,0,0,0,0,0,0,0,0,0,0,0,0,0,0,-424.31080145589357,-424.31080145589357,-424.31080145589357,0,0,0,0,0,0,733.1039213657913,733.1039213657913,733.1039213657913,-95.93058372923328,-95.93058372923328,-95.93058372923328,0,0,0,874.5858332509902,3904.080730474881,2113.2442878111083,2113.2442878111083,2326.1068239917727
2023-06-14T00:00:00Z,2113.55920572745,343.94897391305705,343.94897391305705,343.94897391305705,0,0,0,0,0,0,0,0,0,0,0,0,0,0,0,0,0,0,0,0,0,0,0,0,0,0,0,0,0,0,0,0,0,0,0,0,0,0,0,-346.9552966917722,-346.9552966917722,-346.9552966917722,0,0,0,0,0,0,800.8560034328605,800.8560034328605,800.8560034328605,-109.95173282803098,-109.95173282803098,-109.95173282803098,0,0,0,1005.3210922112271,3815.5796052694996,2113.55920572745,2113.55920572745,2457.508179640507
2023-06-15T00:00:00Z,2113.8741236437913,481.6256856189073,481.6256856189073,481.6256856189073,0,0,0,0,0,0,0,0,0,0,0,0,0,0,0,0,0,0,0,0,0,0,0,0,0,0,0,0,0,0,0,0,0,0,0,0,0,0,0,-201.25231202928074,-201.25231202928074,-201.25231202928074,0,0,0,0,0,0,806.0626646846064,806.0626646846064,806.0626646846064,-123.18466703641862,-123.18466703641862,-123.18466703641862,0,0,0,1138.9443372076653,4093.039636418531,2113.8741236437913,2113.8741236437913,2595.499809262699
2023-06-16T00:00:00Z,2114.189041560133,627.0185733207999,627.0185733207999,627.0185733207999,0,0,0,0,0,0,0,0,0,0,0,0,0,0,0,0,0,0,0,0,0,0,0,0,0,0,0,0,0,0,0,0,0,0,0,0,0,0,0,-38.093410294925086,-38.093410294925086,-38.093410294925086,0,0,0,0,0,0,800.601751402785,800.601751402785,800.601751402785,-135.48976778706015,-135.48976778706015,-135.48976778706015,0,0,0,1299.9944137780242,4186.123469364843,2114.189041560133,2114.189041560133,2741.207614880933
2023-06-17T00:00:00Z,2114.503959476475,-1564.453103327229,-1564.453103327229,-1564.453103327229,0,0,0,0,0,0,0,0,0,0,0,0,0,0,0,0,0,0,0,0,0,0,0,0,0,0,0,0,0,0,0,0,0,0,0,0,0,0,0,60.43873599149506,60.43873599149506,60.43873599149506,0,0,0,0,0,0,-1478.133112784346,-1478.133112784346,-1478.133112784346,-146.75872653437787,-146.75872653437787,-146.75872653437787,0,0,0,-930.1785559395697,2026.3823963469151,2114.503959476475,2114.503959476475,550.0508561492459
2023-06-18T00:00:00Z,2114.8188773928164,-2144.1042132220946,-2144.1042132220946,-2144.1042132220946,0,0,0,0,0,0,0,0,0,0,0,0,0,0,0,0,0,0,0,0,0,0,0,0,0,0,0,0,0,0,0,0,0,0,0,0,0,0,0,73.45207832014943,73.45207832014943,73.45207832014943,0,0,0,0,0,0,-2060.641727084568,-2060.641727084568,-2060.641727084568,-156.91456445767625,-156.91456445767625,-156.91456445767625,0,0,0,-1453.350910945353,1478.2724221291085,2114.8188773928164,2114.8188773928164,-29.28533582927821
2023-06-19T00:00:00Z,2115.1337953091574,303.9639516272576,303.9639516272576,303.9639516272576,0,0,0,0,0,0,0,0,0,0,0,0,0,0,0,0,0,0,0,0,0,0,0,0,0,0,0,0,0,0,0,0,0,0,0,0,0,0,0,71.72413550519819,71.72413550519819,71.72413550519819,0,0,0,0,0,0,398.15049898815624,398.15049898815624,398.15049898815624,-165.91068286609686,-165.91068286609686,-165.91068286609686,0,0,0,1058.1918826707165,3887.6495411523024,2115.1337953091574,2115.1337953091574,2419.097746936415
2023-06-20T00:00:00Z,2115.448713225499,709.372704227396,709.372704227396,709.372704227396,0,0,0,0,0,0,0,0,0,0,0,0,0,0,0,0,0,0,0,0,0,0,0,0,0,0,0,0,0,0,0,0,0,0,0,0,0,0,0,149.99781781703672,149.99781781703672,149.99781781703672,0,0,0,0,0,0,733.1039213654976,733.1039213654976,733.1039213654976,-173.7290349551383,-173.7290349551383,-173.7290349551383,0,0,0,1392.870123019597,4267.272824144583,2115.448713225499,2115.448713225499,2824.821417452895
2023-06-21T00:00:00Z,2115.7636311418405,949.6170040320528,949.6170040320528,949.6170040320528,0,0,0,0,0,0,0,0,0,0,0,0,0,0,0,0,0,0,0,0,0,0,0,0,0,0,0,0,0,0,0,0,0,0,0,0,0,0,0,329.13853557010503,329.13853557010503,329.13853557010503,0,0,0,0,0,0,800.8560034332394,800.8560034332394,800.8560034332394,-180.37753497129142,-180.37753497129142,-180.37753497129142,0,0,0,1650.1202839013918,4482.53353698386,2115.7636311418405,2115.7636311418405,3065.380635173893
2023-06-22T00:00:00Z,2116.078549058182,1151.9990976680126,1151.9990976680126,1151.9990976680126,0,0,0,0,0,0,0,0,0,0,0,0,0,0,0,0,0,0,0,0,0,0,0,0,0,0,0,0,0,0,0,0,0,0,0,0,0,0,0,531.823274350347,531.823274350347,531.823274350347,0,0,0,0,0,0,806.0626646841516,806.0626646841516,806.0626646841516,-185.8868413664858,-185.8868413664858,-185.8868413664858,0,0,0,1818.4449705748777,4698.290974466572,2116.078549058182,2116.078549058182,3268.077646726195
2023-06-23T00:00:00Z,2116.393466974524,1272.790149349938,1272.790149349938,1272.790149349938,0,0,0,0,0,0,0,0,0,0,0,0,0,0,0,0,0,0,0,0,0,0,0,0,0,0,0,0,0,0,0,0,0,0,0,0,0,0,0,662.4950635317877,662.4950635317877,662.4950635317877,0,0,0,0,0,0,800.6017514030976,800.6017514030976,800.6017514030976,-190.30666558494693,-190.30666558494693,-190.30666558494693,0,0,0,1953.4614816911908,4901.602834069445,2116.393466974524,2116.393466974524,3389.183616324462
2023-06-24T00:00:00Z,2116.7083848908655,-959.6148215461687,-959.6148215461687,-959.6148215461687,0,0,0,0,0,0,0,0,0,0,0,0,0,0,0,0,0,0,0,0,0,0,0,0,0,0,0,0,0,0,0,0,0,0,0,0,0,0,0,712.2200586277678,712.2200586277678,712.2200586277678,0,0,0,0,0,0,-1478.133112785347,-1478.133112785347,-1478.133112785347,-193.70176738858902,-193.70176738858902,-193.70176738858902,0,0,0,-370.0776865603994,2547.754475497852,2116.7083848908655,2116.7083848908655,1157.0935633446968
2023-06-25T00:00:00Z,2117.023302807207,-1481.7309728394537,-1481.7309728394537,-1481.7309728394537,0,0,0,0,0,0,0,0,0,0,0,0,0,0,0,0,0,0,0,0,0,0,0,0,0,0,0,0,0,0,0,0,0,0,0,0,0,0,0,775.0585551648819,775.0585551648819,775.0585551648819,0,0,0,0,0,0,-2060.6417270840084,-2060.6417270840084,-2060.6417270840084,-196.14780092032683,-196.14780092032683,-196.14780092032683,0,0,0,-660.10407573134,2094.9704366294773,2117.023302807207,2117.023302807207,635.2923299677534
2023-06-26T00:00:00Z,2117.338220723548,2347.4587080064475,2347.4587080064475,2347.4587080064475,0,0,0,0,0,0,1201.4993759236843,1201.4993759236843,1201.4993759236843,0,0,0,0,0,0,0,0,0,1201.4993759236843,1201.4993759236843,1201.4993759236843,0,0,0,0,0,0,0,0,0,0,0,0,0,0,0,0,0,0,945.5360061918535,945.5360061918535,945.5360061918535,0,0,0,0,0,0,398.1504989805555,398.1504989805555,398.1504989805555,-197.72717308964616,-197.72717308964616,-197.72717308964616,0,0,0,2978.810139015142,5899.386376152308,2117.338220723548,2117.338220723548,4464.796928729996
2023-06-27T00:00:00Z,2117.65313863989,2926.188306406288,2926.188306406288,2926.188306406288,0,0,0,0,0,0,1201.4993759236843,1201.4993759236843,1201.4993759236843,0,0,0,0,0,0,0,0,0,1201.4993759236843,1201.4993759236843,1201.4993759236843,0,0,0,0,0,0,0,0,0,0,0,0,0,0,0,0,0,0,1190.1100767082694,1190.1100767082694,1190.1100767082694,0,0,0,0,0,0,733.1039213664171,733.1039213664171,733.1039213664171,-198.52506759208336,-198.52506759208336,-198.52506759208336,0,0,0,3613.2380753219445,6551.284763685323,2117.65313863989,2117.65313863989,5043.841445046179
2023-06-28T00:00:00Z,2117.9680565562317,3129.8784323226955,3129.8784323226955,3129.8784323226955,0,0,0,0,0,0,1201.4993759236843,1201.4993759236843,1201.4993759236843,0,0,0,0,0,0,0,0,0,1201.4993759236843,1201.4993759236843,1201.4993759236843,0,0,0,0,0,0,0,0,0,0,0,0,0,0,0,0,0,0,1326.1488273480795,1326.1488273480795,1326.1488273480795,0,0,0,0,0,0,800.8560034336182,800.8560034336182,800.8560034336182,-198.62577438268602,-198.62577438268602,-198.62577438268602,0,0,0,3762.8435079424644,6695.712405837186,2117.9680565562317,2117.9680565562317,5247.846488878928
2023-06-29T00:00:00Z,2118.282974472573,2619.741811251334,2619.741811251334,2619.741811251334,0,0,0,0,0,0,3715.290483842817,3715.290483842817,3715.290483842817,-2854.8919236653896,-2854.8919236653896,-2854.8919236653896,2513.791107919133,2513.791107919133,2513.791107919133,0,0,0,1201.4993759236843,1201.4993759236843,1201.4993759236843,0,0,0,0,0,0,0,0,0,0,0,0,0,0,0,0,0,0,1151.3900327237882,1151.3900327237882,1151.3900327237882,-2854.8919236653896,-2854.8919236653896,-2854.8919236653896,0,0,0,806.0626646835575,806.0626646835575,806.0626646835575,-198.10944633343888,-198.10944633343888,-198.10944633343888,0,0,0,3304.896390030887,6194.046230121749,2118.282974472573,2118.282974472573,4738.024785723907
2023-06-30T00:00:00Z,2118.5978923889147,6558.731646665396,6558.731646665396,6558.731646665396,0,0,0,0,0,0,6221.093231655167,6221.093231655167,6221.093231655167,-889.6430846252604,-889.6430846252604,-889.6430846252604,0,0,0,5019.593855731483,5019.593855731483,5019.593855731483,1201.4993759236843,1201.4993759236843,1201.4993759236843,0,0,0,0,0,0,0,0,0,0,0,0,0,0,0,0,0,0,623.7291310995917,623.7291310995917,623.7291310995917,-889.6430846252604,-889.6430846252604,-889.6430846252604,0,0,0,800.6017514014984,800.6017514014984,800.6017514014984,-197.04938286560147,-197.04938286560147,-197.04938286560147,0,0,0,7114.588505778726,10104.39727084201,2118.5978923889147,2118.5978923889147,8677.32953905431
2023-07-01T00:00:00Z,2118.9128103052562,-2364.0028604067074,-2364.0028604067074,-2364.0028604067074,0,0,0,0,0,0,-615.221000053812,-615.221000053812,-615.221000053812,-6.039984411555587,-6.039984411555587,-6.039984411555587,0,0,0,0,0,0,0,0,0,0,0,0,-615.221000053812,-615.221000053812,-615.221000053812,0,0,0,0,0,0,0,0,0,0,0,0,-69.09884770189393,-69.09884770189393,-69.09884770189393,-6.039984411555587,-6.039984411555587,-6.039984411555587,0,0,0,-1478.1331127863484,-1478.1331127863484,-1478.1331127863484,-195.50991545309768,-195.50991545309768,-195.50991545309768,0,0,0,-1654.5052541560876,1205.7001425392825,2118.9128103052562,2118.9128103052562,-245.0900501014512
2023-07-02T00:00:00Z,2119.2277282215978,-3682.1252926064662,-3682.1252926064662,-3682.1252926064662,0,0,0,0,0,0,-752.8897151972958,-752.8897151972958,-752.8897151972958,-50.77685507663604,-50.77685507663604,-50.77685507663604,0,0,0,0,0,0,0,0,0,-752.8897151972958,-752.8897151972958,-752.8897151972958,0,0,0,0,0,0,0,0,0,0,0,0,0,0,0,-624.2720522554318,-624.2720522554318,-624.2720522554318,-50.77685507663604,-50.77685507663604,-50.77685507663604,0,0,0,-2060.6417270816582,-2060.6417270816582,-2060.6417270816582,-193.54494299544464,-193.54494299544464,-193.54494299544464,0,0,0,-2916.306394198695,-56.92187724107342,2119.2277282215978,2119.2277282215978,-1562.8975643848685
2023-07-03T00:00:00Z,2119.5426461379393,-1791.2688926312621,-1791.2688926312621,-1791.2688926312621,0,0,0,0,0,0,-641.1967284672644,-641.1967284672644,-641.1967284672644,-519.6189625382964,-519.6189625382964,-519.6189625382964,0,0,0,0,0,0,0,0,0,0,0,0,0,0,0,-641.1967284672644,-641.1967284672644,-641.1967284672644,0,0,0,0,0,0,0,0,0,-837.4065634155618,-837.4065634155618,-837.4065634155618,-519.6189625382964,-519.6189625382964,-519.6189625382964,0,0,0,398.150498983481,398.150498983481,398.150498983481,-191.19713719362093,-191.19713719362093,-191.19713719362093,0,0,0,-1082.557956378097,1782.9525728743133,2119.5426461379393,2119.5426461379393,328.27375350667717
2023-07-04T00:00:00Z,2119.857564054281,-1282.6068367099786,-1282.6068367099786,-1282.6068367099786,0,0,0,0,0,0,-641.1967284672644,-641.1967284672644,-641.1967284672644,-446.1335786105635,-446.1335786105635,-446.1335786105635,0,0,0,0,0,0,0,0,0,0,0,0,0,0,0,-641.1967284672644,-641.1967284672644,-641.1967284672644,0,0,0,0,0,0,0,0,0,-739.8826407434907,-739.8826407434907,-739.8826407434907,-446.1335786105635,-446.1335786105635,-446.1335786105635,0,0,0,733.1039213664457,733.1039213664457,733.1039213664457,-188.4978102551057,-188.4978102551057,-188.4978102551057,0,0,0,-716.6522548046781,2199.7760267803137,2119.857564054281,2119.857564054281,837.2507273443023
2023-07-05T00:00:00Z,2120.1724819706224,-723.1917942795284,-723.1917942795284,-723.1917942795284,0,0,0,0,0,0,-641.1967284672644,-641.1967284672644,-641.1967284672644,-148.26878053389868,-148.26878053389868,-148.26878053389868,0,0,0,0,0,0,0,0,0,0,0,0,0,0,0,-641.1967284672644,-641.1967284672644,-641.1967284672644,0,0,0,0,0,0,0,0,0,-549.1148781830583,-549.1148781830583,-549.1148781830583,-148.26878053389868,-148.26878053389868,-148.26878053389868,0,0,0,800.8560034328127,800.8560034328127,800.8560034328127,-185.4674105281198,-185.4674105281198,-185.4674105281198,0,0,0,-14.304811099957117,2831.398208324168,2120.1724819706224,2120.1724819706224,1396.9806876910939
2023-07-06T00:00:00Z,2120.4851375255853,-779.2705069607417,-779.2705069607417,-779.2705069607417,0,0,0,0,0,0,-641.1967284672644,-641.1967284672644,-641.1967284672644,-280.49194230438866,-280.49194230438866,-280.49194230438866,0,0,0,0,0,0,0,0,0,0,0,0,0,0,0,-641.1967284672644,-641.1967284672644,-641.1967284672644,0,0,0,0,0,0,0,0,0,-481.5279138754819,-481.5279138754819,-481.5279138754819,-280.49194230438866,-280.49194230438866,-280.49194230438866,0,0,0,806.0626646843534,806.0626646843534,806.0626646843534,-182.11658699796047,-182.11658699796047,-182.11658699796047,0,0,0,-156.9102165213645,2815.542235275948,2120.4851375255853,2120.4851375255853,1341.2146305648434
2023-07-07T00:00:00Z,2120.7977930805487,-609.8049697370537,-609.8049697370537,-609.8049697370537,0,0,0,0,0,0,-641.1967284672644,-641.1967284672644,-641.1967284672644,0,0,0,0,0,0,0,0,0,0,0,0,0,0,0,0,0,0,-641.1967284672644,-641.1967284672644,-641.1967284672644,0,0,0,0,0,0,0,0,0,-590.7622508511819,-590.7622508511819,-590.7622508511819,0,0,0,0,0,0,800.6017513998992,800.6017513998992,800.6017513998992,-178.4477418185064,-178.4477418185064,-178.4477418185064,0,0,0,138.12355826139978,2923.5861971911067,2120.7977930805487,2120.7977930805487,1510.9928233434948
2023-07-08T00:00:00Z,2121.110448635512,-2412.6913877771813,-2412.6913877771813,-2412.6913877771813,0,0,0,0,0,0,0,0,0,0,0,0,0,0,0,0,0,0,0,0,0,0,0,0,0,0,0,0,0,0,0,0,0,0,0,0,0,0,0,-760.1013029936419,-760.1013029936419,-760.1013029936419,0,0,0,0,0,0,-1478.1331127792591,-1478.1331127792591,-1478.1331127792591,-174.45697200428006,-174.45697200428006,-174.45697200428006,0,0,0,-1754.9049571689889,1201.351014596619,2121.110448635512,2121.110448635512,-291.5809391416692
2023-07-09T00:00:00Z,2121.423104190475,-3065.72997273188,-3065.72997273188,-3065.72997273188,0,0,0,0,0,0,0,0,0,0,0,0,0,0,0,0,0,0,0,0,0,0,0,0,0,0,0,0,0,0,0,0,0,0,0,0,0,0,0,-834.9519579984808,-834.9519579984808,-834.9519579984808,0,0,0,0,0,0,-2060.64172708289,-2060.64172708289,-2060.64172708289,-170.13628765050896,-170.13628765050896,-170.13628765050896,0,0,0,-2332.9531732921864,529.8252851176038,2121.423104190475,2121.423104190475,-944.306868541405
2023-07-10T00:00:00Z,2121.7357597454384,-529.8086742688719,-529.8086742688719,-529.8086742688719,0,0,0,0,0,0,0,0,0,0,0,0,0,0,0,0,0,0,0,0,0,0,0,0,0,0,0,0,0,0,0,0,0,0,0,0,0,0,0,-762.4831881820165,-762.4831881820165,-762.4831881820165,0,0,0,0,0,0,398.1504989840601,398.1504989840601,398.1504989840601,-165.47598507091564,-165.47598507091564,-165.47598507091564,0,0,0,77.14516073894512,2970.6419911784637,2121.7357597454384,2121.7357597454384,1591.9270854765664
2023-07-11T00:00:00Z,2122.0484153004013,-43.207328355094745,-43.207328355094745,-43.207328355094745,0,0,0,0,0,0,0,0,0,0,0,0,0,0,0,0,0,0,0,0,0,0,0,0,0,0,0,0,0,0,0,0,0,0,0,0,0,0,0,-615.8442004086106,-615.8442004086106,-615.8442004086106,0,0,0,0,0,0,733.1039213661522,733.1039213661522,733.1039213661522,-160.46704931263616,-160.46704931263616,-160.46704931263616,0,0,0,642.4769598411307,3452.5423287606704,2122.0484153004013,2122.0484153004013,2078.8410869453064
2023-07-12T00:00:00Z,2122.3610708553642,145.81671330501004,145.81671330501004,145.81671330501004,0,0,0,0,0,0,0,0,0,0,0,0,0,0,0,0,0,0,0,0,0,0,0,0,0,0,0,0,0,0,0,0,0,0,0,0,0,0,0,-499.9358284131339,-499.9358284131339,-499.9358284131339,0,0,0,0,0,0,800.8560034331917,800.8560034331917,800.8560034331917,-155.10346171504773,-155.10346171504773,-155.10346171504773,0,0,0,813.6370443452565,3877.6661121620677,2122.3610708553642,2122.3610708553642,2268.1777841603744
2023-07-13T00:00:00Z,2122.6737264103276,211.45697230571142,211.45697230571142,211.45697230571142,0,0,0,0,0,0,0,0,0,0,0,0,0,0,0,0,0,0,0,0,0,0,0,0,0,0,0,0,0,0,0,0,0,0,0,0,0,0,0,-445.22139793121073,-445.22139793121073,-445.22139793121073,0,0,0,0,0,0,806.062664681119,806.062664681119,806.062664681119,-149.38429444419717,-149.38429444419717,-149.38429444419717,0,0,0,840.861367286795,3743.6562701546086,2122.6737264103276,2122.6737264103276,2334.130698716039
2023-07-14T00:00:00Z,2122.9863819652905,263.27678922505504,263.27678922505504,263.27678922505504,0,0,0,0,0,0,0,0,0,0,0,0,0,0,0,0,0,0,0,0,0,0,0,0,0,0,0,0,0,0,0,0,0,0,0,0,0,0,0,-394.00947720268465,-394.00947720268465,-394.00947720268465,0,0,0,0,0,0,800.6017513983,800.6017513983,800.6017513983,-143.31548497056025,-143.31548497056025,-143.31548497056025,0,0,0,1000.9453261514664,3900.1276179408733,2122.9863819652905,2122.9863819652905,2386.2631711903455
2023-07-15T00:00:00Z,2123.2990375202535,-1896.3049114984785,-1896.3049114984785,-1896.3049114984785,0,0,0,0,0,0,0,0,0,0,0,0,0,0,0,0,0,0,0,0,0,0,0,0,0,0,0,0,0,0,0,0,0,0,0,0,0,0,0,-281.2605999039559,-281.2605999039559,-281.2605999039559,0,0,0,0,0,0,-1478.1331127823153,-1478.1331127823153,-1478.1331127823153,-136.91119881220715,-136.91119881220715,-136.91119881220715,0,0,0,-1306.2091763623114,1722.3647219899274,2123.2990375202535,2123.2990375202535,226.99412602177495
2023-07-16T00:00:00Z,2123.611693075217,-2307.137562414795,-2307.137562414795,-2307.137562414795,0,0,0,0,0,0,0,0,0,0,0,0,0,0,0,0,0,0,0,0,0,0,0,0,0,0,0,0,0,0,0,0,0,0,0,0,0,0,0,-116.3011273921966,-116.3011273921966,-116.3011273921966,0,0,0,0,0,0,-2060.641727080539,-2060.641727080539,-2060.641727080539,-130.19470794205927,-130.19470794205927,-130.19470794205927,0,0,0,-1633.7581646161589,1289.0918484989154,2123.611693075217,2123.611693075217,-183.5258693395781
2023-07-17T00:00:00Z,2123.92434863018,297.8082905725922,297.8082905725922,297.8082905725922,0,0,0,0,0,0,0,0,0,0,0,0,0,0,0,0,0,0,0,0,0,0,0,0,0,0,0,0,0,0,0,0,0,0,0,0,0,0,0,22.85652588229659,22.85652588229659,22.85652588229659,0,0,0,0,0,0,398.15049898581236,398.15049898581236,398.15049898581236,-123.19873429551687,-123.19873429551687,-123.19873429551687,0,0,0,999.3929955237836,3951.1460193194707,2123.92434863018,2123.92434863018,2421.732639202772
2023-07-18T00:00:00Z,2124.2370041851427,692.1168195440811,692.1168195440811,692.1168195440811,0,0,0,0,0,0,0,0,0,0,0,0,0,0,0,0,0,0,0,0,0,0,0,0,0,0,0,0,0,0,0,0,0,0,0,0,0,0,0,74.97813015723739,74.97813015723739,74.97813015723739,0,0,0,0,0,0,733.1039213658585,733.1039213658585,733.1039213658585,-115.9652319790147,-115.9652319790147,-115.9652319790147,0,0,0,1348.197713374081,4196.543498238367,2124.2370041851427,2124.2370041851427,2816.3538237292237
2023-07-19T00:00:00Z,2124.549659740106,-923.2531236040716,-923.2531236040716,-923.2531236040716,0,0,0,0,0,0,0,0,0,-1683.3583639625576,-1683.3583639625576,-1683.3583639625576,0,0,0,0,0,0,0,0,0,0,0,0,0,0,0,0,0,0,0,0,0,0,0,0,-1683.3583639625576,-1683.3583639625576,-1683.3583639625576,67.79384405151092,67.79384405151092,67.79384405151092,0,0,0,0,0,0,800.8560034334105,800.8560034334105,800.8560034334105,-108.54460712643535,-108.54460712643535,-108.54460712643535,0,0,0,-288.4881542796443,2649.0601097990143,2124.549659740106,2124.549659740106,1201.2965361360345
2023-07-20T00:00:00Z,2124.862315295069,802.0479838491761,802.0479838491761,802.0479838491761,0,0,0,0,0,0,0,0,0,0,0,0,0,0,0,0,0,0,0,0,0,0,0,0,0,0,0,0,0,0,0,0,0,0,0,0,0,0,0,96.97971907508594,96.97971907508594,96.97971907508594,0,0,0,0,0,0,806.0626646833043,806.0626646833043,806.0626646833043,-100.99439990921411,-100.99439990921411,-100.99439990921411,0,0,0,1547.376270444287,4404.417799094648,2124.862315295069,2124.862315295069,2926.910299144245
2023-07-21T00:00:00Z,2125.174970850032,937.2358544061966,937.2358544061966,937.2358544061966,0,0,0,0,0,0,0,0,0,0,0,0,0,0,0,0,0,0,0,0,0,0,0,0,0,0,0,0,0,0,0,0,0,0,0,0,0,0,0,230.01158099575244,230.01158099575244,230.01158099575244,0,0,0,0,0,0,800.6017513986122,800.6017513986122,800.6017513986122,-93.37747798816811,-93.37747798816811,-93.37747798816811,0,0,0,1544.3609641078167,4433.011222586439,2125.174970850032,2125.174970850032,3062.4108252562287
2023-07-22T00:00:00Z,2125.4876264049954,-1129.3947457682054,-1129.3947457682054,-1129.3947457682054,0,0,0,0,0,0,0,0,0,0,0,0,0,0,0,0,0,0,0,0,0,0,0,0,0,0,0,0,0,0,0,0,0,0,0,0,0,0,0,434.4981807445887,434.4981807445887,434.4981807445887,0,0,0,0,0,0,-1478.1331127812618,-1478.1331127812618,-1478.1331127812618,-85.75981373153222,-85.75981373153222,-85.75981373153222,0,0,0,-453.3814401254553,2370.732659817396,2125.4876264049954,2125.4876264049954,996.0928806367899
2023-07-23T00:00:00Z,2125.8002819599583,-1529.2611378522918,-1529.2611378522918,-1529.2611378522918,0,0,0,0,0,0,0,0,0,0,0,0,0,0,0,0,0,0,0,0,0,0,0,0,0,0,0,0,0,0,0,0,0,0,0,0,0,0,0,609.588527151399,609.588527151399,609.588527151399,0,0,0,0,0,0,-2060.6417270835145,-2060.6417270835145,-2060.6417270835145,-78.20793792017585,-78.20793792017585,-78.20793792017585,0,0,0,-932.100258891699,1950.1362418265448,2125.8002819599583,2125.8002819599583,596.5391441076665
2023-07-24T00:00:00Z,2126.112937514921,1020.642008550987,1020.642008550987,1020.642008550987,0,0,0,0,0,0,0,0,0,0,0,0,0,0,0,0,0,0,0,0,0,0,0,0,0,0,0,0,0,0,0,0,0,0,0,0,0,0,0,693.2776891552114,693.2776891552114,693.2776891552114,0,0,0,0,0,0,398.15049897938474,398.15049897938474,398.15049897938474,-70.78617958360891,-70.78617958360891,-70.78617958360891,0,0,0,1613.938679862385,4638.787492191175,2126.112937514921,2126.112937514921,3146.7549460659084
2023-07-25T00:00:00Z,2126.4255930698846,1403.917208355077,1403.917208355077,1403.917208355077,0,0,0,0,0,0,0,0,0,0,0,0,0,0,0,0,0,0,0,0,0,0,0,0,0,0,0,0,0,0,0,0,0,0,0,0,0,0,0,734.3671013738121,734.3671013738121,734.3671013738121,0,0,0,0,0,0,733.1039213655649,733.1039213655649,733.1039213655649,-63.55381438429993,-63.55381438429993,-63.55381438429993,0,0,0,2249.472020075656,4940.662370553659,2126.4255930698846,2126.4255930698846,3530.3428014249616
2023-07-26T00:00:00Z,2126.7382486248475,1589.1972294673922,1589.1972294673922,1589.1972294673922,0,0,0,0,0,0,0,0,0,0,0,0,0,0,0,0,0,0,0,0,0,0,0,0,0,0,0,0,0,0,0,0,0,0,0,0,0,0,0,844.9034780608664,844.9034780608664,844.9034780608664,0,0,0,0,0,0,800.8560034331973,800.8560034331973,800.8560034331973,-56.56225202667229,-56.56225202667229,-56.56225202667229,0,0,0,2319.631435785344,5039.010222827362,2126.7382486248475,2126.7382486248475,3715.9354780922395
2023-07-27T00:00:00Z,2127.050904179811,3025.0782665990955,3025.0782665990955,3025.0782665990955,0,0,0,0,0,0,1201.4993759236843,1201.4993759236843,1201.4993759236843,0,0,0,0,0,0,0,0,0,1201.4993759236843,1201.4993759236843,1201.4993759236843,0,0,0,0,0,0,0,0,0,0,0,0,0,0,0,0,0,0,1067.368622124388,1067.368622124388,1067.368622124388,0,0,0,0,0,0,806.0626646827108,806.0626646827108,806.0626646827108,-49.85239613168729,-49.85239613168729,-49.85239613168729,0,0,0,3684.5487872251083,6683.072236766861,2127.050904179811,2127.050904179811,5152.129170778906
2023-07-28T00:00:00Z,2127.363559734774,3244.7941320227296,3244.7941320227296,3244.7941320227296,0,0,0,0,0,0,1201.4993759236843,1201.4993759236843,1201.4993759236843,0,0,0,0,0,0,0,0,0,1201.4993759236843,1201.4993759236843,1201.4993759236843,0,0,0,0,0,0,0,0,0,0,0,0,0,0,0,0,0,0,1286.145312398083,1286.145312398083,1286.145312398083,0,0,0,0,0,0,800.601751397013,800.601751397013,800.601751397013,-43.45230769605044,-43.45230769605044,-43.45230769605044,0,0,0,3899.5264825297986,6825.866970032482,2127.363559734774,2127.363559734774,5372.157691757504
2023-07-29T00:00:00Z,2127.6762152897372,971.6954774156634,971.6954774156634,971.6954774156634,0,0,0,0,0,0,1201.4993759236843,1201.4993759236843,1201.4993759236843,0,0,0,0,0,0,0,0,0,1201.4993759236843,1201.4993759236843,1201.4993759236843,0,0,0,0,0,0,0,0,0,0,0,0,0,0,0,0,0,0,1285.7045098852236,1285.7045098852236,1285.7045098852236,0,0,0,0,0,0,-1478.1331127843177,-1478.1331127843177,-1478.1331127843177,-37.37529560892647,-37.37529560892647,-37.37529560892647,0,0,0,1604.3967746548653,4598.401191062532,2127.6762152897372,2127.6762152897372,3099.3716927054006
2023-07-30T00:00:00Z,2127.9888708447,2547.870578179088,2547.870578179088,2547.870578179088,0,0,0,0,0,0,3715.290483842817,3715.290483842817,3715.290483842817,0,0,0,2513.791107919133,2513.791107919133,2513.791107919133,0,0,0,1201.4993759236843,1201.4993759236843,1201.4993759236843,0,0,0,0,0,0,0,0,0,0,0,0,0,0,0,0,0,0,924.8403663629878,924.8403663629878,924.8403663629878,0,0,0,0,0,0,-2060.6417270829556,-2060.6417270829556,-2060.6417270829556,-31.618544943761247,-31.618544943761247,-31.618544943761247,0,0,0,3225.6779669546927,6191.842057784539,2127.9888708447,2127.9888708447,4675.859449023788
2023-07-31T00:00:00Z,2128.301526399663,6872.383702055623,6872.383702055623,6872.383702055623,0,0,0,0,0,0,6221.093231655167,6221.093231655167,6221.093231655167,0,0,0,0,0,0,5019.593855731483,5019.593855731483,5019.593855731483,1201.4993759236843,1201.4993759236843,1201.4993759236843,0,0,0,0,0,0,0,0,0,0,0,0,0,0,0,0,0,0,279.30234762458593,279.30234762458593,279.30234762458593,0,0,0,0,0,0,398.15049898113716,398.15049898113716,398.15049898113716,-26.162376205267947,-26.162376205267947,-26.162376205267947,0,0,0,7529.844216768682,10405.918856471053,2128.301526399663,2128.301526399663,9000.685228455286
2023-08-01T00:00:00Z,2128.6141819546265,-284.46347000653986,-284.46347000653986,-284.46347000653986,0,0,0,0,0,0,-615.221000053812,-615.221000053812,-615.221000053812,0,0,0,0,0,0,0,0,0,0,0,0,0,0,0,-615.221000053812,-615.221000053812,-615.221000053812,0,0,0,0,0,0,0,0,0,0,0,0,-381.3761843342236,-381.3761843342236,-381.3761843342236,0,0,0,0,0,0,733.1039213655934,733.1039213655934,733.1039213655934,-20.970206984097743,-20.970206984097743,-20.970206984097743,0,0,0,346.1431313285203,3278.387305526169,2128.6141819546265,2128.6141819546265,1844.1507119480866
2023-08-02T00:00:00Z,2128.9268375095894,-745.5736930868987,-745.5736930868987,-745.5736930868987,0,0,0,0,0,0,-752.8897151972958,-752.8897151972958,-752.8897151972958,0,0,0,0,0,0,0,0,0,0,0,0,-752.8897151972958,-752.8897151972958,-752.8897151972958,0,0,0,0,0,0,0,0,0,0,0,0,0,0,0,-777.5507191052634,-777.5507191052634,-777.5507191052634,0,0,0,0,0,0,800.856003432984,800.856003432984,800.856003432984,-15.989262217323809,-15.989262217323809,-15.989262217323809,0,0,0,-82.2385815961683,2781.1244152397026,2128.9268375095894,2128.9268375095894,1383.3531444226905
2023-08-03T00:00:00Z,2129.2394930645523,-662.6682102266773,-662.6682102266773,-662.6682102266773,0,0,0,0,0,0,-641.1967284672644,-641.1967284672644,-641.1967284672644,0,0,0,0,0,0,0,0,0,0,0,0,0,0,0,0,0,0,-641.1967284672644,-641.1967284672644,-641.1967284672644,0,0,0,0,0,0,0,0,0,-816.3820950879859,-816.3820950879859,-816.3820950879859,0,0,0,0,0,0,806.0626646821169,806.0626646821169,806.0626646821169,-11.152051353543936,-11.152051353543936,-11.152051353543936,0,0,0,24.27020450538831,2975.5185015778698,2129.2394930645523,2129.2394930645523,1466.571282837875
2023-08-04T00:00:00Z,2129.5521486195157,-487.1232132127413,-487.1232132127413,-487.1232132127413,0,0,0,0,0,0,-641.1967284672644,-641.1967284672644,-641.1967284672644,0,0,0,0,0,0,0,0,0,0,0,0,0,0,0,0,0,0,-641.1967284672644,-641.1967284672644,-641.1967284672644,0,0,0,0,0,0,0,0,0,-640.1496350301346,-640.1496350301346,-640.1496350301346,0,0,0,0,0,0,800.6017514018248,800.6017514018248,800.6017514018248,-6.378601117167169,-6.378601117167169,-6.378601117167169,0,0,0,103.85403981487615,3137.309025080113,2129.5521486195157,2129.5521486195157,1642.4289354067744
2023-08-05T00:00:00Z,2129.8648041744786,-2612.6816938466886,-2612.6816938466886,-2612.6816938466886,0,0,0,0,0,0,-641.1967284672644,-641.1967284672644,-641.1967284672644,0,0,0,0,0,0,0,0,0,0,0,0,0,0,0,0,0,0,-641.1967284672644,-641.1967284672644,-641.1967284672644,0,0,0,0,0,0,0,0,0,-491.7724502969157,-491.7724502969157,-491.7724502969157,0,0,0,0,0,0,-1478.133112785319,-1478.133112785319,-1478.133112785319,-1.5794022971900203,-1.5794022971900203,-1.5794022971900203,0,0,0,-1943.1584133980548,1029.3369241064108,2129.8648041744786,2129.8648041744786,-482.81688967221
2023-08-06T00:00:00Z,2130.1774597294416,-3216.9645145562713,-3216.9645145562713,-3216.9645145562713,0,0,0,0,0,0,-641.1967284672644,-641.1967284672644,-641.1967284672644,0,0,0,0,0,0,0,0,0,0,0,0,0,0,0,0,0,0,-641.1967284672644,-641.1967284672644,-641.1967284672644,0,0,0,0,0,0,0,0,0,-518.467059862885,-518.467059862885,-518.467059862885,0,0,0,0,0,0,-2060.6417270823963,-2060.6417270823963,-2060.6417270823963,3.341000856273553,3.341000856273553,3.341000856273553,0,0,0,-2505.4801445202816,422.6700401173694,2130.1774597294416,2130.1774597294416,-1086.7870548268297
2023-08-07T00:00:00Z,2130.490115284405,-913.2512475285627,-913.2512475285627,-913.2512475285627,0,0,0,0,0,0,-641.1967284672644,-641.1967284672644,-641.1967284672644,0,0,0,0,0,0,0,0,0,0,0,0,0,0,0,0,0,0,-641.1967284672644,-641.1967284672644,-641.1967284672644,0,0,0,0,0,0,0,0,0,-678.6848964194787,-678.6848964194787,-678.6848964194787,0,0,0,0,0,0,398.15049898171634,398.15049898171634,398.15049898171634,8.47987837646407,8.47987837646407,8.47987837646407,0,0,0,-257.5834653830382,2716.9571453521817,2130.490115284405,2130.490115284405,1217.2388677558424
2023-08-08T00:00:00Z,2130.802770839368,-69.00015163862776,-69.00015163862776,-69.00015163862776,0,0,0,0,0,0,0,0,0,0,0,0,0,0,0,0,0,0,0,0,0,0,0,0,0,0,0,0,0,0,0,0,0,0,0,0,0,0,0,-816.0358379696816,-816.0358379696816,-816.0358379696816,0,0,0,0,0,0,733.1039213649774,733.1039213649774,733.1039213649774,13.931764966076368,13.931764966076368,13.931764966076368,0,0,0,617.5596114370234,3450.8340583911413,2130.802770839368,2130.802770839368,2061.80261920074
2023-08-09T00:00:00Z,2131.115426394331,5.841218319554124,5.841218319554124,5.841218319554124,0,0,0,0,0,0,0,0,0,0,0,0,0,0,0,0,0,0,0,0,0,0,0,0,0,0,0,0,0,0,0,0,0,0,0,0,0,0,0,-814.7984258137567,-814.7984258137567,-814.7984258137567,0,0,0,0,0,0,800.8560034337952,800.8560034337952,800.8560034337952,19.78364069951583,19.78364069951583,19.78364069951583,0,0,0,731.4457629371744,3660.9707965198368,2131.115426394331,2131.115426394331,2136.956644713885
2023-08-10T00:00:00Z,2131.428081949294,141.0653071516585,141.0653071516585,141.0653071516585,0,0,0,0,0,0,0,0,0,0,0,0,0,0,0,0,0,0,0,0,0,0,0,0,0,0,0,0,0,0,0,0,0,0,0,0,0,0,0,-691.1073649494157,-691.1073649494157,-691.1073649494157,0,0,0,0,0,0,806.0626646843019,806.0626646843019,806.0626646843019,26.11000741677184,26.11000741677184,26.11000741677184,0,0,0,823.7169383545629,3721.949337714819,2131.428081949294,2131.428081949294,2272.4933891009528
2023-08-11T00:00:00Z,2131.740737504257,283.9240908187859,283.9240908187859,283.9240908187859,0,0,0,0,0,0,0,0,0,0,0,0,0,0,0,0,0,0,0,0,0,0,0,0,0,0,0,0,0,0,0,0,0,0,0,0,0,0,0,-549.6456992241253,-549.6456992241253,-549.6456992241253,0,0,0,0,0,0,800.6017514002258,800.6017514002258,800.6017514002258,32.96803864268563,32.96803864268563,32.96803864268563,0,0,0,956.9348952850887,3882.1036591687225,2131.740737504257,2131.740737504257,2415.664828323043
2023-08-12T00:00:00Z,2132.05339305922,-1904.8619732751781,-1904.8619732751781,-1904.8619732751781,0,0,0,0,0,0,0,0,0,0,0,0,0,0,0,0,0,0,0,0,0,0,0,0,0,0,0,0,0,0,0,0,0,0,0,0,0,0,0,-467.12184797432604,-467.12184797432604,-467.12184797432604,0,0,0,0,0,0,-1478.13311278632,-1478.13311278632,-1478.13311278632,40.392987485468424,40.392987485468424,40.392987485468424,0,0,0,-1156.5354389164008,1731.7935505770836,2132.05339305922,2132.05339305922,227.19141978404195
2023-08-13T00:00:00Z,2132.366048614184,-2436.558491215772,-2436.558491215772,-2436.558491215772,0,0,0,0,0,0,0,0,0,0,0,0,0,0,0,0,0,0,0,0,0,0,0,0,0,0,0,0,0,0,0,0,0,0,0,0,0,0,0,-424.3108014558078,-424.3108014558078,-424.3108014558078,0,0,0,0,0,0,-2060.6417270818365,-2060.6417270818365,-2060.6417270818365,48.3940373218723,48.3940373218723,48.3940373218723,0,0,0,-1798.1316096141552,1174.6558240327342,2132.366048614184,2132.366048614184,-304.192442601588
2023-08-14T00:00:00Z,2132.678704169147,108.14597625383587,108.14597625383587,108.14597625383587,0,0,0,0,0,0,0,0,0,0,0,0,0,0,0,0,0,0,0,0,0,0,0,0,0,0,0,0,0,0,0,0,0,0,0,0,0,0,0,-346.9552966920687,-346.9552966920687,-346.9552966920687,0,0,0,0,0,0,398.15049898464173,398.15049898464173,398.15049898464173,56.95077396126297,56.95077396126297,56.95077396126297,0,0,0,806.4838789334092,3662.524126666336,2132.678704169147,2132.678704169147,2240.8246804229825
2023-08-15T00:00:00Z,2132.9913597241098,597.8620547258555,597.8620547258555,597.8620547258555,0,0,0,0,0,0,0,0,0,0,0,0,0,0,0,0,0,0,0,0,0,0,0,0,0,0,0,0,0,0,0,0,0,0,0,0,0,0,0,-201.2523120296714,-201.2523120296714,-201.2523120296714,0,0,0,0,0,0,733.1039213662195,733.1039213662195,733.1039213662195,66.01044538930752,66.01044538930752,66.01044538930752,0,0,0,1336.3545891862354,4230.833453993933,2132.9913597241098,2132.9913597241098,2730.8534144499654
2023-08-16T00:00:00Z,2133.304015279073,838.2487494771559,838.2487494771559,838.2487494771559,0,0,0,0,0,0,0,0,0,0,0,0,0,0,0,0,0,0,0,0,0,0,0,0,0,0,0,0,0,0,0,0,0,0,0,0,0,0,0,-38.09341029451034,-38.09341029451034,-38.09341029451034,0,0,0,0,0,0,800.8560034335816,800.8560034335816,800.8560034335816,75.48615633808458,75.48615633808458,75.48615633808458,0,0,0,1598.7732236107004,4404.447939483342,2133.304015279073,2133.304015279073,2971.552764756229
2023-08-17T00:00:00Z,2133.616670834036,951.7575209462732,951.7575209462732,951.7575209462732,0,0,0,0,0,0,0,0,0,0,0,0,0,0,0,0,0,0,0,0,0,0,0,0,0,0,0,0,0,0,0,0,0,0,0,0,0,0,0,60.438735991452894,60.438735991452894,60.438735991452894,0,0,0,0,0,0,806.0626646837084,806.0626646837084,806.0626646837084,85.25612027111197,85.25612027111197,85.25612027111197,0,0,0,1508.2099840317055,4545.929485468595,2133.616670834036,2133.616670834036,3085.374191780309
2023-08-18T00:00:00Z,2133.929326388999,969.2178912308891,969.2178912308891,969.2178912308891,0,0,0,0,0,0,0,0,0,0,0,0,0,0,0,0,0,0,0,0,0,0,0,0,0,0,0,0,0,0,0,0,0,0,0,0,0,0,0,73.45207831992444,73.45207831992444,73.45207831992444,0,0,0,0,0,0,800.6017514005379,800.6017514005379,800.6017514005379,95.16406151042673,95.16406151042673,95.16406151042673,0,0,0,1570.6703893701595,4538.271577610644,2133.929326388999,2133.929326388999,3103.147217619888
2023-08-19T00:00:00Z,2134.2419819439624,-1301.388151230234,-1301.388151230234,-1301.388151230234,0,0,0,0,0,0,0,0,0,0,0,0,0,0,0,0,0,0,0,0,0,0,0,0,0,0,0,0,0,0,0,0,0,0,0,0,0,0,0,71.72413550472136,71.72413550472136,71.72413550472136,0,0,0,0,0,0,-1478.1331127873214,-1478.1331127873214,-1478.1331127873214,105.02082605236556,105.02082605236556,105.02082605236556,0,0,0,-555.4106714210508,2270.835863094468,2134.2419819439624,2134.2419819439624,832.8538307137285
2023-08-20T00:00:00Z,2134.5546374989253,-1796.03668720607,-1796.03668720607,-1796.03668720607,0,0,0,0,0,0,0,0,0,0,0,0,0,0,0,0,0,0,0,0,0,0,0,0,0,0,0,0,0,0,0,0,0,0,0,0,0,0,0,149.99781781648198,149.99781781648198,149.99781781648198,0,0,0,0,0,0,-2060.641727084812,-2060.641727084812,-2060.641727084812,114.60722206226022,114.60722206226022,114.60722206226022,0,0,0,-1146.353246132972,1838.1763417407851,2134.5546374989253,2134.5546374989253,338.5179502928554
2023-08-21T00:00:00Z,2134.8672930538883,850.9671058436969,850.9671058436969,850.9671058436969,0,0,0,0,0,0,0,0,0,0,0,0,0,0,0,0,0,0,0,0,0,0,0,0,0,0,0,0,0,0,0,0,0,0,0,0,0,0,0,329.1385355699266,329.1385355699266,329.1385355699266,0,0,0,0,0,0,398.1504989852209,398.1504989852209,398.1504989852209,123.67807128854946,123.67807128854946,123.67807128854946,0,0,0,1565.6375465361416,4439.504453815388,2134.8672930538883,2134.8672930538883,2985.8343988975853
2023-08-22T00:00:00Z,2135.1799486088516,1396.8946076184513,1396.8946076184513,1396.8946076184513,0,0,0,0,0,0,0,0,0,0,0,0,0,0,0,0,0,0,0,0,0,0,0,0,0,0,0,0,0,0,0,0,0,0,0,0,0,0,0,531.8232743502281,531.8232743502281,531.8232743502281,0,0,0,0,0,0,733.1039213659257,733.1039213659257,733.1039213659257,131.9674119022972,131.9674119022972,131.9674119022972,0,0,0,2073.8943225536955,5017.815235342676,2135.1799486088516,2135.1799486088516,3532.074556227303
2023-08-23T00:00:00Z,2135.4926041638146,1602.5458198268075,1602.5458198268075,1602.5458198268075,0,0,0,0,0,0,0,0,0,0,0,0,0,0,0,0,0,0,0,0,0,0,0,0,0,0,0,0,0,0,0,0,0,0,0,0,0,0,0,662.4950635316651,662.4950635316651,662.4950635316651,0,0,0,0,0,0,800.8560034333684,800.8560034333684,800.8560034333684,139.19475286177342,139.19475286177342,139.19475286177342,0,0,0,2358.8373448870448,5102.018970118742,2135.4926041638146,2135.4926041638146,3738.038423990622
2023-08-24T00:00:00Z,2135.74365169865,1663.3549644748093,1663.3549644748093,1663.3549644748093,0,0,0,0,0,0,0,0,0,0,0,0,0,0,0,0,0,0,0,0,0,0,0,0,0,0,0,0,0,0,0,0,0,0,0,0,0,0,0,712.2200586276912,712.2200586276912,712.2200586276912,0,0,0,0,0,0,806.06266468450394,806.06266468450394,806.06266468450394,145.07224116261418,145.07224116261418,145.07224116261418,0,0,0,2280.0934555509766,5317.7454239558465,2135.74365169865,2135.74365169865,3799.098616173459
2023-08-25T00:00:00Z,2135.994699233485,1724.9728741169777,1724.9728741169777,1724.9728741169777,0,0,0,0,0,0,0,0,0,0,0,0,0,0,0,0,0,0,0,0,0,0,0,0,0,0,0,0,0,0,0,0,0,0,0,0,0,0,0,775.0585551646221,775.0585551646221,775.0585551646221,0,0,0,0,0,0,800.6017513970271,800.6017513970271,800.6017513970271,149.3125675553285,149.3125675553285,149.3125675553285,0,0,0,2421.0117745279904,5248.08149110056,2135.994699233485,2135.994699233485,3860.9675733504628
2023-08-26T00:00:00Z,2136.2457467683203,-380.9597018351641,-380.9597018351641,-380.9597018351641,0,0,0,0,0,0,0,0,0,0,0,0,0,0,0,0,0,0,0,0,0,0,0,0,0,0,0,0,0,0,0,0,0,0,0,0,0,0,0,945.5360061918637,945.5360061918637,945.5360061918637,0,0,0,0,0,0,-1478.133112782287,-1478.133112782287,-1478.133112782287,151.63740475525933,151.63740475525933,151.63740475525933,0,0,0,229.66229185600224,3087.53723885509,2136.2457467683203,2136.2457467683203,1755.286044933156
2023-08-27T00:00:00Z,2136.496794303156,482.7538715319411,482.7538715319411,482.7538715319411,0,0,0,0,0,0,1201.4993759236843,1201.4993759236843,1201.4993759236843,0,0,0,0,0,0,0,0,0,1201.4993759236843,1201.4993759236843,1201.4993759236843,0,0,0,0,0,0,0,0,0,0,0,0,0,0,0,0,0,0,1190.1100767081953,1190.1100767081953,1190.1100767081953,0,0,0,0,0,0,-2060.6417270860443,-2060.6417270860443,-2060.6417270860443,151.7861459861059,151.7861459861059,151.7861459861059,0,0,0,1148.5800263815693,4074.3240149023,2136.496794303156,2136.496794303156,2619.250665835097
2023-08-28T00:00:00Z,2136.7478418379915,3075.3233941366802,3075.3233941366802,3075.3233941366802,0,0,0,0,0,0,1201.4993759236843,1201.4993759236843,1201.4993759236843,0,0,0,0,0,0,0,0,0,1201.4993759236843,1201.4993759236843,1201.4993759236843,0,0,0,0,0,0,0,0,0,0,0,0,0,0,0,0,0,0,1326.1488273484704,1326.1488273484704,1326.1488273484704,0,0,0,0,0,0,398.1504989858,398.1504989858,398.1504989858,149.52469187872555,149.52469187872555,149.52469187872555,0,0,0,3779.8008166469235,6592.889622267711,2136.7478418379915,2136.7478418379915,5212.071235974672
2023-08-29T00:00:00Z,2136.998889372827,3230.64735115677,3230.64735115677,3230.64735115677,0,0,0,0,0,0,1201.4993759236843,1201.4993759236843,1201.4993759236843,0,0,0,0,0,0,0,0,0,1201.4993759236843,1201.4993759236843,1201.4993759236843,0,0,0,0,0,0,0,0,0,0,0,0,0,0,0,0,0,0,1151.3900327238302,1151.3900327238302,1151.3900327238302,0,0,0,0,0,0,733.103921365632,733.103921365632,733.103921365632,144.65402114362416,144.65402114362416,144.65402114362416,0,0,0,3922.81838841013,6908.3330826396905,2136.998889372827,2136.998889372827,5367.646240529597
2023-08-30T00:00:00Z,2137.249936907662,5276.893894028804,5276.893894028804,5276.893894028804,0,0,0,0,0,0,3715.290483842817,3715.290483842817,3715.290483842817,0,0,0,2513.791107919133,2513.791107919133,2513.791107919133,0,0,0,1201.4993759236843,1201.4993759236843,1201.4993759236843,0,0,0,0,0,0,0,0,0,0,0,0,0,0,0,0,0,0,623.729131100079,623.729131100079,623.729131100079,0,0,0,0,0,0,800.8560034331554,800.8560034331554,800.8560034331554,137.0182756527535,137.0182756527535,137.0182756527535,0,0,0,5973.638477488946,8692.73114393886,2137.249936907662,2137.249936907662,7414.143830936466
2023-08-31T00:00:00Z,2137.500984442497,5401.210778685562,5401.210778685562,5401.210778685562,0,0,0,0,0,0,6221.093231655167,6221.093231655167,6221.093231655167,-1683.3583639625576,-1683.3583639625576,-1683.3583639625576,0,0,0,5019.593855731483,5019.593855731483,5019.593855731483,1201.4993759236843,1201.4993759236843,1201.4993759236843,0,0,0,0,0,0,0,0,0,0,0,0,0,0,0,-1683.3583639625576,-1683.3583639625576,-1683.3583639625576,-69.09884770144664,-69.09884770144664,-69.09884770144664,0,0,0,0,0,0,806.0626646826596,806.0626646826596,806.0626646826596,126.51209401173989,126.51209401173989,126.51209401173989,0,0,0,6069.311130784019,9112.42778072077,2137.500984442497,2137.500984442497,7538.71176312806
2023-09-01T00:00:00Z,2137.7520319773325,-325.80436140453827,-325.80436140453827,-325.80436140453827,0,0,0,0,0,0,-615.221000053812,-615.221000053812,-615.221000053812,0,0,0,0,0,0,0,0,0,0,0,0,0,0,0,-615.221000053812,-615.221000053812,-615.221000053812,0,0,0,0,0,0,0,0,0,0,0,0,-624.2720522552355,-624.2720522552355,-624.2720522552355,0,0,0,0,0,0,800.6017513973395,800.6017513973395,800.6017513973395,113.08693950716993,113.08693950716993,113.08693950716993,0,0,0,248.25912954972992,3231.2385482046134,2137.7520319773325,2137.7520319773325,1811.9476705727943
2023-09-02T00:00:00Z,2138.003079512168,-2971.673203018938,-2971.673203018938,-2971.673203018938,0,0,0,0,0,0,-752.8897151972958,-752.8897151972958,-752.8897151972958,0,0,0,0,0,0,0,0,0,0,0,0,-752.8897151972958,-752.8897151972958,-752.8897151972958,0,0,0,0,0,0,0,0,0,0,0,0,0,0,0,-837.406563415478,-837.406563415478,-837.406563415478,0,0,0,0,0,0,-1478.1331127832887,-1478.1331127832887,-1478.1331127832887,96.75618837712375,96.75618837712375,96.75618837712375,0,0,0,-2268.7404732388886,741.6235640420693,2138.003079512168,2138.003079512168,-833.6701235067699
2023-09-03T00:00:00Z,2138.2541270470033,-3364.122324015112,-3364.122324015112,-3364.122324015112,0,0,0,0,0,0,-641.1967284672644,-641.1967284672644,-641.1967284672644,0,0,0,0,0,0,0,0,0,0,0,0,0,0,0,0,0,0,-641.1967284672644,-641.1967284672644,-641.1967284672644,0,0,0,0,0,0,0,0,0,-739.8826407435168,-739.8826407435168,-739.8826407435168,0,0,0,0,0,0,-2060.641727083694,-2060.641727083694,-2060.641727083694,77.59877227936242,77.59877227936242,77.59877227936242,0,0,0,-2795.922544612487,264.5260335304424,2138.2541270470033,2138.2541270470033,-1225.8681969681088
2023-09-04T00:00:00Z,2138.5051745818387,-736.3999036534522,-736.3999036534522,-736.3999036534522,0,0,0,0,0,0,-641.1967284672644,-641.1967284672644,-641.1967284672644,0,0,0,0,0,0,0,0,0,0,0,0,0,0,0,0,0,0,-641.1967284672644,-641.1967284672644,-641.1967284672644,0,0,0,0,0,0,0,0,0,-549.1148781826121,-549.1148781826121,-549.1148781826121,0,0,0,0,0,0,398.1504989875525,398.1504989875525,398.1504989875525,55.76120400887168,55.76120400887168,55.76120400887168,0,0,0,-129.10427469326686,2805.4500655930783,2138.5051745818387,2138.5051745818387,1402.1052709283865
2023-09-05T00:00:00Z,2138.756222116674,-358.16286391332005,-358.16286391332005,-358.16286391332005,0,0,0,0,0,0,-641.1967284672644,-641.1967284672644,-641.1967284672644,0,0,0,0,0,0,0,0,0,0,0,0,0,0,0,0,0,0,-641.1967284672644,-641.1967284672644,-641.1967284672644,0,0,0,0,0,0,0,0,0,-481.52791387527225,-481.52791387527225,-481.52791387527225,0,0,0,0,0,0,733.1039213665516,733.1039213665516,733.1039213665516,31.457857062664846,31.457857062664846,31.457857062664846,0,0,0,357.30763670423914,3255.364706101634,2138.756222116674,2138.756222116674,1780.593358203354
2023-09-06T00:00:00Z,2139.0072696515094,-426.1335594186515,-426.1335594186515,-426.1335594186515,0,0,0,0,0,0,-641.1967284672644,-641.1967284672644,-641.1967284672644,0,0,0,0,0,0,0,0,0,0,0,0,0,0,0,0,0,0,-641.1967284672644,-641.1967284672644,-641.1967284672644,0,0,0,0,0,0,0,0,0,-590.7622508514005,-590.7622508514005,-590.7622508514005,0,0,0,0,0,0,800.8560034335342,800.8560034335342,800.8560034335342,4.96941646647937,4.96941646647937,4.96941646647937,0,0,0,144.14918264089386,3088.1882516933024,2139.0072696515094,2139.0072696515094,1712.873710232858
2023-09-07T00:00:00Z,2139.258317186345,-618.5958976708342,-618.5958976708342,-618.5958976708342,0,0,0,0,0,0,-641.1967284672644,-641.1967284672644,-641.1967284672644,0,0,0,0,0,0,0,0,0,0,0,0,0,0,0,0,0,0,-641.1967284672644,-641.1967284672644,-641.1967284672644,0,0,0,0,0,0,0,0,0,-760.1013029936662,-760.1013029936662,-760.1013029936662,0,0,0,0,0,0,806.0626646834552,806.0626646834552,806.0626646834552,-23.36053089335895,-23.36053089335895,-23.36053089335895,0,0,0,82.15939414363127,3000.8746546894968,2139.258317186345,2139.258317186345,1520.6624195155105
2023-09-08T00:00:00Z,2139.5093647211797,-87.48095141672792,-87.48095141672792,-87.48095141672792,0,0,0,0,0,0,0,0,0,0,0,0,0,0,0,0,0,0,0,0,0,0,0,0,0,0,0,0,0,0,0,0,0,0,0,0,0,0,0,-834.9519579986014,-834.9519579986014,-834.9519579986014,0,0,0,0,0,0,800.601751397652,800.601751397652,800.601751397652,-53.13074481577863,-53.13074481577863,-53.13074481577863,0,0,0,607.8452737173819,3478.8910878002844,2139.5093647211797,2139.5093647211797,2052.028413304452
2023-09-09T00:00:00Z,2139.760412256015,-2324.5056441633687,-2324.5056441633687,-2324.5056441633687,0,0,0,0,0,0,0,0,0,0,0,0,0,0,0,0,0,0,0,0,0,0,0,0,0,0,0,0,0,0,0,0,0,0,0,0,0,0,0,-762.4831881818147,-762.4831881818147,-762.4831881818147,0,0,0,0,0,0,-1478.1331127842893,-1478.1331127842893,-1478.1331127842893,-83.88934319726431,-83.88934319726431,-83.88934319726431,0,0,0,-1773.5699877516397,1364.5872989128652,2139.760412256015,2139.760412256015,-184.74523190735363
2023-09-10T00:00:00Z,2140.011459790851,-2791.628374006571,-2791.628374006571,-2791.628374006571,0,0,0,0,0,0,0,0,0,0,0,0,0,0,0,0,0,0,0,0,0,0,0,0,0,0,0,0,0,0,0,0,0,0,0,0,0,0,0,-615.8442004087476,-615.8442004087476,-615.8442004087476,0,0,0,0,0,0,-2060.641727083135,-2060.641727083135,-2060.641727083135,-115.1424465146886,-115.1424465146886,-115.1424465146886,0,0,0,-2099.2952906750293,851.9688347882196,2140.011459790851,2140.011459790851,-651.61691421572
2023-09-11T00:00:00Z,2140.2625073256863,-248.14960347857408,-248.14960347857408,-248.14960347857408,0,0,0,0,0,0,0,0,0,0,0,0,0,0,0,0,0,0,0,0,0,0,0,0,0,0,0,0,0,0,0,0,0,0,0,0,0,0,0,-499.9358284126173,-499.9358284126173,-499.9358284126173,0,0,0,0,0,0,398.1504989811249,398.1504989811249,398.1504989811249,-146.36427404708172,-146.36427404708172,-146.36427404708172,0,0,0,444.58301630721286,3282.5337339917232,2140.2625073256863,2140.2625073256863,1892.1129038471122
2023-09-12T00:00:00Z,2140.5135548605213,110.87406061642022,110.87406061642022,110.87406061642022,0,0,0,0,0,0,0,0,0,0,0,0,0,0,0,0,0,0,0,0,0,0,0,0,0,0,0,0,0,0,0,0,0,0,0,0,0,0,0,-445.2213979311374,-445.2213979311374,-445.2213979311374,0,0,0,0,0,0,733.1039213665803,733.1039213665803,733.1039213665803,-177.00846281902275,-177.00846281902275,-177.00846281902275,0,0,0,852.3388016643106,3694.4772835086014,2140.5135548605213,2140.5135548605213,2251.3876154769414
2023-09-13T00:00:00Z,2140.7646023953566,200.32618828043258,200.32618828043258,200.32618828043258,0,0,0,0,0,0,0,0,0,0,0,0,0,0,0,0,0,0,0,0,0,0,0,0,0,0,0,0,0,0,0,0,0,0,0,0,0,0,0,-394.009477202608,-394.009477202608,-394.009477202608,0,0,0,0,0,0,800.8560034327286,800.8560034327286,800.8560034327286,-206.5203379496881,-206.5203379496881,-206.5203379496881,0,0,0,848.6269021774426,3795.973276203513,2140.7646023953566,2140.7646023953566,2341.0907906757893
2023-09-14T00:00:00Z,2141.015649930192,290.45223719743655,290.45223719743655,290.45223719743655,0,0,0,0,0,0,0,0,0,0,0,0,0,0,0,0,0,0,0,0,0,0,0,0,0,0,0,0,0,0,0,0,0,0,0,0,0,0,0,-281.2605999042659,-281.2605999042659,-281.2605999042659,0,0,0,0,0,0,806.0626646828613,806.0626646828613,806.0626646828613,-234.34982758115925,-234.34982758115925,-234.34982758115925,0,0,0,980.6112300654308,3843.4370478229375,2141.015649930192,2141.015649930192,2431.4678871276287
2023-09-15T00:00:00Z,2141.2666974650274,424.3359359454842,424.3359359454842,424.3359359454842,0,0,0,0,0,0,0,0,0,0,0,0,0,0,0,0,0,0,0,0,0,0,0,0,0,0,0,0,0,0,0,0,0,0,0,0,0,0,0,-116.3011273920352,-116.3011273920352,-116.3011273920352,0,0,0,0,0,0,800.601751394141,800.601751394141,800.601751394141,-259.96468805662164,-259.96468805662164,-259.96468805662164,0,0,0,1144.819585925725,3995.465808427806,2141.2666974650274,2141.2666974650274,2565.6026334105118
2023-09-17T00:00:00Z,2141.768792534698,-2288.252976650514,-2288.252976650514,-2288.252976650514,0,0,0,0,0,0,0,0,0,0,0,0,0,0,0,0,0,0,0,0,0,0,0,0,0,0,0,0,0,0,0,0,0,0,0,0,0,0,0,74.97813015699398,74.97813015699398,74.97813015699398,0,0,0,0,0,0,-2060.6417270825755,-2060.6417270825755,-2060.6417270825755,-302.58937972493294,-302.58937972493294,-302.58937972493294,0,0,0,-1626.0329821429564,1362.4154692473517,2141.768792534698,2141.768792534698,-146.48418411581588
2023-09-18T00:00:00Z,2142.0198400695335,147.20421458592244,147.20421458592244,147.20421458592244,0,0,0,0,0,0,0,0,0,0,0,0,0,0,0,0,0,0,0,0,0,0,0,0,0,0,0,0,0,0,0,0,0,0,0,0,0,0,0,67.79384405177565,67.79384405177565,67.79384405177565,0,0,0,0,0,0,398.15049898287714,398.15049898287714,398.15049898287714,-318.7401284487303,-318.7401284487303,-318.7401284487303,0,0,0,911.6233845240893,3756.593166358366,2142.0198400695335,2142.0198400695335,2289.224054655456
2023-09-19T00:00:00Z,2142.270887604369,499.1026394169736,499.1026394169736,499.1026394169736,0,0,0,0,0,0,0,0,0,0,0,0,0,0,0,0,0,0,0,0,0,0,0,0,0,0,0,0,0,0,0,0,0,0,0,0,0,0,0,96.97971907461842,96.97971907461842,96.97971907461842,0,0,0,0,0,0,733.1039213666088,733.1039213666088,733.1039213666088,-330.98100102425366,-330.98100102425366,-330.98100102425366,0,0,0,1109.4371638081511,4160.122014516556,2142.270887604369,2142.270887604369,2641.3735270213424
2023-09-20T00:00:00Z,2142.5219351392043,691.8143449870109,691.8143449870109,691.8143449870109,0,0,0,0,0,0,0,0,0,0,0,0,0,0,0,0,0,0,0,0,0,0,0,0,0,0,0,0,0,0,0,0,0,0,0,0,0,0,0,230.01158099558685,230.01158099558685,230.01158099558685,0,0,0,0,0,0,800.8560034331077,800.8560034331077,800.8560034331077,-339.05323944168356,-339.05323944168356,-339.05323944168356,0,0,0,1352.1925203849823,4306.818171282763,2142.5219351392043,2142.5219351392043,2834.336280126215
2023-09-21T00:00:00Z,2142.772982674039,897.7788495367322,897.7788495367322,897.7788495367322,0,0,0,0,0,0,0,0,0,0,0,0,0,0,0,0,0,0,0,0,0,0,0,0,0,0,0,0,0,0,0,0,0,0,0,0,0,0,0,434.4981807436817,434.4981807436817,434.4981807436817,0,0,0,0,0,0,806.0626646836572,806.0626646836572,806.0626646836572,-342.7819958906067,-342.7819958906067,-342.7819958906067,0,0,0,1713.4373288763245,4457.851900345932,2142.772982674039,2142.772982674039,3040.5518322107714
2023-09-22T00:00:00Z,2143.0240302088746,1068.10819033968,1068.10819033968,1068.10819033968,0,0,0,0,0,0,0,0,0,0,0,0,0,0,0,0,0,0,0,0,0,0,0,0,0,0,0,0,0,0,0,0,0,0,0,0,0,0,0,609.5885271513445,609.5885271513445,609.5885271513445,0,0,0,0,0,0,800.6017514008644,800.6017514008644,800.6017514008644,-342.0820882125289,-342.0820882125289,-342.0820882125289,0,0,0,1810.8884779449395,4593.486503973783,2143.0240302088746,2143.0240302088746,3211.132220548555
2023-09-23T00:00:00Z,2143.27507774371,-1121.8169964425106,-1121.8169964425106,-1121.8169964425106,0,0,0,0,0,0,0,0,0,0,0,0,0,0,0,0,0,0,0,0,0,0,0,0,0,0,0,0,0,0,0,0,0,0,0,0,0,0,0,693.2776891552968,693.2776891552968,693.2776891552968,0,0,0,0,0,0,-1478.1331127802566,-1478.1331127802566,-1478.1331127802566,-336.9615728175506,-336.9615728175506,-336.9615728175506,0,0,0,-443.55313025848415,2503.554058524861,2143.27507774371,2143.27507774371,1021.4580813011994
2023-09-24T00:00:00Z,2143.526125278546,-1653.7976159916432,-1653.7976159916432,-1653.7976159916432,0,0,0,0,0,0,0,0,0,0,0,0,0,0,0,0,0,0,0,0,0,0,0,0,0,0,0,0,0,0,0,0,0,0,0,0,0,0,0,734.3671013730475,734.3671013730475,734.3671013730475,0,0,0,0,0,0,-2060.641727082016,-2060.641727082016,-2060.641727082016,-327.52299028267487,-327.52299028267487,-327.52299028267487,0,0,0,-1002.1442737904458,1850.5983440048678,2143.526125278546,2143.526125278546,489.72850928690264
2023-09-25T00:00:00Z,2143.777172813381,929.0917760979054,929.0917760979054,929.0917760979054,0,0,0,0,0,0,0,0,0,0,0,0,0,0,0,0,0,0,0,0,0,0,0,0,0,0,0,0,0,0,0,0,0,0,0,0,0,0,0,844.9034780606747,844.9034780606747,844.9034780606747,0,0,0,0,0,0,398.1504989834564,398.1504989834564,398.1504989834564,-313.962200946226,-313.962200946226,-313.962200946226,0,0,0,1654.693933648819,4420.334838700011,2143.777172813381,2143.777172813381,3072.8689489112867
2023-09-26T00:00:00Z,2144.028220348216,2705.4071258169456,2705.4071258169456,2705.4071258169456,0,0,0,0,0,0,1201.4993759236843,1201.4993759236843,1201.4993759236843,0,0,0,0,0,0,0,0,0,1201.4993759236843,1201.4993759236843,1201.4993759236843,0,0,0,0,0,0,0,0,0,0,0,0,0,0,0,0,0,0,1067.3686221243768,1067.3686221243768,1067.3686221243768,0,0,0,0,0,0,733.103921365993,733.103921365993,733.103921365993,-296.5647935971087,-296.5647935971087,-296.5647935971087,0,0,0,3403.488123474723,6401.946350073615,2144.028220348216,2144.028220348216,4849.435346165162
2023-09-27T00:00:00Z,2144.2792678830515,3012.800573760109,3012.800573760109,3012.800573760109,0,0,0,0,0,0,1201.4993759236843,1201.4993759236843,1201.4993759236843,0,0,0,0,0,0,0,0,0,1201.4993759236843,1201.4993759236843,1201.4993759236843,0,0,0,0,0,0,0,0,0,0,0,0,0,0,0,0,0,0,1286.145312397985,1286.145312397985,1286.145312397985,0,0,0,0,0,0,800.8560034333264,800.8560034333264,800.8560034333264,-275.7001179948875,-275.7001179948875,-275.7001179948875,0,0,0,3713.8774510611615,6527.867191515104,2144.2792678830515,2144.2792678830515,5157.079841643161
2023-09-28T00:00:00Z,2144.530315417887,1358.095127020946,1358.095127020946,1358.095127020946,0,0,0,0,0,0,1201.4993759236843,1201.4993759236843,1201.4993759236843,-1683.3583639625576,-1683.3583639625576,-1683.3583639625576,0,0,0,0,0,0,1201.4993759236843,1201.4993759236843,1201.4993759236843,0,0,0,0,0,0,0,0,0,0,0,0,0,0,0,-1683.3583639625576,-1683.3583639625576,-1683.3583639625576,1285.7045098851636,1285.7045098851636,1285.7045098851636,0,0,0,0,0,0,806.0626646844528,806.0626646844528,806.0626646844528,-251.8130595097971,-251.8130595097971,-251.8130595097971,0,0,0,2095.2586370502445,4886.80840956031,2144.530315417887,2144.530315417887,3502.6254424388326
2023-09-29T00:00:00Z,2144.7813629527222,5215.318861931922,5215.318861931922,5215.318861931922,0,0,0,0,0,0,3715.290483842817,3715.290483842817,3715.290483842817,0,0,0,2513.791107919133,2513.791107919133,2513.791107919133,0,0,0,1201.4993759236843,1201.4993759236843,1201.4993759236843,0,0,0,0,0,0,0,0,0,0,0,0,0,0,0,0,0,0,924.8403663630336,924.8403663630336,924.8403663630336,0,0,0,0,0,0,800.6017513992653,800.6017513992653,800.6017513992653,-225.41373967319484,-225.41373967319484,-225.41373967319484,0,0,0,5862.736541957139,8798.859790764123,2144.7813629527222,2144.7813629527222,7360.1002248846435
2023-09-30T00:00:00Z,2145.032410487557,4825.197078559522,4825.197078559522,4825.197078559522,0,0,0,0,0,0,6221.093231655167,6221.093231655167,6221.093231655167,0,0,0,0,0,0,5019.593855731483,5019.593855731483,5019.593855731483,1201.4993759236843,1201.4993759236843,1201.4993759236843,0,0,0,0,0,0,0,0,0,0,0,0,0,0,0,0,0,0,279.3023476252365,279.3023476252365,279.3023476252365,0,0,0,0,0,0,-1478.1331127792025,-1478.1331127792025,-1478.1331127792025,-197.06538794167932,-197.06538794167932,-197.06538794167932,0,0,0,5411.480830762666,8364.520091070348,2145.032410487557,2145.032410487557,6970.229489047079
2023-10-01T00:00:00Z,2145.283458022393,-3224.6095970986144,-3224.6095970986144,-3224.6095970986144,0,0,0,0,0,0,-615.221000053812,-615.221000053812,-615.221000053812,0,0,0,0,0,0,0,0,0,0,0,0,0,0,0,-615.221000053812,-615.221000053812,-615.221000053812,0,0,0,0,0,0,0,0,0,0,0,0,-381.37618433388207,-381.37618433388207,-381.37618433388207,0,0,0,0,0,0,-2060.6417270796655,-2060.6417270796655,-2060.6417270796655,-167.37068563125487,-167.37068563125487,-167.37068563125487,0,0,0,-2619.509259325824,423.0004247268933,2145.283458022393,2145.283458022393,-1079.3261390762214
2023-10-02T00:00:00Z,2145.5345055572284,-1269.246866378382,-1269.246866378382,-1269.246866378382,0,0,0,0,0,0,-752.8897151972958,-752.8897151972958,-752.8897151972958,0,0,0,0,0,0,0,0,0,0,0,0,-752.8897151972958,-752.8897151972958,-752.8897151972958,0,0,0,0,0,0,0,0,0,0,0,0,0,0,0,-777.5507191052296,-777.5507191052296,-777.5507191052296,0,0,0,0,0,0,398.1504989863816,398.1504989863816,398.1504989863816,-136.9569310622385,-136.9569310622385,-136.9569310622385,0,0,0,-586.2028570123516,2364.5541778439747,2145.5345055572284,2145.5345055572284,876.2876391788463
2023-10-03T00:00:00Z,2145.7855530920638,-830.935316108196,-830.935316108196,-830.935316108196,0,0,0,0,0,0,-641.1967284672644,-641.1967284672644,-641.1967284672644,0,0,0,0,0,0,0,0,0,0,0,0,0,0,0,0,0,0,-641.1967284672644,-641.1967284672644,-641.1967284672644,0,0,0,0,0,0,0,0,0,-816.3820950882345,-816.3820950882345,-816.3820950882345,0,0,0,0,0,0,733.1039213660217,733.1039213660217,733.1039213660217,-106.46041391871874,-106.46041391871874,-106.46041391871874,0,0,0,-156.85881957319432,2715.902576993306,2145.7855530920638,2145.7855530920638,1314.8502369838677
2023-10-04T00:00:00Z,2146.036600626899,-557.000775466641,-557.000775466641,-557.000775466641,0,0,0,0,0,0,-641.1967284672644,-641.1967284672644,-641.1967284672644,0,0,0,0,0,0,0,0,0,0,0,0,0,0,0,0,0,0,-641.1967284672644,-641.1967284672644,-641.1967284672644,0,0,0,0,0,0,0,0,0,-640.1496350301447,-640.1496350301447,-640.1496350301447,0,0,0,0,0,0,800.8560034331132,800.8560034331132,800.8560034331132,-76.51041540234502,-76.51041540234502,-76.51041540234502,0,0,0,19.503639632843196,3077.969192867678,2146.036600626899,2146.036600626899,1589.0358251602581
2023-10-05T00:00:00Z,2146.287648161734,-374.61978198628645,-374.61978198628645,-374.61978198628645,0,0,0,0,0,0,-641.1967284672644,-641.1967284672644,-641.1967284672644,0,0,0,0,0,0,0,0,0,0,0,0,0,0,0,0,0,0,-641.1967284672644,-641.1967284672644,-641.1967284672644,0,0,0,0,0,0,0,0,0,-491.77245029697957,-491.77245029697957,-491.77245029697957,0,0,0,0,0,0,806.0626646852486,806.0626646852486,806.0626646852486,-47.7132679072911,-47.7132679072911,-47.7132679072911,0,0,0,349.663901346771,3252.637115385989,2146.287648161734,2146.287648161734,1771.6678661754477
2023-10-06T00:00:00Z,2146.5386956965694,-379.6989499304549,-379.6989499304549,-379.6989499304549,0,0,0,0,0,0,-641.1967284672644,-641.1967284672644,-641.1967284672644,0,0,0,0,0,0,0,0,0,0,0,0,0,0,0,0,0,0,-641.1967284672644,-641.1967284672644,-641.1967284672644,0,0,0,0,0,0,0,0,0,-518.4670598632522,-518.4670598632522,-518.4670598632522,0,0,0,0,0,0,800.6017513976658,800.6017513976658,800.6017513976658,-20.63691299760421,-20.63691299760421,-20.63691299760421,0,0,0,310.4526140039637,3155.9475940681214,2146.5386956965694,2146.5386956965694,1766.8397457661144
2023-10-07T00:00:00Z,2146.7897432314053,-2793.8111267155464,-2793.8111267155464,-2793.8111267155464,0,0,0,0,0,0,-641.1967284672644,-641.1967284672644,-641.1967284672644,0,0,0,0,0,0,0,0,0,0,0,0,0,0,0,0,0,0,-641.1967284672644,-641.1967284672644,-641.1967284672644,0,0,0,0,0,0,0,0,0,-678.6848964193857,-678.6848964193857,-678.6848964193857,0,0,0,0,0,0,-1478.133112782259,-1478.133112782259,-1478.133112782259,4.203610953362631,4.203610953362631,4.203610953362631,0,0,0,-2049.3815369129875,826.4411766495487,2146.7897432314053,2146.7897432314053,-647.0213834841411
2023-10-08T00:00:00Z,2147.0407907662407,-2850.318225085827,-2850.318225085827,-2850.318225085827,0,0,0,0,0,0,0,0,0,0,0,0,0,0,0,0,0,0,0,0,0,0,0,0,0,0,0,0,0,0,0,0,0,0,0,0,0,0,0,-816.0358379699284,-816.0358379699284,-816.0358379699284,0,0,0,0,0,0,-2060.6417270844317,-2060.6417270844317,-2060.6417270844317,26.35933996853363,26.35933996853363,26.35933996853363,0,0,0,-2142.080676433908,780.0505940033346,2147.0407907662407,2147.0407907662407,-703.2774343195865
2023-10-09T00:00:00Z,2147.2918383010756,-371.1890918423743,-371.1890918423743,-371.1890918423743,0,0,0,0,0,0,0,0,0,0,0,0,0,0,0,0,0,0,0,0,0,0,0,0,0,0,0,0,0,0,0,0,0,0,0,0,0,0,0,-814.7984258140825,-814.7984258140825,-814.7984258140825,0,0,0,0,0,0,398.1504989787808,398.1504989787808,398.1504989787808,45.45883499292732,45.45883499292732,45.45883499292732,0,0,0,462.2806628800497,3289.1669054615913,2147.2918383010756,2147.2918383010756,1776.1027464587014
2023-10-10T00:00:00Z,2147.542885835911,103.21413195619444,103.21413195619444,103.21413195619444,0,0,0,0,0,0,0,0,0,0,0,0,0,0,0,0,0,0,0,0,0,0,0,0,0,0,0,0,0,0,0,0,0,0,0,0,0,0,0,-691.1073649495928,-691.1073649495928,-691.1073649495928,0,0,0,0,0,0,733.103921365728,733.103921365728,733.103921365728,61.21757554005931,61.21757554005931,61.21757554005931,0,0,0,689.5393263007722,3677.8755061276274,2147.542885835911,2147.542885835911,2250.757017792105
2023-10-11T00:00:00Z,2147.7939333707463,324.6553180970938,324.6553180970938,324.6553180970938,0,0,0,0,0,0,0,0,0,0,0,0,0,0,0,0,0,0,0,0,0,0,0,0,0,0,0,0,0,0,0,0,0,0,0,0,0,0,0,-549.6456992239305,-549.6456992239305,-549.6456992239305,0,0,0,0,0,0,800.8560034329,800.8560034329,800.8560034329,73.4450138881246,73.4450138881246,73.4450138881246,0,0,0,957.3731521277325,3922.0168928781773,2147.7939333707463,2147.7939333707463,2472.44925146784
2023-10-12T00:00:00Z,2148.0449809055817,420.9898865063748,420.9898865063748,420.9898865063748,0,0,0,0,0,0,0,0,0,0,0,0,0,0,0,0,0,0,0,0,0,0,0,0,0,0,0,0,0,0,0,0,0,0,0,0,0,0,0,-467.1218479742881,-467.1218479742881,-467.1218479742881,0,0,0,0,0,0,806.0626646846546,806.0626646846546,806.0626646846546,82.04906979600784,82.04906979600784,82.04906979600784,0,0,0,1063.9689727998114,4020.3340772396373,2148.0449809055817,2148.0449809055817,2569.0348674119564
2023-10-13T00:00:00Z,2148.1936286153173,463.3288654439126,463.3288654439126,463.3288654439126,0,0,0,0,0,0,0,0,0,0,0,0,0,0,0,0,0,0,0,0,0,0,0,0,0,0,0,0,0,0,0,0,0,0,0,0,0,0,0,-424.3108014557221,-424.3108014557221,-424.3108014557221,0,0,0,0,0,0,800.6017514024777,800.6017514024777,800.6017514024777,87.03791549715724,87.03791549715724,87.03791549715724,0,0,0,1138.0128728410725,4172.374081314695,2148.1936286153173,2148.1936286153173,2611.5224940592298
2023-10-14T00:00:00Z,2148.3422763250533,-1736.5694336131742,-1736.5694336131742,-1736.5694336131742,0,0,0,0,0,0,0,0,0,0,0,0,0,0,0,0,0,0,0,0,0,0,0,0,0,0,0,0,0,0,0,0,0,0,0,0,0,0,0,-346.9552966915804,-346.9552966915804,-346.9552966915804,0,0,0,0,0,0,-1478.1331127853155,-1478.1331127853155,-1478.1331127853155,88.51897586372141,88.51897586372141,88.51897586372141,0,0,0,-1134.4900894914022,1912.0463771925995,2148.3422763250533,2148.3422763250533,411.7728427118791
2023-10-15T00:00:00Z,2148.490924034789,-2175.198892083273,-2175.198892083273,-2175.198892083273,0,0,0,0,0,0,0,0,0,0,0,0,0,0,0,0,0,0,0,0,0,0,0,0,0,0,0,0,0,0,0,0,0,0,0,0,0,0,0,-201.25231202917436,-201.25231202917436,-201.25231202917436,0,0,0,0,0,0,-2060.641727083873,-2060.641727083873,-2060.641727083873,86.69514702977419,86.69514702977419,86.69514702977419,0,0,0,-1510.3382727507121,1382.7937709923856,2148.490924034789,2148.490924034789,-26.707968048484418
2023-10-16T00:00:00Z,2148.639571744525,441.91540488408106,441.91540488408106,441.91540488408106,0,0,0,0,0,0,0,0,0,0,0,0,0,0,0,0,0,0,0,0,0,0,0,0,0,0,0,0,0,0,0,0,0,0,0,0,0,0,0,-38.09341029494699,-38.09341029494699,-38.09341029494699,0,0,0,0,0,0,398.1504989805333,398.1504989805333,398.1504989805333,81.85831619849475,81.85831619849475,81.85831619849475,0,0,0,1186.668962760009,4037.427778992409,2148.639571744525,2148.639571744525,2590.554976628606
2023-10-17T00:00:00Z,2148.788219454261,867.9230009222507,867.9230009222507,867.9230009222507,0,0,0,0,0,0,0,0,0,0,0,0,0,0,0,0,0,0,0,0,0,0,0,0,0,0,0,0,0,0,0,0,0,0,0,0,0,0,0,60.43873599139077,60.43873599139077,60.43873599139077,0,0,0,0,0,0,733.1039213654342,733.1039213654342,733.1039213654342,74.38034356542555,74.38034356542555,74.38034356542555,0,0,0,1476.7664641045199,4437.87058351697,2148.788219454261,2148.788219454261,3016.7112203765114
2023-10-18T00:00:00Z,2148.9368671639963,939.0098237391695,939.0098237391695,939.0098237391695,0,0,0,0,0,0,0,0,0,0,0,0,0,0,0,0,0,0,0,0,0,0,0,0,0,0,0,0,0,0,0,0,0,0,0,0,0,0,0,73.45207832059363,73.45207832059363,73.45207832059363,0,0,0,0,0,0,800.8560034332788,800.8560034332788,800.8560034332788,64.7017419852968,64.7017419852968,64.7017419852968,0,0,0,1669.8798784437388,4530.392327048503,2148.9368671639963,2148.9368671639963,3087.9466909031657
2023-10-19T00:00:00Z,2149.0855148737323,931.1051591708002,931.1051591708002,931.1051591708002,0,0,0,0,0,0,0,0,0,0,0,0,0,0,0,0,0,0,0,0,0,0,0,0,0,0,0,0,0,0,0,0,0,0,0,0,0,0,0,71.72413550443773,71.72413550443773,71.72413550443773,0,0,0,0,0,0,806.0626646841996,806.0626646841996,806.0626646841996,53.31835898216278,53.31835898216278,53.31835898216278,0,0,0,1556.4531055220687,4397.258538393683,2149.0855148737323,2149.0855148737323,3080.1906740445324
2023-10-20T00:00:00Z,2149.2341625834683,991.3659961042033,991.3659961042033,991.3659961042033,0,0,0,0,0,0,0,0,0,0,0,0,0,0,0,0,0,0,0,0,0,0,0,0,0,0,0,0,0,0,0,0,0,0,0,0,0,0,0,149.997817816745,149.997817816745,149.997817816745,0,0,0,0,0,0,800.6017514027902,800.6017514027902,800.6017514027902,40.76642688466824,40.76642688466824,40.76642688466824,0,0,0,1665.828373722905,4625.949075148898,2149.2341625834683,2149.2341625834683,3140.600158687672
2023-10-21T00:00:00Z,2149.382810293204,-1121.3881788544527,-1121.3881788544527,-1121.3881788544527,0,0,0,0,0,0,0,0,0,0,0,0,0,0,0,0,0,0,0,0,0,0,0,0,0,0,0,0,0,0,0,0,0,0,0,0,0,0,0,329.13853556974817,329.13853556974817,329.13853556974817,0,0,0,0,0,0,-1478.1331127842614,-1478.1331127842614,-1478.1331127842614,27.606398360060286,27.606398360060286,27.606398360060286,0,0,0,-511.57372460977075,2454.175677471041,2149.382810293204,2149.382810293204,1027.9946314387512
2023-10-22T00:00:00Z,2149.5314580029394,-1514.412427920521,-1514.412427920521,-1514.412427920521,0,0,0,0,0,0,0,0,0,0,0,0,0,0,0,0,0,0,0,0,0,0,0,0,0,0,0,0,0,0,0,0,0,0,0,0,0,0,0,531.8232743501093,531.8232743501093,531.8232743501093,0,0,0,0,0,0,-2060.641727083314,-2060.641727083314,-2060.641727083314,14.406024812683139,14.406024812683139,14.406024812683139,0,0,0,-762.381250117811,2089.4897031109235,2149.5314580029394,2149.5314580029394,635.1190300824185
2023-10-23T00:00:00Z,2149.6801057126754,1062.3687251733013,1062.3687251733013,1062.3687251733013,0,0,0,0,0,0,0,0,0,0,0,0,0,0,0,0,0,0,0,0,0,0,0,0,0,0,0,0,0,0,0,0,0,0,0,0,0,0,0,662.4950635316803,662.4950635316803,662.4950635316803,0,0,0,0,0,0,398.1504989822856,398.1504989822856,398.1504989822856,1.723162659335318,1.723162659335318,1.723162659335318,0,0,0,1762.9078164795858,4638.654946657334,2149.6801057126754,2149.6801057126754,3212.0488308859767
2023-10-24T00:00:00Z,2149.8287534224114,1435.4127864219302,1435.4127864219302,1435.4127864219302,0,0,0,0,0,0,0,0,0,0,0,0,0,0,0,0,0,0,0,0,0,0,0,0,0,0,0,0,0,0,0,0,0,0,0,0,0,0,0,712.2200586273631,712.2200586273631,712.2200586273631,0,0,0,0,0,0,733.103921366354,733.103921366354,733.103921366354,-9.911193571787148,-9.911193571787148,-9.911193571787148,0,0,0,2076.2977488256765,5051.939112372603,2149.8287534224114,2149.8287534224114,3585.241539844342
2023-10-25T00:00:00Z,2149.977401132147,1555.9054059386483,1555.9054059386483,1555.9054059386483,0,0,0,0,0,0,0,0,0,0,0,0,0,0,0,0,0,0,0,0,0,0,0,0,0,0,0,0,0,0,0,0,0,0,0,0,0,0,0,775.0585551651516,775.0585551651516,775.0585551651516,0,0,0,0,0,0,800.8560034336579,800.8560034336579,800.8560034336579,-20.009152660160645,-20.009152660160645,-20.009152660160645,0,0,0,2357.741976943626,5211.222257820526,2149.977401132147,2149.977401132147,3705.882807070795
2023-10-26T00:00:00Z,2150.126048841883,1723.4577121976258,1723.4577121976258,1723.4577121976258,0,0,0,0,0,0,0,0,0,0,0,0,0,0,0,0,0,0,0,0,0,0,0,0,0,0,0,0,0,0,0,0,0,0,0,0,0,0,0,945.5360061915834,945.5360061915834,945.5360061915834,0,0,0,0,0,0,806.0626646836057,806.0626646836057,806.0626646836057,-28.140958677563653,-28.140958677563653,-28.140958677563653,0,0,0,2465.7833232082553,5330.874814291662,2150.126048841883,2150.126048841883,3873.5837610395088
2023-10-27T00:00:00Z,2150.2746965516185,3158.2628455366576,3158.2628455366576,3158.2628455366576,0,0,0,0,0,0,1201.4993759236843,1201.4993759236843,1201.4993759236843,0,0,0,0,0,0,0,0,0,1201.4993759236843,1201.4993759236843,1201.4993759236843,0,0,0,0,0,0,0,0,0,0,0,0,0,0,0,0,0,0,1190.1100767081214,1190.1100767081214,1190.1100767081214,0,0,0,0,0,0,800.6017514011909,800.6017514011909,800.6017514011909,-33.94835849633916,-33.94835849633916,-33.94835849633916,0,0,0,3809.647935887415,6783.006037954797,2150.2746965516185,2150.2746965516185,5308.537542088276
2023-10-28T00:00:00Z,2150.4233442613545,1012.3591982134291,1012.3591982134291,1012.3591982134291,0,0,0,0,0,0,1201.4993759236843,1201.4993759236843,1201.4993759236843,0,0,0,0,0,0,0,0,0,1201.4993759236843,1201.4993759236843,1201.4993759236843,0,0,0,0,0,0,0,0,0,0,0,0,0,0,0,0,0,0,1326.1488273485002,1326.1488273485002,1326.1488273485002,0,0,0,0,0,0,-1478.1331127873175,-1478.1331127873175,-1478.1331127873175,-37.15589227143773,-37.15589227143773,-37.15589227143773,0,0,0,1782.8859662854104,4563.999679768085,2150.4233442613545,2150.4233442613545,3162.7825424747834
2023-10-29T00:00:00Z,2150.5719919710905,254.66793218568102,254.66793218568102,254.66793218568102,0,0,0,0,0,0,1201.4993759236843,1201.4993759236843,1201.4993759236843,0,0,0,0,0,0,0,0,0,1201.4993759236843,1201.4993759236843,1201.4993759236843,0,0,0,0,0,0,0,0,0,0,0,0,0,0,0,0,0,0,1151.3900327235035,1151.3900327235035,1151.3900327235035,0,0,0,0,0,0,-2060.641727080963,-2060.641727080963,-2060.641727080963,-37.57974938054423,-37.57974938054423,-37.57974938054423,0,0,0,1044.4680148867644,3915.9803270531884,2150.5719919710905,2150.5719919710905,2405.2399241567714
2023-10-30T00:00:00Z,2150.720639680826,4702.036215430815,4702.036215430815,4702.036215430815,0,0,0,0,0,0,3715.290483842817,3715.290483842817,3715.290483842817,0,0,0,2513.791107919133,2513.791107919133,2513.791107919133,0,0,0,1201.4993759236843,1201.4993759236843,1201.4993759236843,0,0,0,0,0,0,0,0,0,0,0,0,0,0,0,0,0,0,623.7291310992844,623.7291310992844,623.7291310992844,0,0,0,0,0,0,398.15049898403777,398.15049898403777,398.15049898403777,-35.133898495324694,-35.133898495324694,-35.133898495324694,0,0,0,5336.931690506421,8408.000492671643,2150.720639680826,2150.720639680826,6852.756855111641
2023-10-31T00:00:00Z,2150.869287390562,6855.26502928349,6855.26502928349,6855.26502928349,0,0,0,0,0,0,6221.093231655167,6221.093231655167,6221.093231655167,0,0,0,0,0,0,5019.593855731483,5019.593855731483,5019.593855731483,1201.4993759236843,1201.4993759236843,1201.4993759236843,0,0,0,0,0,0,0,0,0,0,0,0,0,0,0,0,0,0,-69.0988477016516,-69.0988477016516,-69.0988477016516,0,0,0,0,0,0,733.1039213663823,733.1039213663823,733.1039213663823,-29.83327603640815,-29.83327603640815,-29.83327603640815,0,0,0,7527.816420052975,10503.67421161924,2150.869287390562,2150.869287390562,9006.134316674052
2023-11-01T00:00:00Z,2151.017935100298,-460.4309490842435,-460.4309490842435,-460.4309490842435,0,0,0,0,0,0,-615.221000053812,-615.221000053812,-615.221000053812,0,0,0,0,0,0,0,0,0,0,0,0,0,0,0,-615.221000053812,-615.221000053812,-615.221000053812,0,0,0,0,0,0,0,0,0,0,0,0,-624.2720522551762,-624.2720522551762,-624.2720522551762,0,0,0,0,0,0,800.8560034328525,800.8560034328525,800.8560034328525,-21.79390020810789,-21.79390020810789,-21.79390020810789,0,0,0,252.90484288636574,3266.791397808228,2151.017935100298,2151.017935100298,1690.5869860160547
2023-11-02T00:00:00Z,2151.1665828100336,-795.4634797508553,-795.4634797508553,-795.4634797508553,0,0,0,0,0,0,-752.8897151972958,-752.8897151972958,-752.8897151972958,0,0,0,0,0,0,0,0,0,0,0,0,-752.8897151972958,-752.8897151972958,-752.8897151972958,0,0,0,0,0,0,0,0,0,0,0,0,0,0,0,-837.4065634151873,-837.4065634151873,-837.4065634151873,0,0,0,0,0,0,806.0626646844016,806.0626646844016,806.0626646844016,-11.229865822774029,-11.229865822774029,-11.229865822774029,0,0,0,-143.9427002047304,2702.5447122386217,2151.1665828100336,2151.1665828100336,1355.7031030591784
2023-11-03T00:00:00Z,2151.315230519769,-578.9248835654741,-578.9248835654741,-578.9248835654741,0,0,0,0,0,0,-641.1967284672644,-641.1967284672644,-641.1967284672644,0,0,0,0,0,0,0,0,0,0,0,0,0,0,0,0,0,0,-641.1967284672644,-641.1967284672644,-641.1967284672644,0,0,0,0,0,0,0,0,0,-739.8826407438473,-739.8826407438473,-739.8826407438473,0,0,0,0,0,0,800.6017513995916,800.6017513995916,800.6017513995916,1.5527342460457654,1.5527342460457654,1.5527342460457654,0,0,0,16.66930564539993,2963.6993896939734,2151.315230519769,2151.315230519769,1572.390346954295
2023-11-04T00:00:00Z,2151.463878229505,-2652.279894962321,-2652.279894962321,-2652.279894962321,0,0,0,0,0,0,-641.1967284672644,-641.1967284672644,-641.1967284672644,0,0,0,0,0,0,0,0,0,0,0,0,0,0,0,0,0,0,-641.1967284672644,-641.1967284672644,-641.1967284672644,0,0,0,0,0,0,0,0,0,-549.1148781828468,-549.1148781828468,-549.1148781828468,0,0,0,0,0,0,-1478.1331127802287,-1478.1331127802287,-1478.1331127802287,16.164824468019034,16.164824468019034,16.164824468019034,0,0,0,-1964.9302264308408,974.3023626552291,2151.463878229505,2151.463878229505,-500.816016732816
2023-11-05T00:00:00Z,2151.612525939241,-3151.220295126384,-3151.220295126384,-3151.220295126384,0,0,0,0,0,0,-641.1967284672644,-641.1967284672644,-641.1967284672644,0,0,0,0,0,0,0,0,0,0,0,0,0,0,0,0,0,0,-641.1967284672644,-641.1967284672644,-641.1967284672644,0,0,0,0,0,0,0,0,0,-481.5279138755396,-481.5279138755396,-481.5279138755396,0,0,0,0,0,0,-2060.6417270875213,-2060.6417270875213,-2060.6417270875213,32.14607430394168,32.14607430394168,32.14607430394168,0,0,0,-2442.032527836757,507.80916263046953,2151.612525939241,2151.612525939241,-999.6077691871428
2023-11-06T00:00:00Z,2151.7611736489766,-784.8294498211926,-784.8294498211926,-784.8294498211926,0,0,0,0,0,0,-641.1967284672644,-641.1967284672644,-641.1967284672644,0,0,0,0,0,0,0,0,0,0,0,0,0,0,0,0,0,0,-641.1967284672644,-641.1967284672644,-641.1967284672644,0,0,0,0,0,0,0,0,0,-590.7622508512625,-590.7622508512625,-590.7622508512625,0,0,0,0,0,0,398.15049898461706,398.15049898461706,398.15049898461706,48.97903051271743,48.97903051271743,48.97903051271743,0,0,0,-69.82258115377229,2906.3873973711784,2151.7611736489766,2151.7611736489766,1366.931723827784
2023-11-07T00:00:00Z,2151.9098213587126,-602.0888389245849,-602.0888389245849,-602.0888389245849,0,0,0,0,0,0,-641.1967284672644,-641.1967284672644,-641.1967284672644,0,0,0,0,0,0,0,0,0,0,0,0,0,0,0,0,0,0,-641.1967284672644,-641.1967284672644,-641.1967284672644,0,0,0,0,0,0,0,0,0,-760.1013029936404,-760.1013029936404,-760.1013029936404,0,0,0,0,0,0,733.1039213657667,733.1039213657667,733.1039213657667,66.10527117055322,66.10527117055322,66.10527117055322,0,0,0,32.51140990772754,3003.0920932656654,2151.9098213587126,2151.9098213587126,1549.8209824341277
2023-11-08T00:00:00Z,2152.058469068448,48.84717840471506,48.84717840471506,48.84717840471506,0,0,0,0,0,0,0,0,0,0,0,0,0,0,0,0,0,0,0,0,0,0,0,0,0,0,0,0,0,0,0,0,0,0,0,0,0,0,0,-834.9519579987215,-834.9519579987215,-834.9519579987215,0,0,0,0,0,0,800.8560034332313,800.8560034332313,800.8560034332313,82.94313297020528,82.94313297020528,82.94313297020528,0,0,0,805.1196730094066,3729.303405378158,2152.058469068448,2152.058469068448,2200.9056474731633
2023-11-09T00:00:00Z,2152.207116778184,142.4859862878325,142.4859862878325,142.4859862878325,0,0,0,0,0,0,0,0,0,0,0,0,0,0,0,0,0,0,0,0,0,0,0,0,0,0,0,0,0,0,0,0,0,0,0,0,0,0,0,-762.4831881820045,-762.4831881820045,-762.4831881820045,0,0,0,0,0,0,806.0626646825567,806.0626646825567,806.0626646825567,98.90650978728041,98.90650978728041,98.90650978728041,0,0,0,846.0591574184981,3722.4910453435464,2152.207116778184,2152.207116778184,2294.6931030660166
2023-11-10T00:00:00Z,2152.35576448792,298.18173153805776,298.18173153805776,298.18173153805776,0,0,0,0,0,0,0,0,0,0,0,0,0,0,0,0,0,0,0,0,0,0,0,0,0,0,0,0,0,0,0,0,0,0,0,0,0,0,0,-615.8442004086969,-615.8442004086969,-615.8442004086969,0,0,0,0,0,0,800.6017513979925,800.6017513979925,800.6017513979925,113.42418054876222,113.42418054876222,113.42418054876222,0,0,0,943.2346932622407,3885.530300871143,2152.35576448792,2152.35576448792,2450.537496025978
2023-11-11T00:00:00Z,2152.5044121976557,-1852.1098417386643,-1852.1098417386643,-1852.1098417386643,0,0,0,0,0,0,0,0,0,0,0,0,0,0,0,0,0,0,0,0,0,0,0,0,0,0,0,0,0,0,0,0,0,0,0,0,0,0,0,-499.93582841298905,-499.93582841298905,-499.93582841298905,0,0,0,0,0,0,-1478.133112783285,-1478.133112783285,-1478.133112783285,125.9590994576101,125.9590994576101,125.9590994576101,0,0,0,-1149.9301882948891,1845.5849196340823,2152.5044121976557,2152.5044121976557,300.39457045899144
2023-11-12T00:00:00Z,2152.6530599073913,-4053.194416418047,-4053.194416418047,-4053.194416418047,0,0,0,0,0,0,0,0,0,-1683.3583639625576,-1683.3583639625576,-1683.3583639625576,0,0,0,0,0,0,0,0,0,0,0,0,0,0,0,0,0,0,0,0,0,0,0,0,-1683.3583639625576,-1683.3583639625576,-1683.3583639625576,-445.2213979311274,-445.2213979311274,-445.2213979311274,0,0,0,0,0,0,-2060.6417270851703,-2060.6417270851703,-2060.6417270851703,136.02707256080942,136.02707256080942,136.02707256080942,0,0,0,-3369.9610540592253,-381.970033128706,2152.6530599073913,2152.6530599073913,-1900.5413565106555
2023-11-13T00:00:00Z,2152.8017076171277,-1536.0030901713117,-1536.0030901713117,-1536.0030901713117,0,0,0,0,0,0,0,0,0,-1683.3583639625576,-1683.3583639625576,-1683.3583639625576,0,0,0,0,0,0,0,0,0,0,0,0,0,0,0,0,0,0,0,0,0,0,0,0,-1683.3583639625576,-1683.3583639625576,-1683.3583639625576,-394.0094772027168,-394.0094772027168,-394.0094772027168,0,0,0,0,0,0,398.1504989863695,398.1504989863695,398.1504989863695,143.21425200759342,143.21425200759342,143.21425200759342,0,0,0,-928.1624499247062,2032.9871380448462,2152.8017076171277,2152.8017076171277,616.798617445816
2023-11-14T00:00:00Z,2152.9503553268632,599.036224610995,599.036224610995,599.036224610995,0,0,0,0,0,0,0,0,0,0,0,0,0,0,0,0,0,0,0,0,0,0,0,0,0,0,0,0,0,0,0,0,0,0,0,0,0,0,0,-281.2605999039071,-281.2605999039071,-281.2605999039071,0,0,0,0,0,0,733.1039213657954,733.1039213657954,733.1039213657954,147.19290314910685,147.19290314910685,147.19290314910685,0,0,0,1322.8497848512015,4192.557343871532,2152.9503553268632,2152.9503553268632,2751.986579937858
2023-11-15T00:00:00Z,2153.0990030365992,832.2898155243794,832.2898155243794,832.2898155243794,0,0,0,0,0,0,0,0,0,0,0,0,0,0,0,0,0,0,0,0,0,0,0,0,0,0,0,0,0,0,0,0,0,0,0,0,0,0,0,-116.30112739169087,-116.30112739169087,-116.30112739169087,0,0,0,0,0,0,800.8560034334502,800.8560034334502,800.8560034334502,147.73493948262,147.73493948262,147.73493948262,0,0,0,1465.3046586728944,4511.869017976941,2153.0990030365992,2153.0990030365992,2985.3888185609785
2023-11-16T00:00:00Z,2153.247650746335,973.6419659868175,973.6419659868175,973.6419659868175,0,0,0,0,0,0,0,0,0,0,0,0,0,0,0,0,0,0,0,0,0,0,0,0,0,0,0,0,0,0,0,0,0,0,0,0,0,0,0,22.85652588231692,22.85652588231692,22.85652588231692,0,0,0,0,0,0,806.0626646833528,806.0626646833528,806.0626646833528,144.7227754211477,144.7227754211477,144.7227754211477,0,0,0,1638.0920647953835,4563.8705221391765,2153.247650746335,2153.247650746335,3126.8896167331523
2023-11-17T00:00:00Z,2153.396298456071,1013.7369972247515,1013.7369972247515,1013.7369972247515,0,0,0,0,0,0,0,0,0,0,0,0,0,0,0,0,0,0,0,0,0,0,0,0,0,0,0,0,0,0,0,0,0,0,0,0,0,0,0,74.97813015722632,74.97813015722632,74.97813015722632,0,0,0,0,0,0,800.6017513983049,800.6017513983049,800.6017513983049,138.15711566922022,138.15711566922022,138.15711566922022,0,0,0,1762.4480291911195,4717.24885590509,2153.396298456071,2153.396298456071,3167.1332956808224
2023-11-18T00:00:00Z,2153.5449461658063,-1282.1778878859034,-1282.1778878859034,-1282.1778878859034,0,0,0,0,0,0,0,0,0,0,0,0,0,0,0,0,0,0,0,0,0,0,0,0,0,0,0,0,0,0,0,0,0,0,0,0,0,0,0,67.793844051778,67.793844051778,67.793844051778,0,0,0,0,0,0,-1478.1331127822307,-1478.1331127822307,-1478.1331127822307,128.16138084454934,128.16138084454934,128.16138084454934,0,0,0,-579.6742554400757,2286.002441904521,2153.5449461658063,2153.5449461658063,871.367058279903
2023-11-19T00:00:00Z,2153.6935938755423,-1848.6794481996608,-1848.6794481996608,-1848.6794481996608,0,0,0,0,0,0,0,0,0,0,0,0,0,0,0,0,0,0,0,0,0,0,0,0,0,0,0,0,0,0,0,0,0,0,0,0,0,0,0,96.97971907515628,96.97971907515628,96.97971907515628,0,0,0,0,0,0,-2060.641727082819,-2060.641727082819,-2060.641727082819,114.98255980800245,114.98255980800245,114.98255980800245,0,0,0,-1328.5032665016834,1697.178490564842,2153.6935938755423,2153.6935938755423,305.01414567588154
2023-11-20T00:00:00Z,2153.842241585278,727.1504574984779,727.1504574984779,727.1504574984779,0,0,0,0,0,0,0,0,0,0,0,0,0,0,0,0,0,0,0,0,0,0,0,0,0,0,0,0,0,0,0,0,0,0,0,0,0,0,0,230.01158099578586,230.01158099578586,230.01158099578586,0,0,0,0,0,0,398.1504989799418,398.1504989799418,398.1504989799418,98.98837752275021,98.98837752275021,98.98837752275021,0,0,0,1378.1779124904874,4409.721058094232,2153.842241585278,2153.842241585278,2880.9926990837557
2023-11-21T00:00:00Z,2153.9908892950143,1248.2628726057867,1248.2628726057867,1248.2628726057867,0,0,0,0,0,0,0,0,0,0,0,0,0,0,0,0,0,0,0,0,0,0,0,0,0,0,0,0,0,0,0,0,0,0,0,0,0,0,0,434.49818074426327,434.49818074426327,434.49818074426327,0,0,0,0,0,0,733.1039213655016,733.1039213655016,733.1039213655016,80.66077049602174,80.66077049602174,80.66077049602174,0,0,0,1808.5870521572422,4885.310670870748,2153.9908892950143,2153.9908892950143,3402.253761900801
2023-11-22T00:00:00Z,2154.13953700475,1471.0302977053045,1471.0302977053045,1471.0302977053045,0,0,0,0,0,0,0,0,0,0,0,0,0,0,0,0,0,0,0,0,0,0,0,0,0,0,0,0,0,0,0,0,0,0,0,0,0,0,0,609.5885271515505,609.5885271515505,609.5885271515505,0,0,0,0,0,0,800.8560034332368,800.8560034332368,800.8560034332368,60.58576712051725,60.58576712051725,60.58576712051725,0,0,0,2067.90019504497,5034.9359138126365,2154.13953700475,2154.13953700475,3625.1698347100546
2023-11-23T00:00:00Z,2154.2881847144854,1538.7803284262347,1538.7803284262347,1538.7803284262347,0,0,0,0,0,0,0,0,0,0,0,0,0,0,0,0,0,0,0,0,0,0,0,0,0,0,0,0,0,0,0,0,0,0,0,0,0,0,0,693.2776891551973,693.2776891551973,693.2776891551973,0,0,0,0,0,0,806.062664682759,806.062664682759,806.062664682759,39.43997458827859,39.43997458827859,39.43997458827859,0,0,0,2276.460950216723,5239.194515659453,2154.2881847144854,2154.2881847144854,3693.06851314072
2023-11-24T00:00:00Z,2154.4368324242214,1552.9428273204787,1552.9428273204787,1552.9428273204787,0,0,0,0,0,0,0,0,0,0,0,0,0,0,0,0,0,0,0,0,0,0,0,0,0,0,0,0,0,0,0,0,0,0,0,0,0,0,0,734.3671013731971,734.3671013731971,734.3671013731971,0,0,0,0,0,0,800.6017513947941,800.6017513947941,800.6017513947941,17.97397455248762,17.97397455248762,17.97397455248762,0,0,0,2335.503728185522,5149.685392608306,2154.4368324242214,2154.4368324242214,3707.3796597447
2023-11-25T00:00:00Z,2154.5854801339574,-636.2366112551317,-636.2366112551317,-636.2366112551317,0,0,0,0,0,0,0,0,0,0,0,0,0,0,0,0,0,0,0,0,0,0,0,0,0,0,0,0,0,0,0,0,0,0,0,0,0,0,0,844.903478060767,844.903478060767,844.903478060767,0,0,0,0,0,0,-1478.1331127852873,-1478.1331127852873,-1478.1331127852873,-3.006976530611605,-3.006976530611605,-3.006976530611605,0,0,0,88.08089942364481,3017.012471328992,2154.5854801339574,2154.5854801339574,1518.3488688788257
2023-11-26T00:00:00Z,2154.734127843693,185.56180879833047,185.56180879833047,185.56180879833047,0,0,0,0,0,0,1201.4993759236843,1201.4993759236843,1201.4993759236843,0,0,0,0,0,0,0,0,0,1201.4993759236843,1201.4993759236843,1201.4993759236843,0,0,0,0,0,0,0,0,0,0,0,0,0,0,0,0,0,0,1067.36862212435,1067.36862212435,1067.36862212435,0,0,0,0,0,0,-2060.641727084052,-2060.641727084052,-2060.641727084052,-22.664462165651425,-22.664462165651425,-22.664462165651425,0,0,0,928.2161716964755,3952.31317546005,2154.734127843693,2154.734127843693,2340.295936642023
2023-11-27T00:00:00Z,2154.882775553429,2845.6451041386445,2845.6451041386445,2845.6451041386445,0,0,0,0,0,0,1201.4993759236843,1201.4993759236843,1201.4993759236843,0,0,0,0,0,0,0,0,0,1201.4993759236843,1201.4993759236843,1201.4993759236843,0,0,0,0,0,0,0,0,0,0,0,0,0,0,0,0,0,0,1286.14531239789,1286.14531239789,1286.14531239789,0,0,0,0,0,0,398.1504989816941,398.1504989816941,398.1504989816941,-40.150083164623915,-40.150083164623915,-40.150083164623915,0,0,0,3597.4840103020915,6502.465893497939,2154.882775553429,2154.882775553429,5000.527879692074
2023-11-28T00:00:00Z,2155.0314232631645,3165.678120236027,3165.678120236027,3165.678120236027,0,0,0,0,0,0,1201.4993759236843,1201.4993759236843,1201.4993759236843,0,0,0,0,0,0,0,0,0,1201.4993759236843,1201.4993759236843,1201.4993759236843,0,0,0,0,0,0,0,0,0,0,0,0,0,0,0,0,0,0,1285.7045098847962,1285.7045098847962,1285.7045098847962,0,0,0,0,0,0,733.10392136553,733.10392136553,733.10392136553,-54.629686937983145,-54.629686937983145,-54.629686937983145,0,0,0,3860.292898121107,6692.182856373639,2155.0314232631645,2155.0314232631645,5320.709543499192
2023-11-29T00:00:00Z,2155.1800709729005,5375.678857657447,5375.678857657447,5375.678857657447,0,0,0,0,0,0,3715.290483842817,3715.290483842817,3715.290483842817,0,0,0,2513.791107919133,2513.791107919133,2513.791107919133,0,0,0,1201.4993759236843,1201.4993759236843,1201.4993759236843,0,0,0,0,0,0,0,0,0,0,0,0,0,0,0,0,0,0,924.8403663626857,924.8403663626857,924.8403663626857,0,0,0,0,0,0,800.8560034330237,800.8560034330237,800.8560034330237,-65.30799598107912,-65.30799598107912,-65.30799598107912,0,0,0,6015.66865548574,8973.709058255941,2155.1800709729005,2155.1800709729005,7530.858928630348
2023-11-30T00:00:00Z,2155.328718682636,7235.005285824532,7235.005285824532,7235.005285824532,0,0,0,0,0,0,6221.093231655167,6221.093231655167,6221.093231655167,0,0,0,0,0,0,5019.593855731483,5019.593855731483,5019.593855731483,1201.4993759236843,1201.4993759236843,1201.4993759236843,0,0,0,0,0,0,0,0,0,0,0,0,0,0,0,0,0,0,279.3023476249778,279.3023476249778,279.3023476249778,0,0,0,0,0,0,806.0626646821651,806.0626646821651,806.0626646821651,-71.45295813777898,-71.45295813777898,-71.45295813777898,0,0,0,7983.330162010558,10794.325976607843,2155.328718682636,2155.328718682636,9390.334004507167
2023-12-01T00:00:00Z,2155.4190455564258,-268.4145679115109,-268.4145679115109,-268.4145679115109,0,0,0,0,0,0,-615.221000053812,-615.221000053812,-615.221000053812,0,0,0,0,0,0,0,0,0,0,0,0,0,0,0,-615.221000053812,-615.221000053812,-615.221000053812,0,0,0,0,0,0,0,0,0,0,0,0,-381.3761843341127,-381.3761843341127,-381.3761843341127,0,0,0,0,0,0,800.6017514015173,800.6017514015173,800.6017514015173,-72.41913492510376,-72.41913492510376,-72.41913492510376,0,0,0,513.609995144131,3325.9039901028373,2155.4190455564258,2155.4190455564258,1887.004477644915
2023-12-02T00:00:00Z,2155.5093724302146,-3076.2430038002326,-3076.2430038002326,-3076.2430038002326,0,0,0,0,0,0,-752.8897151972958,-752.8897151972958,-752.8897151972958,0,0,0,0,0,0,0,0,0,0,0,0,-752.8897151972958,-752.8897151972958,-752.8897151972958,0,0,0,0,0,0,0,0,0,0,0,0,0,0,0,-777.5507191044663,-777.5507191044663,-777.5507191044663,0,0,0,0,0,0,-1478.1331127781984,-1478.1331127781984,-1478.1331127781984,-67.66945672027265,-67.66945672027265,-67.66945672027265,0,0,0,-2461.1016697557857,469.64807718998037,2155.5093724302146,2155.5093724302146,-920.733631370018
2023-12-03T00:00:00Z,2155.5996993040044,-3575.0152555310437,-3575.0152555310437,-3575.0152555310437,0,0,0,0,0,0,-641.1967284672644,-641.1967284672644,-641.1967284672644,0,0,0,0,0,0,0,0,0,0,0,0,0,0,0,0,0,0,-641.1967284672644,-641.1967284672644,-641.1967284672644,0,0,0,0,0,0,0,0,0,-816.3820950877429,-816.3820950877429,-816.3820950877429,0,0,0,0,0,0,-2060.6417270817014,-2060.6417270817014,-2060.6417270817014,-56.794704894335545,-56.794704894335545,-56.794704894335545,0,0,0,-2969.537746701096,4.554922062073859,2155.5996993040044,2155.5996993040044,-1419.4155562270394
2023-12-04T00:00:00Z,2155.6900261777932,-922.7259949146253,-922.7259949146253,-922.7259949146253,0,0,0,0,0,0,-641.1967284672644,-641.1967284672644,-641.1967284672644,0,0,0,0,0,0,0,0,0,0,0,0,0,0,0,0,0,0,-641.1967284672644,-641.1967284672644,-641.1967284672644,0,0,0,0,0,0,0,0,0,-640.1496350297726,-640.1496350297726,-640.1496350297726,0,0,0,0,0,0,398.15049898227323,398.15049898227323,398.15049898227323,-39.530130399861584,-39.530130399861584,-39.530130399861584,0,0,0,-155.03674940007534,2575.646032888832,2155.6900261777932,2155.6900261777932,1232.964031263168
2023-12-05T00:00:00Z,2155.780353051583,-415.63394221200616,-415.63394221200616,-415.63394221200616,0,0,0,0,0,0,-641.1967284672644,-641.1967284672644,-641.1967284672644,0,0,0,0,0,0,0,0,0,0,0,0,0,0,0,0,0,0,-641.1967284672644,-641.1967284672644,-641.1967284672644,0,0,0,0,0,0,0,0,0,-491.77245029729085,-491.77245029729085,-491.77245029729085,0,0,0,0,0,0,733.1039213649142,733.1039213649142,733.1039213649142,-15.768684812365251,-15.768684812365251,-15.768684812365251,0,0,0,230.3294616152965,3156.998229479004,2155.780353051583,2155.780353051583,1740.146410839577
2023-12-06T00:00:00Z,2155.8706799253728,-344.3782066722044,-344.3782066722044,-344.3782066722044,0,0,0,0,0,0,-641.1967284672644,-641.1967284672644,-641.1967284672644,0,0,0,0,0,0,0,0,0,0,0,0,0,0,0,0,0,0,-641.1967284672644,-641.1967284672644,-641.1967284672644,0,0,0,0,0,0,0,0,0,-518.4670598630984,-518.4670598630984,-518.4670598630984,0,0,0,0,0,0,800.8560034338348,800.8560034338348,800.8560034338348,14.42957822432353,14.42957822432353,14.42957822432353,0,0,0,384.3082886728234,3207.8415271242593,2155.8706799253728,2155.8706799253728,1811.4924732531683
2023-12-07T00:00:00Z,2155.9610067991616,-462.98668238871016,-462.98668238871016,-462.98668238871016,0,0,0,0,0,0,-641.1967284672644,-641.1967284672644,-641.1967284672644,0,0,0,0,0,0,0,0,0,0,0,0,0,0,0,0,0,0,-641.1967284672644,-641.1967284672644,-641.1967284672644,0,0,0,0,0,0,0,0,0,-678.6848964189605,-678.6848964189605,-678.6848964189605,0,0,0,0,0,0,806.0626646843504,806.0626646843504,806.0626646843504,50.83227781316415,50.83227781316415,50.83227781316415,0,0,0,324.55722508067186,3167.35070193274,2155.9610067991616,2155.9610067991616,1692.9743244104516
2023-12-08T00:00:00Z,2156.0513336729514,77.59981058816086,77.59981058816086,77.59981058816086,0,0,0,0,0,0,0,0,0,0,0,0,0,0,0,0,0,0,0,0,0,0,0,0,0,0,0,0,0,0,0,0,0,0,0,0,0,0,0,-816.0358379699787,-816.0358379699787,-816.0358379699787,0,0,0,0,0,0,800.6017513999182,800.6017513999182,800.6017513999182,93.03389715822145,93.03389715822145,93.03389715822145,0,0,0,711.0067284125145,3639.277141075522,2156.0513336729514,2156.0513336729514,2233.651144261112
2023-12-09T00:00:00Z,2156.1416605467407,-2152.4720214827616,-2152.4720214827616,-2152.4720214827616,0,0,0,0,0,0,0,0,0,0,0,0,0,0,0,0,0,0,0,0,0,0,0,0,0,0,0,0,0,0,0,0,0,0,0,0,0,0,0,-814.7984258142524,-814.7984258142524,-814.7984258142524,0,0,0,0,0,0,-1478.1331127791989,-1478.1331127791989,-1478.1331127791989,140.4595171106896,140.4595171106896,140.4595171106896,0,0,0,-1439.126889335111,1450.3672892527557,2156.1416605467407,2156.1416605467407,3.669639063979048
2023-12-10T00:00:00Z,2156.23198742053,-2559.375994311197,-2559.375994311197,-2559.375994311197,0,0,0,0,0,0,0,0,0,0,0,0,0,0,0,0,0,0,0,0,0,0,0,0,0,0,0,0,0,0,0,0,0,0,0,0,0,0,0,-691.1073649493804,-691.1073649493804,-691.1073649493804,0,0,0,0,0,0,-2060.6417270811417,-2060.6417270811417,-2060.6417270811417,192.3730977193252,192.3730977193252,192.3730977193252,0,0,0,-1809.9680838334011,1046.2329710288425,2156.23198742053,2156.23198742053,-403.1440068906668
2023-12-11T00:00:00Z,2156.3223142943193,96.39499149418486,96.39499149418486,96.39499149418486,0,0,0,0,0,0,0,0,0,0,0,0,0,0,0,0,0,0,0,0,0,0,0,0,0,0,0,0,0,0,0,0,0,0,0,0,0,0,0,-549.6456992235875,-549.6456992235875,-549.6456992235875,0,0,0,0,0,0,398.15049898519874,398.15049898519874,398.15049898519874,247.89019173257353,247.89019173257353,247.89019173257353,0,0,0,811.405262591502,3799.758871520032,2156.3223142943193,2156.3223142943193,2252.7173057885043
2023-12-12T00:00:00Z,2156.4126411681086,571.9769268055375,571.9769268055375,571.9769268055375,0,0,0,0,0,0,0,0,0,0,0,0,0,0,0,0,0,0,0,0,0,0,0,0,0,0,0,0,0,0,0,0,0,0,0,0,0,0,0,-467.1218479747565,-467.1218479747565,-467.1218479747565,0,0,0,0,0,0,733.1039213661562,733.1039213661562,733.1039213661562,305.994853414138,305.994853414138,305.994853414138,0,0,0,1335.0778224299142,4198.778526632032,2156.4126411681086,2156.4126411681086,2728.389567973646
2023-12-13T00:00:00Z,2156.502968041898,742.1055919861146,742.1055919861146,742.1055919861146,0,0,0,0,0,0,0,0,0,0,0,0,0,0,0,0,0,0,0,0,0,0,0,0,0,0,0,0,0,0,0,0,0,0,0,0,0,0,0,-424.3108014562236,-424.3108014562236,-424.3108014562236,0,0,0,0,0,0,800.8560034330291,800.8560034330291,800.8560034330291,365.56039000930906,365.56039000930906,365.56039000930906,0,0,0,1432.9156140376995,4387.196087391654,2156.502968041898,2156.502968041898,2898.6085600280126
2023-12-14T00:00:00Z,2156.5932949156877,884.4808629407892,884.4808629407892,884.4808629407892,0,0,0,0,0,0,0,0,0,0,0,0,0,0,0,0,0,0,0,0,0,0,0,0,0,0,0,0,0,0,0,0,0,0,0,0,0,0,0,-346.95529669196293,-346.95529669196293,-346.95529669196293,0,0,0,0,0,0,806.0626646837566,806.0626646837566,806.0626646837566,425.3734949489956,425.3734949489956,425.3734949489956,0,0,0,1619.532378943042,4531.610432560064,2156.5932949156877,2156.5932949156877,3041.0741578564766
2023-12-15T00:00:00Z,2156.6836217894765,1083.5106437901518,1083.5106437901518,1083.5106437901518,0,0,0,0,0,0,0,0,0,0,0,0,0,0,0,0,0,0,0,0,0,0,0,0,0,0,0,0,0,0,0,0,0,0,0,0,0,0,0,-201.25231202956508,-201.25231202956508,-201.25231202956508,0,0,0,0,0,0,800.601751398319,800.601751398319,800.601751398319,484.1612044213979,484.1612044213979,484.1612044213979,0,0,0,1809.9862696889888,4731.077239948211,2156.6836217894765,2156.6836217894765,3240.1942655796283
2023-12-16T00:00:00Z,2156.7739486632663,-975.6064880205519,-975.6064880205519,-975.6064880205519,0,0,0,0,0,0,0,0,0,0,0,0,0,0,0,0,0,0,0,0,0,0,0,0,0,0,0,0,0,0,0,0,0,0,0,0,0,0,0,-38.09341029495796,-38.09341029495796,-38.09341029495796,0,0,0,0,0,0,-1478.1331127802005,-1478.1331127802005,-1478.1331127802005,540.6200350546064,540.6200350546064,540.6200350546064,0,0,0,-236.39549410074767,2670.466414653348,2156.7739486632663,2156.7739486632663,1181.1674606427146
2023-12-17T00:00:00Z,2156.8642755370556,-1406.7563985472732,-1406.7563985472732,-1406.7563985472732,0,0,0,0,0,0,0,0,0,0,0,0,0,0,0,0,0,0,0,0,0,0,0,0,0,0,0,0,0,0,0,0,0,0,0,0,0,0,0,60.438735991575285,60.438735991575285,60.438735991575285,0,0,0,0,0,0,-2060.641727084117,-2060.641727084117,-2060.641727084117,593.4465925452686,593.4465925452686,593.4465925452686,0,0,0,-706.9317114587014,2295.9994246283886,2156.8642755370556,2156.8642755370556,750.1078769897824
2023-12-18T00:00:00Z,2156.954602410845,1112.9714684753078,1112.9714684753078,1112.9714684753078,0,0,0,0,0,0,0,0,0,0,0,0,0,0,0,0,0,0,0,0,0,0,0,0,0,0,0,0,0,0,0,0,0,0,0,0,0,0,0,73.4520783206167,73.4520783206167,73.4520783206167,0,0,0,0,0,0,398.15049898577786,398.15049898577786,398.15049898577786,641.368891168913,641.368891168913,641.368891168913,0,0,0,1819.3720218714498,4770.185809716024,2156.954602410845,2156.954602410845,3269.926070886153
2023-12-19T00:00:00Z,2157.0449292846347,1488.0056506230799,1488.0056506230799,1488.0056506230799,0,0,0,0,0,0,0,0,0,0,0,0,0,0,0,0,0,0,0,0,0,0,0,0,0,0,0,0,0,0,0,0,0,0,0,0,0,0,0,71.72413550406296,71.72413550406296,71.72413550406296,0,0,0,0,0,0,733.1039213658626,733.1039213658626,733.1039213658626,683.1775937531544,683.1775937531544,683.1775937531544,0,0,0,2053.0073732962815,5083.553693775855,2157.0449292846347,2157.0449292846347,3645.0505799077146
2023-12-20T00:00:00Z,2157.1352561584235,1668.6101931671915,1668.6101931671915,1668.6101931671915,0,0,0,0,0,0,0,0,0,0,0,0,0,0,0,0,0,0,0,0,0,0,0,0,0,0,0,0,0,0,0,0,0,0,0,0,0,0,0,149.99781781664564,149.99781781664564,149.99781781664564,0,0,0,0,0,0,800.8560034334079,800.8560034334079,800.8560034334079,717.7563719171378,717.7563719171378,717.7563719171378,0,0,0,2416.51745678769,5283.002433240453,2157.1352561584235,2157.1352561584235,3825.745449325615
2023-12-21T00:00:00Z,2157.2255830322133,1879.3117979271342,1879.3117979271342,1879.3117979271342,0,0,0,0,0,0,0,0,0,0,0,0,0,0,0,0,0,0,0,0,0,0,0,0,0,0,0,0,0,0,0,0,0,0,0,0,0,0,0,329.1385355700436,329.1385355700436,329.1385355700436,0,0,0,0,0,0,806.0626646845524,806.0626646845524,806.0626646845524,744.1105976725388,744.1105976725388,744.1105976725388,0,0,0,2592.072413101398,5601.733375286007,2157.2255830322133,2157.2255830322133,4036.5373809593475
2023-12-22T00:00:00Z,2157.3159099060026,2093.818635488508,2093.818635488508,2093.818635488508,0,0,0,0,0,0,0,0,0,0,0,0,0,0,0,0,0,0,0,0,0,0,0,0,0,0,0,0,0,0,0,0,0,0,0,0,0,0,0,531.8232743505453,531.8232743505453,531.8232743505453,0,0,0,0,0,0,800.6017513967195,800.6017513967195,800.6017513967195,761.3936097412435,761.3936097412435,761.3936097412435,0,0,0,2805.809855133169,5590.729931569265,2157.3159099060026,2157.3159099060026,4251.1345453945105
2023-12-23T00:00:00Z,2157.406236779792,-46.70819869895241,-46.70819869895241,-46.70819869895241,0,0,0,0,0,0,0,0,0,0,0,0,0,0,0,0,0,0,0,0,0,0,0,0,0,0,0,0,0,0,0,0,0,0,0,0,0,0,0,662.4950635317782,662.4950635317782,662.4950635317782,0,0,0,0,0,0,-1478.1331127832566,-1478.1331127832566,-1478.1331127832566,768.9298505525259,768.9298505525259,768.9298505525259,0,0,0,608.6272285402721,3537.531322961369,2157.406236779792,2157.406236779792,2110.6980380808395
2023-12-24T00:00:00Z,2157.4965636535812,-582.1874268513067,-582.1874268513067,-582.1874268513067,0,0,0,0,0,0,0,0,0,0,0,0,0,0,0,0,0,0,0,0,0,0,0,0,0,0,0,0,0,0,0,0,0,0,0,0,0,0,0,712.2200586274954,712.2200586274954,712.2200586274954,0,0,0,0,0,0,-2060.641727085349,-2060.641727085349,-2060.641727085349,766.2342416065476,766.2342416065476,766.2342416065476,0,0,0,22.637027869581782,3018.9160742613694,2157.4965636535812,2157.4965636535812,1575.3091368022747
2023-12-25T00:00:00Z,2157.5868905273705,-1664.140966832339,-1664.140966832339,-1664.140966832339,-3590.3772750081125,-3590.3772750081125,-3590.3772750081125,0,0,0,0,0,0,-3590.3772750081125,-3590.3772750081125,-3590.3772750081125,0,0,0,0,0,0,0,0,0,0,0,0,0,0,0,0,0,0,0,0,0,0,0,0,0,0,0,775.0585551652861,775.0585551652861,775.0585551652861,0,0,0,0,0,0,398.150498986357,398.150498986357,398.150498986357,753.0272540241303,753.0272540241303,753.0272540241303,0,0,0,-875.6185753555393,1917.1054097279075,2157.5868905273705,2157.5868905273705,493.4459236950315
2023-12-26T00:00:00Z,2157.67721740116,2407.8851629840997,2407.8851629840997,2407.8851629840997,0,0,0,0,0,0,0,0,0,0,0,0,0,0,0,0,0,0,0,0,0,0,0,0,0,0,0,0,0,0,0,0,0,0,0,0,0,0,0,945.5360061916175,945.5360061916175,945.5360061916175,0,0,0,0,0,0,733.1039213655689,733.1039213655689,733.1039213655689,729.2452354269128,729.2452354269128,729.2452354269128,0,0,0,3211.8910625660214,6026.117287789557,2157.67721740116,2157.67721740116,4565.5623803852595
2023-12-27T00:00:00Z,2157.7675442749496,3887.511127228859,3887.511127228859,3887.511127228859,0,0,0,0,0,0,1201.4993759236843,1201.4993759236843,1201.4993759236843,0,0,0,0,0,0,0,0,0,1201.4993759236843,1201.4993759236843,1201.4993759236843,0,0,0,0,0,0,0,0,0,0,0,0,0,0,0,0,0,0,1190.1100767080472,1190.1100767080472,1190.1100767080472,0,0,0,0,0,0,800.8560034331948,800.8560034331948,800.8560034331948,695.0456711639326,695.0456711639326,695.0456711639326,0,0,0,4653.293173580259,7548.963679966142,2157.7675442749496,2157.7675442749496,6045.278671503809
2023-12-28T00:00:00Z,2157.8578711487385,3984.518052303718,3984.518052303718,3984.518052303718,0,0,0,0,0,0,1201.4993759236843,1201.4993759236843,1201.4993759236843,0,0,0,0,0,0,0,0,0,1201.4993759236843,1201.4993759236843,1201.4993759236843,0,0,0,0,0,0,0,0,0,0,0,0,0,0,0,0,0,0,1326.148827348408,1326.148827348408,1326.148827348408,0,0,0,0,0,0,806.0626646827076,806.0626646827076,806.0626646827076,650.8071843489171,650.8071843489171,650.8071843489171,0,0,0,4622.12944249793,7559.223724793988,2157.8578711487385,2157.8578711487385,6142.375923452457
2023-12-29T00:00:00Z,2157.9481980225282,3750.6153719382037,3750.6153719382037,3750.6153719382037,0,0,0,0,0,0,1201.4993759236843,1201.4993759236843,1201.4993759236843,0,0,0,0,0,0,0,0,0,1201.4993759236843,1201.4993759236843,1201.4993759236843,0,0,0,0,0,0,0,0,0,0,0,0,0,0,0,0,0,0,1151.3900327232132,1151.3900327232132,1151.3900327232132,0,0,0,0,0,0,800.601751397032,800.601751397032,800.601751397032,597.124211894275,597.124211894275,597.124211894275,0,0,0,4465.905740864092,7384.690719225229,2157.9481980225282,2157.9481980225282,5908.563569960732
2023-12-30T00:00:00Z,2158.0385248963175,3395.6829314533943,3395.6829314533943,3395.6829314533943,0,0,0,0,0,0,3715.290483842817,3715.290483842817,3715.290483842817,0,0,0,2513.791107919133,2513.791107919133,2513.791107919133,0,0,0,1201.4993759236843,1201.4993759236843,1201.4993759236843,0,0,0,0,0,0,0,0,0,0,0,0,0,0,0,0,0,0,623.7291310993418,623.7291310993418,623.7291310993418,0,0,0,0,0,0,-1478.1331127822023,-1478.1331127822023,-1478.1331127822023,534.7964292934375,534.7964292934375,534.7964292934375,0,0,0,4185.735387196367,6931.72613566747,2158.0385248963175,2158.0385248963175,5553.721456349712
2023-12-31T00:00:00Z,2158.128851770107,4556.165788588447,4556.165788588447,4556.165788588447,0,0,0,0,0,0,6221.093231655167,6221.093231655167,6221.093231655167,0,0,0,0,0,0,5019.593855731483,5019.593855731483,5019.593855731483,1201.4993759236843,1201.4993759236843,1201.4993759236843,0,0,0,0,0,0,0,0,0,0,0,0,0,0,0,0,0,0,-69.09884770169839,-69.09884770169839,-69.09884770169839,0,0,0,0,0,0,-2060.641727082999,-2060.641727082999,-2060.641727082999,464.81313171797615,464.81313171797615,464.81313171797615,0,0,0,5157.641751210376,8217.525536725709,2158.128851770107,2158.128851770107,6714.294640358554
2024-01-01T00:00:00Z,2158.2191786438966,-2136.3680077538133,-2136.3680077538133,-2136.3680077538133,0,0,0,0,0,0,-615.221000053812,-615.221000053812,-615.221000053812,-1683.3583639625576,-1683.3583639625576,-1683.3583639625576,0,0,0,0,0,0,0,0,0,0,0,0,-615.221000053812,-615.221000053812,-615.221000053812,0,0,0,0,0,0,0,0,0,-1683.3583639625576,-1683.3583639625576,-1683.3583639625576,-624.2720522551166,-624.2720522551166,-624.2720522551166,0,0,0,0,0,0,398.15049898928254,398.15049898928254,398.15049898928254,388.3329095283908,388.3329095283908,388.3329095283908,0,0,0,-1395.035634977358,1627.982599525671,2158.2191786438966,2158.2191786438966,21.851170890083267
2024-01-02T00:00:00Z,2158.3095055176855,-550.5332782119822,-550.5332782119822,-550.5332782119822,0,0,0,0,0,0,-752.8897151972958,-752.8897151972958,-752.8897151972958,0,0,0,0,0,0,0,0,0,0,0,0,-752.8897151972958,-752.8897151972958,-752.8897151972958,0,0,0,0,0,0,0,0,0,0,0,0,0,0,0,-837.4065634152063,-837.4065634152063,-837.4065634152063,0,0,0,0,0,0,733.1039213664884,733.1039213664884,733.1039213664884,306.6590790340316,306.6590790340316,306.6590790340316,0,0,0,300.78769359979776,3025.885805280698,2158.3095055176855,2158.3095055176855,1607.7762273057033
2024-01-03T00:00:00Z,2158.3998323914752,-359.01192474174576,-359.01192474174576,-359.01192474174576,0,0,0,0,0,0,-641.1967284672644,-641.1967284672644,-641.1967284672644,0,0,0,0,0,0,0,0,0,0,0,0,0,0,0,0,0,0,-641.1967284672644,-641.1967284672644,-641.1967284672644,0,0,0,0,0,0,0,0,0,-739.8826407435689,-739.8826407435689,-739.8826407435689,0,0,0,0,0,0,800.856003433574,800.856003433574,800.856003433574,221.2114410355135,221.2114410355135,221.2114410355135,0,0,0,438.35047282794403,3169.6566714212977,2158.3998323914752,2158.3998323914752,1799.3879076497294
2024-01-04T00:00:00Z,2158.4901592652645,-250.75390467026222,-250.75390467026222,-250.75390467026222,0,0,0,0,0,0,-641.1967284672644,-641.1967284672644,-641.1967284672644,0,0,0,0,0,0,0,0,0,0,0,0,0,0,0,0,0,0,-641.1967284672644,-641.1967284672644,-641.1967284672644,0,0,0,0,0,0,0,0,0,-549.1148781828134,-549.1148781828134,-549.1148781828134,0,0,0,0,0,0,806.0626646835036,806.0626646835036,806.0626646835036,133.49503729631215,133.49503729631215,133.49503729631215,0,0,0,419.12411692297974,3302.4788787919083,2158.4901592652645,2158.4901592652645,1907.7362545950023
2024-01-05T00:00:00Z,2158.580486139054,-277.05623495208005,-277.05623495208005,-277.05623495208005,0,0,0,0,0,0,-641.1967284672644,-641.1967284672644,-641.1967284672644,0,0,0,0,0,0,0,0,0,0,0,0,0,0,0,0,0,0,-641.1967284672644,-641.1967284672644,-641.1967284672644,0,0,0,0,0,0,0,0,0,-481.52791387506306,-481.52791387506306,-481.52791387506306,0,0,0,0,0,0,800.6017514037557,800.6017514037557,800.6017514037557,45.06665598649181,45.06665598649181,45.06665598649181,0,0,0,442.09757738116855,3248.947402078875,2158.580486139054,2158.580486139054,1881.5242511869737
2024-01-06T00:00:00Z,2158.670813012843,-2752.592193001525,-2752.592193001525,-2752.592193001525,0,0,0,0,0,0,-641.1967284672644,-641.1967284672644,-641.1967284672644,0,0,0,0,0,0,0,0,0,0,0,0,0,0,0,0,0,0,-641.1967284672644,-641.1967284672644,-641.1967284672644,0,0,0,0,0,0,0,0,0,-590.7622508512801,-590.7622508512801,-590.7622508512801,0,0,0,0,0,0,-1478.1331127852588,-1478.1331127852588,-1478.1331127852588,-42.500100897722675,-42.500100897722675,-42.500100897722675,0,0,0,-2058.4192191704483,836.7047720033743,2158.670813012843,2158.670813012843,-593.921379988682
2024-01-07T00:00:00Z,2158.7611398866325,-3589.5900923907548,-3589.5900923907548,-3589.5900923907548,0,0,0,0,0,0,-641.1967284672644,-641.1967284672644,-641.1967284672644,0,0,0,0,0,0,0,0,0,0,0,0,0,0,0,0,0,0,-641.1967284672644,-641.1967284672644,-641.1967284672644,0,0,0,0,0,0,0,0,0,-760.1013029936147,-760.1013029936147,-760.1013029936147,0,0,0,0,0,0,-2060.6417270824395,-2060.6417270824395,-2060.6417270824395,-127.65033384743639,-127.65033384743639,-127.65033384743639,0,0,0,-2902.1596931922086,55.98942438157999,2158.7611398866325,2158.7611398866325,-1430.8289525041223
2024-01-08T00:00:00Z,2158.8514667604218,-645.6845311748956,-645.6845311748956,-645.6845311748956,0,0,0,0,0,0,0,0,0,0,0,0,0,0,0,0,0,0,0,0,0,0,0,0,0,0,0,0,0,0,0,0,0,0,0,0,0,0,0,-834.951957998926,-834.951957998926,-834.951957998926,0,0,0,0,0,0,398.1504989816818,398.1504989816818,398.1504989816818,-208.88307215765144,-208.88307215765144,-208.88307215765144,0,0,0,44.66581749851232,2878.282683081994,2158.8514667604218,2158.8514667604218,1513.166935585526
2024-01-09T00:00:00Z,2158.9417936342115,-314.164606347391,-314.164606347391,-314.164606347391,0,0,0,0,0,0,0,0,0,0,0,0,0,0,0,0,0,0,0,0,0,0,0,0,0,0,0,0,0,0,0,0,0,0,0,0,0,0,0,-762.4831881820661,-762.4831881820661,-762.4831881820661,0,0,0,0,0,0,733.1039213665169,733.1039213665169,733.1039213665169,-284.7853395318418,-284.7853395318418,-284.7853395318418,0,0,0,342.2407127891393,3369.031870684899,2158.9417936342115,2158.9417936342115,1844.7771872868207
2024-01-10T00:00:00Z,2159.0321205080004,-169.0524107331907,-169.0524107331907,-169.0524107331907,0,0,0,0,0,0,0,0,0,0,0,0,0,0,0,0,0,0,0,0,0,0,0,0,0,0,0,0,0,0,0,0,0,0,0,0,0,0,0,-615.8442004081936,-615.8442004081936,-615.8442004081936,0,0,0,0,0,0,800.8560034327681,800.8560034327681,800.8560034327681,-354.064213757765,-354.064213757765,-354.064213757765,0,0,0,628.3240364220035,3548.984151448614,2159.0321205080004,2159.0321205080004,1989.9797097748096
2024-01-11T00:00:00Z,2159.12244738179,-109.44924635035466,-109.44924635035466,-109.44924635035466,0,0,0,0,0,0,0,0,0,0,0,0,0,0,0,0,0,0,0,0,0,0,0,0,0,0,0,0,0,0,0,0,0,0,0,0,0,0,0,-499.9358284130052,-499.9358284130052,-499.9358284130052,0,0,0,0,0,0,806.0626646829095,806.0626646829095,806.0626646829095,-415.57608262025923,-415.57608262025923,-415.57608262025923,0,0,0,625.064415480819,3439.6770083966817,2159.12244738179,2159.12244738179,2049.6732010314354
2024-01-12T00:00:00Z,2159.2127742555795,-112.97201286235749,-112.97201286235749,-112.97201286235749,0,0,0,0,0,0,0,0,0,0,0,0,0,0,0,0,0,0,0,0,0,0,0,0,0,0,0,0,0,0,0,0,0,0,0,0,0,0,0,-445.2213979310541,-445.2213979310541,-445.2213979310541,0,0,0,0,0,0,800.6017514002448,800.6017514002448,800.6017514002448,-468.3523663315482,-468.3523663315482,-468.3523663315482,0,0,0,644.3411478185011,3608.482662305372,2159.2127742555795,2159.2127742555795,2046.2407613932219
2024-01-13T00:00:00Z,2159.3031011293688,-2383.76365386889,-2383.76365386889,-2383.76365386889,0,0,0,0,0,0,0,0,0,0,0,0,0,0,0,0,0,0,0,0,0,0,0,0,0,0,0,0,0,0,0,0,0,0,0,0,0,0,0,-394.00947720264026,-394.00947720264026,-394.00947720264026,0,0,0,0,0,0,-1478.13311277817,-1478.13311277817,-1478.13311277817,-511.6210638880795,-511.6210638880795,-511.6210638880795,0,0,0,-1678.6191687297044,1317.33727797466,2159.3031011293688,2159.3031011293688,-224.46055273952106
2024-01-14T00:00:00Z,2159.393428003158,-2886.725911654905,-2886.725911654905,-2886.725911654905,0,0,0,0,0,0,0,0,0,0,0,0,0,0,0,0,0,0,0,0,0,0,0,0,0,0,0,0,0,0,0,0,0,0,0,0,0,0,0,-281.26059990427154,-281.26059990427154,-281.26059990427154,0,0,0,0,0,0,-2060.64172708188,-2060.64172708188,-2060.64172708188,-544.8235846687533,-544.8235846687533,-544.8235846687533,0,0,0,-2134.1352101822226,710.1879599698501,2159.393428003158,2159.393428003158,-727.3324836517468
2024-01-15T00:00:00Z,2159.4837548769474,-285.77707303086197,-285.77707303086197,-285.77707303086197,0,0,0,0,0,0,0,0,0,0,0,0,0,0,0,0,0,0,0,0,0,0,0,0,0,0,0,0,0,0,0,0,0,0,0,0,0,0,0,-116.30112739182978,-116.30112739182978,-116.30112739182978,0,0,0,0,0,0,398.15049898343415,398.15049898343415,398.15049898343415,-567.6264446224662,-567.6264446224662,-567.6264446224662,0,0,0,551.5807087680374,3381.9458315304328,2159.4837548769474,2159.4837548769474,1873.7066818460853
2024-01-16T00:00:00Z,2159.574081750737,176.03291178428566,176.03291178428566,176.03291178428566,0,0,0,0,0,0,0,0,0,0,0,0,0,0,0,0,0,0,0,0,0,0,0,0,0,0,0,0,0,0,0,0,0,0,0,0,0,0,0,22.85652588206923,22.85652588206923,22.85652588206923,0,0,0,0,0,0,733.103921365901,733.103921365901,733.103921365901,-579.9275354636846,-579.9275354636846,-579.9275354636846,0,0,0,801.2596708616812,3733.9530024058176,2159.574081750737,2159.574081750737,2335.606993535023
2024-01-17T00:00:00Z,2159.6644086245265,293.9773214990492,293.9773214990492,293.9773214990492,0,0,0,0,0,0,0,0,0,0,0,0,0,0,0,0,0,0,0,0,0,0,0,0,0,0,0,0,0,0,0,0,0,0,0,0,0,0,0,74.97813015756536,74.97813015756536,74.97813015756536,0,0,0,0,0,0,800.8560034331471,800.8560034331471,800.8560034331471,-581.8568120916631,-581.8568120916631,-581.8568120916631,0,0,0,935.6357350506829,3831.032154451682,2159.6644086245265,2159.6644086245265,2453.6417301235756
2024-01-18T00:00:00Z,2159.7547354983158,300.0851243632033,300.0851243632033,300.0851243632033,0,0,0,0,0,0,0,0,0,0,0,0,0,0,0,0,0,0,0,0,0,0,0,0,0,0,0,0,0,0,0,0,0,0,0,0,0,0,0,67.79384405124742,67.79384405124742,67.79384405124742,0,0,0,0,0,0,806.0626646850948,806.0626646850948,806.0626646850948,-573.7713843731392,-573.7713843731392,-573.7713843731392,0,0,0,1027.5255293406221,3923.7535629176077,2159.7547354983158,2159.7547354983158,2459.839859861519
2024-01-19T00:00:00Z,2159.845062372105,341.33632963682476,341.33632963682476,341.33632963682476,0,0,0,0,0,0,0,0,0,0,0,0,0,0,0,0,0,0,0,0,0,0,0,0,0,0,0,0,0,0,0,0,0,0,0,0,0,0,0,96.97971907483745,96.97971907483745,96.97971907483745,0,0,0,0,0,0,800.601751400557,800.601751400557,800.601751400557,-556.2451408385699,-556.2451408385699,-556.2451408385699,0,0,0,995.7726374731369,3830.5245975102107,2159.845062372105,2159.845062372105,2501.18139200893
2024-01-20T00:00:00Z,2159.9353890402344,-1778.17470180442,-1778.17470180442,-1778.17470180442,0,0,0,0,0,0,0,0,0,0,0,0,0,0,0,0,0,0,0,0,0,0,0,0,0,0,0,0,0,0,0,0,0,0,0,0,0,0,0,230.01158099554542,230.01158099554542,230.01158099554542,0,0,0,0,0,0,-1478.133112781226,-1478.133112781226,-1478.133112781226,-530.0531700187394,-530.0531700187394,-530.0531700187394,0,0,0,-979.0061965781298,1839.2525066602684,2159.9353890402344,2159.9353890402344,381.76068723581443
2024-01-21T00:00:00Z,2160.025715708364,-2122.294922850683,-2122.294922850683,-2122.294922850683,0,0,0,0,0,0,0,0,0,0,0,0,0,0,0,0,0,0,0,0,0,0,0,0,0,0,0,0,0,0,0,0,0,0,0,0,0,0,0,434.4981807441008,434.4981807441008,434.4981807441008,0,0,0,0,0,0,-2060.641727081321,-2060.641727081321,-2060.641727081321,-496.1513765134634,-496.1513765134634,-496.1513765134634,0,0,0,-1458.2366255063512,1496.238317907505,2160.025715708364,2160.025715708364,37.730792857680626
2024-01-22T00:00:00Z,2160.1160423764927,552.0872161516485,552.0872161516485,552.0872161516485,0,0,0,0,0,0,0,0,0,0,0,0,0,0,0,0,0,0,0,0,0,0,0,0,0,0,0,0,0,0,0,0,0,0,0,0,0,0,0,609.5885271516058,609.5885271516058,609.5885271516058,0,0,0,0,0,0,398.15049898401327,398.15049898401327,398.15049898401327,-455.65180998397057,-455.65180998397057,-455.65180998397057,0,0,0,1274.7599510262578,4160.558361676504,2160.1160423764927,2160.1160423764927,2712.2032585281413
2024-01-23T00:00:00Z,2160.206369044622,1016.5872775645896,1016.5872775645896,1016.5872775645896,0,0,0,0,0,0,0,0,0,0,0,0,0,0,0,0,0,0,0,0,0,0,0,0,0,0,0,0,0,0,0,0,0,0,0,0,0,0,0,693.2776891550359,693.2776891550359,693.2776891550359,0,0,0,0,0,0,733.1039213659298,733.1039213659298,733.1039213659298,-409.79433295637637,-409.79433295637637,-409.79433295637637,0,0,0,1785.9464792808997,4808.212192504753,2160.206369044622,2160.206369044622,3176.7936466092115
2024-01-24T00:00:00Z,2160.2966957127514,1175.30775999743,1175.30775999743,1175.30775999743,0,0,0,0,0,0,0,0,0,0,0,0,0,0,0,0,0,0,0,0,0,0,0,0,0,0,0,0,0,0,0,0,0,0,0,0,0,0,0,734.3671013733466,734.3671013733466,734.3671013733466,0,0,0,0,0,0,800.856003433366,800.856003433366,800.856003433366,-359.91534480928317,-359.91534480928317,-359.91534480928317,0,0,0,1908.6818490288888,4766.920624130175,2160.2966957127514,2160.2966957127514,3335.6044557101814
2024-01-25T00:00:00Z,2160.387022380881,-339.8065734338885,-339.8065734338885,-339.8065734338885,0,0,0,0,0,0,0,0,0,-1683.3583639625576,-1683.3583639625576,-1683.3583639625576,0,0,0,0,0,0,0,0,0,0,0,0,0,0,0,0,0,0,0,0,0,0,0,0,-1683.3583639625576,-1683.3583639625576,-1683.3583639625576,844.9034780608597,844.9034780608597,844.9034780608597,0,0,0,0,0,0,806.062664684501,806.062664684501,806.062664684501,-307.41435221669144,-307.41435221669144,-307.41435221669144,0,0,0,357.0250033387412,3252.8368020697367,2160.387022380881,2160.387022380881,1820.5804489469924
2024-01-26T00:00:00Z,2160.47734904901,1614.2511447641557,1614.2511447641557,1614.2511447641557,0,0,0,0,0,0,0,0,0,0,0,0,0,0,0,0,0,0,0,0,0,0,0,0,0,0,0,0,0,0,0,0,0,0,0,0,0,0,0,1067.368622124308,1067.368622124308,1067.368622124308,0,0,0,0,0,0,800.6017513989577,800.6017513989577,800.6017513989577,-253.71922875910954,-253.71922875910954,-253.71922875910954,0,0,0,2287.6006966664063,5287.828807285319,2160.47734904901,2160.47734904901,3774.728493813166
2024-01-27T00:00:00Z,2160.5676757171395,809.2605384775702,809.2605384775702,809.2605384775702,0,0,0,0,0,0,1201.4993759236843,1201.4993759236843,1201.4993759236843,0,0,0,0,0,0,0,0,0,1201.4993759236843,1201.4993759236843,1201.4993759236843,0,0,0,0,0,0,0,0,0,0,0,0,0,0,0,0,0,0,1286.1453123977926,1286.1453123977926,1286.1453123977926,0,0,0,0,0,0,-1478.133112780172,-1478.133112780172,-1478.133112780172,-200.25103706373483,-200.25103706373483,-200.25103706373483,0,0,0,1518.8160329306495,4501.934101492862,2160.5676757171395,2160.5676757171395,2969.8282141947097
2024-01-28T00:00:00Z,2160.658002385269,278.1728638120954,278.1728638120954,278.1728638120954,0,0,0,0,0,0,1201.4993759236843,1201.4993759236843,1201.4993759236843,0,0,0,0,0,0,0,0,0,1201.4993759236843,1201.4993759236843,1201.4993759236843,0,0,0,0,0,0,0,0,0,0,0,0,0,0,0,0,0,0,1285.704509884644,1285.704509884644,1285.704509884644,0,0,0,0,0,0,-2060.64172707897,-2060.64172707897,-2060.64172707897,-148.38929491726253,-148.38929491726253,-148.38929491726253,0,0,0,1010.0952891125049,3968.09492367777,2160.658002385269,2160.658002385269,2438.8308661973642
2024-01-29T00:00:00Z,2160.7483290533974,2425.051689086209,2425.051689086209,2425.051689086209,0,0,0,0,0,0,1201.4993759236843,1201.4993759236843,1201.4993759236843,0,0,0,0,0,0,0,0,0,1201.4993759236843,1201.4993759236843,1201.4993759236843,0,0,0,0,0,0,0,0,0,0,0,0,0,0,0,0,0,0,924.8403663625144,924.8403663625144,924.8403663625144,0,0,0,0,0,0,398.1504989787587,398.1504989787587,398.1504989787587,-99.43855217874793,-99.43855217874793,-99.43855217874793,0,0,0,3074.7487545058875,6077.385170477084,2160.7483290533974,2160.7483290533974,4585.800018139606
2024-01-30T00:00:00Z,2160.8386557215267,4673.09964442218,4673.09964442218,4673.09964442218,0,0,0,0,0,0,3715.290483842817,3715.290483842817,3715.290483842817,0,0,0,2513.791107919133,2513.791107919133,2513.791107919133,0,0,0,1201.4993759236843,1201.4993759236843,1201.4993759236843,0,0,0,0,0,0,0,0,0,0,0,0,0,0,0,0,0,0,279.3023476249451,279.3023476249451,279.3023476249451,0,0,0,0,0,0,733.1039213659583,733.1039213659583,733.1039213659583,-54.597108411539935,-54.597108411539935,-54.597108411539935,0,0,0,5336.869804836733,8206.867869943953,2160.8386557215267,2160.8386557215267,6833.938300143707
2024-01-31T00:00:00Z,2160.928982389656,6625.644407745737,6625.644407745737,6625.644407745737,0,0,0,0,0,0,6221.093231655167,6221.093231655167,6221.093231655167,0,0,0,0,0,0,5019.593855731483,5019.593855731483,5019.593855731483,1201.4993759236843,1201.4993759236843,1201.4993759236843,0,0,0,0,0,0,0,0,0,0,0,0,0,0,0,0,0,0,-381.37618433377094,-381.37618433377094,-381.37618433377094,0,0,0,0,0,0,800.8560034331529,800.8560034331529,800.8560034331529,-14.928643008812019,-14.928643008812019,-14.928643008812019,0,0,0,7255.664881695468,10258.703559738764,2160.928982389656,2160.928982389656,8786.573390135392
2024-02-01T00:00:00Z,2161.0193090577854,-2251.404870206032,-2251.404870206032,-2251.404870206032,0,0,0,0,0,0,-615.221000053812,-615.221000053812,-615.221000053812,-1683.3583639625576,-1683.3583639625576,-1683.3583639625576,0,0,0,0,0,0,0,0,0,0,0,0,-615.221000053812,-615.221000053812,-615.221000053812,0,0,0,0,0,0,0,0,0,-1683.3583639625576,-1683.3583639625576,-1683.3583639625576,-777.5507191044326,-777.5507191044326,-777.5507191044326,0,0,0,0,0,0,806.0626646826563,806.0626646826563,806.0626646826563,18.66254823211401,18.66254823211401,18.66254823211401,0,0,0,-1470.9611942231436,1352.132388241284,2161.0193090577854,2161.0193090577854,-90.38556114824632
2024-02-02T00:00:00Z,2161.109635725915,-723.2179473812431,-723.2179473812431,-723.2179473812431,0,0,0,0,0,0,-752.8897151972958,-752.8897151972958,-752.8897151972958,0,0,0,0,0,0,0,0,0,0,0,0,-752.8897151972958,-752.8897151972958,-752.8897151972958,0,0,0,0,0,0,0,0,0,0,0,0,0,0,0,-816.3820950883047,-816.3820950883047,-816.3820950883047,0,0,0,0,0,0,800.6017513973585,800.6017513973585,800.6017513973585,45.45211150699875,45.45211150699875,45.45211150699875,0,0,0,78.62291354968457,2876.5478049418048,2161.109635725915,2161.109635725915,1437.8916883446718
2024-02-03T00:00:00Z,2161.199962394044,-2694.567976098732,-2694.567976098732,-2694.567976098732,0,0,0,0,0,0,-641.1967284672644,-641.1967284672644,-641.1967284672644,0,0,0,0,0,0,0,0,0,0,0,0,0,0,0,0,0,0,-641.1967284672644,-641.1967284672644,-641.1967284672644,0,0,0,0,0,0,0,0,0,-640.1496350298179,-640.1496350298179,-640.1496350298179,0,0,0,0,0,0,-1478.1331127832282,-1478.1331127832282,-1478.1331127832282,64.91150018157903,64.91150018157903,64.91150018157903,0,0,0,-1937.2435512815766,985.0985671684231,2161.199962394044,2161.199962394044,-533.3680137046877
2024-02-04T00:00:00Z,2161.2902890621735,-3116.8921248451256,-3116.8921248451256,-3116.8921248451256,0,0,0,0,0,0,-641.1967284672644,-641.1967284672644,-641.1967284672644,0,0,0,0,0,0,0,0,0,0,0,0,0,0,0,0,0,0,-641.1967284672644,-641.1967284672644,-641.1967284672644,0,0,0,0,0,0,0,0,0,-491.7724502970233,-491.7724502970233,-491.7724502970233,0,0,0,0,0,0,-2060.641727085528,-2060.641727085528,-2060.641727085528,76.71878100469019,76.71878100469019,76.71878100469019,0,0,0,-2271.1998456082642,512.6212568359788,2161.2902890621735,2161.2902890621735,-955.6018357829521
2024-02-05T00:00:00Z,2161.3806157303025,-680.7491424785671,-680.7491424785671,-680.7491424785671,0,0,0,0,0,0,-641.1967284672644,-641.1967284672644,-641.1967284672644,0,0,0,0,0,0,0,0,0,0,0,0,0,0,0,0,0,0,-641.1967284672644,-641.1967284672644,-641.1967284672644,0,0,0,0,0,0,0,0,0,-518.4670598629447,-518.4670598629447,-518.4670598629447,0,0,0,0,0,0,398.1504989793379,398.1504989793379,398.1504989793379,80.76414687230415,80.76414687230415,80.76414687230415,0,0,0,48.96702070603975,2978.8134750945846,2161.3806157303025,2161.3806157303025,1480.6314732517353
2024-02-06T00:00:00Z,2161.470942398432,-509.6276652678062,-509.6276652678062,-509.6276652678062,0,0,0,0,0,0,-641.1967284672644,-641.1967284672644,-641.1967284672644,0,0,0,0,0,0,0,0,0,0,0,0,0,0,0,0,0,0,-641.1967284672644,-641.1967284672644,-641.1967284672644,0,0,0,0,0,0,0,0,0,-678.6848964192385,-678.6848964192385,-678.6848964192385,0,0,0,0,0,0,733.1039213653424,733.1039213653424,733.1039213653424,77.15003825335421,77.15003825335421,77.15003825335421,0,0,0,81.38591980233113,3178.686188019643,2161.470942398432,2161.470942398432,1651.8432771306257
2024-02-07T00:00:00Z,2161.561269066561,-590.1906492798812,-590.1906492798812,-590.1906492798812,0,0,0,0,0,0,-641.1967284672644,-641.1967284672644,-641.1967284672644,0,0,0,0,0,0,0,0,0,0,0,0,0,0,0,0,0,0,-641.1967284672644,-641.1967284672644,-641.1967284672644,0,0,0,0,0,0,0,0,0,-816.0358379696934,-816.0358379696934,-816.0358379696934,0,0,0,0,0,0,800.8560034329395,800.8560034329395,800.8560034329395,66.18591372413724,66.18591372413724,66.18591372413724,0,0,0,107.70677815863372,2962.47328618416,2161.561269066561,2161.561269066561,1571.37061978668
2024-02-08T00:00:00Z,2161.6515957346905,39.6420853748557,39.6420853748557,39.6420853748557,0,0,0,0,0,0,0,0,0,0,0,0,0,0,0,0,0,0,0,0,0,0,0,0,0,0,0,0,0,0,0,0,0,0,0,0,0,0,0,-814.7984258139078,-814.7984258139078,-814.7984258139078,0,0,0,0,0,0,806.0626646820627,806.0626646820627,806.0626646820627,48.377846506700436,48.377846506700436,48.377846506700436,0,0,0,723.2256668702477,3568.271338952295,2161.6515957346905,2161.6515957346905,2201.293681109546
2024-02-09T00:00:00Z,2161.74192240282,133.90764135910428,133.90764135910428,133.90764135910428,0,0,0,0,0,0,0,0,0,0,0,0,0,0,0,0,0,0,0,0,0,0,0,0,0,0,0,0,0,0,0,0,0,0,0,0,0,0,0,-691.1073649487884,-691.1073649487884,-691.1073649487884,0,0,0,0,0,0,800.6017514021704,800.6017514021704,800.6017514021704,24.41325490572222,24.41325490572222,24.41325490572222,0,0,0,852.9004951563113,3792.977504316091,2161.74192240282,2161.74192240282,2295.649563761924
2024-02-10T00:00:00Z,2161.8322490709493,-4378.955180740167,-4378.955180740167,-4378.955180740167,0,0,0,-2346.317565425847,-2346.317565425847,-2346.317565425847,0,0,0,-2346.317565425847,-2346.317565425847,-2346.317565425847,0,0,0,0,0,0,0,0,0,0,0,0,0,0,0,0,0,0,0,0,0,0,0,0,0,0,0,-549.6456992239401,-549.6456992239401,-549.6456992239401,0,0,0,0,0,0,-1478.1331127862843,-1478.1331127862843,-1478.1331127862843,-4.858803304095388,-4.858803304095388,-4.858803304095388,0,0,0,-3643.420624655284,-774.2136917322491,2161.8322490709493,2161.8322490709493,-2217.1229316692175
2024-02-11T00:00:00Z,2161.922575739078,-4912.532372807112,-4912.532372807112,-4912.532372807112,0,0,0,-2346.317565425847,-2346.317565425847,-2346.317565425847,0,0,0,-2346.317565425847,-2346.317565425847,-2346.317565425847,0,0,0,0,0,0,0,0,0,0,0,0,0,0,0,0,0,0,0,0,0,0,0,0,0,0,0,-467.1218479742126,-467.1218479742126,-467.1218479742126,0,0,0,0,0,0,-2060.6417270831776,-2060.6417270831776,-2060.6417270831776,-38.45123232387425,-38.45123232387425,-38.45123232387425,0,0,0,-4249.530961578706,-1342.1140715974957,2161.922575739078,2161.922575739078,-2750.6097970680335
2024-02-12T00:00:00Z,2162.012902407207,-2447.743627923783,-2447.743627923783,-2447.743627923783,0,0,0,-2346.317565425847,-2346.317565425847,-2346.317565425847,0,0,0,-2346.317565425847,-2346.317565425847,-2346.317565425847,0,0,0,0,0,0,0,0,0,0,0,0,0,0,0,0,0,0,0,0,0,0,0,0,0,0,0,-424.3108014559593,-424.3108014559593,-424.3108014559593,0,0,0,0,0,0,398.15049898109004,398.15049898109004,398.15049898109004,-75.26576002306699,-75.26576002306699,-75.26576002306699,0,0,0,-1687.3250384084474,1137.6856093203849,2162.012902407207,2162.012902407207,-285.73072551657606
2024-02-13T00:00:00Z,2162.1032290753365,272.02627855006926,272.02627855006926,272.02627855006926,0,0,0,0,0,0,0,0,0,0,0,0,0,0,0,0,0,0,0,0,0,0,0,0,0,0,0,0,0,0,0,0,0,0,0,0,0,0,0,-346.95529669190984,-346.95529669190984,-346.95529669190984,0,0,0,0,0,0,733.103921365371,733.103921365371,733.103921365371,-114.12234612339194,-114.12234612339194,-114.12234612339194,0,0,0,1027.9449060638533,3949.897600554723,2162.1032290753365,2162.1032290753365,2434.1295076254055
2024-02-14T00:00:00Z,2162.193555743466,445.8133273292959,445.8133273292959,445.8133273292959,0,0,0,0,0,0,0,0,0,0,0,0,0,0,0,0,0,0,0,0,0,0,0,0,0,0,0,0,0,0,0,0,0,0,0,0,0,0,0,-201.2523120291737,-201.2523120291737,-201.2523120291737,0,0,0,0,0,0,800.8560034333186,800.8560034333186,800.8560034333186,-153.79036407484895,-153.79036407484895,-153.79036407484895,0,0,0,1118.7403043984493,4027.174686440281,2162.193555743466,2162.193555743466,2608.006883072762
2024-02-15T00:00:00Z,2162.283882411595,574.948509068432,574.948509068432,574.948509068432,0,0,0,0,0,0,0,0,0,0,0,0,0,0,0,0,0,0,0,0,0,0,0,0,0,0,0,0,0,0,0,0,0,0,0,0,0,0,0,-38.09341029542523,-38.09341029542523,-38.09341029542523,0,0,0,0,0,0,806.0626646842478,806.0626646842478,806.0626646842478,-193.02074532039077,-193.02074532039077,-193.02074532039077,0,0,0,1337.1272607354872,4204.875170940543,2162.283882411595,2162.283882411595,2737.232391480027
2024-02-16T00:00:00Z,2162.3742090797246,630.4622298668602,630.4622298668602,630.4622298668602,0,0,0,0,0,0,0,0,0,0,0,0,0,0,0,0,0,0,0,0,0,0,0,0,0,0,0,0,0,0,0,0,0,0,0,0,0,0,0,60.4387359914548,60.4387359914548,60.4387359914548,0,0,0,0,0,0,800.6017514024827,800.6017514024827,800.6017514024827,-230.57825752707728,-230.57825752707728,-230.57825752707728,0,0,0,1327.555642205592,4158.859673178865,2162.3742090797246,2162.3742090797246,2792.8364389465846
2024-02-17T00:00:00Z,2162.464535747854,-1669.954127390525,-1669.954127390525,-1669.954127390525,0,0,0,0,0,0,0,0,0,0,0,0,0,0,0,0,0,0,0,0,0,0,0,0,0,0,0,0,0,0,0,0,0,0,0,0,0,0,0,73.45207832031427,73.45207832031427,73.45207832031427,0,0,0,0,0,0,-1478.1331127852304,-1478.1331127852304,-1478.1331127852304,-265.2730929256085,-265.2730929256085,-265.2730929256085,0,0,0,-964.5908733178444,2027.4582505274586,2162.464535747854,2162.464535747854,492.51040835732897
2024-02-18T00:00:00Z,2162.554862415983,-2284.90856040565,-2284.90856040565,-2284.90856040565,0,0,0,0,0,0,0,0,0,0,0,0,0,0,0,0,0,0,0,0,0,0,0,0,0,0,0,0,0,0,0,0,0,0,0,0,0,0,0,71.7241355035861,71.7241355035861,71.7241355035861,0,0,0,0,0,0,-2060.6417270826187,-2060.6417270826187,-2060.6417270826187,-295.9909688266179,-295.9909688266179,-295.9909688266179,0,0,0,-1554.0933499084174,1406.4516303734972,2162.554862415983,2162.554862415983,-122.35369798966713
2024-02-19T00:00:00Z,2162.645189084112,226.42732796199516,226.42732796199516,226.42732796199516,0,0,0,0,0,0,0,0,0,0,0,0,0,0,0,0,0,0,0,0,0,0,0,0,0,0,0,0,0,0,0,0,0,0,0,0,0,0,0,149.99781781651515,149.99781781651515,149.99781781651515,0,0,0,0,0,0,398.15049898284246,398.15049898284246,398.15049898284246,-321.7209888373625,-321.7209888373625,-321.7209888373625,0,0,0,947.380171687519,3876.411102894597,2162.645189084112,2162.645189084112,2389.0725170461074
2024-02-20T00:00:00Z,2162.7355157522416,720.6618780777267,720.6618780777267,720.6618780777267,0,0,0,0,0,0,0,0,0,0,0,0,0,0,0,0,0,0,0,0,0,0,0,0,0,0,0,0,0,0,0,0,0,0,0,0,0,0,0,329.1385355693913,329.1385355693913,329.1385355693913,0,0,0,0,0,0,733.1039213662906,733.1039213662906,733.1039213662906,-341.5805788579552,-341.5805788579552,-341.5805788579552,0,0,0,1333.8573074103297,4470.948806476151,2162.7355157522416,2162.7355157522416,2883.397393829968
2024-02-21T00:00:00Z,2162.825842420371,977.8423830662244,977.8423830662244,977.8423830662244,0,0,0,0,0,0,0,0,0,0,0,0,0,0,0,0,0,0,0,0,0,0,0,0,0,0,0,0,0,0,0,0,0,0,0,0,0,0,0,531.8232743506074,531.8232743506074,531.8232743506074,0,0,0,0,0,0,800.8560034325127,800.8560034325127,800.8560034325127,-354.83689471689587,-354.83689471689587,-354.83689471689587,0,0,0,1625.8493231075468,4564.788390266706,2162.825842420371,2162.825842420371,3140.6682254865955
2024-02-22T00:00:00Z,2162.9161690885003,1107.633532259322,1107.633532259322,1107.633532259322,0,0,0,0,0,0,0,0,0,0,0,0,0,0,0,0,0,0,0,0,0,0,0,0,0,0,0,0,0,0,0,0,0,0,0,0,0,0,0,662.4950635317971,662.4950635317971,662.4950635317971,0,0,0,0,0,0,806.0626646836541,806.0626646836541,806.0626646836541,-360.9241959561294,-360.9241959561294,-360.9241959561294,0,0,0,1735.1210457470088,4731.288396636685,2162.9161690885003,2162.9161690885003,3270.5497013478225
2024-02-23T00:00:00Z,2163.0064957566296,1153.3650199401927,1153.3650199401927,1153.3650199401927,0,0,0,0,0,0,0,0,0,0,0,0,0,0,0,0,0,0,0,0,0,0,0,0,0,0,0,0,0,0,0,0,0,0,0,0,0,0,0,712.2200586272991,712.2200586272991,712.2200586272991,0,0,0,0,0,0,800.6017513989719,800.6017513989719,800.6017513989719,-359.45679008607857,-359.45679008607857,-359.45679008607857,0,0,0,1903.4321118074872,4708.000698005597,2163.0064957566296,2163.0064957566296,3316.3715156968224
2024-02-24T00:00:00Z,2163.096822424759,-1053.311828212194,-1053.311828212194,-1053.311828212194,0,0,0,0,0,0,0,0,0,0,0,0,0,0,0,0,0,0,0,0,0,0,0,0,0,0,0,0,0,0,0,0,0,0,0,0,0,0,0,775.0585551650266,775.0585551650266,775.0585551650266,0,0,0,0,0,0,-1478.1331127882868,-1478.1331127882868,-1478.1331127882868,-350.23727058893417,-350.23727058893417,-350.23727058893417,0,0,0,-222.8298558553156,2556.8556658420007,2163.096822424759,2163.096822424759,1109.784994212565
2024-02-25T00:00:00Z,2163.1871490928875,-246.8662417821226,-246.8662417821226,-246.8662417821226,0,0,0,0,0,0,1201.4993759236843,1201.4993759236843,1201.4993759236843,0,0,0,0,0,0,0,0,0,1201.4993759236843,1201.4993759236843,1201.4993759236843,0,0,0,0,0,0,0,0,0,0,0,0,0,0,0,0,0,0,945.5360061916272,945.5360061916272,945.5360061916272,0,0,0,0,0,0,-2060.6417270855936,-2060.6417270855936,-2060.6417270855936,-333.2598968118403,-333.2598968118403,-333.2598968118403,0,0,0,503.4867155591278,3324.0358318013027,2163.1871490928875,2163.1871490928875,1916.3209073107648
2024-02-26T00:00:00Z,2163.277475761017,2481.0508603054936,2481.0508603054936,2481.0508603054936,0,0,0,0,0,0,1201.4993759236843,1201.4993759236843,1201.4993759236843,0,0,0,0,0,0,0,0,0,1201.4993759236843,1201.4993759236843,1201.4993759236843,0,0,0,0,0,0,0,0,0,0,0,0,0,0,0,0,0,0,1190.1100767084185,1190.1100767084185,1190.1100767084185,0,0,0,0,0,0,398.15049898459483,398.15049898459483,398.15049898459483,-308.70909131120396,-308.70909131120396,-308.70909131120396,0,0,0,3286.357674535709,6083.332978897568,2163.277475761017,2163.277475761017,4644.32833606651
2024-02-27T00:00:00Z,2163.367802429146,2983.7989678571903,2983.7989678571903,2983.7989678571903,0,0,0,0,0,0,1201.4993759236843,1201.4993759236843,1201.4993759236843,0,0,0,0,0,0,0,0,0,1201.4993759236843,1201.4993759236843,1201.4993759236843,0,0,0,0,0,0,0,0,0,0,0,0,0,0,0,0,0,0,1326.1488273479968,1326.1488273479968,1326.1488273479968,0,0,0,0,0,0,733.1039213663194,733.1039213663194,733.1039213663194,-276.9531567808103,-276.9531567808103,-276.9531567808103,0,0,0,3653.4007556304628,6572.336421348593,2163.367802429146,2163.367802429146,5147.166770286336
2024-02-28T00:00:00Z,2163.4581290972756,5429.003082909435,5429.003082909435,5429.003082909435,0,0,0,0,0,0,3715.290483842817,3715.290483842817,3715.290483842817,0,0,0,2513.791107919133,2513.791107919133,2513.791107919133,0,0,0,1201.4993759236843,1201.4993759236843,1201.4993759236843,0,0,0,0,0,0,0,0,0,0,0,0,0,0,0,0,0,0,1151.3900327238532,1151.3900327238532,1151.3900327238532,0,0,0,0,0,0,800.856003433324,800.856003433324,800.856003433324,-238.53343709055932,-238.53343709055932,-238.53343709055932,0,0,0,6219.832221175257,8925.764606516348,2163.4581290972756,2163.4581290972756,7592.46121200671
2024-02-29T00:00:00Z,2163.548455765405,7456.7357654657635,7456.7357654657635,7456.7357654657635,0,0,0,0,0,0,6221.093231655167,6221.093231655167,6221.093231655167,0,0,0,0,0,0,5019.593855731483,5019.593855731483,5019.593855731483,1201.4993759236843,1201.4993759236843,1201.4993759236843,0,0,0,0,0,0,0,0,0,0,0,0,0,0,0,0,0,0,623.7291310994699,623.7291310994699,623.7291310994699,0,0,0,0,0,0,806.06266468445,806.06266468445,806.06266468445,-194.14926197332366,-194.14926197332366,-194.14926197332366,0,0,0,8217.133356496079,11116.305817010267,2163.548455765405,2163.548455765405,9620.284221231168
2024-03-01T00:00:00Z,2163.6387824335343,-28.357215927505624,-28.357215927505624,-28.357215927505624,0,0,0,0,0,0,-615.221000053812,-615.221000053812,-615.221000053812,0,0,0,0,0,0,0,0,0,0,0,0,0,0,0,-615.221000053812,-615.221000053812,-615.221000053812,0,0,0,0,0,0,0,0,0,0,0,0,-69.09884770157717,-69.09884770157717,-69.09884770157717,0,0,0,0,0,0,800.6017513992844,800.6017513992844,800.6017513992844,-144.63911957140087,-144.63911957140087,-144.63911957140087,0,0,0,724.9247750936942,3731.743646722506,2163.6387824335343,2163.6387824335343,2135.281566506029
2024-03-02T00:00:00Z,2163.7291091016637,-2946.253472970565,-2946.253472970565,-2946.253472970565,0,0,0,0,0,0,-752.8897151972958,-752.8897151972958,-752.8897151972958,0,0,0,0,0,0,0,0,0,0,0,0,-752.8897151972958,-752.8897151972958,-752.8897151972958,0,0,0,0,0,0,0,0,0,0,0,0,0,0,0,-624.2720522550574,-624.2720522550574,-624.2720522550574,0,0,0,0,0,0,-1478.1331127811977,-1478.1331127811977,-1478.1331127811977,-90.95859273701377,-90.95859273701377,-90.95859273701377,0,0,0,-2208.09218998416,711.3527995188383,2163.7291091016637,2163.7291091016637,-782.5243638689012
2024-03-03T00:00:00Z,2163.8194357697926,-3573.4006903498052,-3573.4006903498052,-3573.4006903498052,0,0,0,0,0,0,-641.1967284672644,-641.1967284672644,-641.1967284672644,0,0,0,0,0,0,0,0,0,0,0,0,0,0,0,0,0,0,-641.1967284672644,-641.1967284672644,-641.1967284672644,0,0,0,0,0,0,0,0,0,-837.4065634153283,-837.4065634153283,-837.4065634153283,0,0,0,0,0,0,-2060.6417270868255,-2060.6417270868255,-2060.6417270868255,-34.155671380386856,-34.155671380386856,-34.155671380386856,0,0,0,-2907.680984191662,162.27492847317683,2163.8194357697926,2163.8194357697926,-1409.5812545800127
2024-03-04T00:00:00Z,2163.909762437922,-958.2729826842535,-958.2729826842535,-958.2729826842535,0,0,0,0,0,0,-641.1967284672644,-641.1967284672644,-641.1967284672644,0,0,0,0,0,0,0,0,0,0,0,0,0,0,0,0,0,0,-641.1967284672644,-641.1967284672644,-641.1967284672644,0,0,0,0,0,0,0,0,0,-739.8826407440293,-739.8826407440293,-739.8826407440293,0,0,0,0,0,0,398.15049898517407,398.15049898517407,398.15049898517407,24.6558875418661,24.6558875418661,24.6558875418661,0,0,0,-206.23728159115205,2572.660205831574,2163.909762437922,2163.909762437922,1205.6367797536684
2024-03-05T00:00:00Z,2164.0000891060513,-372.88324528548515,-372.88324528548515,-372.88324528548515,0,0,0,0,0,0,-641.1967284672644,-641.1967284672644,-641.1967284672644,0,0,0,0,0,0,0,0,0,0,0,0,0,0,0,0,0,0,-641.1967284672644,-641.1967284672644,-641.1967284672644,0,0,0,0,0,0,0,0,0,-549.1148781831544,-549.1148781831544,-549.1148781831544,0,0,0,0,0,0,733.1039213657033,733.1039213657033,733.1039213657033,84.3244399992304,84.3244399992304,84.3244399992304,0,0,0,182.22784201551192,3258.7575607341582,2164.0000891060513,2164.0000891060513,1791.1168438205661
2024-03-06T00:00:00Z,2164.0904157741807,-178.17979797484975,-178.17979797484975,-178.17979797484975,0,0,0,0,0,0,-641.1967284672644,-641.1967284672644,-641.1967284672644,0,0,0,0,0,0,0,0,0,0,0,0,0,0,0,0,0,0,-641.1967284672644,-641.1967284672644,-641.1967284672644,0,0,0,0,0,0,0,0,0,-481.52791387531806,-481.52791387531806,-481.52791387531806,0,0,0,0,0,0,800.8560034337031,800.8560034337031,800.8560034337031,143.68884093402988,143.68884093402988,143.68884093402988,0,0,0,578.9106324195916,3509.469668968894,2164.0904157741807,2164.0904157741807,1985.9106177993308
2024-03-07T00:00:00Z,2164.18074244231,-224.2897139755659,-224.2897139755659,-224.2897139755659,0,0,0,0,0,0,-641.1967284672644,-641.1967284672644,-641.1967284672644,0,0,0,0,0,0,0,0,0,0,0,0,0,0,0,0,0,0,-641.1967284672644,-641.1967284672644,-641.1967284672644,0,0,0,0,0,0,0,0,0,-590.7622508511419,-590.7622508511419,-590.7622508511419,0,0,0,0,0,0,806.0626646826051,806.0626646826051,806.0626646826051,201.60660066023505,201.60660066023505,201.60660066023505,0,0,0,384.3681642677592,3487.7472751622745,2164.18074244231,2164.18074244231,1939.891028466744
2024-03-08T00:00:00Z,2164.271069110439,297.4815418995462,297.4815418995462,297.4815418995462,0,0,0,0,0,0,0,0,0,0,0,0,0,0,0,0,0,0,0,0,0,0,0,0,0,0,0,0,0,0,0,0,0,0,0,0,0,0,0,-760.1013029937217,-760.1013029937217,-760.1013029937217,0,0,0,0,0,0,800.601751397685,800.601751397685,800.601751397685,256.9810934955829,256.9810934955829,256.9810934955829,0,0,0,941.9888951554068,3858.1736150125093,2164.271069110439,2164.271069110439,2461.7526110099852
2024-03-09T00:00:00Z,2164.361395912284,-2004.2979339706774,-2004.2979339706774,-2004.2979339706774,0,0,0,0,0,0,0,0,0,0,0,0,0,0,0,0,0,0,0,0,0,0,0,0,0,0,0,0,0,0,0,0,0,0,0,0,0,0,0,-834.9519579986707,-834.9519579986707,-834.9519579986707,0,0,0,0,0,0,-1478.1331127821989,-1478.1331127821989,-1478.1331127821989,308.787136810192,308.787136810192,308.787136810192,0,0,0,-1309.8181875943255,1586.6132653856414,2164.361395912284,2164.361395912284,160.06346194160665
2024-03-10T00:00:00Z,2164.451722714129,-2467.030602807467,-2467.030602807467,-2467.030602807467,0,0,0,0,0,0,0,0,0,0,0,0,0,0,0,0,0,0,0,0,0,0,0,0,0,0,0,0,0,0,0,0,0,0,0,0,0,0,0,-762.4831881818644,-762.4831881818644,-762.4831881818644,0,0,0,0,0,0,-2060.641727084475,-2060.641727084475,-2060.641727084475,356.0943124588729,356.0943124588729,356.0943124588729,0,0,0,-1932.2391273578637,1139.8271654644786,2164.451722714129,2164.451722714129,-302.57888009333783
2024-03-11T00:00:00Z,2164.5420495159738,180.39377071567586,180.39377071567586,180.39377071567586,0,0,0,0,0,0,0,0,0,0,0,0,0,0,0,0,0,0,0,0,0,0,0,0,0,0,0,0,0,0,0,0,0,0,0,0,0,0,0,-615.8442004079834,-615.8442004079834,-615.8442004079834,0,0,0,0,0,0,398.1504989880993,398.1504989880993,398.1504989880993,398.08747213555995,398.08747213555995,398.08747213555995,0,0,0,945.4928609235194,3868.4803933905673,2164.5420495159738,2164.5420495159738,2344.93582023165
2024-03-12T00:00:00Z,2164.632376317819,667.2520444145644,667.2520444145644,667.2520444145644,0,0,0,0,0,0,0,0,0,0,0,0,0,0,0,0,0,0,0,0,0,0,0,0,0,0,0,0,0,0,0,0,0,0,0,0,0,0,0,-499.9358284128471,-499.9358284128471,-499.9358284128471,0,0,0,0,0,0,733.1039213657319,733.1039213657319,733.1039213657319,434.0839514616796,434.0839514616796,434.0839514616796,0,0,0,1458.8413941173865,4252.28141291153,2164.632376317819,2164.632376317819,2831.884420732383
2024-03-13T00:00:00Z,2164.722703119664,819.1817176743535,819.1817176743535,819.1817176743535,0,0,0,0,0,0,0,0,0,0,0,0,0,0,0,0,0,0,0,0,0,0,0,0,0,0,0,0,0,0,0,0,0,0,0,0,0,0,0,-445.22139793091753,-445.22139793091753,-445.22139793091753,0,0,0,0,0,0,800.8560034334897,800.8560034334897,800.8560034334897,463.5471121717814,463.5471121717814,463.5471121717814,0,0,0,1649.6159703054968,4518.766665171309,2164.722703119664,2164.722703119664,2983.9044207940174
2024-03-14T00:00:00Z,2164.8130299215086,898.1491223475344,898.1491223475344,898.1491223475344,0,0,0,0,0,0,0,0,0,0,0,0,0,0,0,0,0,0,0,0,0,0,0,0,0,0,0,0,0,0,0,0,0,0,0,0,0,0,0,-394.0094772025635,-394.0094772025635,-394.0094772025635,0,0,0,0,0,0,806.0626646834012,806.0626646834012,806.0626646834012,486.0959348666968,486.0959348666968,486.0959348666968,0,0,0,1679.5575888583699,4527.939899592614,2164.8130299215086,2164.8130299215086,3062.962152269043
2024-03-15T00:00:00Z,2164.9033567233537,1020.8516450868309,1020.8516450868309,1020.8516450868309,0,0,0,0,0,0,0,0,0,0,0,0,0,0,0,0,0,0,0,0,0,0,0,0,0,0,0,0,0,0,0,0,0,0,0,0,0,0,0,-281.26059990385846,-281.26059990385846,-281.26059990385846,0,0,0,0,0,0,800.6017513979975,800.6017513979975,800.6017513979975,501.51049359269183,501.51049359269183,501.51049359269183,0,0,0,1726.2742880286394,4596.859240511589,2164.9033567233537,2164.9033567233537,3185.7550018101847
2024-03-16T00:00:00Z,2164.993683525199,-1084.7009852391986,-1084.7009852391986,-1084.7009852391986,0,0,0,0,0,0,0,0,0,0,0,0,0,0,0,0,0,0,0,0,0,0,0,0,0,0,0,0,0,0,0,0,0,0,0,0,0,0,0,-116.30112739184189,-116.30112739184189,-116.30112739184189,0,0,0,0,0,0,-1478.1331127832,-1478.1331127832,-1478.1331127832,509.73325493584304,509.73325493584304,509.73325493584304,0,0,0,-315.9596375645348,2495.7662738796757,2164.993683525199,2164.993683525199,1080.2926982860001
2024-03-17T00:00:00Z,2165.0840103270434,-1526.9189458236513,-1526.9189458236513,-1526.9189458236513,0,0,0,0,0,0,0,0,0,0,0,0,0,0,0,0,0,0,0,0,0,0,0,0,0,0,0,0,0,0,0,0,0,0,0,0,0,0,0,22.856525882473374,22.856525882473374,22.856525882473374,0,0,0,0,0,0,-2060.6417270821244,-2060.6417270821244,-2060.6417270821244,510.8662553759996,510.8662553759996,510.8662553759996,0,0,0,-862.0613457534299,2181.6703339485884,2165.0840103270434,2165.0840103270434,638.1650645033922
2024-03-18T00:00:00Z,2165.1743371288885,978.2929474533613,978.2929474533613,978.2929474533613,0,0,0,0,0,0,0,0,0,0,0,0,0,0,0,0,0,0,0,0,0,0,0,0,0,0,0,0,0,0,0,0,0,0,0,0,0,0,0,74.97813015732206,74.97813015732206,74.97813015732206,0,0,0,0,0,0,398.1504989804985,398.1504989804985,398.1504989804985,505.16431831554087,505.16431831554087,505.16431831554087,0,0,0,1542.2068296871507,4669.819737729454,2165.1743371288885,2165.1743371288885,3143.4672845822497
2024-03-19T00:00:00Z,2165.2646639307336,1293.9223390649963,1293.9223390649963,1293.9223390649963,0,0,0,0,0,0,0,0,0,0,0,0,0,0,0,0,0,0,0,0,0,0,0,0,0,0,0,0,0,0,0,0,0,0,0,0,0,0,0,67.7938440512497,67.7938440512497,67.7938440512497,0,0,0,0,0,0,733.1039213654382,733.1039213654382,733.1039213654382,493.0245736483082,493.0245736483082,493.0245736483082,0,0,0,2085.359080326462,4861.095602421412,2165.2646639307336,2165.2646639307336,3459.18700299573
2024-03-20T00:00:00Z,2165.3549907325787,1372.8083578219191,1372.8083578219191,1372.8083578219191,0,0,0,0,0,0,0,0,0,0,0,0,0,0,0,0,0,0,0,0,0,0,0,0,0,0,0,0,0,0,0,0,0,0,0,0,0,0,0,96.97971907513924,96.97971907513924,96.97971907513924,0,0,0,0,0,0,800.8560034332763,800.8560034332763,800.8560034332763,474.9726353135033,474.9726353135033,474.9726353135033,0,0,0,2051.9374969821765,4898.1862443385135,2165.3549907325787,2165.3549907325787,3538.163348554498
2024-03-21T00:00:00Z,2165.4453175344233,1487.7201193078624,1487.7201193078624,1487.7201193078624,0,0,0,0,0,0,0,0,0,0,0,0,0,0,0,0,0,0,0,0,0,0,0,0,0,0,0,0,0,0,0,0,0,0,0,0,0,0,0,230.0115809953798,230.0115809953798,230.0115809953798,0,0,0,0,0,0,806.0626646828072,806.0626646828072,806.0626646828072,451.6458736296757,451.6458736296757,451.6458736296757,0,0,0,2152.8882148496505,5100.659142565851,2165.4453175344233,2165.4453175344233,3653.165436842286
2024-03-22T00:00:00Z,2165.5356443362684,1658.8742194551141,1658.8742194551141,1658.8742194551141,0,0,0,0,0,0,0,0,0,0,0,0,0,0,0,0,0,0,0,0,0,0,0,0,0,0,0,0,0,0,0,0,0,0,0,0,0,0,0,434.4981807442188,434.4981807442188,434.4981807442188,0,0,0,0,0,0,800.6017513944865,800.6017513944865,800.6017513944865,423.77428731640856,423.77428731640856,423.77428731640856,0,0,0,2360.7956054882475,5313.967037045861,2165.5356443362684,2165.5356443362684,3824.4098637913826
2024-03-23T00:00:00Z,2165.625971138113,-476.3850522785359,-476.3850522785359,-476.3850522785359,0,0,0,0,0,0,0,0,0,0,0,0,0,0,0,0,0,0,0,0,0,0,0,0,0,0,0,0,0,0,0,0,0,0,0,0,0,0,0,609.5885271515518,609.5885271515518,609.5885271515518,0,0,0,0,0,0,-1478.1331127781662,-1478.1331127781662,-1478.1331127781662,392.15953334807836,392.15953334807836,392.15953334807836,0,0,0,201.69332150258217,3114.7841646386105,2165.625971138113,2165.625971138113,1689.240918859577
2024-03-24T00:00:00Z,2165.716297939958,-1009.7113279551478,-1009.7113279551478,-1009.7113279551478,0,0,0,0,0,0,0,0,0,0,0,0,0,0,0,0,0,0,0,0,0,0,0,0,0,0,0,0,0,0,0,0,0,0,0,0,0,0,0,693.2776891551214,693.2776891551214,693.2776891551214,0,0,0,0,0,0,-2060.6417270833567,-2060.6417270833567,-2060.6417270833567,357.65270997308767,357.65270997308767,357.65270997308767,0,0,0,-329.77282019422313,2597.935013520834,2165.716297939958,2165.716297939958,1156.0049699848105
2024-03-25T00:00:00Z,2165.806624741803,1453.6491089792814,1453.6491089792814,1453.6491089792814,0,0,0,0,0,0,0,0,0,0,0,0,0,0,0,0,0,0,0,0,0,0,0,0,0,0,0,0,0,0,0,0,0,0,0,0,0,0,0,734.367101374031,734.367101374031,734.367101374031,0,0,0,0,0,0,398.150498982251,398.150498982251,398.150498982251,321.1315086229989,321.1315086229989,321.1315086229989,0,0,0,2175.117243301921,5067.0075434484015,2165.806624741803,2165.806624741803,3619.4557337210845
2024-03-26T00:00:00Z,2165.896951543648,1861.4847532080873,1861.4847532080873,1861.4847532080873,0,0,0,0,0,0,0,0,0,0,0,0,0,0,0,0,0,0,0,0,0,0,0,0,0,0,0,0,0,0,0,0,0,0,0,0,0,0,0,844.9034780602963,844.9034780602963,844.9034780602963,0,0,0,0,0,0,733.1039213651445,733.1039213651445,733.1039213651445,283.47735378264633,283.47735378264633,283.47735378264633,0,0,0,2637.1081909309673,5441.329451584308,2165.896951543648,2165.896951543648,4027.381704751735
2024-03-27T00:00:00Z,2165.9872783454925,1631.9187739261408,1631.9187739261408,1631.9187739261408,0,0,0,0,0,0,1201.4993759236843,1201.4993759236843,1201.4993759236843,-1683.3583639625576,-1683.3583639625576,-1683.3583639625576,0,0,0,0,0,0,1201.4993759236843,1201.4993759236843,1201.4993759236843,0,0,0,0,0,0,0,0,0,0,0,0,0,0,0,-1683.3583639625576,-1683.3583639625576,-1683.3583639625576,1067.368622124297,1067.368622124297,1067.368622124297,0,0,0,0,0,0,800.8560034330632,800.8560034330632,800.8560034330632,245.55313640765425,245.55313640765425,245.55313640765425,0,0,0,2397.25207695546,5321.312784447644,2165.9872783454925,2165.9872783454925,3797.9060522716336
2024-03-28T00:00:00Z,2166.0776051473376,3501.8894698283043,3501.8894698283043,3501.8894698283043,0,0,0,0,0,0,1201.4993759236843,1201.4993759236843,1201.4993759236843,0,0,0,0,0,0,0,0,0,1201.4993759236843,1201.4993759236843,1201.4993759236843,0,0,0,0,0,0,0,0,0,0,0,0,0,0,0,0,0,0,1286.1453123982303,1286.1453123982303,1286.1453123982303,0,0,0,0,0,0,806.0626646849925,806.0626646849925,806.0626646849925,208.18211682139705,208.18211682139705,208.18211682139705,0,0,0,4057.9484671844316,7087.886033922338,2166.0776051473376,2166.0776051473376,5667.967074975642
2024-03-29T00:00:00Z,2166.1679319491827,3459.9341655385642,3459.9341655385642,3459.9341655385642,0,0,0,0,0,0,1201.4993759236843,1201.4993759236843,1201.4993759236843,0,0,0,0,0,0,0,0,0,1201.4993759236843,1201.4993759236843,1201.4993759236843,0,0,0,0,0,0,0,0,0,0,0,0,0,0,0,0,0,0,1285.7045098848143,1285.7045098848143,1285.7045098848143,0,0,0,0,0,0,800.6017514012101,800.6017514012101,800.6017514012101,172.12852832885594,172.12852832885594,172.12852832885594,0,0,0,4196.844084412303,7140.080966480233,2166.1679319491827,2166.1679319491827,5626.1020974877465
2024-03-30T00:00:00Z,2166.258258751028,3300.0780919579033,3300.0780919579033,3300.0780919579033,0,0,0,0,0,0,3715.290483842817,3715.290483842817,3715.290483842817,0,0,0,2513.791107919133,2513.791107919133,2513.791107919133,0,0,0,1201.4993759236843,1201.4993759236843,1201.4993759236843,0,0,0,0,0,0,0,0,0,0,0,0,0,0,0,0,0,0,924.8403663621868,924.8403663621868,924.8403663621868,0,0,0,0,0,0,-1478.1331127791673,-1478.1331127791673,-1478.1331127791673,138.0803545320662,138.0803545320662,138.0803545320662,0,0,0,4056.0208746298563,6900.447793651794,2166.258258751028,2166.258258751028,5466.336350708931
2024-03-31T00:00:00Z,2166.3485855528725,4546.388535592054,4546.388535592054,4546.388535592054,0,0,0,0,0,0,6221.093231655167,6221.093231655167,6221.093231655167,0,0,0,0,0,0,5019.593855731483,5019.593855731483,5019.593855731483,1201.4993759236843,1201.4993759236843,1201.4993759236843,0,0,0,0,0,0,0,0,0,0,0,0,0,0,0,0,0,0,279.30234762506484,279.30234762506484,279.30234762506484,0,0,0,0,0,0,-2060.6417270810057,-2060.6417270810057,-2060.6417270810057,106.63468339282724,106.63468339282724,106.63468339282724,0,0,0,5287.215419289924,8105.481925442084,2166.3485855528725,2166.3485855528725,6712.737121144926
2024-04-01T00:00:00Z,2166.4389123547176,-520.1607238050696,-520.1607238050696,-520.1607238050696,0,0,0,0,0,0,-615.221000053812,-615.221000053812,-615.221000053812,0,0,0,0,0,0,0,0,0,0,0,0,0,0,0,-615.221000053812,-615.221000053812,-615.221000053812,0,0,0,0,0,0,0,0,0,0,0,0,-381.37618433358637,-381.37618433358637,-381.37618433358637,0,0,0,0,0,0,398.1504989828303,398.1504989828303,398.1504989828303,78.28596159949838,78.28596159949838,78.28596159949838,0,0,0,274.6988454535417,3036.2422427693373,2166.4389123547176,2166.4389123547176,1646.278188549648
2024-04-02T00:00:00Z,2166.5292391565627,-743.9191268058415,-743.9191268058415,-743.9191268058415,0,0,0,0,0,0,-752.8897151972958,-752.8897151972958,-752.8897151972958,0,0,0,0,0,0,0,0,0,0,0,0,-752.8897151972958,-752.8897151972958,-752.8897151972958,0,0,0,0,0,0,0,0,0,0,0,0,0,0,0,-777.5507191044168,-777.5507191044168,-777.5507191044168,0,0,0,0,0,0,733.103921366064,733.103921366064,733.103921366064,53.417386129806964,53.417386129806964,53.417386129806964,0,0,0,-41.3885396540928,2890.1592972169515,2166.5292391565627,2166.5292391565627,1422.610112350721
2024-04-03T00:00:00Z,2166.6195659584073,-624.4272415222785,-624.4272415222785,-624.4272415222785,0,0,0,0,0,0,-641.1967284672644,-641.1967284672644,-641.1967284672644,0,0,0,0,0,0,0,0,0,0,0,0,0,0,0,0,0,0,-641.1967284672644,-641.1967284672644,-641.1967284672644,0,0,0,0,0,0,0,0,0,-816.3820950883394,-816.3820950883394,-816.3820950883394,0,0,0,0,0,0,800.8560034338743,800.8560034338743,800.8560034338743,32.29557859945098,32.29557859945098,32.29557859945098,0,0,0,180.14327344508084,2967.4483609222357,2166.6195659584073,2166.6195659584073,1542.1923244361287
2024-04-04T00:00:00Z,2166.7098927602524,-460.21510416342477,-460.21510416342477,-460.21510416342477,0,0,0,0,0,0,-641.1967284672644,-641.1967284672644,-641.1967284672644,0,0,0,0,0,0,0,0,0,0,0,0,0,0,0,0,0,0,-641.1967284672644,-641.1967284672644,-641.1967284672644,0,0,0,0,0,0,0,0,0,-640.1496350298282,-640.1496350298282,-640.1496350298282,0,0,0,0,0,0,806.0626646843986,806.0626646843986,806.0626646843986,15.068594649268986,15.068594649268986,15.068594649268986,0,0,0,298.85635068562055,3156.7084542913612,2166.7098927602524,2166.7098927602524,1706.4947885968277
2024-04-05T00:00:00Z,2166.8002195620975,-330.60019947508823,-330.60019947508823,-330.60019947508823,0,0,0,0,0,0,-641.1967284672644,-641.1967284672644,-641.1967284672644,0,0,0,0,0,0,0,0,0,0,0,0,0,0,0,0,0,0,-641.1967284672644,-641.1967284672644,-641.1967284672644,0,0,0,0,0,0,0,0,0,-491.77245029708683,-491.77245029708683,-491.77245029708683,0,0,0,0,0,0,800.6017513996107,800.6017513996107,800.6017513996107,1.7672278896526223,1.7672278896526223,1.7672278896526223,0,0,0,400.7732295444379,3327.630612706344,2166.8002195620975,2166.8002195620975,1836.2000200870093
2024-04-06T00:00:00Z,2166.890546363942,-2645.4874227668975,-2645.4874227668975,-2645.4874227668975,0,0,0,0,0,0,-641.1967284672644,-641.1967284672644,-641.1967284672644,0,0,0,0,0,0,0,0,0,0,0,0,0,0,0,0,0,0,-641.1967284672644,-641.1967284672644,-641.1967284672644,0,0,0,0,0,0,0,0,0,-518.4670598635706,-518.4670598635706,-518.4670598635706,0,0,0,0,0,0,-1478.1331127801684,-1478.1331127801684,-1478.1331127801684,-7.690521655894004,-7.690521655894004,-7.690521655894004,0,0,0,-1983.0527324639097,1011.9061927172655,2166.890546363942,2166.890546363942,-478.59687640295533
2024-04-07T00:00:00Z,2166.980873165787,-3394.0153806256667,-3394.0153806256667,-3394.0153806256667,0,0,0,0,0,0,-641.1967284672644,-641.1967284672644,-641.1967284672644,0,0,0,0,0,0,0,0,0,0,0,0,0,0,0,0,0,0,-641.1967284672644,-641.1967284672644,-641.1967284672644,0,0,0,0,0,0,0,0,0,-678.6848964191075,-678.6848964191075,-678.6848964191075,0,0,0,0,0,0,-2060.641727080447,-2060.641727080447,-2060.641727080447,-13.49202865884821,-13.49202865884821,-13.49202865884821,0,0,0,-2701.592239414009,191.46564397501567,2166.980873165787,2166.980873165787,-1227.0345074598795
2024-04-08T00:00:00Z,2167.0711999676323,-433.8053023594652,-433.8053023594652,-433.8053023594652,0,0,0,0,0,0,0,0,0,0,0,0,0,0,0,0,0,0,0,0,0,0,0,0,0,0,0,0,0,0,0,0,0,0,0,0,0,0,0,-816.0358379697436,-816.0358379697436,-816.0358379697436,0,0,0,0,0,0,398.15049898575546,398.15049898575546,398.15049898575546,-15.919963375477208,-15.919963375477208,-15.919963375477208,0,0,0,145.49628402729684,3210.7791144551466,2167.0711999676323,2167.0711999676323,1733.265897608167
2024-04-09T00:00:00Z,2167.161526769477,-97.03441339959122,-97.03441339959122,-97.03441339959122,0,0,0,0,0,0,0,0,0,0,0,0,0,0,0,0,0,0,0,0,0,0,0,0,0,0,0,0,0,0,0,0,0,0,0,0,0,0,0,-814.7984258140779,-814.7984258140779,-814.7984258140779,0,0,0,0,0,0,733.1039213660928,733.1039213660928,733.1039213660928,-15.339908951606253,-15.339908951606253,-15.339908951606253,0,0,0,574.215005408354,3513.4579990822185,2167.161526769477,2167.161526769477,2070.1271133698856
2024-04-11T00:00:00Z,2167.342180373167,-2029.4081651561082,-2029.4081651561082,-2029.4081651561082,0,0,0,0,0,0,0,0,0,-2278.8794871135365,-2278.8794871135365,-2278.8794871135365,0,0,0,0,0,0,0,0,0,0,0,0,0,0,0,0,0,0,0,0,0,0,0,0,0,0,0,-549.6456992237454,-549.6456992237454,-549.6456992237454,0,0,0,-2278.8794871135365,-2278.8794871135365,-2278.8794871135365,806.0626646838048,806.0626646838048,806.0626646838048,-6.94564350263109,-6.94564350263109,-6.94564350263109,0,0,0,-1311.5457897083909,1588.9076688897221,2167.342180373167,2167.342180373167,137.9340152170589
2024-04-12T00:00:00Z,2167.4325071750122,-137.5105885491739,-137.5105885491739,-137.5105885491739,0,0,0,0,0,0,0,0,0,-470.84850916358636,-470.84850916358636,-470.84850916358636,0,0,0,0,0,0,0,0,0,0,0,0,0,0,0,0,0,0,0,0,0,0,0,0,0,0,0,-467.1218479745909,-467.1218479745909,-467.1218479745909,0,0,0,-470.84850916358636,-470.84850916358636,-470.84850916358636,800.6017513980115,800.6017513980115,800.6017513980115,-0.14198280900831817,-0.14198280900831817,-0.14198280900831817,0,0,0,593.2826645428037,3523.616431246395,2167.4325071750122,2167.4325071750122,2029.9219186258383
2024-04-13T00:00:00Z,2167.522833976857,-3572.7883162147214,-3572.7883162147214,-3572.7883162147214,0,0,0,0,0,0,0,0,0,-1678.0267643518362,-1678.0267643518362,-1678.0267643518362,0,0,0,0,0,0,0,0,0,0,0,0,0,0,0,0,0,0,0,0,0,0,0,0,0,0,0,-424.31080145605233,-424.31080145605233,-424.31080145605233,0,0,0,-1678.0267643518362,-1678.0267643518362,-1678.0267643518362,-1478.1331127811695,-1478.1331127811695,-1478.1331127811695,7.68236237433653,7.68236237433653,7.68236237433653,0,0,0,-2842.0381610997033,-56.91775830684789,2167.522833976857,2167.522833976857,-1405.2654822378645
2024-04-14T00:00:00Z,2167.613160778702,-3407.7549323243593,-3407.7549323243593,-3407.7549323243593,0,0,0,0,0,0,0,0,0,-1016.1407276776397,-1016.1407276776397,-1016.1407276776397,0,0,0,0,0,0,0,0,0,0,0,0,0,0,0,0,0,0,0,0,0,0,0,0,0,0,0,-346.9552966921208,-346.9552966921208,-346.9552966921208,0,0,0,-1016.1407276776397,-1016.1407276776397,-1016.1407276776397,-2060.6417270852135,-2060.6417270852135,-2060.6417270852135,15.982819130614493,15.982819130614493,15.982819130614493,0,0,0,-2763.979464691785,230.123812971679,2167.613160778702,2167.613160778702,-1240.1417715456573
2024-04-15T00:00:00Z,2167.703487580547,71.25003906871542,71.25003906871542,71.25003906871542,0,0,0,0,0,0,0,0,0,-149.87749077495258,-149.87749077495258,-149.87749077495258,0,0,0,0,0,0,0,0,0,0,0,0,0,0,0,0,0,0,0,0,0,0,0,0,0,0,0,-201.25231202867664,-201.25231202867664,-201.25231202867664,0,0,0,-149.87749077495258,-149.87749077495258,-149.87749077495258,398.15049898633475,398.15049898633475,398.15049898633475,24.229342886009917,24.229342886009917,24.229342886009917,0,0,0,725.5323393054009,3731.2439769020675,2167.703487580547,2167.703487580547,2238.9535266492626
2024-04-16T00:00:00Z,2167.7938143823917,688.9169166710933,688.9169166710933,688.9169166710933,0,0,0,0,0,0,0,0,0,-38.01560304467166,-38.01560304467166,-38.01560304467166,0,0,0,0,0,0,0,0,0,0,0,0,0,0,0,0,0,0,0,0,0,0,0,0,0,0,0,-38.0934102950105,-38.0934102950105,-38.0934102950105,0,0,0,-38.01560304467166,-38.01560304467166,-38.01560304467166,733.1039213654768,733.1039213654768,733.1039213654768,31.92200864529838,31.92200864529838,31.92200864529838,0,0,0,1324.234477909885,4260.138939282851,2167.7938143823917,2167.7938143823917,2856.710731053485
2024-04-17T00:00:00Z,2167.884141184237,-1350.9289589099576,-1350.9289589099576,-1350.9289589099576,0,0,0,0,0,0,0,0,0,-2250.8289069616485,-2250.8289069616485,-2250.8289069616485,0,0,0,0,0,0,0,0,0,0,0,0,0,0,0,0,0,0,0,0,0,0,0,0,0,0,0,60.438735991471,60.438735991471,60.438735991471,0,0,0,-2250.8289069616485,-2250.8289069616485,-2250.8289069616485,800.8560034334478,800.8560034334478,800.8560034334478,38.60520862677224,38.60520862677224,38.60520862677224,0,0,0,-611.2324226389508,2371.3387708375694,2167.884141184237,2167.884141184237,816.9551822742792
2024-04-18T00:00:00Z,2167.974467986082,-713.9008045795803,-713.9008045795803,-713.9008045795803,0,0,0,0,0,0,0,0,0,-1637.2956375964209,-1637.2956375964209,-1637.2956375964209,0,0,0,0,0,0,0,0,0,0,0,0,0,0,0,0,0,0,0,0,0,0,0,0,0,0,0,73.45207832017716,73.45207832017716,73.45207832017716,0,0,0,-1637.2956375964209,-1637.2956375964209,-1637.2956375964209,806.0626646846006,806.0626646846006,806.0626646846006,43.880090012062965,43.880090012062965,43.880090012062965,0,0,0,-53.52068809525258,2816.04364042387,2167.974467986082,2167.974467986082,1454.0736634065015
2024-04-19T00:00:00Z,2168.0647947879265,919.7408128930917,919.7408128930917,919.7408128930917,0,0,0,0,0,0,0,0,0,0,0,0,0,0,0,0,0,0,0,0,0,0,0,0,0,0,0,0,0,0,0,0,0,0,0,0,0,0,0,71.72413550433237,71.72413550433237,71.72413550433237,0,0,0,0,0,0,800.6017514028233,800.6017514028233,800.6017514028233,47.41492598593609,47.41492598593609,47.41492598593609,0,0,0,1699.876320109177,4589.609866251786,2168.0647947879265,2168.0647947879265,3087.805607681018
2024-04-20T00:00:00Z,2168.1551215897716,-1279.1821149501304,-1279.1821149501304,-1279.1821149501304,0,0,0,0,0,0,0,0,0,0,0,0,0,0,0,0,0,0,0,0,0,0,0,0,0,0,0,0,0,0,0,0,0,0,0,0,0,0,0,149.99781781638484,149.99781781638484,149.99781781638484,0,0,0,0,0,0,-1478.1331127842257,-1478.1331127842257,-1478.1331127842257,48.953180017710466,48.953180017710466,48.953180017710466,0,0,0,-579.7909818163598,2418.35599417043,2168.1551215897716,2168.1551215897716,888.9730066396412
2024-04-21T00:00:00Z,2168.2454483916167,-1683.184096161805,-1683.184096161805,-1683.184096161805,0,0,0,0,0,0,0,0,0,0,0,0,0,0,0,0,0,0,0,0,0,0,0,0,0,0,0,0,0,0,0,0,0,0,0,0,0,0,0,329.1385355695145,329.1385355695145,329.1385355695145,0,0,0,0,0,0,-2060.641727084654,-2060.641727084654,-2060.641727084654,48.319095353334724,48.319095353334724,48.319095353334724,0,0,0,-947.6287866097068,1851.5341952335302,2168.2454483916167,2168.2454483916167,485.06135222981175
2024-04-22T00:00:00Z,2168.335775193462,975.3944901342794,975.3944901342794,975.3944901342794,0,0,0,0,0,0,0,0,0,0,0,0,0,0,0,0,0,0,0,0,0,0,0,0,0,0,0,0,0,0,0,0,0,0,0,0,0,0,0,531.8232743504886,531.8232743504886,531.8232743504886,0,0,0,0,0,0,398.150498986914,398.150498986914,398.150498986914,45.420716796876675,45.420716796876675,45.420716796876675,0,0,0,1808.0207135691649,4620.605501489762,2168.335775193462,2168.335775193462,3143.730265327741
2024-04-23T00:00:00Z,2168.4261019953065,1435.8493127307804,1435.8493127307804,1435.8493127307804,0,0,0,0,0,0,0,0,0,0,0,0,0,0,0,0,0,0,0,0,0,0,0,0,0,0,0,0,0,0,0,0,0,0,0,0,0,0,0,662.4950635318158,662.4950635318158,662.4950635318158,0,0,0,0,0,0,733.1039213655056,733.1039213655056,733.1039213655056,40.250327833459046,40.250327833459046,40.250327833459046,0,0,0,2170.974587479651,5025.598262549536,2168.4261019953065,2168.4261019953065,3604.2754147260866
2024-04-24T00:00:00Z,2168.5164287971515,1545.9584228489948,1545.9584228489948,1545.9584228489948,0,0,0,0,0,0,0,0,0,0,0,0,0,0,0,0,0,0,0,0,0,0,0,0,0,0,0,0,0,0,0,0,0,0,0,0,0,0,0,712.2200586272997,712.2200586272997,712.2200586272997,0,0,0,0,0,0,800.8560034332343,800.8560034332343,800.8560034332343,32.88236078846124,32.88236078846124,32.88236078846124,0,0,0,2167.2444375663035,5196.7023546119735,2168.5164287971515,2168.5164287971515,3714.4748516461464
2024-04-25T00:00:00Z,2168.6067555989966,1604.5901287837744,1604.5901287837744,1604.5901287837744,0,0,0,0,0,0,0,0,0,0,0,0,0,0,0,0,0,0,0,0,0,0,0,0,0,0,0,0,0,0,0,0,0,0,0,0,0,0,0,775.0585551646909,775.0585551646909,775.0585551646909,0,0,0,0,0,0,806.0626646827558,806.0626646827558,806.0626646827558,23.468908936327612,23.468908936327612,23.468908936327612,0,0,0,2370.2529950338326,5243.265374924256,2168.6067555989966,2168.6067555989966,3773.196884382771
2024-04-26T00:00:00Z,2168.6970824008413,2959.8701687870935,2959.8701687870935,2959.8701687870935,0,0,0,0,0,0,1201.4993759236843,1201.4993759236843,1201.4993759236843,0,0,0,0,0,0,0,0,0,1201.4993759236843,1201.4993759236843,1201.4993759236843,0,0,0,0,0,0,0,0,0,0,0,0,0,0,0,0,0,0,945.5360061916853,945.5360061916853,945.5360061916853,0,0,0,0,0,0,800.6017514031358,800.6017514031358,800.6017514031358,12.233035268587829,12.233035268587829,12.233035268587829,0,0,0,3658.9228247918686,6641.4689210534,2168.6970824008413,2168.6970824008413,5128.567251187935
2024-04-27T00:00:00Z,2168.7874092026864,912.9364711167216,912.9364711167216,912.9364711167216,0,0,0,0,0,0,1201.4993759236843,1201.4993759236843,1201.4993759236843,0,0,0,0,0,0,0,0,0,1201.4993759236843,1201.4993759236843,1201.4993759236843,0,0,0,0,0,0,0,0,0,0,0,0,0,0,0,0,0,0,1190.1100767082266,1190.1100767082266,1190.1100767082266,0,0,0,0,0,0,-1478.1331127831718,-1478.1331127831718,-1478.1331127831718,-0.5398687320173354,-0.5398687320173354,-0.5398687320173354,0,0,0,1627.530401702956,4487.398116718336,2168.7874092026864,2168.7874092026864,3081.7238803194077
2024-04-28T00:00:00Z,2168.877735494892,452.4941051408918,452.4941051408918,452.4941051408918,0,0,0,0,0,0,1201.4993759236843,1201.4993759236843,1201.4993759236843,0,0,0,0,0,0,0,0,0,1201.4993759236843,1201.4993759236843,1201.4993759236843,0,0,0,0,0,0,0,0,0,0,0,0,0,0,0,0,0,0,1326.1488273480272,1326.1488273480272,1326.1488273480272,0,0,0,0,0,0,-2060.641727082303,-2060.641727082303,-2060.641727082303,-14.512371048516544,-14.512371048516544,-14.512371048516544,0,0,0,1138.3939159743761,4044.694241898314,2168.877735494892,2168.877735494892,2621.371840635784
2024-04-29T00:00:00Z,2168.9680617870977,5235.524424971378,5235.524424971378,5235.524424971378,0,0,0,0,0,0,3715.290483842817,3715.290483842817,3715.290483842817,0,0,0,2513.791107919133,2513.791107919133,2513.791107919133,0,0,0,1201.4993759236843,1201.4993759236843,1201.4993759236843,0,0,0,0,0,0,0,0,0,0,0,0,0,0,0,0,0,0,1151.3900327241608,1151.3900327241608,1151.3900327241608,0,0,0,0,0,0,398.1504989816594,398.1504989816594,398.1504989816594,-29.306590577259918,-29.306590577259918,-29.306590577259918,0,0,0,5945.740056372202,8836.365766321102,2168.9680617870977,2168.9680617870977,7404.492486758476
2024-04-30T00:00:00Z,2169.0583880793038,7533.409564385213,7533.409564385213,7533.409564385213,0,0,0,0,0,0,6221.093231655167,6221.093231655167,6221.093231655167,0,0,0,0,0,0,5019.593855731483,5019.593855731483,5019.593855731483,1201.4993759236843,1201.4993759236843,1201.4993759236843,0,0,0,0,0,0,0,0,0,0,0,0,0,0,0,0,0,0,623.7291310999573,623.7291310999573,623.7291310999573,0,0,0,0,0,0,733.103921366425,733.103921366425,733.103921366425,-44.51671973633644,-44.51671973633644,-44.51671973633644,0,0,0,8222.279687307599,11151.710543218502,2169.0583880793038,2169.0583880793038,9702.467952464518
2024-05-01T00:00:00Z,2169.1487143715094,-1626.5442965704244,-1626.5442965704244,-1626.5442965704244,0,0,0,0,0,0,-615.221000053812,-615.221000053812,-615.221000053812,-1683.3583639625576,-1683.3583639625576,-1683.3583639625576,0,0,0,0,0,0,0,0,0,0,0,0,-615.221000053812,-615.221000053812,-615.221000053812,0,0,0,0,0,0,0,0,0,-1683.3583639625576,-1683.3583639625576,-1683.3583639625576,-69.09884770145597,-69.09884770145597,-69.09884770145597,0,0,0,0,0,0,800.8560034330211,800.8560034330211,800.8560034330211,-59.722088285619776,-59.722088285619776,-59.722088285619776,0,0,0,-963.0786103514754,2162.6656238733863,2169.1487143715094,2169.1487143715094,542.604417801085
2024-05-02T00:00:00Z,2169.239040663715,-645.599475286335,-645.599475286335,-645.599475286335,0,0,0,0,0,0,-752.8897151972958,-752.8897151972958,-752.8897151972958,0,0,0,0,0,0,0,0,0,0,0,0,-752.8897151972958,-752.8897151972958,-752.8897151972958,0,0,0,0,0,0,0,0,0,0,0,0,0,0,0,-624.272052254998,-624.272052254998,-624.272052254998,0,0,0,0,0,0,806.0626646835516,806.0626646835516,806.0626646835516,-74.50037251759295,-74.50037251759295,-74.50037251759295,0,0,0,46.0722160795617,2786.112382642742,2169.239040663715,2169.239040663715,1523.6395653773802
2024-05-03T00:00:00Z,2169.3293669559202,-766.4421001968417,-766.4421001968417,-766.4421001968417,0,0,0,0,0,0,-641.1967284672644,-641.1967284672644,-641.1967284672644,0,0,0,0,0,0,0,0,0,0,0,0,0,0,0,0,0,0,-641.1967284672644,-641.1967284672644,-641.1967284672644,0,0,0,0,0,0,0,0,0,-837.4065634149347,-837.4065634149347,-837.4065634149347,0,0,0,0,0,0,800.6017513996248,800.6017513996248,800.6017513996248,-88.44055971426754,-88.44055971426754,-88.44055971426754,0,0,0,-35.22413106101362,2898.846139167993,2169.3293669559202,2169.3293669559202,1402.8872667590786
2024-05-04T00:00:00Z,2169.419693248126,-2960.367776687657,-2960.367776687657,-2960.367776687657,0,0,0,0,0,0,-641.1967284672644,-641.1967284672644,-641.1967284672644,0,0,0,0,0,0,0,0,0,0,0,0,0,0,0,0,0,0,-641.1967284672644,-641.1967284672644,-641.1967284672644,0,0,0,0,0,0,0,0,0,-739.8826407435513,-739.8826407435513,-739.8826407435513,0,0,0,0,0,0,-1478.1331127862277,-1478.1331127862277,-1478.1331127862277,-101.15529469061372,-101.15529469061372,-101.15529469061372,0,0,0,-2196.6672429047367,688.3971812547582,2169.419693248126,2169.419693248126,-790.9480834395313
2024-05-05T00:00:00Z,2169.5100195403315,-3363.245596351579,-3363.245596351579,-3363.245596351579,0,0,0,0,0,0,-641.1967284672644,-641.1967284672644,-641.1967284672644,0,0,0,0,0,0,0,0,0,0,0,0,0,0,0,0,0,0,-641.1967284672644,-641.1967284672644,-641.1967284672644,0,0,0,0,0,0,0,0,0,-549.114878182708,-549.114878182708,-549.114878182708,0,0,0,0,0,0,-2060.6417270817437,-2060.6417270817437,-2060.6417270817437,-112.29226261986327,-112.29226261986327,-112.29226261986327,0,0,0,-2599.161556535927,224.5419828397376,2169.5100195403315,2169.5100195403315,-1193.7355768112475
2024-05-06T00:00:00Z,2169.600345832537,-846.1184424600801,-846.1184424600801,-846.1184424600801,0,0,0,0,0,0,-641.1967284672644,-641.1967284672644,-641.1967284672644,0,0,0,0,0,0,0,0,0,0,0,0,0,0,0,0,0,0,-641.1967284672644,-641.1967284672644,-641.1967284672644,0,0,0,0,0,0,0,0,0,-481.5279138755155,-481.5279138755155,-481.5279138755155,0,0,0,0,0,0,398.1504989822386,398.1504989822386,398.1504989822386,-121.54429909953896,-121.54429909953896,-121.54429909953896,0,0,0,-94.16545803639605,2753.6484920239895,2169.600345832537,2169.600345832537,1323.481903372457
2024-05-07T00:00:00Z,2169.690672124743,-627.5130212552369,-627.5130212552369,-627.5130212552369,0,0,0,0,0,0,-641.1967284672644,-641.1967284672644,-641.1967284672644,0,0,0,0,0,0,0,0,0,0,0,0,0,0,0,0,0,0,-641.1967284672644,-641.1967284672644,-641.1967284672644,0,0,0,0,0,0,0,0,0,-590.7622508510038,-590.7622508510038,-590.7622508510038,0,0,0,0,0,0,733.1039213664535,733.1039213664535,733.1039213664535,-128.6579633034224,-128.6579633034224,-128.6579633034224,0,0,0,3.3293278107252924,3027.7854339258824,2169.690672124743,2169.690672124743,1542.177650869506
2024-05-08T00:00:00Z,2169.780998416949,-92.68566110077515,-92.68566110077515,-92.68566110077515,0,0,0,0,0,0,0,0,0,0,0,0,0,0,0,0,0,0,0,0,0,0,0,0,0,0,0,0,0,0,0,0,0,0,0,0,0,0,0,-760.1013029936128,-760.1013029936128,-760.1013029936128,0,0,0,0,0,0,800.8560034328079,800.8560034328079,800.8560034328079,-133.4403615399702,-133.4403615399702,-133.4403615399702,0,0,0,679.4005308623337,3528.3419162588752,2169.780998416949,2169.780998416949,2077.0953373161738
2024-05-09T00:00:00Z,2169.8713247091546,-164.65335827974266,-164.65335827974266,-164.65335827974266,0,0,0,0,0,0,0,0,0,0,0,0,0,0,0,0,0,0,0,0,0,0,0,0,0,0,0,0,0,0,0,0,0,0,0,0,0,0,0,-834.9519579990822,-834.9519579990822,-834.9519579990822,0,0,0,0,0,0,806.0626646829579,806.0626646829579,806.0626646829579,-135.76406496361864,-135.76406496361864,-135.76406496361864,0,0,0,505.60719019353525,3415.85453278676,2169.8713247091546,2169.8713247091546,2005.217966429412
2024-05-10T00:00:00Z,2169.9616510013598,-97.45146155268117,-97.45146155268117,-97.45146155268117,0,0,0,0,0,0,0,0,0,0,0,0,0,0,0,0,0,0,0,0,0,0,0,0,0,0,0,0,0,0,0,0,0,0,0,0,0,0,0,-762.483188181801,-762.483188181801,-762.483188181801,0,0,0,0,0,0,800.6017513999375,800.6017513999375,800.6017513999375,-135.57002477081738,-135.57002477081738,-135.57002477081738,0,0,0,577.0703103431265,3591.3178170362444,2169.9616510013598,2169.9616510013598,2072.510189448679
2024-05-11T00:00:00Z,2170.0519772935654,-2226.84576233004,-2226.84576233004,-2226.84576233004,0,0,0,0,0,0,0,0,0,0,0,0,0,0,0,0,0,0,0,0,0,0,0,0,0,0,0,0,0,0,0,0,0,0,0,0,0,0,0,-615.8442004084677,-615.8442004084677,-615.8442004084677,0,0,0,0,0,0,-1478.1331127791389,-1478.1331127791389,-1478.1331127791389,-132.86844914243358,-132.86844914243358,-132.86844914243358,0,0,0,-1356.882297237029,1464.6356916861257,2170.0519772935654,2170.0519772935654,-56.793785036474674
2024-05-12T00:00:00Z,2170.142303585771,-2688.3152221193063,-2688.3152221193063,-2688.3152221193063,0,0,0,0,0,0,0,0,0,0,0,0,0,0,0,0,0,0,0,0,0,0,0,0,0,0,0,0,0,0,0,0,0,0,0,0,0,0,0,-499.93582841286343,-499.93582841286343,-499.93582841286343,0,0,0,0,0,0,-2060.6417270811853,-2060.6417270811853,-2060.6417270811853,-127.7376666252577,-127.7376666252577,-127.7376666252577,0,0,0,-1931.3668112687997,912.2380843931435,2170.142303585771,2170.142303585771,-518.1729185335353
2024-05-13T00:00:00Z,2170.2326298779767,-167.39195778459768,-167.39195778459768,-167.39195778459768,0,0,0,0,0,0,0,0,0,0,0,0,0,0,0,0,0,0,0,0,0,0,0,0,0,0,0,0,0,0,0,0,0,0,0,0,0,0,0,-445.2213979314329,-445.2213979314329,-445.2213979314329,0,0,0,0,0,0,398.150498983991,398.150498983991,398.150498983991,-120.3210588371557,-120.3210588371557,-120.3210588371557,0,0,0,520.8188675131177,3440.1049519712824,2170.2326298779767,2170.2326298779767,2002.840672093379
2024-05-14T00:00:00Z,2170.3229561701824,228.27224454233655,228.27224454233655,228.27224454233655,0,0,0,0,0,0,0,0,0,0,0,0,0,0,0,0,0,0,0,0,0,0,0,0,0,0,0,0,0,0,0,0,0,0,0,0,0,0,0,-394.0094772027642,-394.0094772027642,-394.0094772027642,0,0,0,0,0,0,733.1039213658377,733.1039213658377,733.1039213658377,-110.82219962073705,-110.82219962073705,-110.82219962073705,0,0,0,990.2958038302742,3775.127793996554,2170.3229561701824,2170.3229561701824,2398.595200712519
2024-05-15T00:00:00Z,2170.4132824623885,420.09701692421584,420.09701692421584,420.09701692421584,0,0,0,0,0,0,0,0,0,0,0,0,0,0,0,0,0,0,0,0,0,0,0,0,0,0,0,0,0,0,0,0,0,0,0,0,0,0,0,-281.26059990388825,-281.26059990388825,-281.26059990388825,0,0,0,0,0,0,800.8560034331866,800.8560034331866,800.8560034331866,-99.49838660508277,-99.49838660508277,-99.49838660508277,0,0,0,1163.6495903808923,4070.4552811097547,2170.4132824623885,2170.4132824623885,2590.5102993866044
2024-05-16T00:00:00Z,2170.503608754594,603.1087440939087,603.1087440939087,603.1087440939087,0,0,0,0,0,0,0,0,0,0,0,0,0,0,0,0,0,0,0,0,0,0,0,0,0,0,0,0,0,0,0,0,0,0,0,0,0,0,0,-116.30112739244015,-116.30112739244015,-116.30112739244015,0,0,0,0,0,0,806.0626646825028,806.0626646825028,806.0626646825028,-86.6527931961539,-86.6527931961539,-86.6527931961539,0,0,0,1233.9276773495221,4195.5322040727315,2170.503608754594,2170.503608754594,2773.6123528485027
2024-05-17T00:00:00Z,2170.5939350467993,750.8327740201727,750.8327740201727,750.8327740201727,0,0,0,0,0,0,0,0,0,0,0,0,0,0,0,0,0,0,0,0,0,0,0,0,0,0,0,0,0,0,0,0,0,0,0,0,0,0,0,22.856525882474262,22.856525882474262,22.856525882474262,0,0,0,0,0,0,800.6017514002497,800.6017514002497,800.6017514002497,-72.62550326255128,-72.62550326255128,-72.62550326255128,0,0,0,1487.201150916277,4426.893732225964,2170.5939350467993,2170.5939350467993,2921.426709066972
2024-05-18T00:00:00Z,2170.684261339005,-1460.938698985096,-1460.938698985096,-1460.938698985096,0,0,0,0,0,0,0,0,0,0,0,0,0,0,0,0,0,0,0,0,0,0,0,0,0,0,0,0,0,0,0,0,0,0,0,0,0,0,0,74.9781301573483,74.9781301573483,74.9781301573483,0,0,0,0,0,0,-1478.1331127801402,-1478.1331127801402,-1478.1331127801402,-57.78371636230409,-57.78371636230409,-57.78371636230409,0,0,0,-671.8470923483271,2243.3913491017356,2170.684261339005,2170.684261339005,709.745562353909
2024-05-19T00:00:00Z,2170.7745876312106,-2035.359310765424,-2035.359310765424,-2035.359310765424,0,0,0,0,0,0,0,0,0,0,0,0,0,0,0,0,0,0,0,0,0,0,0,0,0,0,0,0,0,0,0,0,0,0,0,0,0,0,0,67.79384405125201,67.79384405125201,67.79384405125201,0,0,0,0,0,0,-2060.6417270806255,-2060.6417270806255,-2060.6417270806255,-42.51142773605016,-42.51142773605016,-42.51142773605016,0,0,0,-1298.7999957085033,1625.1001448621605,2170.7745876312106,2170.7745876312106,135.4152768657866
2024-05-20T00:00:00Z,2170.864913923416,467.9313238514899,467.9313238514899,467.9313238514899,0,0,0,0,0,0,0,0,0,0,0,0,0,0,0,0,0,0,0,0,0,0,0,0,0,0,0,0,0,0,0,0,0,0,0,0,0,0,0,96.97971907505645,96.97971907505645,96.97971907505645,0,0,0,0,0,0,398.1504989857434,398.1504989857434,398.1504989857434,-27.198894209309838,-27.198894209309838,-27.198894209309838,0,0,0,1161.8996879469635,4029.3610394633056,2170.864913923416,2170.864913923416,2638.7962377749063
2024-05-21T00:00:00Z,2170.955240215622,950.8833077260338,950.8833077260338,950.8833077260338,0,0,0,0,0,0,0,0,0,0,0,0,0,0,0,0,0,0,0,0,0,0,0,0,0,0,0,0,0,0,0,0,0,0,0,0,0,0,0,230.01158099528888,230.01158099528888,230.01158099528888,0,0,0,0,0,0,733.1039213658667,733.1039213658667,733.1039213658667,-12.232194635121674,-12.232194635121674,-12.232194635121674,0,0,0,1589.6862315355406,4418.12282846062,2170.955240215622,2170.955240215622,3121.8385479416556
2024-05-22T00:00:00Z,2171.045566507828,-445.9873616707701,-445.9873616707701,-445.9873616707701,0,0,0,0,0,0,0,0,0,-1683.3583639625576,-1683.3583639625576,-1683.3583639625576,0,0,0,0,0,0,0,0,0,0,0,0,0,0,0,0,0,0,0,0,0,0,0,0,-1683.3583639625576,-1683.3583639625576,-1683.3583639625576,434.4981807445906,434.4981807445906,434.4981807445906,0,0,0,0,0,0,800.8560034334056,800.8560034334056,800.8560034334056,2.0168181137909382,2.0168181137909382,2.0168181137909382,0,0,0,319.4966064948441,3105.3882393983185,2171.045566507828,2171.045566507828,1725.058204837058
2024-05-23T00:00:00Z,2171.1358928000336,1430.8510885817602,1430.8510885817602,1430.8510885817602,0,0,0,0,0,0,0,0,0,0,0,0,0,0,0,0,0,0,0,0,0,0,0,0,0,0,0,0,0,0,0,0,0,0,0,0,0,0,0,609.5885271514749,609.5885271514749,609.5885271514749,0,0,0,0,0,0,806.0626646819089,806.0626646819089,806.0626646819089,15.199896748376103,15.199896748376103,15.199896748376103,0,0,0,2044.3396786615588,5021.4876727298315,2171.1358928000336,2171.1358928000336,3601.986981381794
2024-05-24T00:00:00Z,2171.2262190922393,1520.880302310344,1520.880302310344,1520.880302310344,0,0,0,0,0,0,0,0,0,0,0,0,0,0,0,0,0,0,0,0,0,0,0,0,0,0,0,0,0,0,0,0,0,0,0,0,0,0,0,693.2776891549406,693.2776891549406,693.2776891549406,0,0,0,0,0,0,800.6017513986504,800.6017513986504,800.6017513986504,27.000861756752847,27.000861756752847,27.000861756752847,0,0,0,2341.1869402415673,5144.480204870006,2171.2262190922393,2171.2262190922393,3692.106521402583
2024-05-25T00:00:00Z,2171.3165453844445,-706.6230797089212,-706.6230797089212,-706.6230797089212,0,0,0,0,0,0,0,0,0,0,0,0,0,0,0,0,0,0,0,0,0,0,0,0,0,0,0,0,0,0,0,0,0,0,0,0,0,0,0,734.3671013736459,734.3671013736459,734.3671013736459,0,0,0,0,0,0,-1478.1331127811413,-1478.1331127811413,-1478.1331127811413,37.14293169857413,37.14293169857413,37.14293169857413,0,0,0,-4.247738231071577,2943.359856540258,2171.3165453844445,2171.3165453844445,1464.6934656755234
2024-05-26T00:00:00Z,2171.40687167665,-1170.3435019685185,-1170.3435019685185,-1170.3435019685185,0,0,0,0,0,0,0,0,0,0,0,0,0,0,0,0,0,0,0,0,0,0,0,0,0,0,0,0,0,0,0,0,0,0,0,0,0,0,0,844.9034780604834,844.9034780604834,844.9034780604834,0,0,0,0,0,0,-2060.641727083601,-2060.641727083601,-2060.641727083601,45.39474705459886,45.39474705459886,45.39474705459886,0,0,0,-395.27329363829614,2442.529826978854,2171.40687167665,2171.40687167665,1001.0633697081316
2024-05-27T00:00:00Z,2171.4971979688557,2718.593454152619,2718.593454152619,2718.593454152619,0,0,0,0,0,0,1201.4993759236843,1201.4993759236843,1201.4993759236843,0,0,0,0,0,0,0,0,0,1201.4993759236843,1201.4993759236843,1201.4993759236843,0,0,0,0,0,0,0,0,0,0,0,0,0,0,0,0,0,0,1067.3686221242708,1067.3686221242708,1067.3686221242708,0,0,0,0,0,0,398.1504989793156,398.1504989793156,398.1504989793156,51.57495712534895,51.57495712534895,51.57495712534895,0,0,0,3372.4081522272586,6356.8372673597905,2171.4971979688557,2171.4971979688557,4890.090652121475
2024-05-28T00:00:00Z,2171.5875242610614,3276.303895822965,3276.303895822965,3276.303895822965,0,0,0,0,0,0,1201.4993759236843,1201.4993759236843,1201.4993759236843,0,0,0,0,0,0,0,0,0,1201.4993759236843,1201.4993759236843,1201.4993759236843,0,0,0,0,0,0,0,0,0,0,0,0,0,0,0,0,0,0,1286.1453123981203,1286.1453123981203,1286.1453123981203,0,0,0,0,0,0,733.1039213658952,733.1039213658952,733.1039213658952,55.555286135265305,55.555286135265305,55.555286135265305,0,0,0,4012.288994072239,6859.292079713634,2171.5875242610614,2171.5875242610614,5447.891420084026
2024-05-29T00:00:00Z,2171.6778505532675,3345.3219317507624,3345.3219317507624,3345.3219317507624,0,0,0,0,0,0,1201.4993759236843,1201.4993759236843,1201.4993759236843,0,0,0,0,0,0,0,0,0,1201.4993759236843,1201.4993759236843,1201.4993759236843,0,0,0,0,0,0,0,0,0,0,0,0,0,0,0,0,0,0,1285.7045098847548,1285.7045098847548,1285.7045098847548,0,0,0,0,0,0,800.8560034331923,800.8560034331923,800.8560034331923,57.26204250913122,57.26204250913122,57.26204250913122,0,0,0,4069.2073098732117,7061.092239479923,2171.6778505532675,2171.6778505532675,5516.99978230403
2024-05-30T00:00:00Z,2171.768176845473,5502.869597630124,5502.869597630124,5502.869597630124,0,0,0,0,0,0,3715.290483842817,3715.290483842817,3715.290483842817,0,0,0,2513.791107919133,2513.791107919133,2513.791107919133,0,0,0,1201.4993759236843,1201.4993759236843,1201.4993759236843,0,0,0,0,0,0,0,0,0,0,0,0,0,0,0,0,0,0,924.8403663628238,924.8403663628238,924.8403663628238,0,0,0,0,0,0,806.0626646827047,806.0626646827047,806.0626646827047,56.676082741778295,56.676082741778295,56.676082741778295,0,0,0,6288.085711536974,9156.202918462743,2171.768176845473,2171.768176845473,7674.637774475597
2024-05-31T00:00:00Z,2171.858503137679,7354.828617616793,7354.828617616793,7354.828617616793,0,0,0,0,0,0,6221.093231655167,6221.093231655167,6221.093231655167,0,0,0,0,0,0,5019.593855731483,5019.593855731483,5019.593855731483,1201.4993759236843,1201.4993759236843,1201.4993759236843,0,0,0,0,0,0,0,0,0,0,0,0,0,0,0,0,0,0,279.3023476255628,279.3023476255628,279.3023476255628,0,0,0,0,0,0,800.6017513970512,800.6017513970512,800.6017513970512,53.83128693901147,53.83128693901147,53.83128693901147,0,0,0,8080.178315900434,10945.815341999747,2171.858503137679,2171.858503137679,9526.687120754472
2024-06-01T00:00:00Z,2171.948829429884,-2425.9186515569018,-2425.9186515569018,-2425.9186515569018,0,0,0,0,0,0,-615.221000053812,-615.221000053812,-615.221000053812,0,0,0,0,0,0,0,0,0,0,0,0,0,0,0,-615.221000053812,-615.221000053812,-615.221000053812,0,0,0,0,0,0,0,0,0,0,0,0,-381.376184333574,-381.376184333574,-381.376184333574,0,0,0,0,0,0,-1478.1331127841972,-1478.1331127841972,-1478.1331127841972,48.81164561468171,48.81164561468171,48.81164561468171,0,0,0,-1736.7893630791862,1123.0347925956141,2171.948829429884,2171.948829429884,-253.96982212701778
2024-06-02T00:00:00Z,2172.0391557220896,-3549.3350659318135,-3549.3350659318135,-3549.3350659318135,0,0,0,0,0,0,-752.8897151972958,-752.8897151972958,-752.8897151972958,0,0,0,0,0,0,0,0,0,0,0,0,-752.8897151972958,-752.8897151972958,-752.8897151972958,0,0,0,0,0,0,0,0,0,0,0,0,0,0,0,-777.5507191042091,-777.5507191042091,-777.5507191042091,0,0,0,0,0,0,-2060.641727084833,-2060.641727084833,-2060.641727084833,41.74709545452464,41.74709545452464,41.74709545452464,0,0,0,-2850.4325671155625,157.8108941315634,2172.0391557220896,2172.0391557220896,-1377.2959102097238
2024-06-03T00:00:00Z,2172.1294820142953,-2709.978414081422,-2709.978414081422,-2709.978414081422,0,0,0,0,0,0,-641.1967284672644,-641.1967284672644,-641.1967284672644,-1683.3583639625576,-1683.3583639625576,-1683.3583639625576,0,0,0,0,0,0,0,0,0,0,0,0,0,0,0,-641.1967284672644,-641.1967284672644,-641.1967284672644,0,0,0,0,0,0,-1683.3583639625576,-1683.3583639625576,-1683.3583639625576,-816.3820950880995,-816.3820950880995,-816.3820950880995,0,0,0,0,0,0,398.1504989798948,398.1504989798948,398.1504989798948,32.80827445660421,32.80827445660421,32.80827445660421,0,0,0,-1999.7892136610517,847.5157467418226,2172.1294820142953,2172.1294820142953,-537.848932067127
2024-06-04T00:00:00Z,2172.219808306501,-526.0420488788897,-526.0420488788897,-526.0420488788897,0,0,0,0,0,0,-641.1967284672644,-641.1967284672644,-641.1967284672644,0,0,0,0,0,0,0,0,0,0,0,0,0,0,0,0,0,0,-641.1967284672644,-641.1967284672644,-641.1967284672644,0,0,0,0,0,0,0,0,0,-640.1496350298222,-640.1496350298222,-640.1496350298222,0,0,0,0,0,0,733.1039213652791,733.1039213652791,733.1039213652791,22.20039325291769,22.20039325291769,22.20039325291769,0,0,0,181.2061303422746,3103.4532629400264,2172.219808306501,2172.219808306501,1646.1777594276114
2024-06-05T00:00:00Z,2172.3101345987066,-321.95673644555103,-321.95673644555103,-321.95673644555103,0,0,0,0,0,0,-641.1967284672644,-641.1967284672644,-641.1967284672644,0,0,0,0,0,0,0,0,0,0,0,0,0,0,0,0,0,0,-641.1967284672644,-641.1967284672644,-641.1967284672644,0,0,0,0,0,0,0,0,0,-491.77245029698497,-491.77245029698497,-491.77245029698497,0,0,0,0,0,0,800.8560034329792,800.8560034329792,800.8560034329792,10.156438885719131,10.156438885719131,10.156438885719131,0,0,0,450.82375253256316,3330.761979902791,2172.3101345987066,2172.3101345987066,1850.3533981531555
2024-06-06T00:00:00Z,2172.4004608909127,-356.67118423388376,-356.67118423388376,-356.67118423388376,0,0,0,0,0,0,-641.1967284672644,-641.1967284672644,-641.1967284672644,0,0,0,0,0,0,0,0,0,0,0,0,0,0,0,0,0,0,-641.1967284672644,-641.1967284672644,-641.1967284672644,0,0,0,0,0,0,0,0,0,-518.4670598634167,-518.4670598634167,-518.4670598634167,0,0,0,0,0,0,806.0626646835004,806.0626646835004,806.0626646835004,-3.0700605867033817,-3.0700605867033817,-3.0700605867033817,0,0,0,468.9621035685927,3293.8455222112734,2172.4004608909127,2172.4004608909127,1815.729276657029
2024-06-07T00:00:00Z,2172.4907871831183,-536.4923511582213,-536.4923511582213,-536.4923511582213,0,0,0,0,0,0,-641.1967284672644,-641.1967284672644,-641.1967284672644,0,0,0,0,0,0,0,0,0,0,0,0,0,0,0,0,0,0,-641.1967284672644,-641.1967284672644,-641.1967284672644,0,0,0,0,0,0,0,0,0,-678.6848964190527,-678.6848964190527,-678.6848964190527,0,0,0,0,0,0,800.6017514018631,800.6017514018631,800.6017514018631,-17.212477673767275,-17.212477673767275,-17.212477673767275,0,0,0,249.4439677015903,3106.850342396839,2172.4907871831183,2172.4907871831183,1635.998436024897
2024-06-08T00:00:00Z,2172.5811134753235,-2326.1674538571424,-2326.1674538571424,-2326.1674538571424,0,0,0,0,0,0,0,0,0,0,0,0,0,0,0,0,0,0,0,0,0,0,0,0,0,0,0,0,0,0,0,0,0,0,0,0,0,0,0,-816.035837969737,-816.035837969737,-816.035837969737,0,0,0,0,0,0,-1478.1331127831436,-1478.1331127831436,-1478.1331127831436,-31.99850310426238,-31.99850310426238,-31.99850310426238,0,0,0,-1631.3125429992763,1317.194820315149,2172.5811134753235,2172.5811134753235,-153.5863403818189
2024-06-09T00:00:00Z,2172.671439767529,-2922.5974722978217,-2922.5974722978217,-2922.5974722978217,0,0,0,0,0,0,0,0,0,0,0,0,0,0,0,0,0,0,0,0,0,0,0,0,0,0,0,0,0,0,0,0,0,0,0,0,0,0,0,-814.798425813774,-814.798425813774,-814.798425813774,0,0,0,0,0,0,-2060.6417270824827,-2060.6417270824827,-2060.6417270824827,-47.1573194015645,-47.1573194015645,-47.1573194015645,0,0,0,-2195.864751795482,840.2404266614592,2172.671439767529,2172.671439767529,-749.9260325302926
2024-06-10T00:00:00Z,2172.761766059735,-355.3831928083872,-355.3831928083872,-355.3831928083872,0,0,0,0,0,0,0,0,0,0,0,0,0,0,0,0,0,0,0,0,0,0,0,0,0,0,0,0,0,0,0,0,0,0,0,0,0,0,0,-691.1073649503029,-691.1073649503029,-691.1073649503029,0,0,0,0,0,0,398.1504989816471,398.1504989816471,398.1504989816471,-62.42632683973146,-62.42632683973146,-62.42632683973146,0,0,0,405.7132159323779,3222.409798430394,2172.761766059735,2172.761766059735,1817.3785732513475
2024-06-11T00:00:00Z,2172.8520923519404,105.90098142927226,105.90098142927226,105.90098142927226,0,0,0,0,0,0,0,0,0,0,0,0,0,0,0,0,0,0,0,0,0,0,0,0,0,0,0,0,0,0,0,0,0,0,0,0,0,0,0,-549.6456992239368,-549.6456992239368,-549.6456992239368,0,0,0,0,0,0,733.1039213653078,733.1039213653078,733.1039213653078,-77.55724071209872,-77.55724071209872,-77.55724071209872,0,0,0,747.6798843688794,3738.1175661869124,2172.8520923519404,2172.8520923519404,2278.7530737812126
2024-06-12T00:00:00Z,2172.942418644146,241.41274914113896,241.41274914113896,241.41274914113896,0,0,0,0,0,0,0,0,0,0,0,0,0,0,0,0,0,0,0,0,0,0,0,0,0,0,0,0,0,0,0,0,0,0,0,0,0,0,0,-467.1218479751177,-467.1218479751177,-467.1218479751177,0,0,0,0,0,0,800.85600343379,800.85600343379,800.85600343379,-92.32140631753362,-92.32140631753362,-92.32140631753362,0,0,0,1068.982325805417,4015.677532523915,2172.942418644146,2172.942418644146,2414.355167785285
2024-06-13T00:00:00Z,2173.032744936352,275.2376537395139,275.2376537395139,275.2376537395139,0,0,0,0,0,0,0,0,0,0,0,0,0,0,0,0,0,0,0,0,0,0,0,0,0,0,0,0,0,0,0,0,0,0,0,0,0,0,0,-424.31080145614766,-424.31080145614766,-424.31080145614766,0,0,0,0,0,0,806.0626646842962,806.0626646842962,806.0626646842962,-106.51420948863478,-106.51420948863478,-106.51420948863478,0,0,0,1026.6328117714218,3878.7639441257543,2173.032744936352,2173.032744936352,2448.270398675866
2024-06-14T00:00:00Z,2173.123071228558,333.687959977745,333.687959977745,333.687959977745,0,0,0,0,0,0,0,0,0,0,0,0,0,0,0,0,0,0,0,0,0,0,0,0,0,0,0,0,0,0,0,0,0,0,0,0,0,0,0,-346.95529669171805,-346.95529669171805,-346.95529669171805,0,0,0,0,0,0,800.6017514021753,800.6017514021753,800.6017514021753,-119.95849473271242,-119.95849473271242,-119.95849473271242,0,0,0,1067.6035057663587,4029.4987507281285,2173.123071228558,2173.123071228558,2506.8110312063027
2024-06-15T00:00:00Z,2173.213397520763,-1811.8923637348328,-1811.8923637348328,-1811.8923637348328,0,0,0,0,0,0,0,0,0,0,0,0,0,0,0,0,0,0,0,0,0,0,0,0,0,0,0,0,0,0,0,0,0,0,0,0,0,0,0,-201.25231202979535,-201.25231202979535,-201.25231202979535,0,0,0,0,0,0,-1478.1331127861993,-1478.1331127861993,-1478.1331127861993,-132.50693891883782,-132.50693891883782,-132.50693891883782,0,0,0,-1009.7249326680871,1819.0843321774046,2173.213397520763,2173.213397520763,361.32103378593024
2024-06-16T00:00:00Z,2173.303724860931,-2242.7785020776296,-2242.7785020776296,-2242.7785020776296,0,0,0,0,0,0,0,0,0,0,0,0,0,0,0,0,0,0,0,0,0,0,0,0,0,0,0,0,0,0,0,0,0,0,0,0,0,0,0,-38.093410295021464,-38.093410295021464,-38.093410295021464,0,0,0,0,0,0,-2060.641727081924,-2060.641727081924,-2060.641727081924,-144.04336470068466,-144.04336470068466,-144.04336470068466,0,0,0,-1579.8550842143393,1262.6344672935886,2173.303724860931,2173.303724860931,-69.47477721669839
2024-06-17T00:00:00Z,2173.3940522011003,-2550.7857020133483,-2550.7857020133483,-2550.7857020133483,0,0,0,0,0,0,0,0,0,-2854.8919236653896,-2854.8919236653896,-2854.8919236653896,0,0,0,0,0,0,0,0,0,0,0,0,0,0,0,0,0,0,0,0,0,0,0,0,0,0,0,60.43873599137733,60.43873599137733,60.43873599137733,-2854.8919236653896,-2854.8919236653896,-2854.8919236653896,0,0,0,398.1504989833994,398.1504989833994,398.1504989833994,-154.4830133227353,-154.4830133227353,-154.4830133227353,0,0,0,-1905.501435048034,991.1158484565636,2173.3940522011003,2173.3940522011003,-377.39164981224803
2024-06-18T00:00:00Z,2173.4843795412685,-246.8589148805544,-246.8589148805544,-246.8589148805544,0,0,0,0,0,0,0,0,0,-889.6430846252604,-889.6430846252604,-889.6430846252604,0,0,0,0,0,0,0,0,0,0,0,0,0,0,0,0,0,0,0,0,0,0,0,0,0,0,0,73.4520783202003,73.4520783202003,73.4520783202003,-889.6430846252604,-889.6430846252604,-889.6430846252604,0,0,0,733.103921366227,733.103921366227,733.103921366227,-163.77182994172153,-163.77182994172153,-163.77182994172153,0,0,0,527.0568336055351,3398.3611035184717,2173.4843795412685,2173.4843795412685,1926.625464660714
2024-06-19T00:00:00Z,2173.5747068814376,694.6553094475037,694.6553094475037,694.6553094475037,0,0,0,0,0,0,0,0,0,-6.039984411555587,-6.039984411555587,-6.039984411555587,0,0,0,0,0,0,0,0,0,0,0,0,0,0,0,0,0,0,0,0,0,0,0,0,0,0,0,71.72413550429731,71.72413550429731,71.72413550429731,-6.039984411555587,-6.039984411555587,-6.039984411555587,0,0,0,800.8560034329847,800.8560034329847,800.8560034329847,-171.88484507822264,-171.88484507822264,-171.88484507822264,0,0,0,1350.7713769095035,4395.7990711869425,2173.5747068814376,2173.5747068814376,2868.230016328941
2024-06-20T00:00:00Z,2173.6650342216058,726.4598650863326,726.4598650863326,726.4598650863326,0,0,0,0,0,0,0,0,0,-50.77685507663604,-50.77685507663604,-50.77685507663604,0,0,0,0,0,0,0,0,0,0,0,0,0,0,0,0,0,0,0,0,0,0,0,0,0,0,0,149.99781781685812,149.99781781685812,149.99781781685812,-50.77685507663604,-50.77685507663604,-50.77685507663604,0,0,0,806.0626646837023,806.0626646837023,806.0626646837023,-178.82376233759203,-178.82376233759203,-178.82376233759203,0,0,0,1525.6278960158709,4414.200442679008,2173.6650342216058,2173.6650342216058,2900.1248993079384
2024-06-21T00:00:00Z,2173.7553615617744,425.5074400891111,425.5074400891111,425.5074400891111,0,0,0,0,0,0,0,0,0,-519.6189625382964,-519.6189625382964,-519.6189625382964,0,0,0,0,0,0,0,0,0,0,0,0,0,0,0,0,0,0,0,0,0,0,0,0,0,0,0,329.1385355698098,329.1385355698098,329.1385355698098,-519.6189625382964,-519.6189625382964,-519.6189625382964,0,0,0,800.6017513986645,800.6017513986645,800.6017513986645,-184.6138843410668,-184.6138843410668,-184.6138843410668,0,0,0,1042.9838030681624,3972.149487604296,2173.7553615617744,2173.7553615617744,2599.2628016508856
2024-06-22T00:00:00Z,2173.845688901943,-1581.7439423293436,-1581.7439423293436,-1581.7439423293436,0,0,0,0,0,0,0,0,0,-446.1335786105635,-446.1335786105635,-446.1335786105635,0,0,0,0,0,0,0,0,0,0,0,0,0,0,0,0,0,0,0,0,0,0,0,0,0,0,0,531.8232743508264,531.8232743508264,531.8232743508264,-446.1335786105635,-446.1335786105635,-446.1335786105635,0,0,0,-1478.1331127892556,-1478.1331127892556,-1478.1331127892556,-189.30052528035074,-189.30052528035074,-189.30052528035074,0,0,0,-778.4323364537972,1999.7858588259094,2173.845688901943,2173.845688901943,592.1017465725995
2024-06-23T00:00:00Z,2173.9360162421117,-1739.3605133300596,-1739.3605133300596,-1739.3605133300596,0,0,0,0,0,0,0,0,0,-148.26878053389868,-148.26878053389868,-148.26878053389868,0,0,0,0,0,0,0,0,0,0,0,0,0,0,0,0,0,0,0,0,0,0,0,0,0,0,0,662.4950635316897,662.4950635316897,662.4950635316897,-148.26878053389868,-148.26878053389868,-148.26878053389868,0,0,0,-2060.64172708669,-2060.64172708669,-2060.64172708669,-192.94506924116044,-192.94506924116044,-192.94506924116044,0,0,0,-836.7726605647003,1807.3282751733063,2173.9360162421117,2173.9360162421117,434.5755029120521
2024-06-24T00:00:00Z,2174.0263435822803,634.2577770767717,634.2577770767717,634.2577770767717,0,0,0,0,0,0,0,0,0,-280.49194230438866,-280.49194230438866,-280.49194230438866,0,0,0,0,0,0,0,0,0,0,0,0,0,0,0,0,0,0,0,0,0,0,0,0,0,0,0,712.2200586276832,712.2200586276832,712.2200586276832,-280.49194230438866,-280.49194230438866,-280.49194230438866,0,0,0,398.15049898515184,398.15049898515184,398.15049898515184,-195.6208382316745,-195.6208382316745,-195.6208382316745,0,0,0,1344.4803816898623,4325.984457549275,2174.0263435822803,2174.0263435822803,2808.284120659052
2024-06-25T00:00:00Z,2174.1166709224485,1310.7535438316759,1310.7535438316759,1310.7535438316759,0,0,0,0,0,0,0,0,0,0,0,0,0,0,0,0,0,0,0,0,0,0,0,0,0,0,0,0,0,0,0,0,0,0,0,0,0,0,0,775.0585551644309,775.0585551644309,775.0585551644309,0,0,0,0,0,0,733.1039213659336,733.1039213659336,733.1039213659336,-197.40893269868903,-197.40893269868903,-197.40893269868903,0,0,0,1959.9952674160938,4922.792014612332,2174.1166709224485,2174.1166709224485,3484.8702147541244
2024-06-26T00:00:00Z,2174.206998262617,2749.4971851297496,2749.4971851297496,2749.4971851297496,0,0,0,0,0,0,1201.4993759236843,1201.4993759236843,1201.4993759236843,0,0,0,0,0,0,0,0,0,1201.4993759236843,1201.4993759236843,1201.4993759236843,0,0,0,0,0,0,0,0,0,0,0,0,0,0,0,0,0,0,945.536006191719,945.536006191719,945.536006191719,0,0,0,0,0,0,800.8560034333638,800.8560034333638,800.8560034333638,-198.39420041901715,-198.39420041901715,-198.39420041901715,0,0,0,3487.1643387151043,6416.627604537527,2174.206998262617,2174.206998262617,4923.704183392367
2024-06-27T00:00:00Z,2174.297325602786,2999.0106398970897,2999.0106398970897,2999.0106398970897,0,0,0,0,0,0,1201.4993759236843,1201.4993759236843,1201.4993759236843,0,0,0,0,0,0,0,0,0,1201.4993759236843,1201.4993759236843,1201.4993759236843,0,0,0,0,0,0,0,0,0,0,0,0,0,0,0,0,0,0,1190.1100767084085,1190.1100767084085,1190.1100767084085,0,0,0,0,0,0,806.062664684498,806.062664684498,806.062664684498,-198.6614774194999,-198.6614774194999,-198.6614774194999,0,0,0,3780.488483758445,6600.133843792377,2174.297325602786,2174.297325602786,5173.3079654998755
2024-06-28T00:00:00Z,2174.3876529429544,3129.957727103702,3129.957727103702,3129.957727103702,0,0,0,0,0,0,1201.4993759236843,1201.4993759236843,1201.4993759236843,0,0,0,0,0,0,0,0,0,1201.4993759236843,1201.4993759236843,1201.4993759236843,0,0,0,0,0,0,0,0,0,0,0,0,0,0,0,0,0,0,1326.1488273481311,1326.1488273481311,1326.1488273481311,0,0,0,0,0,0,800.6017513989768,800.6017513989768,800.6017513989768,-198.2922275670906,-198.2922275670906,-198.2922275670906,0,0,0,3838.0319750272706,6672.380542373499,2174.3876529429544,2174.3876529429544,5304.345380046656
2024-06-29T00:00:00Z,2174.4779802831226,3191.185717362137,3191.185717362137,3191.185717362137,0,0,0,0,0,0,3715.290483842817,3715.290483842817,3715.290483842817,0,0,0,2513.791107919133,2513.791107919133,2513.791107919133,0,0,0,1201.4993759236843,1201.4993759236843,1201.4993759236843,0,0,0,0,0,0,0,0,0,0,0,0,0,0,0,0,0,0,1151.3900327244323,1151.3900327244323,1151.3900327244323,0,0,0,0,0,0,-1478.133112782167,-1478.133112782167,-1478.133112782167,-197.36168642294564,-197.36168642294564,-197.36168642294564,0,0,0,3875.521479249044,6799.035636533563,2174.4779802831226,2174.4779802831226,5365.663697645259
2024-06-30T00:00:00Z,2174.5683076232917,4588.24404496698,4588.24404496698,4588.24404496698,0,0,0,0,0,0,6221.093231655167,6221.093231655167,6221.093231655167,0,0,0,0,0,0,5019.593855731483,5019.593855731483,5019.593855731483,1201.4993759236843,1201.4993759236843,1201.4993759236843,0,0,0,0,0,0,0,0,0,0,0,0,0,0,0,0,0,0,623.7291310996204,623.7291310996204,623.7291310996204,0,0,0,0,0,0,-2060.6417270861307,-2060.6417270861307,-2060.6417270861307,-195.9365907016768,-195.9365907016768,-195.9365907016768,0,0,0,5325.966477893923,8094.231646729467,2174.5683076232917,2174.5683076232917,6762.812352590272
2024-07-01T00:00:00Z,2174.65863496346,-480.24289696597,-480.24289696597,-480.24289696597,0,0,0,0,0,0,-615.221000053812,-615.221000053812,-615.221000053812,0,0,0,0,0,0,0,0,0,0,0,0,0,0,0,-615.221000053812,-615.221000053812,-615.221000053812,0,0,0,0,0,0,0,0,0,0,0,0,-69.09884770276193,-69.09884770276193,-69.09884770276193,0,0,0,0,0,0,398.150498985731,398.150498985731,398.150498985731,-194.07354819512716,-194.07354819512716,-194.07354819512716,0,0,0,223.91465967410224,3146.3439096818174,2174.65863496346,2174.65863496346,1694.41573799749
2024-07-02T00:00:00Z,2174.748962303629,-835.8759213773961,-835.8759213773961,-835.8759213773961,0,0,0,0,0,0,-752.8897151972958,-752.8897151972958,-752.8897151972958,0,0,0,0,0,0,0,0,0,0,0,0,-752.8897151972958,-752.8897151972958,-752.8897151972958,0,0,0,0,0,0,0,0,0,0,0,0,0,0,0,-624.2720522548804,-624.2720522548804,-624.2720522548804,0,0,0,0,0,0,733.1039213656401,733.1039213656401,733.1039213656401,-191.8180752908601,-191.8180752908601,-191.8180752908601,0,0,0,-59.097571386517686,2765.2071798446673,2174.748962303629,2174.748962303629,1338.873040926233
2024-07-03T00:00:00Z,2174.839289643797,-866.9515897522492,-866.9515897522492,-866.9515897522492,0,0,0,0,0,0,-641.1967284672644,-641.1967284672644,-641.1967284672644,0,0,0,0,0,0,0,0,0,0,0,0,0,0,0,0,0,0,-641.1967284672644,-641.1967284672644,-641.1967284672644,0,0,0,0,0,0,0,0,0,-837.4065634153668,-837.4065634153668,-837.4065634153668,0,0,0,0,0,0,800.8560034337424,800.8560034337424,800.8560034337424,-189.20430130336035,-189.20430130336035,-189.20430130336035,0,0,0,-151.624805253488,2810.5221292163974,2174.839289643797,2174.839289643797,1307.887699891548
2024-07-04T00:00:00Z,2174.9296169839654,-761.2720162731952,-761.2720162731952,-761.2720162731952,0,0,0,0,0,0,-641.1967284672644,-641.1967284672644,-641.1967284672644,0,0,0,0,0,0,0,0,0,0,0,0,0,0,0,0,0,0,-641.1967284672644,-641.1967284672644,-641.1967284672644,0,0,0,0,0,0,0,0,0,-739.8826407435773,-739.8826407435773,-739.8826407435773,0,0,0,0,0,0,806.0626646826536,806.0626646826536,806.0626646826536,-186.25531174500685,-186.25531174500685,-186.25531174500685,0,0,0,-161.8924746577694,2761.3742770104877,2174.9296169839654,2174.9296169839654,1413.65760071077
2024-07-05T00:00:00Z,2175.0199443241345,-572.693932642666,-572.693932642666,-572.693932642666,0,0,0,0,0,0,-641.1967284672644,-641.1967284672644,-641.1967284672644,0,0,0,0,0,0,0,0,0,0,0,0,0,0,0,0,0,0,-641.1967284672644,-641.1967284672644,-641.1967284672644,0,0,0,0,0,0,0,0,0,-549.1148781826358,-549.1148781826358,-549.1148781826358,0,0,0,0,0,0,800.6017513973777,800.6017513973777,800.6017513973777,-182.98407739014337,-182.98407739014337,-182.98407739014337,0,0,0,85.69382906566743,2915.9639977308366,2175.0199443241345,2175.0199443241345,1602.3260116814686
2024-07-06T00:00:00Z,2175.1102716643027,-2780.2526485594985,-2780.2526485594985,-2780.2526485594985,0,0,0,0,0,0,-641.1967284672644,-641.1967284672644,-641.1967284672644,0,0,0,0,0,0,0,0,0,0,0,0,0,0,0,0,0,0,-641.1967284672644,-641.1967284672644,-641.1967284672644,0,0,0,0,0,0,0,0,0,-481.52791387544556,-481.52791387544556,-481.52791387544556,0,0,0,0,0,0,-1478.1331127831681,-1478.1331127831681,-1478.1331127831681,-179.39489343362075,-179.39489343362075,-179.39489343362075,0,0,0,-2124.859832795438,867.1790654244464,2175.1102716643027,2175.1102716643027,-605.1423768951959
2024-07-07T00:00:00Z,2175.2005990044718,-5151.444304356173,-5151.444304356173,-5151.444304356173,0,0,0,0,0,0,-641.1967284672644,-641.1967284672644,-641.1967284672644,-1683.3583639625576,-1683.3583639625576,-1683.3583639625576,0,0,0,0,0,0,0,0,0,0,0,0,0,0,0,-641.1967284672644,-641.1967284672644,-641.1967284672644,0,0,0,0,0,0,-1683.3583639625576,-1683.3583639625576,-1683.3583639625576,-590.7622508508657,-590.7622508508657,-590.7622508508657,0,0,0,0,0,0,-2060.64172708378,-2060.64172708378,-2060.64172708378,-175.48523399170543,-175.48523399170543,-175.48523399170543,0,0,0,-4315.319443627406,-1494.6122072345645,2175.2005990044718,2175.2005990044718,-2976.2437053517015
2024-07-08T00:00:00Z,2175.29092634464,-2216.5570802932675,-2216.5570802932675,-2216.5570802932675,0,0,0,0,0,0,0,0,0,-1683.3583639625576,-1683.3583639625576,-1683.3583639625576,0,0,0,0,0,0,0,0,0,0,0,0,0,0,0,0,0,0,0,0,0,0,0,0,-1683.3583639625576,-1683.3583639625576,-1683.3583639625576,-760.1013029937568,-760.1013029937568,-760.1013029937568,0,0,0,0,0,0,398.1504989886564,398.1504989886564,398.1504989886564,-171.2479123256098,-171.2479123256098,-171.2479123256098,0,0,0,-1417.670054929702,1465.0585461111268,2175.29092634464,2175.29092634464,-41.26615394862756
2024-07-09T00:00:00Z,2175.3812536848086,-268.52146358619507,-268.52146358619507,-268.52146358619507,0,0,0,0,0,0,0,0,0,0,0,0,0,0,0,0,0,0,0,0,0,0,0,0,0,0,0,0,0,0,0,0,0,0,0,0,0,0,0,-834.9519579989112,-834.9519579989112,-834.9519579989112,0,0,0,0,0,0,733.1039213668818,733.1039213668818,733.1039213668818,-166.67342695416556,-166.67342695416556,-166.67342695416556,0,0,0,282.7992379711492,3378.658352560485,2175.3812536848086,2175.3812536848086,1906.8597900986135
2024-07-10T00:00:00Z,2175.4715810249772,-123.37955336335718,-123.37955336335718,-123.37955336335718,0,0,0,0,0,0,0,0,0,0,0,0,0,0,0,0,0,0,0,0,0,0,0,0,0,0,0,0,0,0,0,0,0,0,0,0,0,0,0,-762.4831881813327,-762.4831881813327,-762.4831881813327,0,0,0,0,0,0,800.856003432937,800.856003432937,800.856003432937,-161.7523686149612,-161.7523686149612,-161.7523686149612,0,0,0,509.80134681935084,3609.0316963489795,2175.4715810249772,2175.4715810249772,2052.0920276616203
2024-07-11T00:00:00Z,2175.561908365146,33.740701314995356,33.740701314995356,33.740701314995356,0,0,0,0,0,0,0,0,0,0,0,0,0,0,0,0,0,0,0,0,0,0,0,0,0,0,0,0,0,0,0,0,0,0,0,0,0,0,0,-615.8442004080982,-615.8442004080982,-615.8442004080982,0,0,0,0,0,0,806.0626646834492,806.0626646834492,806.0626646834492,-156.47776296035542,-156.47776296035542,-156.47776296035542,0,0,0,634.9535897425621,3676.9107017248225,2175.561908365146,2175.561908365146,2209.3026096801414
2024-07-12T00:00:00Z,2175.6522357053145,149.81869409220224,149.81869409220224,149.81869409220224,0,0,0,0,0,0,0,0,0,0,0,0,0,0,0,0,0,0,0,0,0,0,0,0,0,0,0,0,0,0,0,0,0,0,0,0,0,0,0,-499.9358284123467,-499.9358284123467,-499.9358284123467,0,0,0,0,0,0,800.6017513957784,800.6017513957784,800.6017513957784,-150.84722889122963,-150.84722889122963,-150.84722889122963,0,0,0,884.4060074121718,3803.530953065959,2175.6522357053145,2175.6522357053145,2325.470929797517
2024-07-13T00:00:00Z,2175.742563045483,-2068.2193530270106,-2068.2193530270106,-2068.2193530270106,0,0,0,0,0,0,0,0,0,0,0,0,0,0,0,0,0,0,0,0,0,0,0,0,0,0,0,0,0,0,0,0,0,0,0,0,0,0,0,-445.2213979309921,-445.2213979309921,-445.2213979309921,0,0,0,0,0,0,-1478.133112784169,-1478.133112784169,-1478.133112784169,-144.8648423118497,-144.8648423118497,-144.8648423118497,0,0,0,-1418.8135883376845,1595.6858740004393,2175.742563045483,2175.742563045483,107.52321001847258
2024-07-14T00:00:00Z,2175.8328903856514,-2593.1938136999183,-2593.1938136999183,-2593.1938136999183,0,0,0,0,0,0,0,0,0,0,0,0,0,0,0,0,0,0,0,0,0,0,0,0,0,0,0,0,0,0,0,0,0,0,0,0,0,0,0,-394.00947720241027,-394.00947720241027,-394.00947720241027,0,0,0,0,0,0,-2060.641727081429,-2060.641727081429,-2060.641727081429,-138.5426094160792,-138.5426094160792,-138.5426094160792,0,0,0,-1860.7864790257854,1145.001228481564,2175.8328903856514,2175.8328903856514,-417.360923314267
2024-07-15T00:00:00Z,2175.92321772582,-15.011572744866637,-15.011572744866637,-15.011572744866637,0,0,0,0,0,0,0,0,0,0,0,0,0,0,0,0,0,0,0,0,0,0,0,0,0,0,0,0,0,0,0,0,0,0,0,0,0,0,0,-281.2605999040375,-281.2605999040375,-281.2605999040375,0,0,0,0,0,0,398.1504989810556,398.1504989810556,398.1504989810556,-131.90147182188466,-131.90147182188466,-131.90147182188466,0,0,0,598.742344871576,3601.6027436281292,2175.92321772582,2175.92321772582,2160.9116449809535
2024-07-16T00:00:00Z,2176.0135450659886,491.8310067234149,491.8310067234149,491.8310067234149,0,0,0,0,0,0,0,0,0,0,0,0,0,0,0,0,0,0,0,0,0,0,0,0,0,0,0,0,0,0,0,0,0,0,0,0,0,0,0,-116.30112739209567,-116.30112739209567,-116.30112739209567,0,0,0,0,0,0,733.1039213665882,733.1039213665882,733.1039213665882,-124.97178725107769,-124.97178725107769,-124.97178725107769,0,0,0,1219.501469701479,4077.7165470362947,2176.0135450659886,2176.0135450659886,2667.8445517894033
2024-07-17T00:00:00Z,2176.1038724061573,705.9192761534721,705.9192761534721,705.9192761534721,0,0,0,0,0,0,0,0,0,0,0,0,0,0,0,0,0,0,0,0,0,0,0,0,0,0,0,0,0,0,0,0,0,0,0,0,0,0,0,22.85652588233905,22.85652588233905,22.85652588233905,0,0,0,0,0,0,800.856003433316,800.856003433316,800.856003433316,-117.79325316218295,-117.79325316218295,-117.79325316218295,0,0,0,1376.2484326713673,4333.979469660802,2176.1038724061573,2176.1038724061573,2882.0231485596296
2024-07-18T00:00:00Z,2176.194199746326,770.6265289497111,770.6265289497111,770.6265289497111,0,0,0,0,0,0,0,0,0,0,0,0,0,0,0,0,0,0,0,0,0,0,0,0,0,0,0,0,0,0,0,0,0,0,0,0,0,0,0,74.9781301573746,74.9781301573746,74.9781301573746,0,0,0,0,0,0,806.0626646828554,806.0626646828554,806.0626646828554,-110.41426589051886,-110.41426589051886,-110.41426589051886,0,0,0,1472.390978979849,4534.3291213415805,2176.194199746326,2176.194199746326,2946.820728696037
2024-07-19T00:00:00Z,2176.284527086494,765.5048620021877,765.5048620021877,765.5048620021877,0,0,0,0,0,0,0,0,0,0,0,0,0,0,0,0,0,0,0,0,0,0,0,0,0,0,0,0,0,0,0,0,0,0,0,0,0,0,0,67.79384405256577,67.79384405256577,67.79384405256577,0,0,0,0,0,0,800.601751394179,800.601751394179,800.601751394179,-102.89073344455713,-102.89073344455713,-102.89073344455713,0,0,0,1536.652133390611,4370.287660231915,2176.284527086494,2176.284527086494,2941.7893890886817
2024-07-20T00:00:00Z,2176.374854426663,-1476.437778882176,-1476.437778882176,-1476.437778882176,0,0,0,0,0,0,0,0,0,0,0,0,0,0,0,0,0,0,0,0,0,0,0,0,0,0,0,0,0,0,0,0,0,0,0,0,0,0,0,96.97971907495946,96.97971907495946,96.97971907495946,0,0,0,0,0,0,-1478.1331127791354,-1478.1331127791354,-1478.1331127791354,-95.28438517799995,-95.28438517799995,-95.28438517799995,0,0,0,-779.7954799376174,2164.2552163723367,2176.374854426663,2176.374854426663,699.9370755444872
2024-07-21T00:00:00Z,2176.4651817668314,-1918.2907912048129,-1918.2907912048129,-1918.2907912048129,0,0,0,0,0,0,0,0,0,0,0,0,0,0,0,0,0,0,0,0,0,0,0,0,0,0,0,0,0,0,0,0,0,0,0,0,0,0,0,230.01158099541306,230.01158099541306,230.01158099541306,0,0,0,0,0,0,-2060.6417270826614,-2060.6417270826614,-2060.6417270826614,-87.66064511756461,-87.66064511756461,-87.66064511756461,0,0,0,-1343.0479158708172,1620.4632151050873,2176.4651817668314,2176.4651817668314,258.1743905620185
2024-07-22T00:00:00Z,2176.555509107,752.5625228657773,752.5625228657773,752.5625228657773,0,0,0,0,0,0,0,0,0,0,0,0,0,0,0,0,0,0,0,0,0,0,0,0,0,0,0,0,0,0,0,0,0,0,0,0,0,0,0,434.49818074442805,434.49818074442805,434.49818074442805,0,0,0,0,0,0,398.1504989828078,398.1504989828078,398.1504989828078,-80.08615686145849,-80.08615686145849,-80.08615686145849,0,0,0,1571.4457417589376,4271.0644026832515,2176.555509107,2176.555509107,2929.1180319727773
2024-07-23T00:00:00Z,2176.6458364471687,1270.0663826883656,1270.0663826883656,1270.0663826883656,0,0,0,0,0,0,0,0,0,0,0,0,0,0,0,0,0,0,0,0,0,0,0,0,0,0,0,0,0,0,0,0,0,0,0,0,0,0,0,609.5885271514205,609.5885271514205,609.5885271514205,0,0,0,0,0,0,733.1039213662942,733.1039213662942,733.1039213662942,-72.62606582934941,-72.62606582934941,-72.62606582934941,0,0,0,1978.912770908437,4904.406761933869,2176.6458364471687,2176.6458364471687,3446.7122191355343
2024-07-24T00:00:00Z,2176.736163787337,1428.7925140819495,1428.7925140819495,1428.7925140819495,0,0,0,0,0,0,0,0,0,0,0,0,0,0,0,0,0,0,0,0,0,0,0,0,0,0,0,0,0,0,0,0,0,0,0,0,0,0,0,693.2776891551075,693.2776891551075,693.2776891551075,0,0,0,0,0,0,800.8560034331027,800.8560034331027,800.8560034331027,-65.34117850626032,-65.34117850626032,-65.34117850626032,0,0,0,2144.79589961795,4978.425433118418,2176.736163787337,2176.736163787337,3605.528677869286
2024-07-25T00:00:00Z,2176.826491127506,1482.1446384462415,1482.1446384462415,1482.1446384462415,0,0,0,0,0,0,0,0,0,0,0,0,0,0,0,0,0,0,0,0,0,0,0,0,0,0,0,0,0,0,0,0,0,0,0,0,0,0,0,734.3671013734157,734.3671013734157,734.3671013734157,0,0,0,0,0,0,806.0626646850407,806.0626646850407,806.0626646850407,-58.28512761221508,-58.28512761221508,-58.28512761221508,0,0,0,2176.4630929426185,5101.569286701001,2176.826491127506,2176.826491127506,3658.9711295737475
2024-07-26T00:00:00Z,2176.916818467674,1594.0035530748507,1594.0035530748507,1594.0035530748507,0,0,0,0,0,0,0,0,0,0,0,0,0,0,0,0,0,0,0,0,0,0,0,0,0,0,0,0,0,0,0,0,0,0,0,0,0,0,0,844.903478060204,844.903478060204,844.903478060204,0,0,0,0,0,0,800.6017514009028,800.6017514009028,800.6017514009028,-51.50167638625608,-51.50167638625608,-51.50167638625608,0,0,0,2370.167681321646,5135.223990006141,2176.916818467674,2176.916818467674,3770.9203715425247
2024-07-27T00:00:00Z,2177.007145807843,745.7125910853443,745.7125910853443,745.7125910853443,0,0,0,0,0,0,1201.4993759236843,1201.4993759236843,1201.4993759236843,0,0,0,0,0,0,0,0,0,1201.4993759236843,1201.4993759236843,1201.4993759236843,0,0,0,0,0,0,0,0,0,0,0,0,0,0,0,0,0,0,1067.368622124254,1067.368622124254,1067.368622124254,0,0,0,0,0,0,-1478.1331127780813,-1478.1331127780813,-1478.1331127780813,-45.02229418451248,-45.02229418451248,-45.02229418451248,0,0,0,1476.3789109391284,4483.261350927417,2177.007145807843,2177.007145807843,2922.719736893187
2024-07-28T00:00:00Z,2177.0974731480114,388.13883196977,388.13883196977,388.13883196977,0,0,0,0,0,0,1201.4993759236843,1201.4993759236843,1201.4993759236843,0,0,0,0,0,0,0,0,0,1201.4993759236843,1201.4993759236843,1201.4993759236843,0,0,0,0,0,0,0,0,0,0,0,0,0,0,0,0,0,0,1286.1453123974989,1286.1453123974989,1286.1453123974989,0,0,0,0,0,0,-2060.641727080311,-2060.641727080311,-2060.641727080311,-38.86412927110245,-38.86412927110245,-38.86412927110245,0,0,0,1138.4325918306092,4031.629554963297,2177.0974731480114,2177.0974731480114,2565.2363051177813
2024-07-29T00:00:00Z,2177.18780048818,2852.3258916260843,2852.3258916260843,2852.3258916260843,0,0,0,0,0,0,1201.4993759236843,1201.4993759236843,1201.4993759236843,0,0,0,0,0,0,0,0,0,1201.4993759236843,1201.4993759236843,1201.4993759236843,0,0,0,0,0,0,0,0,0,0,0,0,0,0,0,0,0,0,1285.7045098850017,1285.7045098850017,1285.7045098850017,0,0,0,0,0,0,398.1504989845604,398.1504989845604,398.1504989845604,-33.02849316716233,-33.02849316716233,-33.02849316716233,0,0,0,3596.1120431212544,6490.426743976652,2177.18780048818,2177.18780048818,5029.513692114264
2024-07-30T00:00:00Z,2177.2781278283487,5345.734817024291,5345.734817024291,5345.734817024291,0,0,0,0,0,0,3715.290483842817,3715.290483842817,3715.290483842817,0,0,0,2513.791107919133,2513.791107919133,2513.791107919133,0,0,0,1201.4993759236843,1201.4993759236843,1201.4993759236843,0,0,0,0,0,0,0,0,0,0,0,0,0,0,0,0,0,0,924.8403663626526,924.8403663626526,924.8403663626526,0,0,0,0,0,0,733.1039213660008,733.1039213660008,733.1039213660008,-27.49995454717919,-27.49995454717919,-27.49995454717919,0,0,0,5958.797159753675,8804.677859808371,2177.2781278283487,2177.2781278283487,7523.01294485264
2024-07-31T00:00:00Z,2177.3684551685174,7279.005462792181,7279.005462792181,7279.005462792181,0,0,0,0,0,0,6221.093231655167,6221.093231655167,6221.093231655167,0,0,0,0,0,0,5019.593855731483,5019.593855731483,5019.593855731483,1201.4993759236843,1201.4993759236843,1201.4993759236843,0,0,0,0,0,0,0,0,0,0,0,0,0,0,0,0,0,0,279.30234762420736,279.30234762420736,279.30234762420736,0,0,0,0,0,0,800.8560034333216,800.8560034333216,800.8560034333216,-22.24611992051501,-22.24611992051501,-22.24611992051501,0,0,0,8007.860059601578,10916.341666823115,2177.3684551685174,2177.3684551685174,9456.373917960698
2024-08-01T00:00:00Z,2177.4587825086855,-207.75267360203594,-207.75267360203594,-207.75267360203594,0,0,0,0,0,0,-615.221000053812,-615.221000053812,-615.221000053812,0,0,0,0,0,0,0,0,0,0,0,0,0,0,0,-615.221000053812,-615.221000053812,-615.221000053812,0,0,0,0,0,0,0,0,0,0,0,0,-381.3761843334755,-381.3761843334755,-381.3761843334755,0,0,0,0,0,0,806.0626646844466,806.0626646844466,806.0626646844466,-17.218153899195368,-17.218153899195368,-17.218153899195368,0,0,0,591.623191175997,3467.484702470263,2177.4587825086855,2177.4587825086855,1969.7061089066497
2024-08-02T00:00:00Z,2177.5491098488546,-742.190747422683,-742.190747422683,-742.190747422683,0,0,0,0,0,0,-752.8897151972958,-752.8897151972958,-752.8897151972958,0,0,0,0,0,0,0,0,0,0,0,0,-752.8897151972958,-752.8897151972958,-752.8897151972958,0,0,0,0,0,0,0,0,0,0,0,0,0,0,0,-777.5507191041934,-777.5507191041934,-777.5507191041934,0,0,0,0,0,0,800.6017513993035,800.6017513993035,800.6017513993035,-12.352064520497274,-12.352064520497274,-12.352064520497274,0,0,0,14.642504349219582,2839.7487765361425,2177.5491098488546,2177.5491098488546,1435.3583624261717
2024-08-03T00:00:00Z,2177.639437189023,-2943.282686162192,-2943.282686162192,-2943.282686162192,0,0,0,0,0,0,-641.1967284672644,-641.1967284672644,-641.1967284672644,0,0,0,0,0,0,0,0,0,0,0,0,0,0,0,0,0,0,-641.1967284672644,-641.1967284672644,-641.1967284672644,0,0,0,0,0,0,0,0,0,-816.3820950883483,-816.3820950883483,-816.3820950883483,0,0,0,0,0,0,-1478.1331127811372,-1478.1331127811372,-1478.1331127811372,-7.570749825442183,-7.570749825442183,-7.570749825442183,0,0,0,-2263.36346421522,825.8993207196272,2177.639437189023,2177.639437189023,-765.6432489731692
2024-08-04T00:00:00Z,2177.729764529191,-3344.7748622653753,-3344.7748622653753,-3344.7748622653753,0,0,0,0,0,0,-641.1967284672644,-641.1967284672644,-641.1967284672644,0,0,0,0,0,0,0,0,0,0,0,0,0,0,0,0,0,0,-641.1967284672644,-641.1967284672644,-641.1967284672644,0,0,0,0,0,0,0,0,0,-640.1496350297655,-640.1496350297655,-640.1496350297655,0,0,0,0,0,0,-2060.6417270797515,-2060.6417270797515,-2060.6417270797515,-2.786771688594467,-2.786771688594467,-2.786771688594467,0,0,0,-2653.421417703257,320.74908658295254,2177.729764529191,2177.729764529191,-1167.0450977361843
2024-08-05T00:00:00Z,2177.820092217093,-732.7244726214296,-732.7244726214296,-732.7244726214296,0,0,0,0,0,0,-641.1967284672644,-641.1967284672644,-641.1967284672644,0,0,0,0,0,0,0,0,0,0,0,0,0,0,0,0,0,0,-641.1967284672644,-641.1967284672644,-641.1967284672644,0,0,0,0,0,0,0,0,0,-491.7724502968828,-491.7724502968828,-491.7724502968828,0,0,0,0,0,0,398.15049898631247,398.15049898631247,398.15049898631247,2.094207156405134,2.094207156405134,2.094207156405134,0,0,0,33.94003747344906,2793.9240290203707,2177.820092217093,2177.820092217093,1445.0956195956635
2024-08-06T00:00:00Z,2177.9104199049953,-419.39045120081107,-419.39045120081107,-419.39045120081107,0,0,0,0,0,0,-641.1967284672644,-641.1967284672644,-641.1967284672644,0,0,0,0,0,0,0,0,0,0,0,0,0,0,0,0,0,0,-641.1967284672644,-641.1967284672644,-641.1967284672644,0,0,0,0,0,0,0,0,0,-518.4670598624828,-518.4670598624828,-518.4670598624828,0,0,0,0,0,0,733.1039213660297,733.1039213660297,733.1039213660297,7.169415762906794,7.169415762906794,7.169415762906794,0,0,0,315.9328532093223,3251.908039549187,2177.9104199049953,2177.9104199049953,1758.519968704184
2024-08-07T00:00:00Z,2178.000747592898,-506.4911048050038,-506.4911048050038,-506.4911048050038,0,0,0,0,0,0,-641.1967284672644,-641.1967284672644,-641.1967284672644,0,0,0,0,0,0,0,0,0,0,0,0,0,0,0,0,0,0,-641.1967284672644,-641.1967284672644,-641.1967284672644,0,0,0,0,0,0,0,0,0,-678.6848964191466,-678.6848964191466,-678.6848964191466,0,0,0,0,0,0,800.856003433108,800.856003433108,800.856003433108,12.534516648299093,12.534516648299093,12.534516648299093,0,0,0,238.82882913915864,3092.1106062409576,2178.000747592898,2178.000747592898,1671.509642787894
2024-08-08T00:00:00Z,2178.0910752808,8.305665734778934,8.305665734778934,8.305665734778934,0,0,0,0,0,0,0,0,0,0,0,0,0,0,0,0,0,0,0,0,0,0,0,0,0,0,0,0,0,0,0,0,0,0,0,0,0,0,0,-816.0358379698442,-816.0358379698442,-816.0358379698442,0,0,0,0,0,0,806.0626646838532,806.0626646838532,806.0626646838532,18.27883902077033,18.27883902077033,18.27883902077033,0,0,0,647.6773711225147,3712.4700340724644,2178.0910752808,2178.0910752808,2186.3967410155788
2024-08-09T00:00:00Z,2178.181402968702,10.283790552838703,10.283790552838703,10.283790552838703,0,0,0,0,0,0,0,0,0,0,0,0,0,0,0,0,0,0,0,0,0,0,0,0,0,0,0,0,0,0,0,0,0,0,0,0,0,0,0,-814.7984258135444,-814.7984258135444,-814.7984258135444,0,0,0,0,0,0,800.6017513977041,800.6017513977041,800.6017513977041,24.480464968679026,24.480464968679026,24.480464968679026,0,0,0,738.8293505249608,3639.8654343502326,2178.181402968702,2178.181402968702,2188.4651935215406
2024-08-10T00:00:00Z,2178.271730656604,-2138.039133870394,-2138.039133870394,-2138.039133870394,0,0,0,0,0,0,0,0,0,0,0,0,0,0,0,0,0,0,0,0,0,0,0,0,0,0,0,0,0,0,0,0,0,0,0,0,0,0,0,-691.1073649493206,-691.1073649493206,-691.1073649493206,0,0,0,0,0,0,-1478.1331127821386,-1478.1331127821386,-1478.1331127821386,31.201343861065858,31.201343861065858,31.201343861065858,0,0,0,-1226.0597191784889,1373.1384354359311,2178.271730656604,2178.271730656604,40.23259678621025
2024-08-11T00:00:00Z,2178.362058344506,-2571.804807979192,-2571.804807979192,-2571.804807979192,0,0,0,0,0,0,0,0,0,0,0,0,0,0,0,0,0,0,0,0,0,0,0,0,0,0,0,0,0,0,0,0,0,0,0,0,0,0,0,-549.6456992232073,-549.6456992232073,-549.6456992232073,0,0,0,0,0,0,-2060.6417270845186,-2060.6417270845186,-2060.6417270845186,38.48261832853321,38.48261832853321,38.48261832853321,0,0,0,-1903.1021392293105,997.7396598478706,2178.362058344506,2178.362058344506,-393.44274963468615
2024-08-12T00:00:00Z,2178.452386032408,-22.631001845759233,-22.631001845759233,-22.631001845759233,0,0,0,0,0,0,0,0,0,0,0,0,0,0,0,0,0,0,0,0,0,0,0,0,0,0,0,0,0,0,0,0,0,0,0,0,0,0,0,-467.1218479745467,-467.1218479745467,-467.1218479745467,0,0,0,0,0,0,398.15049897871177,398.15049897871177,398.15049897871177,46.34034715007584,46.34034715007584,46.34034715007584,0,0,0,755.0965172817666,3601.7147011044917,2178.452386032408,2178.452386032408,2155.8213841866486
2024-08-13T00:00:00Z,2178.54271372031,363.554925783006,363.554925783006,363.554925783006,0,0,0,0,0,0,0,0,0,0,0,0,0,0,0,0,0,0,0,0,0,0,0,0,0,0,0,0,0,0,0,0,0,0,0,0,0,0,0,-424.31080145588095,-424.31080145588095,-424.31080145588095,0,0,0,0,0,0,733.1039213654135,733.1039213654135,733.1039213654135,54.76180587347326,54.76180587347326,54.76180587347326,0,0,0,1156.4759495670578,4021.4667359929103,2178.54271372031,2178.54271372031,2542.0976395033163
2024-08-14T00:00:00Z,2178.633041408212,517.6032417616212,517.6032417616212,517.6032417616212,0,0,0,0,0,0,0,0,0,0,0,0,0,0,0,0,0,0,0,0,0,0,0,0,0,0,0,0,0,0,0,0,0,0,0,0,0,0,0,-346.95529669173106,-346.95529669173106,-346.95529669173106,0,0,0,0,0,0,800.8560034334873,800.8560034334873,800.8560034334873,63.70253501986499,63.70253501986499,63.70253501986499,0,0,0,1098.4462423413433,4163.228249458796,2178.633041408212,2178.633041408212,2696.2362831698333
2024-08-15T00:00:00Z,2178.7233690961143,677.8946410546531,677.8946410546531,677.8946410546531,0,0,0,0,0,0,0,0,0,0,0,0,0,0,0,0,0,0,0,0,0,0,0,0,0,0,0,0,0,0,0,0,0,0,0,0,0,0,0,-201.2523120295636,-201.2523120295636,-201.2523120295636,0,0,0,0,0,0,806.0626646860383,806.0626646860383,806.0626646860383,73.0842883981784,73.0842883981784,73.0842883981784,0,0,0,1398.7597333466294,4329.150025593523,2178.7233690961143,2178.7233690961143,2856.6180101507675
2024-08-16T00:00:00Z,2178.8136967840164,845.3023519011177,845.3023519011177,845.3023519011177,0,0,0,0,0,0,0,0,0,0,0,0,0,0,0,0,0,0,0,0,0,0,0,0,0,0,0,0,0,0,0,0,0,0,0,0,0,0,0,-38.09341029486409,-38.09341029486409,-38.09341029486409,0,0,0,0,0,0,800.601751402516,800.601751402516,800.601751402516,82.79401079346599,82.79401079346599,82.79401079346599,0,0,0,1497.2700167355931,4466.575677603719,2178.8136967840164,2178.8136967840164,3024.116048685134
2024-08-17T00:00:00Z,2178.9040244719185,-1325.0104311203954,-1325.0104311203954,-1325.0104311203954,0,0,0,0,0,0,0,0,0,0,0,0,0,0,0,0,0,0,0,0,0,0,0,0,0,0,0,0,0,0,0,0,0,0,0,0,0,0,0,60.438735991425084,60.438735991425084,60.438735991425084,0,0,0,0,0,0,-1478.1331127831397,-1478.1331127831397,-1478.1331127831397,92.6839456713193,92.6839456713193,92.6839456713193,0,0,0,-634.4393715022792,2192.6147767958355,2178.9040244719185,2178.9040244719185,853.8935933515231
2024-08-18T00:00:00Z,2178.99435215982,-1884.6167084260057,-1884.6167084260057,-1884.6167084260057,0,0,0,0,0,0,0,0,0,0,0,0,0,0,0,0,0,0,0,0,0,0,0,0,0,0,0,0,0,0,0,0,0,0,0,0,0,0,0,73.4520783202958,73.4520783202958,73.4520783202958,0,0,0,0,0,0,-2060.6417270839593,-2060.6417270839593,-2060.6417270839593,102.57294033765771,102.57294033765771,102.57294033765771,0,0,0,-1140.7841059507955,1779.0360807413945,2178.99435215982,2178.99435215982,294.37764373381447
2024-08-19T00:00:00Z,2179.0846798477223,582.1236136783419,582.1236136783419,582.1236136783419,0,0,0,0,0,0,0,0,0,0,0,0,0,0,0,0,0,0,0,0,0,0,0,0,0,0,0,0,0,0,0,0,0,0,0,0,0,0,0,71.72413550440855,71.72413550440855,71.72413550440855,0,0,0,0,0,0,398.15049897929106,398.15049897929106,398.15049897929106,112.24897919464235,112.24897919464235,112.24897919464235,0,0,0,1335.451088701444,4291.889731478941,2179.0846798477223,2179.0846798477223,2761.208293526064
2024-08-20T00:00:00Z,2179.1750075356244,1004.5746755883165,1004.5746755883165,1004.5746755883165,0,0,0,0,0,0,0,0,0,0,0,0,0,0,0,0,0,0,0,0,0,0,0,0,0,0,0,0,0,0,0,0,0,0,0,0,0,0,0,149.99781781654846,149.99781781654846,149.99781781654846,0,0,0,0,0,0,733.1039213654421,733.1039213654421,733.1039213654421,121.47293640632579,121.47293640632579,121.47293640632579,0,0,0,1802.982915523003,4759.102061878912,2179.1750075356244,2179.1750075356244,3183.749683123941
2024-08-21T00:00:00Z,2179.265335223527,1259.9780376897434,1259.9780376897434,1259.9780376897434,0,0,0,0,0,0,0,0,0,0,0,0,0,0,0,0,0,0,0,0,0,0,0,0,0,0,0,0,0,0,0,0,0,0,0,0,0,0,0,329.138535569722,329.138535569722,329.138535569722,0,0,0,0,0,0,800.856003433274,800.856003433274,800.856003433274,129.98349868674725,129.98349868674725,129.98349868674725,0,0,0,1917.3355775956404,4829.764366390185,2179.265335223527,2179.265335223527,3439.2433729132704
2024-08-22T00:00:00Z,2179.355662911429,1475.3891073417105,1475.3891073417105,1475.3891073417105,0,0,0,0,0,0,0,0,0,0,0,0,0,0,0,0,0,0,0,0,0,0,0,0,0,0,0,0,0,0,0,0,0,0,0,0,0,0,0,531.8232743500695,531.8232743500695,531.8232743500695,0,0,0,0,0,0,806.0626646828043,806.0626646828043,806.0626646828043,137.50316830883688,137.50316830883688,137.50316830883688,0,0,0,2134.9205506460366,5149.977606208351,2179.355662911429,2179.355662911429,3654.74477025314
2024-08-23T00:00:00Z,2179.4459905993313,1606.84203208421,1606.84203208421,1606.84203208421,0,0,0,0,0,0,0,0,0,0,0,0,0,0,0,0,0,0,0,0,0,0,0,0,0,0,0,0,0,0,0,0,0,0,0,0,0,0,0,662.4950635319256,662.4950635319256,662.4950635319256,0,0,0,0,0,0,800.6017514028285,800.6017514028285,800.6017514028285,143.74521714945595,143.74521714945595,143.74521714945595,0,0,0,2412.959941594962,5291.286349624701,2179.4459905993313,2179.4459905993313,3786.2880226835414
2024-08-24T00:00:00Z,2179.5363182872334,-617.4916282046453,-617.4916282046453,-617.4916282046453,0,0,0,0,0,0,0,0,0,0,0,0,0,0,0,0,0,0,0,0,0,0,0,0,0,0,0,0,0,0,0,0,0,0,0,0,0,0,0,712.2200586276954,712.2200586276954,712.2200586276954,0,0,0,0,0,0,-1478.1331127841408,-1478.1331127841408,-1478.1331127841408,148.42142595180025,148.42142595180025,148.42142595180025,0,0,0,48.81050071006137,2974.6730694719054,2179.5363182872334,2179.5363182872334,1562.0446900825882
2024-08-25T00:00:00Z,2179.626645975135,-1134.3327616612553,-1134.3327616612553,-1134.3327616612553,0,0,0,0,0,0,0,0,0,0,0,0,0,0,0,0,0,0,0,0,0,0,0,0,0,0,0,0,0,0,0,0,0,0,0,0,0,0,0,775.0585551651973,775.0585551651973,775.0585551651973,0,0,0,0,0,0,-2060.6417270816078,-2060.6417270816078,-2060.6417270816078,151.2504102551556,151.2504102551556,151.2504102551556,0,0,0,-493.00365896436494,2572.6543481487743,2179.626645975135,2179.626645975135,1045.2938843138797
2024-08-26T00:00:00Z,2179.716973663037,1495.6528119958195,1495.6528119958195,1495.6528119958195,0,0,0,0,0,0,0,0,0,0,0,0,0,0,0,0,0,0,0,0,0,0,0,0,0,0,0,0,0,0,0,0,0,0,0,0,0,0,0,945.5360061917207,945.5360061917207,945.5360061917207,0,0,0,0,0,0,398.15049898221633,398.15049898221633,398.15049898221633,151.96630682188282,151.96630682188282,151.96630682188282,0,0,0,2244.069710243821,5079.691704185913,2179.716973663037,2179.716973663037,3675.369785658857
2024-08-27T00:00:00Z,2179.8073013509393,3275.04094688752,3275.04094688752,3275.04094688752,0,0,0,0,0,0,1201.4993759236843,1201.4993759236843,1201.4993759236843,0,0,0,0,0,0,0,0,0,1201.4993759236843,1201.4993759236843,1201.4993759236843,0,0,0,0,0,0,0,0,0,0,0,0,0,0,0,0,0,0,1190.1100767085243,1190.1100767085243,1190.1100767085243,0,0,0,0,0,0,733.1039213663618,733.1039213663618,733.1039213663618,150.32757288895,150.32757288895,150.32757288895,0,0,0,4105.048507644555,6933.218607282121,2179.8073013509393,2179.8073013509393,5454.848248238459
2024-08-28T00:00:00Z,2179.8976290388414,3474.629842806939,3474.629842806939,3474.629842806939,0,0,0,0,0,0,1201.4993759236843,1201.4993759236843,1201.4993759236843,0,0,0,0,0,0,0,0,0,1201.4993759236843,1201.4993759236843,1201.4993759236843,0,0,0,0,0,0,0,0,0,0,0,0,0,0,0,0,0,0,1326.1488273484483,1326.1488273484483,1326.1488273484483,0,0,0,0,0,0,800.8560034330606,800.8560034330606,800.8560034330606,146.12563610174598,146.12563610174598,146.12563610174598,0,0,0,4058.6873267617502,7054.3211317341065,2179.8976290388414,2179.8976290388414,5654.52747184578
2024-08-29T00:00:00Z,2179.9879567267435,3298.1451995318116,3298.1451995318116,3298.1451995318116,0,0,0,0,0,0,1201.4993759236843,1201.4993759236843,1201.4993759236843,0,0,0,0,0,0,0,0,0,1201.4993759236843,1201.4993759236843,1201.4993759236843,0,0,0,0,0,0,0,0,0,0,0,0,0,0,0,0,0,0,1151.3900327238764,1151.3900327238764,1151.3900327238764,0,0,0,0,0,0,806.0626646836,806.0626646836,806.0626646836,139.19312620065094,139.19312620065094,139.19312620065094,0,0,0,4091.243686527297,6988.123476760375,2179.9879567267435,2179.9879567267435,5478.133156258555
2024-08-30T00:00:00Z,2180.0782844146456,5269.03278723858,5269.03278723858,5269.03278723858,0,0,0,0,0,0,3715.290483842817,3715.290483842817,3715.290483842817,0,0,0,2513.791107919133,2513.791107919133,2513.791107919133,0,0,0,1201.4993759236843,1201.4993759236843,1201.4993759236843,0,0,0,0,0,0,0,0,0,0,0,0,0,0,0,0,0,0,623.7291310988255,623.7291310988255,623.7291310988255,0,0,0,0,0,0,800.6017513993175,800.6017513993175,800.6017513993175,129.41142089761973,129.41142089761973,129.41142089761973,0,0,0,5952.847889012896,8878.571826542682,2180.0782844146456,2180.0782844146456,7449.111071653226
2024-08-31T00:00:00Z,2180.1686121025477,3107.220155298838,3107.220155298838,3107.220155298838,0,0,0,0,0,0,6221.093231655167,6221.093231655167,6221.093231655167,-1683.3583639625576,-1683.3583639625576,-1683.3583639625576,0,0,0,5019.593855731483,5019.593855731483,5019.593855731483,1201.4993759236843,1201.4993759236843,1201.4993759236843,0,0,0,0,0,0,0,0,0,0,0,0,0,0,0,-1683.3583639625576,-1683.3583639625576,-1683.3583639625576,-69.09884770121359,-69.09884770121359,-69.09884770121359,0,0,0,0,0,0,-1478.1331127871972,-1478.1331127871972,-1478.1331127871972,116.71724809463892,116.71724809463892,116.71724809463892,0,0,0,3805.6303888198518,6661.18908813017,2180.1686121025477,2180.1686121025477,5287.388767401386
2024-09-01T00:00:00Z,2180.2589397904494,-3199.0266747742717,-3199.0266747742717,-3199.0266747742717,0,0,0,0,0,0,-615.221000053812,-615.221000053812,-615.221000053812,0,0,0,0,0,0,0,0,0,0,0,0,0,0,0,-615.221000053812,-615.221000053812,-615.221000053812,0,0,0,0,0,0,0,0,0,0,0,0,-624.2720522555526,-624.2720522555526,-624.2720522555526,0,0,0,0,0,0,-2060.641727082841,-2060.641727082841,-2060.641727082841,101.1081046179336,101.1081046179336,101.1081046179336,0,0,0,-2461.834453555101,550.3037000543371,2180.2589397904494,2180.2589397904494,-1018.7677349838223
2024-09-02T00:00:00Z,2180.3492674783515,-1109.4995019769954,-1109.4995019769954,-1109.4995019769954,0,0,0,0,0,0,-752.8897151972958,-752.8897151972958,-752.8897151972958,0,0,0,0,0,0,0,0,0,0,0,0,-752.8897151972958,-752.8897151972958,-752.8897151972958,0,0,0,0,0,0,0,0,0,0,0,0,0,0,0,-837.4065634157921,-837.4065634157921,-837.4065634157921,0,0,0,0,0,0,398.15049898279574,398.15049898279574,398.15049898279574,82.64627765329654,82.64627765329654,82.64627765329654,0,0,0,-317.53769567995994,2497.4869347872536,2180.3492674783515,2180.3492674783515,1070.8497655013562
2024-09-03T00:00:00Z,2180.4395951662536,-586.5141593391975,-586.5141593391975,-586.5141593391975,0,0,0,0,0,0,-641.1967284672644,-641.1967284672644,-641.1967284672644,0,0,0,0,0,0,0,0,0,0,0,0,0,0,0,0,0,0,-641.1967284672644,-641.1967284672644,-641.1967284672644,0,0,0,0,0,0,0,0,0,-739.8826407437784,-739.8826407437784,-739.8826407437784,0,0,0,0,0,0,733.1039213660681,733.1039213660681,733.1039213660681,61.461288505776956,61.461288505776956,61.461288505776956,0,0,0,123.77358789364364,3029.933382053831,2180.4395951662536,2180.4395951662536,1593.9254358270562
2024-09-04T00:00:00Z,2180.529922854156,-351.7049848662111,-351.7049848662111,-351.7049848662111,0,0,0,0,0,0,-641.1967284672644,-641.1967284672644,-641.1967284672644,0,0,0,0,0,0,0,0,0,0,0,0,0,0,0,0,0,0,-641.1967284672644,-641.1967284672644,-641.1967284672644,0,0,0,0,0,0,0,0,0,-549.1148781829963,-549.1148781829963,-549.1148781829963,0,0,0,0,0,0,800.8560034328473,800.8560034328473,800.8560034328473,37.750618351202625,37.750618351202625,37.750618351202625,0,0,0,305.30946789831086,3263.395488520272,2180.529922854156,2180.529922854156,1828.824937987945
2024-09-05T00:00:00Z,2180.6202505420583,-304.8833563929165,-304.8833563929165,-304.8833563929165,0,0,0,0,0,0,-641.1967284672644,-641.1967284672644,-641.1967284672644,0,0,0,0,0,0,0,0,0,0,0,0,0,0,0,0,0,0,-641.1967284672644,-641.1967284672644,-641.1967284672644,0,0,0,0,0,0,0,0,0,-481.5279138756309,-481.5279138756309,-481.5279138756309,0,0,0,0,0,0,806.062664683006,806.062664683006,806.062664683006,11.7786212669725,11.7786212669725,11.7786212669725,0,0,0,450.86434582553574,3312.705692917106,2180.6202505420583,2180.6202505420583,1875.7368941491418
2024-09-06T00:00:00Z,2180.7105782299604,-447.48364814467084,-447.48364814467084,-447.48364814467084,0,0,0,0,0,0,-641.1967284672644,-641.1967284672644,-641.1967284672644,0,0,0,0,0,0,0,0,0,0,0,0,0,0,0,0,0,0,-641.1967284672644,-641.1967284672644,-641.1967284672644,0,0,0,0,0,0,0,0,0,-590.7622508514067,-590.7622508514067,-590.7622508514067,0,0,0,0,0,0,800.6017513996298,800.6017513996298,800.6017513996298,-16.126420225629627,-16.126420225629627,-16.126420225629627,0,0,0,273.62690895865876,3200.4930515849005,2180.7105782299604,2180.7105782299604,1733.2269300852895
2024-09-07T00:00:00Z,2180.8009059178626,-2925.008233227386,-2925.008233227386,-2925.008233227386,0,0,0,0,0,0,-641.1967284672644,-641.1967284672644,-641.1967284672644,0,0,0,0,0,0,0,0,0,0,0,0,0,0,0,0,0,0,-641.1967284672644,-641.1967284672644,-641.1967284672644,0,0,0,0,0,0,0,0,0,-760.1013029936448,-760.1013029936448,-760.1013029936448,0,0,0,0,0,0,-1478.133112780108,-1478.133112780108,-1478.133112780108,-45.57708898636901,-45.57708898636901,-45.57708898636901,0,0,0,-2022.713981826942,760.063170761749,2180.8009059178626,2180.8009059178626,-744.2073273095234
2024-09-08T00:00:00Z,2180.8912336057642,-2971.7270991297028,-2971.7270991297028,-2971.7270991297028,0,0,0,0,0,0,0,0,0,0,0,0,0,0,0,0,0,0,0,0,0,0,0,0,0,0,0,0,0,0,0,0,0,0,0,0,0,0,0,-834.9519579986442,-834.9519579986442,-834.9519579986442,0,0,0,0,0,0,-2060.641727085816,-2060.641727085816,-2060.641727085816,-76.13341404524276,-76.13341404524276,-76.13341404524276,0,0,0,-2228.3295788259484,686.8807793617169,2180.8912336057642,2180.8912336057642,-790.8358655239385
2024-09-09T00:00:00Z,2180.9815612936663,-471.64381105590576,-471.64381105590576,-471.64381105590576,0,0,0,0,0,0,0,0,0,0,0,0,0,0,0,0,0,0,0,0,0,0,0,0,0,0,0,0,0,0,0,0,0,0,0,0,0,0,0,-762.4831881821806,-762.4831881821806,-762.4831881821806,0,0,0,0,0,0,398.15049898454794,398.15049898454794,398.15049898454794,-107.31112185827305,-107.31112185827305,-107.31112185827305,0,0,0,229.15824636912697,3308.849014210554,2180.9815612936663,2180.9815612936663,1709.3377502377607
2024-09-10T00:00:00Z,2181.0718889815685,-21.33166832430142,-21.33166832430142,-21.33166832430142,0,0,0,0,0,0,0,0,0,0,0,0,0,0,0,0,0,0,0,0,0,0,0,0,0,0,0,0,0,0,0,0,0,0,0,0,0,0,0,-615.8442004077543,-615.8442004077543,-615.8442004077543,0,0,0,0,0,0,733.1039213657742,733.1039213657742,733.1039213657742,-138.59138928232144,-138.59138928232144,-138.59138928232144,0,0,0,689.1344020011057,3616.6225894174054,2181.0718889815685,2181.0718889815685,2159.740220657267
2024-09-11T00:00:00Z,2181.1622166694706,131.488294292672,131.488294292672,131.488294292672,0,0,0,0,0,0,0,0,0,0,0,0,0,0,0,0,0,0,0,0,0,0,0,0,0,0,0,0,0,0,0,0,0,0,0,0,0,0,0,-499.93582841289566,-499.93582841289566,-499.93582841289566,0,0,0,0,0,0,800.8560034332265,800.8560034332265,800.8560034332265,-169.43188072765884,-169.43188072765884,-169.43188072765884,0,0,0,909.6321246295477,3773.0698605309553,2181.1622166694706,2181.1622166694706,2312.6505109621426
2024-09-12T00:00:00Z,2181.2525443573727,161.56245858938578,161.56245858938578,161.56245858938578,0,0,0,0,0,0,0,0,0,0,0,0,0,0,0,0,0,0,0,0,0,0,0,0,0,0,0,0,0,0,0,0,0,0,0,0,0,0,0,-445.22139793134966,-445.22139793134966,-445.22139793134966,0,0,0,0,0,0,806.0626646825511,806.0626646825511,806.0626646825511,-199.27880816181565,-199.27880816181565,-199.27880816181565,0,0,0,936.473237620338,3779.807813885193,2181.2525443573727,2181.2525443573727,2342.8150029467583
2024-09-13T00:00:00Z,2181.342872045275,179.01255888840006,179.01255888840006,179.01255888840006,0,0,0,0,0,0,0,0,0,0,0,0,0,0,0,0,0,0,0,0,0,0,0,0,0,0,0,0,0,0,0,0,0,0,0,0,0,0,0,-394.0094772025358,-394.0094772025358,-394.0094772025358,0,0,0,0,0,0,800.6017513999421,800.6017513999421,800.6017513999421,-227.57971530900647,-227.57971530900647,-227.57971530900647,0,0,0,884.88302134436,3832.113966220402,2181.342872045275,2181.342872045275,2360.355430933675
2024-09-14T00:00:00Z,2181.433199733177,-2013.190370467293,-2013.190370467293,-2013.190370467293,0,0,0,0,0,0,0,0,0,0,0,0,0,0,0,0,0,0,0,0,0,0,0,0,0,0,0,0,0,0,0,0,0,0,0,0,0,0,0,-281.2605999042283,-281.2605999042283,-281.2605999042283,0,0,0,0,0,0,-1478.133112781109,-1478.133112781109,-1478.133112781109,-253.79665778195528,-253.79665778195528,-253.79665778195528,0,0,0,-1359.6495485887333,1685.2277044841856,2181.433199733177,2181.433199733177,168.24282926588398
2024-09-15T00:00:00Z,2181.5235274210786,-2454.3622845511027,-2454.3622845511027,-2454.3622845511027,0,0,0,0,0,0,0,0,0,0,0,0,0,0,0,0,0,0,0,0,0,0,0,0,0,0,0,0,0,0,0,0,0,0,0,0,0,0,0,-116.30112739134833,-116.30112739134833,-116.30112739134833,0,0,0,0,0,0,-2060.6417270852567,-2060.6417270852567,-2060.6417270852567,-277.4194300744981,-277.4194300744981,-277.4194300744981,0,0,0,-1816.9205359577275,1142.6753790155117,2181.5235274210786,2181.5235274210786,-272.8387571300241
2024-09-16T00:00:00Z,2181.6138551089807,-1560.32981826333,-1560.32981826333,-1560.32981826333,0,0,0,0,0,0,0,0,0,-1683.3583639625576,-1683.3583639625576,-1683.3583639625576,0,0,0,0,0,0,0,0,0,0,0,0,0,0,0,0,0,0,0,0,0,0,0,0,-1683.3583639625576,-1683.3583639625576,-1683.3583639625576,22.85652588228357,22.85652588228357,22.85652588228357,0,0,0,0,0,0,398.1504989863001,398.1504989863001,398.1504989863001,-297.97847916935626,-297.97847916935626,-297.97847916935626,0,0,0,-865.6760115771789,2142.1589859012324,2181.6138551089807,2181.6138551089807,621.2840368456507
2024-09-17T00:00:00Z,2181.704182796883,493.0249079928524,493.0249079928524,493.0249079928524,0,0,0,0,0,0,0,0,0,0,0,0,0,0,0,0,0,0,0,0,0,0,0,0,0,0,0,0,0,0,0,0,0,0,0,0,0,0,0,74.97813015733726,74.97813015733726,74.97813015733726,0,0,0,0,0,0,733.1039213658029,733.1039213658029,733.1039213658029,-315.05714353028793,-315.05714353028793,-315.05714353028793,0,0,0,1196.224323795304,4084.96350743118,2181.704182796883,2181.704182796883,2674.729090789735
2024-09-18T00:00:00Z,2181.794510484785,540.346981764348,540.346981764348,540.346981764348,0,0,0,0,0,0,0,0,0,0,0,0,0,0,0,0,0,0,0,0,0,0,0,0,0,0,0,0,0,0,0,0,0,0,0,0,0,0,0,67.793844051519,67.793844051519,67.793844051519,0,0,0,0,0,0,800.856003432853,800.856003432853,800.856003432853,-328.302865720024,-328.302865720024,-328.302865720024,0,0,0,1286.7981302234275,4229.080269547313,2181.794510484785,2181.794510484785,2722.141492249133
2024-09-19T00:00:00Z,2181.8848381726875,565.6053369627788,565.6053369627788,565.6053369627788,0,0,0,0,0,0,0,0,0,0,0,0,0,0,0,0,0,0,0,0,0,0,0,0,0,0,0,0,0,0,0,0,0,0,0,0,0,0,0,96.97971907465468,96.97971907465468,96.97971907465468,0,0,0,0,0,0,806.0626646819571,806.0626646819571,806.0626646819571,-337.43704679383325,-337.43704679383325,-337.43704679383325,0,0,0,1319.6841277747862,4214.47946090815,2181.8848381726875,2181.8848381726875,2747.4901751354664
2024-09-20T00:00:00Z,2181.9751658605896,688.3500918127247,688.3500918127247,688.3500918127247,0,0,0,0,0,0,0,0,0,0,0,0,0,0,0,0,0,0,0,0,0,0,0,0,0,0,0,0,0,0,0,0,0,0,0,0,0,0,0,230.0115809961081,230.0115809961081,230.0115809961081,0,0,0,0,0,0,800.6017513964315,800.6017513964315,800.6017513964315,-342.263240579815,-342.263240579815,-342.263240579815,0,0,0,1452.3530790027005,4341.368462179782,2181.9751658605896,2181.9751658605896,2870.3252576733144
2024-09-21T00:00:00Z,2182.0654935484918,-1386.3083573963254,-1386.3083573963254,-1386.3083573963254,0,0,0,0,0,0,0,0,0,0,0,0,0,0,0,0,0,0,0,0,0,0,0,0,0,0,0,0,0,0,0,0,0,0,0,0,0,0,0,434.49818074419454,434.49818074419454,434.49818074419454,0,0,0,0,0,0,-1478.1331127821106,-1478.1331127821106,-1478.1331127821106,-342.6734253584095,-342.6734253584095,-342.6734253584095,0,0,0,-578.7029773102696,2355.306966151302,2182.0654935484918,2182.0654935484918,795.7571361521664
2024-09-22T00:00:00Z,2182.1558212363934,-1789.705338236642,-1789.705338236642,-1789.705338236642,0,0,0,0,0,0,0,0,0,0,0,0,0,0,0,0,0,0,0,0,0,0,0,0,0,0,0,0,0,0,0,0,0,0,0,0,0,0,0,609.5885271512789,609.5885271512789,609.5885271512789,0,0,0,0,0,0,-2060.6417270829056,-2060.6417270829056,-2060.6417270829056,-338.6521383050152,-338.6521383050152,-338.6521383050152,0,0,0,-999.7920074665673,1959.2508681024653,2182.1558212363934,2182.1558212363934,392.45048299975133
2024-09-23T00:00:00Z,2182.246149082971,761.1498749618551,761.1498749618551,761.1498749618551,0,0,0,0,0,0,0,0,0,0,0,0,0,0,0,0,0,0,0,0,0,0,0,0,0,0,0,0,0,0,0,0,0,0,0,0,0,0,0,693.2776891551115,693.2776891551115,693.2776891551115,0,0,0,0,0,0,398.1504989798725,398.1504989798725,398.1504989798725,-330.2783131731288,-330.2783131731288,-330.2783131731288,0,0,0,1419.5915998347418,4382.521417016731,2182.246149082971,2182.246149082971,2943.396024044826
2024-09-24T00:00:00Z,2182.3364769295486,1149.7463001510596,1149.7463001510596,1149.7463001510596,0,0,0,0,0,0,0,0,0,0,0,0,0,0,0,0,0,0,0,0,0,0,0,0,0,0,0,0,0,0,0,0,0,0,0,0,0,0,0,734.3671013741226,734.3671013741226,734.3671013741226,0,0,0,0,0,0,733.1039213658318,733.1039213658318,733.1039213658318,-317.7247225888951,-317.7247225888951,-317.7247225888951,0,0,0,1902.395939385018,4763.712054817514,2182.3364769295486,2182.3364769295486,3332.082777080608
2024-09-25T00:00:00Z,2182.426804776126,1344.504490126897,1344.504490126897,1344.504490126897,0,0,0,0,0,0,0,0,0,0,0,0,0,0,0,0,0,0,0,0,0,0,0,0,0,0,0,0,0,0,0,0,0,0,0,0,0,0,0,844.903478060574,844.903478060574,844.903478060574,0,0,0,0,0,0,800.8560034332319,800.8560034332319,800.8560034332319,-301.2549913669084,-301.2549913669084,-301.2549913669084,0,0,0,2050.9765311952183,4943.819277006788,2182.426804776126,2182.426804776126,3526.931294903023
2024-09-26T00:00:00Z,2182.517132622704,2793.712448129711,2793.712448129711,2793.712448129711,0,0,0,0,0,0,1201.4993759236843,1201.4993759236843,1201.4993759236843,0,0,0,0,0,0,0,0,0,1201.4993759236843,1201.4993759236843,1201.4993759236843,0,0,0,0,0,0,0,0,0,0,0,0,0,0,0,0,0,0,1067.3686221244595,1067.3686221244595,1067.3686221244595,0,0,0,0,0,0,806.0626646827529,806.0626646827529,806.0626646827529,-281.2182146011857,-281.2182146011857,-281.2182146011857,0,0,0,3524.222518205784,6388.063655556147,2182.517132622704,2182.517132622704,4976.229580752415
2024-09-27T00:00:00Z,2182.6074604692817,3030.2051576681015,3030.2051576681015,3030.2051576681015,0,0,0,0,0,0,1201.4993759236843,1201.4993759236843,1201.4993759236843,0,0,0,0,0,0,0,0,0,1201.4993759236843,1201.4993759236843,1201.4993759236843,0,0,0,0,0,0,0,0,0,0,0,0,0,0,0,0,0,0,1286.1453123979268,1286.1453123979268,1286.1453123979268,0,0,0,0,0,0,800.6017513967438,800.6017513967438,800.6017513967438,-258.0412820502536,-258.0412820502536,-258.0412820502536,0,0,0,3812.777327934165,6575.22835443355,2182.6074604692817,2182.6074604692817,5212.812618137383
2024-09-28T00:00:00Z,2182.6977883158593,776.8516964931536,776.8516964931536,776.8516964931536,0,0,0,0,0,0,1201.4993759236843,1201.4993759236843,1201.4993759236843,0,0,0,0,0,0,0,0,0,1201.4993759236843,1201.4993759236843,1201.4993759236843,0,0,0,0,0,0,0,0,0,0,0,0,0,0,0,0,0,0,1285.7045098845417,1285.7045098845417,1285.7045098845417,0,0,0,0,0,0,-1478.1331127851668,-1478.1331127851668,-1478.1331127851668,-232.2190765299059,-232.2190765299059,-232.2190765299059,0,0,0,1550.1976668029663,4403.114915209781,2182.6977883158593,2182.6977883158593,2959.549484809013
2024-09-29T00:00:00Z,2182.788116162437,2375.1863464054527,2375.1863464054527,2375.1863464054527,0,0,0,0,0,0,3715.290483842817,3715.290483842817,3715.290483842817,0,0,0,2513.791107919133,2513.791107919133,2513.791107919133,0,0,0,1201.4993759236843,1201.4993759236843,1201.4993759236843,0,0,0,0,0,0,0,0,0,0,0,0,0,0,0,0,0,0,924.8403663623046,924.8403663623046,924.8403663623046,0,0,0,0,0,0,-2060.641727084138,-2060.641727084138,-2060.641727084138,-204.30277671553094,-204.30277671553094,-204.30277671553094,0,0,0,3154.0055159914937,5938.5080702019,2182.788116162437,2182.788116162437,4557.9744625678895
2024-09-30T00:00:00Z,2182.8784440090144,6723.6595262147675,6723.6595262147675,6723.6595262147675,0,0,0,0,0,0,6221.093231655167,6221.093231655167,6221.093231655167,0,0,0,0,0,0,5019.593855731483,5019.593855731483,5019.593855731483,1201.4993759236843,1201.4993759236843,1201.4993759236843,0,0,0,0,0,0,0,0,0,0,0,0,0,0,0,0,0,0,279.3023476248929,279.3023476248929,279.3023476248929,0,0,0,0,0,0,398.1504989804518,398.1504989804518,398.1504989804518,-174.88655204574488,-174.88655204574488,-174.88655204574488,0,0,0,7393.72794618798,10340.077682017454,2182.8784440090144,2182.8784440090144,8906.537970223782
2024-10-01T00:00:00Z,2182.9687718555924,-408.08625056462074,-408.08625056462074,-408.08625056462074,0,0,0,0,0,0,-615.221000053812,-615.221000053812,-615.221000053812,0,0,0,0,0,0,0,0,0,0,0,0,0,0,0,-615.221000053812,-615.221000053812,-615.221000053812,0,0,0,0,0,0,0,0,0,0,0,0,-381.3761843342349,-381.3761843342349,-381.3761843342349,0,0,0,0,0,0,733.1039213652157,733.1039213652157,733.1039213652157,-144.5929875417894,-144.5929875417894,-144.5929875417894,0,0,0,218.02535755325368,3196.799096949727,2182.9687718555924,2182.9687718555924,1774.8825212909717
2024-10-02T00:00:00Z,2183.05909970217,-843.6420486064604,-843.6420486064604,-843.6420486064604,0,0,0,0,0,0,-752.8897151972958,-752.8897151972958,-752.8897151972958,0,0,0,0,0,0,0,0,0,0,0,0,-752.8897151972958,-752.8897151972958,-752.8897151972958,0,0,0,0,0,0,0,0,0,0,0,0,0,0,0,-777.5507191049427,-777.5507191049427,-777.5507191049427,0,0,0,0,0,0,800.8560034330188,800.8560034330188,800.8560034330188,-114.05761773724038,-114.05761773724038,-114.05761773724038,0,0,0,-124.06252149645277,2949.6125082565904,2183.05909970217,2183.05909970217,1339.4170510957097
2024-10-03T00:00:00Z,2183.1494275487476,-735.4291390599492,-735.4291390599492,-735.4291390599492,0,0,0,0,0,0,-641.1967284672644,-641.1967284672644,-641.1967284672644,0,0,0,0,0,0,0,0,0,0,0,0,0,0,0,0,0,0,-641.1967284672644,-641.1967284672644,-641.1967284672644,0,0,0,0,0,0,0,0,0,-816.3820950881311,-816.3820950881311,-816.3820950881311,0,0,0,0,0,0,806.0626646835486,806.0626646835486,806.0626646835486,-83.91298018810251,-83.91298018810251,-83.91298018810251,0,0,0,39.255895591273976,2988.243567642631,2183.1494275487476,2183.1494275487476,1447.7202884887984
2024-10-04T00:00:00Z,2183.239755395325,-535.5172312144139,-535.5172312144139,-535.5172312144139,0,0,0,0,0,0,-641.1967284672644,-641.1967284672644,-641.1967284672644,0,0,0,0,0,0,0,0,0,0,0,0,0,0,0,0,0,0,-641.1967284672644,-641.1967284672644,-641.1967284672644,0,0,0,0,0,0,0,0,0,-640.1496350301609,-640.1496350301609,-640.1496350301609,0,0,0,0,0,0,800.6017514015555,800.6017514015555,800.6017514015555,-54.77261911854392,-54.77261911854392,-54.77261911854392,0,0,0,151.0725186863324,3118.4151210180444,2183.239755395325,2183.239755395325,1647.7225241809113
2024-10-05T00:00:00Z,2183.3300832419027,-2638.3177694257906,-2638.3177694257906,-2638.3177694257906,0,0,0,0,0,0,-641.1967284672644,-641.1967284672644,-641.1967284672644,0,0,0,0,0,0,0,0,0,0,0,0,0,0,0,0,0,0,-641.1967284672644,-641.1967284672644,-641.1967284672644,0,0,0,0,0,0,0,0,0,-491.7724502973602,-491.7724502973602,-491.7724502973602,0,0,0,0,0,0,-1478.1331127841129,-1478.1331127841129,-1478.1331127841129,-27.215477877053765,-27.215477877053765,-27.215477877053765,0,0,0,-1935.7014300070468,1035.6477126502662,2183.3300832419027,2183.3300832419027,-454.98768618388794
2024-10-06T00:00:00Z,2183.4204110884803,-3222.0766300100204,-3222.0766300100204,-3222.0766300100204,0,0,0,0,0,0,-641.1967284672644,-641.1967284672644,-641.1967284672644,0,0,0,0,0,0,0,0,0,0,0,0,0,0,0,0,0,0,-641.1967284672644,-641.1967284672644,-641.1967284672644,0,0,0,0,0,0,0,0,0,-518.4670598632309,-518.4670598632309,-518.4670598632309,0,0,0,0,0,0,-2060.6417270817874,-2060.6417270817874,-2060.6417270817874,-1.7711145977375795,-1.7711145977375795,-1.7711145977375795,0,0,0,-2495.180132678716,404.6339746167202,2183.4204110884803,2183.4204110884803,-1038.6562189215401
2024-10-07T00:00:00Z,2183.510738935058,-900.6372845777036,-900.6372845777036,-900.6372845777036,0,0,0,0,0,0,-641.1967284672644,-641.1967284672644,-641.1967284672644,0,0,0,0,0,0,0,0,0,0,0,0,0,0,0,0,0,0,-641.1967284672644,-641.1967284672644,-641.1967284672644,0,0,0,0,0,0,0,0,0,-678.6848964192762,-678.6848964192762,-678.6848964192762,0,0,0,0,0,0,398.150498983377,398.150498983377,398.150498983377,21.093841325460104,21.093841325460104,21.093841325460104,0,0,0,-145.18971775728642,2751.9564390617516,2183.510738935058,2183.510738935058,1282.8734543573541
2024-10-08T00:00:00Z,2183.6010667816354,-41.94431327416003,-41.94431327416003,-41.94431327416003,0,0,0,0,0,0,0,0,0,0,0,0,0,0,0,0,0,0,0,0,0,0,0,0,0,0,0,0,0,0,0,0,0,0,0,0,0,0,0,-816.0358379698087,-816.0358379698087,-816.0358379698087,0,0,0,0,0,0,733.1039213652443,733.1039213652443,733.1039213652443,40.98760333040423,40.98760333040423,40.98760333040423,0,0,0,752.183194662451,3594.820941624541,2183.6010667816354,2183.6010667816354,2141.6567535074755
2024-10-09T00:00:00Z,2183.691394628213,43.660741922606185,43.660741922606185,43.660741922606185,0,0,0,0,0,0,0,0,0,0,0,0,0,0,0,0,0,0,0,0,0,0,0,0,0,0,0,0,0,0,0,0,0,0,0,0,0,0,0,-814.7984258135991,-814.7984258135991,-814.7984258135991,0,0,0,0,0,0,800.8560034332374,800.8560034332374,800.8560034332374,57.6031643029675,57.6031643029675,57.6031643029675,0,0,0,690.5410358062759,3647.4618341199302,2183.691394628213,2183.691394628213,2227.352136550819
2024-10-10T00:00:00Z,2183.7817224747905,185.68125857896794,185.68125857896794,185.68125857896794,0,0,0,0,0,0,0,0,0,0,0,0,0,0,0,0,0,0,0,0,0,0,0,0,0,0,0,0,0,0,0,0,0,0,0,0,0,0,0,-691.10736494988,-691.10736494988,-691.10736494988,0,0,0,0,0,0,806.0626646843444,806.0626646843444,806.0626646843444,70.72595884450325,70.72595884450325,70.72595884450325,0,0,0,854.0493876939975,3752.1329199480915,2183.7817224747905,2183.7817224747905,2369.4629810537585
2024-10-11T00:00:00Z,2183.8720503213685,331.1950669535829,331.1950669535829,331.1950669535829,0,0,0,0,0,0,0,0,0,0,0,0,0,0,0,0,0,0,0,0,0,0,0,0,0,0,0,0,0,0,0,0,0,0,0,0,0,0,0,-549.6456992239818,-549.6456992239818,-549.6456992239818,0,0,0,0,0,0,800.601751401868,800.601751401868,800.601751401868,80.23901477569642,80.23901477569642,80.23901477569642,0,0,0,1082.8014866611995,4010.8697286564106,2183.8720503213685,2183.8720503213685,2515.0671172749517
2024-10-12T00:00:00Z,2183.962378167946,-1859.1295351447395,-1859.1295351447395,-1859.1295351447395,0,0,0,0,0,0,0,0,0,0,0,0,0,0,0,0,0,0,0,0,0,0,0,0,0,0,0,0,0,0,0,0,0,0,0,0,0,0,0,-467.12184797498355,-467.12184797498355,-467.12184797498355,0,0,0,0,0,0,-1478.1331127790786,-1478.1331127790786,-1478.1331127790786,86.12542560932269,86.12542560932269,86.12542560932269,0,0,0,-1157.6698860146255,1657.6178560902981,2183.962378167946,2183.962378167946,324.8328430232066
2024-10-13T00:00:00Z,2184.0527060145237,-2396.4844788251394,-2396.4844788251394,-2396.4844788251394,0,0,0,0,0,0,0,0,0,0,0,0,0,0,0,0,0,0,0,0,0,0,0,0,0,0,0,0,0,0,0,0,0,0,0,0,0,0,0,-424.3108014555678,-424.3108014555678,-424.3108014555678,0,0,0,0,0,0,-2060.6417270812276,-2060.6417270812276,-2060.6417270812276,88.468049711656107,88.468049711656107,88.468049711656107,0,0,0,-1628.8560374266895,1194.6366054330051,2184.0527060145237,2184.0527060145237,-212.4317728106157
2024-10-14T00:00:00Z,2184.1430338611012,138.64162194613778,138.64162194613778,138.64162194613778,0,0,0,0,0,0,0,0,0,0,0,0,0,0,0,0,0,0,0,0,0,0,0,0,0,0,0,0,0,0,0,0,0,0,0,0,0,0,0,-346.9552966918761,-346.9552966918761,-346.9552966918761,0,0,0,0,0,0,398.15049898395637,398.15049898395637,398.15049898395637,87.44641965405758,87.44641965405758,87.44641965405758,0,0,0,880.8950465195496,3694.8422704871864,2184.1430338611012,2184.1430338611012,2322.784655807239
2024-10-15T00:00:00Z,2184.2333617076793,615.1825339872569,615.1825339872569,615.1825339872569,0,0,0,0,0,0,0,0,0,0,0,0,0,0,0,0,0,0,0,0,0,0,0,0,0,0,0,0,0,0,0,0,0,0,0,0,0,0,0,-201.25231202929788,-201.25231202929788,-201.25231202929788,0,0,0,0,0,0,733.1039213661638,733.1039213661638,733.1039213661638,83.33092465039073,83.33092465039073,83.33092465039073,0,0,0,1335.7853554371634,4242.19463514119,2184.2333617076793,2184.2333617076793,2799.415895694936
2024-10-16T00:00:00Z,2184.323689554257,839.2370008348626,839.2370008348626,839.2370008348626,0,0,0,0,0,0,0,0,0,0,0,0,0,0,0,0,0,0,0,0,0,0,0,0,0,0,0,0,0,0,0,0,0,0,0,0,0,0,0,-38.09341029490576,-38.09341029490576,-38.09341029490576,0,0,0,0,0,0,800.85600343302406,800.85600343302406,800.85600343302406,76.4744076967441,76.4744076967441,76.4744076967441,0,0,0,1652.0837588425823,4418.2112092800635,2184.323689554257,2184.323689554257,3023.5606903891194
2024-10-17T00:00:00Z,2184.4140174008344,933.802795498158,933.802795498158,933.802795498158,0,0,0,0,0,0,0,0,0,0,0,0,0,0,0,0,0,0,0,0,0,0,0,0,0,0,0,0,0,0,0,0,0,0,0,0,0,0,0,60.4387359916098,60.4387359916098,60.4387359916098,0,0,0,0,0,0,806.0626646837505,806.0626646837505,806.0626646837505,67.30139482279769,67.30139482279769,67.30139482279769,0,0,0,1667.2611486475012,4512.430644545022,2184.4140174008344,2184.4140174008344,3118.2168128989924
2024-10-18T00:00:00Z,2184.504345247412,930.3490741809724,930.3490741809724,930.3490741809724,0,0,0,0,0,0,0,0,0,0,0,0,0,0,0,0,0,0,0,0,0,0,0,0,0,0,0,0,0,0,0,0,0,0,0,0,0,0,0,73.45207831992099,73.45207831992099,73.45207831992099,0,0,0,0,0,0,800.6017513983571,800.6017513983571,800.6017513983571,56.29524446269419,56.29524446269419,56.29524446269419,0,0,0,1671.4448125305325,4598.73702570413,2184.504345247412,2184.504345247412,3114.8534194283843
2024-10-19T00:00:00Z,2184.5946730939895,-1362.4254090097013,-1362.4254090097013,-1362.4254090097013,0,0,0,0,0,0,0,0,0,0,0,0,0,0,0,0,0,0,0,0,0,0,0,0,0,0,0,0,0,0,0,0,0,0,0,0,0,0,0,71.72413550378525,71.72413550378525,71.72413550378525,0,0,0,0,0,0,-1478.133112782135,-1478.133112782135,-1478.133112782135,43.98356826864851,43.98356826864851,43.98356826864851,0,0,0,-583.4111315768766,2263.4468627856986,2184.5946730939895,2184.5946730939895,822.1692640842882
2024-10-20T00:00:00Z,2184.685000940567,-1879.7215804973732,-1879.7215804973732,-1879.7215804973732,0,0,0,0,0,0,0,0,0,0,0,0,0,0,0,0,0,0,0,0,0,0,0,0,0,0,0,0,0,0,0,0,0,0,0,0,0,0,0,149.99781781695984,149.99781781695984,149.99781781695984,0,0,0,0,0,0,-2060.6417270859947,-2060.6417270859947,-2060.6417270859947,30.922328771661853,30.922328771661853,30.922328771661853,0,0,0,-1216.971640237895,1816.4493172847854,2184.685000940567,2184.685000940567,304.96342044319385
2024-10-21T00:00:00Z,2184.7753287871446,744.9680969979324,744.9680969979324,744.9680969979324,0,0,0,0,0,0,0,0,0,0,0,0,0,0,0,0,0,0,0,0,0,0,0,0,0,0,0,0,0,0,0,0,0,0,0,0,0,0,0,329.13853556945304,329.13853556945304,329.13853556945304,0,0,0,0,0,0,398.15049898570874,398.15049898570874,398.15049898570874,17.679062442770697,17.679062442770697,17.679062442770697,0,0,0,1530.2202448764688,4440.097859281775,2184.7753287871446,2184.7753287871446,2929.7434257850773
2024-10-22T00:00:00Z,2184.865656633722,1269.7429032436023,1269.7429032436023,1269.7429032436023,0,0,0,0,0,0,0,0,0,0,0,0,0,0,0,0,0,0,0,0,0,0,0,0,0,0,0,0,0,0,0,0,0,0,0,0,0,0,0,531.8232743498675,531.8232743498675,531.8232743498675,0,0,0,0,0,0,733.1039213658704,733.1039213658704,733.1039213658704,4.815707527864558,4.815707527864558,4.815707527864558,0,0,0,2093.2330845576003,4981.312603232219,2184.865656633722,2184.865656633722,3454.6085598773243
2024-10-23T00:00:00Z,2184.9559844803,1456.2226003991495,1456.2226003991495,1456.2226003991495,0,0,0,0,0,0,0,0,0,0,0,0,0,0,0,0,0,0,0,0,0,0,0,0,0,0,0,0,0,0,0,0,0,0,0,0,0,0,0,662.4950635317273,662.4950635317273,662.4950635317273,0,0,0,0,0,0,800.8560034334032,800.8560034334032,800.8560034334032,-7.1284665659807125,-7.1284665659807125,-7.1284665659807125,0,0,0,2201.1278682258676,5084.08763021891,2184.9559844803,2184.9559844803,3641.1785848794493
2024-10-24T00:00:00Z,2185.0463123268773,1500.6293950619122,1500.6293950619122,1500.6293950619122,0,0,0,0,0,0,0,0,0,0,0,0,0,0,0,0,0,0,0,0,0,0,0,0,0,0,0,0,0,0,0,0,0,0,0,0,0,0,0,712.2200586271587,712.2200586271587,712.2200586271587,0,0,0,0,0,0,806.0626646859358,806.0626646859358,806.0626646859358,-17.653328251182092,-17.653328251182092,-17.653328251182092,0,0,0,2261.8188498961317,5143.53288091758,2185.0463123268773,2185.0463123268773,3685.6757073887893
2024-10-25T00:00:00Z,2185.1366401734554,1549.3470444329469,1549.3470444329469,1549.3470444329469,0,0,0,0,0,0,0,0,0,0,0,0,0,0,0,0,0,0,0,0,0,0,0,0,0,0,0,0,0,0,0,0,0,0,0,0,0,0,0,775.0585551646245,775.0585551646245,775.0585551646245,0,0,0,0,0,0,800.6017513986696,800.6017513986696,800.6017513986696,-26.31326213034699,-26.31326213034699,-26.31326213034699,0,0,0,2334.570114247391,5155.49538202969,2185.1366401734554,2185.1366401734554,3734.483684606402
2024-10-26T00:00:00Z,2185.226968020033,-565.3280997738691,-565.3280997738691,-565.3280997738691,0,0,0,0,0,0,0,0,0,0,0,0,0,0,0,0,0,0,0,0,0,0,0,0,0,0,0,0,0,0,0,0,0,0,0,0,0,0,0,945.5360061914486,945.5360061914486,945.5360061914486,0,0,0,0,0,0,-1478.1331127810806,-1478.1331127810806,-1478.1331127810806,-32.730993184236596,-32.730993184236596,-32.730993184236596,0,0,0,200.19005323516245,3047.908888729867,2185.226968020033,2185.226968020033,1619.8988682461638
2024-10-27T00:00:00Z,2185.3172958666105,294.3582931673097,294.3582931673097,294.3582931673097,0,0,0,0,0,0,1201.4993759236843,1201.4993759236843,1201.4993759236843,0,0,0,0,0,0,0,0,0,1201.4993759236843,1201.4993759236843,1201.4993759236843,0,0,0,0,0,0,0,0,0,0,0,0,0,0,0,0,0,0,1190.1100767085877,1190.1100767085877,1190.1100767085877,0,0,0,0,0,0,-2060.6417270854354,-2060.6417270854354,-2060.6417270854354,-36.60943237952726,-36.60943237952726,-36.60943237952726,0,0,0,982.9338210536247,3915.3059896069294,2185.3172958666105,2185.3172958666105,2479.67558903392
2024-10-28T00:00:00Z,2185.407623713188,2888.0575309415044,2888.0575309415044,2888.0575309415044,0,0,0,0,0,0,1201.4993759236843,1201.4993759236843,1201.4993759236843,0,0,0,0,0,0,0,0,0,1201.4993759236843,1201.4993759236843,1201.4993759236843,0,0,0,0,0,0,0,0,0,0,0,0,0,0,0,0,0,0,1326.14882734843,1326.14882734843,1326.14882734843,0,0,0,0,0,0,398.15049898628774,398.15049898628774,398.15049898628774,-37.74117131689729,-37.74117131689729,-37.74117131689729,0,0,0,3687.5808705277327,6572.351741017426,2185.407623713188,2185.407623713188,5073.465154654692
2024-10-29T00:00:00Z,2185.4979515597656,3049.978012922129,3049.978012922129,3049.978012922129,0,0,0,0,0,0,1201.4993759236843,1201.4993759236843,1201.4993759236843,0,0,0,0,0,0,0,0,0,1201.4993759236843,1201.4993759236843,1201.4993759236843,0,0,0,0,0,0,0,0,0,0,0,0,0,0,0,0,0,0,1151.3900327235342,1151.3900327235342,1151.3900327235342,0,0,0,0,0,0,733.1039213655768,733.1039213655768,733.1039213655768,-36.015317090665555,-36.015317090665555,-36.015317090665555,0,0,0,3615.8121077785354,6634.248682204339,2185.4979515597656,2185.4979515597656,5235.475964481895
2024-10-30T00:00:00Z,2185.5882794063436,5108.454186432887,5108.454186432887,5108.454186432887,0,0,0,0,0,0,3715.290483842817,3715.290483842817,3715.290483842817,0,0,0,2513.791107919133,2513.791107919133,2513.791107919133,0,0,0,1201.4993759236843,1201.4993759236843,1201.4993759236843,0,0,0,0,0,0,0,0,0,0,0,0,0,0,0,0,0,0,623.7291310998057,623.7291310998057,623.7291310998057,0,0,0,0,0,0,800.8560034337823,800.8560034337823,800.8560034337823,-31.42143194351817,-31.42143194351817,-31.42143194351817,0,0,0,5802.025589462597,8691.025859462025,2185.5882794063436,2185.5882794063436,7294.04246583923
2024-10-31T00:00:00Z,2185.678607252921,5250.648261066812,5250.648261066812,5250.648261066812,0,0,0,0,0,0,6221.093231655167,6221.093231655167,6221.093231655167,-1683.3583639625576,-1683.3583639625576,-1683.3583639625576,0,0,0,5019.593855731483,5019.593855731483,5019.593855731483,1201.4993759236843,1201.4993759236843,1201.4993759236843,0,0,0,0,0,0,0,0,0,0,0,0,0,0,0,-1683.3583639625576,-1683.3583639625576,-1683.3583639625576,-69.09884770169928,-69.09884770169928,-69.09884770169928,0,0,0,0,0,0,806.0626646827016,806.0626646827016,806.0626646827016,-24.05042360680064,-24.05042360680064,-24.05042360680064,0,0,0,6050.109643828355,8847.92379694867,2185.678607252921,2185.678607252921,7436.326868319733
2024-11-01T00:00:00Z,2185.768935099499,-452.9836201028473,-452.9836201028473,-452.9836201028473,0,0,0,0,0,0,-615.221000053812,-615.221000053812,-615.221000053812,0,0,0,0,0,0,0,0,0,0,0,0,0,0,0,-615.221000053812,-615.221000053812,-615.221000053812,0,0,0,0,0,0,0,0,0,0,0,0,-624.2720522547615,-624.2720522547615,-624.2720522547615,0,0,0,0,0,0,800.6017513970701,800.6017513970701,800.6017513970701,-14.092319191343893,-14.092319191343893,-14.092319191343893,0,0,0,296.3442547721854,3243.965501980213,2185.768935099499,2185.768935099499,1732.7853149966516
2024-11-02T00:00:00Z,2185.8592629460763,-3070.2603371006317,-3070.2603371006317,-3070.2603371006317,0,0,0,0,0,0,-752.8897151972958,-752.8897151972958,-752.8897151972958,0,0,0,0,0,0,0,0,0,0,0,0,-752.8897151972958,-752.8897151972958,-752.8897151972958,0,0,0,0,0,0,0,0,0,0,0,0,0,0,0,-837.4065634154051,-837.4065634154051,-837.4065634154051,0,0,0,0,0,0,-1478.1331127841374,-1478.1331127841374,-1478.1331127841374,-1.8309457037936352,-1.8309457037936352,-1.8309457037936352,0,0,0,-2266.109543165789,419.5411638249865,2185.8592629460763,2185.8592629460763,-884.4010741545553
2024-11-03T00:00:00Z,2185.9495907926544,-3429.3567274648994,-3429.3567274648994,-3429.3567274648994,0,0,0,0,0,0,-641.1967284672644,-641.1967284672644,-641.1967284672644,0,0,0,0,0,0,0,0,0,0,0,0,0,0,0,0,0,0,-641.1967284672644,-641.1967284672644,-641.1967284672644,0,0,0,0,0,0,0,0,0,-739.8826407431256,-739.8826407431256,-739.8826407431256,0,0,0,0,0,0,-2060.6417270830852,-2060.6417270830852,-2060.6417270830852,12.36436882857541,12.36436882857541,12.36436882857541,0,0,0,-2752.2257488101354,280.93566049294947,2185.9495907926544,2185.9495907926544,-1243.407136672245
2024-11-04T00:00:00Z,2186.0399186392315,-764.1112370103531,-764.1112370103531,-764.1112370103531,0,0,0,0,0,0,-641.1967284672644,-641.1967284672644,-641.1967284672644,0,0,0,0,0,0,0,0,0,0,0,0,0,0,0,0,0,0,-641.1967284672644,-641.1967284672644,-641.1967284672644,0,0,0,0,0,0,0,0,0,-549.114878182857,-549.114878182857,-549.114878182857,0,0,0,0,0,0,398.15049898921325,398.15049898921325,398.15049898921325,28.049870650555047,28.049870650555047,28.049870650555047,0,0,0,-48.654314602727695,2877.923493745525,2186.0399186392315,2186.0399186392315,1421.9286816288784
2024-11-05T00:00:00Z,2186.130246485809,-344.8997764441855,-344.8997764441855,-344.8997764441855,0,0,0,0,0,0,-641.1967284672644,-641.1967284672644,-641.1967284672644,0,0,0,0,0,0,0,0,0,0,0,0,0,0,0,0,0,0,-641.1967284672644,-641.1967284672644,-641.1967284672644,0,0,0,0,0,0,0,0,0,-481.52791387516623,-481.52791387516623,-481.52791387516623,0,0,0,0,0,0,733.1039213668187,733.1039213668187,733.1039213668187,44.720944531426476,44.720944531426476,44.720944531426476,0,0,0,426.089973029822,3291.773581870765,2186.130246485809,2186.130246485809,1841.2304700416234
2024-11-06T00:00:00Z,2186.2205743323866,-369.2751738579492,-369.2751738579492,-369.2751738579492,0,0,0,0,0,0,-641.1967284672644,-641.1967284672644,-641.1967284672644,0,0,0,0,0,0,0,0,0,0,0,0,0,0,0,0,0,0,-641.1967284672644,-641.1967284672644,-641.1967284672644,0,0,0,0,0,0,0,0,0,-590.7622508512577,-590.7622508512577,-590.7622508512577,0,0,0,0,0,0,800.8560034329765,800.8560034329765,800.8560034329765,61.82780202759638,61.82780202759638,61.82780202759638,0,0,0,321.25776683500516,3165.473672771102,2186.2205743323866,2186.2205743323866,1816.9454004744375
2024-11-07T00:00:00Z,2186.310902178964,-516.4425061249394,-516.4425061249394,-516.4425061249394,0,0,0,0,0,0,-641.1967284672644,-641.1967284672644,-641.1967284672644,0,0,0,0,0,0,0,0,0,0,0,0,0,0,0,0,0,0,-641.1967284672644,-641.1967284672644,-641.1967284672644,0,0,0,0,0,0,0,0,0,-760.1013029937056,-760.1013029937056,-760.1013029937056,0,0,0,0,0,0,806.0626646834974,806.0626646834974,806.0626646834974,78.79286065253291,78.79286065253291,78.79286065253291,0,0,0,223.78543753558333,3186.682943249105,2186.310902178964,2186.310902178964,1669.8683960540247
2024-11-08T00:00:00Z,2186.401230025542,60.67911752602711,60.67911752602711,60.67911752602711,0,0,0,0,0,0,0,0,0,0,0,0,0,0,0,0,0,0,0,0,0,0,0,0,0,0,0,0,0,0,0,0,0,0,0,0,0,0,0,-834.9519579984845,-834.9519579984845,-834.9519579984845,0,0,0,0,0,0,800.601751401882,800.601751401882,800.601751401882,95.02932412262963,95.02932412262963,95.02932412262963,0,0,0,784.3925993311999,3754.6123238349546,2186.401230025542,2186.401230025542,2247.0803475515695
2024-11-09T00:00:00Z,2186.4915578721198,-2130.655870626147,-2130.655870626147,-2130.655870626147,0,0,0,0,0,0,0,0,0,0,0,0,0,0,0,0,0,0,0,0,0,0,0,0,0,0,0,0,0,0,0,0,0,0,0,0,0,0,0,-762.4831881822321,-762.4831881822321,-762.4831881822321,0,0,0,0,0,0,-1478.1331127851383,-1478.1331127851383,-1478.1331127851383,109.96043034122263,109.96043034122263,109.96043034122263,0,0,0,-1419.295541632859,1507.20085762698,2186.4915578721198,2186.4915578721198,55.83568724597262
2024-11-10T00:00:00Z,2186.5818857186973,-2553.4471225327384,-2553.4471225327384,-2553.4471225327384,0,0,0,0,0,0,0,0,0,0,0,0,0,0,0,0,0,0,0,0,0,0,0,0,0,0,0,0,0,0,0,0,0,0,0,0,0,0,0,-615.8442004083724,-615.8442004083724,-615.8442004083724,0,0,0,0,0,0,-2060.641727084317,-2060.641727084317,-2060.641727084317,123.03880495995105,123.03880495995105,123.03880495995105,0,0,0,-1899.8733099397984,1011.3977571906587,2186.5818857186973,2186.5818857186973,-366.86523681404105
2024-11-11T00:00:00Z,2186.672222365313,31.98001581158418,31.98001581158418,31.98001581158418,0,0,0,0,0,0,0,0,0,0,0,0,0,0,0,0,0,0,0,0,0,0,0,0,0,0,0,0,0,0,0,0,0,0,0,0,0,0,0,-499.93582841237895,-499.93582841237895,-499.93582841237895,0,0,0,0,0,0,398.1504989816127,398.1504989816127,398.1504989816127,133.76534524235043,133.76534524235043,133.76534524235043,0,0,0,726.4649290754123,3674.383978346468,2186.672222365313,2186.672222365313,2218.652238176897
2024-11-12T00:00:00Z,2186.762559011928,429.58958562193857,429.58958562193857,429.58958562193857,0,0,0,0,0,0,0,0,0,0,0,0,0,0,0,0,0,0,0,0,0,0,0,0,0,0,0,0,0,0,0,0,0,0,0,0,0,0,0,-445.2213979314341,-445.2213979314341,-445.2213979314341,0,0,0,0,0,0,733.1039213662025,733.1039213662025,733.1039213662025,141.70706218717032,141.70706218717032,141.70706218717032,0,0,0,1268.2946940299075,4042.6170665878126,2186.762559011928,2186.762559011928,2616.3521446338664
2024-11-13T00:00:00Z,2186.8528956585437,553.3598548164283,553.3598548164283,553.3598548164283,0,0,0,0,0,0,0,0,0,0,0,0,0,0,0,0,0,0,0,0,0,0,0,0,0,0,0,0,0,0,0,0,0,0,0,0,0,0,0,-394.00947720271967,-394.00947720271967,-394.00947720271967,0,0,0,0,0,0,800.8560034333555,800.8560034333555,800.8560034333555,146.51332858579258,146.51332858579258,146.51332858579258,0,0,0,1337.9562442870165,4167.595331392856,2186.8528956585437,2186.8528956585437,2740.212750474972
2024-11-14T00:00:00Z,2186.9432323051587,672.7320813685551,672.7320813685551,672.7320813685551,0,0,0,0,0,0,0,0,0,0,0,0,0,0,0,0,0,0,0,0,0,0,0,0,0,0,0,0,0,0,0,0,0,0,0,0,0,0,0,-281.2605999039889,-281.2605999039889,-281.2605999039889,0,0,0,0,0,0,806.0626646829036,806.0626646829036,806.0626646829036,147.93001658964053,147.93001658964053,147.93001658964053,0,0,0,1364.307596476362,4392.637108418544,2186.9432323051587,2186.9432323051587,2859.675313673714
2024-11-15T00:00:00Z,2187.0335689517747,830.1116836795331,830.1116836795331,830.1116836795331,0,0,0,0,0,0,0,0,0,0,0,0,0,0,0,0,0,0,0,0,0,0,0,0,0,0,0,0,0,0,0,0,0,0,0,0,0,0,0,-116.30112739194658,-116.30112739194658,-116.30112739194658,0,0,0,0,0,0,800.6017514002829,800.6017514002829,800.6017514002829,145.8110596711968,145.8110596711968,145.8110596711968,0,0,0,1752.9549524200365,4537.167242540334,2187.0335689517747,2187.0335689517747,3017.145252631308
2024-11-16T00:00:00Z,2187.1239055983897,-1315.1495475446477,-1315.1495475446477,-1315.1495475446477,0,0,0,0,0,0,0,0,0,0,0,0,0,0,0,0,0,0,0,0,0,0,0,0,0,0,0,0,0,0,0,0,0,0,0,0,0,0,0,22.8565258822282,22.8565258822282,22.8565258822282,0,0,0,0,0,0,-1478.1331127801047,-1478.1331127801047,-1478.1331127801047,140.12703935322872,140.12703935322872,140.12703935322872,0,0,0,-568.6368580892597,2349.562298513673,2187.1239055983897,2187.1239055983897,871.974358053742
2024-11-17T00:00:00Z,2187.214242245005,-1854.6931218153866,-1854.6931218153866,-1854.6931218153866,0,0,0,0,0,0,0,0,0,0,0,0,0,0,0,0,0,0,0,0,0,0,0,0,0,0,0,0,0,0,0,0,0,0,0,0,0,0,0,74.97813015715757,74.97813015715757,74.97813015715757,0,0,0,0,0,0,-2060.6417270819666,-2060.6417270819666,-2060.6417270819666,130.97047510942235,130.97047510942235,130.97047510942235,0,0,0,-1043.0512809490995,1739.8989048732708,2187.214242245005,2187.214242245005,332.5211204296186
2024-11-18T00:00:00Z,2187.3045788916206,584.5019274219356,584.5019274219356,584.5019274219356,0,0,0,0,0,0,0,0,0,0,0,0,0,0,0,0,0,0,0,0,0,0,0,0,0,0,0,0,0,0,0,0,0,0,0,0,0,0,0,67.79384405177515,67.79384405177515,67.79384405177515,0,0,0,0,0,0,398.15049898336474,398.15049898336474,398.15049898336474,118.55758438679571,118.55758438679571,118.55758438679571,0,0,0,1212.747631887611,4123.360554893524,2187.3045788916206,2187.3045788916206,2771.8065063135564
2024-11-19T00:00:00Z,2187.394915538236,933.3100168584378,933.3100168584378,933.3100168584378,0,0,0,0,0,0,0,0,0,0,0,0,0,0,0,0,0,0,0,0,0,0,0,0,0,0,0,0,0,0,0,0,0,0,0,0,0,0,0,96.97971907517851,96.97971907517851,96.97971907517851,0,0,0,0,0,0,733.1039213662314,733.1039213662314,733.1039213662314,103.22637641702832,103.22637641702832,103.22637641702832,0,0,0,1774.369749992072,4539.762514965309,2187.394915538236,2187.394915538236,3120.704932396674
2024-11-20T00:00:00Z,2187.4852521848516,1116.2986301870749,1116.2986301870749,1116.2986301870749,0,0,0,0,0,0,0,0,0,0,0,0,0,0,0,0,0,0,0,0,0,0,0,0,0,0,0,0,0,0,0,0,0,0,0,0,0,0,0,230.01158099508186,230.01158099508186,230.01158099508186,0,0,0,0,0,0,800.8560034331424,800.8560034331424,800.8560034331424,85.43104575885076,85.43104575885076,85.43104575885076,0,0,0,1764.887286385932,4859.823985376851,2187.4852521848516,2187.4852521848516,3303.7838823719267
2024-11-21T00:00:00Z,2187.575588831467,1306.2935819690676,1306.2935819690676,1306.2935819690676,0,0,0,0,0,0,0,0,0,0,0,0,0,0,0,0,0,0,0,0,0,0,0,0,0,0,0,0,0,0,0,0,0,0,0,0,0,0,0,434.4981807443126,434.4981807443126,434.4981807443126,0,0,0,0,0,0,806.0626646850889,806.0626646850889,806.0626646850889,65.7327365396663,65.7327365396663,65.7327365396663,0,0,0,2083.8198259129554,4898.233798287607,2187.575588831467,2187.575588831467,3493.8691708005344
2024-11-22T00:00:00Z,2187.6659254780825,1454.9771317831644,1454.9771317831644,1454.9771317831644,0,0,0,0,0,0,0,0,0,0,0,0,0,0,0,0,0,0,0,0,0,0,0,0,0,0,0,0,0,0,0,0,0,0,0,0,0,0,0,609.588527151572,609.588527151572,609.588527151572,0,0,0,0,0,0,800.6017514005952,800.6017514005952,800.6017514005952,44.786853230997394,44.786853230997394,44.786853230997394,0,0,0,2198.9059677659047,5102.230197218095,2187.6659254780825,2187.6659254780825,3642.643057261247
2024-11-23T00:00:00Z,2187.756262124698,-761.5282280992861,-761.5282280992861,-761.5282280992861,0,0,0,0,0,0,0,0,0,0,0,0,0,0,0,0,0,0,0,0,0,0,0,0,0,0,0,0,0,0,0,0,0,0,0,0,0,0,0,693.2776891550318,693.2776891550318,693.2776891550318,0,0,0,0,0,0,-1478.1331127790504,-1478.1331127790504,-1478.1331127790504,23.327195524732538,23.327195524732538,23.327195524732538,0,0,0,7.83066268965351,2917.2052868089345,2187.756262124698,2187.756262124698,1426.228034025412
2024-11-24T00:00:00Z,2187.8465987713134,-1324.1273351157622,-1324.1273351157622,-1324.1273351157622,0,0,0,0,0,0,0,0,0,0,0,0,0,0,0,0,0,0,0,0,0,0,0,0,0,0,0,0,0,0,0,0,0,0,0,0,0,0,0,734.3671013731804,734.3671013731804,734.3671013731804,0,0,0,0,0,0,-2060.641727079615,-2060.641727079615,-2060.641727079615,2.1472905906727817,2.1472905906727817,2.1472905906727817,0,0,0,-639.5339881915755,2301.5904835593187,2187.8465987713134,2187.8465987713134,863.7192636555512
2024-11-25T00:00:00Z,2187.936935417929,1225.1333599341785,1225.1333599341785,1225.1333599341785,0,0,0,0,0,0,0,0,0,0,0,0,0,0,0,0,0,0,0,0,0,0,0,0,0,0,0,0,0,0,0,0,0,0,0,0,0,0,0,844.9034780600172,844.9034780600172,844.9034780600172,0,0,0,0,0,0,398.15049898511717,398.15049898511717,398.15049898511717,-17.920617110955714,-17.920617110955714,-17.920617110955714,0,0,0,1872.085203983571,4870.5878207834085,2187.936935417929,2187.936935417929,3413.0702953521077
2024-11-26T00:00:00Z,2188.0272720645444,2965.943536644048,2965.943536644048,2965.943536644048,0,0,0,0,0,0,1201.4993759236843,1201.4993759236843,1201.4993759236843,0,0,0,0,0,0,0,0,0,1201.4993759236843,1201.4993759236843,1201.4993759236843,0,0,0,0,0,0,0,0,0,0,0,0,0,0,0,0,0,0,1067.3686221246699,1067.3686221246699,1067.3686221246699,0,0,0,0,0,0,733.1039213659373,733.1039213659373,733.1039213659373,-36.02838277024375,-36.02838277024375,-36.02838277024375,0,0,0,3680.6801801227507,6637.681499471484,2188.0272720645444,2188.0272720645444,5153.970808708593
2024-11-27T00:00:00Z,2188.11760871116,3237.1647043849416,3237.1647043849416,3237.1647043849416,0,0,0,0,0,0,1201.4993759236843,1201.4993759236843,1201.4993759236843,0,0,0,0,0,0,0,0,0,1201.4993759236843,1201.4993759236843,1201.4993759236843,0,0,0,0,0,0,0,0,0,0,0,0,0,0,0,0,0,0,1286.1453123978395,1286.1453123978395,1286.1453123978395,0,0,0,0,0,0,800.8560034333613,800.8560034333613,800.8560034333613,-51.335987369944434,-51.335987369944434,-51.335987369944434,0,0,0,4003.894368937324,6768.909462005614,2188.11760871116,2188.11760871116,5425.2823130961015
2024-11-28T00:00:00Z,2188.2079453577753,3230.230421266386,3230.230421266386,3230.230421266386,0,0,0,0,0,0,1201.4993759236843,1201.4993759236843,1201.4993759236843,0,0,0,0,0,0,0,0,0,1201.4993759236843,1201.4993759236843,1201.4993759236843,0,0,0,0,0,0,0,0,0,0,0,0,0,0,0,0,0,0,1285.7045098848819,1285.7045098848819,1285.7045098848819,0,0,0,0,0,0,806.0626646844952,806.0626646844952,806.0626646844952,-63.03612922667511,-63.03612922667511,-63.03612922667511,0,0,0,4022.6954363553123,6903.4008674101515,2188.2079453577753,2188.2079453577753,5418.438366624161
2024-11-29T00:00:00Z,2188.2982820043903,5370.35389362033,5370.35389362033,5370.35389362033,0,0,0,0,0,0,3715.290483842817,3715.290483842817,3715.290483842817,0,0,0,2513.791107919133,2513.791107919133,2513.791107919133,0,0,0,1201.4993759236843,1201.4993759236843,1201.4993759236843,0,0,0,0,0,0,0,0,0,0,0,0,0,0,0,0,0,0,924.8403663631182,924.8403663631182,924.8403663631182,0,0,0,0,0,0,800.6017513970844,800.6017513970844,800.6017513970844,-70.37870798268884,-70.37870798268884,-70.37870798268884,0,0,0,6119.93575021015,8934.895250279114,2188.2982820043903,2188.2982820043903,7558.65217562472
2024-11-30T00:00:00Z,2188.3886186510063,4949.5679493467715,4949.5679493467715,4949.5679493467715,0,0,0,0,0,0,6221.093231655167,6221.093231655167,6221.093231655167,0,0,0,0,0,0,5019.593855731483,5019.593855731483,5019.593855731483,1201.4993759236843,1201.4993759236843,1201.4993759236843,0,0,0,0,0,0,0,0,0,0,0,0,0,0,0,0,0,0,279.3023476249775,279.3023476249775,279.3023476249775,0,0,0,0,0,0,-1478.1331127821068,-1478.1331127821068,-1478.1331127821068,-72.69451715126687,-72.69451715126687,-72.69451715126687,0,0,0,5710.118930220251,8581.940786665022,2188.3886186510063,2188.3886186510063,7137.956567997778
2024-12-01T00:00:00Z,2188.4789552976213,-3126.656380587686,-3126.656380587686,-3126.656380587686,0,0,0,0,0,0,-615.221000053812,-615.221000053812,-615.221000053812,0,0,0,0,0,0,0,0,0,0,0,0,0,0,0,-615.221000053812,-615.221000053812,-615.221000053812,0,0,0,0,0,0,0,0,0,0,0,0,-381.37618433336456,-381.37618433336456,-381.37618433336456,0,0,0,0,0,0,-2060.641727080848,-2060.641727080848,-2060.641727080848,-69.41746911966166,-69.41746911966166,-69.41746911966166,0,0,0,-2513.0797534972503,590.2091631625217,2188.4789552976213,2188.4789552976213,-938.1774252900645
2024-12-02T00:00:00Z,2188.569291944237,-1192.3946384594572,-1192.3946384594572,-1192.3946384594572,0,0,0,0,0,0,-752.8897151972958,-752.8897151972958,-752.8897151972958,0,0,0,0,0,0,0,0,0,0,0,0,-752.8897151972958,-752.8897151972958,-752.8897151972958,0,0,0,0,0,0,0,0,0,0,0,0,0,0,0,-777.5507191041439,-777.5507191041439,-777.5507191041439,0,0,0,0,0,0,398.1504989786894,398.1504989786894,398.1504989786894,-60.10470313670699,-60.10470313670699,-60.10470313670699,0,0,0,-488.8318031605028,2482.962500029603,2188.569291944237,2188.569291944237,996.17465348478
2024-12-03T00:00:00Z,2188.659628590852,-768.9288739767737,-768.9288739767737,-768.9288739767737,0,0,0,0,0,0,-641.1967284672644,-641.1967284672644,-641.1967284672644,0,0,0,0,0,0,0,0,0,0,0,0,0,0,0,0,0,0,-641.1967284672644,-641.1967284672644,-641.1967284672644,0,0,0,0,0,0,0,0,0,-816.3820950878915,-816.3820950878915,-816.3820950878915,0,0,0,0,0,0,733.1039213659665,733.1039213659665,733.1039213659665,-44.45397178758394,-44.45397178758394,-44.45397178758394,0,0,0,35.23043948077907,2835.3968244508196,2188.659628590852,2188.659628590852,1419.7307546140785
2024-12-04T00:00:00Z,2188.7499652374677,-502.80812387602566,-502.80812387602566,-502.80812387602566,0,0,0,0,0,0,-641.1967284672644,-641.1967284672644,-641.1967284672644,0,0,0,0,0,0,0,0,0,0,0,0,0,0,0,0,0,0,-641.1967284672644,-641.1967284672644,-641.1967284672644,0,0,0,0,0,0,0,0,0,-640.1496350298559,-640.1496350298559,-640.1496350298559,0,0,0,0,0,0,800.8560034331477,800.8560034331477,800.8560034331477,-22.31776381205333,-22.31776381205333,-22.31776381205333,0,0,0,218.82663583313635,3169.4285436161563,2188.7499652374677,2188.7499652374677,1685.9418413614421
2024-12-05T00:00:00Z,2188.840301884083,-320.62021346504656,-320.62021346504656,-320.62021346504656,0,0,0,0,0,0,-641.1967284672644,-641.1967284672644,-641.1967284672644,0,0,0,0,0,0,0,0,0,0,0,0,0,0,0,0,0,0,-641.1967284672644,-641.1967284672644,-641.1967284672644,0,0,0,0,0,0,0,0,0,-491.77245029684497,-491.77245029684497,-491.77245029684497,0,0,0,0,0,0,806.0626646812607,806.0626646812607,806.0626646812607,6.286300617801692,6.286300617801692,6.286300617801692,0,0,0,370.7045620664968,3303.5037546271333,2188.840301884083,2188.840301884083,1868.2200884190365
2024-12-06T00:00:00Z,2188.9306385306986,-317.89286313065253,-317.89286313065253,-317.89286313065253,0,0,0,0,0,0,-641.1967284672644,-641.1967284672644,-641.1967284672644,0,0,0,0,0,0,0,0,0,0,0,0,0,0,0,0,0,0,-641.1967284672644,-641.1967284672644,-641.1967284672644,0,0,0,0,0,0,0,0,0,-518.4670598629552,-518.4670598629552,-518.4670598629552,0,0,0,0,0,0,800.6017513973966,800.6017513973966,800.6017513973966,41.169173802170334,41.169173802170334,41.169173802170334,0,0,0,530.5026105380595,3310.474490843135,2188.9306385306986,2188.9306385306986,1871.037775400046
2024-12-08T00:00:00Z,2189.1113118239296,-2748.526600099042,-2748.526600099042,-2748.526600099042,0,0,0,0,0,0,0,0,0,0,0,0,0,0,0,0,0,0,0,0,0,0,0,0,0,0,0,0,0,0,0,0,0,0,0,0,0,0,0,-816.0358379697489,-816.0358379697489,-816.0358379697489,0,0,0,0,0,0,-2060.6417270838238,-2060.6417270838238,-2060.6417270838238,128.15096495453045,128.15096495453045,128.15096495453045,0,0,0,-2014.8317878879297,881.2006307446351,2189.1113118239296,2189.1113118239296,-559.4152882751123
2024-12-09T00:00:00Z,2189.2016484705455,-237.6279939030859,-237.6279939030859,-237.6279939030859,0,0,0,0,0,0,0,0,0,0,0,0,0,0,0,0,0,0,0,0,0,0,0,0,0,0,0,0,0,0,0,0,0,0,0,0,0,0,0,-814.7984258143985,-814.7984258143985,-814.7984258143985,0,0,0,0,0,0,398.15049897926883,398.15049897926883,398.15049897926883,179.0199329320439,179.0199329320439,179.0199329320439,0,0,0,506.2889319891233,3450.1607948590145,2189.2016484705455,2189.2016484705455,1951.5736545674595
2024-12-10T00:00:00Z,2189.2919851171605,275.72313980576956,275.72313980576956,275.72313980576956,0,0,0,0,0,0,0,0,0,0,0,0,0,0,0,0,0,0,0,0,0,0,0,0,0,0,0,0,0,0,0,0,0,0,0,0,0,0,0,-691.1073649492879,-691.1073649492879,-691.1073649492879,0,0,0,0,0,0,733.1039213653502,733.1039213653502,733.1039213653502,233.72658338970717,233.72658338970717,233.72658338970717,0,0,0,948.5029392653115,3941.4721574210553,2189.2919851171605,2189.2919851171605,2465.0151249229302
2024-12-11T00:00:00Z,2189.382321763776,542.496346998507,542.496346998507,542.496346998507,0,0,0,0,0,0,0,0,0,0,0,0,0,0,0,0,0,0,0,0,0,0,0,0,0,0,0,0,0,0,0,0,0,0,0,0,0,0,0,-549.6456992233652,-549.6456992233652,-549.6456992233652,0,0,0,0,0,0,800.8560034335269,800.8560034335269,800.8560034335269,291.2860427883456,291.2860427883456,291.2860427883456,0,0,0,1406.4632893077346,4235.734671966098,2189.382321763776,2189.382321763776,2731.878668762283
2024-12-12T00:00:00Z,2189.4726584103914,689.5379826110441,689.5379826110441,689.5379826110441,0,0,0,0,0,0,0,0,0,0,0,0,0,0,0,0,0,0,0,0,0,0,0,0,0,0,0,0,0,0,0,0,0,0,0,0,0,0,0,-467.12184797497724,-467.12184797497724,-467.12184797497724,0,0,0,0,0,0,806.0626646834462,806.0626646834462,806.0626646834462,350.597165902575,350.597165902575,350.597165902575,0,0,0,1403.8413041781932,4372.79147218834,2189.4726584103914,2189.4726584103914,2879.0106410214357
2024-12-13T00:00:00Z,2189.562995057007,786.7568222884478,786.7568222884478,786.7568222884478,0,0,0,0,0,0,0,0,0,0,0,0,0,0,0,0,0,0,0,0,0,0,0,0,0,0,0,0,0,0,0,0,0,0,0,0,0,0,0,-424.31080145611816,-424.31080145611816,-424.31080145611816,0,0,0,0,0,0,800.6017514022085,800.6017514022085,800.6017514022085,410.4658723423575,410.4658723423575,410.4658723423575,0,0,0,1523.3302156830955,4524.866350504206,2189.562995057007,2189.562995057007,2976.319817345455
2024-12-14T00:00:00Z,2189.6533317036224,-1355.456955002172,-1355.456955002172,-1355.456955002172,0,0,0,0,0,0,0,0,0,0,0,0,0,0,0,0,0,0,0,0,0,0,0,0,0,0,0,0,0,0,0,0,0,0,0,0,0,0,0,-346.95529669188903,-346.95529669188903,-346.95529669188903,0,0,0,0,0,0,-1478.133112784109,-1478.133112784109,-1478.133112784109,469.63145447382607,469.63145447382607,469.63145447382607,0,0,0,-620.7530339524845,2222.9999239376566,2189.6533317036224,2189.6533317036224,834.1963767014504
2024-12-15T00:00:00Z,2189.743668350238,-1735.0988050699307,-1735.0988050699307,-1735.0988050699307,0,0,0,0,0,0,0,0,0,0,0,0,0,0,0,0,0,0,0,0,0,0,0,0,0,0,0,0,0,0,0,0,0,0,0,0,0,0,0,-201.2523120290663,-201.2523120290663,-201.2523120290663,0,0,0,0,0,0,-2060.641727083264,-2060.641727083264,-2060.641727083264,526.7952340423996,526.7952340423996,526.7952340423996,0,0,0,-1020.3314399482135,1954.3927256119825,2189.743668350238,2189.743668350238,454.64486328030716
2024-12-16T00:00:00Z,2189.834004996853,940.7079613837492,940.7079613837492,940.7079613837492,0,0,0,0,0,0,0,0,0,0,0,0,0,0,0,0,0,0,0,0,0,0,0,0,0,0,0,0,0,0,0,0,0,0,0,0,0,0,0,-38.09341029508499,-38.09341029508499,-38.09341029508499,0,0,0,0,0,0,398.1504989821941,398.1504989821941,398.1504989821941,580.65087269664,580.65087269664,580.65087269664,0,0,0,1614.8061987980782,4684.065267978168,2189.834004996853,2189.834004996853,3130.541966380602
2024-12-17T00:00:00Z,2189.924341643469,1423.4582443954757,1423.4582443954757,1423.4582443954757,0,0,0,0,0,0,0,0,0,0,0,0,0,0,0,0,0,0,0,0,0,0,0,0,0,0,0,0,0,0,0,0,0,0,0,0,0,0,0,60.4387359914576,60.4387359914576,60.4387359914576,0,0,0,0,0,0,733.1039213653789,733.1039213653789,733.1039213653789,629.9155870386394,629.9155870386394,629.9155870386394,0,0,0,2131.7050136053695,5081.671938180682,2189.924341643469,2189.924341643469,3613.3825860389443
2024-12-18T00:00:00Z,2190.014678290084,1547.669565231158,1547.669565231158,1547.669565231158,0,0,0,0,0,0,0,0,0,0,0,0,0,0,0,0,0,0,0,0,0,0,0,0,0,0,0,0,0,0,0,0,0,0,0,0,0,0,0,73.45207832098808,73.45207832098808,73.45207832098808,0,0,0,0,0,0,800.8560034327213,800.8560034327213,800.8560034327213,673.361483477449,673.361483477449,673.361483477449,0,0,0,2331.0412455160613,5240.057443548861,2190.014678290084,2190.014678290084,3737.684243521242
2024-12-19T00:00:00Z,2190.1050149366997,1587.6330133511854,1587.6330133511854,1587.6330133511854,0,0,0,0,0,0,0,0,0,0,0,0,0,0,0,0,0,0,0,0,0,0,0,0,0,0,0,0,0,0,0,0,0,0,0,0,0,0,0,71.72413550467786,71.72413550467786,71.72413550467786,0,0,0,0,0,0,806.0626646828524,806.0626646828524,806.0626646828524,709.8462131636551,709.8462131636551,709.8462131636551,0,0,0,2290.103461764291,5286.633758627334,2190.1050149366997,2190.1050149366997,3777.738028287885
2024-12-20T00:00:00Z,2190.1953515833147,1688.9417225176726,1688.9417225176726,1688.9417225176726,0,0,0,0,0,0,0,0,0,0,0,0,0,0,0,0,0,0,0,0,0,0,0,0,0,0,0,0,0,0,0,0,0,0,0,0,0,0,0,149.99781781586333,149.99781781586333,149.99781781586333,0,0,0,0,0,0,800.6017514025211,800.6017514025211,800.6017514025211,738.3421532992882,738.3421532992882,738.3421532992882,0,0,0,2407.6143465699806,5308.729677451833,2190.1953515833147,2190.1953515833147,3879.1370741009873
2024-12-21T00:00:00Z,2190.28568822993,-391.03122904083085,-391.03122904083085,-391.03122904083085,0,0,0,0,0,0,0,0,0,0,0,0,0,0,0,0,0,0,0,0,0,0,0,0,0,0,0,0,0,0,0,0,0,0,0,0,0,0,0,329.1385355701402,329.1385355701402,329.1385355701402,0,0,0,0,0,0,-1478.13311278511,-1478.13311278511,-1478.13311278511,757.9633481741389,757.9633481741389,757.9633481741389,0,0,0,302.61400019036455,3206.2364399755106,2190.28568822993,2190.28568822993,1799.2544591890994
2024-12-22T00:00:00Z,2190.376024876546,-760.8289618452742,-760.8289618452742,-760.8289618452742,0,0,0,0,0,0,0,0,0,0,0,0,0,0,0,0,0,0,0,0,0,0,0,0,0,0,0,0,0,0,0,0,0,0,0,0,0,0,0,531.8232743502883,531.8232743502883,531.8232743502883,0,0,0,0,0,0,-2060.6417270809134,-2060.6417270809134,-2060.6417270809134,767.9894908853507,767.9894908853507,767.9894908853507,0,0,0,28.00958755844006,2946.98584389602,2190.376024876546,2190.376024876546,1429.547063031272
2024-12-23T00:00:00Z,2190.466361523161,1828.5318563079663,1828.5318563079663,1828.5318563079663,0,0,0,0,0,0,0,0,0,0,0,0,0,0,0,0,0,0,0,0,0,0,0,0,0,0,0,0,0,0,0,0,0,0,0,0,0,0,0,662.4950635318181,662.4950635318181,662.4950635318181,0,0,0,0,0,0,398.1504989827734,398.1504989827734,398.1504989827734,767.8862937933749,767.8862937933749,767.8862937933749,0,0,0,2668.4594874155327,5464.614594716382,2190.466361523161,2190.466361523161,4018.9982178311275
2024-12-24T00:00:00Z,2190.556698169777,2202.6456607230084,2202.6456607230084,2202.6456607230084,0,0,0,0,0,0,0,0,0,0,0,0,0,0,0,0,0,0,0,0,0,0,0,0,0,0,0,0,0,0,0,0,0,0,0,0,0,0,0,712.2200586274998,712.2200586274998,712.2200586274998,0,0,0,0,0,0,733.1039213662986,733.1039213662986,733.1039213662986,757.3216807292091,757.3216807292091,757.3216807292091,0,0,0,2908.857433694644,5812.964075053303,2190.556698169777,2190.556698169777,4393.202358892786
2024-12-25T00:00:00Z,2190.647034816392,-1278.2853816798429,-1278.2853816798429,-1278.2853816798429,-3590.3772750081125,-3590.3772750081125,-3590.3772750081125,0,0,0,0,0,0,-3590.3772750081125,-3590.3772750081125,-3590.3772750081125,0,0,0,0,0,0,0,0,0,0,0,0,0,0,0,0,0,0,0,0,0,0,0,0,0,0,0,775.0585551650726,775.0585551650726,775.0585551650726,0,0,0,0,0,0,800.8560034331003,800.8560034331003,800.8560034331003,736.1773347300968,736.1773347300968,736.1773347300968,0,0,0,-484.263761195788,2282.6005543282363,2190.647034816392,2190.647034816392,912.3616531365492
2024-12-26T00:00:00Z,2190.737371463008,2456.1539199602744,2456.1539199602744,2456.1539199602744,0,0,0,0,0,0,0,0,0,0,0,0,0,0,0,0,0,0,0,0,0,0,0,0,0,0,0,0,0,0,0,0,0,0,0,0,0,0,0,945.5360061917643,945.5360061917643,945.5360061917643,0,0,0,0,0,0,806.0626646836482,806.0626646836482,806.0626646836482,704.5552490848623,704.5552490848623,704.5552490848623,0,0,0,3215.829250025078,6009.796696328885,2190.737371463008,2190.737371463008,4646.891291423282
2024-12-27T00:00:00Z,2190.827708109623,3854.990257846824,3854.990257846824,3854.990257846824,0,0,0,0,0,0,1201.4993759236843,1201.4993759236843,1201.4993759236843,0,0,0,0,0,0,0,0,0,1201.4993759236843,1201.4993759236843,1201.4993759236843,0,0,0,0,0,0,0,0,0,0,0,0,0,0,0,0,0,0,1190.1100767078126,1190.1100767078126,1190.1100767078126,0,0,0,0,0,0,800.6017513990101,800.6017513990101,800.6017513990101,662.779053816318,662.779053816318,662.779053816318,0,0,0,4642.648927789522,7410.762437507713,2190.827708109623,2190.827708109623,6045.817965956447
2024-12-28T00:00:00Z,2190.9180447562385,1660.9051116905596,1660.9051116905596,1660.9051116905596,0,0,0,0,0,0,1201.4993759236843,1201.4993759236843,1201.4993759236843,0,0,0,0,0,0,0,0,0,1201.4993759236843,1201.4993759236843,1201.4993759236843,0,0,0,0,0,0,0,0,0,0,0,0,0,0,0,0,0,0,1326.1488273481411,1326.1488273481411,1326.1488273481411,0,0,0,0,0,0,-1478.1331127881663,-1478.1331127881663,-1478.1331127881663,611.3900212069007,611.3900212069007,611.3900212069007,0,0,0,2420.7027051662326,5373.106473105852,2190.9180447562385,2190.9180447562385,3851.823156446798
2024-12-29T00:00:00Z,2191.008381402854,843.3854707140941,843.3854707140941,843.3854707140941,0,0,0,0,0,0,1201.4993759236843,1201.4993759236843,1201.4993759236843,0,0,0,0,0,0,0,0,0,1201.4993759236843,1201.4993759236843,1201.4993759236843,0,0,0,0,0,0,0,0,0,0,0,0,0,0,0,0,0,0,1151.3900327241229,1151.3900327241229,1151.3900327241229,0,0,0,0,0,0,-2060.6417270874717,-2060.6417270874717,-2060.6417270874717,551.1377891537587,551.1377891537587,551.1377891537587,0,0,0,1674.2242777123172,4468.43188536362,2191.008381402854,2191.008381402854,3034.393852116948
2024-12-30T00:00:00Z,2191.0987180494694,5220.136090408235,5220.136090408235,5220.136090408235,0,0,0,0,0,0,3715.290483842817,3715.290483842817,3715.290483842817,0,0,0,2513.791107919133,2513.791107919133,2513.791107919133,0,0,0,1201.4993759236843,1201.4993759236843,1201.4993759236843,0,0,0,0,0,0,0,0,0,0,0,0,0,0,0,0,0,0,623.7291310985813,623.7291310985813,623.7291310985813,0,0,0,0,0,0,398.1504989833524,398.1504989833524,398.1504989833524,482.9659764834836,482.9659764834836,482.9659764834836,0,0,0,5852.874197246818,8835.06482615922,2191.0987180494694,2191.0987180494694,7411.234808457704
2024-12-31T00:00:00Z,2191.313487652911,7293.091301605287,7293.091301605287,7293.091301605287,0,0,0,0,0,0,6221.093231655167,6221.093231655167,6221.093231655167,0,0,0,0,0,0,5019.593855731483,5019.593855731483,5019.593855731483,1201.4993759236843,1201.4993759236843,1201.4993759236843,0,0,0,0,0,0,0,0,0,0,0,0,0,0,0,0,0,0,-69.09884770113922,-69.09884770113922,-69.09884770113922,0,0,0,0,0,0,733.1039213660046,733.1039213660046,733.1039213660046,407.9929962852546,407.9929962852546,407.9929962852546,0,0,0,7983.468440928335,10853.186866484066,2191.313487652911,2191.313487652911,9484.404789258198
2025-01-01T00:00:00Z,2191.5282572563533,-1794.5069145100588,-1794.5069145100588,-1794.5069145100588,0,0,0,0,0,0,-615.221000053812,-615.221000053812,-615.221000053812,-1683.3583639625576,-1683.3583639625576,-1683.3583639625576,0,0,0,0,0,0,0,0,0,0,0,0,-615.221000053812,-615.221000053812,-615.221000053812,0,0,0,0,0,0,0,0,0,-1683.3583639625576,-1683.3583639625576,-1683.3583639625576,-624.2720522555128,-624.2720522555128,-624.2720522555128,0,0,0,0,0,0,800.8560034328868,800.8560034328868,800.8560034328868,327.4884983289365,327.4884983289365,327.4884983289365,0,0,0,-1151.7393430769514,1876.5593913418331,2191.5282572563533,2191.5282572563533,397.0213427462945
2025-01-02T00:00:00Z,2191.7430268597955,-541.3876275469155,-541.3876275469155,-541.3876275469155,0,0,0,0,0,0,-752.8897151972958,-752.8897151972958,-752.8897151972958,0,0,0,0,0,0,0,0,0,0,0,0,-752.8897151972958,-752.8897151972958,-752.8897151972958,0,0,0,0,0,0,0,0,0,0,0,0,0,0,0,-837.4065634155203,-837.4065634155203,-837.4065634155203,0,0,0,0,0,0,806.0626646844438,806.0626646844438,806.0626646844438,242.84598638145658,242.84598638145658,242.84598638145658,0,0,0,75.47147289635096,3149.3577120499795,2191.7430268597955,2191.7430268597955,1650.3553993128799
2025-01-03T00:00:00Z,2191.9577964632376,-424.92536017495473,-424.92536017495473,-424.92536017495473,0,0,0,0,0,0,-641.1967284672644,-641.1967284672644,-641.1967284672644,0,0,0,0,0,0,0,0,0,0,0,0,0,0,0,0,0,0,-641.1967284672644,-641.1967284672644,-641.1967284672644,0,0,0,0,0,0,0,0,0,-739.88264074409,-739.88264074409,-739.88264074409,0,0,0,0,0,0,800.6017513993227,800.6017513993227,800.6017513993227,155.55225763707713,155.55225763707713,155.55225763707713,0,0,0,392.74039375020163,3243.0702960078543,2191.9577964632376,2191.9577964632376,1767.032436288283
2025-01-04T00:00:00Z,2192.17256606668,-2601.290322650766,-2601.290322650766,-2601.290322650766,0,0,0,0,0,0,-641.1967284672644,-641.1967284672644,-641.1967284672644,0,0,0,0,0,0,0,0,0,0,0,0,0,0,0,0,0,0,-641.1967284672644,-641.1967284672644,-641.1967284672644,0,0,0,0,0,0,0,0,0,-549.1148781831786,-549.1148781831786,-549.1148781831786,0,0,0,0,0,0,-1478.1331127790224,-1478.1331127790224,-1478.1331127790224,67.15439677869921,67.15439677869921,67.15439677869921,0,0,0,-1834.2818611465,1074.994804230447,2192.17256606668,2192.17256606668,-409.11775658408624
2025-01-05T00:00:00Z,2192.387335670122,-3204.1412453678004,-3204.1412453678004,-3204.1412453678004,0,0,0,0,0,0,-641.1967284672644,-641.1967284672644,-641.1967284672644,0,0,0,0,0,0,0,0,0,0,0,0,0,0,0,0,0,0,-641.1967284672644,-641.1967284672644,-641.1967284672644,0,0,0,0,0,0,0,0,0,-481.52791387495665,-481.52791387495665,-481.52791387495665,0,0,0,0,0,0,-2060.641727085121,-2060.641727085121,-2060.641727085121,-20.774875940458113,-20.774875940458113,-20.774875940458113,0,0,0,-2467.7889095363125,531.7575682034699,2192.387335670122,2192.387335670122,-1011.7539096976784
2025-01-06T00:00:00Z,2192.6021052735637,-940.4811369449658,-940.4811369449658,-940.4811369449658,0,0,0,0,0,0,-641.1967284672644,-641.1967284672644,-641.1967284672644,0,0,0,0,0,0,0,0,0,0,0,0,0,0,0,0,0,0,-641.1967284672644,-641.1967284672644,-641.1967284672644,0,0,0,0,0,0,0,0,0,-590.7622508511304,-590.7622508511304,-590.7622508511304,0,0,0,0,0,0,398.15049898510495,398.15049898510495,398.15049898510495,-106.67265661167582,-106.67265661167582,-106.67265661167582,0,0,0,-251.9873183489181,2589.308947968637,2192.6021052735637,2192.6021052735637,1252.1209683285979
2025-01-07T00:00:00Z,2192.8168748770063,-857.2153487135847,-857.2153487135847,-857.2153487135847,0,0,0,0,0,0,-641.1967284672644,-641.1967284672644,-641.1967284672644,0,0,0,0,0,0,0,0,0,0,0,0,0,0,0,0,0,0,-641.1967284672644,-641.1967284672644,-641.1967284672644,0,0,0,0,0,0,0,0,0,-760.1013029935101,-760.1013029935101,-760.1013029935101,0,0,0,0,0,0,733.1039213657114,733.1039213657114,733.1039213657114,-189.02123861852135,-189.02123861852135,-189.02123861852135,0,0,0,-94.43897201110497,2837.6186395819395,2192.8168748770063,2192.8168748770063,1335.6015261634216
2025-01-08T00:00:00Z,2193.031644480448,-300.4785036020888,-300.4785036020888,-300.4785036020888,0,0,0,0,0,0,0,0,0,0,0,0,0,0,0,0,0,0,0,0,0,0,0,0,0,0,0,0,0,0,0,0,0,0,0,0,0,0,0,-834.9519579988845,-834.9519579988845,-834.9519579988845,0,0,0,0,0,0,800.856003433698,800.856003433698,800.856003433698,-266.3825490369021,-266.3825490369021,-266.3825490369021,0,0,0,418.3271676171071,3347.6444253318855,2193.031644480448,2193.031644480448,1892.5531408783593
2025-01-09T00:00:00Z,2193.24641408389,-293.8513103035144,-293.8513103035144,-293.8513103035144,0,0,0,0,0,0,0,0,0,0,0,0,0,0,0,0,0,0,0,0,0,0,0,0,0,0,0,0,0,0,0,0,0,0,0,0,0,0,0,-762.4831881816491,-762.4831881816491,-762.4831881816491,0,0,0,0,0,0,806.0626646825992,806.0626646825992,806.0626646825992,-337.43078680446445,-337.43078680446445,-337.43078680446445,0,0,0,314.20495711287157,3244.6052516323475,2193.24641408389,2193.24641408389,1899.3951037803758
2025-01-10T00:00:00Z,2193.4611836873323,-216.22489999567804,-216.22489999567804,-216.22489999567804,0,0,0,0,0,0,0,0,0,0,0,0,0,0,0,0,0,0,0,0,0,0,0,0,0,0,0,0,0,0,0,0,0,0,0,0,0,0,0,-615.8442004078692,-615.8442004078692,-615.8442004078692,0,0,0,0,0,0,800.6017513996348,800.6017513996348,800.6017513996348,-400.98245098744377,-400.98245098744377,-400.98245098744377,0,0,0,681.4601184353404,3446.2771021347276,2193.4611836873323,2193.4611836873323,1977.2362836916543
2025-01-11T00:00:00Z,2193.675953290774,-2434.091951728017,-2434.091951728017,-2434.091951728017,0,0,0,0,0,0,0,0,0,0,0,0,0,0,0,0,0,0,0,0,0,0,0,0,0,0,0,0,0,0,0,0,0,0,0,0,0,0,0,-499.93582841310916,-499.93582841310916,-499.93582841310916,0,0,0,0,0,0,-1478.1331127820786,-1478.1331127820786,-1478.1331127820786,-456.02301053283003,-456.02301053283003,-456.02301053283003,0,0,0,-1639.8920839714565,1203.995029914266,2193.675953290774,2193.675953290774,-240.41599843724316
2025-01-12T00:00:00Z,2193.8907228942167,-3007.5926744831854,-3007.5926744831854,-3007.5926744831854,0,0,0,0,0,0,0,0,0,0,0,0,0,0,0,0,0,0,0,0,0,0,0,0,0,0,0,0,0,0,0,0,0,0,0,0,0,0,0,-445.22139793120317,-445.22139793120317,-445.22139793120317,0,0,0,0,0,0,-2060.6417270845614,-2060.6417270845614,-2060.6417270845614,-501.72954946742044,-501.72954946742044,-501.72954946742044,0,0,0,-2232.148343499408,686.1606322918946,2193.8907228942167,2193.8907228942167,-813.7019515889688
2025-01-13T00:00:00Z,2194.105492497659,-533.3477996624018,-533.3477996624018,-533.3477996624018,0,0,0,0,0,0,0,0,0,0,0,0,0,0,0,0,0,0,0,0,0,0,0,0,0,0,0,0,0,0,0,0,0,0,0,0,0,0,0,-394.00947720256795,-394.00947720256795,-394.00947720256795,0,0,0,0,0,0,398.15049898685714,398.15049898685714,398.15049898685714,-537.488821446691,-537.488821446691,-537.488821446691,0,0,0,184.53693069145206,3056.8104276712975,2194.105492497659,2194.105492497659,1660.7576928352569
2025-01-14T00:00:00Z,2194.3202621011005,-111.06694086810872,-111.06694086810872,-111.06694086810872,0,0,0,0,0,0,0,0,0,0,0,0,0,0,0,0,0,0,0,0,0,0,0,0,0,0,0,0,0,0,0,0,0,0,0,0,0,0,0,-281.2605999037908,-281.2605999037908,-281.2605999037908,0,0,0,0,0,0,733.1039213657397,733.1039213657397,733.1039213657397,-562.9102623300577,-562.9102623300577,-562.9102623300577,0,0,0,664.3530000637489,3552.987593635282,2194.3202621011005,2194.3202621011005,2083.2533212329918
2025-01-15T00:00:00Z,2194.5350317045427,106.721239962012,106.721239962012,106.721239962012,0,0,0,0,0,0,0,0,0,0,0,0,0,0,0,0,0,0,0,0,0,0,0,0,0,0,0,0,0,0,0,0,0,0,0,0,0,0,0,-116.30112739218832,-116.30112739218832,-116.30112739218832,0,0,0,0,0,0,800.8560034328925,800.8560034328925,800.8560034328925,-577.8336360786925,-577.8336360786925,-577.8336360786925,0,0,0,849.546740069922,3696.954549741553,2194.5350317045427,2194.5350317045427,2301.2562716665548
2025-01-16T00:00:00Z,2194.749801307985,246.58806610536988,246.58806610536988,246.58806610536988,0,0,0,0,0,0,0,0,0,0,0,0,0,0,0,0,0,0,0,0,0,0,0,0,0,0,0,0,0,0,0,0,0,0,0,0,0,0,0,22.856525882285347,22.856525882285347,22.856525882285347,0,0,0,0,0,0,806.0626646820053,806.0626646820053,806.0626646820053,-582.3311244589211,-582.3311244589211,-582.3311244589211,0,0,0,1003.0183278912746,3900.0147730605863,2194.749801307985,2194.749801307985,2441.3378674133546
2025-01-17T00:00:00Z,2194.964570911427,298.8760702795773,298.8760702795773,298.8760702795773,0,0,0,0,0,0,0,0,0,0,0,0,0,0,0,0,0,0,0,0,0,0,0,0,0,0,0,0,0,0,0,0,0,0,0,0,0,0,0,74.97813015743293,74.97813015743293,74.97813015743293,0,0,0,0,0,0,800.601751396124,800.601751396124,800.601751396124,-576.7038112739796,-576.7038112739796,-576.7038112739796,0,0,0,1022.9062208490325,3976.3291412946364,2194.964570911427,2194.964570911427,2493.840641191004
2025-01-18T00:00:00Z,2195.179340514869,-1971.8119222090813,-1971.8119222090813,-1971.8119222090813,0,0,0,0,0,0,0,0,0,0,0,0,0,0,0,0,0,0,0,0,0,0,0,0,0,0,0,0,0,0,0,0,0,0,0,0,0,0,0,67.79384405152372,67.79384405152372,67.79384405152372,0,0,0,0,0,0,-1478.1331127830795,-1478.1331127830795,-1478.1331127830795,-561.4726534775257,-561.4726534775257,-561.4726534775257,0,0,0,-1119.2586048626897,1595.063168483501,2195.179340514869,2195.179340514869,223.36741830578785
2025-01-19T00:00:00Z,2195.394110118311,-2501.026178864017,-2501.026178864017,-2501.026178864017,0,0,0,0,0,0,0,0,0,0,0,0,0,0,0,0,0,0,0,0,0,0,0,0,0,0,0,0,0,0,0,0,0,0,0,0,0,0,0,96.97971907487373,96.97971907487373,96.97971907487373,0,0,0,0,0,0,-2060.6417270840025,-2060.6417270840025,-2060.6417270840025,-537.364170854888,-537.364170854888,-537.364170854888,0,0,0,-1766.5343750450227,1197.7540146749634,2195.394110118311,2195.394110118311,-305.63206874570596
2025-01-20T00:00:00Z,2195.608879721753,122.87086062376073,122.87086062376073,122.87086062376073,0,0,0,0,0,0,0,0,0,0,0,0,0,0,0,0,0,0,0,0,0,0,0,0,0,0,0,0,0,0,0,0,0,0,0,0,0,0,0,230.01158099606664,230.01158099606664,230.01158099606664,0,0,0,0,0,0,398.15049898042946,398.15049898042946,398.15049898042946,-505.29121935273525,-505.29121935273525,-505.29121935273525,0,0,0,957.8638424959672,3790.756210389276,2195.608879721753,2195.608879721753,2318.4797403455136
2025-01-21T00:00:00Z,2195.823649325195,701.2727649964664,701.2727649964664,701.2727649964664,0,0,0,0,0,0,0,0,0,0,0,0,0,0,0,0,0,0,0,0,0,0,0,0,0,0,0,0,0,0,0,0,0,0,0,0,0,0,0,434.49818074443084,434.49818074443084,434.49818074443084,0,0,0,0,0,0,733.1039213651239,733.1039213651239,733.1039213651239,-466.3293371130883,-466.3293371130883,-466.3293371130883,0,0,0,1468.203772688269,4362.635613481933,2195.823649325195,2195.823649325195,2897.0964143216615
2025-01-22T00:00:00Z,2196.0384189286374,988.7552669909151,988.7552669909151,988.7552669909151,0,0,0,0,0,0,0,0,0,0,0,0,0,0,0,0,0,0,0,0,0,0,0,0,0,0,0,0,0,0,0,0,0,0,0,0,0,0,0,609.5885271516274,609.5885271516274,609.5885271516274,0,0,0,0,0,0,800.8560034332714,800.8560034332714,800.8560034332714,-421.6892635939838,-421.6892635939838,-421.6892635939838,0,0,0,1755.0663268027442,4724.002864542701,2196.0384189286374,2196.0384189286374,3184.7936859195524
2025-01-23T00:00:00Z,2196.2531885320795,1126.6540259055384,1126.6540259055384,1126.6540259055384,0,0,0,0,0,0,0,0,0,0,0,0,0,0,0,0,0,0,0,0,0,0,0,0,0,0,0,0,0,0,0,0,0,0,0,0,0,0,0,693.2776891552827,693.2776891552827,693.2776891552827,0,0,0,0,0,0,806.0626646828009,806.0626646828009,806.0626646828009,-372.6863279325451,-372.6863279325451,-372.6863279325451,0,0,0,1829.525053895122,4630.807269964178,2196.2531885320795,2196.2531885320795,3322.9072144376178
2025-01-24T00:00:00Z,2196.4679581355213,1214.2613723154802,1214.2613723154802,1214.2613723154802,0,0,0,0,0,0,0,0,0,0,0,0,0,0,0,0,0,0,0,0,0,0,0,0,0,0,0,0,0,0,0,0,0,0,0,0,0,0,0,734.3671013735076,734.3671013735076,734.3671013735076,0,0,0,0,0,0,800.6017513964365,800.6017513964365,800.6017513964365,-320.70748045446385,-320.70748045446385,-320.70748045446385,0,0,0,1892.4529934494162,4872.9277720314085,2196.4679581355213,2196.4679581355213,3410.7293304510013
2025-01-25T00:00:00Z,2196.682727738964,-900.4064336486243,-900.4064336486243,-900.4064336486243,0,0,0,0,0,0,0,0,0,0,0,0,0,0,0,0,0,0,0,0,0,0,0,0,0,0,0,0,0,0,0,0,0,0,0,0,0,0,0,844.9034780607591,844.9034780607591,844.9034780607591,0,0,0,0,0,0,-1478.1331127780456,-1478.1331127780456,-1478.1331127780456,-267.1767989313376,-267.1767989313376,-267.1767989313376,0,0,0,-47.13722197909751,2870.4067698039935,2196.682727738964,2196.682727738964,1296.2762940903394
2025-01-26T00:00:00Z,2196.8974973424056,-1206.7934423383163,-1206.7934423383163,-1206.7934423383163,0,0,0,0,0,0,0,0,0,0,0,0,0,0,0,0,0,0,0,0,0,0,0,0,0,0,0,0,0,0,0,0,0,0,0,0,0,0,0,1067.3686221241799,1067.3686221241799,1067.3686221241799,0,0,0,0,0,0,-2060.641727083443,-2060.641727083443,-2060.641727083443,-213.52033737905256,-213.52033737905256,-213.52033737905256,0,0,0,-439.48829902961324,2416.0708920922166,2196.8974973424056,2196.8974973424056,990.1040550040893
2025-01-27T00:00:00Z,2197.1122669458478,2724.663988346024,2724.663988346024,2724.663988346024,0,0,0,0,0,0,1201.4993759236843,1201.4993759236843,1201.4993759236843,0,0,0,0,0,0,0,0,0,1201.4993759236843,1201.4993759236843,1201.4993759236843,0,0,0,0,0,0,0,0,0,0,0,0,0,0,0,0,0,0,1286.1453123977317,1286.1453123977317,1286.1453123977317,0,0,0,0,0,0,398.15049898100875,398.15049898100875,398.15049898100875,-161.13119895640023,-161.13119895640023,-161.13119895640023,0,0,0,3546.9004192763864,6363.511339626304,2197.1122669458478,2197.1122669458478,4921.776255291872
2025-01-28T00:00:00Z,2197.32703654929,3108.972101616359,3108.972101616359,3108.972101616359,0,0,0,0,0,0,1201.4993759236843,1201.4993759236843,1201.4993759236843,0,0,0,0,0,0,0,0,0,1201.4993759236843,1201.4993759236843,1201.4993759236843,0,0,0,0,0,0,0,0,0,0,0,0,0,0,0,0,0,0,1285.7045098843453,1285.7045098843453,1285.7045098843453,0,0,0,0,0,0,733.1039213651522,733.1039213651522,733.1039213651522,-111.33570555682316,-111.33570555682316,-111.33570555682316,0,0,0,3818.5833947777246,6802.772638172997,2197.32703654929,2197.32703654929,5306.299138165648
2025-01-29T00:00:00Z,2197.5418061527316,515.5166750060554,515.5166750060554,515.5166750060554,0,0,0,-2346.317565425847,-2346.317565425847,-2346.317565425847,1201.4993759236843,1201.4993759236843,1201.4993759236843,-2346.317565425847,-2346.317565425847,-2346.317565425847,0,0,0,0,0,0,1201.4993759236843,1201.4993759236843,1201.4993759236843,0,0,0,0,0,0,0,0,0,0,0,0,0,0,0,0,0,0,924.840366361806,924.840366361806,924.840366361806,0,0,0,0,0,0,800.8560034330582,800.8560034330582,800.8560034330582,-65.36150528664552,-65.36150528664552,-65.36150528664552,0,0,0,1298.0948652113618,4111.740817383356,2197.5418061527316,2197.5418061527316,2713.058481158787
2025-01-30T00:00:00Z,2197.7565757561742,2430.029524676003,2430.029524676003,2430.029524676003,0,0,0,-2346.317565425847,-2346.317565425847,-2346.317565425847,3715.290483842817,3715.290483842817,3715.290483842817,-2346.317565425847,-2346.317565425847,-2346.317565425847,2513.791107919133,2513.791107919133,2513.791107919133,0,0,0,1201.4993759236843,1201.4993759236843,1201.4993759236843,0,0,0,0,0,0,0,0,0,0,0,0,0,0,0,0,0,0,279.30234762551055,279.30234762551055,279.30234762551055,0,0,0,0,0,0,806.0626646835968,806.0626646835968,806.0626646835968,-24.308406050074094,-24.308406050074094,-24.308406050074094,0,0,0,3187.5434684320035,6077.733546814816,2197.7565757561742,2197.7565757561742,4627.786100432177
2025-01-31T00:00:00Z,2197.9713453596164,6651.196148330461,6651.196148330461,6651.196148330461,0,0,0,0,0,0,6221.093231655167,6221.093231655167,6221.093231655167,0,0,0,0,0,0,5019.593855731483,5019.593855731483,5019.593855731483,1201.4993759236843,1201.4993759236843,1201.4993759236843,0,0,0,0,0,0,0,0,0,0,0,0,0,0,0,0,0,0,-381.376184334367,-381.376184334367,-381.376184334367,0,0,0,0,0,0,800.6017514012482,800.6017514012482,800.6017514012482,10.877349608412677,10.877349608412677,10.877349608412677,0,0,0,7274.062798131352,10265.94558398713,2197.9713453596164,2197.9713453596164,8849.167493690078
2025-02-01T00:00:00Z,2198.186114963058,-4514.838451429934,-4514.838451429934,-4514.838451429934,0,0,0,0,0,0,-615.221000053812,-615.221000053812,-615.221000053812,-1683.3583639625576,-1683.3583639625576,-1683.3583639625576,0,0,0,0,0,0,0,0,0,0,0,0,-615.221000053812,-615.221000053812,-615.221000053812,0,0,0,0,0,0,0,0,0,-1683.3583639625576,-1683.3583639625576,-1683.3583639625576,-777.5507191047013,-777.5507191047013,-777.5507191047013,0,0,0,0,0,0,-1478.133112776992,-1478.133112776992,-1478.133112776992,39.42474446812746,39.42474446812746,39.42474446812746,0,0,0,-3784.5696599944613,-877.1303463148149,2198.186114963058,2198.186114963058,-2316.652336466876
2025-02-02T00:00:00Z,2198.4008845665003,-3569.1584730037894,-3569.1584730037894,-3569.1584730037894,0,0,0,0,0,0,-752.8897151972958,-752.8897151972958,-752.8897151972958,0,0,0,0,0,0,0,0,0,0,0,0,-752.8897151972958,-752.8897151972958,-752.8897151972958,0,0,0,0,0,0,0,0,0,0,0,0,0,0,0,-816.3820950881783,-816.3820950881783,-816.3820950881783,0,0,0,0,0,0,-2060.641727081092,-2060.641727081092,-2060.641727081092,60.7550643627759,60.7550643627759,60.7550643627759,0,0,0,-2873.7933244175765,69.81528330973504,2198.4008845665003,2198.4008845665003,-1370.757588437289
2025-02-03T00:00:00Z,2198.6156541699424,-808.7018681505813,-808.7018681505813,-808.7018681505813,0,0,0,0,0,0,-641.1967284672644,-641.1967284672644,-641.1967284672644,0,0,0,0,0,0,0,0,0,0,0,0,0,0,0,0,0,0,-641.1967284672644,-641.1967284672644,-641.1967284672644,0,0,0,0,0,0,0,0,0,-640.1496350301654,-640.1496350301654,-640.1496350301654,0,0,0,0,0,0,398.1504989839341,398.1504989839341,398.1504989839341,74.49399636291422,74.49399636291422,74.49399636291422,0,0,0,-50.64952077804263,2870.8415739313236,2198.6156541699424,2198.6156541699424,1389.9137860193612
2025-02-04T00:00:00Z,2198.8304237733846,-319.38677792495014,-319.38677792495014,-319.38677792495014,0,0,0,0,0,0,-641.1967284672644,-641.1967284672644,-641.1967284672644,0,0,0,0,0,0,0,0,0,0,0,0,0,0,0,0,0,0,-641.1967284672644,-641.1967284672644,-641.1967284672644,0,0,0,0,0,0,0,0,0,-491.77245029709655,-491.77245029709655,-491.77245029709655,0,0,0,0,0,0,733.1039213663943,733.1039213663943,733.1039213663943,80.47847947301635,80.47847947301635,80.47847947301635,0,0,0,352.0306797457457,3265.677155746749,2198.8304237733846,2198.8304237733846,1879.4436458484345
2025-02-05T00:00:00Z,2199.045193376827,-280.04960939790305,-280.04960939790305,-280.04960939790305,0,0,0,0,0,0,-641.1967284672644,-641.1967284672644,-641.1967284672644,0,0,0,0,0,0,0,0,0,0,0,0,0,0,0,0,0,0,-641.1967284672644,-641.1967284672644,-641.1967284672644,0,0,0,0,0,0,0,0,0,-518.4670598631817,-518.4670598631817,-518.4670598631817,0,0,0,0,0,0,800.856003433277,800.856003433277,800.856003433277,78.75817549926637,78.75817549926637,78.75817549926637,0,0,0,425.0639524740413,3410.7669349325643,2199.045193376827,2199.045193376827,1918.9955839789236
2025-02-06T00:00:00Z,2199.2599629802685,-444.2273942149175,-444.2273942149175,-444.2273942149175,0,0,0,0,0,0,-641.1967284672644,-641.1967284672644,-641.1967284672644,0,0,0,0,0,0,0,0,0,0,0,0,0,0,0,0,0,0,-641.1967284672644,-641.1967284672644,-641.1967284672644,0,0,0,0,0,0,0,0,0,-678.6848964186812,-678.6848964186812,-678.6848964186812,0,0,0,0,0,0,806.0626646843926,806.0626646843926,806.0626646843926,69.59156598663549,69.59156598663549,69.59156598663549,0,0,0,358.9300066852652,3192.7052017796364,2199.2599629802685,2199.2599629802685,1755.032568765351
2025-02-07T00:00:00Z,2199.4747325837106,-603.1939966549892,-603.1939966549892,-603.1939966549892,0,0,0,0,0,0,-641.1967284672644,-641.1967284672644,-641.1967284672644,0,0,0,0,0,0,0,0,0,0,0,0,0,0,0,0,0,0,-641.1967284672644,-641.1967284672644,-641.1967284672644,0,0,0,0,0,0,0,0,0,-816.03583796977,-816.03583796977,-816.03583796977,0,0,0,0,0,0,800.601751399649,800.601751399649,800.601751399649,53.436818382396424,53.436818382396424,53.436818382396424,0,0,0,164.13970226997165,3058.358352490067,2199.4747325837106,2199.4747325837106,1596.2807359287215
2025-02-08T00:00:00Z,2199.6895021871533,-2261.9938413222358,-2261.9938413222358,-2261.9938413222358,0,0,0,0,0,0,0,0,0,0,0,0,0,0,0,0,0,0,0,0,0,0,0,0,0,0,0,0,0,0,0,0,0,0,0,0,0,0,0,-814.7984258139389,-814.7984258139389,-814.7984258139389,0,0,0,0,0,0,-1478.133112780048,-1478.133112780048,-1478.133112780048,30.93769727175132,30.93769727175132,30.93769727175132,0,0,0,-1473.611162260203,1418.0087750615276,2199.6895021871533,2199.6895021871533,-62.3043391350825
2025-02-09T00:00:00Z,2199.904271790595,-2748.844170829079,-2748.844170829079,-2748.844170829079,0,0,0,0,0,0,0,0,0,0,0,0,0,0,0,0,0,0,0,0,0,0,0,0,0,0,0,0,0,0,0,0,0,0,0,0,0,0,0,-691.1073649486933,-691.1073649486933,-691.1073649486933,0,0,0,0,0,0,-2060.6417270823245,-2060.6417270823245,-2060.6417270823245,2.904921201939036,2.904921201939036,2.904921201939036,0,0,0,-1925.6605293839746,952.453580166271,2199.904271790595,2199.904271790595,-548.9398990384839
2025-02-10T00:00:00Z,2200.119041394037,-181.20172118192727,-181.20172118192727,-181.20172118192727,0,0,0,0,0,0,0,0,0,0,0,0,0,0,0,0,0,0,0,0,0,0,0,0,0,0,0,0,0,0,0,0,0,0,0,0,0,0,0,-549.6456992239786,-549.6456992239786,-549.6456992239786,0,0,0,0,0,0,398.15049898451343,398.15049898451343,398.15049898451343,-29.706520942462376,-29.706520942462376,-29.706520942462376,0,0,0,634.957053230119,3570.259976154652,2200.119041394037,2200.119041394037,2018.9173202121099
2025-02-11T00:00:00Z,2200.333810997479,-1483.1997713172807,-1483.1997713172807,-1483.1997713172807,0,0,0,0,0,0,0,0,0,-1683.3583639625576,-1683.3583639625576,-1683.3583639625576,0,0,0,0,0,0,0,0,0,0,0,0,0,0,0,0,0,0,0,0,0,0,0,0,-1683.3583639625576,-1683.3583639625576,-1683.3583639625576,-467.1218479754143,-467.1218479754143,-467.1218479754143,0,0,0,0,0,0,733.1039213661006,733.1039213661006,733.1039213661006,-65.82348074540957,-65.82348074540957,-65.82348074540957,0,0,0,-835.0098391465177,2191.1629137303307,2200.333810997479,2200.333810997479,717.1340396801982
2025-02-12T00:00:00Z,2200.5485806009215,272.2617096708357,272.2617096708357,272.2617096708357,0,0,0,0,0,0,0,0,0,0,0,0,0,0,0,0,0,0,0,0,0,0,0,0,0,0,0,0,0,0,0,0,0,0,0,0,0,0,0,-424.3108014559836,-424.3108014559836,-424.3108014559836,0,0,0,0,0,0,800.856003433064,800.856003433064,800.856003433064,-104.28349230624438,-104.28349230624438,-104.28349230624438,0,0,0,1070.1422946897353,3952.1342330787957,2200.5485806009215,2200.5485806009215,2472.8102902717574
2025-02-13T00:00:00Z,2200.7633502043636,315.24178238313124,315.24178238313124,315.24178238313124,0,0,0,0,0,0,0,0,0,0,0,0,0,0,0,0,0,0,0,0,0,0,0,0,0,0,0,0,0,0,0,0,0,0,0,0,0,0,0,-346.95529669176995,-346.95529669176995,-346.95529669176995,0,0,0,0,0,0,806.0626646837987,806.0626646837987,806.0626646837987,-143.8655856088979,-143.8655856088979,-143.8655856088979,0,0,0,1098.4107785137455,3952.1845733882847,2200.7633502043636,2200.7633502043636,2516.0051325874947
2025-02-14T00:00:00Z,2200.9781198078053,416.02717181278143,416.02717181278143,416.02717181278143,0,0,0,0,0,0,0,0,0,0,0,0,0,0,0,0,0,0,0,0,0,0,0,0,0,0,0,0,0,0,0,0,0,0,0,0,0,0,0,-201.25231202929714,-201.25231202929714,-201.25231202929714,0,0,0,0,0,0,800.6017513980496,800.6017513980496,800.6017513980496,-183.32226755597105,-183.32226755597105,-183.32226755597105,0,0,0,1156.9521636261857,4095.6581371923694,2200.9781198078053,2200.9781198078053,2617.005291620587
2025-02-15T00:00:00Z,2201.1928894112475,-1737.638367571121,-1737.638367571121,-1737.638367571121,0,0,0,0,0,0,0,0,0,0,0,0,0,0,0,0,0,0,0,0,0,0,0,0,0,0,0,0,0,0,0,0,0,0,0,0,0,0,0,-38.09341029506522,-38.09341029506522,-38.09341029506522,0,0,0,0,0,0,-1478.133112783104,-1478.133112783104,-1478.133112783104,-221.41184449295181,-221.41184449295181,-221.41184449295181,0,0,0,-923.3397221350907,1852.7224647093815,2201.1928894112475,2201.1928894112475,463.5545218401264
2025-02-16T00:00:00Z,2201.407659014689,-2257.1332502918385,-2257.1332502918385,-2257.1332502918385,0,0,0,0,0,0,0,0,0,0,0,0,0,0,0,0,0,0,0,0,0,0,0,0,0,0,0,0,0,0,0,0,0,0,0,0,0,0,0,60.43873599156389,60.43873599156389,60.43873599156389,0,0,0,0,0,0,-2060.6417270853,-2060.6417270853,-2060.6417270853,-256.93025919810276,-256.93025919810276,-256.93025919810276,0,0,0,-1527.9117627598143,1393.2203636470683,2201.407659014689,2201.407659014689,-55.725591277149306
2025-02-17T00:00:00Z,2201.622428618132,182.86094134639566,182.86094134639566,182.86094134639566,0,0,0,0,0,0,0,0,0,0,0,0,0,0,0,0,0,0,0,0,0,0,0,0,0,0,0,0,0,0,0,0,0,0,0,0,0,0,0,73.4520783199671,73.4520783199671,73.4520783199671,0,0,0,0,0,0,398.1504989862655,398.1504989862655,398.1504989862655,-288.74163595983686,-288.74163595983686,-288.74163595983686,0,0,0,955.3100732213234,3797.823021403603,2201.622428618132,2201.622428618132,2384.4833699645274
2025-02-18T00:00:00Z,2201.837198221574,489.02128807518596,489.02128807518596,489.02128807518596,0,0,0,0,0,0,0,0,0,0,0,0,0,0,0,0,0,0,0,0,0,0,0,0,0,0,0,0,0,0,0,0,0,0,0,0,0,0,0,71.72413550361273,71.72413550361273,71.72413550361273,0,0,0,0,0,0,733.1039213658071,733.1039213658071,733.1039213658071,-315.80676879423385,-315.80676879423385,-315.80676879423385,0,0,0,1234.9753879760042,4173.79714547204,2201.837198221574,2201.837198221574,2690.85848629676
2025-02-19T00:00:00Z,2202.133752870478,613.6449724516997,613.6449724516997,613.6449724516997,0,0,0,0,0,0,0,0,0,0,0,0,0,0,0,0,0,0,0,0,0,0,0,0,0,0,0,0,0,0,0,0,0,0,0,0,0,0,0,149.99781781672993,149.99781781672993,149.99781781672993,0,0,0,0,0,0,800.8560034334424,800.8560034334424,800.8560034334424,-337.20884879847256,-337.20884879847256,-337.20884879847256,0,0,0,1407.490838397654,4250.5529141983525,2202.133752870478,2202.133752870478,2815.7787253221777
2025-02-20T00:00:00Z,2202.430307519382,783.0253949459262,783.0253949459262,783.0253949459262,0,0,0,0,0,0,0,0,0,0,0,0,0,0,0,0,0,0,0,0,0,0,0,0,0,0,0,0,0,0,0,0,0,0,0,0,0,0,0,329.13853557065545,329.13853557065545,329.13853557065545,0,0,0,0,0,0,806.062664685984,806.062664685984,806.062664685984,-352.1758053107132,-352.1758053107132,-352.1758053107132,0,0,0,1549.056087425513,4391.528693007876,2202.430307519382,2202.430307519382,2985.455702465308
2025-02-21T00:00:00Z,2202.7268621682865,972.3262960335618,972.3262960335618,972.3262960335618,0,0,0,0,0,0,0,0,0,0,0,0,0,0,0,0,0,0,0,0,0,0,0,0,0,0,0,0,0,0,0,0,0,0,0,0,0,0,0,531.823274350449,531.823274350449,531.823274350449,0,0,0,0,0,0,800.6017514047734,800.6017514047734,800.6017514047734,-360.09872972166045,-360.09872972166045,-360.09872972166045,0,0,0,1699.250022909764,4677.532529792769,2202.7268621682865,2202.7268621682865,3175.0531582018484
2025-02-22T00:00:00Z,2203.023416817191,-1176.1840070791518,-1176.1840070791518,-1176.1840070791518,0,0,0,0,0,0,0,0,0,0,0,0,0,0,0,0,0,0,0,0,0,0,0,0,0,0,0,0,0,0,0,0,0,0,0,0,0,0,0,662.4950635317647,662.4950635317647,662.4950635317647,0,0,0,0,0,0,-1478.1331127820501,-1478.1331127820501,-1478.1331127820501,-360.5459578288663,-360.5459578288663,-360.5459578288663,0,0,0,-392.3930243318087,2575.1160960373586,2203.023416817191,2203.023416817191,1026.8394097380392
2025-02-23T00:00:00Z,2203.3199714660955,-1701.694172043345,-1701.694172043345,-1701.694172043345,0,0,0,0,0,0,0,0,0,0,0,0,0,0,0,0,0,0,0,0,0,0,0,0,0,0,0,0,0,0,0,0,0,0,0,0,0,0,0,712.2200586277521,712.2200586277521,712.2200586277521,0,0,0,0,0,0,-2060.6417270847405,-2060.6417270847405,-2060.6417270847405,-353.2725035863565,-353.2725035863565,-353.2725035863565,0,0,0,-949.0512259343677,1943.8767013680583,2203.3199714660955,2203.3199714660955,501.62579942275056
2025-02-24T00:00:00Z,2203.6165261149995,2036.4837692705712,2036.4837692705712,2036.4837692705712,0,0,0,0,0,0,1201.4993759236843,1201.4993759236843,1201.4993759236843,0,0,0,0,0,0,0,0,0,1201.4993759236843,1201.4993759236843,1201.4993759236843,0,0,0,0,0,0,0,0,0,0,0,0,0,0,0,0,0,0,775.0585551649701,775.0585551649701,775.0585551649701,0,0,0,0,0,0,398.150498988018,398.150498988018,398.150498988018,-338.22466080610116,-338.22466080610116,-338.22466080610116,0,0,0,2686.8418536741187,5664.554190770496,2203.6165261149995,2203.6165261149995,4240.1002953855705
2025-02-25T00:00:00Z,2203.9130807639035,2564.5995870190313,2564.5995870190313,2564.5995870190313,0,0,0,0,0,0,1201.4993759236843,1201.4993759236843,1201.4993759236843,0,0,0,0,0,0,0,0,0,1201.4993759236843,1201.4993759236843,1201.4993759236843,0,0,0,0,0,0,0,0,0,0,0,0,0,0,0,0,0,0,945.5360061915167,945.5360061915167,945.5360061915167,0,0,0,0,0,0,733.1039213655134,733.1039213655134,733.1039213655134,-315.5397164616827,-315.5397164616827,-315.5397164616827,0,0,0,3410.6286280946915,6153.515211249759,2203.9130807639035,2203.9130807639035,4768.512667782935
2025-02-26T00:00:00Z,2204.209635412808,2906.9246097137093,2906.9246097137093,2906.9246097137093,0,0,0,0,0,0,1201.4993759236843,1201.4993759236843,1201.4993759236843,0,0,0,0,0,0,0,0,0,1201.4993759236843,1201.4993759236843,1201.4993759236843,0,0,0,0,0,0,0,0,0,0,0,0,0,0,0,0,0,0,1190.1100767083221,1190.1100767083221,1190.1100767083221,0,0,0,0,0,0,800.8560034326371,800.8560034326371,800.8560034326371,-285.54084635093375,-285.54084635093375,-285.54084635093375,0,0,0,3662.196446013223,6647.565955290489,2204.209635412808,2204.209635412808,5111.134245126517
2025-02-27T00:00:00Z,2204.506190061712,5598.774588261827,5598.774588261827,5598.774588261827,0,0,0,0,0,0,3715.290483842817,3715.290483842817,3715.290483842817,0,0,0,2513.791107919133,2513.791107919133,2513.791107919133,0,0,0,1201.4993759236843,1201.4993759236843,1201.4993759236843,0,0,0,0,0,0,0,0,0,0,0,0,0,0,0,0,0,0,1326.1488273484579,1326.1488273484579,1326.1488273484579,0,0,0,0,0,0,806.06266468275,806.06266468275,806.06266468275,-248.72738761219716,-248.72738761219716,-248.72738761219716,0,0,0,6378.485254199186,9195.389230658497,2204.506190061712,2204.506190061712,7803.280778323539
2025-02-28T00:00:00Z,2204.8027447106165,7967.324216040824,7967.324216040824,7967.324216040824,0,0,0,0,0,0,6221.093231655167,6221.093231655167,6221.093231655167,0,0,0,0,0,0,5019.593855731483,5019.593855731483,5019.593855731483,1201.4993759236843,1201.4993759236843,1201.4993759236843,0,0,0,0,0,0,0,0,0,0,0,0,0,0,0,0,0,0,1151.3900327235667,1151.3900327235667,1151.3900327235667,0,0,0,0,0,0,800.601751403174,800.601751403174,800.601751403174,-205.76079974108518,-205.76079974108518,-205.76079974108518,0,0,0,8777.361542765533,11671.312360058626,2204.8027447106165,2204.8027447106165,10172.12696075144
2025-03-01T00:00:00Z,2205.099299359521,-1627.0717150062812,-1627.0717150062812,-1627.0717150062812,0,0,0,0,0,0,-615.221000053812,-615.221000053812,-615.221000053812,0,0,0,0,0,0,0,0,0,0,0,0,0,0,0,-615.221000053812,-615.221000053812,-615.221000053812,0,0,0,0,0,0,0,0,0,0,0,0,623.7291310999562,623.7291310999562,623.7291310999562,0,0,0,0,0,0,-1478.1331127851063,-1478.1331127851063,-1478.1331127851063,-157.44673326731927,-157.44673326731927,-157.44673326731927,0,0,0,-856.6402807353973,2096.424202086779,2205.099299359521,2205.099299359521,578.0275843532397
2025-03-02T00:00:00Z,2205.395854008425,-2987.344010401632,-2987.344010401632,-2987.344010401632,0,0,0,0,0,0,-752.8897151972958,-752.8897151972958,-752.8897151972958,0,0,0,0,0,0,0,0,0,0,0,0,-752.8897151972958,-752.8897151972958,-752.8897151972958,0,0,0,0,0,0,0,0,0,0,0,0,0,0,0,-69.09884770227723,-69.09884770227723,-69.09884770227723,0,0,0,0,0,0,-2060.6417270823904,-2060.6417270823904,-2060.6417270823904,-104.71372041966897,-104.71372041966897,-104.71372041966897,0,0,0,-2284.1481427907515,698.5801878725147,2205.395854008425,2205.395854008425,-781.9481563932072
2025-03-03T00:00:00Z,2205.6924086573295,-915.9073642493092,-915.9073642493092,-915.9073642493092,0,0,0,0,0,0,-641.1967284672644,-641.1967284672644,-641.1967284672644,0,0,0,0,0,0,0,0,0,0,0,0,0,0,0,0,0,0,-641.1967284672644,-641.1967284672644,-641.1967284672644,0,0,0,0,0,0,0,0,0,-624.2720522546427,-624.2720522546427,-624.2720522546427,0,0,0,0,0,0,398.1504989815902,398.1504989815902,398.1504989815902,-48.58908250899243,-48.58908250899243,-48.58908250899243,0,0,0,-137.75099960379157,2693.5306295358932,2205.6924086573295,2205.6924086573295,1289.7850444080202
2025-03-04T00:00:00Z,2205.9889633062335,-735.6720830039585,-735.6720830039585,-735.6720830039585,0,0,0,0,0,0,-641.1967284672644,-641.1967284672644,-641.1967284672644,0,0,0,0,0,0,0,0,0,0,0,0,0,0,0,0,0,0,-641.1967284672644,-641.1967284672644,-641.1967284672644,0,0,0,0,0,0,0,0,0,-837.406563415843,-837.406563415843,-837.406563415843,0,0,0,0,0,0,733.103921366755,733.103921366755,733.103921366755,9.827287512393662,9.827287512393662,9.827287512393662,0,0,0,137.12612694056668,2837.202915294606,2205.9889633062335,2205.9889633062335,1470.316880302275
2025-03-05T00:00:00Z,2206.285517955138,-510.83280244761005,-510.83280244761005,-510.83280244761005,0,0,0,0,0,0,-641.1967284672644,-641.1967284672644,-641.1967284672644,0,0,0,0,0,0,0,0,0,0,0,0,0,0,0,0,0,0,-641.1967284672644,-641.1967284672644,-641.1967284672644,0,0,0,0,0,0,0,0,0,-739.8826407439866,-739.8826407439866,-739.8826407439866,0,0,0,0,0,0,800.8560034330164,800.8560034330164,800.8560034330164,69.39056333062472,69.39056333062472,69.39056333062472,0,0,0,259.47011155523603,3231.8380836753763,2206.285517955138,2206.285517955138,1695.452715507528
2025-03-06T00:00:00Z,2206.582072604042,-255.30962793033012,-255.30962793033012,-255.30962793033012,0,0,0,0,0,0,-641.1967284672644,-641.1967284672644,-641.1967284672644,0,0,0,0,0,0,0,0,0,0,0,0,0,0,0,0,0,0,-641.1967284672644,-641.1967284672644,-641.1967284672644,0,0,0,0,0,0,0,0,0,-549.1148781827516,-549.1148781827516,-549.1148781827516,0,0,0,0,0,0,806.0626646835458,806.0626646835458,806.0626646835458,128.93931403614,128.93931403614,128.93931403614,0,0,0,529.7620564688957,3475.439777669383,2206.582072604042,2206.582072604042,1951.2724446737118
2025-03-07T00:00:00Z,2206.8786272529464,-134.79910466744138,-134.79910466744138,-134.79910466744138,0,0,0,0,0,0,-641.1967284672644,-641.1967284672644,-641.1967284672644,0,0,0,0,0,0,0,0,0,0,0,0,0,0,0,0,0,0,-641.1967284672644,-641.1967284672644,-641.1967284672644,0,0,0,0,0,0,0,0,0,-481.5279138752238,-481.5279138752238,-481.5279138752238,0,0,0,0,0,0,800.6017514015747,800.6017514015747,800.6017514015747,187.3237862734722,187.3237862734722,187.3237862734722,0,0,0,506.7173633193097,3534.636238200629,2206.8786272529464,2206.8786272529464,2072.079522585505
2025-03-08T00:00:00Z,2207.1751819018505,-1825.4619481749385,-1825.4619481749385,-1825.4619481749385,0,0,0,0,0,0,0,0,0,0,0,0,0,0,0,0,0,0,0,0,0,0,0,0,0,0,0,0,0,0,0,0,0,0,0,0,0,0,0,-590.7622508514941,-590.7622508514941,-590.7622508514941,0,0,0,0,0,0,-1478.1331127861076,-1478.1331127861076,-1478.1331127861076,243.43341546266336,243.43341546266336,243.43341546266336,0,0,0,-1121.9993566718647,1707.601239936787,2207.1751819018505,2207.1751819018505,381.713233726912
2025-03-09T00:00:00Z,2207.471736550755,-2524.520156570207,-2524.520156570207,-2524.520156570207,0,0,0,0,0,0,0,0,0,0,0,0,0,0,0,0,0,0,0,0,0,0,0,0,0,0,0,0,0,0,0,0,0,0,0,0,0,0,0,-760.1013029937039,-760.1013029937039,-760.1013029937039,0,0,0,0,0,0,-2060.641727083622,-2060.641727083622,-2060.641727083622,296.22287350711923,296.22287350711923,296.22287350711923,0,0,0,-1724.0837311225368,1080.4257346076004,2207.471736550755,2207.471736550755,-317.0484200194519
2025-03-10T00:00:00Z,2207.7682911996594,-92.06544906093836,-92.06544906093836,-92.06544906093836,0,0,0,0,0,0,0,0,0,0,0,0,0,0,0,0,0,0,0,0,0,0,0,0,0,0,0,0,0,0,0,0,0,0,0,0,0,0,0,-834.9519579986406,-834.9519579986406,-834.9519579986406,0,0,0,0,0,0,398.15049898216944,398.15049898216944,398.15049898216944,344.7360099555327,344.7360099555327,344.7360099555327,0,0,0,702.574883030824,3539.8589700678885,2207.7682911996594,2207.7682911996594,2115.7028421387213
2025-03-11T00:00:00Z,2208.0648458485634,358.7478425733374,358.7478425733374,358.7478425733374,0,0,0,0,0,0,0,0,0,0,0,0,0,0,0,0,0,0,0,0,0,0,0,0,0,0,0,0,0,0,0,0,0,0,0,0,0,0,0,-762.4831881815859,-762.4831881815859,-762.4831881815859,0,0,0,0,0,0,733.1039213661392,733.1039213661392,733.1039213661392,388.127109388784,388.127109388784,388.127109388784,0,0,0,1084.0589011739178,3907.6734325705947,2208.0648458485634,2208.0648458485634,2566.812688421901
2025-03-12T00:00:00Z,2208.3614004974675,610.6907708972012,610.6907708972012,610.6907708972012,0,0,0,0,0,0,0,0,0,0,0,0,0,0,0,0,0,0,0,0,0,0,0,0,0,0,0,0,0,0,0,0,0,0,0,0,0,0,0,-615.8442004086463,-615.8442004086463,-615.8442004086463,0,0,0,0,0,0,800.8560034333951,800.8560034333951,800.8560034333951,425.67896787245223,425.67896787245223,425.67896787245223,0,0,0,1466.1703609631816,4260.469011252877,2208.3614004974675,2208.3614004974675,2819.0521713946687
2025-03-13T00:00:00Z,2208.657955146372,762.9442195542778,762.9442195542778,762.9442195542778,0,0,0,0,0,0,0,0,0,0,0,0,0,0,0,0,0,0,0,0,0,0,0,0,0,0,0,0,0,0,0,0,0,0,0,0,0,0,0,-499.93582841259274,-499.93582841259274,-499.93582841259274,0,0,0,0,0,0,806.0626646843415,806.0626646843415,806.0626646843415,456.8173832825291,456.8173832825291,456.8173832825291,0,0,0,1518.5145017431232,4385.261133562616,2208.657955146372,2208.657955146372,2971.60217470065
2025-03-14T00:00:00Z,2208.9545097952764,836.5021090247245,836.5021090247245,836.5021090247245,0,0,0,0,0,0,0,0,0,0,0,0,0,0,0,0,0,0,0,0,0,0,0,0,0,0,0,0,0,0,0,0,0,0,0,0,0,0,0,-445.2213979307621,-445.2213979307621,-445.2213979307621,0,0,0,0,0,0,800.6017513999756,800.6017513999756,800.6017513999756,481.121755555511,481.121755555511,481.121755555511,0,0,0,1541.7881741320257,4501.130906081339,2208.9545097952764,2208.9545097952764,3045.456618820001
2025-03-15T00:00:00Z,2209.251064444181,-1373.8109894291654,-1373.8109894291654,-1373.8109894291654,0,0,0,0,0,0,0,0,0,0,0,0,0,0,0,0,0,0,0,0,0,0,0,0,0,0,0,0,0,0,0,0,0,0,0,0,0,0,0,-394.0094772028435,-394.0094772028435,-394.0094772028435,0,0,0,0,0,0,-1478.1331127790188,-1478.1331127790188,-1478.1331127790188,498.33160055269707,498.33160055269707,498.33160055269707,0,0,0,-499.8423471675753,2263.2136553273363,2209.251064444181,2209.251064444181,835.4400750150155
2025-03-16T00:00:00Z,2209.547619093085,-1833.5534346946813,-1833.5534346946813,-1833.5534346946813,0,0,0,0,0,0,0,0,0,0,0,0,0,0,0,0,0,0,0,0,0,0,0,0,0,0,0,0,0,0,0,0,0,0,0,0,0,0,0,-281.26059990432884,-281.26059990432884,-281.26059990432884,0,0,0,0,0,0,-2060.6417270812713,-2060.6417270812713,-2060.6417270812713,508.3488922909188,508.3488922909188,508.3488922909188,0,0,0,-1124.152529763232,1950.150494842523,2209.547619093085,2209.547619093085,375.9941843984036
2025-03-17T00:00:00Z,2209.844173741989,793.085631311339,793.085631311339,793.085631311339,0,0,0,0,0,0,0,0,0,0,0,0,0,0,0,0,0,0,0,0,0,0,0,0,0,0,0,0,0,0,0,0,0,0,0,0,0,0,0,-116.30112739144079,-116.30112739144079,-116.30112739144079,0,0,0,0,0,0,398.15049898392175,398.15049898392175,398.15049898392175,511.2362597188579,511.2362597188579,511.2362597188579,0,0,0,1477.4382658477236,4358.266253886117,2209.844173741989,2209.844173741989,3002.929805053328
2025-03-18T00:00:00Z,2210.1407283908934,-420.18674369840954,-420.18674369840954,-420.18674369840954,0,0,0,0,0,0,0,0,0,-1683.3583639625576,-1683.3583639625576,-1683.3583639625576,0,0,0,0,0,0,0,0,0,0,0,0,0,0,0,0,0,0,0,0,0,0,0,0,-1683.3583639625576,-1683.3583639625576,-1683.3583639625576,22.856525882440835,22.856525882440835,22.856525882440835,0,0,0,0,0,0,733.1039213661677,733.1039213661677,733.1039213661677,507.21117301553966,507.21117301553966,507.21117301553966,0,0,0,251.24378711296455,3281.762147598158,2210.1407283908934,2210.1407283908934,1789.9539846924838
2025-03-19T00:00:00Z,2210.437283039798,1372.4704912317231,1372.4704912317231,1372.4704912317231,0,0,0,0,0,0,0,0,0,0,0,0,0,0,0,0,0,0,0,0,0,0,0,0,0,0,0,0,0,0,0,0,0,0,0,0,0,0,0,74.97813015716724,74.97813015716724,74.97813015716724,0,0,0,0,0,0,800.856003433182,800.856003433182,800.856003433182,496.63635764137354,496.63635764137354,496.63635764137354,0,0,0,2131.7894872361776,5034.047627006614,2210.437283039798,2210.437283039798,3582.907774271521
2025-03-20T00:00:00Z,2210.733837688702,1353.8632781456097,1353.8632781456097,1353.8632781456097,0,0,0,0,0,0,0,0,0,0,0,0,0,0,0,0,0,0,0,0,0,0,0,0,0,0,0,0,0,0,0,0,0,0,0,0,0,0,0,67.79384405047695,67.79384405047695,67.79384405047695,0,0,0,0,0,0,806.0626646824968,806.0626646824968,806.0626646824968,480.0067694126357,480.0067694126357,480.0067694126357,0,0,0,2110.412400379288,5038.946336704841,2210.733837688702,2210.733837688702,3564.597115834312
2025-03-21T00:00:00Z,2211.030392337606,1355.5150186987119,1355.5150186987119,1355.5150186987119,0,0,0,0,0,0,0,0,0,0,0,0,0,0,0,0,0,0,0,0,0,0,0,0,0,0,0,0,0,0,0,0,0,0,0,0,0,0,0,96.97971907501278,96.97971907501278,96.97971907501278,0,0,0,0,0,0,800.6017514002879,800.6017514002879,800.6017514002879,457.93354822341144,457.93354822341144,457.93354822341144,0,0,0,2175.0914020114783,5042.098428996577,2211.030392337606,2211.030392337606,3566.545411036318
2025-03-22T00:00:00Z,2211.3269469865104,-816.9960921529816,-816.9960921529816,-816.9960921529816,0,0,0,0,0,0,0,0,0,0,0,0,0,0,0,0,0,0,0,0,0,0,0,0,0,0,0,0,0,0,0,0,0,0,0,0,0,0,0,230.01158099639673,230.01158099639673,230.01158099639673,0,0,0,0,0,0,-1478.1331127800195,-1478.1331127800195,-1478.1331127800195,431.12543963064127,431.12543963064127,431.12543963064127,0,0,0,25.853009782612304,2827.580814348747,2211.3269469865104,2211.3269469865104,1394.3308548335287
2025-03-23T00:00:00Z,2211.623501635415,-1225.775315726392,-1225.775315726392,-1225.775315726392,0,0,0,0,0,0,0,0,0,0,0,0,0,0,0,0,0,0,0,0,0,0,0,0,0,0,0,0,0,0,0,0,0,0,0,0,0,0,0,434.49818074398735,434.49818074398735,434.49818074398735,0,0,0,0,0,0,-2060.6417270789207,-2060.6417270789207,-2060.6417270789207,400.3682306085416,400.3682306085416,400.3682306085416,0,0,0,-420.074923000062,2481.4999525354356,2211.623501635415,2211.623501635415,985.848185909023
2025-03-24T00:00:00Z,2211.9200562843193,1374.241813194099,1374.241813194099,1374.241813194099,0,0,0,0,0,0,0,0,0,0,0,0,0,0,0,0,0,0,0,0,0,0,0,0,0,0,0,0,0,0,0,0,0,0,0,0,0,0,0,609.5885271514406,609.5885271514406,609.5885271514406,0,0,0,0,0,0,398.15049898567423,398.15049898567423,398.15049898567423,366.5027870569837,366.5027870569837,366.5027870569837,0,0,0,2081.0238693325964,5051.610270734187,2211.9200562843193,2211.9200562843193,3586.1618694784183
2025-03-25T00:00:00Z,2212.216610933223,1756.7839158109696,1756.7839158109696,1756.7839158109696,0,0,0,0,0,0,0,0,0,0,0,0,0,0,0,0,0,0,0,0,0,0,0,0,0,0,0,0,0,0,0,0,0,0,0,0,0,0,0,693.2776891552027,693.2776891552027,693.2776891552027,0,0,0,0,0,0,733.1039213658743,733.1039213658743,733.1039213658743,330.4023052898928,330.4023052898928,330.4023052898928,0,0,0,2558.426002992605,5422.363170800253,2212.216610933223,2212.216610933223,3969.0005267441925
2025-03-26T00:00:00Z,2212.5131655821274,1828.1725021389343,1828.1725021389343,1828.1725021389343,0,0,0,0,0,0,0,0,0,0,0,0,0,0,0,0,0,0,0,0,0,0,0,0,0,0,0,0,0,0,0,0,0,0,0,0,0,0,0,734.3671013730997,734.3671013730997,734.3671013730997,0,0,0,0,0,0,800.8560034334007,800.8560034334007,800.8560034334007,292.94939733243393,292.94939733243393,292.94939733243393,0,0,0,2550.6732833999026,5553.65014504005,2212.5131655821274,2212.5131655821274,4040.6856677210617
2025-03-27T00:00:00Z,2212.809720231032,3107.4791391974754,3107.4791391974754,3107.4791391974754,0,0,0,0,0,0,1201.4993759236843,1201.4993759236843,1201.4993759236843,0,0,0,0,0,0,0,0,0,1201.4993759236843,1201.4993759236843,1201.4993759236843,0,0,0,0,0,0,0,0,0,0,0,0,0,0,0,0,0,0,844.90347806029,844.90347806029,844.90347806029,0,0,0,0,0,0,806.062664681903,806.062664681903,806.062664681903,255.01362053159866,255.01362053159866,255.01362053159866,0,0,0,3840.1357379014617,6745.210207295226,2212.809720231032,2212.809720231032,5320.288859428507
2025-03-28T00:00:00Z,2213.106274879936,3286.8997857348168,3286.8997857348168,3286.8997857348168,0,0,0,0,0,0,1201.4993759236843,1201.4993759236843,1201.4993759236843,0,0,0,0,0,0,0,0,0,1201.4993759236843,1201.4993759236843,1201.4993759236843,0,0,0,0,0,0,0,0,0,0,0,0,0,0,0,0,0,0,1067.3686221243902,1067.3686221243902,1067.3686221243902,0,0,0,0,0,0,800.6017513967769,800.6017513967769,800.6017513967769,217.430036289965,217.430036289965,217.430036289965,0,0,0,4035.2058948966323,6960.710954691921,2213.106274879936,2213.106274879936,5500.006060614753
2025-03-29T00:00:00Z,2213.4028295288404,1190.4909172060563,1190.4909172060563,1190.4909172060563,0,0,0,0,0,0,1201.4993759236843,1201.4993759236843,1201.4993759236843,0,0,0,0,0,0,0,0,0,1201.4993759236843,1201.4993759236843,1201.4993759236843,0,0,0,0,0,0,0,0,0,0,0,0,0,0,0,0,0,0,1286.1453123981566,1286.1453123981566,1286.1453123981566,0,0,0,0,0,0,-1478.1331127830758,-1478.1331127830758,-1478.1331127830758,180.979341667292,180.979341667292,180.979341667292,0,0,0,1983.284880323596,4776.371490707851,2213.4028295288404,2213.4028295288404,3403.893746734897
2025-03-30T00:00:00Z,2213.6993841777444,3086.723329219806,3086.723329219806,3086.723329219806,0,0,0,0,0,0,3715.290483842817,3715.290483842817,3715.290483842817,0,0,0,2513.791107919133,2513.791107919133,2513.791107919133,0,0,0,1201.4993759236843,1201.4993759236843,1201.4993759236843,0,0,0,0,0,0,0,0,0,0,0,0,0,0,0,0,0,0,1285.7045098849928,1285.7045098849928,1285.7045098849928,0,0,0,0,0,0,-2060.6417270801526,-2060.6417270801526,-2060.6417270801526,146.3700625721487,146.3700625721487,146.3700625721487,0,0,0,3938.6749596774557,6744.467022569087,2213.6993841777444,2213.6993841777444,5300.422713397551
2025-03-31T00:00:00Z,2213.995938826649,4462.995155336225,4462.995155336225,4462.995155336225,0,0,0,0,0,0,6221.093231655167,6221.093231655167,6221.093231655167,-3195.3121717196555,-3195.3121717196555,-3195.3121717196555,0,0,0,5019.593855731483,5019.593855731483,5019.593855731483,1201.4993759236843,1201.4993759236843,1201.4993759236843,0,0,0,0,0,0,0,0,0,0,0,0,0,0,0,0,0,0,924.8403663629927,924.8403663629927,924.8403663629927,0,0,0,-3195.3121717196555,-3195.3121717196555,-3195.3121717196555,398.15049897924644,398.15049897924644,398.15049897924644,114.2232300584744,114.2232300584744,114.2232300584744,0,0,0,5291.749001831195,8050.33886128359,2213.995938826649,2213.995938826649,6676.991094162874
2025-04-01T00:00:00Z,2214.2924934755533,-1796.6343342545802,-1796.6343342545802,-1796.6343342545802,0,0,0,0,0,0,-615.221000053812,-615.221000053812,-615.221000053812,-2278.8794871135365,-2278.8794871135365,-2278.8794871135365,0,0,0,0,0,0,0,0,0,0,0,0,-615.221000053812,-615.221000053812,-615.221000053812,0,0,0,0,0,0,0,0,0,0,0,0,279.30234762506433,279.30234762506433,279.30234762506433,0,0,0,-2278.8794871135365,-2278.8794871135365,-2278.8794871135365,733.1039213655806,733.1039213655806,733.1039213655806,85.05988392212333,85.05988392212333,85.05988392212333,0,0,0,-1124.258734445832,1749.50295181021,2214.2924934755533,2214.2924934755533,417.6581592209732
2025-04-02T00:00:00Z,2214.5890481244573,-744.9667425655621,-744.9667425655621,-744.9667425655621,0,0,0,0,0,0,-752.8897151972958,-752.8897151972958,-752.8897151972958,-470.84850916358636,-470.84850916358636,-470.84850916358636,0,0,0,0,0,0,0,0,0,-752.8897151972958,-752.8897151972958,-752.8897151972958,0,0,0,0,0,0,0,0,0,0,0,0,0,0,0,-381.37618433316743,-381.37618433316743,-381.37618433316743,0,0,0,-470.84850916358636,-470.84850916358636,-470.84850916358636,800.8560034331875,800.8560034331875,800.8560034331875,59.29166269530017,59.29166269530017,59.29166269530017,0,0,0,24.126684524941446,2829.569239763715,2214.5890481244573,2214.5890481244573,1469.6223055588953
2025-04-03T00:00:00Z,2214.885602773362,-2253.4968984957127,-2253.4968984957127,-2253.4968984957127,0,0,0,0,0,0,-641.1967284672644,-641.1967284672644,-641.1967284672644,-1678.0267643518362,-1678.0267643518362,-1678.0267643518362,0,0,0,0,0,0,0,0,0,0,0,0,0,0,0,-641.1967284672644,-641.1967284672644,-641.1967284672644,0,0,0,0,0,0,0,0,0,-777.5507191040941,-777.5507191040941,-777.5507191040941,0,0,0,-1678.0267643518362,-1678.0267643518362,-1678.0267643518362,806.0626646840882,806.0626646840882,806.0626646840882,37.21464874339355,37.21464874339355,37.21464874339355,0,0,0,-1580.2868017366607,1379.9875445551013,2214.885602773362,2214.885602773362,-38.61129572235086
2025-04-04T00:00:00Z,2215.182157422266,-1654.11125573582,-1654.11125573582,-1654.11125573582,0,0,0,0,0,0,-641.1967284672644,-641.1967284672644,-641.1967284672644,-1016.1407276776397,-1016.1407276776397,-1016.1407276776397,0,0,0,0,0,0,0,0,0,0,0,0,0,0,0,-641.1967284672644,-641.1967284672644,-641.1967284672644,0,0,0,0,0,0,0,0,0,-816.3820950879615,-816.3820950879615,-816.3820950879615,0,0,0,-1016.1407276776397,-1016.1407276776397,-1016.1407276776397,800.6017513970894,800.6017513970894,800.6017513970894,19.006544099956226,19.006544099956226,19.006544099956226,0,0,0,-870.2923311415382,2092.587502793793,2215.182157422266,2215.182157422266,561.070901686446
2025-04-05T00:00:00Z,2215.47871207117,-2904.6298075124746,-2904.6298075124746,-2904.6298075124746,0,0,0,0,0,0,-641.1967284672644,-641.1967284672644,-641.1967284672644,-149.87749077495258,-149.87749077495258,-149.87749077495258,0,0,0,0,0,0,0,0,0,0,0,0,0,0,0,-641.1967284672644,-641.1967284672644,-641.1967284672644,0,0,0,0,0,0,0,0,0,-640.1496350298441,-640.1496350298441,-640.1496350298441,0,0,0,-149.87749077495258,-149.87749077495258,-149.87749077495258,-1478.1331127840772,-1478.1331127840772,-1478.1331127840772,4.727159543663035,4.727159543663035,4.727159543663035,0,0,0,-2162.154744011555,719.3424623655112,2215.47871207117,2215.47871207117,-689.1510954413047
2025-04-06T00:00:00Z,2215.7752667200743,-3237.3044000722302,-3237.3044000722302,-3237.3044000722302,0,0,0,0,0,0,-641.1967284672644,-641.1967284672644,-641.1967284672644,-38.01560304467166,-38.01560304467166,-38.01560304467166,0,0,0,0,0,0,0,0,0,0,0,0,0,0,0,-641.1967284672644,-641.1967284672644,-641.1967284672644,0,0,0,0,0,0,0,0,0,-491.77245029702436,-491.77245029702436,-491.77245029702436,0,0,0,-38.01560304467166,-38.01560304467166,-38.01560304467166,-2060.6417270831284,-2060.6417270831284,-2060.6417270831284,-5.677891180141626,-5.677891180141626,-5.677891180141626,0,0,0,-2569.6168212046196,484.37597239688836,2215.7752667200743,2215.7752667200743,-1021.5291333521559
2025-04-07T00:00:00Z,2216.071821368979,-3024.7126820052504,-3024.7126820052504,-3024.7126820052504,0,0,0,0,0,0,-641.1967284672644,-641.1967284672644,-641.1967284672644,-2250.8289069616485,-2250.8289069616485,-2250.8289069616485,0,0,0,0,0,0,0,0,0,0,0,0,0,0,0,-641.1967284672644,-641.1967284672644,-641.1967284672644,0,0,0,0,0,0,0,0,0,-518.4670598631687,-518.4670598631687,-518.4670598631687,0,0,0,-2250.8289069616485,-2250.8289069616485,-2250.8289069616485,398.15049897982567,398.15049897982567,398.15049897982567,-12.370485692994697,-12.370485692994697,-12.370485692994697,0,0,0,-2238.4592300447703,635.9621172099327,2216.071821368979,2216.071821368979,-808.6408606362716
2025-04-08T00:00:00Z,2216.368376017883,-1598.487160553761,-1598.487160553761,-1598.487160553761,0,0,0,0,0,0,0,0,0,-1637.2956375964209,-1637.2956375964209,-1637.2956375964209,0,0,0,0,0,0,0,0,0,0,0,0,0,0,0,0,0,0,0,0,0,0,0,0,0,0,0,-678.6848964191838,-678.6848964191838,-678.6848964191838,0,0,0,-1637.2956375964209,-1637.2956375964209,-1637.2956375964209,733.103921365287,733.103921365287,733.103921365287,-15.610547903443091,-15.610547903443091,-15.610547903443091,0,0,0,-950.7767864907793,2018.289581387158,2216.368376017883,2216.368376017883,617.8812154641219
2025-04-09T00:00:00Z,2216.678886909334,-30.924039094794352,-30.924039094794352,-30.924039094794352,0,0,0,0,0,0,0,0,0,0,0,0,0,0,0,0,0,0,0,0,0,0,0,0,0,0,0,0,0,0,0,0,0,0,0,0,0,0,0,-816.0358379699305,-816.0358379699305,-816.0358379699305,0,0,0,0,0,0,800.8560034335663,800.8560034335663,800.8560034335663,-15.744204558430157,-15.744204558430157,-15.744204558430157,0,0,0,776.9818502929234,3700.2438678553813,2216.678886909334,2216.678886909334,2185.7548478145395
2025-04-10T00:00:00Z,2216.989397800785,-21.925703566583994,-21.925703566583994,-21.925703566583994,0,0,0,0,0,0,0,0,0,0,0,0,0,0,0,0,0,0,0,0,0,0,0,0,0,0,0,0,0,0,0,0,0,0,0,0,0,0,0,-814.7984258136347,-814.7984258136347,-814.7984258136347,0,0,0,0,0,0,806.0626646834944,806.0626646834944,806.0626646834944,-13.189942436443797,-13.189942436443797,-13.189942436443797,0,0,0,715.4803816187356,3717.852785588472,2216.989397800785,2216.989397800785,2195.0636942342007
2025-04-11T00:00:00Z,2217.2999086922355,101.0711757413858,101.0711757413858,101.0711757413858,0,0,0,0,0,0,0,0,0,0,0,0,0,0,0,0,0,0,0,0,0,0,0,0,0,0,0,0,0,0,0,0,0,0,0,0,0,0,0,-691.1073649496406,-691.1073649496406,-691.1073649496406,0,0,0,0,0,0,800.6017514019012,800.6017514019012,800.6017514019012,-8.423210710874688,-8.423210710874688,-8.423210710874688,0,0,0,811.3308248603912,3816.880149195788,2217.2999086922355,2217.2999086922355,2318.3710844336215
2025-04-12T00:00:00Z,2217.6104195836865,-2029.7387570807814,-2029.7387570807814,-2029.7387570807814,0,0,0,0,0,0,0,0,0,0,0,0,0,0,0,0,0,0,0,0,0,0,0,0,0,0,0,0,0,0,0,0,0,0,0,0,0,0,0,-549.645699223523,-549.645699223523,-549.645699223523,0,0,0,0,0,0,-1478.1331127850783,-1478.1331127850783,-1478.1331127850783,-1.9599450721802565,-1.9599450721802565,-1.9599450721802565,0,0,0,-1341.5422299613938,1693.6860363180133,2217.6104195836865,2217.6104195836865,187.8716625029051
2025-04-13T00:00:00Z,2217.9209304751375,-2522.1030832244955,-2522.1030832244955,-2522.1030832244955,0,0,0,0,0,0,0,0,0,0,0,0,0,0,0,0,0,0,0,0,0,0,0,0,0,0,0,0,0,0,0,0,0,0,0,0,0,0,0,-467.12184797439556,-467.12184797439556,-467.12184797439556,0,0,0,0,0,0,-2060.641727082569,-2060.641727082569,-2060.641727082569,5.660491832469183,5.660491832469183,5.660491832469183,0,0,0,-1798.8030343223832,1160.6334205789976,2217.9209304751375,2217.9209304751375,-304.182152749358
2025-04-14T00:00:00Z,2218.2314413665886,-12.267847078218809,-12.267847078218809,-12.267847078218809,0,0,0,0,0,0,0,0,0,0,0,0,0,0,0,0,0,0,0,0,0,0,0,0,0,0,0,0,0,0,0,0,0,0,0,0,0,0,0,-424.3108014561255,-424.3108014561255,-424.3108014561255,0,0,0,0,0,0,398.15049898275106,398.15049898275106,398.15049898275106,13.892455395155729,13.892455395155729,13.892455395155729,0,0,0,742.443610661425,3676.495550904723,2218.2314413665886,2218.2314413665886,2205.9635942883697
2025-04-15T00:00:00Z,2218.541952258039,408.3493863223328,408.3493863223328,408.3493863223328,0,0,0,0,0,0,0,0,0,0,0,0,0,0,0,0,0,0,0,0,0,0,0,0,0,0,0,0,0,0,0,0,0,0,0,0,0,0,0,-346.9552966918687,-346.9552966918687,-346.9552966918687,0,0,0,0,0,0,733.1039213653155,733.1039213653155,733.1039213653155,22.200761648886072,22.200761648886072,22.200761648886072,0,0,0,1011.0876134336212,4065.049563453382,2218.541952258039,2218.541952258039,2626.891338580372
2025-04-16T00:00:00Z,2218.85246314949,629.6802549607652,629.6802549607652,629.6802549607652,0,0,0,0,0,0,0,0,0,0,0,0,0,0,0,0,0,0,0,0,0,0,0,0,0,0,0,0,0,0,0,0,0,0,0,0,0,0,0,-201.25231202895986,-201.25231202895986,-201.25231202895986,0,0,0,0,0,0,800.8560034331929,800.8560034331929,800.8560034331929,30.076563556532182,30.076563556532182,30.076563556532182,0,0,0,1410.7104238812651,4219.124606848958,2218.85246314949,2218.85246314949,2848.5327181102552
2025-04-17T00:00:00Z,2219.1629740409408,805.0211879062934,805.0211879062934,805.0211879062934,0,0,0,0,0,0,0,0,0,0,0,0,0,0,0,0,0,0,0,0,0,0,0,0,0,0,0,0,0,0,0,0,0,0,0,0,0,0,0,-38.09341029510689,-38.09341029510689,-38.09341029510689,0,0,0,0,0,0,806.0626646829006,806.0626646829006,806.0626646829006,37.051933518499865,37.051933518499865,37.051933518499865,0,0,0,1670.8191676826902,4460.770638532324,2219.1629740409408,2219.1629740409408,3024.1841619472343
2025-04-18T00:00:00Z,2219.473484932392,903.7532597133376,903.7532597133376,903.7532597133376,0,0,0,0,0,0,0,0,0,0,0,0,0,0,0,0,0,0,0,0,0,0,0,0,0,0,0,0,0,0,0,0,0,0,0,0,0,0,0,60.43873599135335,60.43873599135335,60.43873599135335,0,0,0,0,0,0,800.6017514003019,800.6017514003019,800.6017514003019,42.71277232168227,42.71277232168227,42.71277232168227,0,0,0,1730.791527911807,4578.43771700728,2219.473484932392,2219.473484932392,3123.2267446457295
2025-04-19T00:00:00Z,2219.783995823843,-1357.971312389166,-1357.971312389166,-1357.971312389166,0,0,0,0,0,0,0,0,0,0,0,0,0,0,0,0,0,0,0,0,0,0,0,0,0,0,0,0,0,0,0,0,0,0,0,0,0,0,0,73.45207832054851,73.45207832054851,73.45207832054851,0,0,0,0,0,0,-1478.1331127860792,-1478.1331127860792,-1478.1331127860792,46.70972207636478,46.70972207636478,46.70972207636478,0,0,0,-492.3794463226566,2290.1750965226734,2219.783995823843,2219.783995823843,861.8126834346767
2025-04-20T00:00:00Z,2220.0945067152934,-1940.1507657560244,-1940.1507657560244,-1940.1507657560244,0,0,0,0,0,0,0,0,0,0,0,0,0,0,0,0,0,0,0,0,0,0,0,0,0,0,0,0,0,0,0,0,0,0,0,0,0,0,0,71.72413550416591,71.72413550416591,71.72413550416591,0,0,0,0,0,0,-2060.6417270820098,-2060.6417270820098,-2060.6417270820098,48.76682582181966,48.76682582181966,48.76682582181966,0,0,0,-1216.7134427682472,1720.732207173006,2220.0945067152934,2220.0945067152934,279.943740959269
2025-04-21T00:00:00Z,2220.405017606745,596.8360641932576,596.8360641932576,596.8360641932576,0,0,0,0,0,0,0,0,0,0,0,0,0,0,0,0,0,0,0,0,0,0,0,0,0,0,0,0,0,0,0,0,0,0,0,0,0,0,0,149.9978178160269,149.9978178160269,149.9978178160269,0,0,0,0,0,0,398.1504989833303,398.1504989833303,398.1504989833303,48.68774739390061,48.68774739390061,48.68774739390061,0,0,0,1219.795815516436,4220.690669270802,2220.405017606745,2220.405017606745,2817.2410818000026
2025-04-22T00:00:00Z,2220.7155284981955,1108.6018966198458,1108.6018966198458,1108.6018966198458,0,0,0,0,0,0,0,0,0,0,0,0,0,0,0,0,0,0,0,0,0,0,0,0,0,0,0,0,0,0,0,0,0,0,0,0,0,0,0,329.13853556930997,329.13853556930997,329.13853556930997,0,0,0,0,0,0,733.103921366235,733.103921366235,733.103921366235,46.35943968430071,46.35943968430071,46.35943968430071,0,0,0,1881.2744450006367,4798.84156636584,2220.7155284981955,2220.7155284981955,3329.3174251180412
2025-04-23T00:00:00Z,2221.0260393896465,1374.4325031759413,1374.4325031759413,1374.4325031759413,0,0,0,0,0,0,0,0,0,0,0,0,0,0,0,0,0,0,0,0,0,0,0,0,0,0,0,0,0,0,0,0,0,0,0,0,0,0,0,531.8232743501487,531.8232743501487,531.8232743501487,0,0,0,0,0,0,800.8560034335719,800.8560034335719,800.8560034335719,41.7532253922204,41.7532253922204,41.7532253922204,0,0,0,2212.2126309973937,4999.461200640573,2221.0260393896465,2221.0260393896465,3595.458542565588
2025-04-24T00:00:00Z,2221.336550281097,1503.4810577588573,1503.4810577588573,1503.4810577588573,0,0,0,0,0,0,0,0,0,0,0,0,0,0,0,0,0,0,0,0,0,0,0,0,0,0,0,0,0,0,0,0,0,0,0,0,0,0,0,662.4950635318592,662.4950635318592,662.4950635318592,0,0,0,0,0,0,806.0626646836962,806.0626646836962,806.0626646836962,34.923329543301605,34.923329543301605,34.923329543301605,0,0,0,2201.058709420455,5204.288236323247,2221.336550281097,2221.336550281097,3724.8176080399544
2025-04-25T00:00:00Z,2221.647061172548,1538.8247853423584,1538.8247853423584,1538.8247853423584,0,0,0,0,0,0,0,0,0,0,0,0,0,0,0,0,0,0,0,0,0,0,0,0,0,0,0,0,0,0,0,0,0,0,0,0,0,0,0,712.2200586269753,712.2200586269753,712.2200586269753,0,0,0,0,0,0,800.6017513987026,800.6017513987026,800.6017513987026,26.002975316680367,26.002975316680367,26.002975316680367,0,0,0,2313.555740905111,5240.255721365568,2221.647061172548,2221.647061172548,3760.4718465149062
2025-04-26T00:00:00Z,2221.9575720639987,513.6230403495239,513.6230403495239,513.6230403495239,0,0,0,0,0,0,1201.4993759236843,1201.4993759236843,1201.4993759236843,0,0,0,0,0,0,0,0,0,1201.4993759236843,1201.4993759236843,1201.4993759236843,0,0,0,0,0,0,0,0,0,0,0,0,0,0,0,0,0,0,775.0585551648712,775.0585551648712,775.0585551648712,0,0,0,0,0,0,-1478.1331127891353,-1478.1331127891353,-1478.1331127891353,15.198222050104057,15.198222050104057,15.198222050104057,0,0,0,1198.0537039961964,4241.7727738088715,2221.9575720639987,2221.9575720639987,2735.5806124135224
2025-04-27T00:00:00Z,2222.2680829554497,89.17343989777993,89.17343989777993,89.17343989777993,0,0,0,0,0,0,1201.4993759236843,1201.4993759236843,1201.4993759236843,0,0,0,0,0,0,0,0,0,1201.4993759236843,1201.4993759236843,1201.4993759236843,0,0,0,0,0,0,0,0,0,0,0,0,0,0,0,0,0,0,945.536006191494,945.536006191494,945.536006191494,0,0,0,0,0,0,-2060.6417270867764,-2060.6417270867764,-2060.6417270867764,2.7797848693777842,2.7797848693777842,2.7797848693777842,0,0,0,922.2374489664755,3752.6974588716366,2222.2680829554497,2222.2680829554497,2311.44152285323
2025-04-28T00:00:00Z,2222.5785938469003,2778.8330792339507,2778.8330792339507,2778.8330792339507,0,0,0,0,0,0,1201.4993759236843,1201.4993759236843,1201.4993759236843,0,0,0,0,0,0,0,0,0,1201.4993759236843,1201.4993759236843,1201.4993759236843,0,0,0,0,0,0,0,0,0,0,0,0,0,0,0,0,0,0,1190.1100767085038,1190.1100767085038,1190.1100767085038,0,0,0,0,0,0,398.15049898390953,398.15049898390953,398.15049898390953,-10.926872382146763,-10.926872382146763,-10.926872382146763,0,0,0,3493.6048376720405,6417.408645321868,2222.5785938469003,2222.5785938469003,5001.411673080851
2025-04-29T00:00:00Z,2222.8891047383513,5748.990395875643,5748.990395875643,5748.990395875643,0,0,0,0,0,0,3715.290483842817,3715.290483842817,3715.290483842817,0,0,0,2513.791107919133,2513.791107919133,2513.791107919133,0,0,0,1201.4993759236843,1201.4993759236843,1201.4993759236843,0,0,0,0,0,0,0,0,0,0,0,0,0,0,0,0,0,0,1326.1488273485618,1326.1488273485618,1326.1488273485618,0,0,0,0,0,0,733.1039213659413,733.1039213659413,733.1039213659413,-25.55283668167685,-25.55283668167685,-25.55283668167685,0,0,0,6475.596551670825,9514.763056505828,2222.8891047383513,2222.8891047383513,7971.879500613994
2025-04-30T00:00:00Z,2223.1996156298023,8132.641196098765,8132.641196098765,8132.641196098765,0,0,0,0,0,0,6221.093231655167,6221.093231655167,6221.093231655167,0,0,0,0,0,0,5019.593855731483,5019.593855731483,5019.593855731483,1201.4993759236843,1201.4993759236843,1201.4993759236843,0,0,0,0,0,0,0,0,0,0,0,0,0,0,0,0,0,0,1151.3900327241552,1151.3900327241552,1151.3900327241552,0,0,0,0,0,0,800.8560034333586,800.8560034333586,800.8560034333586,-40.6980717139162,-40.6980717139162,-40.6980717139162,0,0,0,8957.496787404538,11810.986026671708,2223.1996156298023,2223.1996156298023,10355.840811728567
2025-05-01T00:00:00Z,2223.5101265212534,-924.7319517009425,-924.7319517009425,-924.7319517009425,0,0,0,0,0,0,-615.221000053812,-615.221000053812,-615.221000053812,-1683.3583639625576,-1683.3583639625576,-1683.3583639625576,0,0,0,0,0,0,0,0,0,0,0,0,-615.221000053812,-615.221000053812,-615.221000053812,0,0,0,0,0,0,0,0,0,-1683.3583639625576,-1683.3583639625576,-1683.3583639625576,623.7291310995914,623.7291310995914,623.7291310995914,0,0,0,0,0,0,806.062664684492,806.062664684492,806.062664684492,-55.94438346865604,-55.94438346865604,-55.94438346865604,0,0,0,-156.54495354390556,2727.734302661063,2223.5101265212534,2223.5101265212534,1298.7781748203108
2025-05-02T00:00:00Z,2223.8206374127044,-92.25544158084801,-92.25544158084801,-92.25544158084801,0,0,0,0,0,0,-752.8897151972958,-752.8897151972958,-752.8897151972958,0,0,0,0,0,0,0,0,0,0,0,0,-752.8897151972958,-752.8897151972958,-752.8897151972958,0,0,0,0,0,0,0,0,0,0,0,0,0,0,0,-69.09884770089673,-69.09884770089673,-69.09884770089673,0,0,0,0,0,0,800.601751399015,800.601751399015,800.601751399015,-70.86863008167063,-70.86863008167063,-70.86863008167063,0,0,0,699.05711821723,3616.8096860819014,2223.8206374127044,2223.8206374127044,2131.5651958318563
2025-05-03T00:00:00Z,2224.131148304155,-2828.6576768073855,-2828.6576768073855,-2828.6576768073855,0,0,0,0,0,0,-641.1967284672644,-641.1967284672644,-641.1967284672644,0,0,0,0,0,0,0,0,0,0,0,0,0,0,0,0,0,0,-641.1967284672644,-641.1967284672644,-641.1967284672644,0,0,0,0,0,0,0,0,0,-624.2720522537147,-624.2720522537147,-624.2720522537147,0,0,0,0,0,0,-1478.1331127799913,-1478.1331127799913,-1478.1331127799913,-85.05578330641454,-85.05578330641454,-85.05578330641454,0,0,0,-2097.2313302820644,782.21672861481,2224.131148304155,2224.131148304155,-604.5265285032306
2025-05-04T00:00:00Z,2224.441659195606,-3637.35648216179,-3637.35648216179,-3637.35648216179,0,0,0,0,0,0,-641.1967284672644,-641.1967284672644,-641.1967284672644,0,0,0,0,0,0,0,0,0,0,0,0,0,0,0,0,0,0,-641.1967284672644,-641.1967284672644,-641.1967284672644,0,0,0,0,0,0,0,0,0,-837.4065634155587,-837.4065634155587,-837.4065634155587,0,0,0,0,0,0,-2060.6417270844254,-2060.6417270844254,-2060.6417270844254,-98.11146319454133,-98.11146319454133,-98.11146319454133,0,0,0,-2846.4873751201976,128.70211881370489,2224.441659195606,2224.441659195606,-1412.9148229661841
2025-05-05T00:00:00Z,2224.7521700870566,-1092.602462632778,-1092.602462632778,-1092.602462632778,0,0,0,0,0,0,-641.1967284672644,-641.1967284672644,-641.1967284672644,0,0,0,0,0,0,0,0,0,0,0,0,0,0,0,0,0,0,-641.1967284672644,-641.1967284672644,-641.1967284672644,0,0,0,0,0,0,0,0,0,-739.8826407439428,-739.8826407439428,-739.8826407439428,0,0,0,0,0,0,398.15049898683486,398.15049898683486,398.15049898683486,-109.67359240840572,-109.67359240840572,-109.67359240840572,0,0,0,-397.4916234079499,2476.5708748932043,2224.7521700870566,2224.7521700870566,1132.1497074542785
2025-05-06T00:00:00Z,2225.0626809785076,-576.6305364041599,-576.6305364041599,-576.6305364041599,0,0,0,0,0,0,-641.1967284672644,-641.1967284672644,-641.1967284672644,0,0,0,0,0,0,0,0,0,0,0,0,0,0,0,0,0,0,-641.1967284672644,-641.1967284672644,-641.1967284672644,0,0,0,0,0,0,0,0,0,-549.1148781825734,-549.1148781825734,-549.1148781825734,0,0,0,0,0,0,733.1039213656478,733.1039213656478,733.1039213656478,-119.4228511199698,-119.4228511199698,-119.4228511199698,0,0,0,276.83772319254587,3087.7671793455856,2225.0626809785076,2225.0626809785076,1648.4321445743476
2025-05-07T00:00:00Z,2225.3731918699586,-448.96029534809617,-448.96029534809617,-448.96029534809617,0,0,0,0,0,0,-641.1967284672644,-641.1967284672644,-641.1967284672644,0,0,0,0,0,0,0,0,0,0,0,0,0,0,0,0,0,0,-641.1967284672644,-641.1967284672644,-641.1967284672644,0,0,0,0,0,0,0,0,0,-481.5279138754094,-481.5279138754094,-481.5279138754094,0,0,0,0,0,0,800.8560034331452,800.8560034331452,800.8560034331452,-127.09165643856765,-127.09165643856765,-127.09165643856765,0,0,0,358.25795194040114,3248.87228400706,2225.3731918699586,2225.3731918699586,1776.4128965218624
2025-05-08T00:00:00Z,2225.6837027614097,82.82897354346294,82.82897354346294,82.82897354346294,0,0,0,0,0,0,0,0,0,0,0,0,0,0,0,0,0,0,0,0,0,0,0,0,0,0,0,0,0,0,0,0,0,0,0,0,0,0,0,-590.76225085101,-590.76225085101,-590.76225085101,0,0,0,0,0,0,806.0626646826474,806.0626646826474,806.0626646826474,-132.47144028817465,-132.47144028817465,-132.47144028817465,0,0,0,949.487636152608,3729.8228272179417,2225.6837027614097,2225.6837027614097,2308.5126763048725
2025-05-09T00:00:00Z,2225.9942136528603,-94.91760660250497,-94.91760660250497,-94.91760660250497,0,0,0,0,0,0,0,0,0,0,0,0,0,0,0,0,0,0,0,0,0,0,0,0,0,0,0,0,0,0,0,0,0,0,0,0,0,0,0,-760.1013029935917,-760.1013029935917,-760.1013029935917,0,0,0,0,0,0,800.6017513993276,800.6017513993276,800.6017513993276,-135.41805500824094,-135.41805500824094,-135.41805500824094,0,0,0,630.3510207658504,3523.4082194726466,2225.9942136528603,2225.9942136528603,2131.076607050355
2025-05-10T00:00:00Z,2226.3047245443113,-2448.940265696716,-2448.940265696716,-2448.940265696716,0,0,0,0,0,0,0,0,0,0,0,0,0,0,0,0,0,0,0,0,0,0,0,0,0,0,0,0,0,0,0,0,0,0,0,0,0,0,0,-834.951957998857,-834.951957998857,-834.951957998857,0,0,0,0,0,0,-1478.1331127830474,-1478.1331127830474,-1478.1331127830474,-135.85519491481125,-135.85519491481125,-135.85519491481125,0,0,0,-1749.2837542178522,1268.148377997854,2226.3047245443113,2226.3047245443113,-222.63554115240458
2025-05-11T00:00:00Z,2226.6152354357623,-2956.9006980916533,-2956.9006980916533,-2956.9006980916533,0,0,0,0,0,0,0,0,0,0,0,0,0,0,0,0,0,0,0,0,0,0,0,0,0,0,0,0,0,0,0,0,0,0,0,0,0,0,0,-762.4831881820288,-762.4831881820288,-762.4831881820288,0,0,0,0,0,0,-2060.6417270838665,-2060.6417270838665,-2060.6417270838665,-133.7757828257583,-133.7757828257583,-133.7757828257583,0,0,0,-2306.0726041270855,765.360185428662,2226.6152354357623,2226.6152354357623,-730.285462655891
2025-05-12T00:00:00Z,2226.925746327213,-2030.29339666473,-2030.29339666473,-2030.29339666473,0,0,0,0,0,0,0,0,0,-1683.3583639625576,-1683.3583639625576,-1683.3583639625576,0,0,0,0,0,0,0,0,0,0,0,0,0,0,0,0,0,0,0,0,0,0,0,0,-1683.3583639625576,-1683.3583639625576,-1683.3583639625576,-615.8442004079554,-615.8442004079554,-615.8442004079554,0,0,0,0,0,0,398.150498987414,398.150498987414,398.150498987414,-129.24133128163103,-129.24133128163103,-129.24133128163103,0,0,0,-1365.9644518844775,1630.6265289547773,2226.925746327213,2226.925746327213,196.63234966248297
2025-05-13T00:00:00Z,2227.236257218664,110.78874585247428,110.78874585247428,110.78874585247428,0,0,0,0,0,0,0,0,0,0,0,0,0,0,0,0,0,0,0,0,0,0,0,0,0,0,0,0,0,0,0,0,0,0,0,0,0,0,0,-499.9358284131417,-499.9358284131417,-499.9358284131417,0,0,0,0,0,0,733.1039213656766,733.1039213656766,733.1039213656766,-122.37934710006047,-122.37934710006047,-122.37934710006047,0,0,0,857.415911156674,3803.436327187115,2227.236257218664,2227.236257218664,2338.025003071138
2025-05-14T00:00:00Z,2227.5467681101145,242.2557022149541,242.2557022149541,242.2557022149541,0,0,0,0,0,0,0,0,0,0,0,0,0,0,0,0,0,0,0,0,0,0,0,0,0,0,0,0,0,0,0,0,0,0,0,0,0,0,0,-445.2213979310566,-445.2213979310566,-445.2213979310566,0,0,0,0,0,0,800.8560034329319,800.8560034329319,800.8560034329319,-113.37890328692141,-113.37890328692141,-113.37890328692141,0,0,0,1022.2060815496006,3915.030361199209,2227.5467681101145,2227.5467681101145,2469.8024703250685
2025-05-15T00:00:00Z,2227.8572790015655,309.5686348455548,309.5686348455548,309.5686348455548,0,0,0,0,0,0,0,0,0,0,0,0,0,0,0,0,0,0,0,0,0,0,0,0,0,0,0,0,0,0,0,0,0,0,0,0,0,0,0,-394.0094772026002,-394.0094772026002,-394.0094772026002,0,0,0,0,0,0,806.0626646820535,806.0626646820535,806.0626646820535,-102.4845526338988,-102.4845526338988,-102.4845526338988,0,0,0,1026.8513035773485,4050.5492587903846,2227.8572790015655,2227.8572790015655,2537.4259138471202
2025-05-16T00:00:00Z,2228.1677898930166,429.35235028108076,429.35235028108076,429.35235028108076,0,0,0,0,0,0,0,0,0,0,0,0,0,0,0,0,0,0,0,0,0,0,0,0,0,0,0,0,0,0,0,0,0,0,0,0,0,0,0,-281.26059990414365,-281.26059990414365,-281.26059990414365,0,0,0,0,0,0,800.6017513958167,800.6017513958167,800.6017513958167,-89.98880121059237,-89.98880121059237,-89.98880121059237,0,0,0,1172.7800380884833,4128.222939273719,2228.1677898930166,2228.1677898930166,2657.5201401740974
2025-05-17T00:00:00Z,2228.4783007844676,-1670.657636411734,-1670.657636411734,-1670.657636411734,0,0,0,0,0,0,0,0,0,0,0,0,0,0,0,0,0,0,0,0,0,0,0,0,0,0,0,0,0,0,0,0,0,0,0,0,0,0,0,-116.30112739221248,-116.30112739221248,-116.30112739221248,0,0,0,0,0,0,-1478.1331127840488,-1478.1331127840488,-1478.1331127840488,-76.22339623547296,-76.22339623547296,-76.22339623547296,0,0,0,-872.4148685001683,2080.8363626986397,2228.4783007844676,2228.4783007844676,557.8206643727335
2025-05-18T00:00:00Z,2228.788811675918,-2099.3349118266237,-2099.3349118266237,-2099.3349118266237,0,0,0,0,0,0,0,0,0,0,0,0,0,0,0,0,0,0,0,0,0,0,0,0,0,0,0,0,0,0,0,0,0,0,0,0,0,0,0,22.856525882305792,22.856525882305792,22.856525882305792,0,0,0,0,0,0,-2060.6417270833076,-2060.6417270833076,-2060.6417270833076,-61.54971062562225,-61.54971062562225,-61.54971062562225,0,0,0,-1295.062046694371,1517.4688447435947,2228.788811675918,2228.788811675918,129.45389984929443
2025-05-19T00:00:00Z,2229.099322567369,426.78010390194345,426.78010390194345,426.78010390194345,0,0,0,0,0,0,0,0,0,0,0,0,0,0,0,0,0,0,0,0,0,0,0,0,0,0,0,0,0,0,0,0,0,0,0,0,0,0,0,74.97813015748557,74.97813015748557,74.97813015748557,0,0,0,0,0,0,398.15049898098636,398.15049898098636,398.15049898098636,-46.348525236528396,-46.348525236528396,-46.348525236528396,0,0,0,1252.604350317023,4052.028356717715,2229.099322567369,2229.099322567369,2655.8794264693124
2025-05-20T00:00:00Z,2229.40983345882,769.8882463223257,769.8882463223257,769.8882463223257,0,0,0,0,0,0,0,0,0,0,0,0,0,0,0,0,0,0,0,0,0,0,0,0,0,0,0,0,0,0,0,0,0,0,0,0,0,0,0,67.79384405125786,67.79384405125786,67.79384405125786,0,0,0,0,0,0,733.1039213662738,733.1039213662738,733.1039213662738,-31.00951909520607,-31.00951909520607,-31.00951909520607,0,0,0,1478.5487586741324,4431.393157918794,2229.40983345882,2229.40983345882,2999.2980797811456
2025-05-21T00:00:00Z,2229.720344350271,881.9149447492929,881.9149447492929,881.9149447492929,0,0,0,0,0,0,0,0,0,0,0,0,0,0,0,0,0,0,0,0,0,0,0,0,0,0,0,0,0,0,0,0,0,0,0,0,0,0,0,96.979719074708,96.979719074708,96.979719074708,0,0,0,0,0,0,800.8560034333111,800.8560034333111,800.8560034333111,-15.920777758726192,-15.920777758726192,-15.920777758726192,0,0,0,1608.664693993704,4613.660736502023,2229.720344350271,2229.720344350271,3111.6352890995636
2025-05-22T00:00:00Z,2230.030855241722,1034.6156251430762,1034.6156251430762,1034.6156251430762,0,0,0,0,0,0,0,0,0,0,0,0,0,0,0,0,0,0,0,0,0,0,0,0,0,0,0,0,0,0,0,0,0,0,0,0,0,0,0,230.01158099573527,230.01158099573527,230.01158099573527,0,0,0,0,0,0,806.0626646842388,806.0626646842388,806.0626646842388,-1.4586205368980067,-1.4586205368980067,-1.4586205368980067,0,0,0,1867.7416636528628,4754.393967733586,2230.030855241722,2230.030855241722,3264.646480384798
2025-05-23T00:00:00Z,2230.341366133173,1247.121902905774,1247.121902905774,1247.121902905774,0,0,0,0,0,0,0,0,0,0,0,0,0,0,0,0,0,0,0,0,0,0,0,0,0,0,0,0,0,0,0,0,0,0,0,0,0,0,0,434.49818074410547,434.49818074410547,434.49818074410547,0,0,0,0,0,0,800.601751396129,800.601751396129,800.601751396129,12.021970765539722,12.021970765539722,12.021970765539722,0,0,0,1836.702588179233,4961.68136039552,2230.341366133173,2230.341366133173,3477.463269038947
2025-05-24T00:00:00Z,2230.6518770246234,-844.3485206690813,-844.3485206690813,-844.3485206690813,0,0,0,0,0,0,0,0,0,0,0,0,0,0,0,0,0,0,0,0,0,0,0,0,0,0,0,0,0,0,0,0,0,0,0,0,0,0,0,609.5885271517565,609.5885271517565,609.5885271517565,0,0,0,0,0,0,-1478.1331127769597,-1478.1331127769597,-1478.1331127769597,24.19606495612199,24.19606495612199,24.19606495612199,0,0,0,-141.03710565955095,2892.4459590445495,2230.6518770246234,2230.6518770246234,1386.3033563555423
2025-05-25T00:00:00Z,2230.9623879160745,-1332.5876252010462,-1332.5876252010462,-1332.5876252010462,0,0,0,0,0,0,0,0,0,0,0,0,0,0,0,0,0,0,0,0,0,0,0,0,0,0,0,0,0,0,0,0,0,0,0,0,0,0,0,693.2776891549406,693.2776891549406,693.2776891549406,0,0,0,0,0,0,-2060.641727082748,-2060.641727082748,-2060.641727082748,34.77641272676131,34.77641272676131,34.77641272676131,0,0,0,-599.6179397705141,2321.889542676808,2230.9623879160745,2230.9623879160745,898.3747627150283
2025-05-26T00:00:00Z,2231.2728988075255,1176.0374114824976,1176.0374114824976,1176.0374114824976,0,0,0,0,0,0,0,0,0,0,0,0,0,0,0,0,0,0,0,0,0,0,0,0,0,0,0,0,0,0,0,0,0,0,0,0,0,0,0,734.3671013738067,734.3671013738067,734.3671013738067,0,0,0,0,0,0,398.1504989815657,398.1504989815657,398.1504989815657,43.519811127125024,43.519811127125024,43.519811127125024,0,0,0,1892.5218698094782,4786.641225163434,2231.2728988075255,2231.2728988075255,3407.310310290023
2025-05-27T00:00:00Z,2231.583409698976,2829.738834765274,2829.738834765274,2829.738834765274,0,0,0,0,0,0,1201.4993759236843,1201.4993759236843,1201.4993759236843,0,0,0,0,0,0,0,0,0,1201.4993759236843,1201.4993759236843,1201.4993759236843,0,0,0,0,0,0,0,0,0,0,0,0,0,0,0,0,0,0,844.9034780602884,844.9034780602884,844.9034780602884,0,0,0,0,0,0,733.1039213663023,733.1039213663023,733.1039213663023,50.23205941499847,50.23205941499847,50.23205941499847,0,0,0,3718.919208683144,6500.036202801808,2231.583409698976,2231.583409698976,5061.322244464251
2025-05-28T00:00:00Z,2231.9017383086343,3124.495412090949,3124.495412090949,3124.495412090949,0,0,0,0,0,0,1201.4993759236843,1201.4993759236843,1201.4993759236843,0,0,0,0,0,0,0,0,0,1201.4993759236843,1201.4993759236843,1201.4993759236843,0,0,0,0,0,0,0,0,0,0,0,0,0,0,0,0,0,0,1067.3686221246003,1067.3686221246003,1067.3686221246003,0,0,0,0,0,0,800.856003433098,800.856003433098,800.856003433098,54.77141060956574,54.77141060956574,54.77141060956574,0,0,0,3912.676418696843,6673.766055158273,2231.9017383086343,2231.9017383086343,5356.397150399584
2025-05-29T00:00:00Z,2232.220066918293,3350.7578237441808,3350.7578237441808,3350.7578237441808,0,0,0,0,0,0,1201.4993759236843,1201.4993759236843,1201.4993759236843,0,0,0,0,0,0,0,0,0,1201.4993759236843,1201.4993759236843,1201.4993759236843,0,0,0,0,0,0,0,0,0,0,0,0,0,0,0,0,0,0,1286.1453123980716,1286.1453123980716,1286.1453123980716,0,0,0,0,0,0,806.0626646836453,806.0626646836453,806.0626646836453,57.05047073877908,57.05047073877908,57.05047073877908,0,0,0,4223.527121075806,7004.00217891787,2232.220066918293,2232.220066918293,5582.977890662474
2025-05-30T00:00:00Z,2232.5383955279513,5858.633290577467,5858.633290577467,5858.633290577467,0,0,0,0,0,0,3715.290483842817,3715.290483842817,3715.290483842817,0,0,0,2513.791107919133,2513.791107919133,2513.791107919133,0,0,0,1201.4993759236843,1201.4993759236843,1201.4993759236843,0,0,0,0,0,0,0,0,0,0,0,0,0,0,0,0,0,0,1285.7045098851022,1285.7045098851022,1285.7045098851022,0,0,0,0,0,0,800.601751400941,800.601751400941,800.601751400941,57.03654544860648,57.03654544860648,57.03654544860648,0,0,0,6631.515761288809,9519.314716119283,2232.5383955279513,2232.5383955279513,8091.171686105418
2025-05-31T00:00:00Z,2232.85672413761,5722.5509651243865,5722.5509651243865,5722.5509651243865,0,0,0,0,0,0,6221.093231655167,6221.093231655167,6221.093231655167,0,0,0,0,0,0,5019.593855731483,5019.593855731483,5019.593855731483,1201.4993759236843,1201.4993759236843,1201.4993759236843,0,0,0,0,0,0,0,0,0,0,0,0,0,0,0,0,0,0,924.8403663622714,924.8403663622714,924.8403663622714,0,0,0,0,0,0,-1478.1331127779608,-1478.1331127779608,-1478.1331127779608,54.750479884908465,54.750479884908465,54.750479884908465,0,0,0,6312.513790538458,9297.37820128509,2232.85672413761,2232.85672413761,7955.407689261996
2025-06-01T00:00:00Z,2233.175052747268,-2346.296298338409,-2346.296298338409,-2346.296298338409,0,0,0,0,0,0,-615.221000053812,-615.221000053812,-615.221000053812,0,0,0,0,0,0,0,0,0,0,0,0,0,0,0,-615.221000053812,-615.221000053812,-615.221000053812,0,0,0,0,0,0,0,0,0,0,0,0,279.30234762574986,279.30234762574986,279.30234762574986,0,0,0,0,0,0,-2060.641727080397,-2060.641727080397,-2060.641727080397,50.26408117005006,50.26408117005006,50.26408117005006,0,0,0,-1553.678794011761,1344.3696051430002,2233.175052747268,2233.175052747268,-113.1212455911409
2025-06-02T00:00:00Z,2233.493381356927,-2375.7775123848687,-2375.7775123848687,-2375.7775123848687,0,0,0,0,0,0,-752.8897151972958,-752.8897151972958,-752.8897151972958,-1683.3583639625576,-1683.3583639625576,-1683.3583639625576,0,0,0,0,0,0,0,0,0,-752.8897151972958,-752.8897151972958,-752.8897151972958,0,0,0,0,0,0,0,0,0,0,0,0,-1683.3583639625576,-1683.3583639625576,-1683.3583639625576,-381.37618433392686,-381.37618433392686,-381.37618433392686,0,0,0,0,0,0,398.150498984491,398.150498984491,398.150498984491,43.696252124420916,43.696252124420916,43.696252124420916,0,0,0,-1658.068607107178,1389.713418515399,2233.493381356927,2233.493381356927,-142.28413102794184
2025-06-03T00:00:00Z,2233.8117099665856,-650.4355271763992,-650.4355271763992,-650.4355271763992,0,0,0,0,0,0,-641.1967284672644,-641.1967284672644,-641.1967284672644,0,0,0,0,0,0,0,0,0,0,0,0,0,0,0,0,0,0,-641.1967284672644,-641.1967284672644,-641.1967284672644,0,0,0,0,0,0,0,0,0,-777.5507191044778,-777.5507191044778,-777.5507191044778,0,0,0,0,0,0,733.103921366331,733.103921366331,733.103921366331,35.20799902901192,35.20799902901192,35.20799902901192,0,0,0,132.94816048876862,3019.954963705979,2233.8117099665856,2233.8117099665856,1583.3761827901862
2025-06-04T00:00:00Z,2234.130038576244,-631.7263158585421,-631.7263158585421,-631.7263158585421,0,0,0,0,0,0,-641.1967284672644,-641.1967284672644,-641.1967284672644,0,0,0,0,0,0,0,0,0,0,0,0,0,0,0,0,0,0,-641.1967284672644,-641.1967284672644,-641.1967284672644,0,0,0,0,0,0,0,0,0,-816.382095088462,-816.382095088462,-816.382095088462,0,0,0,0,0,0,800.8560034333163,800.8560034333163,800.8560034333163,24.99650426386777,24.99650426386777,24.99650426386777,0,0,0,279.5160926152279,3107.7967356583513,2234.130038576244,2234.130038576244,1602.4037227177018
2025-06-05T00:00:00Z,2234.4483671859025,-461.9952229084236,-461.9952229084236,-461.9952229084236,0,0,0,0,0,0,-641.1967284672644,-641.1967284672644,-641.1967284672644,0,0,0,0,0,0,0,0,0,0,0,0,0,0,0,0,0,0,-641.1967284672644,-641.1967284672644,-641.1967284672644,0,0,0,0,0,0,0,0,0,-640.1496350298032,-640.1496350298032,-640.1496350298032,0,0,0,0,0,0,806.0626646844411,806.0626646844411,806.0626646844411,13.28847590420314,13.28847590420314,13.28847590420314,0,0,0,381.8048347258226,3152.745391537169,2234.4483671859025,2234.4483671859025,1772.453144277479
2025-06-06T00:00:00Z,2234.7666957955607,-3186.9263507012015,-3186.9263507012015,-3186.9263507012015,0,0,0,0,0,0,-641.1967284672644,-641.1967284672644,-641.1967284672644,-2854.8919236653896,-2854.8919236653896,-2854.8919236653896,0,0,0,0,0,0,0,0,0,0,0,0,0,0,0,-641.1967284672644,-641.1967284672644,-641.1967284672644,0,0,0,0,0,0,0,0,0,-491.772450297276,-491.772450297276,-491.772450297276,-2854.8919236653896,-2854.8919236653896,-2854.8919236653896,0,0,0,800.6017513993417,800.6017513993417,800.6017513993417,0.33300032938697566,0.33300032938697566,0.33300032938697566,0,0,0,-2541.582931913069,400.56958774228025,2234.7666957955607,2234.7666957955607,-952.1596549056408
2025-06-07T00:00:00Z,2235.085024405219,-3541.045855362124,-3541.045855362124,-3541.045855362124,0,0,0,0,0,0,-641.1967284672644,-641.1967284672644,-641.1967284672644,-889.6430846252604,-889.6430846252604,-889.6430846252604,0,0,0,0,0,0,0,0,0,0,0,0,0,0,0,-641.1967284672644,-641.1967284672644,-641.1967284672644,0,0,0,0,0,0,0,0,0,-518.4670598631367,-518.4670598631367,-518.4670598631367,-889.6430846252604,-889.6430846252604,-889.6430846252604,0,0,0,-1478.1331127810174,-1478.1331127810174,-1478.1331127810174,-13.605869625445095,-13.605869625445095,-13.605869625445095,0,0,0,-2796.763966244091,244.43792747789695,2235.085024405219,2235.085024405219,-1305.9608309569048
2025-06-08T00:00:00Z,2235.4033530148777,-2773.623167360986,-2773.623167360986,-2773.623167360986,0,0,0,0,0,0,0,0,0,-6.039984411555587,-6.039984411555587,-6.039984411555587,0,0,0,0,0,0,0,0,0,0,0,0,0,0,0,0,0,0,0,0,0,0,0,0,0,0,0,-678.6848964189046,-678.6848964189046,-678.6848964189046,-6.039984411555587,-6.039984411555587,-6.039984411555587,0,0,0,-2060.641727081629,-2060.641727081629,-2060.641727081629,-28.25655944889553,-28.25655944889553,-28.25655944889553,0,0,0,-2017.845811091159,922.9805493815057,2235.4033530148777,2235.4033530148777,-538.2198143461083
2025-06-09T00:00:00Z,2235.7216816245364,-512.0094214471922,-512.0094214471922,-512.0094214471922,0,0,0,0,0,0,0,0,0,-50.77685507663604,-50.77685507663604,-50.77685507663604,0,0,0,0,0,0,0,0,0,0,0,0,0,0,0,0,0,0,0,0,0,0,0,0,0,0,0,-816.0358379698708,-816.0358379698708,-816.0358379698708,-50.77685507663604,-50.77685507663604,-50.77685507663604,0,0,0,398.15049898507016,398.15049898507016,398.15049898507016,-43.34722738575568,-43.34722738575568,-43.34722738575568,0,0,0,364.121500577597,3182.112808425184,2235.7216816245364,2235.7216816245364,1723.7122601773442
2025-06-10T00:00:00Z,2236.0400102341946,-659.9260872298325,-659.9260872298325,-659.9260872298325,0,0,0,0,0,0,0,0,0,-519.6189625382964,-519.6189625382964,-519.6189625382964,0,0,0,0,0,0,0,0,0,0,0,0,0,0,0,0,0,0,0,0,0,0,0,0,0,0,0,-814.7984258139202,-814.7984258139202,-814.7984258139202,-519.6189625382964,-519.6189625382964,-519.6189625382964,0,0,0,733.1039213657151,733.1039213657151,733.1039213657151,-58.61262024333095,-58.61262024333095,-58.61262024333095,0,0,0,122.93303043271919,3144.710200864157,2236.0400102341946,2236.0400102341946,1576.113923004362
2025-06-11T00:00:00Z,2236.358338843853,-410.18528350792,-410.18528350792,-410.18528350792,0,0,0,0,0,0,0,0,0,-446.1335786105635,-446.1335786105635,-446.1335786105635,0,0,0,0,0,0,0,0,0,0,0,0,0,0,0,0,0,0,0,0,0,0,0,0,0,0,0,-691.1073649494382,-691.1073649494382,-691.1073649494382,-446.1335786105635,-446.1335786105635,-446.1335786105635,0,0,0,800.8560034331033,800.8560034331033,800.8560034331033,-73.80034338102168,-73.80034338102168,-73.80034338102168,0,0,0,416.74839644399975,3156.539647092535,2236.358338843853,2236.358338843853,1826.1730553359328
2025-06-12T00:00:00Z,2236.6766674535115,19.471800922269328,19.471800922269328,19.471800922269328,0,0,0,0,0,0,0,0,0,-148.26878053389868,-148.26878053389868,-148.26878053389868,0,0,0,0,0,0,0,0,0,0,0,0,0,0,0,0,0,0,0,0,0,0,0,0,0,0,0,-549.6456992239754,-549.6456992239754,-549.6456992239754,-148.26878053389868,-148.26878053389868,-148.26878053389868,0,0,0,806.0626646852367,806.0626646852367,806.0626646852367,-88.67638400509337,-88.67638400509337,-88.67638400509337,0,0,0,931.3638761780087,3641.4503398943475,2236.6766674535115,2236.6766674535115,2256.148468375781
2025-06-13T00:00:00Z,2236.9949960631698,-50.04179631181502,-50.04179631181502,-50.04179631181502,0,0,0,0,0,0,0,0,0,-280.49194230438866,-280.49194230438866,-280.49194230438866,0,0,0,0,0,0,0,0,0,0,0,0,0,0,0,0,0,0,0,0,0,0,0,0,0,0,0,-467.12184797528016,-467.12184797528016,-467.12184797528016,-280.49194230438866,-280.49194230438866,-280.49194230438866,0,0,0,800.6017513977423,800.6017513977423,800.6017513977423,-103.02975742988853,-103.02975742988853,-103.02975742988853,0,0,0,729.0051865464761,3570.7513464834647,2236.9949960631698,2236.9949960631698,2186.9531997513545
2025-06-14T00:00:00Z,2237.3133246728285,-2019.1200938539382,-2019.1200938539382,-2019.1200938539382,0,0,0,0,0,0,0,0,0,0,0,0,0,0,0,0,0,0,0,0,0,0,0,0,0,0,0,0,0,0,0,0,0,0,0,0,0,0,0,-424.31080145622076,-424.31080145622076,-424.31080145622076,0,0,0,0,0,0,-1478.1331127840733,-1478.1331127840733,-1478.1331127840733,-116.67617961364414,-116.67617961364414,-116.67617961364414,0,0,0,-1215.8770241293805,1676.917522479744,2237.3133246728285,2237.3133246728285,218.19323081889024
2025-06-15T00:00:00Z,2237.6316532824867,-2537.05772862953,-2537.05772862953,-2537.05772862953,0,0,0,0,0,0,0,0,0,0,0,0,0,0,0,0,0,0,0,0,0,0,0,0,0,0,0,0,0,0,0,0,0,0,0,0,0,0,0,-346.9552966917959,-346.9552966917959,-346.9552966917959,0,0,0,0,0,0,-2060.6417270846046,-2060.6417270846046,-2060.6417270846046,-129.46070485312973,-129.46070485312973,-129.46070485312973,0,0,0,-1844.5376013830257,1136.3489683662654,2237.6316532824867,2237.6316532824867,-299.4260753470435
2025-06-16T00:00:00Z,2237.949981892145,55.63888315885177,55.63888315885177,55.63888315885177,0,0,0,0,0,0,0,0,0,0,0,0,0,0,0,0,0,0,0,0,0,0,0,0,0,0,0,0,0,0,0,0,0,0,0,0,0,0,0,-201.25231202879976,-201.25231202879976,-201.25231202879976,0,0,0,0,0,0,398.15049897864276,398.15049897864276,398.15049897864276,-141.25930379099117,-141.25930379099117,-141.25930379099117,0,0,0,863.8468417696315,3796.3877451292,2237.949981892145,2237.949981892145,2293.588865050997
2025-06-17T00:00:00Z,2238.2683105018036,543.0311184124316,543.0311184124316,543.0311184124316,0,0,0,0,0,0,0,0,0,0,0,0,0,0,0,0,0,0,0,0,0,0,0,0,0,0,0,0,0,0,0,0,0,0,0,0,0,0,0,-38.09341029494947,-38.09341029494947,-38.09341029494947,0,0,0,0,0,0,733.1039213657439,733.1039213657439,733.1039213657439,-151.97939265836263,-151.97939265836263,-151.97939265836263,0,0,0,1285.6991462669816,4340.339718655241,2238.2683105018036,2238.2683105018036,2781.2994289142352
2025-06-18T00:00:00Z,2238.586639111462,699.7353806658691,699.7353806658691,699.7353806658691,0,0,0,0,0,0,0,0,0,0,0,0,0,0,0,0,0,0,0,0,0,0,0,0,0,0,0,0,0,0,0,0,0,0,0,0,0,0,0,60.438735991538,60.438735991538,60.438735991538,0,0,0,0,0,0,800.8560034334823,800.8560034334823,800.8560034334823,-161.55935875915117,-161.55935875915117,-161.55935875915117,0,0,0,1568.7182180679606,4308.753496549484,2238.586639111462,2238.586639111462,2938.3220197773308
2025-06-19T00:00:00Z,2238.9049677211206,709.5475844818077,709.5475844818077,709.5475844818077,0,0,0,0,0,0,0,0,0,0,0,0,0,0,0,0,0,0,0,0,0,0,0,0,0,0,0,0,0,0,0,0,0,0,0,0,0,0,0,73.45207832017361,73.45207832017361,73.45207832017361,0,0,0,0,0,0,806.0626646860322,806.0626646860322,806.0626646860322,-169.96715852439837,-169.96715852439837,-169.96715852439837,0,0,0,1491.0010106233983,4439.605226589948,2238.9049677211206,2238.9049677211206,2948.452552202928
2025-06-20T00:00:00Z,2239.223296330779,695.1277948483719,695.1277948483719,695.1277948483719,0,0,0,0,0,0,0,0,0,0,0,0,0,0,0,0,0,0,0,0,0,0,0,0,0,0,0,0,0,0,0,0,0,0,0,0,0,0,0,71.7241355039845,71.7241355039845,71.7241355039845,0,0,0,0,0,0,800.6017514044659,800.6017514044659,800.6017514044659,-177.19809206007844,-177.19809206007844,-177.19809206007844,0,0,0,1462.746457377851,4323.203157349204,2239.223296330779,2239.223296330779,2934.351091179151
2025-06-21T00:00:00Z,2239.541624940437,-1511.4071761271464,-1511.4071761271464,-1511.4071761271464,0,0,0,0,0,0,0,0,0,0,0,0,0,0,0,0,0,0,0,0,0,0,0,0,0,0,0,0,0,0,0,0,0,0,0,0,0,0,0,149.99781781686255,149.99781781686255,149.99781781686255,0,0,0,0,0,0,-1478.1331127830192,-1478.1331127830192,-1478.1331127830192,-183.2718811609893,-183.2718811609893,-183.2718811609893,0,0,0,-721.4530199792634,2140.6201320199384,2239.541624940437,2239.541624940437,728.1344488132906
2025-06-22T00:00:00Z,2239.8599535500957,-1919.7323871208484,-1919.7323871208484,-1919.7323871208484,0,0,0,0,0,0,0,0,0,0,0,0,0,0,0,0,0,0,0,0,0,0,0,0,0,0,0,0,0,0,0,0,0,0,0,0,0,0,0,329.1385355702988,329.1385355702988,329.1385355702988,0,0,0,0,0,0,-2060.6417270840457,-2060.6417270840457,-2060.6417270840457,-188.2291956071019,-188.2291956071019,-188.2291956071019,0,0,0,-1009.5767659729513,1813.6165523845784,2239.8599535500957,2239.8599535500957,320.1275664292473
2025-06-23T00:00:00Z,2240.1782821597544,737.8459885701169,737.8459885701169,737.8459885701169,0,0,0,0,0,0,0,0,0,0,0,0,0,0,0,0,0,0,0,0,0,0,0,0,0,0,0,0,0,0,0,0,0,0,0,0,0,0,0,531.8232743506679,531.8232743506679,531.8232743506679,0,0,0,0,0,0,398.15049898039496,398.15049898039496,398.15049898039496,-192.12778476094587,-192.12778476094587,-192.12778476094587,0,0,0,1443.6267381409375,4523.458402736765,2240.1782821597544,2240.1782821597544,2978.024270729871
2025-06-24T00:00:00Z,2240.4966107694127,1200.560607133353,1200.560607133353,1200.560607133353,0,0,0,0,0,0,0,0,0,0,0,0,0,0,0,0,0,0,0,0,0,0,0,0,0,0,0,0,0,0,0,0,0,0,0,0,0,0,0,662.4950635317987,662.4950635317987,662.4950635317987,0,0,0,0,0,0,733.1039213654502,733.1039213654502,733.1039213654502,-195.03837776389602,-195.03837776389602,-195.03837776389602,0,0,0,2035.1013151925072,4948.693481004467,2240.4966107694127,2240.4966107694127,3441.057217902766
2025-06-25T00:00:00Z,2240.814939379071,1316.0355461088616,1316.0355461088616,1316.0355461088616,0,0,0,0,0,0,0,0,0,0,0,0,0,0,0,0,0,0,0,0,0,0,0,0,0,0,0,0,0,0,0,0,0,0,0,0,0,0,0,712.2200586272276,712.2200586272276,712.2200586272276,0,0,0,0,0,0,800.8560034326769,800.8560034326769,800.8560034326769,-197.0405159510428,-197.0405159510428,-197.0405159510428,0,0,0,2062.905307660631,5024.173063399209,2240.814939379071,2240.814939379071,3556.8504854879325
2025-06-26T00:00:00Z,2241.1332679887296,2584.4021201538676,2584.4021201538676,2584.4021201538676,0,0,0,0,0,0,1201.4993759236843,1201.4993759236843,1201.4993759236843,0,0,0,0,0,0,0,0,0,1201.4993759236843,1201.4993759236843,1201.4993759236843,0,0,0,0,0,0,0,0,0,0,0,0,0,0,0,0,0,0,775.0585551647692,775.0585551647692,775.0585551647692,0,0,0,0,0,0,806.0626646827982,806.0626646827982,806.0626646827982,-198.21847561738429,-198.21847561738429,-198.21847561738429,0,0,0,3446.4140282283493,6239.778387175547,2241.1332679887296,2241.1332679887296,4825.535388142597
2025-06-27T00:00:00Z,2241.451596598388,1065.6213412362122,1065.6213412362122,1065.6213412362122,0,0,0,0,0,0,1201.4993759236843,1201.4993759236843,1201.4993759236843,-1683.3583639625576,-1683.3583639625576,-1683.3583639625576,0,0,0,0,0,0,1201.4993759236843,1201.4993759236843,1201.4993759236843,0,0,0,0,0,0,0,0,0,0,0,0,0,0,0,-1683.3583639625576,-1683.3583639625576,-1683.3583639625576,945.5360061918096,945.5360061918096,945.5360061918096,0,0,0,0,0,0,800.6017514009549,800.6017514009549,800.6017514009549,-198.65742831767923,-198.65742831767923,-198.65742831767923,0,0,0,1847.8006665788726,4790.369002672847,2241.451596598388,2241.451596598388,3307.0729378346
2025-06-28T00:00:00Z,2241.7699252080465,715.0363698390556,715.0363698390556,715.0363698390556,0,0,0,0,0,0,1201.4993759236843,1201.4993759236843,1201.4993759236843,0,0,0,0,0,0,0,0,0,1201.4993759236843,1201.4993759236843,1201.4993759236843,0,0,0,0,0,0,0,0,0,0,0,0,0,0,0,0,0,0,1190.110076708174,1190.110076708174,1190.110076708174,0,0,0,0,0,0,-1478.1331127860756,-1478.1331127860756,-1478.1331127860756,-198.4399700067268,-198.4399700067268,-198.4399700067268,0,0,0,1633.9807367987048,4318.534753287055,2241.7699252080465,2241.7699252080465,2956.806295047102
2025-06-29T00:00:00Z,2242.0882538177048,2783.154453899747,2783.154453899747,2783.154453899747,0,0,0,0,0,0,3715.290483842817,3715.290483842817,3715.290483842817,0,0,0,2513.791107919133,2513.791107919133,2513.791107919133,0,0,0,1201.4993759236843,1201.4993759236843,1201.4993759236843,0,0,0,0,0,0,0,0,0,0,0,0,0,0,0,0,0,0,1326.1488273479129,1326.1488273479129,1326.1488273479129,0,0,0,0,0,0,-2060.6417270834863,-2060.6417270834863,-2060.6417270834863,-197.64313020749685,-197.64313020749685,-197.64313020749685,0,0,0,3493.267639494392,6497.24010904699,2242.0882538177048,2242.0882538177048,5025.242707717452
2025-06-30T00:00:00Z,2242.406582427363,7574.2978144975095,7574.2978144975095,7574.2978144975095,0,0,0,0,0,0,6221.093231655167,6221.093231655167,6221.093231655167,0,0,0,0,0,0,5019.593855731483,5019.593855731483,5019.593855731483,1201.4993759236843,1201.4993759236843,1201.4993759236843,0,0,0,0,0,0,0,0,0,0,0,0,0,0,0,0,0,0,1151.3900327238648,1151.3900327238648,1151.3900327238648,0,0,0,0,0,0,398.1504989821472,398.1504989821472,398.1504989821472,-196.33594886367084,-196.33594886367084,-196.33594886367084,0,0,0,8416.341822222153,11250.59880365917,2242.406582427363,2242.406582427363,9816.704396924873
2025-07-01T00:00:00Z,2242.7249110370217,547.03436990505,547.03436990505,547.03436990505,0,0,0,0,0,0,-615.221000053812,-615.221000053812,-615.221000053812,0,0,0,0,0,0,0,0,0,0,0,0,0,0,0,-615.221000053812,-615.221000053812,-615.221000053812,0,0,0,0,0,0,0,0,0,0,0,0,623.7291311001768,623.7291311001768,623.7291311001768,0,0,0,0,0,0,733.1039213666919,733.1039213666919,733.1039213666919,-194.57768250800683,-194.57768250800683,-194.57768250800683,0,0,0,1333.587683729312,4210.383123622962,2242.7249110370217,2242.7249110370217,2789.7592809420717
2025-07-02T00:00:00Z,2243.04323964668,-213.54923333930495,-213.54923333930495,-213.54923333930495,0,0,0,0,0,0,-752.8897151972958,-752.8897151972958,-752.8897151972958,0,0,0,0,0,0,0,0,0,0,0,0,-752.8897151972958,-752.8897151972958,-752.8897151972958,0,0,0,0,0,0,0,0,0,0,0,0,0,0,0,-69.09884770220282,-69.09884770220282,-69.09884770220282,0,0,0,0,0,0,800.8560034330558,800.8560034330558,800.8560034330558,-192.41667387286225,-192.41667387286225,-192.41667387286225,0,0,0,499.9497348016894,3500.5647982820624,2243.04323964668,2243.04323964668,2029.494006307375
2025-07-03T00:00:00Z,2243.3615682563386,-649.2960071340966,-649.2960071340966,-649.2960071340966,0,0,0,0,0,0,-641.1967284672644,-641.1967284672644,-641.1967284672644,0,0,0,0,0,0,0,0,0,0,0,0,0,0,0,0,0,0,-641.1967284672644,-641.1967284672644,-641.1967284672644,0,0,0,0,0,0,0,0,0,-624.2720522546028,-624.2720522546028,-624.2720522546028,0,0,0,0,0,0,806.0626646835938,806.0626646835938,806.0626646835938,-189.8898910958234,-189.8898910958234,-189.8898910958234,0,0,0,115.54626082250861,3024.1786465306604,2243.3615682563386,2243.3615682563386,1594.065561122242
2025-07-04T00:00:00Z,2243.6798968659973,-865.0246557725515,-865.0246557725515,-865.0246557725515,0,0,0,0,0,0,-641.1967284672644,-641.1967284672644,-641.1967284672644,0,0,0,0,0,0,0,0,0,0,0,0,0,0,0,0,0,0,-641.1967284672644,-641.1967284672644,-641.1967284672644,0,0,0,0,0,0,0,0,0,-837.4065634155711,-837.4065634155711,-837.4065634155711,0,0,0,0,0,0,800.6017514012673,800.6017514012673,800.6017514012673,-187.02311529098378,-187.02311529098378,-187.02311529098378,0,0,0,-68.73295563301468,2809.393435240104,2243.6798968659973,2243.6798968659973,1378.655241093446
2025-07-05T00:00:00Z,2243.9982254756555,-3043.0442114333546,-3043.0442114333546,-3043.0442114333546,0,0,0,0,0,0,-641.1967284672644,-641.1967284672644,-641.1967284672644,0,0,0,0,0,0,0,0,0,0,0,0,0,0,0,0,0,0,-641.1967284672644,-641.1967284672644,-641.1967284672644,0,0,0,0,0,0,0,0,0,-739.8826407435345,-739.8826407435345,-739.8826407435345,0,0,0,0,0,0,-1478.1331127870767,-1478.1331127870767,-1478.1331127870767,-183.83172943547982,-183.83172943547982,-183.83172943547982,0,0,0,-2179.299020575111,630.0092670343056,2243.9982254756555,2243.9982254756555,-799.045985957699
2025-07-06T00:00:00Z,2244.3165540853142,-3431.2753719418924,-3431.2753719418924,-3431.2753719418924,0,0,0,0,0,0,-641.1967284672644,-641.1967284672644,-641.1967284672644,0,0,0,0,0,0,0,0,0,0,0,0,0,0,0,0,0,0,-641.1967284672644,-641.1967284672644,-641.1967284672644,0,0,0,0,0,0,0,0,0,-549.1148781830399,-549.1148781830399,-549.1148781830399,0,0,0,0,0,0,-2060.6417270829274,-2060.6417270829274,-2060.6417270829274,-180.32203820866164,-180.32203820866164,-180.32203820866164,0,0,0,-2737.9916502024566,239.3851047733079,2244.3165540853142,2244.3165540853142,-1186.9588178565782
2025-07-07T00:00:00Z,2244.634882694973,-901.0671717913938,-901.0671717913938,-901.0671717913938,0,0,0,0,0,0,-641.1967284672644,-641.1967284672644,-641.1967284672644,0,0,0,0,0,0,0,0,0,0,0,0,0,0,0,0,0,0,-641.1967284672644,-641.1967284672644,-641.1967284672644,0,0,0,0,0,0,0,0,0,-481.52791387533944,-481.52791387533944,-481.52791387533944,0,0,0,0,0,0,398.15049898272656,398.15049898272656,398.15049898272656,-176.49302843151662,-176.49302843151662,-176.49302843151662,0,0,0,-135.43590172406573,2772.4846321292257,2244.634882694973,2244.634882694973,1343.5677109035792
2025-07-08T00:00:00Z,2244.953211304631,-29.99679326196872,-29.99679326196872,-29.99679326196872,0,0,0,0,0,0,0,0,0,0,0,0,0,0,0,0,0,0,0,0,0,0,0,0,0,0,0,0,0,0,0,0,0,0,0,0,0,0,0,-590.7622508508613,-590.7622508508613,-590.7622508508613,0,0,0,0,0,0,733.1039213660758,733.1039213660758,733.1039213660758,-172.33846377718328,-172.33846377718328,-172.33846377718328,0,0,0,698.8097239586725,3726.06496223865,2244.953211304631,2244.953211304631,2214.9564180426623
2025-07-09T00:00:00Z,2245.2715399142894,-127.09449557888534,-127.09449557888534,-127.09449557888534,0,0,0,0,0,0,0,0,0,0,0,0,0,0,0,0,0,0,0,0,0,0,0,0,0,0,0,0,0,0,0,0,0,0,0,0,0,0,0,-760.1013029937354,-760.1013029937354,-760.1013029937354,0,0,0,0,0,0,800.8560034334347,800.8560034334347,800.8560034334347,-167.84919601858442,-167.84919601858442,-167.84919601858442,0,0,0,624.8904984468332,3478.8749147540843,2245.2715399142894,2245.2715399142894,2118.177044335404
2025-07-10T00:00:00Z,2245.589868523948,-191.9048619065366,-191.9048619065366,-191.9048619065366,0,0,0,0,0,0,0,0,0,0,0,0,0,0,0,0,0,0,0,0,0,0,0,0,0,0,0,0,0,0,0,0,0,0,0,0,0,0,0,-834.9519579989654,-834.9519579989654,-834.9519579989654,0,0,0,0,0,0,806.0626646843897,806.0626646843897,806.0626646843897,-163.01556859196108,-163.01556859196108,-163.01556859196108,0,0,0,661.9477844293901,3447.8819025978755,2245.589868523948,2245.589868523948,2053.6850066174115
2025-07-11T00:00:00Z,2245.9081971336063,-119.71122368114764,-119.71122368114764,-119.71122368114764,0,0,0,0,0,0,0,0,0,0,0,0,0,0,0,0,0,0,0,0,0,0,0,0,0,0,0,0,0,0,0,0,0,0,0,0,0,0,0,-762.4831881814458,-762.4831881814458,-762.4831881814458,0,0,0,0,0,0,800.6017513996682,800.6017513996682,800.6017513996682,-157.82978689936994,-157.82978689936994,-157.82978689936994,0,0,0,568.8071241495903,3460.6722166088816,2245.9081971336063,2245.9081971336063,2126.1969734524587
2025-07-12T00:00:00Z,2246.226525743265,-2246.2654467203274,-2246.2654467203274,-2246.2654467203274,0,0,0,0,0,0,0,0,0,0,0,0,0,0,0,0,0,0,0,0,0,0,0,0,0,0,0,0,0,0,0,0,0,0,0,0,0,0,0,-615.844200408414,-615.844200408414,-615.844200408414,0,0,0,0,0,0,-1478.1331127799879,-1478.1331127799879,-1478.1331127799879,-152.28813353192615,-152.28813353192615,-152.28813353192615,0,0,0,-1404.3300024661082,1406.9490455949701,2246.226525743265,2246.226525743265,-0.038920977062389284
2025-07-13T00:00:00Z,2246.5448543529233,-2706.9704707898027,-2706.9704707898027,-2706.9704707898027,0,0,0,0,0,0,0,0,0,0,0,0,0,0,0,0,0,0,0,0,0,0,0,0,0,0,0,0,0,0,0,0,0,0,0,0,0,0,0,-499.9358284140463,-499.9358284140463,-499.9358284140463,0,0,0,0,0,0,-2060.641727085902,-2060.641727085902,-2060.641727085902,-146.39291528985407,-146.39291528985407,-146.39291528985407,0,0,0,-1908.5784196383079,1008.8090867932704,2246.5448543529233,2246.5448543529233,-460.4256164368794
2025-07-14T00:00:00Z,2246.8631829625815,-187.22494108516645,-187.22494108516645,-187.22494108516645,0,0,0,0,0,0,0,0,0,0,0,0,0,0,0,0,0,0,0,0,0,0,0,0,0,0,0,0,0,0,0,0,0,0,0,0,0,0,0,-445.2213979312042,-445.2213979312042,-445.2213979312042,0,0,0,0,0,0,398.1504989856517,398.1504989856517,398.1504989856517,-140.1540421396138,-140.1540421396138,-140.1540421396138,0,0,0,637.511587179461,3587.6862960072112,2246.8631829625815,2246.8631829625815,2059.638241877415
2025-07-15T00:00:00Z,2247.18151157224,205.5042886164401,205.5042886164401,205.5042886164401,0,0,0,0,0,0,0,0,0,0,0,0,0,0,0,0,0,0,0,0,0,0,0,0,0,0,0,0,0,0,0,0,0,0,0,0,0,0,0,-394.0094772025402,-394.0094772025402,-394.0094772025402,0,0,0,0,0,0,733.1039213661046,733.1039213661046,733.1039213661046,-133.59015554712437,-133.59015554712437,-133.59015554712437,0,0,0,843.2304863060293,3901.251107568084,2247.18151157224,2247.18151157224,2452.6858001886803
2025-07-16T00:00:00Z,2247.4998401818984,392.86615924424814,392.86615924424814,392.86615924424814,0,0,0,0,0,0,0,0,0,0,0,0,0,0,0,0,0,0,0,0,0,0,0,0,0,0,0,0,0,0,0,0,0,0,0,0,0,0,0,-281.26059990433436,-281.26059990433436,-281.26059990433436,0,0,0,0,0,0,800.8560034326291,800.8560034326291,800.8560034326291,-126.72924428404677,-126.72924428404677,-126.72924428404677,0,0,0,1217.7728272084269,4027.1114323969514,2247.4998401818984,2247.4998401818984,2640.3659994261466
2025-07-17T00:00:00Z,2247.818168791557,570.1528282720313,570.1528282720313,570.1528282720313,0,0,0,0,0,0,0,0,0,0,0,0,0,0,0,0,0,0,0,0,0,0,0,0,0,0,0,0,0,0,0,0,0,0,0,0,0,0,0,-116.30112739199485,-116.30112739199485,-116.30112739199485,0,0,0,0,0,0,806.062664682545,806.062664682545,806.062664682545,-119.60870901851892,-119.60870901851892,-119.60870901851892,0,0,0,1344.6203233951212,4252.606193444757,2247.818168791557,2247.818168791557,2817.9709970635886
2025-07-18T00:00:00Z,2248.1364974012154,711.18341540756,711.18341540756,711.18341540756,0,0,0,0,0,0,0,0,0,0,0,0,0,0,0,0,0,0,0,0,0,0,0,0,0,0,0,0,0,0,0,0,0,0,0,0,0,0,0,22.856525882442597,22.856525882442597,22.856525882442597,0,0,0,0,0,0,800.6017513999805,800.6017513999805,800.6017513999805,-112.27486187486299,-112.27486187486299,-112.27486187486299,0,0,0,1554.2927603262294,4476.262610803601,2248.1364974012154,2248.1364974012154,2959.3199128087754
2025-07-19T00:00:00Z,2248.4548260108736,-1507.9368553493232,-1507.9368553493232,-1507.9368553493232,0,0,0,0,0,0,0,0,0,0,0,0,0,0,0,0,0,0,0,0,0,0,0,0,0,0,0,0,0,0,0,0,0,0,0,0,0,0,0,74.9781301572628,74.9781301572628,74.9781301572628,0,0,0,0,0,0,-1478.133112780989,-1478.133112780989,-1478.133112780989,-104.78187272559714,-104.78187272559714,-104.78187272559714,0,0,0,-781.8661584371416,2167.5055470660095,2248.4548260108736,2248.4548260108736,740.5179706615504
2025-07-20T00:00:00Z,2248.7731546205323,-2090.0380823018695,-2090.0380823018695,-2090.0380823018695,0,0,0,0,0,0,0,0,0,0,0,0,0,0,0,0,0,0,0,0,0,0,0,0,0,0,0,0,0,0,0,0,0,0,0,0,0,0,0,67.7938440504817,67.7938440504817,67.7938440504817,0,0,0,0,0,0,-2060.641727083552,-2060.641727083552,-2060.641727083552,-97.19019926879989,-97.19019926879989,-97.19019926879989,0,0,0,-1416.626468848214,1541.183822432472,2248.7731546205323,2248.7731546205323,158.7350723186628
2025-07-21T00:00:00Z,2249.091483230191,405.56565608445436,405.56565608445436,405.56565608445436,0,0,0,0,0,0,0,0,0,0,0,0,0,0,0,0,0,0,0,0,0,0,0,0,0,0,0,0,0,0,0,0,0,0,0,0,0,0,0,96.97971907499574,96.97971907499574,96.97971907499574,0,0,0,0,0,0,398.15049898623107,398.15049898623107,398.15049898623107,-89.56456197677262,-89.56456197677262,-89.56456197677262,0,0,0,1238.9848002561941,4080.0548276257095,2249.091483230191,2249.091483230191,2654.6571393146455
2025-07-22T00:00:00Z,2249.409811839849,881.143955543285,881.143955543285,881.143955543285,0,0,0,0,0,0,0,0,0,0,0,0,0,0,0,0,0,0,0,0,0,0,0,0,0,0,0,0,0,0,0,0,0,0,0,0,0,0,0,230.01158099635515,230.01158099635515,230.01158099635515,0,0,0,0,0,0,733.1039213658112,733.1039213658112,733.1039213658112,-81.97154681888132,-81.97154681888132,-81.97154681888132,0,0,0,1739.4382815135048,4619.935068466053,2249.409811839849,2249.409811839849,3130.553767383134
2025-07-23T00:00:00Z,2249.7281404495075,1160.8772467536405,1160.8772467536405,1160.8772467536405,0,0,0,0,0,0,0,0,0,0,0,0,0,0,0,0,0,0,0,0,0,0,0,0,0,0,0,0,0,0,0,0,0,0,0,0,0,0,0,434.49818074440634,434.49818074440634,434.49818074440634,0,0,0,0,0,0,800.85600343344,800.85600343344,800.85600343344,-74.47693742420603,-74.47693742420603,-74.47693742420603,0,0,0,1999.3791353499635,4918.13290420493,2249.7281404495075,2249.7281404495075,3410.605387203148
2025-07-24T00:00:00Z,2250.046469059166,1348.5082985628014,1348.5082985628014,1348.5082985628014,0,0,0,0,0,0,0,0,0,0,0,0,0,0,0,0,0,0,0,0,0,0,0,0,0,0,0,0,0,0,0,0,0,0,0,0,0,0,0,609.588527151332,609.588527151332,609.588527151332,0,0,0,0,0,0,806.062664681951,806.062664681951,806.062664681951,-67.14289327048134,-67.14289327048134,-67.14289327048134,0,0,0,2180.5219228906303,5094.884552787402,2250.046469059166,2250.046469059166,3598.5547676219676
2025-07-25T00:00:00Z,2250.3647976688244,1433.8543395900215,1433.8543395900215,1433.8543395900215,0,0,0,0,0,0,0,0,0,0,0,0,0,0,0,0,0,0,0,0,0,0,0,0,0,0,0,0,0,0,0,0,0,0,0,0,0,0,0,693.2776891551075,693.2776891551075,693.2776891551075,0,0,0,0,0,0,800.6017513964695,800.6017513964695,800.6017513964695,-60.02510096155545,-60.02510096155545,-60.02510096155545,0,0,0,2289.108185447561,5241.328816023331,2250.3647976688244,2250.3647976688244,3684.219137258846
2025-07-26T00:00:00Z,2250.683126278483,-796.936042621838,-796.936042621838,-796.936042621838,0,0,0,0,0,0,0,0,0,0,0,0,0,0,0,0,0,0,0,0,0,0,0,0,0,0,0,0,0,0,0,0,0,0,0,0,0,0,0,734.3671013737785,734.3671013737785,734.3671013737785,0,0,0,0,0,0,-1478.133112784045,-1478.133112784045,-1478.133112784045,-53.1700312115713,-53.1700312115713,-53.1700312115713,0,0,0,-116.21423343524859,2927.4610106940995,2250.683126278483,2250.683126278483,1453.747083656645
2025-07-27T00:00:00Z,2251.0014548881413,-60.85130757461755,-60.85130757461755,-60.85130757461755,0,0,0,0,0,0,1201.4993759236843,1201.4993759236843,1201.4993759236843,0,0,0,0,0,0,0,0,0,1201.4993759236843,1201.4993759236843,1201.4993759236843,0,0,0,0,0,0,0,0,0,0,0,0,0,0,0,0,0,0,844.9034780606588,844.9034780606588,844.9034780606588,0,0,0,0,0,0,-2060.6417270847833,-2060.6417270847833,-2060.6417270847833,-46.61243447417703,-46.61243447417703,-46.61243447417703,0,0,0,646.2098832126896,3644.9071971484427,2251.0014548881413,2251.0014548881413,2190.1501473135236
2025-07-28T00:00:00Z,2251.3197834977996,2626.645293849251,2626.645293849251,2626.645293849251,0,0,0,0,0,0,1201.4993759236843,1201.4993759236843,1201.4993759236843,0,0,0,0,0,0,0,0,0,1201.4993759236843,1201.4993759236843,1201.4993759236843,0,0,0,0,0,0,0,0,0,0,0,0,0,0,0,0,0,0,1067.368622124337,1067.368622124337,1067.368622124337,0,0,0,0,0,0,398.1504989798034,398.1504989798034,398.1504989798034,-40.373203178573476,-40.373203178573476,-40.373203178573476,0,0,0,3333.6354398080784,6382.537418646861,2251.3197834977996,2251.3197834977996,4877.965077347051
2025-07-29T00:00:00Z,2251.6381121074583,3186.290891403873,3186.290891403873,3186.290891403873,0,0,0,0,0,0,1201.4993759236843,1201.4993759236843,1201.4993759236843,0,0,0,0,0,0,0,0,0,1201.4993759236843,1201.4993759236843,1201.4993759236843,0,0,0,0,0,0,0,0,0,0,0,0,0,0,0,0,0,0,1286.1453123979634,1286.1453123979634,1286.1453123979634,0,0,0,0,0,0,733.1039213655174,733.1039213655174,733.1039213655174,-34.457718283292,-34.457718283292,-34.457718283292,0,0,0,3873.940683426892,6862.794125418862,2251.6381121074583,2251.6381121074583,5437.929003511332
2025-07-30T00:00:00Z,2251.9564407171165,5772.996214496236,5772.996214496236,5772.996214496236,0,0,0,0,0,0,3715.290483842817,3715.290483842817,3715.290483842817,0,0,0,2513.791107919133,2513.791107919133,2513.791107919133,0,0,0,1201.4993759236843,1201.4993759236843,1201.4993759236843,0,0,0,0,0,0,0,0,0,0,0,0,0,0,0,0,0,0,1285.7045098848728,1285.7045098848728,1285.7045098848728,0,0,0,0,0,0,800.8560034332272,800.8560034332272,800.8560034332272,-28.854782664680936,-28.854782664680936,-28.854782664680936,0,0,0,6571.440844718736,9427.825862155349,2251.9564407171165,2251.9564407171165,8024.952655213352
2025-07-31T00:00:00Z,2252.274769326775,7928.460038560304,7928.460038560304,7928.460038560304,0,0,0,0,0,0,6221.093231655167,6221.093231655167,6221.093231655167,0,0,0,0,0,0,5019.593855731483,5019.593855731483,5019.593855731483,1201.4993759236843,1201.4993759236843,1201.4993759236843,0,0,0,0,0,0,0,0,0,0,0,0,0,0,0,0,0,0,924.8403663634583,924.8403663634583,924.8403663634583,0,0,0,0,0,0,806.0626646841366,806.0626646841366,806.0626646841366,-23.536224142457886,-23.536224142457886,-23.536224142457886,0,0,0,8695.95657489619,11559.676315803918,2252.274769326775,2252.274769326775,10180.73480788708
2025-08-01T00:00:00Z,2252.5930979364334,446.22587161370734,446.22587161370734,446.22587161370734,0,0,0,0,0,0,-615.221000053812,-615.221000053812,-615.221000053812,0,0,0,0,0,0,0,0,0,0,0,0,0,0,0,-615.221000053812,-615.221000053812,-615.221000053812,0,0,0,0,0,0,0,0,0,0,0,0,279.3023476247728,279.3023476247728,279.3023476247728,0,0,0,0,0,0,800.601751396782,800.601751396782,800.601751396782,-18.457227354035485,-18.457227354035485,-18.457227354035485,0,0,0,1211.4062046507488,4156.572286924103,2252.5930979364334,2252.5930979364334,2698.8189695501405
2025-08-02T00:00:00Z,2252.911426546092,-2625.956439317695,-2625.956439317695,-2625.956439317695,0,0,0,0,0,0,-752.8897151972958,-752.8897151972958,-752.8897151972958,0,0,0,0,0,0,0,0,0,0,0,0,-752.8897151972958,-752.8897151972958,-752.8897151972958,0,0,0,0,0,0,0,0,0,0,0,0,0,0,0,-381.3761843346863,-381.3761843346863,-381.3761843346863,0,0,0,0,0,0,-1478.1331127829908,-1478.1331127829908,-1478.1331127829908,-13.557427002722472,-13.557427002722472,-13.557427002722472,0,0,0,-1808.8307781479878,1142.280393901859,2252.911426546092,2252.911426546092,-373.04501277160307
2025-08-03T00:00:00Z,2253.229755155751,-3488.1519407787723,-3488.1519407787723,-3488.1519407787723,0,0,0,0,0,0,-641.1967284672644,-641.1967284672644,-641.1967284672644,0,0,0,0,0,0,0,0,0,0,0,0,0,0,0,0,0,0,-641.1967284672644,-641.1967284672644,-641.1967284672644,0,0,0,0,0,0,0,0,0,-777.5507191050357,-777.5507191050357,-777.5507191050357,0,0,0,0,0,0,-2060.641727082433,-2060.641727082433,-2060.641727082433,-8.762766124039125,-8.762766124039125,-8.762766124039125,0,0,0,-2694.8968362874316,128.228824533912,2253.229755155751,2253.229755155751,-1234.9221856230215
2025-08-04T00:00:00Z,2253.5480837654095,-1063.4164175212072,-1063.4164175212072,-1063.4164175212072,0,0,0,0,0,0,-641.1967284672644,-641.1967284672644,-641.1967284672644,0,0,0,0,0,0,0,0,0,0,0,0,0,0,0,0,0,0,-641.1967284672644,-641.1967284672644,-641.1967284672644,0,0,0,0,0,0,0,0,0,-816.3820950882449,-816.3820950882449,-816.3820950882449,0,0,0,0,0,0,398.1504989815557,398.1504989815557,398.1504989815557,-3.9880929472536337,-3.9880929472536337,-3.9880929472536337,0,0,0,-260.36405006472927,2681.6220493807436,2253.5480837654095,2253.5480837654095,1190.1316662442023
2025-08-05T00:00:00Z,2253.8664123750677,-547.3828818658003,-547.3828818658003,-547.3828818658003,0,0,0,0,0,0,-641.1967284672644,-641.1967284672644,-641.1967284672644,0,0,0,0,0,0,0,0,0,0,0,0,0,0,0,0,0,0,-641.1967284672644,-641.1967284672644,-641.1967284672644,0,0,0,0,0,0,0,0,0,-640.1496350298486,-640.1496350298486,-640.1496350298486,0,0,0,0,0,0,733.1039213652235,733.1039213652235,733.1039213652235,0.8595602660891913,0.8595602660891913,0.8595602660891913,0,0,0,284.14285283952734,3082.241630130251,2253.8664123750677,2253.8664123750677,1706.4835305092674
2025-08-06T00:00:00Z,2254.184740984726,-326.2360730849903,-326.2360730849903,-326.2360730849903,0,0,0,0,0,0,-641.1967284672644,-641.1967284672644,-641.1967284672644,0,0,0,0,0,0,0,0,0,0,0,0,0,0,0,0,0,0,-641.1967284672644,-641.1967284672644,-641.1967284672644,0,0,0,0,0,0,0,0,0,-491.7724502968202,-491.7724502968202,-491.7724502968202,0,0,0,0,0,0,800.8560034336058,800.8560034336058,800.8560034336058,5.8771022454885244,5.8771022454885244,5.8771022454885244,0,0,0,445.10860945077076,3310.2161893274974,2254.184740984726,2254.184740984726,1927.9486678997357
2025-08-07T00:00:00Z,2254.5030695943847,-342.4400990385803,-342.4400990385803,-342.4400990385803,0,0,0,0,0,0,-641.1967284672644,-641.1967284672644,-641.1967284672644,0,0,0,0,0,0,0,0,0,0,0,0,0,0,0,0,0,0,-641.1967284672644,-641.1967284672644,-641.1967284672644,0,0,0,0,0,0,0,0,0,-518.4670598631197,-518.4670598631197,-518.4670598631197,0,0,0,0,0,0,806.0626646835426,806.0626646835426,806.0626646835426,11.161024608261172,11.161024608261172,11.161024608261172,0,0,0,261.03408082542654,3291.5605512585125,2254.5030695943847,2254.5030695943847,1912.0629705558044
2025-08-08T00:00:00Z,2254.821398204043,138.719552706412,138.719552706412,138.719552706412,0,0,0,0,0,0,0,0,0,0,0,0,0,0,0,0,0,0,0,0,0,0,0,0,0,0,0,0,0,0,0,0,0,0,0,0,0,0,0,-678.6848964189982,-678.6848964189982,-678.6848964189982,0,0,0,0,0,0,800.6017514015938,800.6017514015938,800.6017514015938,16.80269772381654,16.80269772381654,16.80269772381654,0,0,0,1012.0721571921441,3831.0737451814316,2254.821398204043,2254.821398204043,2393.5409509104547
2025-08-09T00:00:00Z,2255.1397268137016,-2271.2854730760882,-2271.2854730760882,-2271.2854730760882,0,0,0,0,0,0,0,0,0,0,0,0,0,0,0,0,0,0,0,0,0,0,0,0,0,0,0,0,0,0,0,0,0,0,0,0,0,0,0,-816.0358379699742,-816.0358379699742,-816.0358379699742,0,0,0,0,0,0,-1478.1331127860474,-1478.1331127860474,-1478.1331127860474,22.883477679932707,22.883477679932707,22.883477679932707,0,0,0,-1496.393150606664,1551.9813442023972,2255.1397268137016,2255.1397268137016,-16.145746262386638
2025-08-10T00:00:00Z,2255.45805542336,-2845.9703562417844,-2845.9703562417844,-2845.9703562417844,0,0,0,0,0,0,0,0,0,0,0,0,0,0,0,0,0,0,0,0,0,0,0,0,0,0,0,0,0,0,0,0,0,0,0,0,0,0,0,-814.7984258138188,-814.7984258138188,-814.7984258138188,0,0,0,0,0,0,-2060.6417270818743,-2060.6417270818743,-2060.6417270818743,29.46979665390822,29.46979665390822,29.46979665390822,0,0,0,-1931.804503149761,844.1021119386213,2255.45805542336,2255.45805542336,-590.5123008184246
2025-08-11T00:00:00Z,2255.776384033018,-256.3484473734088,-256.3484473734088,-256.3484473734088,0,0,0,0,0,0,0,0,0,0,0,0,0,0,0,0,0,0,0,0,0,0,0,0,0,0,0,0,0,0,0,0,0,0,0,0,0,0,0,-691.1073649496075,-691.1073649496075,-691.1073649496075,0,0,0,0,0,0,398.1504989833079,398.1504989833079,398.1504989833079,36.608418592890615,36.608418592890615,36.608418592890615,0,0,0,495.654750334122,3493.0098930426016,2255.776384033018,2255.776384033018,1999.4279366596093
2025-08-12T00:00:00Z,2256.0947126426768,227.78026777396747,227.78026777396747,227.78026777396747,0,0,0,0,0,0,0,0,0,0,0,0,0,0,0,0,0,0,0,0,0,0,0,0,0,0,0,0,0,0,0,0,0,0,0,0,0,0,0,-549.6456992237934,-549.6456992237934,-549.6456992237934,0,0,0,0,0,0,733.1039213652523,733.1039213652523,733.1039213652523,44.322045632508534,44.322045632508534,44.322045632508534,0,0,0,1047.811946259395,3964.8703261738297,2256.0947126426768,2256.0947126426768,2483.874980416644
2025-08-13T00:00:00Z,2256.413041252335,386.33961328232084,386.33961328232084,386.33961328232084,0,0,0,0,0,0,0,0,0,0,0,0,0,0,0,0,0,0,0,0,0,0,0,0,0,0,0,0,0,0,0,0,0,0,0,0,0,0,0,-467.1218479747677,-467.1218479747677,-467.1218479747677,0,0,0,0,0,0,800.8560034332324,800.8560034332324,800.8560034332324,52.605457823855836,52.605457823855836,52.605457823855836,0,0,0,1088.5658072340013,4081.3594586064587,2256.413041252335,2256.413041252335,2642.752654534656
2025-08-14T00:00:00Z,2256.7313698619937,443.1742225856588,443.1742225856588,443.1742225856588,0,0,0,0,0,0,0,0,0,0,0,0,0,0,0,0,0,0,0,0,0,0,0,0,0,0,0,0,0,0,0,0,0,0,0,0,0,0,0,-424.3108014559078,-424.3108014559078,-424.3108014559078,0,0,0,0,0,0,806.062664682949,806.062664682949,806.062664682949,61.42235935861771,61.42235935861771,61.42235935861771,0,0,0,1273.9835112614778,4203.477693958407,2256.7313698619937,2256.7313698619937,2699.9055924476525
2025-08-15T00:00:00Z,2257.049698471652,524.3495434409095,524.3495434409095,524.3495434409095,0,0,0,0,0,0,0,0,0,0,0,0,0,0,0,0,0,0,0,0,0,0,0,0,0,0,0,0,0,0,0,0,0,0,0,0,0,0,0,-346.95529669202654,-346.95529669202654,-346.95529669202654,0,0,0,0,0,0,800.6017513999946,800.6017513999946,800.6017513999946,70.70308873294171,70.70308873294171,70.70308873294171,0,0,0,1307.9427981133347,4177.99681644536,2257.049698471652,2257.049698471652,2781.3992419125616
2025-08-16T00:00:00Z,2257.3680270813106,-1599.042096353621,-1599.042096353621,-1599.042096353621,0,0,0,0,0,0,0,0,0,0,0,0,0,0,0,0,0,0,0,0,0,0,0,0,0,0,0,0,0,0,0,0,0,0,0,0,0,0,0,-201.252312028959,-201.252312028959,-201.252312028959,0,0,0,0,0,0,-1478.1331127789585,-1478.1331127789585,-1478.1331127789585,80.34332845429635,80.34332845429635,80.34332845429635,0,0,0,-819.960131907676,2183.570259411532,2257.3680270813106,2257.3680270813106,658.3259307276896
2025-08-17T00:00:00Z,2257.686355690969,-2008.5312148245462,-2008.5312148245462,-2008.5312148245462,0,0,0,0,0,0,0,0,0,0,0,0,0,0,0,0,0,0,0,0,0,0,0,0,0,0,0,0,0,0,0,0,0,0,0,0,0,0,0,-38.09341029541682,-38.09341029541682,-38.09341029541682,0,0,0,0,0,0,-2060.641727081315,-2060.641727081315,-2060.641727081315,90.20392255218506,90.20392255218506,90.20392255218506,0,0,0,-1237.7904643798813,1674.3377122309068,2257.686355690969,2257.686355690969,249.1551408664227
2025-08-18T00:00:00Z,2258.0046843006276,558.7011129884914,558.7011129884914,558.7011129884914,0,0,0,0,0,0,0,0,0,0,0,0,0,0,0,0,0,0,0,0,0,0,0,0,0,0,0,0,0,0,0,0,0,0,0,0,0,0,0,60.43873599152264,60.43873599152264,60.43873599152264,0,0,0,0,0,0,398.15049898388725,398.15049898388725,398.15049898388725,100.11187801308171,100.11187801308171,100.11187801308171,0,0,0,1330.911131475777,4178.291381634977,2258.0046843006276,2258.0046843006276,2816.705797289119
2025-08-19T00:00:00Z,2258.323012910286,916.4185899436927,916.4185899436927,916.4185899436927,0,0,0,0,0,0,0,0,0,0,0,0,0,0,0,0,0,0,0,0,0,0,0,0,0,0,0,0,0,0,0,0,0,0,0,0,0,0,0,73.4520783201089,73.4520783201089,73.4520783201089,0,0,0,0,0,0,733.1039213658495,733.1039213658495,733.1039213658495,109.86259025773413,109.86259025773413,109.86259025773413,0,0,0,1745.0840509685152,4777.140251851014,2258.323012910286,2258.323012910286,3174.7416028539783
2025-08-20T00:00:00Z,2258.641341519944,991.8034329175163,991.8034329175163,991.8034329175163,0,0,0,0,0,0,0,0,0,0,0,0,0,0,0,0,0,0,0,0,0,0,0,0,0,0,0,0,0,0,0,0,0,0,0,0,0,0,0,71.72413550409566,71.72413550409566,71.72413550409566,0,0,0,0,0,0,800.8560034336115,800.8560034336115,800.8560034336115,119.2232939798093,119.2232939798093,119.2232939798093,0,0,0,1908.7553042435359,4682.395820326261,2258.641341519944,2258.641341519944,3250.44477443746
2025-08-21T00:00:00Z,2258.9596701296027,1083.9981827595252,1083.9981827595252,1083.9981827595252,0,0,0,0,0,0,0,0,0,0,0,0,0,0,0,0,0,0,0,0,0,0,0,0,0,0,0,0,0,0,0,0,0,0,0,0,0,0,0,149.9978178173357,149.9978178173357,149.9978178173357,0,0,0,0,0,0,806.0626646851341,806.0626646851341,806.0626646851341,127.93770025705554,127.93770025705554,127.93770025705554,0,0,0,1918.0966798516356,4860.406642194432,2258.9596701296027,2258.9596701296027,3342.957852889128
2025-08-22T00:00:00Z,2259.277998739261,1265.4720270847831,1265.4720270847831,1265.4720270847831,0,0,0,0,0,0,0,0,0,0,0,0,0,0,0,0,0,0,0,0,0,0,0,0,0,0,0,0,0,0,0,0,0,0,0,0,0,0,0,329.1385355697283,329.1385355697283,329.1385355697283,0,0,0,0,0,0,800.6017513983953,800.6017513983953,800.6017513983953,135.73174011665958,135.73174011665958,135.73174011665958,0,0,0,2109.1978958210852,4960.867979715143,2259.277998739261,2259.277998739261,3524.7500258240443
2025-08-23T00:00:00Z,2259.5963273489197,-803.9895434375696,-803.9895434375696,-803.9895434375696,0,0,0,0,0,0,0,0,0,0,0,0,0,0,0,0,0,0,0,0,0,0,0,0,0,0,0,0,0,0,0,0,0,0,0,0,0,0,0,531.8232743503675,531.8232743503675,531.8232743503675,0,0,0,0,0,0,-1478.1331127820147,-1478.1331127820147,-1478.1331127820147,142.32029499407741,142.32029499407741,142.32029499407741,0,0,0,142.21161101647468,2873.6972983604246,2259.5963273489197,2259.5963273489197,1455.60678391135
2025-08-24T00:00:00Z,2259.914655958578,-1250.731906450725,-1250.731906450725,-1250.731906450725,0,0,0,0,0,0,0,0,0,0,0,0,0,0,0,0,0,0,0,0,0,0,0,0,0,0,0,0,0,0,0,0,0,0,0,0,0,0,0,662.4950635317518,662.4950635317518,662.4950635317518,0,0,0,0,0,0,-2060.641727086081,-2060.641727086081,-2060.641727086081,147.41475710360479,147.41475710360479,147.41475710360479,0,0,0,-464.80533147728624,2475.698032171459,2259.914655958578,2259.914655958578,1009.1827495078528
2025-08-25T00:00:00Z,2260.232984568236,1261.1017865363633,1261.1017865363633,1261.1017865363633,0,0,0,0,0,0,0,0,0,0,0,0,0,0,0,0,0,0,0,0,0,0,0,0,0,0,0,0,0,0,0,0,0,0,0,0,0,0,0,712.2200586277,712.2200586277,712.2200586277,0,0,0,0,0,0,398.1504989844665,398.1504989844665,398.1504989844665,150.7312289241972,150.7312289241972,150.7312289241972,0,0,0,2010.3170912476955,4945.7503592762105,2260.232984568236,2260.232984568236,3521.3347711045994
2025-08-26T00:00:00Z,2260.551313177895,1660.1616185259197,1660.1616185259197,1660.1616185259197,0,0,0,0,0,0,0,0,0,0,0,0,0,0,0,0,0,0,0,0,0,0,0,0,0,0,0,0,0,0,0,0,0,0,0,0,0,0,0,775.058555165141,775.058555165141,775.058555165141,0,0,0,0,0,0,733.1039213658781,733.1039213658781,733.1039213658781,151.9991419949004,151.9991419949004,151.9991419949004,0,0,0,2421.877193742076,5440.908415931862,2260.551313177895,2260.551313177895,3920.7129317038143
2025-08-27T00:00:00Z,2260.869641787553,3098.8614376472196,3098.8614376472196,3098.8614376472196,0,0,0,0,0,0,1201.4993759236843,1201.4993759236843,1201.4993759236843,0,0,0,0,0,0,0,0,0,1201.4993759236843,1201.4993759236843,1201.4993759236843,0,0,0,0,0,0,0,0,0,0,0,0,0,0,0,0,0,0,945.5360061919001,945.5360061919001,945.5360061919001,0,0,0,0,0,0,800.8560034333984,800.8560034333984,800.8560034333984,150.97005209823672,150.97005209823672,150.97005209823672,0,0,0,3933.1895284262705,6804.308825930316,2260.869641787553,2260.869641787553,5359.731079434772
2025-08-28T00:00:00Z,2261.1879703972118,3345.0984689229545,3345.0984689229545,3345.0984689229545,0,0,0,0,0,0,1201.4993759236843,1201.4993759236843,1201.4993759236843,0,0,0,0,0,0,0,0,0,1201.4993759236843,1201.4993759236843,1201.4993759236843,0,0,0,0,0,0,0,0,0,0,0,0,0,0,0,0,0,0,1190.110076708237,1190.110076708237,1190.110076708237,0,0,0,0,0,0,806.0626646845402,806.0626646845402,806.0626646845402,147.42635160649252,147.42635160649252,147.42635160649252,0,0,0,4257.303042737691,6954.892829965134,2261.1879703972118,2261.1879703972118,5606.286439320166
2025-08-29T00:00:00Z,2261.50629900687,3469.4395856808615,3469.4395856808615,3469.4395856808615,0,0,0,0,0,0,1201.4993759236843,1201.4993759236843,1201.4993759236843,0,0,0,0,0,0,0,0,0,1201.4993759236843,1201.4993759236843,1201.4993759236843,0,0,0,0,0,0,0,0,0,0,0,0,0,0,0,0,0,0,1326.1488273483776,1326.1488273483776,1326.1488273483776,0,0,0,0,0,0,800.6017513987077,800.6017513987077,800.6017513987077,141.18963101009163,141.18963101009163,141.18963101009163,0,0,0,4416.755969120828,7227.411224019347,2261.50629900687,2261.50629900687,5730.945884687731
2025-08-30T00:00:00Z,2261.8246276165287,3520.6758247289185,3520.6758247289185,3520.6758247289185,0,0,0,0,0,0,3715.290483842817,3715.290483842817,3715.290483842817,0,0,0,2513.791107919133,2513.791107919133,2513.791107919133,0,0,0,1201.4993759236843,1201.4993759236843,1201.4993759236843,0,0,0,0,0,0,0,0,0,0,0,0,0,0,0,0,0,0,1151.390032724505,1151.390032724505,1151.390032724505,0,0,0,0,0,0,-1478.1331127809606,-1478.1331127809606,-1478.1331127809606,132.12842094255743,132.12842094255743,132.12842094255743,0,0,0,4363.986217349651,7225.189169357297,2261.8246276165287,2261.8246276165287,5782.500452345447
2025-08-31T00:00:00Z,2262.142956226187,3220.9873253487926,3220.9873253487926,3220.9873253487926,0,0,0,0,0,0,6221.093231655167,6221.093231655167,6221.093231655167,-1683.3583639625576,-1683.3583639625576,-1683.3583639625576,0,0,0,5019.593855731483,5019.593855731483,5019.593855731483,1201.4993759236843,1201.4993759236843,1201.4993759236843,0,0,0,0,0,0,0,0,0,0,0,0,0,0,0,-1683.3583639625576,-1683.3583639625576,-1683.3583639625576,623.7291310993469,623.7291310993469,623.7291310993469,0,0,0,0,0,0,-2060.641727083731,-2060.641727083731,-2060.641727083731,120.16505364056688,120.16505364056688,120.16505364056688,0,0,0,4096.74684499582,6917.667210561376,2262.142956226187,2262.142956226187,5483.13028157498
2025-09-01T00:00:00Z,2262.4612848358456,-1864.2463139881809,-1864.2463139881809,-1864.2463139881809,0,0,0,0,0,0,-615.221000053812,-615.221000053812,-615.221000053812,-1683.3583639625576,-1683.3583639625576,-1683.3583639625576,0,0,0,0,0,0,0,0,0,0,0,0,-615.221000053812,-615.221000053812,-615.221000053812,0,0,0,0,0,0,0,0,0,-1683.3583639625576,-1683.3583639625576,-1683.3583639625576,-69.09884770268856,-69.09884770268856,-69.09884770268856,0,0,0,0,0,0,398.1504989873917,398.1504989873917,398.1504989873917,105.28139874348562,105.28139874348562,105.28139874348562,0,0,0,-970.3012212210908,1845.2820032944298,2262.4612848358456,2262.4612848358456,398.21497084766474
2025-09-02T00:00:00Z,2262.7796134455043,-556.5345936981564,-556.5345936981564,-556.5345936981564,0,0,0,0,0,0,-752.8897151972958,-752.8897151972958,-752.8897151972958,0,0,0,0,0,0,0,0,0,0,0,0,-752.8897151972958,-752.8897151972958,-752.8897151972958,0,0,0,0,0,0,0,0,0,0,0,0,0,0,0,-624.2720522551381,-624.2720522551381,-624.2720522551381,0,0,0,0,0,0,733.1039213655846,733.1039213655846,733.1039213655846,87.52325238869281,87.52325238869281,87.52325238869281,0,0,0,248.11619796927639,3099.7708818478977,2262.7796134455043,2262.7796134455043,1706.245019747348
2025-09-03T00:00:00Z,2263.0979420551625,-610.7440982338053,-610.7440982338053,-610.7440982338053,0,0,0,0,0,0,-641.1967284672644,-641.1967284672644,-641.1967284672644,0,0,0,0,0,0,0,0,0,0,0,0,0,0,0,0,0,0,-641.1967284672644,-641.1967284672644,-641.1967284672644,0,0,0,0,0,0,0,0,0,-837.4065634155969,-837.4065634155969,-837.4065634155969,0,0,0,0,0,0,800.856003433185,800.856003433185,800.856003433185,67.00319021587138,67.00319021587138,67.00319021587138,0,0,0,263.0964957776754,3211.458292101913,2263.0979420551625,2263.0979420551625,1652.3538438213573
2025-09-04T00:00:00Z,2263.4162706648212,-531.1149711629665,-531.1149711629665,-531.1149711629665,0,0,0,0,0,0,-641.1967284672644,-641.1967284672644,-641.1967284672644,0,0,0,0,0,0,0,0,0,0,0,0,0,0,0,0,0,0,-641.1967284672644,-641.1967284672644,-641.1967284672644,0,0,0,0,0,0,0,0,0,-739.8826407436904,-739.8826407436904,-739.8826407436904,0,0,0,0,0,0,806.0626646826958,806.0626646826958,806.0626646826958,43.90173336529247,43.90173336529247,43.90173336529247,0,0,0,279.6082992713841,3163.576540395533,2263.4162706648212,2263.4162706648212,1732.3012995018548
2025-09-05T00:00:00Z,2263.7345992744795,-2054.6014983197183,-2054.6014983197183,-2054.6014983197183,0,0,0,0,0,0,-641.1967284672644,-641.1967284672644,-641.1967284672644,-1683.3583639625576,-1683.3583639625576,-1683.3583639625576,0,0,0,0,0,0,0,0,0,0,0,0,0,0,0,-641.1967284672644,-641.1967284672644,-641.1967284672644,0,0,0,0,0,0,-1683.3583639625576,-1683.3583639625576,-1683.3583639625576,-549.1148781829677,-549.1148781829677,-549.1148781829677,0,0,0,0,0,0,800.6017513951969,800.6017513951969,800.6017513951969,18.466720897874776,18.466720897874776,18.466720897874776,0,0,0,-1293.2431088920334,1677.0451410245862,2263.7345992744795,2263.7345992744795,209.13310095476118
2025-09-06T00:00:00Z,2264.052927884138,-2609.846924074885,-2609.846924074885,-2609.846924074885,0,0,0,0,0,0,-641.1967284672644,-641.1967284672644,-641.1967284672644,0,0,0,0,0,0,0,0,0,0,0,0,0,0,0,0,0,0,-641.1967284672644,-641.1967284672644,-641.1967284672644,0,0,0,0,0,0,0,0,0,-481.5279138751301,-481.5279138751301,-481.5279138751301,0,0,0,0,0,0,-1478.1331127840167,-1478.1331127840167,-1478.1331127840167,-8.989168948473129,-8.989168948473129,-8.989168948473129,0,0,0,-1726.1359426392846,1112.0861422293724,2264.052927884138,2264.052927884138,-345.79399619074684
2025-09-07T00:00:00Z,2264.3712564937964,-3330.693460367656,-3330.693460367656,-3330.693460367656,0,0,0,0,0,0,-641.1967284672644,-641.1967284672644,-641.1967284672644,0,0,0,0,0,0,0,0,0,0,0,0,0,0,0,0,0,0,-641.1967284672644,-641.1967284672644,-641.1967284672644,0,0,0,0,0,0,0,0,0,-590.7622508514021,-590.7622508514021,-590.7622508514021,0,0,0,0,0,0,-2060.641727084963,-2060.641727084963,-2060.641727084963,-38.092753964027835,-38.092753964027835,-38.092753964027835,0,0,0,-2472.8277053302536,435.3838635075202,2264.3712564937964,2264.3712564937964,-1066.3222038738595
2025-09-08T00:00:00Z,2264.6895851034546,-430.36729484799633,-430.36729484799633,-430.36729484799633,0,0,0,0,0,0,0,0,0,0,0,0,0,0,0,0,0,0,0,0,0,0,0,0,0,0,0,0,0,0,0,0,0,0,0,0,0,0,0,-760.1013029939292,-760.1013029939292,-760.1013029939292,0,0,0,0,0,0,398.1504989879711,398.1504989879711,398.1504989879711,-68.41649084203827,-68.41649084203827,-68.41649084203827,0,0,0,279.2776231195896,3219.391476675346,2264.6895851034546,2264.6895851034546,1834.3222902554583
2025-09-09T00:00:00Z,2265.0079137131133,-201.3343592756627,-201.3343592756627,-201.3343592756627,0,0,0,0,0,0,0,0,0,0,0,0,0,0,0,0,0,0,0,0,0,0,0,0,0,0,0,0,0,0,0,0,0,0,0,0,0,0,0,-834.9519579987217,-834.9519579987217,-834.9519579987217,0,0,0,0,0,0,733.1039213668264,733.1039213668264,733.1039213668264,-99.48632264376732,-99.48632264376732,-99.48632264376732,0,0,0,620.6408776329918,3457.6859625892325,2265.0079137131133,2265.0079137131133,2063.6735544374505
2025-09-10T00:00:00Z,2265.3262423227716,-92.41825965482124,-92.41825965482124,-92.41825965482124,0,0,0,0,0,0,0,0,0,0,0,0,0,0,0,0,0,0,0,0,0,0,0,0,0,0,0,0,0,0,0,0,0,0,0,0,0,0,0,-762.483188181497,-762.483188181497,-762.483188181497,0,0,0,0,0,0,800.8560034329716,800.8560034329716,800.8560034329716,-130.7910749062959,-130.7910749062959,-130.7910749062959,0,0,0,733.8847314656441,3690.2653274285467,2265.3262423227716,2265.3262423227716,2172.9079826679504
2025-09-11T00:00:00Z,2265.6445709324303,28.42526963483364,28.42526963483364,28.42526963483364,0,0,0,0,0,0,0,0,0,0,0,0,0,0,0,0,0,0,0,0,0,0,0,0,0,0,0,0,0,0,0,0,0,0,0,0,0,0,0,-615.8442004084176,-615.8442004084176,-615.8442004084176,0,0,0,0,0,0,806.0626646821017,806.0626646821017,806.0626646821017,-161.79319463885048,-161.79319463885048,-161.79319463885048,0,0,0,870.9914015770978,3761.742128509343,2265.6445709324303,2265.6445709324303,2294.069840567264
2025-09-12T00:00:00Z,2265.9628995420885,108.7253417104787,108.7253417104787,108.7253417104787,0,0,0,0,0,0,0,0,0,0,0,0,0,0,0,0,0,0,0,0,0,0,0,0,0,0,0,0,0,0,0,0,0,0,0,0,0,0,0,-499.9358284131739,-499.9358284131739,-499.9358284131739,0,0,0,0,0,0,800.6017514019203,800.6017514019203,800.6017514019203,-191.9405812782676,-191.9405812782676,-191.9405812782676,0,0,0,937.2091790144498,3756.6235838314205,2265.9628995420885,2265.9628995420885,2374.6882412525674
2025-09-13T00:00:00Z,2266.281228151747,-2144.033730315946,-2144.033730315946,-2144.033730315946,0,0,0,0,0,0,0,0,0,0,0,0,0,0,0,0,0,0,0,0,0,0,0,0,0,0,0,0,0,0,0,0,0,0,0,0,0,0,0,-445.2213979307003,-445.2213979307003,-445.2213979307003,0,0,0,0,0,0,-1478.133112785018,-1478.133112785018,-1478.133112785018,-220.6792196002275,-220.6792196002275,-220.6792196002275,0,0,0,-1278.7787363098505,1697.3662251180413,2266.281228151747,2266.281228151747,122.24749783580137
2025-09-14T00:00:00Z,2266.5995567614054,-2702.1174972243516,-2702.1174972243516,-2702.1174972243516,0,0,0,0,0,0,0,0,0,0,0,0,0,0,0,0,0,0,0,0,0,0,0,0,0,0,0,0,0,0,0,0,0,0,0,0,0,0,0,-394.0094772025388,-394.0094772025388,-394.0094772025388,0,0,0,0,0,0,-2060.6417270826123,-2060.6417270826123,-2060.6417270826123,-247.46629293920097,-247.46629293920097,-247.46629293920097,0,0,0,-1881.7928595735725,1122.4966028662811,2266.5995567614054,2266.5995567614054,-435.51794046294617
2025-09-15T00:00:00Z,2266.917885371064,-1838.2518968591312,-1838.2518968591312,-1838.2518968591312,0,0,0,0,0,0,0,0,0,-1683.3583639625576,-1683.3583639625576,-1683.3583639625576,0,0,0,0,0,0,0,0,0,0,0,0,0,0,0,0,0,0,0,0,0,0,0,0,-1683.3583639625576,-1683.3583639625576,-1683.3583639625576,-281.2605999040949,-281.2605999040949,-281.2605999040949,0,0,0,0,0,0,398.15049898154336,398.15049898154336,398.15049898154336,-271.783431974022,-271.783431974022,-271.783431974022,0,0,0,-1019.2071917739197,2004.3509676714998,2266.917885371064,2266.917885371064,428.66598851193294
2025-09-16T00:00:00Z,2267.2362139807224,-1359.7053106751819,-1359.7053106751819,-1359.7053106751819,0,0,0,0,0,0,0,0,0,-1683.3583639625576,-1683.3583639625576,-1683.3583639625576,0,0,0,0,0,0,0,0,0,0,0,0,0,0,0,0,0,0,0,0,0,0,0,0,-1683.3583639625576,-1683.3583639625576,-1683.3583639625576,-116.30112739259312,-116.30112739259312,-116.30112739259312,0,0,0,0,0,0,733.1039213662102,733.1039213662102,733.1039213662102,-293.1497406862414,-293.1497406862414,-293.1497406862414,0,0,0,-491.43258922557027,2343.6651231415794,2267.2362139807224,2267.2362139807224,907.5309033055405
2025-09-17T00:00:00Z,2267.5545425903806,512.5782917831749,512.5782917831749,512.5782917831749,0,0,0,0,0,0,0,0,0,0,0,0,0,0,0,0,0,0,0,0,0,0,0,0,0,0,0,0,0,0,0,0,0,0,0,0,0,0,0,22.856525882518415,22.856525882518415,22.856525882518415,0,0,0,0,0,0,800.8560034333507,800.8560034333507,800.8560034333507,-311.13423753269433,-311.13423753269433,-311.13423753269433,0,0,0,1429.477209006296,4297.980231689724,2267.5545425903806,2267.5545425903806,2780.1328343735554
2025-09-18T00:00:00Z,2267.8728712000393,555.6734381190644,555.6734381190644,555.6734381190644,0,0,0,0,0,0,0,0,0,0,0,0,0,0,0,0,0,0,0,0,0,0,0,0,0,0,0,0,0,0,0,0,0,0,0,0,0,0,0,74.9781301572684,74.9781301572684,74.9781301572684,0,0,0,0,0,0,806.0626646842873,806.0626646842873,806.0626646842873,-325.3673567224913,-325.3673567224913,-325.3673567224913,0,0,0,1348.1782930633688,4195.780089522193,2267.8728712000393,2267.8728712000393,2823.546309319104
2025-09-19T00:00:00Z,2268.1911998096975,532.8444236474913,532.8444236474913,532.8444236474913,0,0,0,0,0,0,0,0,0,0,0,0,0,0,0,0,0,0,0,0,0,0,0,0,0,0,0,0,0,0,0,0,0,0,0,0,0,0,0,67.79384405046719,67.79384405046719,67.79384405046719,0,0,0,0,0,0,800.6017514022325,800.6017514022325,800.6017514022325,-335.55117180520847,-335.55117180520847,-335.55117180520847,0,0,0,1386.5019844564056,4370.343732173531,2268.1911998096975,2268.1911998096975,2801.035623457189
2025-09-20T00:00:00Z,2268.5095284193562,-1722.6214249825487,-1722.6214249825487,-1722.6214249825487,0,0,0,0,0,0,0,0,0,0,0,0,0,0,0,0,0,0,0,0,0,0,0,0,0,0,0,0,0,0,0,0,0,0,0,0,0,0,0,96.97971907551951,96.97971907551951,96.97971907551951,0,0,0,0,0,0,-1478.1331127779292,-1478.1331127779292,-1478.1331127779292,-341.4680312801391,-341.4680312801391,-341.4680312801391,0,0,0,-905.1244879072456,2002.9142765319157,2268.5095284193562,2268.5095284193562,545.8881034368076
2025-09-21T00:00:00Z,2268.8278570290145,-2173.617479138709,-2173.617479138709,-2173.617479138709,0,0,0,0,0,0,0,0,0,0,0,0,0,0,0,0,0,0,0,0,0,0,0,0,0,0,0,0,0,0,0,0,0,0,0,0,0,0,0,230.0115809954038,230.0115809954038,230.0115809954038,0,0,0,0,0,0,-2060.641727082053,-2060.641727082053,-2060.641727082053,-342.98733305205945,-342.98733305205945,-342.98733305205945,0,0,0,-1377.2961867109816,1569.7128551744943,2268.8278570290145,2268.8278570290145,95.21037789030561
2025-09-22T00:00:00Z,2269.1461856386727,492.57846932640774,492.57846932640774,492.57846932640774,0,0,0,0,0,0,0,0,0,0,0,0,0,0,0,0,0,0,0,0,0,0,0,0,0,0,0,0,0,0,0,0,0,0,0,0,0,0,0,434.4981807445244,434.4981807445244,434.4981807445244,0,0,0,0,0,0,398.15049898329556,398.15049898329556,398.15049898329556,-340.0702104014124,-340.0702104014124,-340.0702104014124,0,0,0,1292.7833080642786,4160.969159394814,2269.1461856386727,2269.1461856386727,2761.7246549650804
2025-09-23T00:00:00Z,2269.4645142483314,1009.9204929510435,1009.9204929510435,1009.9204929510435,0,0,0,0,0,0,0,0,0,0,0,0,0,0,0,0,0,0,0,0,0,0,0,0,0,0,0,0,0,0,0,0,0,0,0,0,0,0,0,609.5885271513873,609.5885271513873,609.5885271513873,0,0,0,0,0,0,733.103921366239,733.103921366239,733.103921366239,-332.771955566583,-332.771955566583,-332.771955566583,0,0,0,1736.5705447363594,4626.309159599697,2269.4645142483314,2269.4645142483314,3279.3850071993747
2025-09-24T00:00:00Z,2269.7828428579896,1172.891625957757,1172.891625957757,1172.891625957757,0,0,0,0,0,0,0,0,0,0,0,0,0,0,0,0,0,0,0,0,0,0,0,0,0,0,0,0,0,0,0,0,0,0,0,0,0,0,0,693.2776891548649,693.2776891548649,693.2776891548649,0,0,0,0,0,0,800.8560034325452,800.8560034325452,800.8560034325452,-321.24206662965304,-321.24206662965304,-321.24206662965304,0,0,0,1996.2221993587507,4847.725077153772,2269.7828428579896,2269.7828428579896,3442.674468815747
2025-09-25T00:00:00Z,2270.1011714676483,1234.7078984929756,1234.7078984929756,1234.7078984929756,0,0,0,0,0,0,0,0,0,0,0,0,0,0,0,0,0,0,0,0,0,0,0,0,0,0,0,0,0,0,0,0,0,0,0,0,0,0,0,734.3671013737263,734.3671013737263,734.3671013737263,0,0,0,0,0,0,806.0626646836935,806.0626646836935,806.0626646836935,-305.7218675644443,-305.7218675644443,-305.7218675644443,0,0,0,2056.4756879091365,5013.782175148328,2270.1011714676483,2270.1011714676483,3504.8090699606237
2025-09-26T00:00:00Z,2270.4195000773066,2560.4648871318204,2560.4648871318204,2560.4648871318204,0,0,0,0,0,0,1201.4993759236843,1201.4993759236843,1201.4993759236843,0,0,0,0,0,0,0,0,0,1201.4993759236843,1201.4993759236843,1201.4993759236843,0,0,0,0,0,0,0,0,0,0,0,0,0,0,0,0,0,0,844.9034780601894,844.9034780601894,844.9034780601894,0,0,0,0,0,0,800.6017514006336,800.6017514006336,800.6017514006336,-286.5397182526867,-286.5397182526867,-286.5397182526867,0,0,0,3333.07230854307,6198.501258253807,2270.4195000773066,2270.4195000773066,4830.8843872091275
2025-09-27T00:00:00Z,2270.7378286869653,526.630986157167,526.630986157167,526.630986157167,0,0,0,0,0,0,1201.4993759236843,1201.4993759236843,1201.4993759236843,0,0,0,0,0,0,0,0,0,1201.4993759236843,1201.4993759236843,1201.4993759236843,0,0,0,0,0,0,0,0,0,0,0,0,0,0,0,0,0,0,1067.3686221247897,1067.3686221247897,1067.3686221247897,0,0,0,0,0,0,-1478.1331127789301,-1478.1331127789301,-1478.1331127789301,-264.10389911237684,-264.10389911237684,-264.10389911237684,0,0,0,1302.5963210110979,4260.585569919708,2270.7378286869653,2270.7378286869653,2797.3688148441324
2025-09-28T00:00:00Z,2271.0561572966235,188.10963948263333,188.10963948263333,188.10963948263333,0,0,0,0,0,0,1201.4993759236843,1201.4993759236843,1201.4993759236843,0,0,0,0,0,0,0,0,0,1201.4993759236843,1201.4993759236843,1201.4993759236843,0,0,0,0,0,0,0,0,0,0,0,0,0,0,0,0,0,0,1286.1453123978738,1286.1453123978738,1286.1453123978738,0,0,0,0,0,0,-2060.6417270797024,-2060.6417270797024,-2060.6417270797024,-238.8933217592223,-238.8933217592223,-238.8933217592223,0,0,0,954.5576480138657,3895.1000407327406,2271.0561572966235,2271.0561572966235,2459.1657967792567
2025-09-29T00:00:00Z,2271.374485906282,5187.699211849479,5187.699211849479,5187.699211849479,0,0,0,0,0,0,3715.290483842817,3715.290483842817,3715.290483842817,0,0,0,2513.791107919133,2513.791107919133,2513.791107919133,0,0,0,1201.4993759236843,1201.4993759236843,1201.4993759236843,0,0,0,0,0,0,0,0,0,0,0,0,0,0,0,0,0,0,1285.70450988552,1285.70450988552,1285.70450988552,0,0,0,0,0,0,398.15049898504793,398.15049898504793,398.15049898504793,-211.4462808639065,-211.4462808639065,-211.4462808639065,0,0,0,6076.700958523091,8877.285988682252,2271.374485906282,2271.374485906282,7459.073697755761
2025-09-30T00:00:00Z,2271.6928145159404,7696.689998203147,7696.689998203147,7696.689998203147,0,0,0,0,0,0,6221.093231655167,6221.093231655167,6221.093231655167,0,0,0,0,0,0,5019.593855731483,5019.593855731483,5019.593855731483,1201.4993759236843,1201.4993759236843,1201.4993759236843,0,0,0,0,0,0,0,0,0,0,0,0,0,0,0,0,0,0,924.8403663623634,924.8403663623634,924.8403663623634,0,0,0,0,0,0,733.1039213662675,733.1039213662675,733.1039213662675,-182.34752118065177,-182.34752118065177,-182.34752118065177,0,0,0,8523.211043797935,11406.688778489113,2271.6928145159404,2271.6928145159404,9968.382812719088
2025-10-01T00:00:00Z,2272.0111431255987,312.72340521262026,312.72340521262026,312.72340521262026,0,0,0,0,0,0,-615.221000053812,-615.221000053812,-615.221000053812,0,0,0,0,0,0,0,0,0,0,0,0,0,0,0,-615.221000053812,-615.221000053812,-615.221000053812,0,0,0,0,0,0,0,0,0,0,0,0,279.3023476239482,279.3023476239482,279.3023476239482,0,0,0,0,0,0,800.8560034333562,800.8560034333562,800.8560034333562,-152.2139457908724,-152.2139457908724,-152.2139457908724,0,0,0,1063.3202100354376,4002.756654454306,2272.0111431255987,2272.0111431255987,2584.7345483382187
2025-10-02T00:00:00Z,2272.3294717352574,-449.88257015865804,-449.88257015865804,-449.88257015865804,0,0,0,0,0,0,-752.8897151972958,-752.8897151972958,-752.8897151972958,0,0,0,0,0,0,0,0,0,0,0,0,-752.8897151972958,-752.8897151972958,-752.8897151972958,0,0,0,0,0,0,0,0,0,0,0,0,0,0,0,-381.37618433372984,-381.37618433372984,-381.37618433372984,0,0,0,0,0,0,806.062664684489,806.062664684489,806.062664684489,-121.67933531212162,-121.67933531212162,-121.67933531212162,0,0,0,405.5584171065146,3308.9178707837596,2272.3294717352574,2272.3294717352574,1822.4469015765994
2025-10-03T00:00:00Z,2272.647800344916,-709.5241779054093,-709.5241779054093,-709.5241779054093,0,0,0,0,0,0,-641.1967284672644,-641.1967284672644,-641.1967284672644,0,0,0,0,0,0,0,0,0,0,0,0,0,0,0,0,0,0,-641.1967284672644,-641.1967284672644,-641.1967284672644,0,0,0,0,0,0,0,0,0,-777.5507191044284,-777.5507191044284,-777.5507191044284,0,0,0,0,0,0,800.601751399034,800.601751399034,800.601751399034,-91.3784817327502,-91.3784817327502,-91.3784817327502,0,0,0,112.93860635370345,2971.1435133283408,2272.647800344916,2272.647800344916,1563.1236224395068
2025-10-04T00:00:00Z,2272.9661289545747,-2997.6430998436,-2997.6430998436,-2997.6430998436,0,0,0,0,0,0,-641.1967284672644,-641.1967284672644,-641.1967284672644,0,0,0,0,0,0,0,0,0,0,0,0,0,0,0,0,0,0,-641.1967284672644,-641.1967284672644,-641.1967284672644,0,0,0,0,0,0,0,0,0,-816.382095088532,-816.382095088532,-816.382095088532,0,0,0,0,0,0,-1478.1331127819865,-1478.1331127819865,-1478.1331127819865,-61.93116350581671,-61.93116350581671,-61.93116350581671,0,0,0,-2116.675616984205,737.3316118037955,2272.9661289545747,2272.9661289545747,-724.6769708890251
2025-10-05T00:00:00Z,2273.284457564233,-3375.9144902750595,-3375.9144902750595,-3375.9144902750595,0,0,0,0,0,0,-641.1967284672644,-641.1967284672644,-641.1967284672644,0,0,0,0,0,0,0,0,0,0,0,0,0,0,0,0,0,0,-641.1967284672644,-641.1967284672644,-641.1967284672644,0,0,0,0,0,0,0,0,0,-640.1496350301582,-640.1496350301582,-640.1496350301582,0,0,0,0,0,0,-2060.6417270809347,-2060.6417270809347,-2060.6417270809347,-33.926399696702454,-33.926399696702454,-33.926399696702454,0,0,0,-2527.159041085216,361.707829141317,2273.284457564233,2273.284457564233,-1102.6300327108265
2025-10-06T00:00:00Z,2273.602786173891,-742.7260996111645,-742.7260996111645,-742.7260996111645,0,0,0,0,0,0,-641.1967284672644,-641.1967284672644,-641.1967284672644,0,0,0,0,0,0,0,0,0,0,0,0,0,0,0,0,0,0,-641.1967284672644,-641.1967284672644,-641.1967284672644,0,0,0,0,0,0,0,0,0,-491.77245029685434,-491.77245029685434,-491.77245029685434,0,0,0,0,0,0,398.1504989774473,398.1504989774473,398.1504989774473,-7.907419824492847,-7.907419824492847,-7.907419824492847,0,0,0,75.43274994578454,2922.9806788650167,2273.602786173891,2273.602786173891,1530.8766865627267
2025-10-07T00:00:00Z,2273.92111478355,-410.9176393281181,-410.9176393281181,-410.9176393281181,0,0,0,0,0,0,-641.1967284672644,-641.1967284672644,-641.1967284672644,0,0,0,0,0,0,0,0,0,0,0,0,0,0,0,0,0,0,-641.1967284672644,-641.1967284672644,-641.1967284672644,0,0,0,0,0,0,0,0,0,-518.4670598630876,-518.4670598630876,-518.4670598630876,0,0,0,0,0,0,733.1039213656517,733.1039213656517,733.1039213656517,15.642227636582339,15.642227636582339,15.642227636582339,0,0,0,435.335718817026,3315.7514174759913,2273.92111478355,2273.92111478355,1863.0034754554317
2025-10-08T00:00:00Z,2274.239443393208,158.48213812534,158.48213812534,158.48213812534,0,0,0,0,0,0,0,0,0,0,0,0,0,0,0,0,0,0,0,0,0,0,0,0,0,0,0,0,0,0,0,0,0,0,0,0,0,0,0,-678.6848964194627,-678.6848964194627,-678.6848964194627,0,0,0,0,0,0,800.8560034331429,800.8560034331429,800.8560034331429,36.31103111165981,36.31103111165981,36.31103111165981,0,0,0,912.4474716367947,3806.0823742671982,2274.239443393208,2274.239443393208,2432.721581518548
2025-10-09T00:00:00Z,2274.557772002867,43.79680362291298,43.79680362291298,43.79680362291298,0,0,0,0,0,0,0,0,0,0,0,0,0,0,0,0,0,0,0,0,0,0,0,0,0,0,0,0,0,0,0,0,0,0,0,0,0,0,0,-816.0358379697748,-816.0358379697748,-816.0358379697748,0,0,0,0,0,0,806.0626646826446,806.0626646826446,806.0626646826446,53.76997691004337,53.76997691004337,53.76997691004337,0,0,0,838.031796989384,3728.464515118594,2274.557772002867,2274.557772002867,2318.35457562578
2025-10-10T00:00:00Z,2274.876100612525,53.58413033410503,53.58413033410503,53.58413033410503,0,0,0,0,0,0,0,0,0,0,0,0,0,0,0,0,0,0,0,0,0,0,0,0,0,0,0,0,0,0,0,0,0,0,0,0,0,0,0,-814.7984258137451,-814.7984258137451,-814.7984258137451,0,0,0,0,0,0,800.6017513974349,800.6017513974349,800.6017513974349,67.78080475041561,67.78080475041561,67.78080475041561,0,0,0,757.5310844678314,3660.4078948349566,2274.876100612525,2274.876100612525,2328.46023094663
2025-10-11T00:00:00Z,2275.1944292221838,-2091.03867222229,-2091.03867222229,-2091.03867222229,0,0,0,0,0,0,0,0,0,0,0,0,0,0,0,0,0,0,0,0,0,0,0,0,0,0,0,0,0,0,0,0,0,0,0,0,0,0,0,-691.1073649490156,-691.1073649490156,-691.1073649490156,0,0,0,0,0,0,-1478.1331127809322,-1478.1331127809322,-1478.1331127809322,78.20180550765781,78.20180550765781,78.20180550765781,0,0,0,-1301.5880514760997,1655.2773344312873,2275.1944292221838,2275.1944292221838,184.15575699989358
2025-10-12T00:00:00Z,2275.512757831842,-2525.296451054817,-2525.296451054817,-2525.296451054817,0,0,0,0,0,0,0,0,0,0,0,0,0,0,0,0,0,0,0,0,0,0,0,0,0,0,0,0,0,0,0,0,0,0,0,0,0,0,0,-549.6456992241334,-549.6456992241334,-549.6456992241334,0,0,0,0,0,0,-2060.6417270839097,-2060.6417270839097,-2060.6417270839097,84.9909752532257,84.9909752532257,84.9909752532257,0,0,0,-1670.8879864138512,1234.8748616686564,2275.512757831842,2275.512757831842,-249.78369322297522
2025-10-13T00:00:00Z,2275.8310864415007,19.23506337915988,19.23506337915988,19.23506337915988,0,0,0,0,0,0,0,0,0,0,0,0,0,0,0,0,0,0,0,0,0,0,0,0,0,0,0,0,0,0,0,0,0,0,0,0,0,0,0,-467.12184797514607,-467.12184797514607,-467.12184797514607,0,0,0,0,0,0,398.15049898037256,398.15049898037256,398.15049898037256,88.20641237393343,88.20641237393343,88.20641237393343,0,0,0,779.24424092883,3758.839351145595,2275.8310864415007,2275.8310864415007,2295.0661498206605
2025-10-14T00:00:00Z,2276.149415051159,396.7970414978913,396.7970414978913,396.7970414978913,0,0,0,0,0,0,0,0,0,0,0,0,0,0,0,0,0,0,0,0,0,0,0,0,0,0,0,0,0,0,0,0,0,0,0,0,0,0,0,-424.31080145604955,-424.31080145604955,-424.31080145604955,0,0,0,0,0,0,733.1039213656804,733.1039213656804,733.1039213656804,88.00392158826064,88.00392158826064,88.00392158826064,0,0,0,1197.3124626587767,4113.808493220398,2276.149415051159,2276.149415051159,2672.9464565490503
2025-10-15T00:00:00Z,2276.467743660817,538.5325746180615,538.5325746180615,538.5325746180615,0,0,0,0,0,0,0,0,0,0,0,0,0,0,0,0,0,0,0,0,0,0,0,0,0,0,0,0,0,0,0,0,0,0,0,0,0,0,0,-346.95529669168997,-346.95529669168997,-346.95529669168997,0,0,0,0,0,0,800.8560034335218,800.8560034335218,800.8560034335218,84.63186787622966,84.63186787622966,84.63186787622966,0,0,0,1387.257095187647,4271.598247499316,2276.467743660817,2276.467743660817,2815.0003182788787
2025-10-16T00:00:00Z,2276.786072270476,683.2337551063194,683.2337551063194,683.2337551063194,0,0,0,0,0,0,0,0,0,0,0,0,0,0,0,0,0,0,0,0,0,0,0,0,0,0,0,0,0,0,0,0,0,0,0,0,0,0,0,-201.25231202919014,-201.25231202919014,-201.25231202919014,0,0,0,0,0,0,806.0626646834402,806.0626646834402,806.0626646834402,78.42340245206935,78.42340245206935,78.42340245206935,0,0,0,1512.2787888383402,4288.119049045836,2276.786072270476,2276.786072270476,2960.0198273767955
2025-10-17T00:00:00Z,2277.104400880134,832.2946007445101,832.2946007445101,832.2946007445101,0,0,0,0,0,0,0,0,0,0,0,0,0,0,0,0,0,0,0,0,0,0,0,0,0,0,0,0,0,0,0,0,0,0,0,0,0,0,0,-38.09341029454571,-38.09341029454571,-38.09341029454571,0,0,0,0,0,0,800.6017514041583,800.6017514041583,800.6017514041583,69.78625963489752,69.78625963489752,69.78625963489752,0,0,0,1699.1706762227122,4533.513673436453,2277.104400880134,2277.104400880134,3109.3990016246444
2025-10-18T00:00:00Z,2277.422729489793,-1358.5039812096693,-1358.5039812096693,-1358.5039812096693,0,0,0,0,0,0,0,0,0,0,0,0,0,0,0,0,0,0,0,0,0,0,0,0,0,0,0,0,0,0,0,0,0,0,0,0,0,0,0,60.43873599149218,60.43873599149218,60.43873599149218,0,0,0,0,0,0,-1478.1331127839887,-1478.1331127839887,-1478.1331127839887,59.19039558282706,59.19039558282706,59.19039558282706,0,0,0,-588.536401551128,2400.5642982276568,2277.422729489793,2277.422729489793,918.9187482801235
2025-10-19T00:00:00Z,2277.741058099451,-1940.0358435849319,-1940.0358435849319,-1940.0358435849319,0,0,0,0,0,0,0,0,0,0,0,0,0,0,0,0,0,0,0,0,0,0,0,0,0,0,0,0,0,0,0,0,0,0,0,0,0,0,0,73.45207832053003,73.45207832053003,73.45207832053003,0,0,0,0,0,0,-2060.64172708335,-2060.64172708335,-2060.64172708335,47.153805177888174,47.153805177888174,47.153805177888174,0,0,0,-1123.1629279211609,1896.6321232917255,2277.741058099451,2277.741058099451,337.7052145145192
2025-10-20T00:00:00Z,2278.0593867091093,-1179.2568195705464,-1179.2568195705464,-1179.2568195705464,0,0,0,0,0,0,0,0,0,-1683.3583639625576,-1683.3583639625576,-1683.3583639625576,0,0,0,0,0,0,0,0,0,0,0,0,0,0,0,0,0,0,0,0,0,0,0,0,-1683.3583639625576,-1683.3583639625576,-1683.3583639625576,71.72413550498827,71.72413550498827,71.72413550498827,0,0,0,0,0,0,398.15049898095197,398.15049898095197,398.15049898095197,34.22690990607104,34.22690990607104,34.22690990607104,0,0,0,-384.92776005682276,2613.4488280982537,2278.0593867091093,2278.0593867091093,1098.8025671385628
2025-10-21T00:00:00Z,2278.377715318768,904.0776947921855,904.0776947921855,904.0776947921855,0,0,0,0,0,0,0,0,0,0,0,0,0,0,0,0,0,0,0,0,0,0,0,0,0,0,0,0,0,0,0,0,0,0,0,0,0,0,0,149.99781781623952,149.99781781623952,149.99781781623952,0,0,0,0,0,0,733.1039213653869,733.1039213653869,733.1039213653869,20.97595561055919,20.97595561055919,20.97595561055919,0,0,0,1814.5602926300205,4653.283999482623,2278.377715318768,2278.377715318768,3182.4554101109534
2025-10-22T00:00:00Z,2278.696043928426,1137.960432004511,1137.960432004511,1137.960432004511,0,0,0,0,0,0,0,0,0,0,0,0,0,0,0,0,0,0,0,0,0,0,0,0,0,0,0,0,0,0,0,0,0,0,0,0,0,0,0,329.13853556994184,329.13853556994184,329.13853556994184,0,0,0,0,0,0,800.8560034327164,800.8560034327164,800.8560034327164,7.965893001852709,7.965893001852709,7.965893001852709,0,0,0,1877.2233449076746,4883.52181409566,2278.696043928426,2278.696043928426,3416.656475932937
2025-10-23T00:00:00Z,2279.014372538085,1333.629173690581,1333.629173690581,1333.629173690581,0,0,0,0,0,0,0,0,0,0,0,0,0,0,0,0,0,0,0,0,0,0,0,0,0,0,0,0,0,0,0,0,0,0,0,0,0,0,0,531.8232743499733,531.8232743499733,531.8232743499733,0,0,0,0,0,0,806.0626646828462,806.0626646828462,806.0626646828462,-4.256765342238733,-4.256765342238733,-4.256765342238733,0,0,0,2153.3046871694523,5074.969261235749,2279.014372538085,2279.014372538085,3612.643546228666
2025-10-24T00:00:00Z,2279.332701147743,1447.9162040447118,1447.9162040447118,1447.9162040447118,0,0,0,0,0,0,0,0,0,0,0,0,0,0,0,0,0,0,0,0,0,0,0,0,0,0,0,0,0,0,0,0,0,0,0,0,0,0,0,662.4950635316948,662.4950635316948,662.4950635316948,0,0,0,0,0,0,800.6017514006476,800.6017514006476,800.6017514006476,-15.180610887630404,-15.180610887630404,-15.180610887630404,0,0,0,2305.8497887057338,5099.853091463709,2279.332701147743,2279.332701147743,3727.248905192455
2025-10-25T00:00:00Z,2279.651029757402,-790.2580890192233,-790.2580890192233,-790.2580890192233,0,0,0,0,0,0,0,0,0,0,0,0,0,0,0,0,0,0,0,0,0,0,0,0,0,0,0,0,0,0,0,0,0,0,0,0,0,0,0,712.2200586279522,712.2200586279522,712.2200586279522,0,0,0,0,0,0,-1478.133112787045,-1478.133112787045,-1478.133112787045,-24.345034860130742,-24.345034860130742,-24.345034860130742,0,0,0,39.33337397447792,3004.24271390613,2279.651029757402,2279.651029757402,1489.3929407381784
2025-10-26T00:00:00Z,2279.96935836706,-1316.9376544437243,-1316.9376544437243,-1316.9376544437243,0,0,0,0,0,0,0,0,0,0,0,0,0,0,0,0,0,0,0,0,0,0,0,0,0,0,0,0,0,0,0,0,0,0,0,0,0,0,0,775.0585551641739,775.0585551641739,775.0585551641739,0,0,0,0,0,0,-2060.641727082791,-2060.641727082791,-2060.641727082791,-31.354482525107294,-31.354482525107294,-31.354482525107294,0,0,0,-517.1969980673038,2411.4783018523835,2279.96935836706,2279.96935836706,963.0317039233357
2025-10-27T00:00:00Z,2280.2876869767188,2509.295050507698,2509.295050507698,2509.295050507698,0,0,0,0,0,0,1201.4993759236843,1201.4993759236843,1201.4993759236843,0,0,0,0,0,0,0,0,0,1201.4993759236843,1201.4993759236843,1201.4993759236843,0,0,0,0,0,0,0,0,0,0,0,0,0,0,0,0,0,0,945.5360061918774,945.5360061918774,945.5360061918774,0,0,0,0,0,0,398.1504989827041,398.1504989827041,398.1504989827041,-35.89083059056746,-35.89083059056746,-35.89083059056746,0,0,0,3348.4123360664016,6249.731105045201,2280.2876869767188,2280.2876869767188,4789.582737484417
2025-10-28T00:00:00Z,2280.606015586377,3086.989872784713,3086.989872784713,3086.989872784713,0,0,0,0,0,0,1201.4993759236843,1201.4993759236843,1201.4993759236843,0,0,0,0,0,0,0,0,0,1201.4993759236843,1201.4993759236843,1201.4993759236843,0,0,0,0,0,0,0,0,0,0,0,0,0,0,0,0,0,0,1190.1100767083533,1190.1100767083533,1190.1100767083533,0,0,0,0,0,0,733.1039213663063,733.1039213663063,733.1039213663063,-37.723501213630954,-37.723501213630954,-37.723501213630954,0,0,0,3907.6317826733407,6753.155372329608,2280.606015586377,2280.606015586377,5367.59588837109
2025-10-29T00:00:00Z,2280.9243441960352,3291.7872198089344,3291.7872198089344,3291.7872198089344,0,0,0,0,0,0,1201.4993759236843,1201.4993759236843,1201.4993759236843,0,0,0,0,0,0,0,0,0,1201.4993759236843,1201.4993759236843,1201.4993759236843,0,0,0,0,0,0,0,0,0,0,0,0,0,0,0,0,0,0,1326.1488273482112,1326.1488273482112,1326.1488273482112,0,0,0,0,0,0,800.8560034330953,800.8560034330953,800.8560034330953,-36.716986896056845,-36.716986896056845,-36.716986896056845,0,0,0,4215.160661444985,7079.319926539118,2280.9243441960352,2280.9243441960352,5572.71156400497
2025-10-30T00:00:00Z,2281.242672805694,5639.907649573523,5639.907649573523,5639.907649573523,0,0,0,0,0,0,3715.290483842817,3715.290483842817,3715.290483842817,0,0,0,2513.791107919133,2513.791107919133,2513.791107919133,0,0,0,1201.4993759236843,1201.4993759236843,1201.4993759236843,0,0,0,0,0,0,0,0,0,0,0,0,0,0,0,0,0,0,1151.3900327238975,1151.3900327238975,1151.3900327238975,0,0,0,0,0,0,806.0626646850317,806.0626646850317,806.0626646850317,-32.83553167822327,-32.83553167822327,-32.83553167822327,0,0,0,6462.402405334631,9360.253856024136,2281.242672805694,2281.242672805694,7921.150322379217
2025-10-31T00:00:00Z,2281.561001415352,7619.279320581719,7619.279320581719,7619.279320581719,0,0,0,0,0,0,6221.093231655167,6221.093231655167,6221.093231655167,0,0,0,0,0,0,5019.593855731483,5019.593855731483,5019.593855731483,1201.4993759236843,1201.4993759236843,1201.4993759236843,0,0,0,0,0,0,0,0,0,0,0,0,0,0,0,0,0,0,623.7291311003272,623.7291311003272,623.7291311003272,0,0,0,0,0,0,800.6017514009601,800.6017514009601,800.6017514009601,-26.14479357473581,-26.14479357473581,-26.14479357473581,0,0,0,8501.588428251987,11437.617990463365,2281.561001415352,2281.561001415352,9900.840321997071
2025-11-01T00:00:00Z,2281.879330025011,-2179.2633595128323,-2179.2633595128323,-2179.2633595128323,0,0,0,0,0,0,-615.221000053812,-615.221000053812,-615.221000053812,0,0,0,0,0,0,0,0,0,0,0,0,0,0,0,-615.221000053812,-615.221000053812,-615.221000053812,0,0,0,0,0,0,0,0,0,0,0,0,-69.09884770146638,-69.09884770146638,-69.09884770146638,0,0,0,0,0,0,-1478.1331127880458,-1478.1331127880458,-1478.1331127880458,-16.810398969508324,-16.810398969508324,-16.810398969508324,0,0,0,-1494.093460632992,1580.1338670059204,2281.879330025011,2281.879330025011,102.61597051217859
2025-11-02T00:00:00Z,2282.1976586346696,-3442.8968838675332,-3442.8968838675332,-3442.8968838675332,0,0,0,0,0,0,-752.8897151972958,-752.8897151972958,-752.8897151972958,0,0,0,0,0,0,0,0,0,0,0,0,-752.8897151972958,-752.8897151972958,-752.8897151972958,0,0,0,0,0,0,0,0,0,0,0,0,0,0,0,-624.272052254347,-624.272052254347,-624.272052254347,0,0,0,0,0,0,-2060.6417270875577,-2060.6417270875577,-2060.6417270875577,-5.093389328332604,-5.093389328332604,-5.093389328332604,0,0,0,-2552.405867814101,252.554394165894,2282.1976586346696,2282.1976586346696,-1160.6992252328637
2025-11-03T00:00:00Z,2282.515987244328,-1071.795444462012,-1071.795444462012,-1071.795444462012,0,0,0,0,0,0,-641.1967284672644,-641.1967284672644,-641.1967284672644,0,0,0,0,0,0,0,0,0,0,0,0,0,0,0,0,0,0,-641.1967284672644,-641.1967284672644,-641.1967284672644,0,0,0,0,0,0,0,0,0,-837.4065634160224,-837.4065634160224,-837.4065634160224,0,0,0,0,0,0,398.1504989832833,398.1504989832833,398.1504989832833,8.657348437991299,8.657348437991299,8.657348437991299,0,0,0,-168.95233971762184,2631.292214411635,2282.515987244328,2282.515987244328,1210.7205427823158
2025-11-04T00:00:00Z,2282.8343158539865,-623.959960932052,-623.959960932052,-623.959960932052,0,0,0,0,0,0,-641.1967284672644,-641.1967284672644,-641.1967284672644,0,0,0,0,0,0,0,0,0,0,0,0,0,0,0,0,0,0,-641.1967284672644,-641.1967284672644,-641.1967284672644,0,0,0,0,0,0,0,0,0,-739.8826407433874,-739.8826407433874,-739.8826407433874,0,0,0,0,0,0,733.1039213660126,733.1039213660126,733.1039213660126,24.015486912587036,24.015486912587036,24.015486912587036,0,0,0,248.0826655555141,3142.261604887094,2282.8343158539865,2282.8343158539865,1658.8743549219344
2025-11-05T00:00:00Z,2283.1526444636447,-348.96537170310705,-348.96537170310705,-348.96537170310705,0,0,0,0,0,0,-641.1967284672644,-641.1967284672644,-641.1967284672644,0,0,0,0,0,0,0,0,0,0,0,0,0,0,0,0,0,0,-641.1967284672644,-641.1967284672644,-641.1967284672644,0,0,0,0,0,0,0,0,0,-549.1148781828281,-549.1148781828281,-549.1148781828281,0,0,0,0,0,0,800.8560034334743,800.8560034334743,800.8560034334743,40.49023151351107,40.49023151351107,40.49023151351107,0,0,0,566.2555741349739,3361.818815392151,2283.1526444636447,2283.1526444636447,1934.1872727605378
2025-11-06T00:00:00Z,2283.4709730733034,-259.1204617833548,-259.1204617833548,-259.1204617833548,0,0,0,0,0,0,-641.1967284672644,-641.1967284672644,-641.1967284672644,0,0,0,0,0,0,0,0,0,0,0,0,0,0,0,0,0,0,-641.1967284672644,-641.1967284672644,-641.1967284672644,0,0,0,0,0,0,0,0,0,-481.52791387579197,-481.52791387579197,-481.52791387579197,0,0,0,0,0,0,806.0626646844379,806.0626646844379,806.0626646844379,57.54151587526352,57.54151587526352,57.54151587526352,0,0,0,589.9749425794304,3540.1581741651908,2283.4709730733034,2283.4709730733034,2024.3505112899486
2025-11-07T00:00:00Z,2283.7893016829616,-356.7602257074307,-356.7602257074307,-356.7602257074307,0,0,0,0,0,0,-641.1967284672644,-641.1967284672644,-641.1967284672644,0,0,0,0,0,0,0,0,0,0,0,0,0,0,0,0,0,0,-641.1967284672644,-641.1967284672644,-641.1967284672644,0,0,0,0,0,0,0,0,0,-590.7622508512748,-590.7622508512748,-590.7622508512748,0,0,0,0,0,0,800.6017513993606,800.6017513993606,800.6017513993606,74.59700221174782,74.59700221174782,74.59700221174782,0,0,0,561.2127623299281,3394.486700361432,2283.7893016829616,2283.7893016829616,1927.029075975531
2025-11-08T00:00:00Z,2284.1076302926203,-2147.1640059412484,-2147.1640059412484,-2147.1640059412484,0,0,0,0,0,0,0,0,0,0,0,0,0,0,0,0,0,0,0,0,0,0,0,0,0,0,0,0,0,0,0,0,0,0,0,0,0,0,0,-760.1013029937338,-760.1013029937338,-760.1013029937338,0,0,0,0,0,0,-1478.1331127809572,-1478.1331127809572,-1478.1331127809572,91.07040983344253,91.07040983344253,91.07040983344253,0,0,0,-1265.9219699318412,1566.5473586197684,2284.1076302926203,2284.1076302926203,136.9436243513719
2025-11-09T00:00:00Z,2284.4259589022786,-2789.2130370462824,-2789.2130370462824,-2789.2130370462824,0,0,0,0,0,0,0,0,0,0,0,0,0,0,0,0,0,0,0,0,0,0,0,0,0,0,0,0,0,0,0,0,0,0,0,0,0,0,0,-834.9519579988305,-834.9519579988305,-834.9519579988305,0,0,0,0,0,0,-2060.641727085207,-2060.641727085207,-2060.641727085207,106.38064803775498,106.38064803775498,106.38064803775498,0,0,0,-1942.093753379364,1017.2936576136777,2284.4259589022786,2284.4259589022786,-504.7870781440038
2025-11-10T00:00:00Z,2284.7442875119373,-244.36149222567926,-244.36149222567926,-244.36149222567926,0,0,0,0,0,0,0,0,0,0,0,0,0,0,0,0,0,0,0,0,0,0,0,0,0,0,0,0,0,0,0,0,0,0,0,0,0,0,0,-762.4831881819534,-762.4831881819534,-762.4831881819534,0,0,0,0,0,0,398.1504989862086,398.1504989862086,398.1504989862086,119.97119697006566,119.97119697006566,119.97119697006566,0,0,0,476.5773925672006,3403.8818070818884,2284.7442875119373,2284.7442875119373,2040.382795286258
2025-11-11T00:00:00Z,2285.0626161215955,248.58888390755928,248.58888390755928,248.58888390755928,0,0,0,0,0,0,0,0,0,0,0,0,0,0,0,0,0,0,0,0,0,0,0,0,0,0,0,0,0,0,0,0,0,0,0,0,0,0,0,-615.8442004086882,-615.8442004086882,-615.8442004086882,0,0,0,0,0,0,733.103921366041,733.103921366041,733.103921366041,131.32916295020624,131.32916295020624,131.32916295020624,0,0,0,954.1710638527347,3940.8573710265537,2285.0626161215955,2285.0626161215955,2533.6515000291547
2025-11-12T00:00:00Z,2285.3809447312537,440.9236088815341,440.9236088815341,440.9236088815341,0,0,0,0,0,0,0,0,0,0,0,0,0,0,0,0,0,0,0,0,0,0,0,0,0,0,0,0,0,0,0,0,0,0,0,0,0,0,0,-499.9358284135487,-499.9358284135487,-499.9358284135487,0,0,0,0,0,0,800.8560034331008,800.8560034331008,800.8560034331008,140.00343386198216,140.00343386198216,140.00343386198216,0,0,0,1207.0482587408983,4149.350475761455,2285.3809447312537,2285.3809447312537,2726.304553612788
2025-11-13T00:00:00Z,2285.6992733409124,506.4626425664586,506.4626425664586,506.4626425664586,0,0,0,0,0,0,0,0,0,0,0,0,0,0,0,0,0,0,0,0,0,0,0,0,0,0,0,0,0,0,0,0,0,0,0,0,0,0,0,-445.2213979310578,-445.2213979310578,-445.2213979310578,0,0,0,0,0,0,806.0626646825932,806.0626646825932,806.0626646825932,145.62137581492314,145.62137581492314,145.62137581492314,0,0,0,1307.5768289495734,4200.473583710184,2285.6992733409124,2285.6992733409124,2792.161915907371
2025-11-14T00:00:00Z,2286.0176019505707,554.4958183914365,554.4958183914365,554.4958183914365,0,0,0,0,0,0,0,0,0,0,0,0,0,0,0,0,0,0,0,0,0,0,0,0,0,0,0,0,0,0,0,0,0,0,0,0,0,0,0,-394.00947720284955,-394.00947720284955,-394.00947720284955,0,0,0,0,0,0,800.6017513977614,800.6017513977614,800.6017513977614,147.90354419652448,147.90354419652448,147.90354419652448,0,0,0,1369.351050491265,4483.001408260208,2286.0176019505707,2286.0176019505707,2840.513420342007
2025-11-15T00:00:00Z,2286.3359305602294,-1612.7177828990184,-1612.7177828990184,-1612.7177828990184,0,0,0,0,0,0,0,0,0,0,0,0,0,0,0,0,0,0,0,0,0,0,0,0,0,0,0,0,0,0,0,0,0,0,0,0,0,0,0,-281.26059990356225,-281.26059990356225,-281.26059990356225,0,0,0,0,0,0,-1478.133112781958,-1478.133112781958,-1478.133112781958,146.6759297865019,146.6759297865019,146.6759297865019,0,0,0,-797.1361721982678,2187.3104940473113,2286.3359305602294,2286.3359305602294,673.618147661211
2025-11-16T00:00:00Z,2286.6542591698876,-2035.0635317904728,-2035.0635317904728,-2035.0635317904728,0,0,0,0,0,0,0,0,0,0,0,0,0,0,0,0,0,0,0,0,0,0,0,0,0,0,0,0,0,0,0,0,0,0,0,0,0,0,0,-116.3011273918457,-116.3011273918457,-116.3011273918457,0,0,0,0,0,0,-2060.641727086439,-2060.641727086439,-2060.641727086439,141.87932268781202,141.87932268781202,141.87932268781202,0,0,0,-1138.2154636077205,1645.3778413362677,2286.6542591698876,2286.6542591698876,251.59072737941483
2025-11-17T00:00:00Z,2286.972587779546,554.5824767697494,554.5824767697494,554.5824767697494,0,0,0,0,0,0,0,0,0,0,0,0,0,0,0,0,0,0,0,0,0,0,0,0,0,0,0,0,0,0,0,0,0,0,0,0,0,0,0,22.856525882252026,22.856525882252026,22.856525882252026,0,0,0,0,0,0,398.1504989867879,398.1504989867879,398.1504989867879,133.57545190070957,133.57545190070957,133.57545190070957,0,0,0,1487.0880271652309,4213.715385606361,2286.972587779546,2286.972587779546,2841.5550645492954
2025-11-18T00:00:00Z,2287.2909163892045,930.0316960124914,930.0316960124914,930.0316960124914,0,0,0,0,0,0,0,0,0,0,0,0,0,0,0,0,0,0,0,0,0,0,0,0,0,0,0,0,0,0,0,0,0,0,0,0,0,0,0,74.97813015700268,74.97813015700268,74.97813015700268,0,0,0,0,0,0,733.1039213657477,733.1039213657477,733.1039213657477,121.9496444897412,121.9496444897412,121.9496444897412,0,0,0,1855.1322633181082,4700.696110789447,2287.2909163892045,2287.2909163892045,3217.322612401696
2025-11-19T00:00:00Z,2287.609244998863,975.9596906902394,975.9596906902394,975.9596906902394,0,0,0,0,0,0,0,0,0,0,0,0,0,0,0,0,0,0,0,0,0,0,0,0,0,0,0,0,0,0,0,0,0,0,0,0,0,0,0,67.79384405178091,67.79384405178091,67.79384405178091,0,0,0,0,0,0,800.8560034334799,800.8560034334799,800.8560034334799,107.30984320497853,107.30984320497853,107.30984320497853,0,0,0,1800.3087613375444,4856.124109526492,2287.609244998863,2287.609244998863,3263.568935689102
2025-11-20T00:00:00Z,2287.9275736085215,993.1243063176416,993.1243063176416,993.1243063176416,0,0,0,0,0,0,0,0,0,0,0,0,0,0,0,0,0,0,0,0,0,0,0,0,0,0,0,0,0,0,0,0,0,0,0,0,0,0,0,96.97971907483014,96.97971907483014,96.97971907483014,0,0,0,0,0,0,806.0626646819994,806.0626646819994,806.0626646819994,90.08192256081217,90.08192256081217,90.08192256081217,0,0,0,1861.866293517176,4727.594226611722,2287.9275736085215,2287.9275736085215,3281.051879926163
2025-11-21T00:00:00Z,2288.2459022181797,1101.4146803763485,1101.4146803763485,1101.4146803763485,0,0,0,0,0,0,0,0,0,0,0,0,0,0,0,0,0,0,0,0,0,0,0,0,0,0,0,0,0,0,0,0,0,0,0,0,0,0,0,230.01158099609881,230.01158099609881,230.01158099609881,0,0,0,0,0,0,800.6017513961621,800.6017513961621,800.6017513961621,70.80134798408736,70.80134798408736,70.80134798408736,0,0,0,1909.7217133597892,4811.641130768323,2288.2459022181797,2288.2459022181797,3389.660582594528
2025-11-22T00:00:00Z,2288.5642308278384,-993.5336042142228,-993.5336042142228,-993.5336042142228,0,0,0,0,0,0,0,0,0,0,0,0,0,0,0,0,0,0,0,0,0,0,0,0,0,0,0,0,0,0,0,0,0,0,0,0,0,0,0,434.49818074408114,434.49818074408114,434.49818074408114,0,0,0,0,0,0,-1478.1331127850142,-1478.1331127850142,-1478.1331127850142,50.10132782671047,50.10132782671047,50.10132782671047,0,0,0,-134.79851396674763,2728.6574354673376,2288.5642308278384,2288.5642308278384,1295.0306266136156
2025-11-23T00:00:00Z,2288.8825594374966,-1422.355489101381,-1422.355489101381,-1422.355489101381,0,0,0,0,0,0,0,0,0,0,0,0,0,0,0,0,0,0,0,0,0,0,0,0,0,0,0,0,0,0,0,0,0,0,0,0,0,0,0,609.5885271512234,609.5885271512234,609.5885271512234,0,0,0,0,0,0,-2060.6417270840884,-2060.6417270840884,-2060.6417270840884,28.697710831483757,28.697710831483757,28.697710831483757,0,0,0,-527.8333107619416,2406.3795656264733,2288.8825594374966,2288.8825594374966,866.5270703361157
2025-11-24T00:00:00Z,2289.2008880471553,1098.799167256284,1098.799167256284,1098.799167256284,0,0,0,0,0,0,0,0,0,0,0,0,0,0,0,0,0,0,0,0,0,0,0,0,0,0,0,0,0,0,0,0,0,0,0,0,0,0,0,693.2776891550121,693.2776891550121,693.2776891550121,0,0,0,0,0,0,398.1504989803604,398.1504989803604,398.1504989803604,7.370979120911242,7.370979120911242,7.370979120911242,0,0,0,1888.400189798873,4893.9738741204255,2289.2008880471553,2289.2008880471553,3388.0000553034392
2025-11-25T00:00:00Z,2289.5192166568136,1454.416798871735,1454.416798871735,1454.416798871735,0,0,0,0,0,0,0,0,0,0,0,0,0,0,0,0,0,0,0,0,0,0,0,0,0,0,0,0,0,0,0,0,0,0,0,0,0,0,0,734.3671013735191,734.3671013735191,734.3671013735191,0,0,0,0,0,0,733.103921365454,733.103921365454,733.103921365454,-13.05422386723816,-13.05422386723816,-13.05422386723816,0,0,0,2232.175643703731,5138.851071139498,2289.5192166568136,2289.5192166568136,3743.9360155285485
2025-11-26T00:00:00Z,2289.837545266472,2815.5273449287442,2815.5273449287442,2815.5273449287442,0,0,0,0,0,0,1201.4993759236843,1201.4993759236843,1201.4993759236843,0,0,0,0,0,0,0,0,0,1201.4993759236843,1201.4993759236843,1201.4993759236843,0,0,0,0,0,0,0,0,0,0,0,0,0,0,0,0,0,0,844.9034780608439,844.9034780608439,844.9034780608439,0,0,0,0,0,0,800.8560034332666,800.8560034332666,800.8560034332666,-31.731512489050555,-31.731512489050555,-31.731512489050555,0,0,0,3587.3295784510033,6568.280426304835,2289.837545266472,2289.837545266472,5105.3648901952165
2025-11-27T00:00:00Z,2290.1558738761305,3027.1141211630315,3027.1141211630315,3027.1141211630315,0,0,0,0,0,0,1201.4993759236843,1201.4993759236843,1201.4993759236843,0,0,0,0,0,0,0,0,0,1201.4993759236843,1201.4993759236843,1201.4993759236843,0,0,0,0,0,0,0,0,0,0,0,0,0,0,0,0,0,0,1067.3686221242992,1067.3686221242992,1067.3686221242992,0,0,0,0,0,0,806.0626646841847,806.0626646841847,806.0626646841847,-47.816541569137534,-47.816541569137534,-47.816541569137534,0,0,0,3854.18418488246,6759.877113336844,2290.1558738761305,2290.1558738761305,5317.269995039162
2025-11-28T00:00:00Z,2290.4742024857887,3227.7549208722257,3227.7549208722257,3227.7549208722257,0,0,0,0,0,0,1201.4993759236843,1201.4993759236843,1201.4993759236843,0,0,0,0,0,0,0,0,0,1201.4993759236843,1201.4993759236843,1201.4993759236843,0,0,0,0,0,0,0,0,0,0,0,0,0,0,0,0,0,0,1286.145312397768,1286.145312397768,1286.145312397768,0,0,0,0,0,0,800.6017513964745,800.6017513964745,800.6017513964745,-60.49151884570115,-60.49151884570115,-60.49151884570115,0,0,0,4030.7930060966137,6886.412260890378,2290.4742024857887,2290.4742024857887,5518.2291233580145
2025-11-29T00:00:00Z,2290.7925310954474,3453.872101095339,3453.872101095339,3453.872101095339,0,0,0,0,0,0,3715.290483842817,3715.290483842817,3715.290483842817,0,0,0,2513.791107919133,2513.791107919133,2513.791107919133,0,0,0,1201.4993759236843,1201.4993759236843,1201.4993759236843,0,0,0,0,0,0,0,0,0,0,0,0,0,0,0,0,0,0,1285.704509885291,1285.704509885291,1285.704509885291,0,0,0,0,0,0,-1478.1331127758704,-1478.1331127758704,-1478.1331127758704,-68.98977985689919,-68.98977985689919,-68.98977985689919,0,0,0,4190.831670467743,7190.122248051743,2290.7925310954474,2290.7925310954474,5744.6646321907865
2025-11-30T00:00:00Z,2291.1108597051057,5012.672128578705,5012.672128578705,5012.672128578705,0,0,0,0,0,0,6221.093231655167,6221.093231655167,6221.093231655167,0,0,0,0,0,0,5019.593855731483,5019.593855731483,5019.593855731483,1201.4993759236843,1201.4993759236843,1201.4993759236843,0,0,0,0,0,0,0,0,0,0,0,0,0,0,0,0,0,0,924.8403663635503,924.8403663635503,924.8403663635503,0,0,0,0,0,0,-2060.641727081738,-2060.641727081738,-2060.641727081738,-72.6197423582752,-72.6197423582752,-72.6197423582752,0,0,0,5781.057731819193,8712.622308210568,2291.1108597051057,2291.1108597051057,7303.7829882838105
2025-12-01T00:00:00Z,2291.4291883147644,-8.555713905645081,-8.555713905645081,-8.555713905645081,0,0,0,0,0,0,-615.221000053812,-615.221000053812,-615.221000053812,0,0,0,0,0,0,0,0,0,0,0,0,0,0,0,-615.221000053812,-615.221000053812,-615.221000053812,0,0,0,0,0,0,0,0,0,0,0,0,279.3023476250123,279.3023476250123,279.3023476250123,0,0,0,0,0,0,398.15049898211254,398.15049898211254,398.15049898211254,-70.78756045895777,-70.78756045895777,-70.78756045895777,0,0,0,844.3452693474394,3744.438746231327,2291.4291883147644,2291.4291883147644,2282.8734744091194
2025-12-02T00:00:00Z,2291.747516924423,-464.1797987643116,-464.1797987643116,-464.1797987643116,0,0,0,0,0,0,-752.8897151972958,-752.8897151972958,-752.8897151972958,0,0,0,0,0,0,0,0,0,0,0,0,-752.8897151972958,-752.8897151972958,-752.8897151972958,0,0,0,0,0,0,0,0,0,0,0,0,0,0,0,-381.3761843344891,-381.3761843344891,-381.3761843344891,0,0,0,0,0,0,733.1039213651603,733.1039213651603,733.1039213651603,-63.01782059768712,-63.01782059768712,-63.01782059768712,0,0,0,357.17876744113045,3287.483563399121,2291.747516924423,2291.747516924423,1827.5677181601113
2025-12-03T00:00:00Z,2292.0658455340813,-666.8631060816911,-666.8631060816911,-666.8631060816911,0,0,0,0,0,0,-641.1967284672644,-641.1967284672644,-641.1967284672644,0,0,0,0,0,0,0,0,0,0,0,0,0,0,0,0,0,0,-641.1967284672644,-641.1967284672644,-641.1967284672644,0,0,0,0,0,0,0,0,0,-777.5507191047942,-777.5507191047942,-777.5507191047942,0,0,0,0,0,0,800.8560034330534,800.8560034330534,800.8560034330534,-48.97166194268577,-48.97166194268577,-48.97166194268577,0,0,0,284.56478756071175,3071.0733920217685,2292.0658455340813,2292.0658455340813,1625.2027394523902
2025-12-04T00:00:00Z,2292.38417414374,-679.9779207960538,-679.9779207960538,-679.9779207960538,0,0,0,0,0,0,-641.1967284672644,-641.1967284672644,-641.1967284672644,0,0,0,0,0,0,0,0,0,0,0,0,0,0,0,0,0,0,-641.1967284672644,-641.1967284672644,-641.1967284672644,0,0,0,0,0,0,0,0,0,-816.3820950877879,-816.3820950877879,-816.3820950877879,0,0,0,0,0,0,806.0626646835908,806.0626646835908,806.0626646835908,-28.461761924592462,-28.461761924592462,-28.461761924592462,0,0,0,249.43315883655265,3059.401808377036,2292.38417414374,2292.38417414374,1612.4062533476863
2025-12-05T00:00:00Z,2292.702502753398,-482.20831416141755,-482.20831416141755,-482.20831416141755,0,0,0,0,0,0,-641.1967284672644,-641.1967284672644,-641.1967284672644,0,0,0,0,0,0,0,0,0,0,0,0,0,0,0,0,0,0,-641.1967284672644,-641.1967284672644,-641.1967284672644,0,0,0,0,0,0,0,0,0,-640.1496350302034,-640.1496350302034,-640.1496350302034,0,0,0,0,0,0,800.6017513993747,800.6017513993747,800.6017513993747,-1.4637020633245312,-1.4637020633245312,-1.4637020633245312,0,0,0,416.45069734007933,3223.5625644428997,2292.702502753398,2292.702502753398,1810.4941885919807
2025-12-06T00:00:00Z,2293.020831363057,-2579.225609736735,-2579.225609736735,-2579.225609736735,0,0,0,0,0,0,-641.1967284672644,-641.1967284672644,-641.1967284672644,0,0,0,0,0,0,0,0,0,0,0,0,0,0,0,0,0,0,-641.1967284672644,-641.1967284672644,-641.1967284672644,0,0,0,0,0,0,0,0,0,-491.7724502971657,-491.7724502971657,-491.7724502971657,0,0,0,0,0,0,-1478.1331127789263,-1478.1331127789263,-1478.1331127789263,31.876681806621256,31.876681806621256,31.876681806621256,0,0,0,-1722.894202313542,1223.5146019129822,2293.020831363057,2293.020831363057,-286.204778373678
2025-12-07T00:00:00Z,2293.339159972715,-3149.0652558207316,-3149.0652558207316,-3149.0652558207316,0,0,0,0,0,0,-641.1967284672644,-641.1967284672644,-641.1967284672644,0,0,0,0,0,0,0,0,0,0,0,0,0,0,0,0,0,0,-641.1967284672644,-641.1967284672644,-641.1967284672644,0,0,0,0,0,0,0,0,0,-518.4670598630555,-518.4670598630555,-518.4670598630555,0,0,0,0,0,0,-2060.6417270811785,-2060.6417270811785,-2060.6417270811785,71.24025959076614,71.24025959076614,71.24025959076614,0,0,0,-2235.89044226522,565.9942443785865,2293.339159972715,2293.339159972715,-855.7260958480165
2025-12-08T00:00:00Z,2293.657488582374,-164.39833635215516,-164.39833635215516,-164.39833635215516,0,0,0,0,0,0,0,0,0,0,0,0,0,0,0,0,0,0,0,0,0,0,0,0,0,0,0,0,0,0,0,0,0,0,0,0,0,0,0,-678.6848964192216,-678.6848964192216,-678.6848964192216,0,0,0,0,0,0,398.15049898386485,398.15049898386485,398.15049898386485,116.13606108320134,116.13606108320134,116.13606108320134,0,0,0,454.2653164367161,3612.6772724430534,2293.657488582374,2293.657488582374,2129.2591522302187
2025-12-09T00:00:00Z,2293.975817192032,82.97537379232574,82.97537379232574,82.97537379232574,0,0,0,0,0,0,0,0,0,0,0,0,0,0,0,0,0,0,0,0,0,0,0,0,0,0,0,0,0,0,0,0,0,0,0,0,0,0,0,-816.0358379699118,-816.0358379699118,-816.0358379699118,0,0,0,0,0,0,733.1039213664022,733.1039213664022,733.1039213664022,165.90729039583576,165.90729039583576,165.90729039583576,0,0,0,972.5869528833443,3853.4286373884124,2293.975817192032,2293.975817192032,2376.9511909843577
2025-12-10T00:00:00Z,2294.2941458016903,205.79942321569757,205.79942321569757,205.79942321569757,0,0,0,0,0,0,0,0,0,0,0,0,0,0,0,0,0,0,0,0,0,0,0,0,0,0,0,0,0,0,0,0,0,0,0,0,0,0,0,-814.7984258138,-814.7984258138,-814.7984258138,0,0,0,0,0,0,800.8560034332722,800.8560034332722,800.8560034332722,219.74184559622557,219.74184559622557,219.74184559622557,0,0,0,1054.346193374958,4058.96852369643,2294.2941458016903,2294.2941458016903,2500.093569017388
2025-12-11T00:00:00Z,2294.612474411349,391.64246657603553,391.64246657603553,391.64246657603553,0,0,0,0,0,0,0,0,0,0,0,0,0,0,0,0,0,0,0,0,0,0,0,0,0,0,0,0,0,0,0,0,0,0,0,0,0,0,0,-691.1073649499624,-691.1073649499624,-691.1073649499624,0,0,0,0,0,0,806.062664682997,806.062664682997,806.062664682997,276.68716684300074,276.68716684300074,276.68716684300074,0,0,0,1255.7223263654896,4245.873769927602,2294.612474411349,2294.612474411349,2686.2549409873845
2025-12-12T00:00:00Z,2294.9308030210073,586.6251697706609,586.6251697706609,586.6251697706609,0,0,0,0,0,0,0,0,0,0,0,0,0,0,0,0,0,0,0,0,0,0,0,0,0,0,0,0,0,0,0,0,0,0,0,0,0,0,0,-549.6456992235647,-549.6456992235647,-549.6456992235647,0,0,0,0,0,0,800.601751399687,800.601751399687,800.601751399687,335.6691175945383,335.6691175945383,335.6691175945383,0,0,0,1539.961883725916,4444.36538856729,2294.9308030210073,2294.9308030210073,2881.555972791668
2025-12-13T00:00:00Z,2295.249131630666,-1549.740469819706,-1549.740469819706,-1549.740469819706,0,0,0,0,0,0,0,0,0,0,0,0,0,0,0,0,0,0,0,0,0,0,0,0,0,0,0,0,0,0,0,0,0,0,0,0,0,0,0,-467.12184797519825,-467.12184797519825,-467.12184797519825,0,0,0,0,0,0,-1478.1331127799274,-1478.1331127799274,-1478.1331127799274,395.51449093541964,395.51449093541964,395.51449093541964,0,0,0,-737.1401379033877,2117.9916894500093,2295.249131630666,2295.249131630666,745.5086618109599
2025-12-14T00:00:00Z,2295.567460240324,-2029.9758986845054,-2029.9758986845054,-2029.9758986845054,0,0,0,0,0,0,0,0,0,0,0,0,0,0,0,0,0,0,0,0,0,0,0,0,0,0,0,0,0,0,0,0,0,0,0,0,0,0,0,-424.3108014559151,-424.3108014559151,-424.3108014559151,0,0,0,0,0,0,-2060.641727080619,-2060.641727080619,-2060.641727080619,454.976629852029,454.976629852029,454.976629852029,0,0,0,-1151.9841503131863,1711.7391639073223,2295.567460240324,2295.567460240324,265.59156155581877
2025-12-15T00:00:00Z,2295.8857888499824,563.9587615796004,563.9587615796004,563.9587615796004,0,0,0,0,0,0,0,0,0,0,0,0,0,0,0,0,0,0,0,0,0,0,0,0,0,0,0,0,0,0,0,0,0,0,0,0,0,0,0,-346.955296691835,-346.955296691835,-346.955296691835,0,0,0,0,0,0,398.1504989844443,398.1504989844443,398.1504989844443,512.763559286991,512.763559286991,512.763559286991,0,0,0,1360.4950011859073,4363.293126024852,2295.8857888499824,2295.8857888499824,2859.844550429583
2025-12-16T00:00:00Z,2296.204117459641,1099.4195609616825,1099.4195609616825,1099.4195609616825,0,0,0,0,0,0,0,0,0,0,0,0,0,0,0,0,0,0,0,0,0,0,0,0,0,0,0,0,0,0,0,0,0,0,0,0,0,0,0,-201.2523120293494,-201.2523120293494,-201.2523120293494,0,0,0,0,0,0,733.1039213657863,733.1039213657863,733.1039213657863,567.5679516252457,567.5679516252457,567.5679516252457,0,0,0,1920.6122065460536,4787.825710492603,2296.204117459641,2296.204117459641,3395.6236784213233
2025-12-17T00:00:00Z,2296.5224460692993,1380.8607812822213,1380.8607812822213,1380.8607812822213,0,0,0,0,0,0,0,0,0,0,0,0,0,0,0,0,0,0,0,0,0,0,0,0,0,0,0,0,0,0,0,0,0,0,0,0,0,0,0,-38.093410294725096,-38.093410294725096,-38.093410294725096,0,0,0,0,0,0,800.8560034336513,800.8560034336513,800.8560034336513,618.0981881432953,618.0981881432953,618.0981881432953,0,0,0,2211.8184452990195,5133.8144753202505,2296.5224460692993,2296.5224460692993,3677.383227351521
2025-12-18T00:00:00Z,2296.840774678958,1529.6111393300707,1529.6111393300707,1529.6111393300707,0,0,0,0,0,0,0,0,0,0,0,0,0,0,0,0,0,0,0,0,0,0,0,0,0,0,0,0,0,0,0,0,0,0,0,0,0,0,0,60.43873599141835,60.43873599141835,60.43873599141835,0,0,0,0,0,0,806.0626646851823,806.0626646851823,806.0626646851823,663.1097386534701,663.1097386534701,663.1097386534701,0,0,0,2449.999090363829,5305.833598916361,2296.840774678958,2296.840774678958,3826.4519140090288
2025-12-19T00:00:00Z,2297.1591032886163,1575.4898911442715,1575.4898911442715,1575.4898911442715,0,0,0,0,0,0,0,0,0,0,0,0,0,0,0,0,0,0,0,0,0,0,0,0,0,0,0,0,0,0,0,0,0,0,0,0,0,0,0,73.4520783201552,73.4520783201552,73.4520783201552,0,0,0,0,0,0,800.6017513980879,800.6017513980879,800.6017513980879,701.4360614260285,701.4360614260285,701.4360614260285,0,0,0,2487.751435649527,5362.816941737235,2297.1591032886163,2297.1591032886163,3872.648994432888
2025-12-20T00:00:00Z,2297.477431898275,-674.3907510843401,-674.3907510843401,-674.3907510843401,0,0,0,0,0,0,0,0,0,0,0,0,0,0,0,0,0,0,0,0,0,0,0,0,0,0,0,0,0,0,0,0,0,0,0,0,0,0,0,71.72413550436502,71.72413550436502,71.72413550436502,0,0,0,0,0,0,-1478.1331127809287,-1478.1331127809287,-1478.1331127809287,732.0182261922234,732.0182261922234,732.0182261922234,0,0,0,224.7075205451648,3089.804990352124,2297.477431898275,2297.477431898275,1623.086680813935
2025-12-21T00:00:00Z,2297.795760507933,-1156.7114244069362,-1156.7114244069362,-1156.7114244069362,0,0,0,0,0,0,0,0,0,0,0,0,0,0,0,0,0,0,0,0,0,0,0,0,0,0,0,0,0,0,0,0,0,0,0,0,0,0,0,149.99781781704405,149.99781781704405,149.99781781704405,0,0,0,0,0,0,-2060.6417270853863,-2060.6417270853863,-2060.6417270853863,753.9324848614061,753.9324848614061,753.9324848614061,0,0,0,-325.50810195534325,2587.9211905200646,2297.795760507933,2297.795760507933,1141.084336100997
2025-12-22T00:00:00Z,2298.114089117592,1493.7040916889282,1493.7040916889282,1493.7040916889282,0,0,0,0,0,0,0,0,0,0,0,0,0,0,0,0,0,0,0,0,0,0,0,0,0,0,0,0,0,0,0,0,0,0,0,0,0,0,0,329.13853557014664,329.13853557014664,329.13853557014664,0,0,0,0,0,0,398.1504989873695,398.1504989873695,398.1504989873695,766.4150571314119,766.4150571314119,766.4150571314119,0,0,0,2290.6079985198676,5268.4567232659465,2298.114089117592,2298.114089117592,3791.81818080652
2025-12-23T00:00:00Z,2298.43241772725,2033.8106562367677,2033.8106562367677,2033.8106562367677,0,0,0,0,0,0,0,0,0,0,0,0,0,0,0,0,0,0,0,0,0,0,0,0,0,0,0,0,0,0,0,0,0,0,0,0,0,0,0,531.8232743502281,531.8232743502281,531.8232743502281,0,0,0,0,0,0,733.1039213658148,733.1039213658148,733.1039213658148,768.8834605207244,768.8834605207244,768.8834605207244,0,0,0,2811.604458676449,5723.606434676835,2298.43241772725,2298.43241772725,4332.243073964018
2025-12-24T00:00:00Z,2298.7507463369084,2224.3048619955134,2224.3048619955134,2224.3048619955134,0,0,0,0,0,0,0,0,0,0,0,0,0,0,0,0,0,0,0,0,0,0,0,0,0,0,0,0,0,0,0,0,0,0,0,0,0,0,0,662.4950635317857,662.4950635317857,662.4950635317857,0,0,0,0,0,0,800.856003433438,800.856003433438,800.856003433438,760.95379503029,760.95379503029,760.95379503029,0,0,0,3107.216077833184,6039.856254925422,2298.7507463369084,2298.7507463369084,4523.055608332422
2025-12-25T00:00:00Z,2299.069074946567,-1329.6410620249042,-1329.6410620249042,-1329.6410620249042,-3590.3772750081125,-3590.3772750081125,-3590.3772750081125,0,0,0,0,0,0,-3590.3772750081125,-3590.3772750081125,-3590.3772750081125,0,0,0,0,0,0,0,0,0,0,0,0,0,0,0,0,0,0,0,0,0,0,0,0,0,0,0,712.220058627744,712.220058627744,712.220058627744,0,0,0,0,0,0,806.0626646845886,806.0626646845886,806.0626646845886,742.4534896708759,742.4534896708759,742.4534896708759,0,0,0,-655.4897130156153,2406.469650877923,2299.069074946567,2299.069074946567,969.4280129216629
2025-12-26T00:00:00Z,2299.3874035562253,2289.089435618618,2289.089435618618,2289.089435618618,0,0,0,0,0,0,0,0,0,0,0,0,0,0,0,0,0,0,0,0,0,0,0,0,0,0,0,0,0,0,0,0,0,0,0,0,0,0,0,775.05855516494,775.05855516494,775.05855516494,0,0,0,0,0,0,800.6017514048115,800.6017514048115,800.6017514048115,713.4291290488676,713.4291290488676,713.4291290488676,0,0,0,3181.019765235524,6091.719128498371,2299.3874035562253,2299.3874035562253,4588.476839174844
2025-12-27T00:00:00Z,2299.705732165884,1343.0513695859693,1343.0513695859693,1343.0513695859693,0,0,0,0,0,0,1201.4993759236843,1201.4993759236843,1201.4993759236843,0,0,0,0,0,0,0,0,0,1201.4993759236843,1201.4993759236843,1201.4993759236843,0,0,0,0,0,0,0,0,0,0,0,0,0,0,0,0,0,0,945.5360061916299,945.5360061916299,945.5360061916299,0,0,0,0,0,0,-1478.1331127819296,-1478.1331127819296,-1478.1331127819296,674.1491002525843,674.1491002525843,674.1491002525843,0,0,0,2246.149170569883,5114.229822957777,2299.705732165884,2299.705732165884,3642.757101751853
2025-12-28T00:00:00Z,2300.0240607755422,956.0686558406508,956.0686558406508,956.0686558406508,0,0,0,0,0,0,1201.4993759236843,1201.4993759236843,1201.4993759236843,0,0,0,0,0,0,0,0,0,1201.4993759236843,1201.4993759236843,1201.4993759236843,0,0,0,0,0,0,0,0,0,0,0,0,0,0,0,0,0,0,1190.1100767085347,1190.1100767085347,1190.1100767085347,0,0,0,0,0,0,-2060.641727083035,-2060.641727083035,-2060.641727083035,625.1009302914673,625.1009302914673,625.1009302914673,0,0,0,1850.938732992023,4760.40575050637,2300.0240607755422,2300.0240607755422,3256.092716616193
2025-12-29T00:00:00Z,2300.3423893852005,3492.7820211849,3492.7820211849,3492.7820211849,0,0,0,0,0,0,1201.4993759236843,1201.4993759236843,1201.4993759236843,0,0,0,0,0,0,0,0,0,1201.4993759236843,1201.4993759236843,1201.4993759236843,0,0,0,0,0,0,0,0,0,0,0,0,0,0,0,0,0,0,1326.1488273483153,1326.1488273483153,1326.1488273483153,0,0,0,0,0,0,398.1504989879488,398.1504989879488,398.1504989879488,566.9833189249517,566.9833189249517,566.9833189249517,0,0,0,4284.154414355748,7288.666738419299,2300.3423893852005,2300.3423893852005,5793.124410570101
2025-12-30T00:00:00Z,2300.660717994859,6100.477445288964,6100.477445288964,6100.477445288964,0,0,0,0,0,0,3715.290483842817,3715.290483842817,3715.290483842817,0,0,0,2513.791107919133,2513.791107919133,2513.791107919133,0,0,0,1201.4993759236843,1201.4993759236843,1201.4993759236843,0,0,0,0,0,0,0,0,0,0,0,0,0,0,0,0,0,0,1151.3900327244344,1151.3900327244344,1151.3900327244344,0,0,0,0,0,0,733.1039213655213,733.1039213655213,733.1039213655213,500.69300735619123,500.69300735619123,500.69300735619123,0,0,0,6893.118677079039,9833.455846727613,2300.660717994859,2300.660717994859,8401.138163283824
2025-12-31T00:00:00Z,2300.979046604518,8072.985122569386,8072.985122569386,8072.985122569386,0,0,0,0,0,0,6221.093231655167,6221.093231655167,6221.093231655167,0,0,0,0,0,0,5019.593855731483,5019.593855731483,5019.593855731483,1201.4993759236843,1201.4993759236843,1201.4993759236843,0,0,0,0,0,0,0,0,0,0,0,0,0,0,0,0,0,0,623.7291310999271,623.7291310999271,623.7291310999271,0,0,0,0,0,0,800.8560034332245,800.8560034332245,800.8560034332245,427.3067563810653,427.3067563810653,427.3067563810653,0,0,0,9048.483606563788,11704.868368268804,2300.979046604518,2300.979046604518,10373.964169173903
2026-01-01T00:00:00Z,2301.297375214176,-1213.5567123949613,-1213.5567123949613,-1213.5567123949613,0,0,0,0,0,0,-615.221000053812,-615.221000053812,-615.221000053812,-1683.3583639625576,-1683.3583639625576,-1683.3583639625576,0,0,0,0,0,0,0,0,0,0,0,0,-615.221000053812,-615.221000053812,-615.221000053812,0,0,0,0,0,0,0,0,0,-1683.3583639625576,-1683.3583639625576,-1683.3583639625576,-69.09884770244615,-69.09884770244615,-69.09884770244615,0,0,0,0,0,0,806.0626646827438,806.0626646827438,806.0626646827438,348.0588346411103,348.0588346411103,348.0588346411103,0,0,0,-216.56316089707352,2603.063860410075,2301.297375214176,2301.297375214176,1087.7406628192148
2026-01-02T00:00:00Z,2301.615703823835,-312.24548080582287,-312.24548080582287,-312.24548080582287,0,0,0,0,0,0,-752.8897151972958,-752.8897151972958,-752.8897151972958,0,0,0,0,0,0,0,0,0,0,0,0,-752.8897151972958,-752.8897151972958,-752.8897151972958,0,0,0,0,0,0,0,0,0,0,0,0,0,0,0,-624.2720522550982,-624.2720522550982,-624.2720522550982,0,0,0,0,0,0,800.6017514013006,800.6017514013006,800.6017514013006,264.31453524527063,264.31453524527063,264.31453524527063,0,0,0,541.2057240370151,3473.414655252347,2301.615703823835,2301.615703823835,1989.370223018012
2026-01-03T00:00:00Z,2301.9340324334935,-2779.1960606356984,-2779.1960606356984,-2779.1960606356984,0,0,0,0,0,0,-641.1967284672644,-641.1967284672644,-641.1967284672644,0,0,0,0,0,0,0,0,0,0,0,0,0,0,0,0,0,0,-641.1967284672644,-641.1967284672644,-641.1967284672644,0,0,0,0,0,0,0,0,0,-837.4065634152225,-837.4065634152225,-837.4065634152225,0,0,0,0,0,0,-1478.1331127849855,-1478.1331127849855,-1478.1331127849855,177.54034403177442,177.54034403177442,177.54034403177442,0,0,0,-1917.865524143259,1053.324419734556,2301.9340324334935,2301.9340324334935,-477.2620282022049
2026-01-04T00:00:00Z,2302.2523610431517,-3352.449623989027,-3352.449623989027,-3352.449623989027,0,0,0,0,0,0,-641.1967284672644,-641.1967284672644,-641.1967284672644,0,0,0,0,0,0,0,0,0,0,0,0,0,0,0,0,0,0,-641.1967284672644,-641.1967284672644,-641.1967284672644,0,0,0,0,0,0,0,0,0,-739.8826407435431,-739.8826407435431,-739.8826407435431,0,0,0,0,0,0,-2060.6417270842676,-2060.6417270842676,-2060.6417270842676,89.27147230604797,89.27147230604797,89.27147230604797,0,0,0,-2550.3860316429536,378.36807450271766,2302.2523610431517,2302.2523610431517,-1050.197262945875
2026-01-05T00:00:00Z,2302.5706896528104,-791.0835691027391,-791.0835691027391,-791.0835691027391,0,0,0,0,0,0,-641.1967284672644,-641.1967284672644,-641.1967284672644,0,0,0,0,0,0,0,0,0,0,0,0,0,0,0,0,0,0,-641.1967284672644,-641.1967284672644,-641.1967284672644,0,0,0,0,0,0,0,0,0,-549.1148781827562,-549.1148781827562,-549.1148781827562,0,0,0,0,0,0,398.15049898034806,398.15049898034806,398.15049898034806,1.0775385669333075,1.0775385669333075,1.0775385669333075,0,0,0,-49.38199475563695,2922.206357768953,2302.5706896528104,2302.5706896528104,1511.4871205500713
2026-01-06T00:00:00Z,2302.8890182624687,-475.093485442832,-475.093485442832,-475.093485442832,0,0,0,0,0,0,-641.1967284672644,-641.1967284672644,-641.1967284672644,0,0,0,0,0,0,0,0,0,0,0,0,0,0,0,0,0,0,-641.1967284672644,-641.1967284672644,-641.1967284672644,0,0,0,0,0,0,0,0,0,-481.5279138757221,-481.5279138757221,-481.5279138757221,0,0,0,0,0,0,733.1039213664408,733.1039213664408,733.1039213664408,-85.47276446628626,-85.47276446628626,-85.47276446628626,0,0,0,275.50028247394613,3208.713249819322,2302.8890182624687,2302.8890182624687,1827.7955328196367
2026-01-07T00:00:00Z,2303.207346872127,-599.9501266090468,-599.9501266090468,-599.9501266090468,0,0,0,0,0,0,-641.1967284672644,-641.1967284672644,-641.1967284672644,0,0,0,0,0,0,0,0,0,0,0,0,0,0,0,0,0,0,-641.1967284672644,-641.1967284672644,-641.1967284672644,0,0,0,0,0,0,0,0,0,-590.7622508511258,-590.7622508511258,-590.7622508511258,0,0,0,0,0,0,800.8560034330111,800.8560034330111,800.8560034330111,-168.84715072366794,-168.84715072366794,-168.84715072366794,0,0,0,260.70566720405645,3372.038991498938,2303.207346872127,2303.207346872127,1703.25722026308
2026-01-08T00:00:00Z,2303.5256754817856,-201.62313282550957,-201.62313282550957,-201.62313282550957,0,0,0,0,0,0,0,0,0,0,0,0,0,0,0,0,0,0,0,0,0,0,0,0,0,0,0,0,0,0,0,0,0,0,0,0,0,0,0,-760.101302993662,-760.101302993662,-760.101302993662,0,0,0,0,0,0,806.0626646835397,806.0626646835397,806.0626646835397,-247.58449451538758,-247.58449451538758,-247.58449451538758,0,0,0,699.7228073698518,3542.8217597506964,2303.5256754817856,2303.5256754817856,2101.902542656276
2026-01-09T00:00:00Z,2303.844004091444,-354.678202961486,-354.678202961486,-354.678202961486,0,0,0,0,0,0,0,0,0,0,0,0,0,0,0,0,0,0,0,0,0,0,0,0,0,0,0,0,0,0,0,0,0,0,0,0,0,0,0,-834.9519579986708,-834.9519579986708,-834.9519579986708,0,0,0,0,0,0,800.601751401613,800.601751401613,800.601751401613,-320.32799636442826,-320.32799636442826,-320.32799636442826,0,0,0,497.0072164842254,3472.3268238076425,2303.844004091444,2303.844004091444,1949.1658011299578
2026-01-10T00:00:00Z,2304.1623327011025,-2626.4722377092467,-2626.4722377092467,-2626.4722377092467,0,0,0,0,0,0,0,0,0,0,0,0,0,0,0,0,0,0,0,0,0,0,0,0,0,0,0,0,0,0,0,0,0,0,0,0,0,0,0,-762.483188182788,-762.483188182788,-762.483188182788,0,0,0,0,0,0,-1478.1331127859874,-1478.1331127859874,-1478.1331127859874,-385.85593674047124,-385.85593674047124,-385.85593674047124,0,0,0,-1773.0687077751338,1222.3307979573297,2304.1623327011025,2304.1623327011025,-322.30990500814414
2026-01-11T00:00:00Z,2304.4806613107608,-3119.595178914284,-3119.595178914284,-3119.595178914284,0,0,0,0,0,0,0,0,0,0,0,0,0,0,0,0,0,0,0,0,0,0,0,0,0,0,0,0,0,0,0,0,0,0,0,0,0,0,0,-615.8442004081851,-615.8442004081851,-615.8442004081851,0,0,0,0,0,0,-2060.6417270819165,-2060.6417270819165,-2060.6417270819165,-443.10925142418205,-443.10925142418205,-443.10925142418205,0,0,0,-2343.763613066541,611.5451141959367,2304.4806613107608,2304.4806613107608,-815.1145176035234
2026-01-12T00:00:00Z,2304.7989899204194,-593.0005695249068,-593.0005695249068,-593.0005695249068,0,0,0,0,0,0,0,0,0,0,0,0,0,0,0,0,0,0,0,0,0,0,0,0,0,0,0,0,0,0,0,0,0,0,0,0,0,0,0,-499.9358284135621,-499.9358284135621,-499.9358284135621,0,0,0,0,0,0,398.1504989821003,398.1504989821003,398.1504989821003,-491.21524009344466,-491.21524009344466,-491.21524009344466,0,0,0,237.65542063787552,3110.244441525568,2304.7989899204194,2304.7989899204194,1711.7984203955125
2026-01-13T00:00:00Z,2305.1173185300777,-241.62429212197046,-241.62429212197046,-241.62429212197046,0,0,0,0,0,0,0,0,0,0,0,0,0,0,0,0,0,0,0,0,0,0,0,0,0,0,0,0,0,0,0,0,0,0,0,0,0,0,0,-445.22139793114246,-445.22139793114246,-445.22139793114246,0,0,0,0,0,0,733.1039213661471,733.1039213661471,733.1039213661471,-529.5068155569753,-529.5068155569753,-529.5068155569753,0,0,0,547.596636367851,3595.6814165113437,2305.1173185300777,2305.1173185300777,2063.493026408107
2026-01-14T00:00:00Z,2305.435647139736,-150.69028615146536,-150.69028615146536,-150.69028615146536,0,0,0,0,0,0,0,0,0,0,0,0,0,0,0,0,0,0,0,0,0,0,0,0,0,0,0,0,0,0,0,0,0,0,0,0,0,0,0,-394.00947720257085,-394.00947720257085,-394.00947720257085,0,0,0,0,0,0,800.8560034333905,800.8560034333905,800.8560034333905,-557.536812382285,-557.536812382285,-557.536812382285,0,0,0,647.7601990747693,3625.5772467538964,2305.435647139736,2305.435647139736,2154.7453609882705
2026-01-15T00:00:00Z,2305.7539757493946,-50.28493284498017,-50.28493284498017,-50.28493284498017,0,0,0,0,0,0,0,0,0,0,0,0,0,0,0,0,0,0,0,0,0,0,0,0,0,0,0,0,0,0,0,0,0,0,0,0,0,0,0,-281.26059990443497,-281.26059990443497,-281.26059990443497,0,0,0,0,0,0,806.0626646843355,806.0626646843355,806.0626646843355,-575.0869976248806,-575.0869976248806,-575.0869976248806,0,0,0,833.1240674124604,3648.743593035056,2305.7539757493946,2305.7539757493946,2255.4690429044144
2026-01-16T00:00:00Z,2306.072304359053,102.12906427923095,102.12906427923095,102.12906427923095,0,0,0,0,0,0,0,0,0,0,0,0,0,0,0,0,0,0,0,0,0,0,0,0,0,0,0,0,0,0,0,0,0,0,0,0,0,0,0,-116.30112739208734,-116.30112739208734,-116.30112739208734,0,0,0,0,0,0,800.6017514019252,800.6017514019252,800.6017514019252,-582.1715597306071,-582.1715597306071,-582.1715597306071,0,0,0,1042.1819511351132,3732.086313291743,2306.072304359053,2306.072304359053,2408.201368638284
2026-01-17T00:00:00Z,2306.3906329687115,-2034.3115778951344,-2034.3115778951344,-2034.3115778951344,0,0,0,0,0,0,0,0,0,0,0,0,0,0,0,0,0,0,0,0,0,0,0,0,0,0,0,0,0,0,0,0,0,0,0,0,0,0,0,22.856525882116813,22.856525882116813,22.856525882116813,0,0,0,0,0,0,-1478.1331127788983,-1478.1331127788983,-1478.1331127788983,-579.0349909983528,-579.0349909983528,-579.0349909983528,0,0,0,-1176.2181256097579,1552.4063899432213,2306.3906329687115,2306.3906329687115,272.07905507357714
2026-01-18T00:00:00Z,2306.70896157837,-2551.8080175456644,-2551.8080175456644,-2551.8080175456644,0,0,0,0,0,0,0,0,0,0,0,0,0,0,0,0,0,0,0,0,0,0,0,0,0,0,0,0,0,0,0,0,0,0,0,0,0,0,0,74.9781301572781,74.9781301572781,74.9781301572781,0,0,0,0,0,0,-2060.6417270813577,-2060.6417270813577,-2060.6417270813577,-566.1444206215846,-566.1444206215846,-566.1444206215846,0,0,0,-1753.7264479177727,1239.5299085363804,2306.70896157837,2306.70896157837,-245.0990559672946
2026-01-19T00:00:00Z,2307.0272901880285,-78.2322525418796,-78.2322525418796,-78.2322525418796,0,0,0,0,0,0,0,0,0,0,0,0,0,0,0,0,0,0,0,0,0,0,0,0,0,0,0,0,0,0,0,0,0,0,0,0,0,0,0,67.79384405126714,67.79384405126714,67.79384405126714,0,0,0,0,0,0,398.1504989838526,398.1504989838526,398.1504989838526,-544.1765955769994,-544.1765955769994,-544.1765955769994,0,0,0,693.0028244322692,3609.198250295563,2307.0272901880285,2307.0272901880285,2228.795037646149
2026-01-20T00:00:00Z,2307.3456187976867,316.0837985976041,316.0837985976041,316.0837985976041,0,0,0,0,0,0,0,0,0,0,0,0,0,0,0,0,0,0,0,0,0,0,0,0,0,0,0,0,0,0,0,0,0,0,0,0,0,0,0,96.97971907511779,96.97971907511779,96.97971907511779,0,0,0,0,0,0,733.1039213661757,733.1039213661757,733.1039213661757,-513.9998418436895,-513.9998418436895,-513.9998418436895,0,0,0,1199.1674301627688,4035.1001512494995,2307.3456187976867,2307.3456187976867,2623.429417395291
2026-01-21T00:00:00Z,2307.663947407345,554.2161193491273,554.2161193491273,554.2161193491273,0,0,0,0,0,0,0,0,0,0,0,0,0,0,0,0,0,0,0,0,0,0,0,0,0,0,0,0,0,0,0,0,0,0,0,0,0,0,0,230.01158099572712,230.01158099572712,230.01158099572712,0,0,0,0,0,0,800.8560034325845,800.8560034325845,800.8560034325845,-476.6514650791844,-476.6514650791844,-476.6514650791844,0,0,0,1440.545628296485,4330.102602082772,2307.663947407345,2307.663947407345,2861.8800667564724
2026-01-22T00:00:00Z,2307.9822760170036,807.2496807716221,807.2496807716221,807.2496807716221,0,0,0,0,0,0,0,0,0,0,0,0,0,0,0,0,0,0,0,0,0,0,0,0,0,0,0,0,0,0,0,0,0,0,0,0,0,0,0,434.4981807441721,434.4981807441721,434.4981807441721,0,0,0,0,0,0,806.062664681101,806.062664681101,806.062664681101,-433.31116465365085,-433.31116465365085,-433.31116465365085,0,0,0,1664.4541934633708,4451.468057527668,2307.9822760170036,2307.9822760170036,3115.2319567886257
2026-01-23T00:00:00Z,2308.300604626662,1024.9191436917768,1024.9191436917768,1024.9191436917768,0,0,0,0,0,0,0,0,0,0,0,0,0,0,0,0,0,0,0,0,0,0,0,0,0,0,0,0,0,0,0,0,0,0,0,0,0,0,0,609.5885271515165,609.5885271515165,609.5885271515165,0,0,0,0,0,0,800.6017513984144,800.6017513984144,800.6017513984144,-385.2711348581544,-385.2711348581544,-385.2711348581544,0,0,0,1809.6573892685612,4759.034614563673,2308.300604626662,2308.300604626662,3333.2197483184386
2026-01-24T00:00:00Z,2308.6189332363206,-1118.7590331839913,-1118.7590331839913,-1118.7590331839913,0,0,0,0,0,0,0,0,0,0,0,0,0,0,0,0,0,0,0,0,0,0,0,0,0,0,0,0,0,0,0,0,0,0,0,0,0,0,0,693.2776891551987,693.2776891551987,693.2776891551987,0,0,0,0,0,0,-1478.1331127798992,-1478.1331127798992,-1478.1331127798992,-333.90360955929043,-333.90360955929043,-333.90360955929043,0,0,0,-255.40774164639842,2675.818116707221,2308.6189332363206,2308.6189332363206,1189.8599000523293
2026-01-25T00:00:00Z,2308.937261845979,-1606.901295158216,-1606.901295158216,-1606.901295158216,0,0,0,0,0,0,0,0,0,0,0,0,0,0,0,0,0,0,0,0,0,0,0,0,0,0,0,0,0,0,0,0,0,0,0,0,0,0,0,734.3671013731114,734.3671013731114,734.3671013731114,0,0,0,0,0,0,-2060.641727080799,-2060.641727080799,-2060.641727080799,-280.62666945052894,-280.62666945052894,-280.62666945052894,0,0,0,-824.541097928071,2121.0382968980352,2308.937261845979,2308.937261845979,702.0359666877628
2026-01-26T00:00:00Z,2309.2555904556375,1016.1848043283891,1016.1848043283891,1016.1848043283891,0,0,0,0,0,0,0,0,0,0,0,0,0,0,0,0,0,0,0,0,0,0,0,0,0,0,0,0,0,0,0,0,0,0,0,0,0,0,0,844.9034780606587,844.9034780606587,844.9034780606587,0,0,0,0,0,0,398.15049898560494,398.15049898560494,398.15049898560494,-226.86917271787456,-226.86917271787456,-226.86917271787456,0,0,0,1860.4976620129983,4790.3039197565995,2309.2555904556375,2309.2555904556375,3325.4403947840265
2026-01-27T00:00:00Z,2309.5739190652957,2827.9362300440844,2827.9362300440844,2827.9362300440844,0,0,0,0,0,0,1201.4993759236843,1201.4993759236843,1201.4993759236843,0,0,0,0,0,0,0,0,0,1201.4993759236843,1201.4993759236843,1201.4993759236843,0,0,0,0,0,0,0,0,0,0,0,0,0,0,0,0,0,0,1067.3686221245093,1067.3686221245093,1067.3686221245093,0,0,0,0,0,0,733.1039213655597,733.1039213655597,733.1039213655597,-174.03568936966875,-174.03568936966875,-174.03568936966875,0,0,0,3713.0943813624717,6564.630685062698,2309.5739190652957,2309.5739190652957,5137.51014910938
2026-01-28T00:00:00Z,2309.892247674954,3165.028375564653,3165.028375564653,3165.028375564653,0,0,0,0,0,0,1201.4993759236843,1201.4993759236843,1201.4993759236843,0,0,0,0,0,0,0,0,0,1201.4993759236843,1201.4993759236843,1201.4993759236843,0,0,0,0,0,0,0,0,0,0,0,0,0,0,0,0,0,0,1286.1453123976808,1286.1453123976808,1286.1453123976808,0,0,0,0,0,0,800.8560034333956,800.8560034333956,800.8560034333956,-123.47231619010775,-123.47231619010775,-123.47231619010775,0,0,0,4109.123819977783,6872.244856139474,2309.892247674954,2309.892247674954,5474.920623239606
2026-01-29T00:00:00Z,2310.2105762846127,3216.8323270675683,3216.8323270675683,3216.8323270675683,0,0,0,0,0,0,1201.4993759236843,1201.4993759236843,1201.4993759236843,0,0,0,0,0,0,0,0,0,1201.4993759236843,1201.4993759236843,1201.4993759236843,0,0,0,0,0,0,0,0,0,0,0,0,0,0,0,0,0,0,1285.7045098854,1285.7045098854,1285.7045098854,0,0,0,0,0,0,806.062664681897,806.062664681897,806.062664681897,-76.43422342341402,-76.43422342341402,-76.43422342341402,0,0,0,4011.3791163212495,6893.915905959115,2310.2105762846127,2310.2105762846127,5527.042903352181
2026-01-30T00:00:00Z,2310.528904894271,5406.676864997971,5406.676864997971,5406.676864997971,0,0,0,0,0,0,3715.290483842817,3715.290483842817,3715.290483842817,0,0,0,2513.791107919133,2513.791107919133,2513.791107919133,0,0,0,1201.4993759236843,1201.4993759236843,1201.4993759236843,0,0,0,0,0,0,0,0,0,0,0,0,0,0,0,0,0,0,924.8403663626115,924.8403663626115,924.8403663626115,0,0,0,0,0,0,800.6017513987267,800.6017513987267,800.6017513987267,-34.0557366061835,-34.0557366061835,-34.0557366061835,0,0,0,6253.730749992067,9075.061200748962,2310.528904894271,2310.528904894271,7717.205769892242
2026-01-31T00:00:00Z,2310.8472335039296,5024.938777746378,5024.938777746378,5024.938777746378,0,0,0,0,0,0,6221.093231655167,6221.093231655167,6221.093231655167,0,0,0,0,0,0,5019.593855731483,5019.593855731483,5019.593855731483,1201.4993759236843,1201.4993759236843,1201.4993759236843,0,0,0,0,0,0,0,0,0,0,0,0,0,0,0,0,0,0,279.30234762365694,279.30234762365694,279.30234762365694,0,0,0,0,0,0,-1478.1331127829555,-1478.1331127829555,-1478.1331127829555,2.676311250508988,2.676311250508988,2.676311250508988,0,0,0,5798.116864460712,8718.149086389032,2310.8472335039296,2310.8472335039296,7335.786011250308
2026-02-01T00:00:00Z,2311.1655621135883,-4707.651966616039,-4707.651966616039,-4707.651966616039,0,0,0,0,0,0,-615.221000053812,-615.221000053812,-615.221000053812,-1683.3583639625576,-1683.3583639625576,-1683.3583639625576,0,0,0,0,0,0,0,0,0,0,0,0,-615.221000053812,-615.221000053812,-615.221000053812,0,0,0,0,0,0,0,0,0,-1683.3583639625576,-1683.3583639625576,-1683.3583639625576,-381.3761843336188,-381.3761843336188,-381.3761843336188,0,0,0,0,0,0,-2060.6417270802394,-2060.6417270802394,-2060.6417270802394,32.94530881418815,32.94530881418815,32.94530881418815,0,0,0,-3934.5552035532846,-903.7186112950438,2311.1655621135883,2311.1655621135883,-2396.486404502451
2026-02-02T00:00:00Z,2311.483890723247,-2759.52516745127,-2759.52516745127,-2759.52516745127,0,0,0,0,0,0,-752.8897151972958,-752.8897151972958,-752.8897151972958,-1683.3583639625576,-1683.3583639625576,-1683.3583639625576,0,0,0,0,0,0,0,0,0,-752.8897151972958,-752.8897151972958,-752.8897151972958,0,0,0,0,0,0,0,0,0,0,0,0,-1683.3583639625576,-1683.3583639625576,-1683.3583639625576,-777.5507191043968,-777.5507191043968,-777.5507191043968,0,0,0,0,0,0,398.1504989780042,398.1504989780042,398.1504989780042,56.12313183497631,56.12313183497631,56.12313183497631,0,0,0,-1965.5583279300604,1031.4448467186508,2311.483890723247,2311.483890723247,-448.04127672802315
2026-02-03T00:00:00Z,2311.802219332905,-2336.049749630445,-2336.049749630445,-2336.049749630445,0,0,0,0,0,0,-641.1967284672644,-641.1967284672644,-641.1967284672644,-1683.3583639625576,-1683.3583639625576,-1683.3583639625576,0,0,0,0,0,0,0,0,0,0,0,0,0,0,0,-641.1967284672644,-641.1967284672644,-641.1967284672644,0,0,0,0,0,0,-1683.3583639625576,-1683.3583639625576,-1683.3583639625576,-816.382095088075,-816.382095088075,-816.382095088075,0,0,0,0,0,0,733.1039213655885,733.1039213655885,733.1039213655885,71.7835165218635,71.7835165218635,71.7835165218635,0,0,0,-1456.48584937862,1396.0729914146314,2311.802219332905,2311.802219332905,-24.247530297539925
2026-02-04T00:00:00Z,2312.1205479425635,-400.78012017634336,-400.78012017634336,-400.78012017634336,0,0,0,0,0,0,-641.1967284672644,-641.1967284672644,-641.1967284672644,0,0,0,0,0,0,0,0,0,0,0,0,0,0,0,0,0,0,-641.1967284672644,-641.1967284672644,-641.1967284672644,0,0,0,0,0,0,0,0,0,-640.14963502978,-640.14963502978,-640.14963502978,0,0,0,0,0,0,800.8560034331824,800.8560034331824,800.8560034331824,79.71023988751857,79.71023988751857,79.71023988751857,0,0,0,401.40358203628335,3342.239779892799,2312.1205479425635,2312.1205479425635,1911.34042776622
2026-02-05T00:00:00Z,2312.438876552222,-247.00657364976934,-247.00657364976934,-247.00657364976934,0,0,0,0,0,0,-641.1967284672644,-641.1967284672644,-641.1967284672644,0,0,0,0,0,0,0,0,0,0,0,0,0,0,0,0,0,0,-641.1967284672644,-641.1967284672644,-641.1967284672644,0,0,0,0,0,0,0,0,0,-491.77245029709354,-491.77245029709354,-491.77245029709354,0,0,0,0,0,0,806.0626646826926,806.0626646826926,806.0626646826926,79.8999404318958,79.8999404318958,79.8999404318958,0,0,0,584.224800555293,3662.076152619996,2312.438876552222,2312.438876552222,2065.4323029024526
2026-02-06T00:00:00Z,2312.7572051618804,-286.50248648103207,-286.50248648103207,-286.50248648103207,0,0,0,0,0,0,-641.1967284672644,-641.1967284672644,-641.1967284672644,0,0,0,0,0,0,0,0,0,0,0,0,0,0,0,0,0,0,-641.1967284672644,-641.1967284672644,-641.1967284672644,0,0,0,0,0,0,0,0,0,-518.4670598627798,-518.4670598627798,-518.4670598627798,0,0,0,0,0,0,800.6017513971275,800.6017513971275,800.6017513971275,72.55955045188473,72.55955045188473,72.55955045188473,0,0,0,626.2430417433247,3500.8596371133904,2312.7572051618804,2312.7572051618804,2026.2547186808483
2026-02-07T00:00:00Z,2313.075533771539,-2739.916288558962,-2739.916288558962,-2739.916288558962,0,0,0,0,0,0,-641.1967284672644,-641.1967284672644,-641.1967284672644,0,0,0,0,0,0,0,0,0,0,0,0,0,0,0,0,0,0,-641.1967284672644,-641.1967284672644,-641.1967284672644,0,0,0,0,0,0,0,0,0,-678.6848964193155,-678.6848964193155,-678.6848964193155,0,0,0,0,0,0,-1478.1331127819012,-1478.1331127819012,-1478.1331127819012,58.09844910951929,58.09844910951929,58.09844910951929,0,0,0,-1842.3051209344246,1046.3775427337762,2313.075533771539,2313.075533771539,-426.84075478742307
2026-02-08T00:00:00Z,2313.3938623811973,-2839.561985500103,-2839.561985500103,-2839.561985500103,0,0,0,0,0,0,0,0,0,0,0,0,0,0,0,0,0,0,0,0,0,0,0,0,0,0,0,0,0,0,0,0,0,0,0,0,0,0,0,-816.0358379698757,-816.0358379698757,-816.0358379698757,0,0,0,0,0,0,-2060.6417270832144,-2060.6417270832144,-2060.6417270832144,37.1155795529868,37.1155795529868,37.1155795529868,0,0,0,-1954.7792224636728,934.1330024929757,2313.3938623811973,2313.3938623811973,-526.1681231189059
2026-02-09T00:00:00Z,2313.712190990856,-406.26602646222625,-406.26602646222625,-406.26602646222625,0,0,0,0,0,0,0,0,0,0,0,0,0,0,0,0,0,0,0,0,0,0,0,0,0,0,0,0,0,0,0,0,0,0,0,0,0,0,0,-814.7984258137263,-814.7984258137263,-814.7984258137263,0,0,0,0,0,0,398.15049898092974,398.15049898092974,398.15049898092974,10.381900370570264,10.381900370570264,10.381900370570264,0,0,0,471.39346637784826,3319.3726431766713,2313.712190990856,2313.712190990856,1907.4461645286297
2026-02-10T00:00:00Z,2314.0305196005143,20.815214613611,20.815214613611,20.815214613611,0,0,0,0,0,0,0,0,0,0,0,0,0,0,0,0,0,0,0,0,0,0,0,0,0,0,0,0,0,0,0,0,0,0,0,0,0,0,0,-691.1073649489801,-691.1073649489801,-691.1073649489801,0,0,0,0,0,0,733.1039213656171,733.1039213656171,733.1039213656171,-21.18134180302585,-21.18134180302585,-21.18134180302585,0,0,0,934.3800407924628,3738.4687598528203,2314.0305196005143,2314.0305196005143,2334.845734214125
2026-02-11T00:00:00Z,2314.3488482101725,194.6823755918295,194.6823755918295,194.6823755918295,0,0,0,0,0,0,0,0,0,0,0,0,0,0,0,0,0,0,0,0,0,0,0,0,0,0,0,0,0,0,0,0,0,0,0,0,0,0,0,-549.6456992232218,-549.6456992232218,-549.6456992232218,0,0,0,0,0,0,800.8560034329696,800.8560034329696,800.8560034329696,-56.52792861791814,-56.52792861791814,-56.52792861791814,0,0,0,998.7100686411907,3998.748665570236,2314.3488482101725,2314.3488482101725,2509.031223802002
2026-02-12T00:00:00Z,2314.667176819831,244.42591838482676,244.42591838482676,244.42591838482676,0,0,0,0,0,0,0,0,0,0,0,0,0,0,0,0,0,0,0,0,0,0,0,0,0,0,0,0,0,0,0,0,0,0,0,0,0,0,0,-467.12184797468586,-467.12184797468586,-467.12184797468586,0,0,0,0,0,0,806.0626646834885,806.0626646834885,806.0626646834885,-94.5148983239756,-94.5148983239756,-94.5148983239756,0,0,0,1214.5970942433116,4038.0202636213444,2314.667176819831,2314.667176819831,2559.093095204658
2026-02-13T00:00:00Z,2314.9855054294894,242.35800964360274,242.35800964360274,242.35800964360274,0,0,0,0,0,0,0,0,0,0,0,0,0,0,0,0,0,0,0,0,0,0,0,0,0,0,0,0,0,0,0,0,0,0,0,0,0,0,0,-424.31080145605694,-424.31080145605694,-424.31080145605694,0,0,0,0,0,0,800.6017514019395,800.6017514019395,800.6017514019395,-133.93294030227986,-133.93294030227986,-133.93294030227986,0,0,0,957.1072578746888,4044.963630056517,2314.9855054294894,2314.9855054294894,2557.343515073092
2026-02-14T00:00:00Z,2315.303834039148,-1998.626570601448,-1998.626570601448,-1998.626570601448,0,0,0,0,0,0,0,0,0,0,0,0,0,0,0,0,0,0,0,0,0,0,0,0,0,0,0,0,0,0,0,0,0,0,0,0,0,0,0,-346.95529669184776,-346.95529669184776,-346.95529669184776,0,0,0,0,0,0,-1478.1331127849578,-1478.1331127849578,-1478.1331127849578,-173.53816112464224,-173.53816112464224,-173.53816112464224,0,0,0,-1105.352110699661,1787.9062935923434,2315.303834039148,2315.303834039148,316.67726343770005
2026-02-15T00:00:00Z,2315.6221626488064,-2473.9784386891542,-2473.9784386891542,-2473.9784386891542,0,0,0,0,0,0,0,0,0,0,0,0,0,0,0,0,0,0,0,0,0,0,0,0,0,0,0,0,0,0,0,0,0,0,0,0,0,0,0,-201.25231202918926,-201.25231202918926,-201.25231202918926,0,0,0,0,0,0,-2060.641727082655,-2060.641727082655,-2060.641727082655,-212.08439957730965,-212.08439957730965,-212.08439957730965,0,0,0,-1661.1278035950334,1352.1667062681474,2315.6221626488064,2315.6221626488064,-158.3562760403479
2026-02-16T00:00:00Z,2315.940491258465,111.70182688506948,111.70182688506948,111.70182688506948,0,0,0,0,0,0,0,0,0,0,0,0,0,0,0,0,0,0,0,0,0,0,0,0,0,0,0,0,0,0,0,0,0,0,0,0,0,0,0,-38.09341029485568,-38.09341029485568,-38.09341029485568,0,0,0,0,0,0,398.1504989815087,398.1504989815087,398.1504989815087,-248.35526180158357,-248.35526180158357,-248.35526180158357,0,0,0,944.895766550259,3915.3409383328813,2315.940491258465,2315.940491258465,2427.6423181435343
2026-02-17T00:00:00Z,2316.2588198681233,-1833.9699710946727,-1833.9699710946727,-1833.9699710946727,0,0,0,-2346.317565425847,-2346.317565425847,-2346.317565425847,0,0,0,-2346.317565425847,-2346.317565425847,-2346.317565425847,0,0,0,0,0,0,0,0,0,0,0,0,0,0,0,0,0,0,0,0,0,0,0,0,0,0,0,60.438735991524645,60.438735991524645,60.438735991524645,0,0,0,0,0,0,733.1039213653233,733.1039213653233,733.1039213653233,-281.19506302567333,-281.19506302567333,-281.19506302567333,0,0,0,-985.2564421077125,1931.7410142382196,2316.2588198681233,2316.2588198681233,482.2888487734506
2026-02-18T00:00:00Z,2316.5771484777815,-1781.5473823698442,-1781.5473823698442,-1781.5473823698442,0,0,0,-2346.317565425847,-2346.317565425847,-2346.317565425847,0,0,0,-2346.317565425847,-2346.317565425847,-2346.317565425847,0,0,0,0,0,0,0,0,0,0,0,0,0,0,0,0,0,0,0,0,0,0,0,0,0,0,0,73.45207832122225,73.45207832122225,73.45207832122225,0,0,0,0,0,0,800.8560034327559,800.8560034327559,800.8560034327559,-309.53789869797504,-309.53789869797504,-309.53789869797504,0,0,0,-862.8755133544392,2023.9000576586368,2316.5771484777815,2316.5771484777815,535.0297661079373
2026-02-19T00:00:00Z,2316.89547708744,545.3526761502309,545.3526761502309,545.3526761502309,0,0,0,0,0,0,0,0,0,0,0,0,0,0,0,0,0,0,0,0,0,0,0,0,0,0,0,0,0,0,0,0,0,0,0,0,0,0,0,71.72413550413665,71.72413550413665,71.72413550413665,0,0,0,0,0,0,806.0626646828944,806.0626646828944,806.0626646828944,-332.43412403680054,-332.43412403680054,-332.43412403680054,0,0,0,1375.6435294330922,4229.18956227882,2316.89547708744,2316.89547708744,2862.248153237671
2026-02-20T00:00:00Z,2317.2138056970985,601.5259737616066,601.5259737616066,601.5259737616066,0,0,0,0,0,0,0,0,0,0,0,0,0,0,0,0,0,0,0,0,0,0,0,0,0,0,0,0,0,0,0,0,0,0,0,0,0,0,0,149.99781781637208,149.99781781637208,149.99781781637208,0,0,0,0,0,0,800.60175140034,800.60175140034,800.60175140034,-349.07359545510565,-349.07359545510565,-349.07359545510565,0,0,0,1520.862974836056,4435.594992198799,2317.2138056970985,2317.2138056970985,2918.739779458705
2026-02-21T00:00:00Z,2317.532134306757,-1507.799695061946,-1507.799695061946,-1507.799695061946,0,0,0,0,0,0,0,0,0,0,0,0,0,0,0,0,0,0,0,0,0,0,0,0,0,0,0,0,0,0,0,0,0,0,0,0,0,0,0,329.1385355700588,329.1385355700588,329.1385355700588,0,0,0,0,0,0,-1478.1331127880142,-1478.1331127880142,-1478.1331127880142,-358.80511784399084,-358.80511784399084,-358.80511784399084,0,0,0,-726.3781722921326,2173.7232403685093,2317.532134306757,2317.532134306757,809.7324392448111
2026-02-22T00:00:00Z,2317.8504629164154,-1889.9700985269053,-1889.9700985269053,-1889.9700985269053,0,0,0,0,0,0,0,0,0,0,0,0,0,0,0,0,0,0,0,0,0,0,0,0,0,0,0,0,0,0,0,0,0,0,0,0,0,0,0,531.8232743502903,531.8232743502903,531.8232743502903,0,0,0,0,0,0,-2060.641727082096,-2060.641727082096,-2060.641727082096,-361.15164579509945,-361.15164579509945,-361.15164579509945,0,0,0,-1014.3049952416229,1979.163947631041,2317.8504629164154,2317.8504629164154,427.8803643895101
2026-02-23T00:00:00Z,2318.1687915260736,704.8246608990303,704.8246608990303,704.8246608990303,0,0,0,0,0,0,0,0,0,0,0,0,0,0,0,0,0,0,0,0,0,0,0,0,0,0,0,0,0,0,0,0,0,0,0,0,0,0,0,662.4950635318805,662.4950635318805,662.4950635318805,0,0,0,0,0,0,398.150498983261,398.150498983261,398.150498983261,-355.82090161611126,-355.82090161611126,-355.82090161611126,0,0,0,1586.9572470198277,4535.611169530268,2318.1687915260736,2318.1687915260736,3022.993452425104
2026-02-24T00:00:00Z,2318.4871201357323,2304.1121605999547,2304.1121605999547,2304.1121605999547,0,0,0,0,0,0,1201.4993759236843,1201.4993759236843,1201.4993759236843,0,0,0,0,0,0,0,0,0,1201.4993759236843,1201.4993759236843,1201.4993759236843,0,0,0,0,0,0,0,0,0,0,0,0,0,0,0,0,0,0,712.2200586274276,712.2200586274276,712.2200586274276,0,0,0,0,0,0,733.1039213662431,733.1039213662431,733.1039213662431,-342.71119531740044,-342.71119531740044,-342.71119531740044,0,0,0,3131.260538144888,6055.892281531525,2318.4871201357323,2318.4871201357323,4622.599280735687
2026-02-25T00:00:00Z,2318.8054487453905,2455.5015762068024,2455.5015762068024,2455.5015762068024,0,0,0,0,0,0,1201.4993759236843,1201.4993759236843,1201.4993759236843,0,0,0,0,0,0,0,0,0,1201.4993759236843,1201.4993759236843,1201.4993759236843,0,0,0,0,0,0,0,0,0,0,0,0,0,0,0,0,0,0,775.0585551644432,775.0585551644432,775.0585551644432,0,0,0,0,0,0,800.8560034335669,800.8560034335669,800.8560034335669,-321.9123583148923,-321.9123583148923,-321.9123583148923,0,0,0,3416.465986902652,6143.352033708239,2318.8054487453905,2318.8054487453905,4774.307024952193
2026-02-26T00:00:00Z,2319.1237773550492,2659.39621678588,2659.39621678588,2659.39621678588,0,0,0,0,0,0,1201.4993759236843,1201.4993759236843,1201.4993759236843,0,0,0,0,0,0,0,0,0,1201.4993759236843,1201.4993759236843,1201.4993759236843,0,0,0,0,0,0,0,0,0,0,0,0,0,0,0,0,0,0,945.536006191631,945.536006191631,945.536006191631,0,0,0,0,0,0,806.0626646850799,806.0626646850799,806.0626646850799,-293.7018300145156,-293.7018300145156,-293.7018300145156,0,0,0,3466.618626827825,6432.512471191436,2319.1237773550492,2319.1237773550492,4978.519994140929
2026-02-27T00:00:00Z,2319.4421059647075,5447.466250618984,5447.466250618984,5447.466250618984,0,0,0,0,0,0,3715.290483842817,3715.290483842817,3715.290483842817,0,0,0,2513.791107919133,2513.791107919133,2513.791107919133,0,0,0,1201.4993759236843,1201.4993759236843,1201.4993759236843,0,0,0,0,0,0,0,0,0,0,0,0,0,0,0,0,0,0,1190.1100767078774,1190.1100767078774,1190.1100767078774,0,0,0,0,0,0,800.6017514006526,800.6017514006526,800.6017514006526,-258.53606133236286,-258.53606133236286,-258.53606133236286,0,0,0,6549.635918963926,9278.039032372633,2319.4421059647075,2319.4421059647075,7766.908356583692
2026-02-28T00:00:00Z,2319.760434574366,5852.0714279191425,5852.0714279191425,5852.0714279191425,0,0,0,0,0,0,6221.093231655167,6221.093231655167,6221.093231655167,0,0,0,0,0,0,5019.593855731483,5019.593855731483,5019.593855731483,1201.4993759236843,1201.4993759236843,1201.4993759236843,0,0,0,0,0,0,0,0,0,0,0,0,0,0,0,0,0,0,1326.1488273485095,1326.1488273485095,1326.1488273485095,0,0,0,0,0,0,-1478.13311278696,-1478.13311278696,-1478.13311278696,-217.03751829757508,-217.03751829757508,-217.03751829757508,0,0,0,6730.6935658484035,9591.1752134182,2319.760434574366,2319.760434574366,8171.831862493509
2026-03-01T00:00:00Z,2320.0787631840244,-1694.4503734967318,-1694.4503734967318,-1694.4503734967318,0,0,0,0,0,0,-615.221000053812,-615.221000053812,-615.221000053812,0,0,0,0,0,0,0,0,0,0,0,0,0,0,0,-615.221000053812,-615.221000053812,-615.221000053812,0,0,0,0,0,0,0,0,0,0,0,0,1151.3900327238784,1151.3900327238784,1151.3900327238784,0,0,0,0,0,0,-2060.641727086863,-2060.641727086863,-2060.641727086863,-169.97767907993565,-169.97767907993565,-169.97767907993565,0,0,0,-799.0532617721406,2171.126613593206,2320.0787631840244,2320.0787631840244,625.6283896872926
2026-03-02T00:00:00Z,2320.397091793683,150.73339861750537,150.73339861750537,150.73339861750537,0,0,0,0,0,0,-752.8897151972958,-752.8897151972958,-752.8897151972958,0,0,0,0,0,0,0,0,0,0,0,0,-752.8897151972958,-752.8897151972958,-752.8897151972958,0,0,0,0,0,0,0,0,0,0,0,0,0,0,0,623.7291310987026,623.7291310987026,623.7291310987026,0,0,0,0,0,0,398.15049898501337,398.15049898501337,398.15049898501337,-118.25651626891496,-118.25651626891496,-118.25651626891496,0,0,0,963.0049031294582,3867.9008233332775,2320.397091793683,2320.397091793683,2471.1304904111885
2026-03-03T00:00:00Z,2320.715420403342,-40.070695338885024,-40.070695338885024,-40.070695338885024,0,0,0,0,0,0,-641.1967284672644,-641.1967284672644,-641.1967284672644,0,0,0,0,0,0,0,0,0,0,0,0,0,0,0,0,0,0,-641.1967284672644,-641.1967284672644,-641.1967284672644,0,0,0,0,0,0,0,0,0,-69.09884770139189,-69.09884770139189,-69.09884770139189,0,0,0,0,0,0,733.1039213659493,733.1039213659493,733.1039213659493,-62.879040536178096,-62.879040536178096,-62.879040536178096,0,0,0,684.1155982745272,3722.590832384397,2320.715420403342,2320.715420403342,2280.644725064457
2026-03-04T00:00:00Z,2321.033749013,-469.5423271462743,-469.5423271462743,-469.5423271462743,0,0,0,0,0,0,-641.1967284672644,-641.1967284672644,-641.1967284672644,0,0,0,0,0,0,0,0,0,0,0,0,0,0,0,0,0,0,-641.1967284672644,-641.1967284672644,-641.1967284672644,0,0,0,0,0,0,0,0,0,-624.272052254307,-624.272052254307,-624.272052254307,0,0,0,0,0,0,800.8560034339461,800.8560034339461,800.8560034339461,-4.9295498586491275,-4.9295498586491275,-4.9295498586491275,0,0,0,364.9533385824384,3296.569519818719,2321.033749013,2321.033749013,1851.4914218667257
2026-03-05T00:00:00Z,2321.3520776226587,-618.0849058727066,-618.0849058727066,-618.0849058727066,0,0,0,0,0,0,-641.1967284672644,-641.1967284672644,-641.1967284672644,0,0,0,0,0,0,0,0,0,0,0,0,0,0,0,0,0,0,-641.1967284672644,-641.1967284672644,-641.1967284672644,0,0,0,0,0,0,0,0,0,-837.4065634157507,-837.4065634157507,-837.4065634157507,0,0,0,0,0,0,806.0626646844861,806.0626646844861,806.0626646844861,54.45572132582236,54.45572132582236,54.45572132582236,0,0,0,208.66854212895922,3152.6876780648527,2321.3520776226587,2321.3520776226587,1703.267171749952
2026-03-06T00:00:00Z,2321.670406232317,-466.3607903726455,-466.3607903726455,-466.3607903726455,0,0,0,0,0,0,-641.1967284672644,-641.1967284672644,-641.1967284672644,0,0,0,0,0,0,0,0,0,0,0,0,0,0,0,0,0,0,-641.1967284672644,-641.1967284672644,-641.1967284672644,0,0,0,0,0,0,0,0,0,-739.8826407439435,-739.8826407439435,-739.8826407439435,0,0,0,0,0,0,800.6017513990531,800.6017513990531,800.6017513990531,114.116827439509,114.116827439509,114.116827439509,0,0,0,416.1481154941181,3264.8306628557316,2321.670406232317,2321.670406232317,1855.3096158596713
2026-03-07T00:00:00Z,2321.9887348419757,-4178.904609092622,-4178.904609092622,-4178.904609092622,0,0,0,0,0,0,-641.1967284672644,-641.1967284672644,-641.1967284672644,-1683.3583639625576,-1683.3583639625576,-1683.3583639625576,0,0,0,0,0,0,0,0,0,0,0,0,0,0,0,-641.1967284672644,-641.1967284672644,-641.1967284672644,0,0,0,0,0,0,-1683.3583639625576,-1683.3583639625576,-1683.3583639625576,-549.1148781827227,-549.1148781827227,-549.1148781827227,0,0,0,0,0,0,-1478.133112781926,-1478.133112781926,-1478.133112781926,172.89847430184867,172.89847430184867,172.89847430184867,0,0,0,-3296.601546038044,-295.34693702340707,2321.9887348419757,2321.9887348419757,-1856.9158742506465
2026-03-08T00:00:00Z,2322.307063451634,-2312.4918513919256,-2312.4918513919256,-2312.4918513919256,0,0,0,0,0,0,0,0,0,0,0,0,0,0,0,0,0,0,0,0,0,0,0,0,0,0,0,0,0,0,0,0,0,0,0,0,0,0,0,-481.52791387478067,-481.52791387478067,-481.52791387478067,0,0,0,0,0,0,-2060.6417270845122,-2060.6417270845122,-2060.6417270845122,229.67778956736697,229.67778956736697,229.67778956736697,0,0,0,-1451.0670098444864,1478.0159699956482,2322.307063451634,2322.307063451634,9.815212059708301
2026-03-09T00:00:00Z,2322.625392061292,90.779046958479,90.779046958479,90.779046958479,0,0,0,0,0,0,0,0,0,0,0,0,0,0,0,0,0,0,0,0,0,0,0,0,0,0,0,0,0,0,0,0,0,0,0,0,0,0,0,-590.7622508511544,-590.7622508511544,-590.7622508511544,0,0,0,0,0,0,398.1504989867656,398.1504989867656,398.1504989867656,283.3907988228676,283.3907988228676,283.3907988228676,0,0,0,986.175389337994,3780.9602830803133,2322.625392061292,2322.625392061292,2413.404439019771
2026-03-10T00:00:00Z,2322.943720670951,306.0595687048628,306.0595687048628,306.0595687048628,0,0,0,0,0,0,0,0,0,0,0,0,0,0,0,0,0,0,0,0,0,0,0,0,0,0,0,0,0,0,0,0,0,0,0,0,0,0,0,-760.1013029936826,-760.1013029936826,-760.1013029936826,0,0,0,0,0,0,733.1039213659781,733.1039213659781,733.1039213659781,333.0569503325674,333.0569503325674,333.0569503325674,0,0,0,1220.5083543119442,4038.980953625819,2322.943720670951,2322.943720670951,2629.0032893758134
2026-03-11T00:00:00Z,2323.2620492806095,343.70513876231695,343.70513876231695,343.70513876231695,0,0,0,0,0,0,0,0,0,0,0,0,0,0,0,0,0,0,0,0,0,0,0,0,0,0,0,0,0,0,0,0,0,0,0,0,0,0,0,-834.9519579984037,-834.9519579984037,-834.9519579984037,0,0,0,0,0,0,800.8560034331404,800.8560034331404,800.8560034331404,377.80109332758013,377.80109332758013,377.80109332758013,0,0,0,1246.227720568559,4236.548839033391,2323.2620492806095,2323.2620492806095,2666.9671880429264
2026-03-12T00:00:00Z,2323.5803778902678,460.4518679515738,460.4518679515738,460.4518679515738,0,0,0,0,0,0,0,0,0,0,0,0,0,0,0,0,0,0,0,0,0,0,0,0,0,0,0,0,0,0,0,0,0,0,0,0,0,0,0,-762.4831881818134,-762.4831881818134,-762.4831881818134,0,0,0,0,0,0,806.0626646826412,806.0626646826412,806.0626646826412,416.87239145074545,416.87239145074545,416.87239145074545,0,0,0,1372.0832501761638,4114.014049977273,2323.5803778902678,2323.5803778902678,2784.0322458418414
2026-03-13T00:00:00Z,2323.898706499926,634.4172931862954,634.4172931862954,634.4172931862954,0,0,0,0,0,0,0,0,0,0,0,0,0,0,0,0,0,0,0,0,0,0,0,0,0,0,0,0,0,0,0,0,0,0,0,0,0,0,0,-615.8442004074939,-615.8442004074939,-615.8442004074939,0,0,0,0,0,0,800.6017513974541,800.6017513974541,800.6017513974541,449.65974219633534,449.65974219633534,449.65974219633534,0,0,0,1531.7545931299126,4461.411036568018,2323.898706499926,2323.898706499926,2958.3159996862214
2026-03-14T00:00:00Z,2324.2170351095847,-1502.3655688267822,-1502.3655688267822,-1502.3655688267822,0,0,0,0,0,0,0,0,0,0,0,0,0,0,0,0,0,0,0,0,0,0,0,0,0,0,0,0,0,0,0,0,0,0,0,0,0,0,0,-499.9358284128712,-499.9358284128712,-499.9358284128712,0,0,0,0,0,0,-1478.1331127829274,-1478.1331127829274,-1478.1331127829274,475.7033723690161,475.7033723690161,475.7033723690161,0,0,0,-624.2731557535417,2277.4992208068898,2324.2170351095847,2324.2170351095847,821.8514662828024
2026-03-15T00:00:00Z,2324.535363719243,-2011.1607391112673,-2011.1607391112673,-2011.1607391112673,0,0,0,0,0,0,0,0,0,0,0,0,0,0,0,0,0,0,0,0,0,0,0,0,0,0,0,0,0,0,0,0,0,0,0,0,0,0,0,-445.2213979309111,-445.2213979309111,-445.2213979309111,0,0,0,0,0,0,-2060.641727085744,-2060.641727085744,-2060.641727085744,494.70238590538816,494.70238590538816,494.70238590538816,0,0,0,-1037.0744967773896,1722.6600474452762,2324.535363719243,2324.535363719243,313.37462460797565
2026-03-16T00:00:00Z,2324.8536923289016,510.6591726734759,510.6591726734759,510.6591726734759,0,0,0,0,0,0,0,0,0,0,0,0,0,0,0,0,0,0,0,0,0,0,0,0,0,0,0,0,0,0,0,0,0,0,0,0,0,0,0,-394.00947720241913,-394.00947720241913,-394.00947720241913,0,0,0,0,0,0,398.15049898734486,398.15049898734486,398.15049898734486,506.5181508885502,506.5181508885502,506.5181508885502,0,0,0,1258.3133348645151,4155.256149218506,2324.8536923289016,2324.8536923289016,2835.5128650023776
2026-03-17T00:00:00Z,2325.17202093856,963.0168456728427,963.0168456728427,963.0168456728427,0,0,0,0,0,0,0,0,0,0,0,0,0,0,0,0,0,0,0,0,0,0,0,0,0,0,0,0,0,0,0,0,0,0,0,0,0,0,0,-281.26059990423687,-281.26059990423687,-281.26059990423687,0,0,0,0,0,0,733.1039213653619,733.1039213653619,733.1039213653619,511.1735242117176,511.1735242117176,511.1735242117176,0,0,0,1790.989460088306,4615.869984499624,2325.17202093856,2325.17202093856,3288.1888666114028
2026-03-18T00:00:00Z,2325.490349548218,1193.402898115514,1193.402898115514,1193.402898115514,0,0,0,0,0,0,0,0,0,0,0,0,0,0,0,0,0,0,0,0,0,0,0,0,0,0,0,0,0,0,0,0,0,0,0,0,0,0,0,-116.30112739186987,-116.30112739186987,-116.30112739186987,0,0,0,0,0,0,800.8560034335195,800.8560034335195,800.8560034335195,508.8480220738644,508.8480220738644,508.8480220738644,0,0,0,1981.628757432813,4973.398147373683,2325.490349548218,2325.490349548218,3518.893247663732
2026-03-19T00:00:00Z,2325.808678157877,1328.788339962938,1328.788339962938,1328.788339962938,0,0,0,0,0,0,0,0,0,0,0,0,0,0,0,0,0,0,0,0,0,0,0,0,0,0,0,0,0,0,0,0,0,0,0,0,0,0,0,22.85652588227237,22.85652588227237,22.85652588227237,0,0,0,0,0,0,806.0626646834372,806.0626646834372,806.0626646834372,499.8691493972283,499.8691493972283,499.8691493972283,0,0,0,2090.8343697988253,5107.599973240462,2325.808678157877,2325.808678157877,3654.597018120815
2026-03-20T00:00:00Z,2326.127006767535,-1835.0320915817936,-1835.0320915817936,-1835.0320915817936,0,0,0,0,0,0,0,0,0,-3195.3121717196555,-3195.3121717196555,-3195.3121717196555,0,0,0,0,0,0,0,0,0,0,0,0,0,0,0,0,0,0,0,0,0,0,0,0,0,0,0,74.97813015728379,74.97813015728379,74.97813015728379,0,0,0,-3195.3121717196555,-3195.3121717196555,-3195.3121717196555,800.6017513958546,800.6017513958546,800.6017513958546,484.70019858472324,484.70019858472324,484.70019858472324,0,0,0,-1093.84658452837,1970.7502673192553,2326.127006767535,2326.127006767535,491.09491518574146
2026-03-21T00:00:00Z,2326.4453353771937,-3225.293840571312,-3225.293840571312,-3225.293840571312,0,0,0,0,0,0,0,0,0,-2278.8794871135365,-2278.8794871135365,-2278.8794871135365,0,0,0,0,0,0,0,0,0,0,0,0,0,0,0,0,0,0,0,0,0,0,0,0,0,0,0,67.79384405125263,67.79384405125263,67.79384405125263,0,0,0,-2278.8794871135365,-2278.8794871135365,-2278.8794871135365,-1478.1331127859835,-1478.1331127859835,-1478.1331127859835,463.9249152769551,463.9249152769551,463.9249152769551,0,0,0,-2406.4688332596484,495.3009503504013,2326.4453353771937,2326.4453353771937,-898.8485051941184
2026-03-22T00:00:00Z,2326.763663986852,-5191.593185168261,-5191.593185168261,-5191.593185168261,0,0,0,0,0,0,0,0,0,-3666.1606808832416,-3666.1606808832416,-3666.1606808832416,0,0,0,0,0,0,0,0,0,0,0,0,0,0,0,0,0,0,0,0,0,0,0,0,0,0,0,96.97971907481309,96.97971907481309,96.97971907481309,0,0,0,-3666.1606808832416,-3666.1606808832416,-3666.1606808832416,-2060.641727083393,-2060.641727083393,-2060.641727083393,438.22950372356064,438.22950372356064,438.22950372356064,0,0,0,-4437.599825692625,-1537.1318489117755,2326.763663986852,2326.763663986852,-2864.829521181409
2026-03-23T00:00:00Z,2327.08199259651,-2920.3616662467393,-2920.3616662467393,-2920.3616662467393,0,0,0,0,0,0,0,0,0,-3956.9062514653724,-3956.9062514653724,-3956.9062514653724,0,0,0,0,0,0,0,0,0,0,0,0,0,0,0,0,0,0,0,0,0,0,0,0,0,0,0,230.01158099569255,230.01158099569255,230.01158099569255,0,0,0,-3956.9062514653724,-3956.9062514653724,-3956.9062514653724,398.15049898091723,398.15049898091723,398.15049898091723,408.3825052420235,408.3825052420235,408.3825052420235,0,0,0,-2087.5678910952474,933.102049286337,2327.08199259651,2327.08199259651,-593.2796736502291
2026-03-24T00:00:00Z,2327.400321206169,55.82599383374605,55.82599383374605,55.82599383374605,0,0,0,0,0,0,0,0,0,-1486.989236841226,-1486.989236841226,-1486.989236841226,0,0,0,0,0,0,0,0,0,0,0,0,0,0,0,0,0,0,0,0,0,0,0,0,0,0,0,434.49818074375565,434.49818074375565,434.49818074375565,0,0,0,-1486.989236841226,-1486.989236841226,-1486.989236841226,733.1039213666038,733.1039213666038,733.1039213666038,375.2131285646127,375.2131285646127,375.2131285646127,0,0,0,938.7803926362587,3825.494192465764,2327.400321206169,2327.400321206169,2383.226315039915
2026-03-25T00:00:00Z,2327.7186498158276,-77.8710848146549,-77.8710848146549,-77.8710848146549,0,0,0,0,0,0,0,0,0,-1827.904255126789,-1827.904255126789,-1827.904255126789,0,0,0,0,0,0,0,0,0,0,0,0,0,0,0,0,0,0,0,0,0,0,0,0,0,0,0,609.5885271515947,609.5885271515947,609.5885271515947,0,0,0,-1827.904255126789,-1827.904255126789,-1827.904255126789,800.8560034333063,800.8560034333063,800.8560034333063,339.5886397272331,339.5886397272331,339.5886397272331,0,0,0,700.018423976846,3697.0265515764318,2327.7186498158276,2327.7186498158276,2249.847565001173
2026-03-26T00:00:00Z,2328.036978425486,747.5754541474894,747.5754541474894,747.5754541474894,0,0,0,0,0,0,0,0,0,-1054.1563307223114,-1054.1563307223114,-1054.1563307223114,0,0,0,0,0,0,0,0,0,0,0,0,0,0,0,0,0,0,0,0,0,0,0,0,0,0,0,693.2776891552026,693.2776891552026,693.2776891552026,0,0,0,-1054.1563307223114,-1054.1563307223114,-1054.1563307223114,806.0626646842329,806.0626646842329,806.0626646842329,302.391431030365,302.391431030365,302.391431030365,0,0,0,1658.7334550251796,4596.109250840278,2328.036978425486,2328.036978425486,3075.612432572975
2026-03-27T00:00:00Z,2328.355307035144,600.2582144265688,600.2582144265688,600.2582144265688,0,0,0,0,0,0,1201.4993759236843,1201.4993759236843,1201.4993759236843,-2400.7063977366015,-2400.7063977366015,-2400.7063977366015,0,0,0,0,0,0,1201.4993759236843,1201.4993759236843,1201.4993759236843,0,0,0,0,0,0,0,0,0,0,0,0,0,0,0,0,0,0,734.3671013738184,734.3671013738184,734.3671013738184,0,0,0,-2400.7063977366015,-2400.7063977366015,-2400.7063977366015,800.6017513961671,800.6017513961671,800.6017513961671,264.49638346950064,264.49638346950064,264.49638346950064,0,0,0,1511.0341280795758,4438.378011843709,2328.355307035144,2328.355307035144,2928.613521461713
2026-03-28T00:00:00Z,2328.6736356448027,-880.2923840764157,-880.2923840764157,-880.2923840764157,0,0,0,0,0,0,1201.4993759236843,1201.4993759236843,1201.4993759236843,-1675.3112406410926,-1675.3112406410926,-1675.3112406410926,0,0,0,0,0,0,1201.4993759236843,1201.4993759236843,1201.4993759236843,0,0,0,0,0,0,0,0,0,0,0,0,0,0,0,0,0,0,844.903478060657,844.903478060657,844.903478060657,0,0,0,-1675.3112406410926,-1675.3112406410926,-1675.3112406410926,-1478.1331127768399,-1478.1331127768399,-1478.1331127768399,226.74911535717465,226.74911535717465,226.74911535717465,0,0,0,-37.48049435707586,2925.6055251551697,2328.6736356448027,2328.6736356448027,1448.3812515683871
2026-03-29T00:00:00Z,2328.991964254461,-1852.656963476707,-1852.656963476707,-1852.656963476707,0,0,0,0,0,0,1201.4993759236843,1201.4993759236843,1201.4993759236843,-2250.8289069616485,-2250.8289069616485,-2250.8289069616485,0,0,0,0,0,0,1201.4993759236843,1201.4993759236843,1201.4993759236843,0,0,0,0,0,0,0,0,0,0,0,0,0,0,0,0,0,0,1067.3686221244884,1067.3686221244884,1067.3686221244884,0,0,0,-2250.8289069616485,-2250.8289069616485,-2250.8289069616485,-2060.6417270810425,-2060.6417270810425,-2060.6417270810425,189.9456725178115,189.9456725178115,189.9456725178115,0,0,0,-997.9938170235027,1864.5265093643725,2328.991964254461,2328.991964254461,476.335000777754
2026-03-30T00:00:00Z,2329.3102928641197,3917.1048213767076,3917.1048213767076,3917.1048213767076,0,0,0,0,0,0,3715.290483842817,3715.290483842817,3715.290483842817,-1637.2956375964209,-1637.2956375964209,-1637.2956375964209,2513.791107919133,2513.791107919133,2513.791107919133,0,0,0,1201.4993759236843,1201.4993759236843,1201.4993759236843,0,0,0,0,0,0,0,0,0,0,0,0,0,0,0,0,0,0,1286.1453123981082,1286.1453123981082,1286.1453123981082,0,0,0,-1637.2956375964209,-1637.2956375964209,-1637.2956375964209,398.15049898266966,398.15049898266966,398.15049898266966,154.81416374953352,154.81416374953352,154.81416374953352,0,0,0,4815.686611300327,7662.26677314315,2329.3102928641197,2329.3102928641197,6246.415114240827
2026-03-31T00:00:00Z,2329.628621473778,8361.90044381066,8361.90044381066,8361.90044381066,0,0,0,0,0,0,6221.093231655167,6221.093231655167,6221.093231655167,0,0,0,0,0,0,5019.593855731483,5019.593855731483,5019.593855731483,1201.4993759236843,1201.4993759236843,1201.4993759236843,0,0,0,0,0,0,0,0,0,0,0,0,0,0,0,0,0,0,1285.7045098849405,1285.7045098849405,1285.7045098849405,0,0,0,0,0,0,733.10392136631,733.10392136631,733.10392136631,121.9987809042415,121.9987809042415,121.9987809042415,0,0,0,9392.07582180747,12140.047936571447,2329.628621473778,2329.628621473778,10691.529065284438
2026-04-01T00:00:00Z,2329.9469500834366,1202.5219376761231,1202.5219376761231,1202.5219376761231,0,0,0,0,0,0,-615.221000053812,-615.221000053812,-615.221000053812,0,0,0,0,0,0,0,0,0,0,0,0,0,0,0,-615.221000053812,-615.221000053812,-615.221000053812,0,0,0,0,0,0,0,0,0,0,0,0,924.8403663618901,924.8403663618901,924.8403663618901,0,0,0,0,0,0,800.8560034330928,800.8560034330928,800.8560034330928,92.04656793495201,92.04656793495201,92.04656793495201,0,0,0,2072.520577253438,5092.33933034523,2329.9469500834366,2329.9469500834366,3532.46888775956
2026-04-02T00:00:00Z,2330.2652786930953,397.8725169887042,397.8725169887042,397.8725169887042,0,0,0,0,0,0,-752.8897151972958,-752.8897151972958,-752.8897151972958,0,0,0,0,0,0,0,0,0,0,0,0,-752.8897151972958,-752.8897151972958,-752.8897151972958,0,0,0,0,0,0,0,0,0,0,0,0,0,0,0,279.3023476252517,279.3023476252517,279.3023476252517,0,0,0,0,0,0,806.062664683639,806.062664683639,806.062664683639,65.397219877109,65.397219877109,65.397219877109,0,0,0,1302.1806963183237,4198.171554335878,2330.2652786930953,2330.2652786930953,2728.1377956817996
2026-04-03T00:00:00Z,2330.5836073027535,-179.59505797985906,-179.59505797985906,-179.59505797985906,0,0,0,0,0,0,-641.1967284672644,-641.1967284672644,-641.1967284672644,0,0,0,0,0,0,0,0,0,0,0,0,0,0,0,0,0,0,-641.1967284672644,-641.1967284672644,-641.1967284672644,0,0,0,0,0,0,0,0,0,-381.37618433437814,-381.37618433437814,-381.37618433437814,0,0,0,0,0,0,800.6017513990674,800.6017513990674,800.6017513990674,42.376103422716014,42.376103422716014,42.376103422716014,0,0,0,648.6523119970141,3687.9074393719425,2330.5836073027535,2330.5836073027535,2150.9885493228944
2026-04-04T00:00:00Z,2330.9019359124122,-2873.6899622552755,-2873.6899622552755,-2873.6899622552755,0,0,0,0,0,0,-641.1967284672644,-641.1967284672644,-641.1967284672644,0,0,0,0,0,0,0,0,0,0,0,0,0,0,0,0,0,0,-641.1967284672644,-641.1967284672644,-641.1967284672644,0,0,0,0,0,0,0,0,0,-777.5507191049543,-777.5507191049543,-777.5507191049543,0,0,0,0,0,0,-1478.1331127798958,-1478.1331127798958,-1478.1331127798958,23.190598096838993,23.190598096838993,23.190598096838993,0,0,0,-2034.8371007041253,992.4794414236097,2330.9019359124122,2330.9019359124122,-542.7880263428633
2026-04-05T00:00:00Z,2331.2202645220705,-3510.290786952474,-3510.290786952474,-3510.290786952474,0,0,0,0,0,0,-641.1967284672644,-641.1967284672644,-641.1967284672644,0,0,0,0,0,0,0,0,0,0,0,0,0,0,0,0,0,0,-641.1967284672644,-641.1967284672644,-641.1967284672644,0,0,0,0,0,0,0,0,0,-816.3820950880717,-816.3820950880717,-816.3820950880717,0,0,0,0,0,0,-2060.641727082275,-2060.641727082275,-2060.641727082275,7.929763685136729,7.929763685136729,7.929763685136729,0,0,0,-2676.5694079663494,321.1041390058037,2331.2202645220705,2331.2202645220705,-1179.0705224304033
2026-04-06T00:00:00Z,2331.5385931317287,-886.6286164196248,-886.6286164196248,-886.6286164196248,0,0,0,0,0,0,-641.1967284672644,-641.1967284672644,-641.1967284672644,0,0,0,0,0,0,0,0,0,0,0,0,0,0,0,0,0,0,-641.1967284672644,-641.1967284672644,-641.1967284672644,0,0,0,0,0,0,0,0,0,-640.1496350301918,-640.1496350301918,-640.1496350301918,0,0,0,0,0,0,398.1504989844218,398.1504989844218,398.1504989844218,-3.4327519065906937,-3.4327519065906937,-3.4327519065906937,0,0,0,-106.84735416928743,2912.791584135066,2331.5385931317287,2331.5385931317287,1444.9099767121038
2026-04-07T00:00:00Z,2331.8569217413874,-410.897994658766,-410.897994658766,-410.897994658766,0,0,0,0,0,0,-641.1967284672644,-641.1967284672644,-641.1967284672644,0,0,0,0,0,0,0,0,0,0,0,0,0,0,0,0,0,0,-641.1967284672644,-641.1967284672644,-641.1967284672644,0,0,0,0,0,0,0,0,0,-491.7724502975111,-491.7724502975111,-491.7724502975111,0,0,0,0,0,0,733.1039213660166,733.1039213660166,733.1039213660166,-11.032737260007014,-11.032737260007014,-11.032737260007014,0,0,0,469.14466010379954,3345.6487974154825,2331.8569217413874,2331.8569217413874,1920.9589270826214
2026-04-08T00:00:00Z,2332.175250351046,267.28231580604086,267.28231580604086,267.28231580604086,0,0,0,0,0,0,0,0,0,0,0,0,0,0,0,0,0,0,0,0,0,0,0,0,0,0,0,0,0,0,0,0,0,0,0,0,0,0,0,-518.4670598632689,-518.4670598632689,-518.4670598632689,0,0,0,0,0,0,800.8560034333117,800.8560034333117,800.8560034333117,-15.106627764001939,-15.106627764001939,-15.106627764001939,0,0,0,1040.8487380835697,4073.418269553349,2332.175250351046,2332.175250351046,2599.457566157087
2026-04-09T00:00:00Z,2332.4935789607043,111.39754185185338,111.39754185185338,111.39754185185338,0,0,0,0,0,0,0,0,0,0,0,0,0,0,0,0,0,0,0,0,0,0,0,0,0,0,0,0,0,0,0,0,0,0,0,0,0,0,0,-678.6848964189976,-678.6848964189976,-678.6848964189976,0,0,0,0,0,0,806.0626646830452,806.0626646830452,806.0626646830452,-15.980226412194167,-15.980226412194167,-15.980226412194167,0,0,0,908.2343907066034,3943.364604114069,2332.4935789607043,2332.4935789607043,2443.891120812558
2026-04-10T00:00:00Z,2332.8119075703626,-29.489407285331488,-29.489407285331488,-29.489407285331488,0,0,0,0,0,0,0,0,0,0,0,0,0,0,0,0,0,0,0,0,0,0,0,0,0,0,0,0,0,0,0,0,0,0,0,0,0,0,0,-816.0358379696765,-816.0358379696765,-816.0358379696765,0,0,0,0,0,0,800.6017513993799,800.6017513993799,800.6017513993799,-14.055320715034851,-14.055320715034851,-14.055320715034851,0,0,0,868.3394788371214,3872.822190485551,2332.8119075703626,2332.8119075703626,2303.322500285031
2026-04-11T00:00:00Z,2333.1302361800213,-2302.7261687015357,-2302.7261687015357,-2302.7261687015357,0,0,0,0,0,0,0,0,0,0,0,0,0,0,0,0,0,0,0,0,0,0,0,0,0,0,0,0,0,0,0,0,0,0,0,0,0,0,0,-814.7984258141397,-814.7984258141397,-814.7984258141397,0,0,0,0,0,0,-1478.1331127808967,-1478.1331127808967,-1478.1331127808967,-9.794630106498731,-9.794630106498731,-9.794630106498731,0,0,0,-1398.426004256788,1618.7623682137241,2333.1302361800213,2333.1302361800213,30.40406747848556
2026-04-12T00:00:00Z,2333.4485647896795,-2755.454645746598,-2755.454645746598,-2755.454645746598,0,0,0,0,0,0,0,0,0,0,0,0,0,0,0,0,0,0,0,0,0,0,0,0,0,0,0,0,0,0,0,0,0,0,0,0,0,0,0,-691.1073649487759,-691.1073649487759,-691.1073649487759,0,0,0,0,0,0,-2060.641727079924,-2060.641727079924,-2060.641727079924,-3.705553717897735,-3.705553717897735,-3.705553717897735,0,0,0,-1777.7104311712706,1074.5919061197437,2333.4485647896795,2333.4485647896795,-422.0060809569186
2026-04-13T00:00:00Z,2333.766893399338,-147.81841016832664,-147.81841016832664,-147.81841016832664,0,0,0,0,0,0,0,0,0,0,0,0,0,0,0,0,0,0,0,0,0,0,0,0,0,0,0,0,0,0,0,0,0,0,0,0,0,0,0,-549.6456992238352,-549.6456992238352,-549.6456992238352,0,0,0,0,0,0,398.15049898500104,398.15049898500104,398.15049898500104,3.6767900705073675,3.6767900705073675,3.6767900705073675,0,0,0,751.3995765480071,3618.648311640147,2333.766872149348,2333.766893399338,2185.948483231012
2026-04-14T00:00:00Z,2334.0852220089964,277.7888070360991,277.7888070360991,277.7888070360991,0,0,0,0,0,0,0,0,0,0,0,0,0,0,0,0,0,0,0,0,0,0,0,0,0,0,0,0,0,0,0,0,0,0,0,0,0,0,0,-467.12184797506427,-467.12184797506427,-467.12184797506427,0,0,0,0,0,0,733.1039213657228,733.1039213657228,733.1039213657228,11.806733645440312,11.806733645440312,11.806733645440312,0,0,0,1191.9163937909825,4057.9538334360836,2334.073791006386,2334.0852220089964,2611.8740290450955
2026-04-15T00:00:00Z,2334.4035506186547,396.6901499877643,396.6901499877643,396.6901499877643,0,0,0,0,0,0,0,0,0,0,0,0,0,0,0,0,0,0,0,0,0,0,0,0,0,0,0,0,0,0,0,0,0,0,0,0,0,0,0,-424.31080145574384,-424.31080145574384,-424.31080145574384,0,0,0,0,0,0,800.8560034336907,800.8560034336907,800.8560034336907,20.144948009817494,20.144948009817494,20.144948009817494,0,0,0,1225.4209398519008,4076.071828236962,2334.380156374767,2334.4079044755313,2731.093700606419
2026-04-16T00:00:00Z,2334.7218792283134,487.2819453444174,487.2819453444174,487.2819453444174,0,0,0,0,0,0,0,0,0,0,0,0,0,0,0,0,0,0,0,0,0,0,0,0,0,0,0,0,0,0,0,0,0,0,0,0,0,0,0,-346.95529669207843,-346.95529669207843,-346.95529669207843,0,0,0,0,0,0,806.0626646852305,806.0626646852305,806.0626646852305,28.174577351265196,28.174577351265196,28.174577351265196,0,0,0,1361.675010103966,4338.797568734592,2334.685387989669,2334.7336179323033,2822.003824572731
2026-04-17T00:00:00Z,2335.0402078379716,634.7656220109013,634.7656220109013,634.7656220109013,0,0,0,0,0,0,0,0,0,0,0,0,0,0,0,0,0,0,0,0,0,0,0,0,0,0,0,0,0,0,0,0,0,0,0,0,0,0,0,-201.25231202846084,-201.25231202846084,-201.25231202846084,0,0,0,0,0,0,800.6017513977805,800.6017513977805,800.6017513977805,35.41618264158158,35.41618264158158,35.41618264158158,0,0,0,1501.3485464309201,4413.34185051108,2334.9892307553514,2335.058476746255,2969.805829848873
2026-04-18T00:00:00Z,2335.3585364476303,-1474.785421485218,-1474.785421485218,-1474.785421485218,0,0,0,0,0,0,0,0,0,0,0,0,0,0,0,0,0,0,0,0,0,0,0,0,0,0,0,0,0,0,0,0,0,0,0,0,0,0,0,-38.09341029503501,-38.09341029503501,-38.09341029503501,0,0,0,0,0,0,-1478.1331127818978,-1478.1331127818978,-1478.1331127818978,41.441101591715224,41.441101591715224,41.441101591715224,0,0,0,-649.1306979193771,2282.707335655672,2335.292724604861,2335.3869831827383,860.5731149624123
2026-04-19T00:00:00Z,2335.6768650572885,-1954.3201037184956,-1954.3201037184956,-1954.3201037184956,0,0,0,0,0,0,0,0,0,0,0,0,0,0,0,0,0,0,0,0,0,0,0,0,0,0,0,0,0,0,0,0,0,0,0,0,0,0,0,60.438735991572365,60.438735991572365,60.438735991572365,0,0,0,0,0,0,-2060.641727084691,-2060.641727084691,-2060.641727084691,45.88288737462299,45.88288737462299,45.88288737462299,0,0,0,-1103.5583313188572,1838.0764954342394,2335.5976368107563,2335.716906820093,381.3567613387929
2026-04-20T00:00:00Z,2335.9951936669468,520.0491291894092,520.0491291894092,520.0491291894092,0,0,0,0,0,0,0,0,0,0,0,0,0,0,0,0,0,0,0,0,0,0,0,0,0,0,0,0,0,0,0,0,0,0,0,0,0,0,0,73.45207832036164,73.45207832036164,73.45207832036164,0,0,0,0,0,0,398.15049897974666,398.15049897974666,398.15049897974666,48.44655188930094,48.44655188930094,48.44655188930094,0,0,0,1417.5826688336595,4327.9483213346875,2335.89339787072,2336.0458954914807,2856.044322856356
2026-04-21T00:00:00Z,2336.3135222766055,853.7434658713681,853.7434658713681,853.7434658713681,0,0,0,0,0,0,0,0,0,0,0,0,0,0,0,0,0,0,0,0,0,0,0,0,0,0,0,0,0,0,0,0,0,0,0,0,0,0,0,71.72413550385305,71.72413550385305,71.72413550385305,0,0,0,0,0,0,733.1039213657515,733.1039213657515,733.1039213657515,48.91540900176359,48.91540900176359,48.91540900176359,0,0,0,1676.0581605055365,4742.028904607483,2336.1874429313157,2336.377928442639,3190.0569881479737
2026-04-22T00:00:00Z,2336.631850886264,998.0092082953238,998.0092082953238,998.0092082953238,0,0,0,0,0,0,0,0,0,0,0,0,0,0,0,0,0,0,0,0,0,0,0,0,0,0,0,0,0,0,0,0,0,0,0,0,0,0,0,149.99781781720753,149.99781781720753,149.99781781720753,0,0,0,0,0,0,800.8560034328851,800.8560034328851,800.8560034328851,47.15538704523093,47.15538704523093,47.15538704523093,0,0,0,1935.0687494942547,4790.535695644424,2336.482570960779,2336.7202841103617,3334.641059181588
2026-04-23T00:00:00Z,2336.9501794959224,1178.3179559217992,1178.3179559217992,1178.3179559217992,0,0,0,0,0,0,0,0,0,0,0,0,0,0,0,0,0,0,0,0,0,0,0,0,0,0,0,0,0,0,0,0,0,0,0,0,0,0,0,329.13853556978984,329.13853556978984,329.13853556978984,0,0,0,0,0,0,806.0626646846368,806.0626646846368,806.0626646846368,43.11675566737268,43.11675566737268,43.11675566737268,0,0,0,1957.6181178602556,5069.377225591849,2336.782703994165,2337.0529120869305,3515.2681354177216
2026-04-24T00:00:00Z,2337.2685081055806,1369.2583134580286,1369.2583134580286,1369.2583134580286,0,0,0,0,0,0,0,0,0,0,0,0,0,0,0,0,0,0,0,0,0,0,0,0,0,0,0,0,0,0,0,0,0,0,0,0,0,0,0,531.8232743500884,531.8232743500884,531.8232743500884,0,0,0,0,0,0,800.6017514025923,800.6017514025923,800.6017514025923,36.83328770534786,36.83328770534786,36.83328770534786,0,0,0,2313.6261225703547,5174.797838620458,2337.083563925653,2337.389148947505,3706.5268215636092
2026-04-25T00:00:00Z,2337.5868367152393,-787.2190993070454,-787.2190993070454,-787.2190993070454,0,0,0,0,0,0,0,0,0,0,0,0,0,0,0,0,0,0,0,0,0,0,0,0,0,0,0,0,0,0,0,0,0,0,0,0,0,0,0,662.4950635318233,662.4950635318233,662.4950635318233,0,0,0,0,0,0,-1478.133112782899,-1478.133112782899,-1478.133112782899,28.418949944030313,28.418949944030313,28.418949944030313,0,0,0,205.6558031826336,3073.862701594724,2337.374875733572,2337.7316619237235,1550.367737408194
2026-04-26T00:00:00Z,2337.9051653248976,-128.8600071671686,-128.8600071671686,-128.8600071671686,0,0,0,0,0,0,1201.4993759236843,1201.4993759236843,1201.4993759236843,0,0,0,0,0,0,0,0,0,1201.4993759236843,1201.4993759236843,1201.4993759236843,0,0,0,0,0,0,0,0,0,0,0,0,0,0,0,0,0,0,712.2200586280086,712.2200586280086,712.2200586280086,0,0,0,0,0,0,-2060.6417270823404,-2060.6417270823404,-2060.6417270823404,18.06228536347867,18.06228536347867,18.06228536347867,0,0,0,857.7471610063973,3572.0120539189156,2337.6711267892306,2338.0728731312574,2209.045158157729
2026-04-27T00:00:00Z,2338.2234939345562,2380.7271419711446,2380.7271419711446,2380.7271419711446,0,0,0,0,0,0,1201.4993759236843,1201.4993759236843,1201.4993759236843,0,0,0,0,0,0,0,0,0,1201.4993759236843,1201.4993759236843,1201.4993759236843,0,0,0,0,0,0,0,0,0,0,0,0,0,0,0,0,0,0,775.0585551648152,775.0585551648152,775.0585551648152,0,0,0,0,0,0,398.15049898032566,398.15049898032566,398.15049898032566,6.018711902319006,6.018711902319006,6.018711902319006,0,0,0,3236.468836922502,6271.393888283563,2337.976233205643,2338.410038051054,4718.950635905701
2026-04-28T00:00:00Z,2338.5418225442145,2872.7403206944036,2872.7403206944036,2872.7403206944036,0,0,0,0,0,0,1201.4993759236843,1201.4993759236843,1201.4993759236843,0,0,0,0,0,0,0,0,0,1201.4993759236843,1201.4993759236843,1201.4993759236843,0,0,0,0,0,0,0,0,0,0,0,0,0,0,0,0,0,0,945.5360061916739,945.5360061916739,945.5360061916739,0,0,0,0,0,0,733.1039213654581,733.1039213654581,733.1039213654581,-7.398982786412809,-7.398982786412809,-7.398982786412809,0,0,0,3832.4048478728637,6742.763909517671,2338.279501970399,2338.7524824127286,5211.282143238618
2026-04-29T00:00:00Z,2338.8601511538727,5684.42493796063,5684.42493796063,5684.42493796063,0,0,0,0,0,0,3715.290483842817,3715.290483842817,3715.290483842817,0,0,0,2513.791107919133,2513.791107919133,2513.791107919133,0,0,0,1201.4993759236843,1201.4993759236843,1201.4993759236843,0,0,0,0,0,0,0,0,0,0,0,0,0,0,0,0,0,0,1190.1100767082687,1190.1100767082687,1190.1100767082687,0,0,0,0,0,0,800.8560034332642,800.8560034332642,800.8560034332642,-21.83162602371995,-21.83162602371995,-21.83162602371995,0,0,0,6566.110643877108,9469.914150421555,2338.580156720441,2339.0907212020943,8023.285089114503
2026-04-30T00:00:00Z,2339.1784797635314,8316.418958636603,8316.418958636603,8316.418958636603,0,0,0,0,0,0,6221.093231655167,6221.093231655167,6221.093231655167,0,0,0,0,0,0,5019.593855731483,5019.593855731483,5019.593855731483,1201.4993759236843,1201.4993759236843,1201.4993759236843,0,0,0,0,0,0,0,0,0,0,0,0,0,0,0,0,0,0,1326.1488273482207,1326.1488273482207,1326.1488273482207,0,0,0,0,0,0,806.062664682792,806.062664682792,806.062664682792,-36.88576504957524,-36.88576504957524,-36.88576504957524,0,0,0,9377.372287238188,12080.549854997718,2338.8697470047036,2339.4322157539677,10655.597438400135
2026-05-01T00:00:00Z,2339.4968083731897,-398.734089514812,-398.734089514812,-398.734089514812,0,0,0,0,0,0,-615.221000053812,-615.221000053812,-615.221000053812,-1683.3583639625576,-1683.3583639625576,-1683.3583639625576,0,0,0,0,0,0,0,0,0,0,0,0,-615.221000053812,-615.221000053812,-615.221000053812,0,0,0,0,0,0,0,0,0,-1683.3583639625576,-1683.3583639625576,-1683.3583639625576,1151.3900327235876,1151.3900327235876,1151.3900327235876,0,0,0,0,0,0,800.6017514009932,800.6017514009932,800.6017514009932,-52.14650962302366,-52.14650962302366,-52.14650962302366,0,0,0,517.6413535758859,3443.8035132308464,2339.1549641374663,2339.7767114789754,1940.7627188583776
2026-05-02T00:00:00Z,2339.8151369828483,-1674.484414803492,-1674.484414803492,-1674.484414803492,0,0,0,0,0,0,-752.8897151972958,-752.8897151972958,-752.8897151972958,0,0,0,0,0,0,0,0,0,0,0,0,-752.8897151972958,-752.8897151972958,-752.8897151972958,0,0,0,0,0,0,0,0,0,0,0,0,0,0,0,623.7291310992881,623.7291310992881,623.7291310992881,0,0,0,0,0,0,-1478.1331127859553,-1478.1331127859553,-1478.1331127859553,-67.1907179195294,-67.1907179195294,-67.1907179195294,0,0,0,-726.2904052548195,2123.829537207971,2339.4367728894567,2340.1234307630357,665.3307221793564
2026-05-03T00:00:00Z,2340.133465592507,-2852.5374345673713,-2852.5374345673713,-2852.5374345673713,0,0,0,0,0,0,-641.1967284672644,-641.1967284672644,-641.1967284672644,0,0,0,0,0,0,0,0,0,0,0,0,0,0,0,0,0,0,-641.1967284672644,-641.1967284672644,-641.1967284672644,0,0,0,0,0,0,0,0,0,-69.09884770220376,-69.09884770220376,-69.09884770220376,0,0,0,0,0,0,-2060.6417270835723,-2060.6417270835723,-2060.6417270835723,-81.6001313143307,-81.6001313143307,-81.6001313143307,0,0,0,-2021.7153588562242,1067.4060055975783,2339.720968090696,2340.4672819881916,-512.4039689748643
2026-05-04T00:00:00Z,2340.4517942021657,-962.2923567949841,-962.2923567949841,-962.2923567949841,0,0,0,0,0,0,-641.1967284672644,-641.1967284672644,-641.1967284672644,0,0,0,0,0,0,0,0,0,0,0,0,0,0,0,0,0,0,-641.1967284672644,-641.1967284672644,-641.1967284672644,0,0,0,0,0,0,0,0,0,-624.2720522549005,-624.2720522549005,-624.2720522549005,0,0,0,0,0,0,398.1504989809049,398.1504989809049,398.1504989809049,-94.97407505372409,-94.97407505372409,-94.97407505372409,0,0,0,-37.04561371108647,2784.7140853326223,2340.0110851262807,2340.8086977459075,1378.1594374071815
2026-05-05T00:00:00Z,2340.770122811824,-852.4407345889824,-852.4407345889824,-852.4407345889824,0,0,0,0,0,0,-641.1967284672644,-641.1967284672644,-641.1967284672644,0,0,0,0,0,0,0,0,0,0,0,0,0,0,0,0,0,0,-641.1967284672644,-641.1967284672644,-641.1967284672644,0,0,0,0,0,0,0,0,0,-837.4065634153637,-837.4065634153637,-837.4065634153637,0,0,0,0,0,0,733.1039213663776,733.1039213663776,733.1039213663776,-106.94136407273173,-106.94136407273173,-106.94136407273173,0,0,0,64.07915087655684,2925.76054373542,2340.2884681255227,2341.1479771731283,1488.3293882228415
2026-05-06T00:00:00Z,2341.0884514214827,-697.3944512175698,-697.3944512175698,-697.3944512175698,0,0,0,0,0,0,-641.1967284672644,-641.1967284672644,-641.1967284672644,0,0,0,0,0,0,0,0,0,0,0,0,0,0,0,0,0,0,-641.1967284672644,-641.1967284672644,-641.1967284672644,0,0,0,0,0,0,0,0,0,-739.8826407440994,-739.8826407440994,-739.8826407440994,0,0,0,0,0,0,800.8560034330507,800.8560034330507,800.8560034330507,-117.171085439257,-117.171085439257,-117.171085439257,0,0,0,181.33744256096924,3091.4976641100466,2340.558867666679,2341.5047139796347,1643.6940002039128
2026-05-07T00:00:00Z,2341.406780031141,-509.6309118679029,-509.6309118679029,-509.6309118679029,0,0,0,0,0,0,-641.1967284672644,-641.1967284672644,-641.1967284672644,0,0,0,0,0,0,0,0,0,0,0,0,0,0,0,0,0,0,-641.1967284672644,-641.1967284672644,-641.1967284672644,0,0,0,0,0,0,0,0,0,-549.1148781829384,-549.1148781829384,-549.1148781829384,0,0,0,0,0,0,806.0626646835879,806.0626646835879,806.0626646835879,-125.38196990128817,-125.38196990128817,-125.38196990128817,0,0,0,347.8499595481217,3209.640210326279,2340.8466761378977,2341.8635156280902,1831.775868163238
2026-05-08T00:00:00Z,2341.725108640799,187.72372413021802,187.72372413021802,187.72372413021802,0,0,0,0,0,0,0,0,0,0,0,0,0,0,0,0,0,0,0,0,0,0,0,0,0,0,0,0,0,0,0,0,0,0,0,0,0,0,0,-481.52791387544255,-481.52791387544255,-481.52791387544255,0,0,0,0,0,0,800.6017514013054,800.6017514013054,800.6017514013054,-131.350113395645,-131.350113395645,-131.350113395645,0,0,0,1043.1202743936665,3977.2426005567922,2341.1246517009167,2342.2171486917377,2529.4488327710174
2026-05-09T00:00:00Z,2342.043437250458,-2203.810227179699,-2203.810227179699,-2203.810227179699,0,0,0,0,0,0,0,0,0,0,0,0,0,0,0,0,0,0,0,0,0,0,0,0,0,0,0,0,0,0,0,0,0,0,0,0,0,0,0,-590.7622508515182,-590.7622508515182,-590.7622508515182,0,0,0,0,0,0,-1478.1331127849012,-1478.1331127849012,-1478.1331127849012,-134.91486354327978,-134.91486354327978,-134.91486354327978,0,0,0,-1316.3448282342172,1472.1185575198162,2341.4186182998833,2342.567354765823,138.23321007075901
2026-05-10T00:00:00Z,2342.361765860116,-2956.7257744637236,-2956.7257744637236,-2956.7257744637236,0,0,0,0,0,0,0,0,0,0,0,0,0,0,0,0,0,0,0,0,0,0,0,0,0,0,0,0,0,0,0,0,0,0,0,0,0,0,0,-760.1013029937434,-760.1013029937434,-760.1013029937434,0,0,0,0,0,0,-2060.6417270812217,-2060.6417270812217,-2060.6417270812217,-135.98274438875853,-135.98274438875853,-135.98274438875853,0,0,0,-2107.8919968105874,940.697825428275,2341.7090516928706,2342.9119969772464,-614.3640086036075
2026-05-11T00:00:00Z,2342.6800944697748,-571.3308121405732,-571.3308121405732,-571.3308121405732,0,0,0,0,0,0,0,0,0,0,0,0,0,0,0,0,0,0,0,0,0,0,0,0,0,0,0,0,0,0,0,0,0,0,0,0,0,0,0,-834.9519579985357,-834.9519579985357,-834.9519579985357,0,0,0,0,0,0,398.1504989838303,398.1504989838303,398.1504989838303,-134.52935312586789,-134.52935312586789,-134.52935312586789,0,0,0,327.923069422443,3237.118422798279,2341.983502684702,2343.260527189216,1771.3492823292015
2026-05-12T00:00:00Z,2342.998423079433,-159.97849028074518,-159.97849028074518,-159.97849028074518,0,0,0,0,0,0,0,0,0,0,0,0,0,0,0,0,0,0,0,0,0,0,0,0,0,0,0,0,0,0,0,0,0,0,0,0,0,0,0,-762.4831881822563,-762.4831881822563,-762.4831881822563,0,0,0,0,0,0,733.1039213660838,733.1039213660838,733.1039213660838,-130.59922346457267,-130.59922346457267,-130.59922346457267,0,0,0,675.1029332936063,3644.8807972444506,2342.256537575232,2343.60991995275,2183.019932798688
2026-05-13T00:00:00Z,2343.3167516890912,60.70809321270586,60.70809321270586,60.70809321270586,0,0,0,0,0,0,0,0,0,0,0,0,0,0,0,0,0,0,0,0,0,0,0,0,0,0,0,0,0,0,0,0,0,0,0,0,0,0,0,-615.8442004086189,-615.8442004086189,-615.8442004086189,0,0,0,0,0,0,800.8560034334297,800.8560034334297,800.8560034334297,-124.30370981210538,-124.30370981210538,-124.30370981210538,0,0,0,1035.563126503596,3906.553377626899,2342.52462167076,2343.9377601258598,2404.024844901797
2026-05-14T00:00:00Z,2343.63508029875,190.30983340499756,190.30983340499756,190.30983340499756,0,0,0,0,0,0,0,0,0,0,0,0,0,0,0,0,0,0,0,0,0,0,0,0,0,0,0,0,0,0,0,0,0,0,0,0,0,0,0,-499.93582841342004,-499.93582841342004,-499.93582841342004,0,0,0,0,0,0,806.0626646843837,806.0626646843837,806.0626646843837,-115.81700286596624,-115.81700286596624,-115.81700286596624,0,0,0,1125.6116629454357,4012.0876209823923,2342.793115938786,2344.289432323694,2533.9449137037473
2026-05-15T00:00:00Z,2343.953408908408,250.00991454457184,250.00991454457184,250.00991454457184,0,0,0,0,0,0,0,0,0,0,0,0,0,0,0,0,0,0,0,0,0,0,0,0,0,0,0,0,0,0,0,0,0,0,0,0,0,0,0,-445.2213979304701,-445.2213979304701,-445.2213979304701,0,0,0,0,0,0,800.6017514016179,800.6017514016179,800.6017514016179,-105.3704389265761,-105.3704389265761,-105.3704389265761,0,0,0,986.6332075657601,4036.678699180583,2343.0699102136005,2344.6220257136856,2593.96332345298
2026-05-16T00:00:00Z,2344.271737518067,-1965.387900816981,-1965.387900816981,-1965.387900816981,0,0,0,0,0,0,0,0,0,0,0,0,0,0,0,0,0,0,0,0,0,0,0,0,0,0,0,0,0,0,0,0,0,0,0,0,0,0,0,-394.0094772028802,-394.0094772028802,-394.0094772028802,0,0,0,0,0,0,-1478.1331127798674,-1478.1331127798674,-1478.1331127798674,-93.24531083423358,-93.24531083423358,-93.24531083423358,0,0,0,-1043.580152107588,1842.3946945908142,2343.32360875266,2344.9892310243463,378.8838367010858
2026-05-17T00:00:00Z,2344.590066127725,-2421.666753701037,-2421.666753701037,-2421.666753701037,0,0,0,0,0,0,0,0,0,0,0,0,0,0,0,0,0,0,0,0,0,0,0,0,0,0,0,0,0,0,0,0,0,0,0,0,0,0,0,-281.2605999040516,-281.2605999040516,-281.2605999040516,0,0,0,0,0,0,-2060.641727080663,-2060.641727080663,-2060.641727080663,-79.76442671632232,-79.76442671632232,-79.76442671632232,0,0,0,-1604.2834873036506,1401.4169174586668,2343.6036074996614,2345.3475100598034,-77.07668757331203
2026-05-18T00:00:00Z,2344.908394737384,216.56667887519131,216.56667887519131,216.56667887519131,0,0,0,0,0,0,0,0,0,0,0,0,0,0,0,0,0,0,0,0,0,0,0,0,0,0,0,0,0,0,0,0,0,0,0,0,0,0,0,-116.30112739193822,-116.30112739193822,-116.30112739193822,0,0,0,0,0,0,398.15049898440947,398.15049898440947,398.15049898440947,-65.28269271727987,-65.28269271727987,-65.28269271727987,0,0,0,1078.7926495222355,4008.330482905075,2343.889311038515,2345.7083199626404,2561.475073612575
2026-05-19T00:00:00Z,2345.226723347042,705.783430321671,705.783430321671,705.783430321671,0,0,0,0,0,0,0,0,0,0,0,0,0,0,0,0,0,0,0,0,0,0,0,0,0,0,0,0,0,0,0,0,0,0,0,0,0,0,0,22.856525882409247,22.856525882409247,22.856525882409247,0,0,0,0,0,0,733.1039213661124,733.1039213661124,733.1039213661124,-50.17701692685061,-50.17701692685061,-50.17701692685061,0,0,0,1578.7588166125379,4584.905928955004,2344.170502346804,2346.066111036208,3051.010153668713
2026-05-20T00:00:00Z,2345.5450519567007,840.9982902177458,840.9982902177458,840.9982902177458,0,0,0,0,0,0,0,0,0,0,0,0,0,0,0,0,0,0,0,0,0,0,0,0,0,0,0,0,0,0,0,0,0,0,0,0,0,0,0,74.97813015706105,74.97813015706105,74.97813015706105,0,0,0,0,0,0,800.8560034326244,800.8560034326244,800.8560034326244,-34.835843371939575,-34.835843371939575,-34.835843371939575,0,0,0,1681.4963476556982,4690.548461948803,2344.4400273997217,2346.422992909723,3186.5433421744465
2026-05-21T00:00:00Z,2345.863380566359,854.2078816021301,854.2078816021301,854.2078816021301,0,0,0,0,0,0,0,0,0,0,0,0,0,0,0,0,0,0,0,0,0,0,0,0,0,0,0,0,0,0,0,0,0,0,0,0,0,0,0,67.79384405073884,67.79384405073884,67.79384405073884,0,0,0,0,0,0,806.0626646811494,806.0626646811494,806.0626646811494,-19.648627129758204,-19.648627129758204,-19.648627129758204,0,0,0,1739.8750098570486,4630.383681578234,2344.6917238248902,2346.7635481342127,3200.071262168489
2026-05-22T00:00:00Z,2346.181709176017,892.5859159872167,892.5859159872167,892.5859159872167,0,0,0,0,0,0,0,0,0,0,0,0,0,0,0,0,0,0,0,0,0,0,0,0,0,0,0,0,0,0,0,0,0,0,0,0,0,0,0,96.97971907557282,96.97971907557282,96.97971907557282,0,0,0,0,0,0,800.6017513981072,800.6017513981072,800.6017513981072,-4.995554486463386,-4.995554486463386,-4.995554486463386,0,0,0,1716.1788630404924,4720.38744669357,2344.941115628893,2347.141354109142,3238.767625163234
2026-05-23T00:00:00Z,2346.500037785676,-1239.3593278820429,-1239.3593278820429,-1239.3593278820429,0,0,0,0,0,0,0,0,0,0,0,0,0,0,0,0,0,0,0,0,0,0,0,0,0,0,0,0,0,0,0,0,0,0,0,0,0,0,0,230.01158099539578,230.01158099539578,230.01158099539578,0,0,0,0,0,0,-1478.1331127808685,-1478.1331127808685,-1478.1331127808685,8.76220390343007,8.76220390343007,8.76220390343007,0,0,0,-305.3135017937325,2551.2137959479614,2345.2117907100796,2347.5010663057665,1107.140709903633
2026-05-24T00:00:00Z,2346.818366395334,-1604.852103315313,-1604.852103315313,-1604.852103315313,0,0,0,0,0,0,0,0,0,0,0,0,0,0,0,0,0,0,0,0,0,0,0,0,0,0,0,0,0,0,0,0,0,0,0,0,0,0,0,434.498180743522,434.498180743522,434.498180743522,0,0,0,0,0,0,-2060.64172708543,-2060.64172708543,-2060.64172708543,21.291443026594603,21.291443026594603,21.291443026594603,0,0,0,-717.60385091878,2311.672417654825,2345.4804956259377,2347.8599762685476,741.9662630800212
2026-05-25T00:00:00Z,2347.136695004993,1040.0338703194175,1040.0338703194175,1040.0338703194175,0,0,0,0,0,0,0,0,0,0,0,0,0,0,0,0,0,0,0,0,0,0,0,0,0,0,0,0,0,0,0,0,0,0,0,0,0,0,0,609.5885271514077,609.5885271514077,609.5885271514077,0,0,0,0,0,0,398.15049898616184,398.15049898616184,398.15049898616184,32.29484418184803,32.29484418184803,32.29484418184803,0,0,0,1918.58234980461,4856.617518184477,2345.756059838493,2348.2199373841804,3387.1705653244103
2026-05-26T00:00:00Z,2347.455023614651,1467.8992817164906,1467.8992817164906,1467.8992817164906,0,0,0,0,0,0,0,0,0,0,0,0,0,0,0,0,0,0,0,0,0,0,0,0,0,0,0,0,0,0,0,0,0,0,0,0,0,0,0,693.2776891548564,693.2776891548564,693.2776891548564,0,0,0,0,0,0,733.1039213654964,733.1039213654964,733.1039213654964,41.517671196138025,41.517671196138025,41.517671196138025,0,0,0,2434.943391730929,5317.93669420732,2346.0295177159387,2348.579898499814,3815.3543053311414
2026-05-27T00:00:00Z,2347.7733522243093,-69.41635369417133,-69.41635369417133,-69.41635369417133,0,0,0,0,0,0,1201.4993759236843,1201.4993759236843,1201.4993759236843,-2854.8919236653896,-2854.8919236653896,-2854.8919236653896,0,0,0,0,0,0,1201.4993759236843,1201.4993759236843,1201.4993759236843,0,0,0,0,0,0,0,0,0,0,0,0,0,0,0,0,0,0,734.3671013732551,734.3671013732551,734.3671013732551,-2854.8919236653896,-2854.8919236653896,-2854.8919236653896,0,0,0,800.8560034334354,800.8560034334354,800.8560034334354,48.75308924084334,48.75308924084334,48.75308924084334,0,0,0,787.0481658621587,3585.724742152655,2346.304016479245,2348.9389546621255,2278.356998530138
2026-05-28T00:00:00Z,2348.091680833968,2016.6684328760687,2016.6684328760687,2016.6684328760687,0,0,0,0,0,0,1201.4993759236843,1201.4993759236843,1201.4993759236843,-889.6430846252604,-889.6430846252604,-889.6430846252604,0,0,0,0,0,0,1201.4993759236843,1201.4993759236843,1201.4993759236843,0,0,0,0,0,0,0,0,0,0,0,0,0,0,0,0,0,0,844.9034780601876,844.9034780601876,844.9034780601876,-889.6430846252604,-889.6430846252604,-889.6430846252604,0,0,0,806.0626646833349,806.0626646833349,806.0626646833349,53.845998834122334,53.845998834122334,53.845998834122334,0,0,0,2975.9928986778295,5821.9997867488,2346.5604253362853,2349.2919883617687,4364.760113710036
2026-05-29T00:00:00Z,2348.410009443626,3120.1250900788914,3120.1250900788914,3120.1250900788914,0,0,0,0,0,0,1201.4993759236843,1201.4993759236843,1201.4993759236843,-6.039984411555587,-6.039984411555587,-6.039984411555587,0,0,0,0,0,0,1201.4993759236843,1201.4993759236843,1201.4993759236843,0,0,0,0,0,0,0,0,0,0,0,0,0,0,0,0,0,0,1067.3686221244568,1067.3686221244568,1067.3686221244568,-6.039984411555587,-6.039984411555587,-6.039984411555587,0,0,0,800.6017513984194,800.6017513984194,800.6017513984194,56.69532504388724,56.69532504388724,56.69532504388724,0,0,0,4024.148788773167,6965.056706159944,2346.832388703004,2349.64486824263,5468.535099522518
2026-05-30T00:00:00Z,2348.728338053285,3529.7805781034776,3529.7805781034776,3529.7805781034776,0,0,0,0,0,0,3715.290483842817,3715.290483842817,3715.290483842817,-50.77685507663604,-50.77685507663604,-50.77685507663604,2513.791107919133,2513.791107919133,2513.791107919133,0,0,0,1201.4993759236843,1201.4993759236843,1201.4993759236843,0,0,0,0,0,0,0,0,0,0,0,0,0,0,0,0,0,0,1286.1453123980211,1286.1453123980211,1286.1453123980211,-50.77685507663604,-50.77685507663604,-50.77685507663604,0,0,0,-1478.1331127818694,-1478.1331127818694,-1478.1331127818694,57.25474972114521,57.25474972114521,57.25474972114521,0,0,0,4502.6903060142895,7258.401557720636,2347.0963543655516,2349.9934087231036,5878.508916156763
2026-05-31T00:00:00Z,2349.046666662943,3298.7106092792114,3298.7106092792114,3298.7106092792114,0,0,0,0,0,0,6221.093231655167,6221.093231655167,6221.093231655167,-2202.977326500854,-2202.977326500854,-2202.977326500854,0,0,0,5019.593855731483,5019.593855731483,5019.593855731483,1201.4993759236843,1201.4993759236843,1201.4993759236843,0,0,0,0,0,0,0,0,0,0,0,0,0,0,0,-1683.3583639625576,-1683.3583639625576,-1683.3583639625576,1285.7045098847113,1285.7045098847113,1285.7045098847113,-519.6189625382964,-519.6189625382964,-519.6189625382964,0,0,0,-2060.6417270848697,-2060.6417270848697,-2060.6417270848697,55.5319213250562,55.5319213250562,55.5319213250562,0,0,0,4145.441408871232,7056.929942828486,2347.3682292685858,2350.3621774904705,5647.757275942155
2026-06-01T00:00:00Z,2349.364995272602,-1370.1358561407292,-1370.1358561407292,-1370.1358561407292,0,0,0,0,0,0,-615.221000053812,-615.221000053812,-615.221000053812,-2129.4919425731214,-2129.4919425731214,-2129.4919425731214,0,0,0,0,0,0,0,0,0,0,0,0,-615.221000053812,-615.221000053812,-615.221000053812,0,0,0,0,0,0,0,0,0,-1683.3583639625576,-1683.3583639625576,-1683.3583639625576,924.8403663627035,924.8403663627035,924.8403663627035,-446.1335786105635,-446.1335786105635,-446.1335786105635,0,0,0,398.15049897856113,398.15049897856113,398.15049897856113,51.58622114493937,51.58622114493937,51.58622114493937,0,0,0,-560.2582748987817,2412.9534257557557,2347.6399461172705,2350.736436049275,979.2291391318727
2026-06-02T00:00:00Z,2349.6833238822605,-1526.5853855181292,-1526.5853855181292,-1526.5853855181292,0,0,0,0,0,0,-752.8897151972958,-752.8897151972958,-752.8897151972958,-1831.6271444964564,-1831.6271444964564,-1831.6271444964564,0,0,0,0,0,0,0,0,0,-752.8897151972958,-752.8897151972958,-752.8897151972958,0,0,0,0,0,0,0,0,0,0,0,0,-1683.3583639625576,-1683.3583639625576,-1683.3583639625576,279.3023476248053,279.3023476248053,279.3023476248053,-148.26878053389868,-148.26878053389868,-148.26878053389868,0,0,0,733.1039213655251,733.1039213655251,733.1039213655251,45.52520518529254,45.52520518529254,45.52520518529254,0,0,0,-690.6288654158238,2248.8154161773173,2347.8920415235116,2351.1197810969866,823.0979383641313
2026-06-03T00:00:00Z,2350.0016524919192,-464.70897516232907,-464.70897516232907,-464.70897516232907,0,0,0,0,0,0,-641.1967284672644,-641.1967284672644,-641.1967284672644,-280.49194230438866,-280.49194230438866,-280.49194230438866,0,0,0,0,0,0,0,0,0,0,0,0,0,0,0,-641.1967284672644,-641.1967284672644,-641.1967284672644,0,0,0,0,0,0,0,0,0,-381.37618433342175,-381.37618433342175,-381.37618433342175,-280.49194230438866,-280.49194230438866,-280.49194230438866,0,0,0,800.8560034332221,800.8560034332221,800.8560034332221,37.4998765095234,37.4998765095234,37.4998765095234,0,0,0,419.6144139832899,3398.058500901213,2348.17162254159,2351.4779591399233,1885.29267732959
2026-06-04T00:00:00Z,2350.3199811015775,-584.985810402243,-584.985810402243,-584.985810402243,0,0,0,0,0,0,-641.1967284672644,-641.1967284672644,-641.1967284672644,0,0,0,0,0,0,0,0,0,0,0,0,0,0,0,0,0,0,-641.1967284672644,-641.1967284672644,-641.1967284672644,0,0,0,0,0,0,0,0,0,-777.5507191043649,-777.5507191043649,-777.5507191043649,0,0,0,0,0,0,806.0626646827408,806.0626646827408,806.0626646827408,27.69897248664531,27.69897248664531,27.69897248664531,0,0,0,219.7874800750156,3182.3395298302416,2348.4522580676485,2351.829419035128,1765.3341706993344
2026-06-05T00:00:00Z,2350.6383097112357,-640.6345977849304,-640.6345977849304,-640.6345977849304,0,0,0,0,0,0,-641.1967284672644,-641.1967284672644,-641.1967284672644,0,0,0,0,0,0,0,0,0,0,0,0,0,0,0,0,0,0,-641.1967284672644,-641.1967284672644,-641.1967284672644,0,0,0,0,0,0,0,0,0,-816.3820950876179,-816.3820950876179,-816.3820950876179,0,0,0,0,0,0,800.6017513968201,800.6017513968201,800.6017513968201,16.342474373131893,16.342474373131893,16.342474373131893,0,0,0,149.8469864844919,3152.3151363723564,2348.719225879489,2352.1736768844894,1710.0037119263052
2026-06-06T00:00:00Z,2350.9566383208944,-2755.804913786784,-2755.804913786784,-2755.804913786784,0,0,0,0,0,0,-641.1967284672644,-641.1967284672644,-641.1967284672644,0,0,0,0,0,0,0,0,0,0,0,0,0,0,0,0,0,0,-641.1967284672644,-641.1967284672644,-641.1967284672644,0,0,0,0,0,0,0,0,0,-640.1496350298864,-640.1496350298864,-640.1496350298864,0,0,0,0,0,0,-1478.1331127828705,-1478.1331127828705,-1478.1331127828705,3.6745624932370333,3.6745624932370333,3.6745624932370333,0,0,0,-1938.8389750219103,1084.7302168984857,2349.002553265658,2352.530275960718,-404.8482754658894
2026-06-07T00:00:00Z,2351.2749669305526,-3203.654657212899,-3203.654657212899,-3203.654657212899,0,0,0,0,0,0,-641.1967284672644,-641.1967284672644,-641.1967284672644,0,0,0,0,0,0,0,0,0,0,0,0,0,0,0,0,0,0,-641.1967284672644,-641.1967284672644,-641.1967284672644,0,0,0,0,0,0,0,0,0,-491.77245029688964,-491.77245029688964,-491.77245029688964,0,0,0,0,0,0,-2060.6417270825195,-2060.6417270825195,-2060.6417270825195,-10.043751366225964,-10.043751366225964,-10.043751366225964,0,0,0,-2315.2152987876966,608.0759674086265,2349.2826847483047,2352.883716690461,-852.3796902823465
2026-06-08T00:00:00Z,2351.5932955402113,-144.85864275853226,-144.85864275853226,-144.85864275853226,0,0,0,0,0,0,0,0,0,0,0,0,0,0,0,0,0,0,0,0,0,0,0,0,0,0,0,0,0,0,0,0,0,0,0,0,0,0,0,-518.467059863252,-518.467059863252,-518.467059863252,0,0,0,0,0,0,398.15049898148646,398.15049898148646,398.15049898148646,-24.542081876766755,-24.542081876766755,-24.542081876766755,0,0,0,831.6630689014839,3654.4903877736583,2349.512542158963,2353.2437619868965,2206.734652781679
2026-06-09T00:00:00Z,2351.9116241498696,14.871032536614868,14.871032536614868,14.871032536614868,0,0,0,0,0,0,0,0,0,0,0,0,0,0,0,0,0,0,0,0,0,0,0,0,0,0,0,0,0,0,0,0,0,0,0,0,0,0,0,-678.6848964191296,-678.6848964191296,-678.6848964191296,0,0,0,0,0,0,733.1039213655538,733.1039213655538,733.1039213655538,-39.54799240980945,-39.54799240980945,-39.54799240980945,0,0,0,962.2972399166309,3757.3246868510814,2349.803069411563,2353.6081560282346,2366.7826566864846
2026-06-10T00:00:00Z,2352.229952759528,-69.97380350549103,-69.97380350549103,-69.97380350549103,0,0,0,0,0,0,0,0,0,0,0,0,0,0,0,0,0,0,0,0,0,0,0,0,0,0,0,0,0,0,0,0,0,0,0,0,0,0,0,-816.0358379696405,-816.0358379696405,-816.0358379696405,0,0,0,0,0,0,800.8560034330089,800.8560034330089,800.8560034330089,-54.7939689688592,-54.7939689688592,-54.7939689688592,0,0,0,808.492790008656,3721.969630133828,2350.068563768876,2353.9672095672186,2282.2561492540367
2026-06-11T00:00:00Z,2352.5482813691865,-78.75961395373682,-78.75961395373682,-78.75961395373682,0,0,0,0,0,0,0,0,0,0,0,0,0,0,0,0,0,0,0,0,0,0,0,0,0,0,0,0,0,0,0,0,0,0,0,0,0,0,0,-814.7984258140661,-814.7984258140661,-814.7984258140661,0,0,0,0,0,0,806.0626646835365,806.0626646835365,806.0626646835365,-70.02385282320763,-70.02385282320763,-70.02385282320763,0,0,0,760.9216734119518,3676.258884949679,2350.351390504021,2354.308709216774,2273.7886674154497
2026-06-12T00:00:00Z,2352.8666099788447,24.495822500705465,24.495822500705465,24.495822500705465,0,0,0,0,0,0,0,0,0,0,0,0,0,0,0,0,0,0,0,0,0,0,0,0,0,0,0,0,0,0,0,0,0,0,0,0,0,0,0,-691.1073649493351,-691.1073649493351,-691.1073649493351,0,0,0,0,0,0,800.6017514016319,800.6017514016319,800.6017514016319,-84.99856395159118,-84.99856395159118,-84.99856395159118,0,0,0,918.1254579674533,3742.9688240038754,2350.6329148256505,2354.650838182421,2377.36243247955
2026-06-13T00:00:00Z,2353.1849385885034,-2127.2797889913268,-2127.2797889913268,-2127.2797889913268,0,0,0,0,0,0,0,0,0,0,0,0,0,0,0,0,0,0,0,0,0,0,0,0,0,0,0,0,0,0,0,0,0,0,0,0,0,0,0,-549.6456992233793,-549.6456992233793,-549.6456992233793,0,0,0,0,0,0,-1478.133112785927,-1478.133112785927,-1478.133112785927,-99.50097698202022,-99.50097698202022,-99.50097698202022,0,0,0,-1169.7202093223534,1682.9660753705941,2350.895718807279,2355.046554387056,225.90514959717666
2026-06-14T00:00:00Z,2353.5032671981617,-2641.10341935993,-2641.10341935993,-2641.10341935993,0,0,0,0,0,0,0,0,0,0,0,0,0,0,0,0,0,0,0,0,0,0,0,0,0,0,0,0,0,0,0,0,0,0,0,0,0,0,0,-467.1218479750581,-467.1218479750581,-467.1218479750581,0,0,0,0,0,0,-2060.6417270837514,-2060.6417270837514,-2060.6417270837514,-113.33984430112018,-113.33984430112018,-113.33984430112018,0,0,0,-1856.9338655818513,1088.3723314442184,2351.1571309595115,2355.4091846831284,-287.60015216176816
2026-06-15T00:00:00Z,2353.8215958078204,-152.51299867847894,-152.51299867847894,-152.51299867847894,0,0,0,0,0,0,0,0,0,0,0,0,0,0,0,0,0,0,0,0,0,0,0,0,0,0,0,0,0,0,0,0,0,0,0,0,0,0,0,-424.310801456294,-424.310801456294,-424.310801456294,0,0,0,0,0,0,398.1504989820658,398.1504989820658,398.1504989820658,-126.35269620425063,-126.35269620425063,-126.35269620425063,0,0,0,714.586690234361,3737.862136648092,2351.4162399677266,2355.7788249652644,2201.3085971293413
2026-06-16T00:00:00Z,2354.1399244174786,247.74094049413515,247.74094049413515,247.74094049413515,0,0,0,0,0,0,0,0,0,0,0,0,0,0,0,0,0,0,0,0,0,0,0,0,0,0,0,0,0,0,0,0,0,0,0,0,0,0,0,-346.95529669209134,-346.95529669209134,-346.95529669209134,0,0,0,0,0,0,733.1039213649378,733.1039213649378,733.1039213649378,-138.40768417871115,-138.40768417871115,-138.40768417871115,0,0,0,1196.7694229029194,4131.211784527359,2351.667735120631,2356.173974892458,2601.8808649116136
2026-06-17T00:00:00Z,2354.4582530271373,-1233.1590419689282,-1233.1590419689282,-1233.1590419689282,0,0,0,0,0,0,0,0,0,-1683.3583639625576,-1683.3583639625576,-1683.3583639625576,0,0,0,0,0,0,0,0,0,0,0,0,0,0,0,0,0,0,0,0,0,0,0,0,-1683.3583639625576,-1683.3583639625576,-1683.3583639625576,-201.25231202908293,-201.25231202908293,-201.25231202908293,0,0,0,0,0,0,800.8560034332278,800.8560034332278,800.8560034332278,-149.4043694105153,-149.4043694105153,-149.4043694105153,0,0,0,-409.4203243589295,2522.47940622703,2351.9363718133136,2356.544783865332,1121.299211058209
2026-06-18T00:00:00Z,2354.7765816367955,608.6957611692497,608.6957611692497,608.6957611692497,0,0,0,0,0,0,0,0,0,0,0,0,0,0,0,0,0,0,0,0,0,0,0,0,0,0,0,0,0,0,0,0,0,0,0,0,0,0,0,-38.09341029521433,-38.09341029521433,-38.09341029521433,0,0,0,0,0,0,806.0626646829428,806.0626646829428,806.0626646829428,-159.27349321847896,-159.27349321847896,-159.27349321847896,0,0,0,1450.3437642434328,4411.905213408239,2352.207853258028,2356.9107763646525,2963.472342806045
2026-06-19T00:00:00Z,2355.0949102464538,693.0646891616238,693.0646891616238,693.0646891616238,0,0,0,0,0,0,0,0,0,0,0,0,0,0,0,0,0,0,0,0,0,0,0,0,0,0,0,0,0,0,0,0,0,0,0,0,0,0,0,60.43873599142035,60.43873599142035,60.43873599142035,0,0,0,0,0,0,800.6017514000329,800.6017514000329,800.6017514000329,-167.97579822982942,-167.97579822982942,-167.97579822982942,0,0,0,1773.7696773620835,4517.150477412991,2352.4562094702637,2357.266361396498,3048.1595994080776
2026-06-20T00:00:00Z,2355.4132388561125,-1580.1810321778316,-1580.1810321778316,-1580.1810321778316,0,0,0,0,0,0,0,0,0,0,0,0,0,0,0,0,0,0,0,0,0,0,0,0,0,0,0,0,0,0,0,0,0,0,0,0,0,0,0,73.45207831982648,73.45207831982648,73.45207831982648,0,0,0,0,0,0,-1478.1331127808933,-1478.1331127808933,-1478.1331127808933,-175.49999771676505,-175.49999771676505,-175.49999771676505,0,0,0,-751.2554339778194,2234.9440065032354,2352.688868989575,2357.631284447882,775.2322066782808
2026-06-21T00:00:00Z,2355.7315674657707,-2170.7776063472197,-2170.7776063472197,-2170.7776063472197,0,0,0,0,0,0,0,0,0,0,0,0,0,0,0,0,0,0,0,0,0,0,0,0,0,0,0,0,0,0,0,0,0,0,0,0,0,0,0,71.72413550440605,71.72413550440605,71.72413550440605,0,0,0,0,0,0,-2060.641727081401,-2060.641727081401,-2060.641727081401,-181.86001477022475,-181.86001477022475,-181.86001477022475,0,0,0,-1304.2578391935856,1660.5998716936574,2352.9488316023285,2357.997269670812,184.95396111855098
2026-06-22T00:00:00Z,2356.0498960754294,361.05668461751486,361.05668461751486,361.05668461751486,0,0,0,0,0,0,0,0,0,0,0,0,0,0,0,0,0,0,0,0,0,0,0,0,0,0,0,0,0,0,0,0,0,0,0,0,0,0,0,149.99781781611134,149.99781781611134,149.99781781611134,0,0,0,0,0,0,398.15049898381807,398.15049898381807,398.15049898381807,-187.09163218241454,-187.09163218241454,-187.09163218241454,0,0,0,1273.1631567491677,4154.92583788748,2353.2322934763833,2358.3723754689563,2717.106580692944
2026-06-23T00:00:00Z,2356.3682246850876,870.9937493836107,870.9937493836107,870.9937493836107,0,0,0,0,0,0,0,0,0,0,0,0,0,0,0,0,0,0,0,0,0,0,0,0,0,0,0,0,0,0,0,0,0,0,0,0,0,0,0,329.13853556952995,329.13853556952995,329.13853556952995,0,0,0,0,0,0,733.1039213661797,733.1039213661797,733.1039213661797,-191.2487075520989,-191.2487075520989,-191.2487075520989,0,0,0,1765.539656874812,4688.267155230126,2353.5157399132618,2358.7144936874274,3227.361974068698
2026-06-24T00:00:00Z,2356.686553294746,1138.280161880063,1138.280161880063,1138.280161880063,0,0,0,0,0,0,0,0,0,0,0,0,0,0,0,0,0,0,0,0,0,0,0,0,0,0,0,0,0,0,0,0,0,0,0,0,0,0,0,531.8232743505095,531.8232743505095,531.8232743505095,0,0,0,0,0,0,800.8560034336062,800.8560034336062,800.8560034336062,-194.39911590405285,-194.39911590405285,-194.39911590405285,0,0,0,2033.1599165776786,4929.132261686236,2353.7784911043373,2359.077472763492,3494.966715174809
2026-06-25T00:00:00Z,2357.0048819044046,1271.9371443039881,1271.9371443039881,1271.9371443039881,0,0,0,0,0,0,0,0,0,0,0,0,0,0,0,0,0,0,0,0,0,0,0,0,0,0,0,0,0,0,0,0,0,0,0,0,0,0,0,662.4950635317764,662.4950635317764,662.4950635317764,0,0,0,0,0,0,806.0626646851281,806.0626646851281,806.0626646851281,-196.6205839129162,-196.6205839129162,-196.6205839129162,0,0,0,2217.6837675953198,5133.786340941995,2354.052600410405,2359.440451839556,3628.9420262083927
2026-06-26T00:00:00Z,2357.323210514063,2516.3246101847403,2516.3246101847403,2516.3246101847403,0,0,0,0,0,0,1201.4993759236843,1201.4993759236843,1201.4993759236843,0,0,0,0,0,0,0,0,0,1201.4993759236843,1201.4993759236843,1201.4993759236843,0,0,0,0,0,0,0,0,0,0,0,0,0,0,0,0,0,0,712.220058627232,712.220058627232,712.220058627232,0,0,0,0,0,0,800.601751400345,800.601751400345,800.601751400345,-197.99657576652126,-197.99657576652126,-197.99657576652126,0,0,0,3519.880515319155,6395.671142613013,2354.3263886874065,2359.817795639004,4873.647820698803
2026-06-27T00:00:00Z,2357.6415391237215,299.81243723420886,299.81243723420886,299.81243723420886,0,0,0,0,0,0,1201.4993759236843,1201.4993759236843,1201.4993759236843,0,0,0,0,0,0,0,0,0,1201.4993759236843,1201.4993759236843,1201.4993759236843,0,0,0,0,0,0,0,0,0,0,0,0,0,0,0,0,0,0,775.0585551643182,775.0585551643182,775.0585551643182,0,0,0,0,0,0,-1478.1331127798392,-1478.1331127798392,-1478.1331127798392,-198.6123810739545,-198.6123810739545,-198.6123810739545,0,0,0,1195.8269661940167,3961.1144375422705,2354.600107534355,2360.254925186921,2657.4539763579305
2026-06-28T00:00:00Z,2357.9598677333797,-112.15788549149997,-112.15788549149997,-112.15788549149997,0,0,0,0,0,0,1201.4993759236843,1201.4993759236843,1201.4993759236843,0,0,0,0,0,0,0,0,0,1201.4993759236843,1201.4993759236843,1201.4993759236843,0,0,0,0,0,0,0,0,0,0,0,0,0,0,0,0,0,0,945.5360061919893,945.5360061919893,945.5360061919893,0,0,0,0,0,0,-2060.641727086168,-2060.641727086168,-2060.641727086168,-198.55154052100602,-198.55154052100602,-198.55154052100602,0,0,0,724.1284405093626,3750.2171630975017,2354.8608810612495,2360.6237696089966,2245.8019822418796
2026-06-29T00:00:00Z,2358.2781963430384,5105.658333692282,5105.658333692282,5105.658333692282,0,0,0,0,0,0,3715.290483842817,3715.290483842817,3715.290483842817,0,0,0,2513.791107919133,2513.791107919133,2513.791107919133,0,0,0,1201.4993759236843,1201.4993759236843,1201.4993759236843,0,0,0,0,0,0,0,0,0,0,0,0,0,0,0,0,0,0,1190.1100767080568,1190.1100767080568,1190.1100767080568,0,0,0,0,0,0,398.15049898557027,398.15049898557027,398.15049898557027,-197.89272584416162,-197.89272584416162,-197.89272584416162,0,0,0,5967.328949408513,8902.516880757015,2355.1320750022196,2360.996625692464,7463.93653003532
2026-06-30T00:00:00Z,2358.5965249526967,8083.638812434996,8083.638812434996,8083.638812434996,0,0,0,0,0,0,6221.093231655167,6221.093231655167,6221.093231655167,0,0,0,0,0,0,5019.593855731483,5019.593855731483,5019.593855731483,1201.4993759236843,1201.4993759236843,1201.4993759236843,0,0,0,0,0,0,0,0,0,0,0,0,0,0,0,0,0,0,1326.1488273483249,1326.1488273483249,1326.1488273483249,0,0,0,0,0,0,733.103921365886,733.103921365886,733.103921365886,-196.70716793438203,-196.70716793438203,-196.70716793438203,0,0,0,9002.436461048672,11834.251849690601,2355.374552326367,2361.360340899441,10442.235337387692
2026-07-01T00:00:00Z,2358.9148535623553,1141.968334716456,1141.968334716456,1141.968334716456,0,0,0,0,0,0,-615.221000053812,-615.221000053812,-615.221000053812,0,0,0,0,0,0,0,0,0,0,0,0,0,0,0,-615.221000053812,-615.221000053812,-615.221000053812,0,0,0,0,0,0,0,0,0,0,0,0,1151.3900327241765,1151.3900327241765,1151.3900327241765,0,0,0,0,0,0,800.8560034328009,800.8560034328009,800.8560034328009,-195.05670138670956,-195.05670138670956,-195.05670138670956,0,0,0,2007.7316602300994,4946.898459886601,2355.6264468615104,2361.697789281942,3500.8831882788113
2026-07-02T00:00:00Z,2359.233182172014,483.9096140036717,483.9096140036717,483.9096140036717,0,0,0,0,0,0,-752.8897151972958,-752.8897151972958,-752.8897151972958,0,0,0,0,0,0,0,0,0,0,0,0,-752.8897151972958,-752.8897151972958,-752.8897151972958,0,0,0,0,0,0,0,0,0,0,0,0,0,0,0,623.7291310993179,623.7291310993179,623.7291310993179,0,0,0,0,0,0,806.0626646845345,806.0626646845345,806.0626646845345,-192.99246658288473,-192.99246658288473,-192.99246658288473,0,0,0,1300.7877352759008,4267.252973038175,2355.880069669214,2362.0798972061302,2843.142796175686
2026-07-03T00:00:00Z,2359.5515107816723,-100.248107210243,-100.248107210243,-100.248107210243,0,0,0,0,0,0,-641.1967284672644,-641.1967284672644,-641.1967284672644,0,0,0,0,0,0,0,0,0,0,0,0,0,0,0,0,0,0,-641.1967284672644,-641.1967284672644,-641.1967284672644,0,0,0,0,0,0,0,0,0,-69.09884770131754,-69.09884770131754,-69.09884770131754,0,0,0,0,0,0,800.6017513968342,800.6017513968342,800.6017513968342,-190.55428243849536,-190.55428243849536,-190.55428243849536,0,0,0,743.1048191500158,3627.5715336937783,2356.1005701639733,2362.4554041036135,2259.303403571429
2026-07-04T00:00:00Z,2359.869839391331,-2931.37256882471,-2931.37256882471,-2931.37256882471,0,0,0,0,0,0,-641.1967284672644,-641.1967284672644,-641.1967284672644,0,0,0,0,0,0,0,0,0,0,0,0,0,0,0,0,0,0,-641.1967284672644,-641.1967284672644,-641.1967284672644,0,0,0,0,0,0,0,0,0,-624.2720522540516,-624.2720522540516,-624.2720522540516,0,0,0,0,0,0,-1478.1331127828953,-1478.1331127828953,-1478.1331127828953,-187.77067532049867,-187.77067532049867,-187.77067532049867,0,0,0,-2064.6285619900755,871.2594730485808,2356.339965003719,2362.836100638229,-571.502729433379
2026-07-05T00:00:00Z,2360.188168000989,-3723.904542308599,-3723.904542308599,-3723.904542308599,0,0,0,0,0,0,-641.1967284672644,-641.1967284672644,-641.1967284672644,0,0,0,0,0,0,0,0,0,0,0,0,0,0,0,0,0,0,-641.1967284672644,-641.1967284672644,-641.1967284672644,0,0,0,0,0,0,0,0,0,-837.4065634153762,-837.4065634153762,-837.4065634153762,0,0,0,0,0,0,-2060.641727083817,-2060.641727083817,-2060.641727083817,-184.659523342142,-184.659523342142,-184.659523342142,0,0,0,-2789.0863691872914,112.47789651521975,2356.5899723416887,2363.204822476434,-1363.7163743076098
2026-07-06T00:00:00Z,2360.506496610648,-1164.1581214412167,-1164.1581214412167,-1164.1581214412167,0,0,0,0,0,0,-641.1967284672644,-641.1967284672644,-641.1967284672644,0,0,0,0,0,0,0,0,0,0,0,0,0,0,0,0,0,0,-641.1967284672644,-641.1967284672644,-641.1967284672644,0,0,0,0,0,0,0,0,0,-739.8826407437513,-739.8826407437513,-739.8826407437513,0,0,0,0,0,0,398.1504989873227,398.1504989873227,398.1504989873227,-181.2292512175234,-181.2292512175234,-181.2292512175234,0,0,0,-297.5348505747371,2672.5286959105083,2356.8552287983102,2363.572984598678,1196.3483751694312
2026-07-07T00:00:00Z,2360.824825220306,-634.6881752527443,-634.6881752527443,-634.6881752527443,0,0,0,0,0,0,-641.1967284672644,-641.1967284672644,-641.1967284672644,0,0,0,0,0,0,0,0,0,0,0,0,0,0,0,0,0,0,-641.1967284672644,-641.1967284672644,-641.1967284672644,0,0,0,0,0,0,0,0,0,-549.1148781825115,-549.1148781825115,-549.1148781825115,0,0,0,0,0,0,733.1039213659146,733.1039213659146,733.1039213659146,-177.48048996888326,-177.48048996888326,-177.48048996888326,0,0,0,241.91444230261598,3142.6566899743198,2357.1161849328323,2363.9342928840547,1726.1366499675619
2026-07-08T00:00:00Z,2361.1431538299644,145.91999081286747,145.91999081286747,145.91999081286747,0,0,0,0,0,0,0,0,0,0,0,0,0,0,0,0,0,0,0,0,0,0,0,0,0,0,0,0,0,0,0,0,0,0,0,0,0,0,0,-481.5279138752333,-481.5279138752333,-481.5279138752333,0,0,0,0,0,0,800.8560034331801,800.8560034331801,800.8560034331801,-173.40809874507988,-173.40809874507988,-173.40809874507988,0,0,0,1066.7787803700253,4010.045380175931,2357.373476876768,2364.2858245011735,2507.063144642832
2026-07-09T00:00:00Z,2361.461482439623,46.29698041940031,46.29698041940031,46.29698041940031,0,0,0,0,0,0,0,0,0,0,0,0,0,0,0,0,0,0,0,0,0,0,0,0,0,0,0,0,0,0,0,0,0,0,0,0,0,0,0,-590.7622508513907,-590.7622508513907,-590.7622508513907,0,0,0,0,0,0,806.0626646826898,806.0626646826898,806.0626646826898,-169.00343341189858,-169.00343341189858,-169.00343341189858,0,0,0,979.2547568874692,3769.8619758700474,2357.630768820704,2364.6343292754973,2407.7584628590234
2026-07-10T00:00:00Z,2361.7798110492813,-123.75629044237391,-123.75629044237391,-123.75629044237391,0,0,0,0,0,0,0,0,0,0,0,0,0,0,0,0,0,0,0,0,0,0,0,0,0,0,0,0,0,0,0,0,0,0,0,0,0,0,0,-760.1013029935481,-760.1013029935481,-760.1013029935481,0,0,0,0,0,0,800.6017513971466,800.6017513971466,800.6017513971466,-164.2567388459726,-164.2567388459726,-164.2567388459726,0,0,0,670.2683660564398,3713.723297396781,2357.8907416371812,2364.9865054044712,2238.0235206069074
2026-07-11T00:00:00Z,2362.09813965894,-2472.2446099889153,-2472.2446099889153,-2472.2446099889153,0,0,0,0,0,0,0,0,0,0,0,0,0,0,0,0,0,0,0,0,0,0,0,0,0,0,0,0,0,0,0,0,0,0,0,0,0,0,0,-834.95195799902,-834.95195799902,-834.95195799902,0,0,0,0,0,0,-1478.1331127838964,-1478.1331127838964,-1478.1331127838964,-159.1595392059988,-159.1595392059988,-159.1595392059988,0,0,0,-1595.780788046812,1320.209913802073,2358.151544993647,2365.3481067432162,-110.14647032997527
2026-07-12T00:00:00Z,2362.4164682685982,-2976.83181821905,-2976.83181821905,-2976.83181821905,0,0,0,0,0,0,0,0,0,0,0,0,0,0,0,0,0,0,0,0,0,0,0,0,0,0,0,0,0,0,0,0,0,0,0,0,0,0,0,-762.4831881818013,-762.4831881818013,-762.4831881818013,0,0,0,0,0,0,-2060.6417270850493,-2060.6417270850493,-2060.6417270850493,-153.70690295219933,-153.70690295219933,-153.70690295219933,0,0,0,-2023.9891714837902,802.3137515164879,2358.412348350112,2365.7735556630623,-614.4153499504519
2026-07-13T00:00:00Z,2362.734796878257,-365.5931682907923,-365.5931682907923,-365.5931682907923,0,0,0,0,0,0,0,0,0,0,0,0,0,0,0,0,0,0,0,0,0,0,0,0,0,0,0,0,0,0,0,0,0,0,0,0,0,0,0,-615.8442004077681,-615.8442004077681,-615.8442004077681,0,0,0,0,0,0,398.1504989879019,398.1504989879019,398.1504989879019,-147.8994668709261,-147.8994668709261,-147.8994668709261,0,0,0,554.3111415061246,3507.4478065573007,2358.6659264775353,2366.1479617552595,1997.1416285874648
2026-07-14T00:00:00Z,2363.053125487915,91.42297742716018,91.42297742716018,91.42297742716018,0,0,0,0,0,0,0,0,0,0,0,0,0,0,0,0,0,0,0,0,0,0,0,0,0,0,0,0,0,0,0,0,0,0,0,0,0,0,0,-499.93582841325923,-499.93582841325923,-499.93582841325923,0,0,0,0,0,0,733.103921366512,733.103921366512,733.103921366512,-141.74511552609232,-141.74511552609232,-141.74511552609232,0,0,0,1055.8604829171752,3832.4418210220106,2358.9249831678644,2366.5226089107696,2454.4761029150754
2026-07-15T00:00:00Z,2363.371454097574,220.37437659310922,220.37437659310922,220.37437659310922,0,0,0,0,0,0,0,0,0,0,0,0,0,0,0,0,0,0,0,0,0,0,0,0,0,0,0,0,0,0,0,0,0,0,0,0,0,0,0,-445.2213979312901,-445.2213979312901,-445.2213979312901,0,0,0,0,0,0,800.856003433559,800.856003433559,800.856003433559,-135.26022890915985,-135.26022890915985,-135.26022890915985,0,0,0,1169.428089751338,4092.660623290895,2359.1851580912667,2366.9114378536556,2583.745830690683
2026-07-16T00:00:00Z,2363.689782707232,283.5827565340558,283.5827565340558,283.5827565340558,0,0,0,0,0,0,0,0,0,0,0,0,0,0,0,0,0,0,0,0,0,0,0,0,0,0,0,0,0,0,0,0,0,0,0,0,0,0,0,-394.00947720272853,-394.00947720272853,-394.00947720272853,0,0,0,0,0,0,806.0626646834854,806.0626646834854,806.0626646834854,-128.47043094670124,-128.47043094670124,-128.47043094670124,0,0,0,1056.9591313873786,4201.815289284385,2359.441800813463,2367.2930224674765,2647.272539241288
2026-07-17T00:00:00Z,2364.0081113168903,397.9303573169038,397.9303573169038,397.9303573169038,0,0,0,0,0,0,0,0,0,0,0,0,0,0,0,0,0,0,0,0,0,0,0,0,0,0,0,0,0,0,0,0,0,0,0,0,0,0,0,-281.26059990385363,-281.26059990385363,-281.26059990385363,0,0,0,0,0,0,800.6017514019585,800.6017514019585,800.6017514019585,-121.41079418120091,-121.41079418120091,-121.41079418120091,0,0,0,1218.562595951149,4197.602160243999,2359.7011127505266,2367.704272916038,2761.938468633794
2026-07-18T00:00:00Z,2364.326439926549,-1708.5597206653015,-1708.5597206653015,-1708.5597206653015,0,0,0,0,0,0,0,0,0,0,0,0,0,0,0,0,0,0,0,0,0,0,0,0,0,0,0,0,0,0,0,0,0,0,0,0,0,0,0,-116.30112739270989,-116.30112739270989,-116.30112739270989,0,0,0,0,0,0,-1478.1331127848978,-1478.1331127848978,-1478.1331127848978,-114.1254804876938,-114.1254804876938,-114.1254804876938,0,0,0,-841.4547336179281,2113.204326847465,2359.9548336898965,2368.0893445239712,655.7667192612475
2026-07-19T00:00:00Z,2364.6447685362073,-2144.452024382912,-2144.452024382912,-2144.452024382912,0,0,0,0,0,0,0,0,0,0,0,0,0,0,0,0,0,0,0,0,0,0,0,0,0,0,0,0,0,0,0,0,0,0,0,0,0,0,0,22.856525882274127,22.856525882274127,22.856525882274127,0,0,0,0,0,0,-2060.6417270826987,-2060.6417270826987,-2060.6417270826987,-106.66682318248797,-106.66682318248797,-106.66682318248797,0,0,0,-1213.6594875058393,1489.1207080294632,2360.1928890651716,2368.4437936409413,220.19274415329528
2026-07-20T00:00:00Z,2364.963097145866,374.0347478041235,374.0347478041235,374.0347478041235,0,0,0,0,0,0,0,0,0,0,0,0,0,0,0,0,0,0,0,0,0,0,0,0,0,0,0,0,0,0,0,0,0,0,0,0,0,0,0,74.97813015769191,74.97813015769191,74.97813015769191,0,0,0,0,0,0,398.1504989826472,398.1504989826472,398.1504989826472,-99.09388133621552,-99.09388133621552,-99.09388133621552,0,0,0,1342.455072626814,4175.414224859608,2360.431771465248,2368.796806801941,2738.9978449499895
2026-07-21T00:00:00Z,2365.281425755524,709.4272438807278,709.4272438807278,709.4272438807278,0,0,0,0,0,0,0,0,0,0,0,0,0,0,0,0,0,0,0,0,0,0,0,0,0,0,0,0,0,0,0,0,0,0,0,0,0,0,0,67.79384405151957,67.79384405151957,67.79384405151957,0,0,0,0,0,0,733.1039213665406,733.1039213665406,733.1039213665406,-91.47052153733232,-91.47052153733232,-91.47052153733232,0,0,0,1634.145514933757,4443.408611914307,2360.6734713872506,2369.154105501266,3074.708669636252
2026-07-22T00:00:00Z,2365.5997543651824,813.9726176930485,813.9726176930485,813.9726176930485,0,0,0,0,0,0,0,0,0,0,0,0,0,0,0,0,0,0,0,0,0,0,0,0,0,0,0,0,0,0,0,0,0,0,0,0,0,0,0,96.97971907449873,96.97971907449873,96.97971907449873,0,0,0,0,0,0,800.8560034333457,800.8560034333457,800.8560034333457,-83.86310481479586,-83.86310481479586,-83.86310481479586,0,0,0,1631.3563463338667,4639.678472214887,2360.9417655341235,2369.5254206181703,3179.572372058231
2026-07-23T00:00:00Z,2365.918082974841,959.7363696599635,959.7363696599635,959.7363696599635,0,0,0,0,0,0,0,0,0,0,0,0,0,0,0,0,0,0,0,0,0,0,0,0,0,0,0,0,0,0,0,0,0,0,0,0,0,0,0,230.0115809960158,230.0115809960158,230.0115809960158,0,0,0,0,0,0,806.0626646842812,806.0626646842812,806.0626646842812,-76.33787602033364,-76.33787602033364,-76.33787602033364,0,0,0,1968.4221017577718,4731.051173851939,2361.184670659422,2369.903941540946,3325.654452634805
2026-07-24T00:00:00Z,2366.2364115844994,1166.141763218613,1166.141763218613,1166.141763218613,0,0,0,0,0,0,0,0,0,0,0,0,0,0,0,0,0,0,0,0,0,0,0,0,0,0,0,0,0,0,0,0,0,0,0,0,0,0,0,434.4981807439648,434.4981807439648,434.4981807439648,0,0,0,0,0,0,800.6017514022709,800.6017514022709,800.6017514022709,-68.95816892762255,-68.95816892762255,-68.95816892762255,0,0,0,2122.23648458792,4941.993705562889,2361.4971170954686,2370.31458700543,3532.3781748031124
2026-07-25T00:00:00Z,2366.554740194158,-930.3261375606877,-930.3261375606877,-930.3261375606877,0,0,0,0,0,0,0,0,0,0,0,0,0,0,0,0,0,0,0,0,0,0,0,0,0,0,0,0,0,0,0,0,0,0,0,0,0,0,0,609.5885271517234,609.5885271517234,609.5885271517234,0,0,0,0,0,0,-1478.133112777809,-1478.133112777809,-1478.133112777809,-61.78155193460266,-61.78155193460266,-61.78155193460266,0,0,0,-5.699493363753723,2935.305015571371,2361.7707877261787,2370.692050746632,1436.2286026334705
2026-07-26T00:00:00Z,2366.8730688038163,-1422.2210840033028,-1422.2210840033028,-1422.2210840033028,0,0,0,0,0,0,0,0,0,0,0,0,0,0,0,0,0,0,0,0,0,0,0,0,0,0,0,0,0,0,0,0,0,0,0,0,0,0,0,693.2776891551074,693.2776891551074,693.2776891551074,0,0,0,0,0,0,-2060.641727080347,-2060.641727080347,-2060.641727080347,-54.85704607806248,-54.85704607806248,-54.85704607806248,0,0,0,-415.73847033068,2441.8244320915483,2362.0015851831454,2371.049147892041,944.6519848005134
2026-07-27T00:00:00Z,2367.191397413475,2285.794427558843,2285.794427558843,2285.794427558843,0,0,0,0,0,0,1201.4993759236843,1201.4993759236843,1201.4993759236843,0,0,0,0,0,0,0,0,0,1201.4993759236843,1201.4993759236843,1201.4993759236843,0,0,0,0,0,0,0,0,0,0,0,0,0,0,0,0,0,0,734.3671013737376,734.3671013737376,734.3671013737376,0,0,0,0,0,0,398.15049898322644,398.15049898322644,398.15049898322644,-48.22254872180519,-48.22254872180519,-48.22254872180519,0,0,0,3197.141546231542,6068.9218964727415,2362.2323826401125,2371.4516226013907,4652.985824972318
2026-07-28T00:00:00Z,2367.509726023133,2737.6041827350664,2737.6041827350664,2737.6041827350664,0,0,0,0,0,0,1201.4993759236843,1201.4993759236843,1201.4993759236843,0,0,0,0,0,0,0,0,0,1201.4993759236843,1201.4993759236843,1201.4993759236843,0,0,0,0,0,0,0,0,0,0,0,0,0,0,0,0,0,0,844.9034780605577,844.9034780605577,844.9034780605577,0,0,0,0,0,0,733.1039213662469,733.1039213662469,733.1039213662469,-41.902592615422115,-41.902592615422115,-41.902592615422115,0,0,0,3693.8869225420576,6597.833725402079,2362.487438084348,2371.8556179794527,5105.1139087582
2026-07-29T00:00:00Z,2367.828054632792,3033.8174403957464,3033.8174403957464,3033.8174403957464,0,0,0,0,0,0,1201.4993759236843,1201.4993759236843,1201.4993759236843,0,0,0,0,0,0,0,0,0,1201.4993759236843,1201.4993759236843,1201.4993759236843,0,0,0,0,0,0,0,0,0,0,0,0,0,0,0,0,0,0,1067.3686221239666,1067.3686221239666,1067.3686221239666,0,0,0,0,0,0,800.8560034331326,800.8560034331326,800.8560034331326,-35.90656108503722,-35.90656108503722,-35.90656108503722,0,0,0,3928.159083219097,6732.201502694343,2362.7093337730876,2372.2468923344986,5401.645495028539
2026-07-30T00:00:00Z,2368.14638324245,5777.27099481734,5777.27099481734,5777.27099481734,0,0,0,0,0,0,3715.290483842817,3715.290483842817,3715.290483842817,0,0,0,2513.791107919133,2513.791107919133,2513.791107919133,0,0,0,1201.4993759236843,1201.4993759236843,1201.4993759236843,0,0,0,0,0,0,0,0,0,0,0,0,0,0,0,0,0,0,1286.1453123979106,1286.1453123979106,1286.1453123979106,0,0,0,0,0,0,806.0626646836872,806.0626646836872,806.0626646836872,-30.227466107075557,-30.227466107075557,-30.227466107075557,0,0,0,6740.2872644103745,9701.276903750471,2362.914315405282,2372.616882698277,8145.41737805979
2026-07-31T00:00:00Z,2368.4647118521084,8282.558115545538,8282.558115545538,8282.558115545538,0,0,0,0,0,0,6221.093231655167,6221.093231655167,6221.093231655167,0,0,0,0,0,0,5019.593855731483,5019.593855731483,5019.593855731483,1201.4993759236843,1201.4993759236843,1201.4993759236843,0,0,0,0,0,0,0,0,0,0,0,0,0,0,0,0,0,0,1285.7045098850513,1285.7045098850513,1285.7045098850513,0,0,0,0,0,0,800.6017513987598,800.6017513987598,800.6017513987598,-24.841377393440187,-24.841377393440187,-24.841377393440187,0,0,0,9190.056406431486,12003.425460410233,2363.1386273474527,2373.0262859045993,10651.022827397646
2026-08-01T00:00:00Z,2368.783040461767,-1188.221314389411,-1188.221314389411,-1188.221314389411,0,0,0,0,0,0,-615.221000053812,-615.221000053812,-615.221000053812,0,0,0,0,0,0,0,0,0,0,0,0,0,0,0,-615.221000053812,-615.221000053812,-615.221000053812,0,0,0,0,0,0,0,0,0,0,0,0,924.8403663617647,924.8403663617647,924.8403663617647,0,0,0,0,0,0,-1478.1331127808648,-1478.1331127808648,-1478.1331127808648,-19.707567916498903,-19.707567916498903,-19.707567916498903,0,0,0,-309.88843750273253,2581.6771834244296,2363.36455931483,2373.400021029465,1180.5617260723561
2026-08-02T00:00:00Z,2369.101369071426,-2548.998509969449,-2548.998509969449,-2548.998509969449,0,0,0,0,0,0,-752.8897151972958,-752.8897151972958,-752.8897151972958,0,0,0,0,0,0,0,0,0,0,0,0,-752.8897151972958,-752.8897151972958,-752.8897151972958,0,0,0,0,0,0,0,0,0,0,0,0,0,0,0,279.30234762533837,279.30234762533837,279.30234762533837,0,0,0,0,0,0,-2060.64172708158,-2060.64172708158,-2060.64172708158,-14.769415315911866,-14.769415315911866,-14.769415315911866,0,0,0,-1663.9600371642052,1255.237741787934,2363.5943810062363,2373.8101414106322,-179.89714089802328
2026-08-03T00:00:00Z,2369.4196976810845,-634.3784840178207,-634.3784840178207,-634.3784840178207,0,0,0,0,0,0,-641.1967284672644,-641.1967284672644,-641.1967284672644,0,0,0,0,0,0,0,0,0,0,0,0,0,0,0,0,0,0,-641.1967284672644,-641.1967284672644,-641.1967284672644,0,0,0,0,0,0,0,0,0,-381.37618433279454,-381.37618433279454,-381.37618433279454,0,0,0,0,0,0,398.15049898497887,398.15049898497887,398.15049898497887,-9.956070202740655,-9.956070202740655,-9.956070202740655,0,0,0,300.0249369484102,3111.023743189762,2363.8680115249144,2374.197884350426,1735.0412136632638
2026-08-04T00:00:00Z,2369.7380262907427,-690.8283987148349,-690.8283987148349,-690.8283987148349,0,0,0,0,0,0,-641.1967284672644,-641.1967284672644,-641.1967284672644,0,0,0,0,0,0,0,0,0,0,0,0,0,0,0,0,0,0,-641.1967284672644,-641.1967284672644,-641.1967284672644,0,0,0,0,0,0,0,0,0,-777.5507191047129,-777.5507191047129,-777.5507191047129,0,0,0,0,0,0,733.1039213659532,733.1039213659532,733.1039213659532,-5.184872508810675,-5.184872508810675,-5.184872508810675,0,0,0,212.09649371109572,3141.208832692435,2364.285935690763,2374.5701105423627,1678.909627575908
2026-08-05T00:00:00Z,2370.056354900401,-657.0872868860135,-657.0872868860135,-657.0872868860135,0,0,0,0,0,0,-641.1967284672644,-641.1967284672644,-641.1967284672644,0,0,0,0,0,0,0,0,0,0,0,0,0,0,0,0,0,0,-641.1967284672644,-641.1967284672644,-641.1967284672644,0,0,0,0,0,0,0,0,0,-816.3820950886457,-816.3820950886457,-816.3820950886457,0,0,0,0,0,0,800.8560034333514,800.8560034333514,800.8560034333514,-0.3644667634548201,-0.3644667634548201,-0.3644667634548201,0,0,0,286.462027842383,3174.868516612894,2364.5710538658614,2374.978819574121,1712.9690680143874
2026-08-06T00:00:00Z,2370.3746835100596,-470.68223642608996,-470.68223642608996,-470.68223642608996,0,0,0,0,0,0,-641.1967284672644,-641.1967284672644,-641.1967284672644,0,0,0,0,0,0,0,0,0,0,0,0,0,0,0,0,0,0,-641.1967284672644,-641.1967284672644,-641.1967284672644,0,0,0,0,0,0,0,0,0,-640.1496350301961,-640.1496350301961,-640.1496350301961,0,0,0,0,0,0,806.0626646858727,806.0626646858727,806.0626646858727,4.601462385497731,4.601462385497731,4.601462385497731,0,0,0,515.6487214755725,3421.188433040771,2364.835122454707,2375.386169351617,1899.6924470839697
2026-08-07T00:00:00Z,2370.693012119718,-322.55748648838704,-322.55748648838704,-322.55748648838704,0,0,0,0,0,0,-641.1967284672644,-641.1967284672644,-641.1967284672644,0,0,0,0,0,0,0,0,0,0,0,0,0,0,0,0,0,0,-641.1967284672644,-641.1967284672644,-641.1967284672644,0,0,0,0,0,0,0,0,0,-491.77245029675794,-491.77245029675794,-491.77245029675794,0,0,0,0,0,0,800.6017513990723,800.6017513990723,800.6017513990723,9.809940876562905,9.809940876562905,9.809940876562905,0,0,0,608.1637595230663,3625.68841389127,2365.098998218202,2375.768108763888,2048.135525631331
2026-08-08T00:00:00Z,2371.0113407293766,-1981.2460990623792,-1981.2460990623792,-1981.2460990623792,0,0,0,0,0,0,0,0,0,0,0,0,0,0,0,0,0,0,0,0,0,0,0,0,0,0,0,0,0,0,0,0,0,0,0,0,0,0,0,-518.4670598632199,-518.4670598632199,-518.4670598632199,0,0,0,0,0,0,-1478.133112779811,-1478.133112779811,-1478.133112779811,15.354073580651606,15.354073580651606,15.354073580651606,0,0,0,-1081.0850569716526,1796.7407190614329,2365.3588870924696,2376.1458909371318,389.7652416669973
2026-08-09T00:00:00Z,2371.329669339035,-2718.008440656968,-2718.008440656968,-2718.008440656968,0,0,0,0,0,0,0,0,0,0,0,0,0,0,0,0,0,0,0,0,0,0,0,0,0,0,0,0,0,0,0,0,0,0,0,0,0,0,0,-678.68489641885,-678.68489641885,-678.68489641885,0,0,0,0,0,0,-2060.641727079229,-2060.641727079229,-2060.641727079229,21.318182841111135,21.318182841111135,21.318182841111135,0,0,0,-1794.4686102813566,1165.5578818294507,2365.618316253099,2376.523673110375,-346.6787713179333
2026-08-10T00:00:00Z,2371.6479979486935,-390.1124527781525,-390.1124527781525,-390.1124527781525,0,0,0,0,0,0,0,0,0,0,0,0,0,0,0,0,0,0,0,0,0,0,0,0,0,0,0,0,0,0,0,0,0,0,0,0,0,0,0,-816.0358379697775,-816.0358379697775,-816.0358379697775,0,0,0,0,0,0,398.1504989773781,398.1504989773781,398.1504989773781,27.77288621424677,27.77288621424677,27.77288621424677,0,0,0,360.0794993131402,3352.927447732236,2365.8717951661883,2376.908329154748,1981.535545170541
2026-08-11T00:00:00Z,2371.9663265583517,-46.924210979377435,-46.924210979377435,-46.924210979377435,0,0,0,0,0,0,0,0,0,0,0,0,0,0,0,0,0,0,0,0,0,0,0,0,0,0,0,0,0,0,0,0,0,0,0,0,0,0,0,-814.7984258136064,-814.7984258136064,-814.7984258136064,0,0,0,0,0,0,733.1039213656597,733.1039213656597,733.1039213656597,34.77029346856946,34.77029346856946,34.77029346856946,0,0,0,925.1571646923273,3766.064042034805,2366.1270549554124,2377.3342199569183,2325.0421155789745
2026-08-12T00:00:00Z,2372.2846551680104,152.08814646543826,152.08814646543826,152.08814646543826,0,0,0,0,0,0,0,0,0,0,0,0,0,0,0,0,0,0,0,0,0,0,0,0,0,0,0,0,0,0,0,0,0,0,0,0,0,0,0,-691.1073649487407,-691.1073649487407,-691.1073649487407,0,0,0,0,0,0,800.8560034337303,800.8560034337303,800.8560034337303,42.33950798044865,42.33950798044865,42.33950798044865,0,0,0,1032.6696952739474,3915.187466107931,2366.3715735990736,2377.6996896888445,2524.3728016334485
2026-08-13T00:00:00Z,2372.6029837776687,306.899581881353,306.899581881353,306.899581881353,0,0,0,0,0,0,0,0,0,0,0,0,0,0,0,0,0,0,0,0,0,0,0,0,0,0,0,0,0,0,0,0,0,0,0,0,0,0,0,-549.645699223832,-549.645699223832,-549.645699223832,0,0,0,0,0,0,806.062664685279,806.062664685279,806.062664685279,50.48261641990599,50.48261641990599,50.48261641990599,0,0,0,1247.6992996808992,4136.235017599824,2366.6023016615077,2378.0745978694667,2679.5025656590215
2026-08-14T00:00:00Z,2372.921312387327,392.6512462918976,392.6512462918976,392.6512462918976,0,0,0,0,0,0,0,0,0,0,0,0,0,0,0,0,0,0,0,0,0,0,0,0,0,0,0,0,0,0,0,0,0,0,0,0,0,0,0,-467.12184797498867,-467.12184797498867,-467.12184797498867,0,0,0,0,0,0,800.6017513974731,800.6017513974731,800.6017513974731,59.171342869413174,59.171342869413174,59.171342869413174,0,0,0,1331.0699778468966,4388.157029482344,2366.8950643041712,2378.4468016065994,2765.5725586792246
2026-08-15T00:00:00Z,2373.2396409969856,-1834.099384902129,-1834.099384902129,-1834.099384902129,0,0,0,0,0,0,0,0,0,0,0,0,0,0,0,0,0,0,0,0,0,0,0,0,0,0,0,0,0,0,0,0,0,0,0,0,0,0,0,-424.3108014559809,-424.3108014559809,-424.3108014559809,0,0,0,0,0,0,-1478.1331127828669,-1478.1331127828669,-1478.1331127828669,68.34452933671885,68.34452933671885,68.34452933671885,0,0,0,-918.1262263337317,1890.1796137296844,2367.1485150183375,2378.8127256536727,539.1402560948566
2026-08-16T00:00:00Z,2373.557969606644,-2329.6904395035067,-2329.6904395035067,-2329.6904395035067,0,0,0,0,0,0,0,0,0,0,0,0,0,0,0,0,0,0,0,0,0,0,0,0,0,0,0,0,0,0,0,0,0,0,0,0,0,0,0,-346.95529669162306,-346.95529669162306,-346.95529669162306,0,0,0,0,0,0,-2060.641727083996,-2060.641727083996,-2060.641727083996,77.90658427211177,77.90658427211177,77.90658427211177,0,0,0,-1431.4186934280708,1529.3417547532224,2367.4025951805447,2379.1824454731486,43.86753010313714
2026-08-17T00:00:00Z,2373.8762982163025,284.6252016121478,284.6252016121478,284.6252016121478,0,0,0,0,0,0,0,0,0,0,0,0,0,0,0,0,0,0,0,0,0,0,0,0,0,0,0,0,0,0,0,0,0,0,0,0,0,0,0,-201.25231202931403,-201.25231202931403,-201.25231202931403,0,0,0,0,0,0,398.15049898030355,398.15049898030355,398.15049898030355,87.7270146611583,87.7270146611583,87.7270146611583,0,0,0,1255.652904529399,4113.904428244989,2367.642578888994,2379.5947135928127,2658.5014998284505
2026-08-18T00:00:00Z,2374.1946268259608,792.6516373260146,792.6516373260146,792.6516373260146,0,0,0,0,0,0,0,0,0,0,0,0,0,0,0,0,0,0,0,0,0,0,0,0,0,0,0,0,0,0,0,0,0,0,0,0,0,0,0,-38.09341029505693,-38.09341029505693,-38.09341029505693,0,0,0,0,0,0,733.1039213656883,733.1039213656883,733.1039213656883,97.64112625538314,97.64112625538314,97.64112625538314,0,0,0,1849.3572477825487,4550.448637119742,2367.882562597444,2379.9421839911315,3166.8462641519754
2026-08-19T00:00:00Z,2374.512955435619,968.7466807873052,968.7466807873052,968.7466807873052,0,0,0,0,0,0,0,0,0,0,0,0,0,0,0,0,0,0,0,0,0,0,0,0,0,0,0,0,0,0,0,0,0,0,0,0,0,0,0,60.438735991526485,60.438735991526485,60.438735991526485,0,0,0,0,0,0,800.8560034329248,800.8560034329248,800.8560034329248,107.45194136285394,107.45194136285394,107.45194136285394,0,0,0,1885.6458177825743,4798.873979656778,2368.1225463058936,2380.307934843686,3343.259636222924
2026-08-20T00:00:00Z,2374.8312840452777,996.4480884184228,996.4480884184228,996.4480884184228,0,0,0,0,0,0,0,0,0,0,0,0,0,0,0,0,0,0,0,0,0,0,0,0,0,0,0,0,0,0,0,0,0,0,0,0,0,0,0,73.45207832040784,73.45207832040784,73.45207832040784,0,0,0,0,0,0,806.0626646820444,806.0626646820444,806.0626646820444,116.93334541597066,116.93334541597066,116.93334541597066,0,0,0,1868.2857828551798,4832.371243854042,2368.3663498659816,2380.7238315663917,3371.2793724637004
2026-08-21T00:00:00Z,2375.1496126549364,998.1603203210562,998.1603203210562,998.1603203210562,0,0,0,0,0,0,0,0,0,0,0,0,0,0,0,0,0,0,0,0,0,0,0,0,0,0,0,0,0,0,0,0,0,0,0,0,0,0,0,71.72413550412234,71.72413550412234,71.72413550412234,0,0,0,0,0,0,800.601751402285,800.601751402285,800.601751402285,125.83443341464896,125.83443341464896,125.83443341464896,0,0,0,2018.5496600508113,4761.079968686016,2368.605954803908,2381.0923639607163,3373.3099329759925
2026-08-22T00:00:00Z,2375.4679412645946,-1194.2503084039326,-1194.2503084039326,-1194.2503084039326,0,0,0,0,0,0,0,0,0,0,0,0,0,0,0,0,0,0,0,0,0,0,0,0,0,0,0,0,0,0,0,0,0,0,0,0,0,0,0,149.99781781697789,149.99781781697789,149.99781781697789,0,0,0,0,0,0,-1478.1331127838682,-1478.1331127838682,-1478.1331127838682,133.88498656295727,133.88498656295727,133.88498656295727,0,0,0,-286.2065695832101,2664.8191359099364,2368.8424974312425,2381.453791081226,1181.217632860662
2026-08-23T00:00:00Z,2375.786269874253,-1590.7012222007238,-1590.7012222007238,-1590.7012222007238,0,0,0,0,0,0,0,0,0,0,0,0,0,0,0,0,0,0,0,0,0,0,0,0,0,0,0,0,0,0,0,0,0,0,0,0,0,0,0,329.1385355702173,329.1385355702173,329.1385355702173,0,0,0,0,0,0,-2060.6417270834363,-2060.6417270834363,-2060.6417270834363,140.80196931249557,140.80196931249557,140.80196931249557,0,0,0,-559.0400894169292,2223.6590441812987,2369.082481139692,2381.8419745614874,785.0850476735291
2026-08-24T00:00:00Z,2376.1045984839116,1076.270672225291,1076.270672225291,1076.270672225291,0,0,0,0,0,0,0,0,0,0,0,0,0,0,0,0,0,0,0,0,0,0,0,0,0,0,0,0,0,0,0,0,0,0,0,0,0,0,0,531.8232743505716,531.8232743505716,531.8232743505716,0,0,0,0,0,0,398.1504989808827,398.1504989808827,398.1504989808827,146.29689889383658,146.29689889383658,146.29689889383658,0,0,0,1880.413302877016,4889.645920411811,2369.3224648481414,2382.197296282693,3452.3752707092026
2026-08-25T00:00:00Z,2376.42292709357,-137.67547447505058,-137.67547447505058,-137.67547447505058,0,0,0,0,0,0,0,0,0,-1683.3583639625576,-1683.3583639625576,-1683.3583639625576,0,0,0,0,0,0,0,0,0,0,0,0,0,0,0,0,0,0,0,0,0,0,0,0,-1683.3583639625576,-1683.3583639625576,-1683.3583639625576,662.4950635317196,662.4950635317196,662.4950635317196,0,0,0,0,0,0,733.1039213650722,733.1039213650722,733.1039213650722,150.08390459071506,150.08390459071506,150.08390459071506,0,0,0,793.8599821778258,3650.348052847824,2369.562448556592,2382.5866907654004,2238.747452618519
2026-08-26T00:00:00Z,2376.7412557032285,1664.9643257493062,1664.9643257493062,1664.9643257493062,0,0,0,0,0,0,0,0,0,0,0,0,0,0,0,0,0,0,0,0,0,0,0,0,0,0,0,0,0,0,0,0,0,0,0,0,0,0,0,712.220058627484,712.220058627484,712.220058627484,0,0,0,0,0,0,800.8560034333035,800.8560034333035,800.8560034333035,151.88826368851815,151.88826368851815,151.88826368851815,0,0,0,2553.7947749972536,5437.549264875175,2369.772775063117,2383.0059765285787,4041.7055814525347
2026-08-27T00:00:00Z,2377.0595843128867,2934.0757721220402,2934.0757721220402,2934.0757721220402,0,0,0,0,0,0,1201.4993759236843,1201.4993759236843,1201.4993759236843,0,0,0,0,0,0,0,0,0,1201.4993759236843,1201.4993759236843,1201.4993759236843,0,0,0,0,0,0,0,0,0,0,0,0,0,0,0,0,0,0,775.0585551650845,775.0585551650845,775.0585551650845,0,0,0,0,0,0,806.0626646828405,806.0626646828405,806.0626646828405,151.45517635043123,151.45517635043123,151.45517635043123,0,0,0,3753.8835706312157,6757.886938791528,2370.0204048914134,2383.421727338194,5311.1353564349265
2026-08-28T00:00:00Z,2377.377912922545,3096.195657104622,3096.195657104622,3096.195657104622,0,0,0,0,0,0,1201.4993759236843,1201.4993759236843,1201.4993759236843,0,0,0,0,0,0,0,0,0,1201.4993759236843,1201.4993759236843,1201.4993759236843,0,0,0,0,0,0,0,0,0,0,0,0,0,0,0,0,0,0,945.536006191427,945.536006191427,945.536006191427,0,0,0,0,0,0,800.6017514006857,800.6017514006857,800.6017514006857,148.55852358882476,148.55852358882476,148.55852358882476,0,0,0,3966.6661250307952,6910.8026372963695,2370.2455504975956,2383.8374781478105,5473.573570027167
2026-08-29T00:00:00Z,2377.6962415322037,1056.4856816454399,1056.4856816454399,1056.4856816454399,0,0,0,0,0,0,1201.4993759236843,1201.4993759236843,1201.4993759236843,0,0,0,0,0,0,0,0,0,1201.4993759236843,1201.4993759236843,1201.4993759236843,0,0,0,0,0,0,0,0,0,0,0,0,0,0,0,0,0,0,1190.1100767081207,1190.1100767081207,1190.1100767081207,0,0,0,0,0,0,-1478.1331127869244,-1478.1331127869244,-1478.1331127869244,143.00934180055893,143.00934180055893,143.00934180055893,0,0,0,1959.9005933827602,4866.925799949195,2370.5103447859715,2384.24804304839,3434.1819231776435
2026-08-30T00:00:00Z,2378.014570141862,3115.4613286919807,3115.4613286919807,3115.4613286919807,0,0,0,0,0,0,3715.290483842817,3715.290483842817,3715.290483842817,0,0,0,2513.791107919133,2513.791107919133,2513.791107919133,0,0,0,1201.4993759236843,1201.4993759236843,1201.4993759236843,0,0,0,0,0,0,0,0,0,0,0,0,0,0,0,0,0,0,1326.1488273480684,1326.1488273480684,1326.1488273480684,0,0,0,0,0,0,-2060.6417270828774,-2060.6417270828774,-2060.6417270828774,134.6637445839726,134.6637445839726,134.6637445839726,0,0,0,4065.7842289046343,6818.63945254841,2370.7593764952594,2384.650466128479,5493.475898833843
2026-08-31T00:00:00Z,2378.3328987515206,6210.7054274797665,6210.7054274797665,6210.7054274797665,0,0,0,0,0,0,6221.093231655167,6221.093231655167,6221.093231655167,-1683.3583639625576,-1683.3583639625576,-1683.3583639625576,0,0,0,5019.593855731483,5019.593855731483,5019.593855731483,1201.4993759236843,1201.4993759236843,1201.4993759236843,0,0,0,0,0,0,0,0,0,0,0,0,0,0,0,-1683.3583639625576,-1683.3583639625576,-1683.3583639625576,1151.3900327233032,1151.3900327233032,1151.3900327233032,0,0,0,0,0,0,398.15049898146196,398.15049898146196,398.15049898146196,123.43002808239217,123.43002808239217,123.43002808239217,0,0,0,7124.231745074144,10030.163530449921,2371.0012631272084,2385.0496446564307,8589.038326231286
2026-09-01T00:00:00Z,2378.6512273611793,850.8867624077461,850.8867624077461,850.8867624077461,0,0,0,0,0,0,-615.221000053812,-615.221000053812,-615.221000053812,0,0,0,0,0,0,0,0,0,0,0,0,0,0,0,-615.221000053812,-615.221000053812,-615.221000053812,0,0,0,0,0,0,0,0,0,0,0,0,623.7291310998684,623.7291310998684,623.7291310998684,0,0,0,0,0,0,733.1039213663141,733.1039213663141,733.1039213663141,109.2747099953759,109.2747099953759,109.2747099953759,0,0,0,1847.0157564630872,4699.4857115901405,2371.2572684370593,2385.433426484885,3229.5379897689254
2026-09-02T00:00:00Z,2378.9695559708375,71.09471499937179,71.09471499937179,71.09471499937179,0,0,0,0,0,0,-752.8897151972958,-752.8897151972958,-752.8897151972958,0,0,0,0,0,0,0,0,0,0,0,0,-752.8897151972958,-752.8897151972958,-752.8897151972958,0,0,0,0,0,0,0,0,0,0,0,0,0,0,0,-69.09884770245549,-69.09884770245549,-69.09884770245549,0,0,0,0,0,0,800.85600343309045,800.85600343309045,800.85600343309045,92.22727446603254,92.22727446603254,92.22727446603254,0,0,0,1063.160513324233,3898.442765376875,2371.503497505064,2385.816975903257,2450.0642709702092
2026-09-03T00:00:00Z,2379.287884580496,-387.0226911721968,-387.0226911721968,-387.0226911721968,0,0,0,0,0,0,-641.1967284672644,-641.1967284672644,-641.1967284672644,0,0,0,0,0,0,0,0,0,0,0,0,0,0,0,0,0,0,-641.1967284672644,-641.1967284672644,-641.1967284672644,0,0,0,0,0,0,0,0,0,-624.2720522547235,-624.2720522547235,-624.2720522547235,0,0,0,0,0,0,806.0626646836361,806.0626646836361,806.0626646836361,72.38342486615493,72.38342486615493,72.38342486615493,0,0,0,585.9322318594164,3417.557498616067,2371.749726573067,2386.1981949578067,1992.2651934082994
2026-09-04T00:00:00Z,2379.606213190155,-628.0948571217552,-628.0948571217552,-628.0948571217552,0,0,0,0,0,0,-641.1967284672644,-641.1967284672644,-641.1967284672644,0,0,0,0,0,0,0,0,0,0,0,0,0,0,0,0,0,0,-641.1967284672644,-641.1967284672644,-641.1967284672644,0,0,0,0,0,0,0,0,0,-837.4065634158017,-837.4065634158017,-837.4065634158017,0,0,0,0,0,0,800.6017514009982,800.6017514009982,800.6017514009982,49.90668336031267,49.90668336031267,49.90668336031267,0,0,0,274.79543422768984,3180.014689909213,2371.995955641071,2386.579414012356,1751.5113560683997
2026-09-05T00:00:00Z,2379.924541799813,-2834.184262898019,-2834.184262898019,-2834.184262898019,0,0,0,0,0,0,-641.1967284672644,-641.1967284672644,-641.1967284672644,0,0,0,0,0,0,0,0,0,0,0,0,0,0,0,0,0,0,-641.1967284672644,-641.1967284672644,-641.1967284672644,0,0,0,0,0,0,0,0,0,-739.8826407439522,-739.8826407439522,-739.8826407439522,0,0,0,0,0,0,-1478.1331127858705,-1478.1331127858705,-1478.1331127858705,25.028219099068355,25.028219099068355,25.028219099068355,0,0,0,-1855.9721869729815,1085.2889113352792,2372.197018189784,2386.9606330669053,-454.2597210982058
2026-09-06T00:00:00Z,2380.2428704094714,-3252.90849888831,-3252.90849888831,-3252.90849888831,0,0,0,0,0,0,-641.1967284672644,-641.1967284672644,-641.1967284672644,0,0,0,0,0,0,0,0,0,0,0,0,0,0,0,0,0,0,-641.1967284672644,-641.1967284672644,-641.1967284672644,0,0,0,0,0,0,0,0,0,-549.1148781828329,-549.1148781828329,-549.1148781828329,0,0,0,0,0,0,-2060.641727085853,-2060.641727085853,-2060.641727085853,-1.955165152360151,-1.955165152360151,-1.955165152360151,0,0,0,-2486.5014421183814,496.3394722998356,2372.4387569444807,2387.3588776876104,-872.6656284788387
2026-09-07T00:00:00Z,2380.56119901913,-755.2590499064321,-755.2590499064321,-755.2590499064321,0,0,0,0,0,0,-641.1967284672644,-641.1967284672644,-641.1967284672644,0,0,0,0,0,0,0,0,0,0,0,0,0,0,0,0,0,0,-641.1967284672644,-641.1967284672644,-641.1967284672644,0,0,0,0,0,0,0,0,0,-481.5279138755006,-481.5279138755006,-481.5279138755006,0,0,0,0,0,0,398.15049898438735,398.15049898438735,398.15049898438735,-30.684906548054453,-30.684906548054453,-30.684906548054453,0,0,0,234.8552858079985,3158.3873191070093,2372.703815838487,2387.7363567508773,1625.3021491126979
2026-09-08T00:00:00Z,2380.8795276287883,81.59528984059885,81.59528984059885,81.59528984059885,0,0,0,0,0,0,0,0,0,0,0,0,0,0,0,0,0,0,0,0,0,0,0,0,0,0,0,0,0,0,0,0,0,0,0,0,0,0,0,-590.7622508505734,-590.7622508505734,-590.7622508505734,0,0,0,0,0,0,733.1039213660205,733.1039213660205,733.1039213660205,-60.746380674848275,-60.746380674848275,-60.746380674848275,0,0,0,910.9808535517361,4000.1136985507505,2372.9402038978933,2388.1110692103503,2462.4748174693873
2026-09-09T00:00:00Z,2381.197856238447,-50.92163502420227,-50.92163502420227,-50.92163502420227,0,0,0,0,0,0,0,0,0,0,0,0,0,0,0,0,0,0,0,0,0,0,0,0,0,0,0,0,0,0,0,0,0,0,0,0,0,0,0,-760.1013029938248,-760.1013029938248,-760.1013029938248,0,0,0,0,0,0,800.8560034328773,800.8560034328773,800.8560034328773,-91.67633546325445,-91.67633546325445,-91.67633546325445,0,0,0,790.3761500275705,3806.578365344897,2373.1917212886815,2388.4855092851035,2330.2762212142447
2026-09-10T00:00:00Z,2381.5161848481052,-151.861210861534,-151.861210861534,-151.861210861534,0,0,0,0,0,0,0,0,0,0,0,0,0,0,0,0,0,0,0,0,0,0,0,0,0,0,0,0,0,0,0,0,0,0,0,0,0,0,0,-834.9519579987762,-834.9519579987762,-834.9519579987762,0,0,0,0,0,0,806.0626646844316,806.0626646844316,806.0626646844316,-122.97191754719006,-122.97191754719006,-122.97191754719006,0,0,0,696.8781227039217,3663.6078252811394,2373.4210689660304,2388.8878835371684,2229.6549739865713
2026-09-11T00:00:00Z,2381.8345134577635,-115.98253417444955,-115.98253417444955,-115.98253417444955,0,0,0,0,0,0,0,0,0,0,0,0,0,0,0,0,0,0,0,0,0,0,0,0,0,0,0,0,0,0,0,0,0,0,0,0,0,0,0,-762.4831881812183,-762.4831881812183,-762.4831881812183,0,0,0,0,0,0,800.6017513974872,800.6017513974872,800.6017513974872,-154.10109739071865,-154.10109739071865,-154.10109739071865,0,0,0,732.5918650429757,3740.8018852626105,2373.6786651267767,2389.314264860784,2265.851979283314
2026-09-12T00:00:00Z,2382.152842067422,-2278.491566221993,-2278.491566221993,-2278.491566221993,0,0,0,0,0,0,0,0,0,0,0,0,0,0,0,0,0,0,0,0,0,0,0,0,0,0,0,0,0,0,0,0,0,0,0,0,0,0,0,-615.8442004083862,-615.8442004083862,-615.8442004083862,0,0,0,0,0,0,-1478.1331127808364,-1478.1331127808364,-1478.1331127808364,-184.51425303277,-184.51425303277,-184.51425303277,0,0,0,-1304.9231035700248,1644.7467959496703,2373.9130793450754,2389.7282464448203,103.66127584542937
2026-09-13T00:00:00Z,2382.4711706770804,-2774.2341870648984,-2774.2341870648984,-2774.2341870648984,0,0,0,0,0,0,0,0,0,0,0,0,0,0,0,0,0,0,0,0,0,0,0,0,0,0,0,0,0,0,0,0,0,0,0,0,0,0,0,-499.93582841380817,-499.93582841380817,-499.93582841380817,0,0,0,0,0,0,-2060.6417270852935,-2060.6417270852935,-2060.6417270852935,-213.65663156579691,-213.65663156579691,-213.65663156579691,0,0,0,-1714.2749503538998,1285.1605607597264,2374.164665128517,2390.11878066136,-391.76301638781797
2026-09-14T00:00:00Z,2382.789499286739,-288.0522727978711,-288.0522727978711,-288.0522727978711,0,0,0,0,0,0,0,0,0,0,0,0,0,0,0,0,0,0,0,0,0,0,0,0,0,0,0,0,0,0,0,0,0,0,0,0,0,0,0,-445.2213979309123,-445.2213979309123,-445.2213979309123,0,0,0,0,0,0,398.1504989849664,398.1504989849664,398.1504989849664,-240.98137385192518,-240.98137385192518,-240.98137385192518,0,0,0,688.2661873233313,3453.2390755058846,2374.4248143069617,2390.4742606077925,2094.737226488868
2026-09-15T00:00:00Z,2383.1078278963973,73.13168151224947,73.13168151224947,73.13168151224947,0,0,0,0,0,0,0,0,0,0,0,0,0,0,0,0,0,0,0,0,0,0,0,0,0,0,0,0,0,0,0,0,0,0,0,0,0,0,0,-394.0094772025415,-394.0094772025415,-394.0094772025415,0,0,0,0,0,0,733.1039213660492,733.1039213660492,733.1039213660492,-265.962762651258,-265.962762651258,-265.962762651258,0,0,0,1021.0003318579087,3882.765127524777,2374.6698389275116,2390.871180113387,2456.239509408647
2026-09-16T00:00:00Z,2383.4261565060556,-1451.8722986916482,-1451.8722986916482,-1451.8722986916482,0,0,0,0,0,0,0,0,0,-1683.3583639625576,-1683.3583639625576,-1683.3583639625576,0,0,0,0,0,0,0,0,0,0,0,0,0,0,0,0,0,0,0,0,0,0,0,0,-1683.3583639625576,-1683.3583639625576,-1683.3583639625576,-281.26059990400296,-281.26059990400296,-281.26059990400296,0,0,0,0,0,0,800.8560034330961,800.8560034330961,800.8560034330961,-288.10933825818364,-288.10933825818364,-288.10933825818364,0,0,0,-649.0925161940543,2358.5507483881574,2374.928970271145,2391.293059294978,931.5538578144074
2026-09-17T00:00:00Z,2383.7444851157143,382.78501768041906,382.78501768041906,382.78501768041906,0,0,0,0,0,0,0,0,0,0,0,0,0,0,0,0,0,0,0,0,0,0,0,0,0,0,0,0,0,0,0,0,0,0,0,0,0,0,0,-116.30112739213583,-116.30112739213583,-116.30112739213583,0,0,0,0,0,0,806.0626646811978,806.0626646811978,806.0626646811978,-306.97651960864283,-306.97651960864283,-306.97651960864283,0,0,0,1234.3180323413692,4269.7033062728315,2375.1914509214175,2391.71234075324,2766.5295027961333
2026-09-18T00:00:00Z,2384.062813725373,501.2799042268146,501.2799042268146,501.2799042268146,0,0,0,0,0,0,0,0,0,0,0,0,0,0,0,0,0,0,0,0,0,0,0,0,0,0,0,0,0,0,0,0,0,0,0,0,0,0,0,22.856525882218758,22.856525882218758,22.856525882218758,0,0,0,0,0,0,800.6017513977996,800.6017513977996,800.6017513977996,-322.1783730532036,-322.1783730532036,-322.1783730532036,0,0,0,1409.5684504109283,4362.418789737021,2375.3819058248446,2392.1316222115024,2885.3427179521877
2026-09-19T00:00:00Z,2384.381142335031,-1736.553168325787,-1736.553168325787,-1736.553168325787,0,0,0,0,0,0,0,0,0,0,0,0,0,0,0,0,0,0,0,0,0,0,0,0,0,0,0,0,0,0,0,0,0,0,0,0,0,0,0,74.97813015711365,74.97813015711365,74.97813015711365,0,0,0,0,0,0,-1478.1331127818378,-1478.1331127818378,-1478.1331127818378,-333.3981857010628,-333.3981857010628,-333.3981857010628,0,0,0,-722.4640483966873,2159.2277426333158,2375.697612708621,2392.517688170477,647.8279740092441
2026-09-20T00:00:00Z,2384.6994709446894,-2333.2454082757085,-2333.2454082757085,-2333.2454082757085,0,0,0,0,0,0,0,0,0,0,0,0,0,0,0,0,0,0,0,0,0,0,0,0,0,0,0,0,0,0,0,0,0,0,0,0,0,0,0,67.7938440504729,67.7938440504729,67.7938440504729,0,0,0,0,0,0,-2060.6417270847346,-2060.6417270847346,-2060.6417270847346,-340.3975252414477,-340.3975252414477,-340.3975252414477,0,0,0,-1406.0277443411287,1562.7657714462482,2375.930645124325,2392.8975664375075,51.454062668980896
2026-09-21T00:00:00Z,2385.017799554348,152.1067151328088,152.1067151328088,152.1067151328088,0,0,0,0,0,0,0,0,0,0,0,0,0,0,0,0,0,0,0,0,0,0,0,0,0,0,0,0,0,0,0,0,0,0,0,0,0,0,0,96.97971907517113,96.97971907517113,96.97971907517113,0,0,0,0,0,0,398.15049898671873,398.15049898671873,398.15049898671873,-343.0235029290812,-343.0235029290812,-343.0235029290812,0,0,0,1156.4401152464202,4017.611436704911,2376.156825931779,2393.335226828918,2537.124514687157
2026-09-22T00:00:00Z,2385.3361281640064,621.9015021773996,621.9015021773996,621.9015021773996,0,0,0,0,0,0,0,0,0,0,0,0,0,0,0,0,0,0,0,0,0,0,0,0,0,0,0,0,0,0,0,0,0,0,0,0,0,0,0,230.01158099671062,230.01158099671062,230.01158099671062,0,0,0,0,0,0,733.1039213654332,733.1039213654332,733.1039213654332,-341.2140001847442,-341.2140001847442,-341.2140001847442,0,0,0,1454.6555606121765,4514.104914379715,2376.3956684089903,2393.775483872995,3007.2376303414057
2026-09-23T00:00:00Z,2385.654456773665,900.3535132692435,900.3535132692435,900.3535132692435,0,0,0,0,0,0,0,0,0,0,0,0,0,0,0,0,0,0,0,0,0,0,0,0,0,0,0,0,0,0,0,0,0,0,0,0,0,0,0,434.4981807442929,434.4981807442929,434.4981807442929,0,0,0,0,0,0,800.8560034334749,800.8560034334749,800.8560034334749,-335.00067090852434,-335.00067090852434,-335.00067090852434,0,0,0,1792.8766911864716,4694.048794765997,2376.6328065611774,2394.1838471447436,3286.0079700429087
2026-09-24T00:00:00Z,2385.9727853833233,1091.1416020245515,1091.1416020245515,1091.1416020245515,0,0,0,0,0,0,0,0,0,0,0,0,0,0,0,0,0,0,0,0,0,0,0,0,0,0,0,0,0,0,0,0,0,0,0,0,0,0,0,609.5885271512991,609.5885271512991,609.5885271512991,0,0,0,0,0,0,806.0626646833829,806.0626646833829,806.0626646833829,-324.50958981013054,-324.50958981013054,-324.50958981013054,0,0,0,2034.7063727972159,4948.557796492012,2376.853634432014,2394.5719316609475,3477.114387407875
2026-09-25T00:00:00Z,2386.2911139929815,1183.919960318478,1183.919960318478,1183.919960318478,0,0,0,0,0,0,0,0,0,0,0,0,0,0,0,0,0,0,0,0,0,0,0,0,0,0,0,0,0,0,0,0,0,0,0,0,0,0,0,693.2776891552742,693.2776891552742,693.2776891552742,0,0,0,0,0,0,800.6017513981119,800.6017513981119,800.6017513981119,-309.9594802349087,-309.9594802349087,-309.9594802349087,0,0,0,2122.996480173036,5005.438379956098,2377.086330274363,2394.9538089184443,3570.2110743114595
2026-09-26T00:00:00Z,2386.6094426026402,166.07584311480647,166.07584311480647,166.07584311480647,0,0,0,0,0,0,1201.4993759236843,1201.4993759236843,1201.4993759236843,0,0,0,0,0,0,0,0,0,1201.4993759236843,1201.4993759236843,1201.4993759236843,0,0,0,0,0,0,0,0,0,0,0,0,0,0,0,0,0,0,734.3671013737094,734.3671013737094,734.3671013737094,0,0,0,0,0,0,-1478.1331127828387,-1478.1331127828387,-1478.1331127828387,-291.65752139974865,-291.65752139974865,-291.65752139974865,0,0,0,1079.0591516076508,3929.239763133172,2377.3340838882077,2395.333381108788,2552.6852857174467
2026-09-27T00:00:00Z,2386.9277712122985,-284.23167584496923,-284.23167584496923,-284.23167584496923,0,0,0,0,0,0,1201.4993759236843,1201.4993759236843,1201.4993759236843,0,0,0,0,0,0,0,0,0,1201.4993759236843,1201.4993759236843,1201.4993759236843,0,0,0,0,0,0,0,0,0,0,0,0,0,0,0,0,0,0,844.9034780603725,844.9034780603725,844.9034780603725,0,0,0,0,0,0,-2060.641727084175,-2060.641727084175,-2060.641727084175,-269.992802744851,-269.992802744851,-269.992802744851,0,0,0,627.7573147509397,3477.5590980804864,2377.605102521885,2395.7129532991316,2102.6960953673292
2026-09-28T00:00:00Z,2387.246099821957,2421.590936693711,2421.590936693711,2421.590936693711,0,0,0,0,0,0,1201.4993759236843,1201.4993759236843,1201.4993759236843,0,0,0,0,0,0,0,0,0,1201.4993759236843,1201.4993759236843,1201.4993759236843,0,0,0,0,0,0,0,0,0,0,0,0,0,0,0,0,0,0,1067.368622124419,1067.368622124419,1067.368622124419,0,0,0,0,0,0,398.15049898029116,398.15049898029116,398.15049898029116,-245.42756033468348,-245.42756033468348,-245.42756033468348,0,0,0,3281.7339539190766,6282.8261578045895,2377.8844082203136,2396.1034294052324,4808.837036515668
2026-09-29T00:00:00Z,2387.5644284316154,5516.053322679067,5516.053322679067,5516.053322679067,0,0,0,0,0,0,3715.290483842817,3715.290483842817,3715.290483842817,0,0,0,2513.791107919133,2513.791107919133,2513.791107919133,0,0,0,1201.4993759236843,1201.4993759236843,1201.4993759236843,0,0,0,0,0,0,0,0,0,0,0,0,0,0,0,0,0,0,1286.145312398338,1286.145312398338,1286.145312398338,0,0,0,0,0,0,733.103921365462,733.103921365462,733.103921365462,-218.48639492754995,-218.48639492754995,-218.48639492754995,0,0,0,6564.730396879775,9250.679773586677,2378.15349242669,2396.5689861829305,7903.617751110682
2026-09-30T00:00:00Z,2387.882757041274,8117.910013426458,8117.910013426458,8117.910013426458,0,0,0,0,0,0,6221.093231655167,6221.093231655167,6221.093231655167,0,0,0,0,0,0,5019.593855731483,5019.593855731483,5019.593855731483,1201.4993759236843,1201.4993759236843,1201.4993759236843,0,0,0,0,0,0,0,0,0,0,0,0,0,0,0,0,0,0,1285.704509885129,1285.704509885129,1285.704509885129,0,0,0,0,0,0,800.8560034326696,800.8560034326696,800.8560034326696,-189.74373154650905,-189.74373154650905,-189.74373154650905,0,0,0,9100.553396952177,11992.163438349193,2378.3594186832797,2397.0457634814647,10505.792770467731
2026-10-01T00:00:00Z,2388.201085650933,955.872196686207,955.872196686207,955.872196686207,0,0,0,0,0,0,-615.221000053812,-615.221000053812,-615.221000053812,0,0,0,0,0,0,0,0,0,0,0,0,0,0,0,-615.221000053812,-615.221000053812,-615.221000053812,0,0,0,0,0,0,0,0,0,0,0,0,924.8403663629518,924.8403663629518,924.8403663629518,0,0,0,0,0,0,806.0626646827892,806.0626646827892,806.0626646827892,-159.80983430572243,-159.80983430572243,-159.80983430572243,0,0,0,1873.3257686639497,4836.988661066794,2378.5625930539554,2397.507047674752,3344.07328233714
2026-10-02T00:00:00Z,2388.5194142605915,197.69864764289062,197.69864764289062,197.69864764289062,0,0,0,0,0,0,-752.8897151972958,-752.8897151972958,-752.8897151972958,0,0,0,0,0,0,0,0,0,0,0,0,-752.8897151972958,-752.8897151972958,-752.8897151972958,0,0,0,0,0,0,0,0,0,0,0,0,0,0,0,279.3023476241355,279.3023476241355,279.3023476241355,0,0,0,0,0,0,800.6017513965128,800.6017513965128,800.6017513965128,-129.31573618046187,-129.31573618046187,-129.31573618046187,0,0,0,1137.4839177951314,3976.120596714533,2378.7667266145827,2397.906128702617,2586.218061903482
2026-10-03T00:00:00Z,2388.8377428702497,-2599.6035054656213,-2599.6035054656213,-2599.6035054656213,0,0,0,0,0,0,-641.1967284672644,-641.1967284672644,-641.1967284672644,0,0,0,0,0,0,0,0,0,0,0,0,0,0,0,0,0,0,-641.1967284672644,-641.1967284672644,-641.1967284672644,0,0,0,0,0,0,0,0,0,-381.3761843332247,-381.3761843332247,-381.3761843332247,0,0,0,0,0,0,-1478.1331127757496,-1478.1331127757496,-1478.1331127757496,-98.89747988938265,-98.89747988938265,-98.89747988938265,0,0,0,-1744.4937894801205,1270.0115532847403,2378.975497746344,2398.3052097304812,-210.7657625953716
2026-10-04T00:00:00Z,2389.156071479908,-3548.569266512807,-3548.569266512807,-3548.569266512807,0,0,0,0,0,0,-641.1967284672644,-641.1967284672644,-641.1967284672644,0,0,0,0,0,0,0,0,0,0,0,0,0,0,0,0,0,0,-641.1967284672644,-641.1967284672644,-641.1967284672644,0,0,0,0,0,0,0,0,0,-777.5507191052883,-777.5507191052883,-777.5507191052883,0,0,0,0,0,0,-2060.6417270818242,-2060.6417270818242,-2060.6417270818242,-69.18009185843056,-69.18009185843056,-69.18009185843056,0,0,0,-2720.7062339633517,336.2372446365839,2379.1846453167495,2398.697742865984,-1159.4131950328992
2026-10-05T00:00:00Z,2389.4744000895666,-1100.1900499856042,-1100.1900499856042,-1100.1900499856042,0,0,0,0,0,0,-641.1967284672644,-641.1967284672644,-641.1967284672644,0,0,0,0,0,0,0,0,0,0,0,0,0,0,0,0,0,0,-641.1967284672644,-641.1967284672644,-641.1967284672644,0,0,0,0,0,0,0,0,0,-816.3820950884285,-816.3820950884285,-816.3820950884285,0,0,0,0,0,0,398.1504989820435,398.1504989820435,398.1504989820435,-40.76172541195431,-40.76172541195431,-40.76172541195431,0,0,0,-105.88988722155855,2723.924372826799,2379.4367721525737,2399.086564862546,1289.2843501039624
2026-10-06T00:00:00Z,2389.792728699225,-562.4408534207814,-562.4408534207814,-562.4408534207814,0,0,0,0,0,0,-641.1967284672644,-641.1967284672644,-641.1967284672644,0,0,0,0,0,0,0,0,0,0,0,0,0,0,0,0,0,0,-641.1967284672644,-641.1967284672644,-641.1967284672644,0,0,0,0,0,0,0,0,0,-640.1496350298748,-640.1496350298748,-640.1496350298748,0,0,0,0,0,0,733.1039213654906,733.1039213654906,733.1039213654906,-14.198411289133013,-14.198411289133013,-14.198411289133013,0,0,0,346.6257325711333,3317.4557756813433,2379.709623527475,2399.4753868591083,1827.3518752784435
2026-10-07T00:00:00Z,2390.1110573088836,-322.10301837375846,-322.10301837375846,-322.10301837375846,0,0,0,0,0,0,-641.1967284672644,-641.1967284672644,-641.1967284672644,0,0,0,0,0,0,0,0,0,0,0,0,0,0,0,0,0,0,-641.1967284672644,-641.1967284672644,-641.1967284672644,0,0,0,0,0,0,0,0,0,-491.77245029706904,-491.77245029706904,-491.77245029706904,0,0,0,0,0,0,800.8560034330486,800.8560034330486,800.8560034330486,10.010156957526474,10.010156957526474,10.010156957526474,0,0,0,606.0384667210553,3584.8798046358083,2379.982474902376,2399.8642088556708,2068.008038935125
2026-10-08T00:00:00Z,2390.429385918542,319.0290028945277,319.0290028945277,319.0290028945277,0,0,0,0,0,0,0,0,0,0,0,0,0,0,0,0,0,0,0,0,0,0,0,0,0,0,0,0,0,0,0,0,0,0,0,0,0,0,0,-518.4670598634655,-518.4670598634655,-518.4670598634655,0,0,0,0,0,0,806.0626646835849,806.0626646835849,806.0626646835849,31.43339807440818,31.43339807440818,31.43339807440818,0,0,0,1175.3064951363065,4108.4935493206485,2380.223223467041,2400.2530308522323,2709.4583888130696
2026-10-09T00:00:00Z,2390.7477145282,171.63766398381588,171.63766398381588,171.63766398381588,0,0,0,0,0,0,0,0,0,0,0,0,0,0,0,0,0,0,0,0,0,0,0,0,0,0,0,0,0,0,0,0,0,0,0,0,0,0,0,-678.6848964193529,-678.6848964193529,-678.6848964193529,0,0,0,0,0,0,800.6017514013246,800.6017514013246,800.6017514013246,49.72080900184425,49.72080900184425,49.72080900184425,0,0,0,1112.9854076388146,4047.8205886219116,2380.450239783585,2400.641852848794,2562.385378512016
2026-10-10T00:00:00Z,2391.0660431378587,-2229.5581529016604,-2229.5581529016604,-2229.5581529016604,0,0,0,0,0,0,0,0,0,0,0,0,0,0,0,0,0,0,0,0,0,0,0,0,0,0,0,0,0,0,0,0,0,0,0,0,0,0,0,-816.035837969938,-816.035837969938,-816.035837969938,0,0,0,0,0,0,-1478.1331127788062,-1478.1331127788062,-1478.1331127788062,64.6107978470838,64.6107978470838,64.6107978470838,0,0,0,-1258.0533590987886,1561.6721034039535,2380.678309621866,2401.0306748453563,161.50789023619836
2026-10-11T00:00:00Z,2391.384371747517,-2799.5030366744327,-2799.5030366744327,-2799.5030366744327,0,0,0,0,0,0,0,0,0,0,0,0,0,0,0,0,0,0,0,0,0,0,0,0,0,0,0,0,0,0,0,0,0,0,0,0,0,0,0,-814.7984258136611,-814.7984258136611,-814.7984258136611,0,0,0,0,0,0,-2060.6417270830566,-2060.6417270830566,-2060.6417270830566,75.93711622228514,75.93711622228514,75.93711622228514,0,0,0,-1914.6571409644844,1099.1441065634376,2380.928922551546,2401.492784356079,-408.1186649269157
2026-10-12T00:00:00Z,2391.7027003571757,-209.32417821146763,-209.32417821146763,-209.32417821146763,0,0,0,0,0,0,0,0,0,0,0,0,0,0,0,0,0,0,0,0,0,0,0,0,0,0,0,0,0,0,0,0,0,0,0,0,0,0,0,-691.10736494969,-691.10736494969,-691.10736494969,0,0,0,0,0,0,398.15049898262265,398.15049898262265,398.15049898262265,83.63268775559983,83.63268775559983,83.63268775559983,0,0,0,714.8980051095364,3610.7485375477254,2381.205846716506,2401.8794101679973,2182.378522145708
2026-10-13T00:00:00Z,2392.021028966834,271.1889230372496,271.1889230372496,271.1889230372496,0,0,0,0,0,0,0,0,0,0,0,0,0,0,0,0,0,0,0,0,0,0,0,0,0,0,0,0,0,0,0,0,0,0,0,0,0,0,0,-549.6456992244455,-549.6456992244455,-549.6456992244455,0,0,0,0,0,0,733.1039213660875,733.1039213660875,733.1039213660875,87.73070089560754,87.73070089560754,87.73070089560754,0,0,0,1196.1309110826087,4174.298732167813,2381.4845844434235,2402.251936216332,2663.2099520040833
2026-10-14T00:00:00Z,2392.3393575764926,422.09706573881596,422.09706573881596,422.09706573881596,0,0,0,0,0,0,0,0,0,0,0,0,0,0,0,0,0,0,0,0,0,0,0,0,0,0,0,0,0,0,0,0,0,0,0,0,0,0,0,-467.1218479744761,-467.1218479744761,-467.1218479744761,0,0,0,0,0,0,800.8560034332672,800.8560034332672,800.8560034332672,88.36291028002474,88.36291028002474,88.36291028002474,0,0,0,1425.7356192549328,4322.877418830519,2381.7083180790764,2402.736281696964,2814.4364233153087
2026-10-15T00:00:00Z,2392.657686186151,467.50703303303175,467.50703303303175,467.50703303303175,0,0,0,0,0,0,0,0,0,0,0,0,0,0,0,0,0,0,0,0,0,0,0,0,0,0,0,0,0,0,0,0,0,0,0,0,0,0,0,-424.3108014563014,-424.3108014563014,-424.3108014563014,0,0,0,0,0,0,806.0626646843807,806.0626646843807,806.0626646843807,85.75516980495242,85.75516980495242,85.75516980495242,0,0,0,1417.2626061690023,4354.139492525578,2381.912124979597,2403.116293005196,2860.1647192191826
2026-10-16T00:00:00Z,2392.9760147958095,533.8667545870072,533.8667545870072,533.8667545870072,0,0,0,0,0,0,0,0,0,0,0,0,0,0,0,0,0,0,0,0,0,0,0,0,0,0,0,0,0,0,0,0,0,0,0,0,0,0,0,-346.9552966919854,-346.9552966919854,-346.9552966919854,0,0,0,0,0,0,800.6017513997255,800.6017513997255,800.6017513997255,80.22029987926703,80.22029987926703,80.22029987926703,0,0,0,1550.254345235614,4307.865837697079,2382.131329603734,2403.478448302696,2926.8427693828166
2026-10-17T00:00:00Z,2393.2943434054678,-1607.2369559216768,-1607.2369559216768,-1607.2369559216768,0,0,0,0,0,0,0,0,0,0,0,0,0,0,0,0,0,0,0,0,0,0,0,0,0,0,0,0,0,0,0,0,0,0,0,0,0,0,0,-201.25231202897666,-201.25231202897666,-201.25231202897666,0,0,0,0,0,0,-1478.133112777752,-1478.133112777752,-1478.133112777752,72.14846888505203,72.14846888505203,72.14846888505203,0,0,0,-699.6137882828303,2088.2898317994577,2382.38060972074,2403.916207310218,786.057387483791
2026-10-18T00:00:00Z,2393.612672015126,-2036.739795040644,-2036.739795040644,-2036.739795040644,0,0,0,0,0,0,0,0,0,0,0,0,0,0,0,0,0,0,0,0,0,0,0,0,0,0,0,0,0,0,0,0,0,0,0,0,0,0,0,-38.09341029481051,-38.09341029481051,-38.09341029481051,0,0,0,0,0,0,-2060.6417270807056,-2060.6417270807056,-2060.6417270807056,61.99534233487236,61.99534233487236,61.99534233487236,0,0,0,-1093.7341019201372,1829.0355836220065,2382.6258157780117,2404.3163830883673,356.8728769744821
2026-10-19T00:00:00Z,2393.9310006247847,508.8575554078048,508.8575554078048,508.8575554078048,0,0,0,0,0,0,0,0,0,0,0,0,0,0,0,0,0,0,0,0,0,0,0,0,0,0,0,0,0,0,0,0,0,0,0,0,0,0,0,60.4387359915312,60.4387359915312,60.4387359915312,0,0,0,0,0,0,398.15049898437496,398.15049898437496,398.15049898437496,50.26832043189864,50.26832043189864,50.26832043189864,0,0,0,1474.0821802759629,4271.231564348829,2382.871336790646,2404.726576454665,2902.7885560325894
2026-10-20T00:00:00Z,2394.249329234443,844.067243345386,844.067243345386,844.067243345386,0,0,0,0,0,0,0,0,0,0,0,0,0,0,0,0,0,0,0,0,0,0,0,0,0,0,0,0,0,0,0,0,0,0,0,0,0,0,0,73.45207831954711,73.45207831954711,73.45207831954711,0,0,0,0,0,0,733.1039213661163,733.1039213661163,733.1039213661163,37.511243659722524,37.511243659722524,37.511243659722524,0,0,0,1809.3101154520152,4631.929228872719,2383.123421472053,2405.1202534369418,3238.316572579829
2026-10-21T00:00:00Z,2394.5676578441016,896.8681337832126,896.8681337832126,896.8681337832126,0,0,0,0,0,0,0,0,0,0,0,0,0,0,0,0,0,0,0,0,0,0,0,0,0,0,0,0,0,0,0,0,0,0,0,0,0,0,0,71.72413550433578,71.72413550433578,71.72413550433578,0,0,0,0,0,0,800.8560034336462,800.8560034336462,800.8560034336462,24.287994845230468,24.287994845230468,24.287994845230468,0,0,0,1814.835744997576,4728.352053224962,2383.3669708715543,2405.5382574134665,3291.4357916273143
2026-10-22T00:00:00Z,2394.88598645376,967.225945775373,967.225945775373,967.225945775373,0,0,0,0,0,0,0,0,0,0,0,0,0,0,0,0,0,0,0,0,0,0,0,0,0,0,0,0,0,0,0,0,0,0,0,0,0,0,0,149.99781781742,149.99781781742,149.99781781742,0,0,0,0,0,0,806.0626646851765,806.0626646851765,806.0626646851765,11.165463272776762,11.165463272776762,11.165463272776762,0,0,0,1828.887505740337,4838.524798979544,2383.6105202710546,2405.923655692949,3362.111932229133
2026-10-23T00:00:00Z,2395.204315063418,1128.436647624191,1128.436647624191,1128.436647624191,0,0,0,0,0,0,0,0,0,0,0,0,0,0,0,0,0,0,0,0,0,0,0,0,0,0,0,0,0,0,0,0,0,0,0,0,0,0,0,329.1385355696467,329.1385355696467,329.1385355696467,0,0,0,0,0,0,800.6017514000378,800.6017514000378,800.6017514000378,-1.3036393454934605,-1.3036393454934605,-1.3036393454934605,0,0,0,1961.131979372398,5036.8619078038655,2383.858545171189,2406.3215315807442,3523.6409626876093
2026-10-24T00:00:00Z,2395.522643673077,-958.9074492517601,-958.9074492517601,-958.9074492517601,0,0,0,0,0,0,0,0,0,0,0,0,0,0,0,0,0,0,0,0,0,0,0,0,0,0,0,0,0,0,0,0,0,0,0,0,0,0,0,531.8232743503695,531.8232743503695,531.8232743503695,0,0,0,0,0,0,-1478.1331127808082,-1478.1331127808082,-1478.1331127808082,-12.597610821321245,-12.597610821321245,-12.597610821321245,0,0,0,71.11487130052348,2861.477776453348,2384.108331680298,2406.719382372789,1436.6151944213166
2026-10-25T00:00:00Z,2395.840972282735,-1420.3884055844367,-1420.3884055844367,-1420.3884055844367,0,0,0,0,0,0,0,0,0,0,0,0,0,0,0,0,0,0,0,0,0,0,0,0,0,0,0,0,0,0,0,0,0,0,0,0,0,0,0,662.4950635318141,662.4950635318141,662.4950635318141,0,0,0,0,0,0,-2060.6417270854727,-2060.6417270854727,-2060.6417270854727,-22.24174203077823,-22.24174203077823,-22.24174203077823,0,0,0,-496.7807721538826,2462.7968670531745,2384.358118189407,2407.116001811743,975.4525666982984
2026-10-26T00:00:00Z,2396.1593008923937,1080.5475836069247,1080.5475836069247,1080.5475836069247,0,0,0,0,0,0,0,0,0,0,0,0,0,0,0,0,0,0,0,0,0,0,0,0,0,0,0,0,0,0,0,0,0,0,0,0,0,0,0,712.2200586271679,712.2200586271679,712.2200586271679,0,0,0,0,0,0,398.1504989861273,398.1504989861273,398.1504989861273,-29.822974006370174,-29.822974006370174,-29.822974006370174,0,0,0,2037.595109702997,4872.033151624951,2384.6079046985155,2407.511060460844,3476.706884499318
2026-10-27T00:00:00Z,2396.477629502052,2674.6590695338778,2674.6590695338778,2674.6590695338778,0,0,0,0,0,0,1201.4993759236843,1201.4993759236843,1201.4993759236843,0,0,0,0,0,0,0,0,0,1201.4993759236843,1201.4993759236843,1201.4993759236843,0,0,0,0,0,0,0,0,0,0,0,0,0,0,0,0,0,0,775.058555164512,775.058555164512,775.058555164512,0,0,0,0,0,0,733.1039213658228,733.1039213658228,733.1039213658228,-35.0027829201413,-35.0027829201413,-35.0027829201413,0,0,0,3662.1491743528063,6627.436522504074,2384.8554853157225,2407.9190874170704,5071.136699035929
2026-10-28T00:00:00Z,2396.7959581117107,2910.363492508144,2910.363492508144,2910.363492508144,0,0,0,0,0,0,1201.4993759236843,1201.4993759236843,1201.4993759236843,0,0,0,0,0,0,0,0,0,1201.4993759236843,1201.4993759236843,1201.4993759236843,0,0,0,0,0,0,0,0,0,0,0,0,0,0,0,0,0,0,945.536006191743,945.536006191743,945.536006191743,0,0,0,0,0,0,800.8560034328405,800.8560034328405,800.8560034328405,-37.527893040123814,-37.527893040123814,-37.527893040123814,0,0,0,3863.4217001618413,6761.776792243607,2385.0792583653997,2408.3351194743614,5307.159450619854
2026-10-29T00:00:00Z,2397.114286721369,3160.433641608236,3160.433641608236,3160.433641608236,0,0,0,0,0,0,1201.4993759236843,1201.4993759236843,1201.4993759236843,0,0,0,0,0,0,0,0,0,1201.4993759236843,1201.4993759236843,1201.4993759236843,0,0,0,0,0,0,0,0,0,0,0,0,0,0,0,0,0,0,1190.1100767086305,1190.1100767086305,1190.1100767086305,0,0,0,0,0,0,806.0626646845825,806.0626646845825,806.0626646845825,-37.23847570866172,-37.23847570866172,-37.23847570866172,0,0,0,4042.247525830527,7029.161355763656,2385.3066201533925,2408.751568956506,5557.5479283296045
2026-10-30T00:00:00Z,2397.4326153310276,5807.967501489239,5807.967501489239,5807.967501489239,0,0,0,0,0,0,3715.290483842817,3715.290483842817,3715.290483842817,0,0,0,2513.791107919133,2513.791107919133,2513.791107919133,0,0,0,1201.4993759236843,1201.4993759236843,1201.4993759236843,0,0,0,0,0,0,0,0,0,0,0,0,0,0,0,0,0,0,1326.148827348263,1326.148827348263,1326.148827348263,0,0,0,0,0,0,800.6017514029379,800.6017514029379,800.6017514029379,-34.07356110477845,-34.07356110477845,-34.07356110477845,0,0,0,6623.949342620652,9677.528345034496,2385.5710533428455,2409.168986308315,8205.400116820267
2026-10-31T00:00:00Z,2397.7509439406863,5866.2766844205535,5866.2766844205535,5866.2766844205535,0,0,0,0,0,0,6221.093231655167,6221.093231655167,6221.093231655167,0,0,0,0,0,0,5019.593855731483,5019.593855731483,5019.593855731483,1201.4993759236843,1201.4993759236843,1201.4993759236843,0,0,0,0,0,0,0,0,0,0,0,0,0,0,0,0,0,0,1151.3900327242093,1151.3900327242093,1151.3900327242093,0,0,0,0,0,0,-1478.1331127838646,-1478.1331127838646,-1478.1331127838646,-28.07346717495867,-28.07346717495867,-28.07346717495867,0,0,0,6884.7848045966075,9742.956664514526,2385.789255699017,2409.5864036601242,8264.02762836124
2026-11-01T00:00:00Z,2398.0692725503445,-2071.5127305884043,-2071.5127305884043,-2071.5127305884043,0,0,0,0,0,0,-615.221000053812,-615.221000053812,-615.221000053812,0,0,0,0,0,0,0,0,0,0,0,0,0,0,0,-615.221000053812,-615.221000053812,-615.221000053812,0,0,0,0,0,0,0,0,0,0,0,0,623.7291310994683,623.7291310994683,623.7291310994683,0,0,0,0,0,0,-2060.6417270849133,-2060.6417270849133,-2060.6417270849133,-19.379134549147857,-19.379134549147857,-19.379134549147857,0,0,0,-1170.4072595113491,1776.258669358053,2385.999100824954,2410.003821011933,326.5565419619402
2026-11-02T00:00:00Z,2398.387601160003,-432.06640907399856,-432.06640907399856,-432.06640907399856,0,0,0,0,0,0,-752.8897151972958,-752.8897151972958,-752.8897151972958,0,0,0,0,0,0,0,0,0,0,0,0,-752.8897151972958,-752.8897151972958,-752.8897151972958,0,0,0,0,0,0,0,0,0,0,0,0,0,0,0,-69.09884770107509,-69.09884770107509,-69.09884770107509,0,0,0,0,0,0,398.15049898787964,398.15049898787964,398.15049898787964,-8.228345163507417,-8.228345163507417,-8.228345163507417,0,0,0,494.7789784757699,3358.346441131963,2386.2454965784837,2410.4212383637423,1966.3211920860047
2026-11-03T00:00:00Z,2398.7059297696615,-527.3137525514686,-527.3137525514686,-527.3137525514686,0,0,0,0,0,0,-641.1967284672644,-641.1967284672644,-641.1967284672644,0,0,0,0,0,0,0,0,0,0,0,0,0,0,0,0,0,0,-641.1967284672644,-641.1967284672644,-641.1967284672644,0,0,0,0,0,0,0,0,0,-624.2720522537954,-624.2720522537954,-624.2720522537954,0,0,0,0,0,0,733.1039213655289,733.1039213655289,733.1039213655289,5.051106804062086,5.051106804062086,5.051106804062086,0,0,0,259.8255491369629,3281.4309489169436,2386.4648992385382,2410.846803932342,1871.392177218193
2026-11-04T00:00:00Z,2399.02425837932,-657.6961556446479,-657.6961556446479,-657.6961556446479,0,0,0,0,0,0,-641.1967284672644,-641.1967284672644,-641.1967284672644,0,0,0,0,0,0,0,0,0,0,0,0,0,0,0,0,0,0,-641.1967284672644,-641.1967284672644,-641.1967284672644,0,0,0,0,0,0,0,0,0,-837.4065634158272,-837.4065634158272,-837.4065634158272,0,0,0,0,0,0,800.8560034332197,800.8560034332197,800.8560034332197,20.05113280522373,20.05113280522373,20.05113280522373,0,0,0,334.8184752450887,3210.88369945276,2386.684301898594,2411.2635879739087,1741.3281027346723
2026-11-05T00:00:00Z,2399.3425869889784,-538.7209938663725,-538.7209938663725,-538.7209938663725,0,0,0,0,0,0,-641.1967284672644,-641.1967284672644,-641.1967284672644,0,0,0,0,0,0,0,0,0,0,0,0,0,0,0,0,0,0,-641.1967284672644,-641.1967284672644,-641.1967284672644,0,0,0,0,0,0,0,0,0,-739.8826407438032,-739.8826407438032,-739.8826407438032,0,0,0,0,0,0,806.062664682738,806.062664682738,806.062664682738,36.295710661957244,36.295710661957244,36.295710661957244,0,0,0,338.5018789134123,3294.081648777556,2386.9037045586497,2411.6802101028466,1860.6215931226059
2026-11-06T00:00:00Z,2399.6609155986366,-336.45429430085125,-336.45429430085125,-336.45429430085125,0,0,0,0,0,0,-641.1967284672644,-641.1967284672644,-641.1967284672644,0,0,0,0,0,0,0,0,0,0,0,0,0,0,0,0,0,0,-641.1967284672644,-641.1967284672644,-641.1967284672644,0,0,0,0,0,0,0,0,0,-549.1148781827994,-549.1148781827994,-549.1148781827994,0,0,0,0,0,0,800.6017514032503,800.6017514032503,800.6017514032503,53.25556094596233,53.25556094596233,53.25556094596233,0,0,0,690.1806043382414,3569.9460101150644,2387.124577419949,2412.0698025703573,2063.206621297785
2026-11-07T00:00:00Z,2399.9792442082953,-2530.4930164574034,-2530.4930164574034,-2530.4930164574034,0,0,0,0,0,0,-641.1967284672644,-641.1967284672644,-641.1967284672644,0,0,0,0,0,0,0,0,0,0,0,0,0,0,0,0,0,0,-641.1967284672644,-641.1967284672644,-641.1967284672644,0,0,0,0,0,0,0,0,0,-481.52791387534893,-481.52791387534893,-481.52791387534893,0,0,0,0,0,0,-1478.1331127848655,-1478.1331127848655,-1478.1331127848655,70.36473867007514,70.36473867007514,70.36473867007514,0,0,0,-1639.5206976735308,1396.9295506549176,2387.3609110966045,2412.462438167693,-130.51377224910811
2026-11-08T00:00:00Z,2400.2975728179536,-4247.7236646258425,-4247.7236646258425,-4247.7236646258425,0,0,0,0,0,0,0,0,0,-1683.3583639625576,-1683.3583639625576,-1683.3583639625576,0,0,0,0,0,0,0,0,0,0,0,0,0,0,0,0,0,0,0,0,0,0,0,0,-1683.3583639625576,-1683.3583639625576,-1683.3583639625576,-590.7622508512701,-590.7622508512701,-590.7622508512701,0,0,0,0,0,0,-2060.6417270843544,-2060.6417270843544,-2060.6417270843544,87.03867727233974,87.03867727233974,87.03867727233974,0,0,0,-3336.073097772526,-437.1866718917975,2387.600680728584,2412.885264384553,-1847.426091807889
2026-11-09T00:00:00Z,2400.6159014276122,-259.2576324475359,-259.2576324475359,-259.2576324475359,0,0,0,0,0,0,0,0,0,0,0,0,0,0,0,0,0,0,0,0,0,0,0,0,0,0,0,0,0,0,0,0,0,0,0,0,0,0,0,-760.1013029939688,-760.1013029939688,-760.1013029939688,0,0,0,0,0,0,398.15049898845876,398.15049898845876,398.15049898845876,102.69317155797431,102.69317155797431,102.69317155797431,0,0,0,679.230985615555,3586.1029658227803,2387.805705790702,2413.308090601413,2141.3582689800764
2026-11-10T00:00:00Z,2400.9342300372705,14.915713307658784,14.915713307658784,14.915713307658784,0,0,0,0,0,0,0,0,0,0,0,0,0,0,0,0,0,0,0,0,0,0,0,0,0,0,0,0,0,0,0,0,0,0,0,0,0,0,0,-834.9519579986166,-834.9519579986166,-834.9519579986166,0,0,0,0,0,0,733.1039213664486,733.1039213664486,733.1039213664486,116.7637499398266,116.7637499398266,116.7637499398266,0,0,0,952.6239944220652,3869.093753058683,2388.010730852821,2413.730916818273,2415.849943344929
2026-11-11T00:00:00Z,2401.252558646929,167.0976804960685,167.0976804960685,167.0976804960685,0,0,0,0,0,0,0,0,0,0,0,0,0,0,0,0,0,0,0,0,0,0,0,0,0,0,0,0,0,0,0,0,0,0,0,0,0,0,0,-762.483188182053,-762.483188182053,-762.483188182053,0,0,0,0,0,0,800.8560034335987,800.8560034335987,800.8560034335987,128.72486524452273,128.72486524452273,128.72486524452273,0,0,0,995.6433583366829,3994.88635233168,2388.224306600544,2414.1439645514074,2568.3502391429975
2026-11-12T00:00:00Z,2401.5708872565874,328.32679264046965,328.32679264046965,328.32679264046965,0,0,0,0,0,0,0,0,0,0,0,0,0,0,0,0,0,0,0,0,0,0,0,0,0,0,0,0,0,0,0,0,0,0,0,0,0,0,0,-615.8442004080422,-615.8442004080422,-615.8442004080422,0,0,0,0,0,0,806.0626646835336,806.0626646835336,806.0626646835336,138.1083283649783,138.1083283649783,138.1083283649783,0,0,0,1217.9662155914477,4121.475944834415,2388.4420372521213,2414.424808519553,2729.897679897057
2026-11-13T00:00:00Z,2401.889215866246,445.186343508419,445.186343508419,445.186343508419,0,0,0,0,0,0,0,0,0,0,0,0,0,0,0,0,0,0,0,0,0,0,0,0,0,0,0,0,0,0,0,0,0,0,0,0,0,0,0,-499.93582841293585,-499.93582841293585,-499.93582841293585,0,0,0,0,0,0,800.6017514016511,800.6017514016511,800.6017514016511,144.52042051970372,144.52042051970372,144.52042051970372,0,0,0,1425.5173764581061,4400.769631835977,2388.746964947214,2414.833493332265,2847.0755593746653
2026-11-14T00:00:00Z,2402.2075444759043,-1775.6973629569834,-1775.6973629569834,-1775.6973629569834,0,0,0,0,0,0,0,0,0,0,0,0,0,0,0,0,0,0,0,0,0,0,0,0,0,0,0,0,0,0,0,0,0,0,0,0,0,0,0,-445.2213979312069,-445.2213979312069,-445.2213979312069,0,0,0,0,0,0,-1478.133112785867,-1478.133112785867,-1478.133112785867,147.6571477600906,147.6571477600906,147.6571477600906,0,0,0,-842.6627078109815,2141.0261443572754,2389.0990184303946,2415.249910923242,626.510181518921
2026-11-15T00:00:00Z,2402.5258730855626,-2307.334059187857,-2307.334059187857,-2307.334059187857,0,0,0,0,0,0,0,0,0,0,0,0,0,0,0,0,0,0,0,0,0,0,0,0,0,0,0,0,0,0,0,0,0,0,0,0,0,0,0,-394.0094772023898,-394.0094772023898,-394.0094772023898,0,0,0,0,0,0,-2060.641727082003,-2060.641727082003,-2060.641727082003,147.31714509653634,147.31714509653634,147.31714509653634,0,0,0,-1307.0931125822608,1597.2849523192417,2389.213153563588,2415.666328514219,95.19181389770574
2026-11-16T00:00:00Z,2402.8442016952213,260.30169527088293,260.30169527088293,260.30169527088293,0,0,0,0,0,0,0,0,0,0,0,0,0,0,0,0,0,0,0,0,0,0,0,0,0,0,0,0,0,0,0,0,0,0,0,0,0,0,0,-281.2605999038589,-281.2605999038589,-281.2605999038589,0,0,0,0,0,0,398.1504989832043,398.1504989832043,398.1504989832043,143.41179619153766,143.41179619153766,143.41179619153766,0,0,0,1251.929232786294,3991.539731721836,2389.3867672273805,2416.0827461051963,2663.1458969661044
2026-11-17T00:00:00Z,2403.1625303048795,752.7750005349977,752.7750005349977,752.7750005349977,0,0,0,0,0,0,0,0,0,0,0,0,0,0,0,0,0,0,0,0,0,0,0,0,0,0,0,0,0,0,0,0,0,0,0,0,0,0,0,-116.30112739220418,-116.30112739220418,-116.30112739220418,0,0,0,0,0,0,733.1039213664774,733.1039213664774,733.1039213664774,135.97220656072466,135.97220656072466,135.97220656072466,0,0,0,1653.4879876306868,4595.865770043366,2389.6575069329733,2416.498906344073,3155.937530839877
2026-11-18T00:00:00Z,2403.480858914538,948.8652810975809,948.8652810975809,948.8652810975809,0,0,0,0,0,0,0,0,0,0,0,0,0,0,0,0,0,0,0,0,0,0,0,0,0,0,0,0,0,0,0,0,0,0,0,0,0,0,0,22.856525882294548,22.856525882294548,22.856525882294548,0,0,0,0,0,0,800.8560034327932,800.8560034327932,800.8560034327932,125.15275178249311,125.15275178249311,125.15275178249311,0,0,0,1917.8611528524318,4688.028416955481,2389.9282466385666,2416.9147897731013,3352.346140012119
2026-11-19T00:00:00Z,2403.7991875241964,992.2718100046995,992.2718100046995,992.2718100046995,0,0,0,0,0,0,0,0,0,0,0,0,0,0,0,0,0,0,0,0,0,0,0,0,0,0,0,0,0,0,0,0,0,0,0,0,0,0,0,74.9781301574319,74.9781301574319,74.9781301574319,0,0,0,0,0,0,806.0626646843293,806.0626646843293,806.0626646843293,111.23101516293839,111.23101516293839,111.23101516293839,0,0,0,1984.4557763682126,4929.713519613508,2390.144803507519,2417.3306732021297,3396.070997528896
2026-11-20T00:00:00Z,2404.1175161338547,962.9996245868033,962.9996245868033,962.9996245868033,0,0,0,0,0,0,0,0,0,0,0,0,0,0,0,0,0,0,0,0,0,0,0,0,0,0,0,0,0,0,0,0,0,0,0,0,0,0,0,67.79384405099142,67.79384405099142,67.79384405099142,0,0,0,0,0,0,800.6017514000519,800.6017514000519,800.6017514000519,94.6040291357602,94.6040291357602,94.6040291357602,0,0,0,1940.1215760290597,4819.246352695958,2390.3539605229435,2417.747482249309,3367.117140720658
2026-11-21T00:00:00Z,2404.4358447435134,-1305.3725550128447,-1305.3725550128447,-1305.3725550128447,0,0,0,0,0,0,0,0,0,0,0,0,0,0,0,0,0,0,0,0,0,0,0,0,0,0,0,0,0,0,0,0,0,0,0,0,0,0,0,96.97971907448166,96.97971907448166,96.97971907448166,0,0,0,0,0,0,-1478.133112778778,-1478.133112778778,-1478.133112778778,75.78083869145159,75.78083869145159,75.78083869145159,0,0,0,-268.07357068416945,2481.5637135454263,2390.5631175383687,2418.253544228672,1099.0632897306687
2026-11-22T00:00:00Z,2404.7541733531716,-1775.2586356445463,-1775.2586356445463,-1775.2586356445463,0,0,0,0,0,0,0,0,0,0,0,0,0,0,0,0,0,0,0,0,0,0,0,0,0,0,0,0,0,0,0,0,0,0,0,0,0,0,0,230.01158099539444,230.01158099539444,230.01158099539444,0,0,0,0,0,0,-2060.6417270796524,-2060.6417270796524,-2060.6417270796524,55.37151043971148,55.37151043971148,55.37151043971148,0,0,0,-716.6212006849115,2115.07080658952,2390.77433115698,2418.7596062080347,629.4955377086253
2026-11-23T00:00:00Z,2405.0725019628303,866.7214943103581,866.7214943103581,866.7214943103581,0,0,0,0,0,0,0,0,0,0,0,0,0,0,0,0,0,0,0,0,0,0,0,0,0,0,0,0,0,0,0,0,0,0,0,0,0,0,0,434.49818074384945,434.49818074384945,434.49818074384945,0,0,0,0,0,0,398.1504989837835,398.1504989837835,398.1504989837835,34.07281458272534,34.07281458272534,34.07281458272534,0,0,0,1795.767133078303,4742.6484972000635,2390.9872383470006,2419.2289583549004,3271.7939962731884
2026-11-24T00:00:00Z,2405.3908305724885,1355.3433546717993,1355.3433546717993,1355.3433546717993,0,0,0,0,0,0,0,0,0,0,0,0,0,0,0,0,0,0,0,0,0,0,0,0,0,0,0,0,0,0,0,0,0,0,0,0,0,0,0,609.5885271513546,609.5885271513546,609.5885271513546,0,0,0,0,0,0,733.1039213661835,733.1039213661835,733.1039213661835,12.65090615426153,12.65090615426153,12.65090615426153,0,0,0,2352.3737962305477,5300.748888595498,2391.2001455370205,2419.649458007875,3760.734185244288
2026-11-25T00:00:00Z,2405.7091591821472,1486.0551161042576,1486.0551161042576,1486.0551161042576,0,0,0,0,0,0,0,0,0,0,0,0,0,0,0,0,0,0,0,0,0,0,0,0,0,0,0,0,0,0,0,0,0,0,0,0,0,0,0,693.2776891547653,693.2776891547653,693.2776891547653,0,0,0,0,0,0,800.8560034331722,800.8560034331722,800.8560034331722,-8.07857648367974,-8.07857648367974,-8.07857648367974,0,0,0,2453.029411269099,5346.495190813627,2391.427148622667,2420.0503268220027,3891.764275286405
2026-11-26T00:00:00Z,2406.0274877918055,2714.656645602509,2714.656645602509,2714.656645602509,0,0,0,0,0,0,1201.4993759236843,1201.4993759236843,1201.4993759236843,0,0,0,0,0,0,0,0,0,1201.4993759236843,1201.4993759236843,1201.4993759236843,0,0,0,0,0,0,0,0,0,0,0,0,0,0,0,0,0,0,734.3671013731464,734.3671013731464,734.3671013731464,0,0,0,0,0,0,806.0626646810952,806.0626646810952,806.0626646810952,-27.272496375416832,-27.272496375416832,-27.272496375416832,0,0,0,3723.3192981039374,6632.94940465647,2391.679089951528,2420.4497572626356,5120.684133394314
2026-11-27T00:00:00Z,2406.345816401464,2802.920887897149,2802.920887897149,2802.920887897149,0,0,0,0,0,0,1201.4993759236843,1201.4993759236843,1201.4993759236843,0,0,0,0,0,0,0,0,0,1201.4993759236843,1201.4993759236843,1201.4993759236843,0,0,0,0,0,0,0,0,0,0,0,0,0,0,0,0,0,0,844.9034780600867,844.9034780600867,844.9034780600867,0,0,0,0,0,0,800.6017513984525,800.6017513984525,800.6017513984525,-44.08371748507453,-44.08371748507453,-44.08371748507453,0,0,0,3734.9552949313156,6638.769322785575,2391.931031280389,2420.8721164886983,5209.266704298613
2026-11-28T00:00:00Z,2406.6641450111224,733.0493890165147,733.0493890165147,733.0493890165147,0,0,0,0,0,0,1201.4993759236843,1201.4993759236843,1201.4993759236843,0,0,0,0,0,0,0,0,0,1201.4993759236843,1201.4993759236843,1201.4993759236843,0,0,0,0,0,0,0,0,0,0,0,0,0,0,0,0,0,0,1067.3686221248563,1067.3686221248563,1067.3686221248563,0,0,0,0,0,0,-1478.1331127818341,-1478.1331127818341,-1478.1331127818341,-57.6854962501916,-57.6854962501916,-57.6854962501916,0,0,0,1653.365014768997,4561.470681443225,2392.1829726092506,2421.2486181439003,3139.7135340276373
2026-11-29T00:00:00Z,2406.9824736207806,2873.497964573313,2873.497964573313,2873.497964573313,0,0,0,0,0,0,3715.290483842817,3715.290483842817,3715.290483842817,0,0,0,2513.791107919133,2513.791107919133,2513.791107919133,0,0,0,1201.4993759236843,1201.4993759236843,1201.4993759236843,0,0,0,0,0,0,0,0,0,0,0,0,0,0,0,0,0,0,1286.1453123982508,1286.1453123982508,1286.1453123982508,0,0,0,0,0,0,-2060.6417270808847,-2060.6417270808847,-2060.6417270808847,-67.29610458687021,-67.29610458687021,-67.29610458687021,0,0,0,3898.459494689098,6807.0717886875555,2392.434913938111,2421.69604163472,5280.480438194094
2026-11-30T00:00:00Z,2407.3008022304393,7832.74523692517,7832.74523692517,7832.74523692517,0,0,0,0,0,0,6221.093231655167,6221.093231655167,6221.093231655167,0,0,0,0,0,0,5019.593855731483,5019.593855731483,5019.593855731483,1201.4993759236843,1201.4993759236843,1201.4993759236843,0,0,0,0,0,0,0,0,0,0,0,0,0,0,0,0,0,0,1285.7045098852382,1285.7045098852382,1285.7045098852382,0,0,0,0,0,0,398.1504989855356,398.1504989855356,398.1504989855356,-72.20300360077111,-72.20300360077111,-72.20300360077111,0,0,0,8830.225017322455,11711.862567775772,2392.690163585328,2422.1525622090667,10240.046039155608
2026-12-01T00:00:00Z,2407.619130840098,970.9374020269719,970.9374020269719,970.9374020269719,0,0,0,0,0,0,-615.221000053812,-615.221000053812,-615.221000053812,0,0,0,0,0,0,0,0,0,0,0,0,0,0,0,-615.221000053812,-615.221000053812,-615.221000053812,0,0,0,0,0,0,0,0,0,0,0,0,924.8403663624476,924.8403663624476,924.8403663624476,0,0,0,0,0,0,733.1039213658901,733.1039213658901,733.1039213658901,-71.78588564755356,-71.78588564755356,-71.78588564755356,0,0,0,1814.8856184189544,4856.1997350704305,2392.94599946683,2422.4935001816352,3378.55653286707
2026-12-02T00:00:00Z,2407.9374594497567,261.73071623939995,261.73071623939995,261.73071623939995,0,0,0,0,0,0,-752.8897151972958,-752.8897151972958,-752.8897151972958,0,0,0,0,0,0,0,0,0,0,0,0,-752.8897151972958,-752.8897151972958,-752.8897151972958,0,0,0,0,0,0,0,0,0,0,0,0,0,0,0,279.30234762557774,279.30234762557774,279.30234762557774,0,0,0,0,0,0,800.8560034333908,800.8560034333908,800.8560034333908,-65.53791962227297,-65.53791962227297,-65.53791962227297,0,0,0,1061.9954399186634,4136.229651569482,2393.2018353483318,2422.9012670981506,2669.6681756891567
2026-12-03T00:00:00Z,2408.255788059415,-269.5948183645725,-269.5948183645725,-269.5948183645725,0,0,0,0,0,0,-641.1967284672644,-641.1967284672644,-641.1967284672644,0,0,0,0,0,0,0,0,0,0,0,0,0,0,0,0,0,0,-641.1967284672644,-641.1967284672644,-641.1967284672644,0,0,0,0,0,0,0,0,0,-381.3761843320252,-381.3761843320252,-381.3761843320252,0,0,0,0,0,0,806.0626646832804,806.0626646832804,806.0626646832804,-53.084570248563544,-53.084570248563544,-53.084570248563544,0,0,0,675.0323761520822,3513.3534743943983,2393.4576712298335,2423.362079216818,2138.6609696948426
2026-12-04T00:00:00Z,2408.574116669073,-652.3451121265048,-652.3451121265048,-652.3451121265048,0,0,0,0,0,0,-641.1967284672644,-641.1967284672644,-641.1967284672644,0,0,0,0,0,0,0,0,0,0,0,0,0,0,0,0,0,0,-641.1967284672644,-641.1967284672644,-641.1967284672644,0,0,0,0,0,0,0,0,0,-777.5507191046812,-777.5507191046812,-777.5507191046812,0,0,0,0,0,0,800.6017513987649,800.6017513987649,800.6017513987649,-34.19941595332422,-34.19941595332422,-34.19941595332422,0,0,0,340.8507112717607,3300.3196240574034,2393.7135071113357,2423.822891335485,1756.2290045425684
2026-12-05T00:00:00Z,2408.892445278732,-2944.528396774701,-2944.528396774701,-2944.528396774701,0,0,0,0,0,0,-641.1967284672644,-641.1967284672644,-641.1967284672644,0,0,0,0,0,0,0,0,0,0,0,0,0,0,0,0,0,0,-641.1967284672644,-641.1967284672644,-641.1967284672644,0,0,0,0,0,0,0,0,0,-816.3820950884026,-816.3820950884026,-816.3820950884026,0,0,0,0,0,0,-1478.1331127807803,-1478.1331127807803,-1478.1331127807803,-8.816460438254483,-8.816460438254483,-8.816460438254483,0,0,0,-1866.7668297484797,1022.5969829663205,2393.9700125570585,2424.283703454152,-535.635951495969
2026-12-06T00:00:00Z,2409.21077388839,-3319.026609146503,-3319.026609146503,-3319.026609146503,0,0,0,0,0,0,-641.1967284672644,-641.1967284672644,-641.1967284672644,0,0,0,0,0,0,0,0,0,0,0,0,0,0,0,0,0,0,-641.1967284672644,-641.1967284672644,-641.1967284672644,0,0,0,0,0,0,0,0,0,-640.1496350294676,-640.1496350294676,-640.1496350294676,0,0,0,0,0,0,-2060.641727078534,-2060.641727078534,-2060.641727078534,22.961481428762937,22.961481428762937,22.961481428762937,0,0,0,-2298.0654605460495,623.8129767181048,2394.226535754774,2424.7288376106662,-909.8158352581127
2026-12-07T00:00:00Z,2409.529102498049,-673.9600353891856,-673.9600353891856,-673.9600353891856,0,0,0,0,0,0,-641.1967284672644,-641.1967284672644,-641.1967284672644,0,0,0,0,0,0,0,0,0,0,0,0,0,0,0,0,0,0,-641.1967284672644,-641.1967284672644,-641.1967284672644,0,0,0,0,0,0,0,0,0,-491.77245029710315,-491.77245029710315,-491.77245029710315,0,0,0,0,0,0,398.1504989791081,398.1504989791081,398.1504989791081,60.85864439607383,60.85864439607383,60.85864439607383,0,0,0,324.35114781096576,3253.109605751623,2394.4830589524904,2425.1512418080906,1735.5690671088632
2026-12-08T00:00:00Z,2409.847431107707,319.06349406978853,319.06349406978853,319.06349406978853,0,0,0,0,0,0,0,0,0,0,0,0,0,0,0,0,0,0,0,0,0,0,0,0,0,0,0,0,0,0,0,0,0,0,0,0,0,0,0,-518.467059862912,-518.467059862912,-518.467059862912,0,0,0,0,0,0,733.1039213655962,733.1039213655962,733.1039213655962,104.42663256710422,104.42663256710422,104.42663256710422,0,0,0,1310.4372250877375,4134.495645486633,2394.739582150206,2425.5466517245513,2728.9109251774958
2026-12-09T00:00:00Z,2410.1657597173657,275.22040116753993,275.22040116753993,275.22040116753993,0,0,0,0,0,0,0,0,0,0,0,0,0,0,0,0,0,0,0,0,0,0,0,0,0,0,0,0,0,0,0,0,0,0,0,0,0,0,0,-678.6848964190734,-678.6848964190734,-678.6848964190734,0,0,0,0,0,0,800.8560034331775,800.8560034331775,800.8560034331775,153.04929415343568,153.04929415343568,153.04929415343568,0,0,0,1301.7823828296612,4171.319313654782,2394.995566366635,2425.9966234264966,2685.3861608849056
2026-12-10T00:00:00Z,2410.484088327024,195.9789533633746,195.9789533633746,195.9789533633746,0,0,0,0,0,0,0,0,0,0,0,0,0,0,0,0,0,0,0,0,0,0,0,0,0,0,0,0,0,0,0,0,0,0,0,0,0,0,0,-816.035837969902,-816.035837969902,-816.035837969902,0,0,0,0,0,0,806.0626646826864,806.0626646826864,806.0626646826864,205.95212665058958,205.95212665058958,205.95212665058958,0,0,0,1146.3071323663446,4047.443636540764,2395.220287589311,2426.423780947487,2606.4630416903988
2026-12-11T00:00:00Z,2410.8024169366827,248.01939157204865,248.01939157204865,248.01939157204865,0,0,0,0,0,0,0,0,0,0,0,0,0,0,0,0,0,0,0,0,0,0,0,0,0,0,0,0,0,0,0,0,0,0,0,0,0,0,0,-814.7984258139461,-814.7984258139461,-814.7984258139461,0,0,0,0,0,0,800.6017513971656,800.6017513971656,800.6017513971656,262.21606598882914,262.21606598882914,262.21606598882914,0,0,0,1231.5910871983174,4081.644301065683,2395.409759363423,2426.8509384684785,2658.8218085087315
2026-12-12T00:00:00Z,2411.120745546341,-1848.4450842739461,-1848.4450842739461,-1848.4450842739461,0,0,0,0,0,0,0,0,0,0,0,0,0,0,0,0,0,0,0,0,0,0,0,0,0,0,0,0,0,0,0,0,0,0,0,0,0,0,0,-691.1073649490979,-691.1073649490979,-691.1073649490979,0,0,0,0,0,0,-1478.1331127838362,-1478.1331127838362,-1478.1331127838362,320.7953934589881,320.7953934589881,320.7953934589881,0,0,0,-925.5858380681098,2003.4179940697127,2395.7026620435468,2427.27809598947,562.6756612723948
2026-12-13T00:00:00Z,2411.439074155999,-2229.7480464696428,-2229.7480464696428,-2229.7480464696428,0,0,0,0,0,0,0,0,0,0,0,0,0,0,0,0,0,0,0,0,0,0,0,0,0,0,0,0,0,0,0,0,0,0,0,0,0,0,0,-549.6456992239898,-549.6456992239898,-549.6456992239898,0,0,0,0,0,0,-2060.6417270833012,-2060.6417270833012,-2060.6417270833012,380.5393798376481,380.5393798376481,380.5393798376481,0,0,0,-1213.1946096627478,1721.1787049875763,2395.947609313586,2427.70037337347,181.6910276863564
2026-12-14T00:00:00Z,2411.757402765658,371.2458313139839,371.2458313139839,371.2458313139839,0,0,0,0,0,0,0,0,0,0,0,0,0,0,0,0,0,0,0,0,0,0,0,0,0,0,0,0,0,0,0,0,0,0,0,0,0,0,0,-467.12184797491284,-467.12184797491284,-467.12184797491284,0,0,0,0,0,0,398.15049898086045,398.15049898086045,398.15049898086045,440.2171803080363,440.2171803080363,440.2171803080363,0,0,0,1258.0513187548606,4322.900893025171,2396.192556583626,2428.118586259602,2783.0032340796415
2026-12-15T00:00:00Z,2412.075731375316,807.3385193747916,807.3385193747916,807.3385193747916,0,0,0,0,0,0,0,0,0,0,0,0,0,0,0,0,0,0,0,0,0,0,0,0,0,0,0,0,0,0,0,0,0,0,0,0,0,0,0,-424.31080145621814,-424.31080145621814,-424.31080145621814,0,0,0,0,0,0,733.1039213656251,733.1039213656251,733.1039213656251,498.5453994653846,498.5453994653846,498.5453994653846,0,0,0,1798.9090391811567,4659.533748787175,2396.4375038536655,2428.5367991457356,3219.414250750108
2026-12-16T00:00:00Z,2412.394059984975,1008.1183723242732,1008.1183723242732,1008.1183723242732,0,0,0,0,0,0,0,0,0,0,0,0,0,0,0,0,0,0,0,0,0,0,0,0,0,0,0,0,0,0,0,0,0,0,0,0,0,0,0,-346.9552966919127,-346.9552966919127,-346.9552966919127,0,0,0,0,0,0,800.8560034329643,800.8560034329643,800.8560034329643,554.2176655832214,554.2176655832214,554.2176655832214,0,0,0,2032.7644162202625,4821.1181728085785,2396.6824511237055,2428.9460641606006,3420.5124323092477
2026-12-17T00:00:00Z,2412.712388594633,1210.7458424014496,1210.7458424014496,1210.7458424014496,0,0,0,0,0,0,0,0,0,0,0,0,0,0,0,0,0,0,0,0,0,0,0,0,0,0,0,0,0,0,0,0,0,0,0,0,0,0,0,-201.2523120293132,-201.2523120293132,-201.2523120293132,0,0,0,0,0,0,806.0626646820928,806.0626646820928,806.0626646820928,605.93548974867,605.93548974867,605.93548974867,0,0,0,2096.774580911429,4966.032675505644,2396.9207824269256,2429.3550585291728,3623.4582309960824
2026-12-18T00:00:00Z,2413.0307172042912,1414.9479814367194,1414.9479814367194,1414.9479814367194,0,0,0,0,0,0,0,0,0,0,0,0,0,0,0,0,0,0,0,0,0,0,0,0,0,0,0,0,0,0,0,0,0,0,0,0,0,0,0,-38.093410294941194,-38.093410294941194,-38.093410294941194,0,0,0,0,0,0,800.6017514019775,800.6017514019775,800.6017514019775,652.4396403296834,652.4396403296834,652.4396403296834,0,0,0,2377.4716246626003,5446.1549029116195,2397.0319929078632,2429.78646710106,3827.978698641011
2026-12-19T00:00:00Z,2413.34904581395,-725.1531388407933,-725.1531388407933,-725.1531388407933,0,0,0,0,0,0,0,0,0,0,0,0,0,0,0,0,0,0,0,0,0,0,0,0,0,0,0,0,0,0,0,0,0,0,0,0,0,0,0,60.438735991559064,60.438735991559064,60.438735991559064,0,0,0,0,0,0,-1478.133112784837,-1478.133112784837,-1478.133112784837,692.5412379524852,692.5412379524852,692.5412379524852,0,0,0,264.151688125136,3132.3323166796554,2397.2696369903856,2430.2289261657147,1688.1959069731565
2026-12-20T00:00:00Z,2413.667374423608,-1262.0378771241512,-1262.0378771241512,-1262.0378771241512,0,0,0,0,0,0,0,0,0,0,0,0,0,0,0,0,0,0,0,0,0,0,0,0,0,0,0,0,0,0,0,0,0,0,0,0,0,0,0,73.45207832012852,73.45207832012852,73.45207832012852,0,0,0,0,0,0,-2060.6417270827415,-2060.6417270827415,-2060.6417270827415,725.1517716384619,725.1517716384619,725.1517716384619,0,0,0,-402.46038934736623,2643.758560677261,2397.522796285389,2430.6126568199898,1151.629497299457
2026-12-21T00:00:00Z,2413.985703033267,1219.1858877885923,1219.1858877885923,1219.1858877885923,0,0,0,0,0,0,0,0,0,0,0,0,0,0,0,0,0,0,0,0,0,0,0,0,0,0,0,0,0,0,0,0,0,0,0,0,0,0,0,71.72413550405216,71.72413550405216,71.72413550405216,0,0,0,0,0,0,398.1504989814396,398.1504989814396,398.1504989814396,749.3112533031009,749.3112533031009,749.3112533031009,0,0,0,2165.3494010053264,5071.531742980914,2397.7657586634004,2430.9382831231583,3633.1715908218594
2026-12-22T00:00:00Z,2414.304031642925,1647.3155044434889,1647.3155044434889,1647.3155044434889,0,0,0,0,0,0,0,0,0,0,0,0,0,0,0,0,0,0,0,0,0,0,0,0,0,0,0,0,0,0,0,0,0,0,0,0,0,0,0,149.9978178167171,149.9978178167171,149.9978178167171,0,0,0,0,0,0,733.1039213650091,733.1039213650091,733.1039213650091,764.2137652617627,764.2137652617627,764.2137652617627,0,0,0,2664.8192548628904,5626.302497477606,2397.9770460046734,2431.384084929249,4061.619536086414
2026-12-23T00:00:00Z,2414.622360252584,1899.2242519008505,1899.2242519008505,1899.2242519008505,0,0,0,0,0,0,0,0,0,0,0,0,0,0,0,0,0,0,0,0,0,0,0,0,0,0,0,0,0,0,0,0,0,0,0,0,0,0,0,329.13853556986044,329.13853556986044,329.13853556986044,0,0,0,0,0,0,800.8560034333435,800.8560034333435,800.8560034333435,769.2297128976468,769.2297128976468,769.2297128976468,0,0,0,2839.3308353501725,5702.501754895152,2398.1883333459473,2431.8461403838373,4313.846612153435
2026-12-24T00:00:00Z,2414.940688862242,2101.81010994629,2101.81010994629,2101.81010994629,0,0,0,0,0,0,0,0,0,0,0,0,0,0,0,0,0,0,0,0,0,0,0,0,0,0,0,0,0,0,0,0,0,0,0,0,0,0,0,531.8232743508887,531.8232743508887,531.8232743508887,0,0,0,0,0,0,806.062664684278,806.062664684278,806.062664684278,763.9241709111232,763.9241709111232,763.9241709111232,0,0,0,3079.254966196087,6014.671658780351,2398.4105145783865,2432.297913030459,4516.750798808533
2026-12-25T00:00:00Z,2415.2590174719007,2211.167619653463,2211.167619653463,2211.167619653463,0,0,0,0,0,0,0,0,0,0,0,0,0,0,0,0,0,0,0,0,0,0,0,0,0,0,0,0,0,0,0,0,0,0,0,0,0,0,0,662.4950635317533,662.4950635317533,662.4950635317533,0,0,0,0,0,0,800.6017514003782,800.6017514003782,800.6017514003782,748.0708047213317,748.0708047213317,748.0708047213317,0,0,0,3167.7892346138174,6105.332177060915,2398.6535229043725,2432.7496856770813,4626.426637125363
2026-12-26T00:00:00Z,2415.577346081559,-44.25209783904236,-44.25209783904236,-44.25209783904236,0,0,0,0,0,0,0,0,0,0,0,0,0,0,0,0,0,0,0,0,0,0,0,0,0,0,0,0,0,0,0,0,0,0,0,0,0,0,0,712.2200586274198,712.2200586274198,712.2200586274198,0,0,0,0,0,0,-1478.1331127858386,-1478.1331127858386,-1478.1331127858386,721.6609563193758,721.6609563193758,721.6609563193758,0,0,0,1008.5350010563905,3819.944425857064,2398.880451712196,2433.174617335299,2371.3252482425164
2026-12-27T00:00:00Z,2415.895674691217,600.8238074320428,600.8238074320428,600.8238074320428,0,0,0,0,0,0,1201.4993759236843,1201.4993759236843,1201.4993759236843,0,0,0,0,0,0,0,0,0,1201.4993759236843,1201.4993759236843,1201.4993759236843,0,0,0,0,0,0,0,0,0,0,0,0,0,0,0,0,0,0,775.0585551644893,775.0585551644893,775.0585551644893,0,0,0,0,0,0,-2060.641727082182,-2060.641727082182,-2060.641727082182,684.9076034260511,684.9076034260511,684.9076034260511,0,0,0,1571.8186674904573,4473.2460673699525,2399.09584193065,2433.5706916193712,3016.71948212326
2026-12-28T00:00:00Z,2416.214003300876,3183.4299102394293,3183.4299102394293,3183.4299102394293,0,0,0,0,0,0,1201.4993759236843,1201.4993759236843,1201.4993759236843,0,0,0,0,0,0,0,0,0,1201.4993759236843,1201.4993759236843,1201.4993759236843,0,0,0,0,0,0,0,0,0,0,0,0,0,0,0,0,0,0,945.5360061920583,945.5360061920583,945.5360061920583,0,0,0,0,0,0,398.1504989820188,398.1504989820188,398.1504989820188,638.2440291416685,638.2440291416685,638.2440291416685,0,0,0,4182.683075194699,7109.465716049328,2399.2781382729027,2433.9667659034435,5599.643913540305
2026-12-29T00:00:00Z,2416.532331910534,3707.030547040211,3707.030547040211,3707.030547040211,0,0,0,0,0,0,1201.4993759236843,1201.4993759236843,1201.4993759236843,0,0,0,0,0,0,0,0,0,1201.4993759236843,1201.4993759236843,1201.4993759236843,0,0,0,0,0,0,0,0,0,0,0,0,0,0,0,0,0,0,1190.1100767083003,1190.1100767083003,1190.1100767083003,0,0,0,0,0,0,733.1039213662507,733.1039213662507,733.1039213662507,582.3171730419753,582.3171730419753,582.3171730419753,0,0,0,4613.614598201368,7629.70072953963,2399.4298414408263,2434.412258279697,6123.562878950745
2026-12-30T00:00:00Z,2416.850660520193,6360.27108500332,6360.27108500332,6360.27108500332,0,0,0,0,0,0,3715.290483842817,3715.290483842817,3715.290483842817,0,0,0,2513.791107919133,2513.791107919133,2513.791107919133,0,0,0,1201.4993759236843,1201.4993759236843,1201.4993759236843,0,0,0,0,0,0,0,0,0,0,0,0,0,0,0,0,0,0,1326.1488273482444,1326.1488273482444,1326.1488273482444,0,0,0,0,0,0,800.8560034335621,800.8560034335621,800.8560034335621,517.9757703786966,517.9757703786966,517.9757703786966,0,0,0,7323.655111804568,10270.149549720321,2399.626513897052,2434.86235165853,8777.121745523513
2026-12-31T00:00:00Z,2417.1689891298515,8624.79944919351,8624.79944919351,8624.79944919351,0,0,0,0,0,0,6221.093231655167,6221.093231655167,6221.093231655167,0,0,0,0,0,0,5019.593855731483,5019.593855731483,5019.593855731483,1201.4993759236843,1201.4993759236843,1201.4993759236843,0,0,0,0,0,0,0,0,0,0,0,0,0,0,0,0,0,0,1151.3900327236015,1151.3900327236015,1151.3900327236015,0,0,0,0,0,0,806.0626646836845,806.0626646836845,806.0626646836845,446.2535201310569,446.2535201310569,446.2535201310569,0,0,0,9489.509164065455,12475.57345260538,2399.8309904842076,2435.306014318225,11041.968438323362
2027-01-01T00:00:00Z,2417.4873177395098,1177.457533995233,1177.457533995233,1177.457533995233,0,0,0,0,0,0,-615.221000053812,-615.221000053812,-615.221000053812,0,0,0,0,0,0,0,0,0,0,0,0,0,0,0,-615.221000053812,-615.221000053812,-615.221000053812,0,0,0,0,0,0,0,0,0,0,0,0,623.7291311000538,623.7291311000538,623.7291311000538,0,0,0,0,0,0,800.6017514006908,800.6017514006908,800.6017514006908,368.34765154830086,368.34765154830086,368.34765154830086,0,0,0,2150.260433953517,5211.180643187896,2400.043427241854,2435.7321431865553,3594.9448517347428
2027-01-02T00:00:00Z,2417.8056463491685,-2014.5282965801512,-2014.5282965801512,-2014.5282965801512,0,0,0,0,0,0,-752.8897151972958,-752.8897151972958,-752.8897151972958,0,0,0,0,0,0,0,0,0,0,0,0,-752.8897151972958,-752.8897151972958,-752.8897151972958,0,0,0,0,0,0,0,0,0,0,0,0,0,0,0,-69.09884770139291,-69.09884770139291,-69.09884770139291,0,0,0,0,0,0,-1478.1331127868395,-1478.1331127868395,-1478.1331127868395,285.59337910537727,285.59337910537727,285.59337910537727,0,0,0,-1206.4406694229228,1835.84747440305,2400.2586292426354,2436.1582720548854,403.2773497690173
2027-01-03T00:00:00Z,2418.1239749588267,-3126.6756635699285,-3126.6756635699285,-3126.6756635699285,0,0,0,0,0,0,-641.1967284672644,-641.1967284672644,-641.1967284672644,0,0,0,0,0,0,0,0,0,0,0,0,0,0,0,0,0,0,-641.1967284672644,-641.1967284672644,-641.1967284672644,0,0,0,0,0,0,0,0,0,-624.2720522546836,-624.2720522546836,-624.2720522546836,0,0,0,0,0,0,-2060.641727085157,-2060.641727085157,-2060.641727085157,199.43484423717697,199.43484423717697,199.43484423717697,0,0,0,-2145.009776711855,733.8394550713408,2400.5562252644113,2436.5844009232155,-708.5516886111018
2027-01-04T00:00:00Z,2418.4423035684854,-969.0595570155381,-969.0595570155381,-969.0595570155381,0,0,0,0,0,0,-641.1967284672644,-641.1967284672644,-641.1967284672644,0,0,0,0,0,0,0,0,0,0,0,0,0,0,0,0,0,0,-641.1967284672644,-641.1967284672644,-641.1967284672644,0,0,0,0,0,0,0,0,0,-837.4065634159429,-837.4065634159429,-837.4065634159429,0,0,0,0,0,0,398.1504989849442,398.1504989849442,398.1504989849442,111.39323588272471,111.39323588272471,111.39323588272471,0,0,0,20.36100099920745,2955.831001290675,2400.8513073017602,2437.010529791545,1449.3827465529473
2027-01-05T00:00:00Z,2418.7606321781436,-624.9425896171367,-624.9425896171367,-624.9425896171367,0,0,0,0,0,0,-641.1967284672644,-641.1967284672644,-641.1967284672644,0,0,0,0,0,0,0,0,0,0,0,0,0,0,0,0,0,0,-641.1967284672644,-641.1967284672644,-641.1967284672644,0,0,0,0,0,0,0,0,0,-739.8826407435004,-739.8826407435004,-739.8826407435004,0,0,0,0,0,0,733.1039213659571,733.1039213659571,733.1039213659571,23.032858227671284,23.032858227671284,23.032858227671284,0,0,0,288.1410617568301,3371.715236604869,2401.101155448437,2437.4366586598767,1793.818042561007
2027-01-06T00:00:00Z,2419.0789607878023,-453.5296322551558,-453.5296322551558,-453.5296322551558,0,0,0,0,0,0,-641.1967284672644,-641.1967284672644,-641.1967284672644,0,0,0,0,0,0,0,0,0,0,0,0,0,0,0,0,0,0,-641.1967284672644,-641.1967284672644,-641.1967284672644,0,0,0,0,0,0,0,0,0,-549.114878183121,-549.114878183121,-549.114878183121,0,0,0,0,0,0,800.8560034333487,800.8560034333487,800.8560034333487,-64.07402903811888,-64.07402903811888,-64.07402903811888,0,0,0,458.5468717607204,3505.5015354763495,2401.305268316281,2437.862787528207,1965.5493285326465
2027-01-07T00:00:00Z,2419.3972893974606,-465.0447143757737,-465.0447143757737,-465.0447143757737,0,0,0,0,0,0,-641.1967284672644,-641.1967284672644,-641.1967284672644,0,0,0,0,0,0,0,0,0,0,0,0,0,0,0,0,0,0,-641.1967284672644,-641.1967284672644,-641.1967284672644,0,0,0,0,0,0,0,0,0,-481.52791387527884,-481.52791387527884,-481.52791387527884,0,0,0,0,0,0,806.0626646844801,806.0626646844801,806.0626646844801,-148.38273671771063,-148.38273671771063,-148.38273671771063,0,0,0,481.1252021853846,3412.7328358177906,2401.507410527305,2438.2889163965365,1954.3525750216868
2027-01-08T00:00:00Z,2419.7156180071192,-18.57166271148215,-18.57166271148215,-18.57166271148215,0,0,0,0,0,0,0,0,0,0,0,0,0,0,0,0,0,0,0,0,0,0,0,0,0,0,0,0,0,0,0,0,0,0,0,0,0,0,0,-590.7622508509658,-590.7622508509658,-590.7622508509658,0,0,0,0,0,0,800.6017513971799,800.6017513971799,800.6017513971799,-228.41116325769636,-228.41116325769636,-228.41116325769636,0,0,0,838.4609614974094,3864.31787904365,2401.681032746529,2438.7150452648666,2401.143955295637
2027-01-09T00:00:00Z,2420.0339466167775,-2541.0078524044907,-2541.0078524044907,-2541.0078524044907,0,0,0,0,0,0,0,0,0,0,0,0,0,0,0,0,0,0,0,0,0,0,0,0,0,0,0,0,0,0,0,0,0,0,0,0,0,0,0,-760.1013029937734,-760.1013029937734,-760.1013029937734,0,0,0,0,0,0,-1478.1331127818057,-1478.1331127818057,-1478.1331127818057,-302.77343662891235,-302.77343662891235,-302.77343662891235,0,0,0,-1563.7001873615986,1331.6669129594347,2401.8699361216304,2439.1411741331967,-120.97390578771319
2027-01-10T00:00:00Z,2420.3522752264357,-3265.805030623472,-3265.805030623472,-3265.805030623472,0,0,0,0,0,0,0,0,0,0,0,0,0,0,0,0,0,0,0,0,0,0,0,0,0,0,0,0,0,0,0,0,0,0,0,0,0,0,0,-834.9519579987252,-834.9519579987252,-834.9519579987252,0,0,0,0,0,0,-2060.64172708639,-2060.64172708639,-2060.64172708639,-370.21134553835657,-370.21134553835657,-370.21134553835657,0,0,0,-2311.864321740898,610.5786509129981,2402.0648298031974,2439.5673030015278,-845.4527553970361
2027-01-11T00:00:00Z,2420.6706038360944,-793.9554664866604,-793.9554664866604,-793.9554664866604,0,0,0,0,0,0,0,0,0,0,0,0,0,0,0,0,0,0,0,0,0,0,0,0,0,0,0,0,0,0,0,0,0,0,0,0,0,0,0,-762.4831881821177,-762.4831881821177,-762.4831881821177,0,0,0,0,0,0,398.15049898552354,398.15049898552354,398.15049898552354,-429.62277729006615,-429.62277729006615,-429.62277729006615,0,0,0,159.93640873750277,3091.9792557524015,2402.2913504250987,2439.993431869858,1626.715137349434
2027-01-12T00:00:00Z,2420.9889324457527,-362.82673169093374,-362.82673169093374,-362.82673169093374,0,0,0,0,0,0,0,0,0,0,0,0,0,0,0,0,0,0,0,0,0,0,0,0,0,0,0,0,0,0,0,0,0,0,0,0,0,0,0,-615.8442004081538,-615.8442004081538,-615.8442004081538,0,0,0,0,0,0,733.1039213656635,733.1039213656635,733.1039213656635,-480.0864526484435,-480.0864526484435,-480.0864526484435,0,0,0,633.204929234736,3592.6425665749443,2402.517871047,2440.4195607381876,2058.162200754819
2027-01-13T00:00:00Z,2421.3072610554113,-219.9621645954147,-219.9621645954147,-219.9621645954147,0,0,0,0,0,0,0,0,0,0,0,0,0,0,0,0,0,0,0,0,0,0,0,0,0,0,0,0,0,0,0,0,0,0,0,0,0,0,0,-499.9358284136662,-499.9358284136662,-499.9358284136662,0,0,0,0,0,0,800.8560034331356,800.8560034331356,800.8560034331356,-520.8823396148838,-520.8823396148838,-520.8823396148838,0,0,0,679.9132957645322,3635.6823572880517,2402.744391668901,2440.842681256143,2201.3450964599965
2027-01-14T00:00:00Z,2421.6255896650696,-190.66596898304593,-190.66596898304593,-190.66596898304593,0,0,0,0,0,0,0,0,0,0,0,0,0,0,0,0,0,0,0,0,0,0,0,0,0,0,0,0,0,0,0,0,0,0,0,0,0,0,0,-445.22139793129145,-445.22139793129145,-445.22139793129145,0,0,0,0,0,0,806.0626646812458,806.0626646812458,806.0626646812458,-551.5072357330004,-551.5072357330004,-551.5072357330004,0,0,0,651.1957011021703,3693.665445696824,2402.9200608801984,2441.296777843943,2230.959620682024
2027-01-15T00:00:00Z,2421.943918274728,-165.0928554285994,-165.0928554285994,-165.0928554285994,0,0,0,0,0,0,0,0,0,0,0,0,0,0,0,0,0,0,0,0,0,0,0,0,0,0,0,0,0,0,0,0,0,0,0,0,0,0,0,-394.00947720242345,-394.00947720242345,-394.00947720242345,0,0,0,0,0,0,800.6017513974921,800.6017513974921,800.6017513974921,-571.6851296236679,-571.6851296236679,-571.6851296236679,0,0,0,793.9933801309626,3829.3821386276204,2403.0580328628707,2441.8500185064386,2256.8510628461286
2027-01-16T00:00:00Z,2422.2622468843865,-2340.7657964732434,-2340.7657964732434,-2340.7657964732434,0,0,0,0,0,0,0,0,0,0,0,0,0,0,0,0,0,0,0,0,0,0,0,0,0,0,0,0,0,0,0,0,0,0,0,0,0,0,0,-281.2605999036197,-281.2605999036197,-281.2605999036197,0,0,0,0,0,0,-1478.133112782807,-1478.133112782807,-1478.133112782807,-581.3720837868169,-581.3720837868169,-581.3720837868169,0,0,0,-1418.8110388843022,1490.5894532845477,2403.1985110831642,2442.4016184866496,81.49645041114309
2027-01-17T00:00:00Z,2422.5805754940448,-2757.6983733416228,-2757.6983733416228,-2757.6983733416228,0,0,0,0,0,0,0,0,0,0,0,0,0,0,0,0,0,0,0,0,0,0,0,0,0,0,0,0,0,0,0,0,0,0,0,0,0,0,0,-116.30112739198671,-116.30112739198671,-116.30112739198671,0,0,0,0,0,0,-2060.641727084039,-2060.641727084039,-2060.641727084039,-580.7555188655974,-580.7555188655974,-580.7555188655974,0,0,0,-1721.5702802958747,1057.692435519902,2403.385374910711,2442.815200092599,-335.117797847578
2027-01-18T00:00:00Z,2422.8989041037034,-149.24089610028014,-149.24089610028014,-149.24089610028014,0,0,0,0,0,0,0,0,0,0,0,0,0,0,0,0,0,0,0,0,0,0,0,0,0,0,0,0,0,0,0,0,0,0,0,0,0,0,0,22.85652588243143,22.85652588243143,22.85652588243143,0,0,0,0,0,0,398.15049898727557,398.15049898727557,398.15049898727557,-570.2479209699873,-570.2479209699873,-570.2479209699873,0,0,0,788.5434046427739,3727.6007613807847,2403.5867092091567,2443.2224956630034,2273.658008003423
2027-01-19T00:00:00Z,2423.2172327133617,257.606916927753,257.606916927753,257.606916927753,0,0,0,0,0,0,0,0,0,0,0,0,0,0,0,0,0,0,0,0,0,0,0,0,0,0,0,0,0,0,0,0,0,0,0,0,0,0,0,74.97813015720924,74.97813015720924,74.97813015720924,0,0,0,0,0,0,733.1039213653698,733.1039213653698,733.1039213653698,-550.4751345948262,-550.4751345948262,-550.4751345948262,0,0,0,1285.1390550017802,4142.851963695115,2403.8130271579303,2443.6297912334085,2680.8241496411147
2027-01-20T00:00:00Z,2423.5355613230204,346.39030700260344,346.39030700260344,346.39030700260344,0,0,0,0,0,0,0,0,0,0,0,0,0,0,0,0,0,0,0,0,0,0,0,0,0,0,0,0,0,0,0,0,0,0,0,0,0,0,0,67.79384405101051,67.79384405101051,67.79384405101051,0,0,0,0,0,0,800.8560034335145,800.8560034335145,800.8560034335145,-522.2595404819217,-522.2595404819217,-522.2595404819217,0,0,0,1282.7514002238736,4240.497368848348,2404.0416205210663,2444.022828439691,2769.925868325624
2027-01-21T00:00:00Z,2423.8538899326786,416.4438368788921,416.4438368788921,416.4438368788921,0,0,0,0,0,0,0,0,0,0,0,0,0,0,0,0,0,0,0,0,0,0,0,0,0,0,0,0,0,0,0,0,0,0,0,0,0,0,0,96.97971907539011,96.97971907539011,96.97971907539011,0,0,0,0,0,0,806.0626646834313,806.0626646834313,806.0626646834313,-486.59854687992936,-486.59854687992936,-486.59854687992936,0,0,0,1406.6959676215554,4355.984977621132,2404.2721309523467,2444.4135771774045,2840.2977268115706
2027-01-22T00:00:00Z,2424.1722185423373,585.9743917025064,585.9743917025064,585.9743917025064,0,0,0,0,0,0,0,0,0,0,0,0,0,0,0,0,0,0,0,0,0,0,0,0,0,0,0,0,0,0,0,0,0,0,0,0,0,0,0,230.01158099637925,230.01158099637925,230.01158099637925,0,0,0,0,0,0,800.6017513978046,800.6017513978046,800.6017513978046,-444.6389406916774,-444.6389406916774,-444.6389406916774,0,0,0,1550.6195043143405,4506.023763527309,2404.502641383627,2444.798728638723,3010.146610244844
2027-01-23T00:00:00Z,2424.4905471519955,-1441.2826809287615,-1441.2826809287615,-1441.2826809287615,0,0,0,0,0,0,0,0,0,0,0,0,0,0,0,0,0,0,0,0,0,0,0,0,0,0,0,0,0,0,0,0,0,0,0,0,0,0,0,434.4981807445021,434.4981807445021,434.4981807445021,0,0,0,0,0,0,-1478.133112783808,-1478.133112783808,-1478.133112783808,-397.6477488894556,-397.6477488894556,-397.6477488894556,0,0,0,-593.0406959881215,2363.527075836538,2404.6694628844166,2445.1581804799057,983.2078662232341
2027-01-24T00:00:00Z,2424.808875761654,-1798.0335475488612,-1798.0335475488612,-1798.0335475488612,0,0,0,0,0,0,0,0,0,0,0,0,0,0,0,0,0,0,0,0,0,0,0,0,0,0,0,0,0,0,0,0,0,0,0,0,0,0,0,609.588527151451,609.588527151451,609.588527151451,0,0,0,0,0,0,-2060.64172708348,-2060.64172708348,-2060.64172708348,-346.9803476168325,-346.9803476168325,-346.9803476168325,0,0,0,-843.3013413796886,2128.670041504803,2404.8855854055264,2445.515058502756,626.7753282127926
2027-01-25T00:00:00Z,2425.1272043713125,797.3815637933699,797.3815637933699,797.3815637933699,0,0,0,0,0,0,0,0,0,0,0,0,0,0,0,0,0,0,0,0,0,0,0,0,0,0,0,0,0,0,0,0,0,0,0,0,0,0,0,693.2776891549321,693.2776891549321,693.2776891549321,0,0,0,0,0,0,398.15049898084817,398.15049898084817,398.15049898084817,-294.04662434241027,-294.04662434241027,-294.04662434241027,0,0,0,1725.2083954013192,4616.180207238323,2405.112246686929,2445.8916335883728,3222.5087681646824
2027-01-26T00:00:00Z,2425.4455329809707,1227.1949772183934,1227.1949772183934,1227.1949772183934,0,0,0,0,0,0,0,0,0,0,0,0,0,0,0,0,0,0,0,0,0,0,0,0,0,0,0,0,0,0,0,0,0,0,0,0,0,0,0,734.3671013734738,734.3671013734738,734.3671013734738,0,0,0,0,0,0,733.1039213666119,733.1039213666119,733.1039213666119,-240.27604552169217,-240.27604552169217,-240.27604552169217,0,0,0,2139.781270841881,5146.033199970155,2405.3393050767254,2446.311321600801,3652.640510199364
2027-01-27T00:00:00Z,2425.7638615906294,2660.1763501397763,2660.1763501397763,2660.1763501397763,0,0,0,0,0,0,1201.4993759236843,1201.4993759236843,1201.4993759236843,0,0,0,0,0,0,0,0,0,1201.4993759236843,1201.4993759236843,1201.4993759236843,0,0,0,0,0,0,0,0,0,0,0,0,0,0,0,0,0,0,844.9034780607413,844.9034780607413,844.9034780607413,0,0,0,0,0,0,800.8560034327089,800.8560034327089,800.8560034327089,-187.0825072773583,-187.0825072773583,-187.0825072773583,0,0,0,3619.598933302272,6451.171960455251,2405.5695906092683,2446.731009613229,5085.940211730405
2027-01-28T00:00:00Z,2426.0821902002876,2939.1008137149747,2939.1008137149747,2939.1008137149747,0,0,0,0,0,0,1201.4993759236843,1201.4993759236843,1201.4993759236843,0,0,0,0,0,0,0,0,0,1201.4993759236843,1201.4993759236843,1201.4993759236843,0,0,0,0,0,0,0,0,0,0,0,0,0,0,0,0,0,0,1067.368622124366,1067.368622124366,1067.368622124366,0,0,0,0,0,0,806.0626646828372,806.0626646828372,806.0626646828372,-135.82984901591342,-135.82984901591342,-135.82984901591342,0,0,0,3887.1867755082303,6791.312118291633,2405.8020986900146,2447.1327345923596,5365.183003915263
2027-01-29T00:00:00Z,2426.4005188099463,3200.447550083189,3200.447550083189,3200.447550083189,0,0,0,0,0,0,1201.4993759236843,1201.4993759236843,1201.4993759236843,0,0,0,0,0,0,0,0,0,1201.4993759236843,1201.4993759236843,1201.4993759236843,0,0,0,0,0,0,0,0,0,0,0,0,0,0,0,0,0,0,1286.1453123976116,1286.1453123976116,1286.1453123976116,0,0,0,0,0,0,800.6017513942935,800.6017513942935,800.6017513942935,-87.79888963240037,-87.79888963240037,-87.79888963240037,0,0,0,4234.5468962948635,7084.485636018109,2405.930987877558,2447.5248602680763,5626.848068893136
2027-01-30T00:00:00Z,2426.718847419605,3478.7050773204846,3478.7050773204846,3478.7050773204846,0,0,0,0,0,0,3715.290483842817,3715.290483842817,3715.290483842817,0,0,0,2513.791107919133,2513.791107919133,2513.791107919133,0,0,0,1201.4993759236843,1201.4993759236843,1201.4993759236843,0,0,0,0,0,0,0,0,0,0,0,0,0,0,0,0,0,0,1285.7045098850094,1285.7045098850094,1285.7045098850094,0,0,0,0,0,0,-1478.1331127767191,-1478.1331127767191,-1478.1331127767191,-44.156803630622925,-44.156803630622925,-44.156803630622925,0,0,0,4416.020993050982,7412.41325546653,2406.045118658959,2447.916985943793,5905.423924740089
2027-01-31T00:00:00Z,2427.0371760292637,5079.362279689462,5079.362279689462,5079.362279689462,0,0,0,0,0,0,6221.093231655167,6221.093231655167,6221.093231655167,0,0,0,0,0,0,5019.593855731483,5019.593855731483,5019.593855731483,1201.4993759236843,1201.4993759236843,1201.4993759236843,0,0,0,0,0,0,0,0,0,0,0,0,0,0,0,0,0,0,924.840366363261,924.840366363261,924.840366363261,0,0,0,0,0,0,-2060.6417270829206,-2060.6417270829206,-2060.6417270829206,-5.929591246045432,-5.929591246045432,-5.929591246045432,0,0,0,5994.774684348755,8887.159146298402,2406.27419361576,2448.3091116195096,7506.399455718726
2027-02-01T00:00:00Z,2427.355504638922,88.25353231570396,88.25353231570396,88.25353231570396,0,0,0,0,0,0,-615.221000053812,-615.221000053812,-615.221000053812,0,0,0,0,0,0,0,0,0,0,0,0,0,0,0,-615.221000053812,-615.221000053812,-615.221000053812,0,0,0,0,0,0,0,0,0,0,0,0,279.3023476242224,279.3023476242224,279.3023476242224,0,0,0,0,0,0,398.1504989826004,398.1504989826004,398.1504989826004,26.021685762693075,26.021685762693075,26.021685762693075,0,0,0,1028.0583346530298,3824.896904782471,2406.5032685725614,2448.7958047664283,2515.609036954626
2027-02-02T00:00:00Z,2427.67383324858,-350.1416477915139,-350.1416477915139,-350.1416477915139,0,0,0,0,0,0,-752.8897151972958,-752.8897151972958,-752.8897151972958,0,0,0,0,0,0,0,0,0,0,0,0,-752.8897151972958,-752.8897151972958,-752.8897151972958,0,0,0,0,0,0,0,0,0,0,0,0,0,0,0,-381.3761843333569,-381.3761843333569,-381.3761843333569,0,0,0,0,0,0,733.1039213666404,733.1039213666404,733.1039213666404,51.02033037249819,51.02033037249819,51.02033037249819,0,0,0,639.4401965027303,3599.0115849060353,2406.7414686055554,2449.276568263663,2077.532185457066
2027-02-03T00:00:00Z,2427.992161858239,-549.3028041211329,-549.3028041211329,-549.3028041211329,0,0,0,0,0,0,-641.1967284672644,-641.1967284672644,-641.1967284672644,0,0,0,0,0,0,0,0,0,0,0,0,0,0,0,0,0,0,-641.1967284672644,-641.1967284672644,-641.1967284672644,0,0,0,0,0,0,0,0,0,-777.550719105047,-777.550719105047,-777.550719105047,0,0,0,0,0,0,800.8560034330882,800.8560034330882,800.8560034330882,68.58864001809047,68.58864001809047,68.58864001809047,0,0,0,335.3528951640847,3299.679599658945,2406.9809326356126,2449.7015436498673,1878.689357737106
2027-02-04T00:00:00Z,2428.310490467897,-573.0587527181953,-573.0587527181953,-573.0587527181953,0,0,0,0,0,0,-641.1967284672644,-641.1967284672644,-641.1967284672644,0,0,0,0,0,0,0,0,0,0,0,0,0,0,0,0,0,0,-641.1967284672644,-641.1967284672644,-641.1967284672644,0,0,0,0,0,0,0,0,0,-816.3820950879714,-816.3820950879714,-816.3820950879714,0,0,0,0,0,0,806.0626646836331,806.0626646836331,806.0626646836331,78.4574061534074,78.4574061534074,78.4574061534074,0,0,0,392.52506944007393,3263.1714426728254,2407.2203966656693,2450.122482098966,1855.251737749702
2027-02-05T00:00:00Z,2428.628819077556,-400.1745291401952,-400.1745291401952,-400.1745291401952,0,0,0,0,0,0,-641.1967284672644,-641.1967284672644,-641.1967284672644,0,0,0,0,0,0,0,0,0,0,0,0,0,0,0,0,0,0,-641.1967284672644,-641.1967284672644,-641.1967284672644,0,0,0,0,0,0,0,0,0,-640.1496350302298,-640.1496350302298,-640.1496350302298,0,0,0,0,0,0,800.6017514010172,800.6017514010172,800.6017514010172,80.57008295628182,80.57008295628182,80.57008295628182,0,0,0,555.2724093090583,3460.116359269704,2407.4598606957265,2450.5735256957028,2028.4542899373605
2027-02-06T00:00:00Z,2428.947147687214,-4882.338295120356,-4882.338295120356,-4882.338295120356,0,0,0,-2346.317565425847,-2346.317565425847,-2346.317565425847,-641.1967284672644,-641.1967284672644,-641.1967284672644,-2346.317565425847,-2346.317565425847,-2346.317565425847,0,0,0,0,0,0,0,0,0,0,0,0,0,0,0,-641.1967284672644,-641.1967284672644,-641.1967284672644,0,0,0,0,0,0,0,0,0,-491.77245029703084,-491.77245029703084,-491.77245029703084,0,0,0,0,0,0,-1478.1331127797753,-1478.1331127797753,-1478.1331127797753,75.08156184956206,75.08156184956206,75.08156184956206,0,0,0,-3803.594507864233,-914.8044742138603,2407.6993247257833,2451.0414181612505,-2453.3911474331417
2027-02-07T00:00:00Z,2429.2654762968723,-5504.271454122924,-5504.271454122924,-5504.271454122924,0,0,0,-2346.317565425847,-2346.317565425847,-2346.317565425847,-641.1967284672644,-641.1967284672644,-641.1967284672644,-2346.317565425847,-2346.317565425847,-2346.317565425847,0,0,0,0,0,0,0,0,0,0,0,0,0,0,0,-641.1967284672644,-641.1967284672644,-641.1967284672644,0,0,0,0,0,0,0,0,0,-518.4670598628951,-518.4670598628951,-518.4670598628951,0,0,0,0,0,0,-2060.6417270823613,-2060.6417270823613,-2060.6417270823613,62.35162671544415,62.35162671544415,62.35162671544415,0,0,0,-4566.167273070836,-1596.0791403568035,2407.9387887558405,2451.5115641873076,-3075.005977826052
2027-02-08T00:00:00Z,2429.583804906531,-2583.9186627666036,-2583.9186627666036,-2583.9186627666036,0,0,0,-2346.317565425847,-2346.317565425847,-2346.317565425847,0,0,0,-2346.317565425847,-2346.317565425847,-2346.317565425847,0,0,0,0,0,0,0,0,0,0,0,0,0,0,0,0,0,0,0,0,0,0,0,0,0,0,0,-678.6848964191289,-678.6848964191289,-678.6848964191289,0,0,0,0,0,0,398.15049898317955,398.15049898317955,398.15049898317955,42.93330009519324,42.93330009519324,42.93330009519324,0,0,0,-1615.2930351974414,1347.6144784824478,2408.1782527858973,2451.9603016954297,-154.3348578600726
2027-02-09T00:00:00Z,2429.902133516189,-65.37549683840537,-65.37549683840537,-65.37549683840537,0,0,0,0,0,0,0,0,0,0,0,0,0,0,0,0,0,0,0,0,0,0,0,0,0,0,0,0,0,0,0,0,0,0,0,0,0,0,0,-816.0358379698422,-816.0358379698422,-816.0358379698422,0,0,0,0,0,0,733.1039213660245,733.1039213660245,733.1039213660245,17.556419765412155,17.556419765412155,17.556419765412155,0,0,0,938.0937596327858,3834.2548667794053,2408.343588349964,2452.408599640901,2364.5266366777837
2027-02-10T00:00:00Z,2430.220462125848,-26.835517857154958,-26.835517857154958,-26.835517857154958,0,0,0,0,0,0,0,0,0,0,0,0,0,0,0,0,0,0,0,0,0,0,0,0,0,0,0,0,0,0,0,0,0,0,0,0,0,0,0,-814.7984258134862,-814.7984258134862,-814.7984258134862,0,0,0,0,0,0,800.8560034333067,800.8560034333067,800.8560034333067,-12.893095476975573,-12.893095476975573,-12.893095476975573,0,0,0,920.1462672094283,3893.5872721220035,2408.4019147410468,2452.856897586371,2403.384944268693
2027-02-11T00:00:00Z,2430.538790735506,67.55757446322565,67.55757446322565,67.55757446322565,0,0,0,0,0,0,0,0,0,0,0,0,0,0,0,0,0,0,0,0,0,0,0,0,0,0,0,0,0,0,0,0,0,0,0,0,0,0,0,-691.107364949267,-691.107364949267,-691.107364949267,0,0,0,0,0,0,806.0626646844289,806.0626646844289,806.0626646844289,-47.397725271936366,-47.397725271936366,-47.397725271936366,0,0,0,997.5936624192299,3921.985657104508,2408.465400108779,2453.254575074094,2498.0963651987317
2027-02-12T00:00:00Z,2430.8571193451644,166.1201366020964,166.1201366020964,166.1201366020964,0,0,0,0,0,0,0,0,0,0,0,0,0,0,0,0,0,0,0,0,0,0,0,0,0,0,0,0,0,0,0,0,0,0,0,0,0,0,0,-549.645699224716,-549.645699224716,-549.645699224716,0,0,0,0,0,0,800.6017513994182,800.6017513994182,800.6017513994182,-84.83591557260556,-84.83591557260556,-84.83591557260556,0,0,0,1199.5165551210266,4081.7344292338494,2408.53944234725,2453.699959800382,2596.977255947261
2027-02-13T00:00:00Z,2431.175447954823,-2069.266965327204,-2069.266965327204,-2069.266965327204,0,0,0,0,0,0,0,0,0,0,0,0,0,0,0,0,0,0,0,0,0,0,0,0,0,0,0,0,0,0,0,0,0,0,0,0,0,0,0,-467.1218479748483,-467.1218479748483,-467.1218479748483,0,0,0,0,0,0,-1478.1331127868116,-1478.1331127868116,-1478.1331127868116,-124.0120045655443,-124.0120045655443,-124.0120045655443,0,0,0,-1189.105195861182,1745.549904383728,2408.798156949392,2454.2190412646746,361.9084826276189
2027-02-14T00:00:00Z,2431.493776564482,-2648.6402507780217,-2648.6402507780217,-2648.6402507780217,0,0,0,0,0,0,0,0,0,0,0,0,0,0,0,0,0,0,0,0,0,0,0,0,0,0,0,0,0,0,0,0,0,0,0,0,0,0,0,-424.3108014556752,-424.3108014556752,-424.3108014556752,0,0,0,0,0,0,-2060.6417270800102,-2060.6417270800102,-2060.6417270800102,-163.68772224233584,-163.68772224233584,-163.68772224233584,0,0,0,-1629.0772394365113,1157.5702819923747,2409.065261341021,2454.5880327002274,-217.14647421353993
2027-02-15T00:00:00Z,2431.81210517414,-151.41924372610393,-151.41924372610393,-151.41924372610393,0,0,0,0,0,0,0,0,0,0,0,0,0,0,0,0,0,0,0,0,0,0,0,0,0,0,0,0,0,0,0,0,0,0,0,0,0,0,0,-346.9552966921432,-346.9552966921432,-346.9552966921432,0,0,0,0,0,0,398.15049897792505,398.15049897792505,398.15049897792505,-202.61444601188578,-202.61444601188578,-202.61444601188578,0,0,0,761.4097164105119,3746.294051139643,2409.3390003765435,2454.8919525884003,2280.392861448036
2027-02-16T00:00:00Z,2432.1304337837983,292.28622629250594,292.28622629250594,292.28622629250594,0,0,0,0,0,0,0,0,0,0,0,0,0,0,0,0,0,0,0,0,0,0,0,0,0,0,0,0,0,0,0,0,0,0,0,0,0,0,0,-201.2523120295442,-201.2523120295442,-201.2523120295442,0,0,0,0,0,0,733.103921366053,733.103921366053,733.103921366053,-239.56538304400286,-239.56538304400286,-239.56538304400286,0,0,0,1213.6497922256983,4119.683772373755,2409.549707611085,2455.3680895448,2724.416660076304
2027-02-17T00:00:00Z,2432.448762393457,489.3957331525593,489.3957331525593,489.3957331525593,0,0,0,0,0,0,0,0,0,0,0,0,0,0,0,0,0,0,0,0,0,0,0,0,0,0,0,0,0,0,0,0,0,0,0,0,0,0,0,-38.093410295120464,-38.093410295120464,-38.093410295120464,0,0,0,0,0,0,800.8560034330933,800.8560034330933,800.8560034330933,-273.3668599854137,-273.3668599854137,-273.3668599854137,0,0,0,1537.0016082938075,4457.017847070484,2409.6051669458247,2455.894232633246,2921.8444955460163
2027-02-18T00:00:00Z,2432.767091003115,563.5734688186818,563.5734688186818,563.5734688186818,0,0,0,0,0,0,0,0,0,0,0,0,0,0,0,0,0,0,0,0,0,0,0,0,0,0,0,0,0,0,0,0,0,0,0,0,0,0,0,60.438735991485366,60.438735991485366,60.438735991485366,0,0,0,0,0,0,806.062664682584,806.062664682584,806.062664682584,-302.9279318553878,-302.9279318553878,-302.9279318553878,0,0,0,1459.9982081006938,4314.3443473964435,2409.920555326371,2456.420375721691,2996.340559821797
2027-02-19T00:00:00Z,2433.085419612774,546.7862564135758,546.7862564135758,546.7862564135758,0,0,0,0,0,0,0,0,0,0,0,0,0,0,0,0,0,0,0,0,0,0,0,0,0,0,0,0,0,0,0,0,0,0,0,0,0,0,0,73.45207832038935,73.45207832038935,73.45207832038935,0,0,0,0,0,0,800.6017513997303,800.6017513997303,800.6017513997303,-327.26757330654397,-327.26757330654397,-327.26757330654397,0,0,0,1539.6427583965233,4349.686774496246,2410.3037268289863,2456.946007312935,2979.8716760263496
2027-02-20T00:00:00Z,2433.403748222432,-1751.9477627727226,-1751.9477627727226,-1751.9477627727226,0,0,0,0,0,0,0,0,0,0,0,0,0,0,0,0,0,0,0,0,0,0,0,0,0,0,0,0,0,0,0,0,0,0,0,0,0,0,0,71.72413550416348,71.72413550416348,71.72413550416348,0,0,0,0,0,0,-1478.1331127817775,-1478.1331127817775,-1478.1331127817775,-345.5387854951085,-345.5387854951085,-345.5387854951085,0,0,0,-702.4236063813353,2227.5386057939604,2410.703744101145,2457.353730076194,681.4559854497095
2027-02-21T00:00:00Z,2433.7220768320904,-2267.6929478086968,-2267.6929478086968,-2267.6929478086968,0,0,0,0,0,0,0,0,0,0,0,0,0,0,0,0,0,0,0,0,0,0,0,0,0,0,0,0,0,0,0,0,0,0,0,0,0,0,0,149.99781781601416,149.99781781601416,149.99781781601416,0,0,0,0,0,0,-2060.641727084777,-2060.641727084777,-2060.641727084777,-357.0490385399339,-357.0490385399339,-357.0490385399339,0,0,0,-1242.1453265708435,1663.0211129926092,2410.981434589677,2457.768410626959,166.02912902339358
2027-02-22T00:00:00Z,2434.040405441749,366.01246405209673,366.01246405209673,366.01246405209673,0,0,0,0,0,0,0,0,0,0,0,0,0,0,0,0,0,0,0,0,0,0,0,0,0,0,0,0,0,0,0,0,0,0,0,0,0,0,0,329.13853557006513,329.13853557006513,329.13853557006513,0,0,0,0,0,0,398.1504989866842,398.1504989866842,398.1504989866842,-361.27657050465257,-361.27657050465257,-361.27657050465257,0,0,0,1209.8440601861878,4151.334409220966,2411.2551736251994,2458.2538463170577,2800.0528694938457
2027-02-23T00:00:00Z,2434.3587340514073,907.0450194847294,907.0450194847294,907.0450194847294,0,0,0,0,0,0,0,0,0,0,0,0,0,0,0,0,0,0,0,0,0,0,0,0,0,0,0,0,0,0,0,0,0,0,0,0,0,0,0,531.8232743501319,531.8232743501319,531.8232743501319,0,0,0,0,0,0,733.1039213657593,733.1039213657593,733.1039213657593,-357.88217623116185,-357.88217623116185,-357.88217623116185,0,0,0,1986.422693341538,4729.356643935098,2411.528912660721,2458.7344663130766,3341.4037535361367
2027-02-24T00:00:00Z,2434.677062661066,2318.1342027966925,2318.1342027966925,2318.1342027966925,0,0,0,0,0,0,1201.4993759236843,1201.4993759236843,1201.4993759236843,0,0,0,0,0,0,0,0,0,1201.4993759236843,1201.4993759236843,1201.4993759236843,0,0,0,0,0,0,0,0,0,0,0,0,0,0,0,0,0,0,662.4950635316966,662.4950635316966,662.4950635316966,0,0,0,0,0,0,800.8560034328801,800.8560034328801,800.8560034328801,-346.71624009156847,-346.71624009156847,-346.71624009156847,0,0,0,3336.503042441391,6300.631387991468,2411.7903208154908,2459.1358763013327,4752.811265457758
2027-02-25T00:00:00Z,2434.995391270724,2391.96120668486,2391.96120668486,2391.96120668486,0,0,0,0,0,0,1201.4993759236843,1201.4993759236843,1201.4993759236843,0,0,0,0,0,0,0,0,0,1201.4993759236843,1201.4993759236843,1201.4993759236843,0,0,0,0,0,0,0,0,0,0,0,0,0,0,0,0,0,0,712.220058627761,712.220058627761,712.220058627761,0,0,0,0,0,0,806.0626646846307,806.0626646846307,806.0626646846307,-327.82089255121593,-327.82089255121593,-327.82089255121593,0,0,0,3376.5905044164774,6178.6162294383275,2411.9332020404536,2459.59532254944,4826.956597955585
2027-02-26T00:00:00Z,2435.3137198803825,2475.732384535419,2475.732384535419,2475.732384535419,0,0,0,0,0,0,1201.4993759236843,1201.4993759236843,1201.4993759236843,0,0,0,0,0,0,0,0,0,1201.4993759236843,1201.4993759236843,1201.4993759236843,0,0,0,0,0,0,0,0,0,0,0,0,0,0,0,0,0,0,775.0585551648612,775.0585551648612,775.0585551648612,0,0,0,0,0,0,800.6017514026305,800.6017514026305,800.6017514026305,-301.42729795575764,-301.42729795575764,-301.42729795575764,0,0,0,3469.269517960185,6269.127151163718,2412.0562516725477,2460.029004809148,4911.046104415802
2027-02-27T00:00:00Z,2435.632048490041,2914.7451704544656,2914.7451704544656,2914.7451704544656,0,0,0,0,0,0,3715.290483842817,3715.290483842817,3715.290483842817,0,0,0,2513.791107919133,2513.791107919133,2513.791107919133,0,0,0,1201.4993759236843,1201.4993759236843,1201.4993759236843,0,0,0,0,0,0,0,0,0,0,0,0,0,0,0,0,0,0,945.5360061923742,945.5360061923742,945.5360061923742,0,0,0,0,0,0,-1478.1331127848337,-1478.1331127848337,-1478.1331127848337,-267.9482067958923,-267.9482067958923,-267.9482067958923,0,0,0,3825.6681679050785,6860.1628625761405,2412.1793013046413,2460.4461262940185,5350.377218944506
2027-02-28T00:00:00Z,2435.9503770997,5122.595554740993,5122.595554740993,5122.595554740993,0,0,0,0,0,0,6221.093231655167,6221.093231655167,6221.093231655167,0,0,0,0,0,0,5019.593855731483,5019.593855731483,5019.593855731483,1201.4993759236843,1201.4993759236843,1201.4993759236843,0,0,0,0,0,0,0,0,0,0,0,0,0,0,0,0,0,0,1190.110076708364,1190.110076708364,1190.110076708364,0,0,0,0,0,0,-2060.641727084218,-2060.641727084218,-2060.641727084218,-227.9660265383201,-227.9660265383201,-227.9660265383201,0,0,0,6168.9896067632635,9023.733655296077,2412.302350936736,2460.8601066778365,7558.545931840693
2027-03-01T00:00:00Z,2436.268705709358,926.8615484635208,926.8615484635208,926.8615484635208,0,0,0,0,0,0,-615.221000053812,-615.221000053812,-615.221000053812,0,0,0,0,0,0,0,0,0,0,0,0,0,0,0,-615.221000053812,-615.221000053812,-615.221000053812,0,0,0,0,0,0,0,0,0,0,0,0,1326.1488273480786,1326.1488273480786,1326.1488273480786,0,0,0,0,0,0,398.15049898025654,398.15049898025654,398.15049898025654,-182.21677781100288,-182.21677781100288,-182.21677781100288,0,0,0,1837.325848610197,4772.682742122547,2412.4312160441464,2461.2730045495023,3363.1302541728787
2027-03-02T00:00:00Z,2436.5870343190168,1000.0338345046774,1000.0338345046774,1000.0338345046774,0,0,0,0,0,0,-752.8897151972958,-752.8897151972958,-752.8897151972958,0,0,0,0,0,0,0,0,0,0,0,0,-752.8897151972958,-752.8897151972958,-752.8897151972958,0,0,0,0,0,0,0,0,0,0,0,0,0,0,0,1151.3900327233107,1151.3900327233107,1151.3900327233107,0,0,0,0,0,0,733.1039213654658,733.1039213654658,733.1039213654658,-131.57040438680397,-131.57040438680397,-131.57040438680397,0,0,0,1971.983432470582,4895.5082709446315,2412.562253465606,2461.6950977673023,3436.6208688236943
2027-03-03T00:00:00Z,2436.9053629286755,706.3804125934465,706.3804125934465,706.3804125934465,0,0,0,0,0,0,-641.1967284672644,-641.1967284672644,-641.1967284672644,0,0,0,0,0,0,0,0,0,0,0,0,0,0,0,0,0,0,-641.1967284672644,-641.1967284672644,-641.1967284672644,0,0,0,0,0,0,0,0,0,623.7291310992241,623.7291310992241,623.7291310992241,0,0,0,0,0,0,800.8560034332592,800.8560034332592,800.8560034332592,-77.00799347177231,-77.00799347177231,-77.00799347177231,0,0,0,1708.5414234960094,4651.217295960596,2412.6955600366955,2462.158675161307,3143.285775522122
2027-03-04T00:00:00Z,2437.2236915383337,76.17055343205645,76.17055343205645,76.17055343205645,0,0,0,0,0,0,-641.1967284672644,-641.1967284672644,-641.1967284672644,0,0,0,0,0,0,0,0,0,0,0,0,0,0,0,0,0,0,-641.1967284672644,-641.1967284672644,-641.1967284672644,0,0,0,0,0,0,0,0,0,-69.09884770083275,-69.09884770083275,-69.09884770083275,0,0,0,0,0,0,806.0626646841757,806.0626646841757,806.0626646841757,-19.596535084022342,-19.596535084022342,-19.596535084022342,0,0,0,1064.4214815778612,3956.190166791027,2412.828866607785,2462.6222525553108,2513.39424497039
2027-03-05T00:00:00Z,2437.5420201479924,-425.3289334161555,-425.3289334161555,-425.3289334161555,0,0,0,0,0,0,-641.1967284672644,-641.1967284672644,-641.1967284672644,0,0,0,0,0,0,0,0,0,0,0,0,0,0,0,0,0,0,-641.1967284672644,-641.1967284672644,-641.1967284672644,0,0,0,0,0,0,0,0,0,-624.2720522553559,-624.2720522553559,-624.2720522553559,0,0,0,0,0,0,800.601751396532,800.601751396532,800.601751396532,39.53809590993275,39.53809590993275,39.53809590993275,0,0,0,447.7067293894297,3416.6154752885714,2412.962173178875,2463.1268963732587,2012.213086731837
2027-03-06T00:00:00Z,2437.8603487576506,-2857.4971891707005,-2857.4971891707005,-2857.4971891707005,0,0,0,0,0,0,-641.1967284672644,-641.1967284672644,-641.1967284672644,0,0,0,0,0,0,0,0,0,0,0,0,0,0,0,0,0,0,-641.1967284672644,-641.1967284672644,-641.1967284672644,0,0,0,0,0,0,0,0,0,-837.4065634155558,-837.4065634155558,-837.4065634155558,0,0,0,0,0,0,-1478.1331127837796,-1478.1331127837796,-1478.1331127837796,99.23921549589953,99.23921549589953,99.23921549589953,0,0,0,-1809.981433158601,1061.6925103700235,2413.095479749965,2463.638514302831,-419.63684041304987
2027-03-07T00:00:00Z,2438.178677367309,-3283.3733685332113,-3283.3733685332113,-3283.3733685332113,0,0,0,0,0,0,-641.1967284672644,-641.1967284672644,-641.1967284672644,0,0,0,0,0,0,0,0,0,0,0,0,0,0,0,0,0,0,-641.1967284672644,-641.1967284672644,-641.1967284672644,0,0,0,0,0,0,0,0,0,-739.8826407433966,-739.8826407433966,-739.8826407433966,0,0,0,0,0,0,-2060.6417270836587,-2060.6417270836587,-2060.6417270836587,158.34772776110873,158.34772776110873,158.34772776110873,0,0,0,-2371.7423239970967,623.0831110266573,2413.30662406039,2464.1501322324025,-845.1946911659024
2027-03-08T00:00:00Z,2438.4970059769676,64.76573137556218,64.76573137556218,64.76573137556218,0,0,0,0,0,0,0,0,0,0,0,0,0,0,0,0,0,0,0,0,0,0,0,0,0,0,0,0,0,0,0,0,0,0,0,0,0,0,0,-549.1148781826942,-549.1148781826942,-549.1148781826942,0,0,0,0,0,0,398.1504989890157,398.1504989890157,398.1504989890157,215.73011056924068,215.73011056924068,215.73011056924068,0,0,0,1059.1618241942142,4011.520072536256,2413.5816590958107,2464.6544518547657,2503.2627373525297
2027-03-09T00:00:00Z,2438.815334586626,-2673.43088532574,-2673.43088532574,-2673.43088532574,0,0,0,0,0,0,0,0,0,-3195.3121717196555,-3195.3121717196555,-3195.3121717196555,0,0,0,0,0,0,0,0,0,0,0,0,0,0,0,0,0,0,0,0,0,0,0,0,0,0,0,-481.52791387540674,-481.52791387540674,-481.52791387540674,0,0,0,-3195.3121717196555,-3195.3121717196555,-3195.3121717196555,733.1039213663855,733.1039213663855,733.1039213663855,270.30527890293655,270.30527890293655,270.30527890293655,0,0,0,-1657.0180259404285,1205.3794382446672,2413.8694317803092,2465.112509582551,-234.61555073911404
2027-03-10T00:00:00Z,2439.1336631962845,-1747.7160786065238,-1747.7160786065238,-1747.7160786065238,0,0,0,0,0,0,0,0,0,-2278.8794871135365,-2278.8794871135365,-2278.8794871135365,0,0,0,0,0,0,0,0,0,0,0,0,0,0,0,0,0,0,0,0,0,0,0,0,0,0,0,-590.762250850994,-590.762250850994,-590.762250850994,0,0,0,-2278.8794871135365,-2278.8794871135365,-2278.8794871135365,800.8560034340702,800.8560034340702,800.8560034340702,321.0696559239363,321.0696559239363,321.0696559239363,0,0,0,-688.2641295129331,2200.727734976207,2414.1572044648065,2465.570567310336,691.4175845897607
2027-03-11T00:00:00Z,2439.4519918059427,-57.767307767569015,-57.767307767569015,-57.767307767569015,0,0,0,0,0,0,0,0,0,-470.84850916358636,-470.84850916358636,-470.84850916358636,0,0,0,0,0,0,0,0,0,0,0,0,0,0,0,0,0,0,0,0,0,0,0,0,0,0,0,-760.1013029937012,-760.1013029937012,-760.1013029937012,0,0,0,-470.84850916358636,-470.84850916358636,-470.84850916358636,806.0626646835818,806.0626646835818,806.0626646835818,367.11983970613664,367.11983970613664,367.11983970613664,0,0,0,990.0870896045452,3839.937052261256,2414.4449771493046,2466.028625038121,2381.6846840383737
2027-03-12T00:00:00Z,2439.770320415601,-1304.7046441492828,-1304.7046441492828,-1304.7046441492828,0,0,0,0,0,0,0,0,0,-1678.0267643518362,-1678.0267643518362,-1678.0267643518362,0,0,0,0,0,0,0,0,0,0,0,0,0,0,0,0,0,0,0,0,0,0,0,0,0,0,0,-834.9519579987726,-834.9519579987726,-834.9519579987726,0,0,0,-1678.0267643518362,-1678.0267643518362,-1678.0267643518362,800.6017514013438,800.6017514013438,800.6017514013438,407.67232679998244,407.67232679998244,407.67232679998244,0,0,0,-361.8146425476953,2543.789399414526,2414.7327498338027,2466.516229714655,1135.0656762663182
2027-03-13T00:00:00Z,2440.0886490252597,-2814.677188509436,-2814.677188509436,-2814.677188509436,0,0,0,0,0,0,0,0,0,-1016.1407276776397,-1016.1407276776397,-1016.1407276776397,0,0,0,0,0,0,0,0,0,0,0,0,0,0,0,0,0,0,0,0,0,0,0,0,0,0,0,-762.483188182041,-762.483188182041,-762.483188182041,0,0,0,-1016.1407276776397,-1016.1407276776397,-1016.1407276776397,-1478.1331127787462,-1478.1331127787462,-1478.1331127787462,442.0798401289911,442.0798401289911,442.0798401289911,0,0,0,-1822.4033392716563,1054.7148180640384,2415.0205225183004,2467.039815181944,-374.5885394841762
2027-03-14T00:00:00Z,2440.4069776349183,-2356.519512605845,-2356.519512605845,-2356.519512605845,0,0,0,0,0,0,0,0,0,-149.87749077495258,-149.87749077495258,-149.87749077495258,0,0,0,0,0,0,0,0,0,0,0,0,0,0,0,0,0,0,0,0,0,0,0,0,0,0,0,-615.8442004081571,-615.8442004081571,-615.8442004081571,0,0,0,-149.87749077495258,-149.87749077495258,-149.87749077495258,-2060.641727081308,-2060.641727081308,-2060.641727081308,469.8439056585728,469.8439056585728,469.8439056585728,0,0,0,-1333.6332469932088,1602.4991104030294,2415.2753456978517,2467.5634006492337,83.88746502907316
2027-03-15T00:00:00Z,2440.7253062445766,350.8224946208653,350.8224946208653,350.8224946208653,0,0,0,0,0,0,0,0,0,-38.01560304467166,-38.01560304467166,-38.01560304467166,0,0,0,0,0,0,0,0,0,0,0,0,0,0,0,0,0,0,0,0,0,0,0,0,0,0,0,-499.93582841314935,-499.93582841314935,-499.93582841314935,0,0,0,-38.01560304467166,-38.01560304467166,-38.01560304467166,398.15049898376117,398.15049898376117,398.15049898376117,490.6234270949253,490.6234270949253,490.6234270949253,0,0,0,1327.9174736074945,4236.500309177004,2415.440473569653,2468.0810535700407,2791.547800865442
2027-03-16T00:00:00Z,2441.043634854235,-1458.7072659290266,-1458.7072659290266,-1458.7072659290266,0,0,0,0,0,0,0,0,0,-2250.8289069616485,-2250.8289069616485,-2250.8289069616485,0,0,0,0,0,0,0,0,0,0,0,0,0,0,0,0,0,0,0,0,0,0,0,0,0,0,0,-445.2213979315858,-445.2213979315858,-445.2213979315858,0,0,0,-2250.8289069616485,-2250.8289069616485,-2250.8289069616485,733.1039213664139,733.1039213664139,733.1039213664139,504.239117597794,504.239117597794,504.239117597794,0,0,0,-447.6794916994142,2396.285543764061,2415.6056014414544,2468.5947424291794,982.3363689252083
2027-03-17T00:00:00Z,2441.3619634638935,-719.7753522509155,-719.7753522509155,-719.7753522509155,0,0,0,0,0,0,0,0,0,-1637.2956375964209,-1637.2956375964209,-1637.2956375964209,0,0,0,0,0,0,0,0,0,0,0,0,0,0,0,0,0,0,0,0,0,0,0,0,0,0,0,-394.00947720269926,-394.00947720269926,-394.00947720269926,0,0,0,-1637.2956375964209,-1637.2956375964209,-1637.2956375964209,800.8560034328327,800.8560034328327,800.8560034328327,510.6737591153719,510.6737591153719,510.6737591153719,0,0,0,96.90117673264345,3143.463592617427,2415.7707293132553,2469.0744669570972,1721.586611212978
2027-03-18T00:00:00Z,2441.6802920735518,1034.8704352137534,1034.8704352137534,1034.8704352137534,0,0,0,0,0,0,0,0,0,0,0,0,0,0,0,0,0,0,0,0,0,0,0,0,0,0,0,0,0,0,0,0,0,0,0,0,0,0,0,-281.2605999038104,-281.2605999038104,-281.2605999038104,0,0,0,0,0,0,806.0626646843775,806.0626646843775,806.0626646843775,510.0683704331863,510.0683704331863,510.0683704331863,0,0,0,2130.106205675211,4763.346376506874,2415.935857185057,2469.5042962732564,3476.550727287305
2027-03-19T00:00:00Z,2441.9986206832104,1187.0150954085252,1187.0150954085252,1187.0150954085252,0,0,0,0,0,0,0,0,0,0,0,0,0,0,0,0,0,0,0,0,0,0,0,0,0,0,0,0,0,0,0,0,0,0,0,0,0,0,0,-116.30112739258477,-116.30112739258477,-116.30112739258477,0,0,0,0,0,0,800.6017513933332,800.6017513933332,800.6017513933332,502.7144714077769,502.7144714077769,502.7144714077769,0,0,0,2199.322385607127,5198.440811092536,2416.1009850568585,2469.9341255894155,3629.0137160917357
2027-03-20T00:00:00Z,2442.3169492928687,-966.2338565754605,-966.2338565754605,-966.2338565754605,0,0,0,0,0,0,0,0,0,0,0,0,0,0,0,0,0,0,0,0,0,0,0,0,0,0,0,0,0,0,0,0,0,0,0,0,0,0,0,22.85652588227753,22.85652588227753,22.85652588227753,0,0,0,0,0,0,-1478.1331127797469,-1478.1331127797469,-1478.1331127797469,489.0427303220087,489.0427303220087,489.0427303220087,0,0,0,25.96112873851871,2883.76456894316,2416.3410018337604,2470.3639549055747,1476.0830927174081
2027-03-21T00:00:00Z,2442.635277902527,-1516.0552256477363,-1516.0552256477363,-1516.0552256477363,0,0,0,0,0,0,0,0,0,0,0,0,0,0,0,0,0,0,0,0,0,0,0,0,0,0,0,0,0,0,0,0,0,0,0,0,0,0,0,74.97813015667381,74.97813015667381,74.97813015667381,0,0,0,0,0,0,-2060.6417270878665,-2060.6417270878665,-2060.6417270878665,469.60837128345634,469.60837128345634,469.60837128345634,0,0,0,-579.3306325910245,2403.7386987273962,2416.5821652953477,2470.783916701777,926.5800522547906
2027-03-22T00:00:00Z,2442.9536065121856,911.0181398381945,911.0181398381945,911.0181398381945,0,0,0,0,0,0,0,0,0,0,0,0,0,0,0,0,0,0,0,0,0,0,0,0,0,0,0,0,0,0,0,0,0,0,0,0,0,0,0,67.7938440520282,67.7938440520282,67.7938440520282,0,0,0,0,0,0,398.1504989843402,398.1504989843402,398.1504989843402,445.0737968018261,445.0737968018261,445.0737968018261,0,0,0,1988.2868104117365,4771.075706837134,2416.823328756934,2471.2038476554008,3353.9717463503803
2027-03-23T00:00:00Z,2443.271935121844,1246.272585647933,1246.272585647933,1246.272585647933,0,0,0,0,0,0,0,0,0,0,0,0,0,0,0,0,0,0,0,0,0,0,0,0,0,0,0,0,0,0,0,0,0,0,0,0,0,0,0,96.97971907567785,96.97971907567785,96.97971907567785,0,0,0,0,0,0,733.1039213657981,733.1039213657981,733.1039213657981,416.18894520645733,416.18894520645733,416.18894520645733,0,0,0,2320.3980377308026,5096.90686166313,2417.0786806815745,2471.623778609024,3689.5445207697767
2027-03-24T00:00:00Z,2443.5902637315025,1414.6375363232019,1414.6375363232019,1414.6375363232019,0,0,0,0,0,0,0,0,0,0,0,0,0,0,0,0,0,0,0,0,0,0,0,0,0,0,0,0,0,0,0,0,0,0,0,0,0,0,0,230.0115809957179,230.0115809957179,230.0115809957179,0,0,0,0,0,0,800.8560034336439,800.8560034336439,800.8560034336439,383.76995189384013,383.76995189384013,383.76995189384013,0,0,0,2386.3561552648316,5328.498140678683,2417.3383627384164,2472.043709562648,3858.2278000547044
2027-03-25T00:00:00Z,2443.908592341161,1589.2375618498593,1589.2375618498593,1589.2375618498593,0,0,0,0,0,0,0,0,0,0,0,0,0,0,0,0,0,0,0,0,0,0,0,0,0,0,0,0,0,0,0,0,0,0,0,0,0,0,0,434.49818074462024,434.49818074462024,434.49818074462024,0,0,0,0,0,0,806.0626646837836,806.0626646837836,806.0626646837836,348.67671642145524,348.67671642145524,348.67671642145524,0,0,0,2418.8097935359733,5490.339386870756,2417.5768964799345,2472.4636405162723,4033.1461541910203
2027-03-26T00:00:00Z,2444.226920950819,1721.9802721622334,1721.9802721622334,1721.9802721622334,0,0,0,0,0,0,0,0,0,0,0,0,0,0,0,0,0,0,0,0,0,0,0,0,0,0,0,0,0,0,0,0,0,0,0,0,0,0,0,609.5885271514835,609.5885271514835,609.5885271514835,0,0,0,0,0,0,800.601751398145,800.601751398145,800.601751398145,311.7899936126041,311.7899936126041,311.7899936126041,0,0,0,2850.0733191662757,5658.188862121123,2417.7670909209155,2472.883571469896,4166.207193113052
2027-03-27T00:00:00Z,2444.5452495604777,690.6325782254723,690.6325782254723,690.6325782254723,0,0,0,0,0,0,1201.4993759236843,1201.4993759236843,1201.4993759236843,0,0,0,0,0,0,0,0,0,1201.4993759236843,1201.4993759236843,1201.4993759236843,0,0,0,0,0,0,0,0,0,0,0,0,0,0,0,0,0,0,693.2776891552027,693.2776891552027,693.2776891552027,0,0,0,0,0,0,-1478.1331127828032,-1478.1331127828032,-1478.1331127828032,273.98862592938855,273.98862592938855,273.98862592938855,0,0,0,1741.9062656012725,4495.546925211345,2417.9534194517196,2473.3277708157134,3135.1778277859503
2027-03-28T00:00:00Z,2444.8635781701364,111.35226698096332,111.35226698096332,111.35226698096332,0,0,0,0,0,0,1201.4993759236843,1201.4993759236843,1201.4993759236843,0,0,0,0,0,0,0,0,0,1201.4993759236843,1201.4993759236843,1201.4993759236843,0,0,0,0,0,0,0,0,0,0,0,0,0,0,0,0,0,0,734.3671013738013,734.3671013738013,734.3671013738013,0,0,0,0,0,0,-2060.64172708019,-2060.64172708019,-2060.64172708019,236.12751676366688,236.12751676366688,236.12751676366688,0,0,0,1043.6670292452143,4000.170540308771,2418.1397479825227,2473.8022543944603,2556.2158451510995
2027-03-29T00:00:00Z,2445.1819067797946,2643.570263739516,2643.570263739516,2643.570263739516,0,0,0,0,0,0,1201.4993759236843,1201.4993759236843,1201.4993759236843,0,0,0,0,0,0,0,0,0,1201.4993759236843,1201.4993759236843,1201.4993759236843,0,0,0,0,0,0,0,0,0,0,0,0,0,0,0,0,0,0,844.903478060928,844.903478060928,844.903478060928,0,0,0,0,0,0,398.15049898609277,398.15049898609277,398.15049898609277,199.01691076881124,199.01691076881124,199.01691076881124,0,0,0,3806.232249947703,6595.764672049009,2418.326076513327,2474.2955782257322,5088.75217051931
2027-03-30T00:00:00Z,2445.500235389453,5679.166526436947,5679.166526436947,5679.166526436947,0,0,0,0,0,0,3715.290483842817,3715.290483842817,3715.290483842817,0,0,0,2513.791107919133,2513.791107919133,2513.791107919133,0,0,0,1201.4993759236843,1201.4993759236843,1201.4993759236843,0,0,0,0,0,0,0,0,0,0,0,0,0,0,0,0,0,0,1067.368622124103,1067.368622124103,1067.368622124103,0,0,0,0,0,0,733.1039213670399,733.1039213670399,733.1039213670399,163.40349910298585,163.40349910298585,163.40349910298585,0,0,0,6708.797465163392,9625.057839659672,2418.5124050441304,2474.7889020570046,8124.6667618264
2027-03-31T00:00:00Z,2445.8185639991116,8438.048353592587,8438.048353592587,8438.048353592587,0,0,0,0,0,0,6221.093231655167,6221.093231655167,6221.093231655167,0,0,0,0,0,0,5019.593855731483,5019.593855731483,5019.593855731483,1201.4993759236843,1201.4993759236843,1201.4993759236843,0,0,0,0,0,0,0,0,0,0,0,0,0,0,0,0,0,0,1286.1453123980555,1286.1453123980555,1286.1453123980555,0,0,0,0,0,0,800.8560034334303,800.8560034334303,800.8560034334303,129.95380610593378,129.95380610593378,129.95380610593378,0,0,0,9464.782288535052,12363.64154895678,2418.6987335749336,2475.2785502545157,10883.866917591698
