ds,trend,additive_terms,additive_terms_lower,additive_terms_upper,weekly,weekly_lower,weekly_upper,yearly,yearly_lower,yearly_upper,multiplicative_terms,multiplicative_terms_lower,multiplicative_terms_upper,yhat_lower,yhat_upper,trend_lower,trend_upper,yhat
2022-01-01T00:00:00Z,1978.7118244775418,-1366.2189182908226,-1366.2189182908226,-1366.2189182908226,-1400.6798521546746,-1400.6798521546746,-1400.6798521546746,34.46093386385239,34.46093386385239,34.46093386385239,0,0,0,-2130.9748519984432,3317.5963571455595,1978.7118244775418,1978.7118244775418,612.4929061867192
2022-01-02T00:00:00Z,1979.171927441593,-2098.077386151813,-2098.077386151813,-2098.077386151813,-2059.2151237487224,-2059.2151237487224,-2059.2151237487224,-38.86226240309036,-38.86226240309036,-38.86226240309036,0,0,0,-2708.5397775803026,2738.0736307716707,1979.171927441593,1979.171927441593,-118.90545871021982
2022-01-03T00:00:00Z,1979.6320304056446,96.06916730643445,96.06916730643445,96.06916730643445,207.10923604477648,207.10923604477648,207.10923604477648,-111.04006873834199,-111.04006873834199,-111.04006873834199,0,0,0,-749.5788326987426,4973.393381478445,1979.6320304056446,1979.6320304056446,2075.701197712079
2022-01-04T00:00:00Z,1980.0921333696958,607.5499405389887,607.5499405389887,607.5499405389887,788.420741973042,788.420741973042,788.420741973042,-180.87080143405345,-180.87080143405345,-180.87080143405345,0,0,0,94.78711429214428,5266.819623185504,1980.0921333696958,1980.0921333696958,2587.6420739086843
2022-01-05T00:00:00Z,1980.5522363337473,503.3498681615351,503.3498681615351,503.3498681615351,750.5590710468435,750.5590710468435,750.5590710468435,-247.20920288530834,-247.20920288530834,-247.20920288530834,0,0,0,-106.73832267967126,5386.694196016476,1980.5522363337473,1980.5522363337473,2483.9021044952824
2022-01-06T00:00:00Z,1981.0123392977987,529.0783353159911,529.0783353159911,529.0783353159911,838.0716227715126,838.0716227715126,838.0716227715126,-308.9932874555215,-308.9932874555215,-308.9932874555215,0,0,0,-359.2160243661632,5232.918740353271,1981.0123392977987,1981.0123392977987,2510.09067461379
2022-01-07T00:00:00Z,1981.4724422618501,510.465234923071,510.465234923071,510.465234923071,875.7343040599637,875.7343040599637,875.7343040599637,-365.2690691368927,-365.2690691368927,-365.2690691368927,0,0,0,-263.69786210441106,5152.546020864569,1981.4724422618501,1981.4724422618501,2491.937677184921
2022-01-08T00:00:00Z,1981.9325452259013,-1815.8923754242915,-1815.8923754242915,-1815.8923754242915,-1400.6798521474088,-1400.6798521474088,-1400.6798521474088,-415.2125232768828,-415.2125232768828,-415.2125232768828,0,0,0,-2628.158541198356,2738.2129860359464,1981.9325452259013,1981.9325452259013,166.04016980160986
2022-01-09T00:00:00Z,1982.392648189953,-2517.3633321394072,-2517.3633321394072,-2517.3633321394072,-2059.2151237481994,-2059.2151237481994,-2059.2151237481994,-458.1482083912089,-458.1482083912089,-458.1482083912089,0,0,0,-3285.498441817572,2464.2181106353537,1982.392648189953,1982.392648189953,-534.9706839494543
2022-01-10T00:00:00Z,1982.8527511540042,-286.4548274842041,-286.4548274842041,-286.4548274842041,207.10923604652467,207.10923604652467,207.10923604652467,-493.56406353072884,-493.56406353072884,-493.56406353072884,0,0,0,-948.6076282329747,4394.423085845555,1982.8527511540042,1982.8527511540042,1696.3979236698
2022-01-11T00:00:00Z,1983.3128541180554,267.2987426040662,267.2987426040662,267.2987426040662,788.4207419732004,788.4207419732004,788.4207419732004,-521.1219993691342,-521.1219993691342,-521.1219993691342,0,0,0,-501.9882751711052,4998.675822170482,1983.3128541180554,1983.3128541180554,2250.6115967221217
2022-01-12T00:00:00Z,1983.772957082107,209.89505676634673,209.89505676634673,209.89505676634673,750.5590710466759,750.5590710466759,750.5590710466759,-540.6640142803291,-540.6640142803291,-540.6640142803291,0,0,0,-655.3821106670239,4849.7797462025865,1983.772957082107,1983.772957082107,2193.668013848454
2022-01-13T00:00:00Z,1984.2330600461582,285.85793570375716,285.85793570375716,285.85793570375716,838.0716227713039,838.0716227713039,838.0716227713039,-552.2136870675465,-552.2136870675465,-552.2136870675465,0,0,0,-516.0389070884999,5106.970113013556,1984.2330600461582,1984.2330600461582,2270.0909957499152
2022-01-14T00:00:00Z,1984.69316301021,319.76128170410067,319.76128170410067,319.76128170410067,875.7343040645519,875.7343040645519,875.7343040645519,-555.9730223604512,-555.9730223604512,-555.9730223604512,0,0,0,-590.1924210875213,5086.96039426723,1984.69316301021,1984.69316301021,2304.4544447143107
2022-01-15T00:00:00Z,1985.153265974261,-1952.9946017199225,-1952.9946017199225,-1952.9946017199225,-1400.679852148591,-1400.679852148591,-1400.679852148591,-552.3147495713316,-552.3147495713316,-552.3147495713316,0,0,0,-2845.907807196778,2896.8118030561727,1985.153265974261,1985.153265974261,32.158664254338646
2022-01-16T00:00:00Z,1985.6133689383125,-2600.985422009354,-2600.985422009354,-2600.985422009354,-2059.215123746261,-2059.215123746261,-2059.215123746261,-541.7702982630929,-541.7702982630929,-541.7702982630929,0,0,0,-3602.5100675636004,2102.9304217215354,1985.6133689383125,1985.6133689383125,-615.3720530710414
2022-01-17T00:00:00Z,1986.073471902364,-317.904552403936,-317.904552403936,-317.904552403936,207.10923604827278,207.10923604827278,207.10923604827278,-525.0137884522089,-525.0137884522089,-525.0137884522089,0,0,0,-1251.867632537133,4568.103325999801,1986.073471902364,1986.073471902364,1668.1689194984278
2022-01-18T00:00:00Z,1986.5335748664154,285.57826139581135,285.57826139581135,285.57826139581135,788.4207419733588,788.4207419733588,788.4207419733588,-502.84248057754746,-502.84248057754746,-502.84248057754746,0,0,0,-415.5018503698159,5071.292963654784,1986.5335748664154,1986.5335748664154,2272.111836262227
2022-01-19T00:00:00Z,1986.9936778304666,274.4048473602801,274.4048473602801,274.4048473602801,750.5590710470656,750.5590710470656,750.5590710470656,-476.1542236867856,-476.1542236867856,-476.1542236867856,0,0,0,-616.0026486381753,4976.354525104928,1986.9936778304666,1986.9936778304666,2261.3985251907466
2022-01-20T00:00:00Z,1987.453780794518,392.1491035045859,392.1491035045859,392.1491035045859,838.0716227720172,838.0716227720172,838.0716227720172,-445.92251926743126,-445.92251926743126,-445.92251926743126,0,0,0,-422.55185204341774,4997.268906222907,1987.453780794518,1987.453780794518,2379.602884299104
2022-01-21T00:00:00Z,1987.9138837585695,462.5644241413145,462.5644241413145,462.5644241413145,875.7343040631533,875.7343040631533,875.7343040631533,-413.1698799218389,-413.1698799218389,-413.1698799218389,0,0,0,-357.45234003994057,5426.5892765933195,1987.9138837585695,1987.9138837585695,2450.478307899884
2022-01-22T00:00:00Z,1988.3739867226207,-1779.6200572602768,-1779.6200572602768,-1779.6200572602768,-1400.679852151318,-1400.679852151318,-1400.679852151318,-378.94020510895865,-378.94020510895865,-378.94020510895865,0,0,0,-2642.9122004625274,2874.343653610992,1988.3739867226207,1988.3739867226207,208.75392946234388
2022-01-23T00:00:00Z,1988.8340896866723,-2403.486043033795,-2403.486043033795,-2403.486043033795,-2059.215123747151,-2059.215123747151,-2059.215123747151,-344.2709192866433,-344.2709192866433,-344.2709192866433,0,0,0,-3230.1736795532734,2364.336240507897,1988.8340896866723,1988.8340896866723,-414.65195334712257
2022-01-24T00:00:00Z,1989.2941926507235,-103.05638439148092,-103.05638439148092,-103.05638439148092,207.10923604064766,207.10923604064766,207.10923604064766,-310.16562043212855,-310.16562043212855,-310.16562043212855,0,0,0,-942.5959888855537,4715.128290498616,1989.2941926507235,1989.2941926507235,1886.2378082592427
2022-01-25T00:00:00Z,1989.754295614775,510.8527729099094,510.8527729099094,510.8527729099094,788.4207419727273,788.4207419727273,788.4207419727273,-277.56796906281807,-277.56796906281807,-277.56796906281807,0,0,0,-502.0464734230561,5163.443590769613,1989.754295614775,1989.754295614775,2500.607068524684
2022-01-26T00:00:00Z,1990.2143985788264,503.2215609436126,503.2215609436126,503.2215609436126,750.5590710468978,750.5590710468978,750.5590710468978,-247.33751010328493,-247.33751010328493,-247.33751010328493,0,0,0,-519.4032764091274,5285.986533580988,1990.2143985788264,1990.2143985788264,2493.435959522439
2022-01-27T00:00:00Z,1990.6745015428778,617.8435594165642,617.8435594165642,617.8435594165642,838.0716227727305,838.0716227727305,838.0716227727305,-220.22806335616656,-220.22806335616656,-220.22806335616656,0,0,0,-23.736799911787777,5133.79192309629,1990.6745015428778,1990.6745015428778,2608.5180609594418
2022-01-28T00:00:00Z,1991.134604506929,678.8650594910537,678.8650594910537,678.8650594910537,875.7343040617542,875.7343040617542,875.7343040617542,-196.86924457070054,-196.86924457070054,-196.86924457070054,0,0,0,-236.1049004425097,5468.021668904047,1991.134604506929,1991.134604506929,2669.9996639979827
2022-01-29T00:00:00Z,1991.5947074709804,-1578.4314424336992,-1578.4314424336992,-1578.4314424336992,-1400.6798521540454,-1400.6798521540454,-1400.6798521540454,-177.7515902796538,-177.7515902796538,-177.7515902796538,0,0,0,-2401.572764367983,2937.3536439923805,1991.5947074709804,1991.5947074709804,413.16326503728123
2022-01-30T00:00:00Z,1992.0548104350319,-2222.430781964433,-2222.430781964433,-2222.430781964433,-2059.2151237498706,-2059.2151237498706,-2059.2151237498706,-163.21565821456142,-163.21565821456142,-163.21565821456142,0,0,0,-3060.117212548419,2534.625420872791,1992.0548104350319,1992.0548104350319,-230.37597152940134
2022-01-31T00:00:00Z,1992.514913399083,53.66387197401908,53.66387197401908,53.66387197401908,207.10923604239593,207.10923604239593,207.10923604239593,-153.44536406837682,-153.44536406837682,-153.44536406837682,0,0,0,-690.9033324652654,4843.131696928005,1992.514913399083,1992.514913399083,2046.178785373102
2022-02-01T00:00:00Z,1992.9750163631347,639.9550441786895,639.9550441786895,639.9550441786895,788.4207419728858,788.4207419728858,788.4207419728858,-148.4656977941964,-148.4656977941964,-148.4656977941964,0,0,0,-116.1138869678123,5443.467083760171,1992.9750163631347,1992.9750163631347,2632.9300605418243
2022-02-02T00:00:00Z,1993.435119327186,602.4142292684988,602.4142292684988,602.4142292684988,750.5590710470224,750.5590710470224,750.5590710470224,-148.14484177852336,-148.14484177852336,-148.14484177852336,0,0,0,-37.378420096343504,5388.567633988139,1993.435119327186,1993.435119327186,2595.8493485956847
2022-02-03T00:00:00Z,1993.8952222912376,685.8710302709744,685.8710302709744,685.8710302709744,838.0716227734441,838.0716227734441,838.0716227734441,-152.20059250246985,-152.20059250246985,-152.20059250246985,0,0,0,-48.72578322476191,5378.968663717023,1993.8952222912376,1993.8952222912376,2679.766252562212
2022-02-04T00:00:00Z,1994.3553252552888,715.5234340325503,715.5234340325503,715.5234340325503,875.7343040677118,875.7343040677118,875.7343040677118,-160.2108700351615,-160.2108700351615,-160.2108700351615,0,0,0,-78.46719509513616,5537.848081120204,1994.3553252552888,1994.3553252552888,2709.878759287839
2022-02-05T00:00:00Z,1994.8154282193402,-1572.30784129933,-1572.30784129933,-1572.30784129933,-1400.6798521536828,-1400.6798521536828,-1400.6798521536828,-171.62798914564743,-171.62798914564743,-171.62798914564743,0,0,0,-2490.709170770947,3104.9735169784058,1994.8154282193402,1994.8154282193402,422.5075869200102
2022-02-06T00:00:00Z,1995.2755311833916,-2245.011388749271,-2245.011388749271,-2245.011388749271,-2059.2151237493476,-2059.2151237493476,-2059.2151237493476,-185.79626499992324,-185.79626499992324,-185.79626499992324,0,0,0,-3040.2700924667497,2538.0391837705656,1995.2755311833916,1995.2755311833916,-249.73585756587954
2022-02-07T00:00:00Z,1995.7356341474429,5.1367979663365615,5.1367979663365615,5.1367979663365615,207.10923604414415,207.10923604414415,207.10923604414415,-201.97243807780754,-201.97243807780754,-201.97243807780754,0,0,0,-874.4242104218781,4842.623395109408,1995.7356341474429,1995.7356341474429,2000.8724321137795
2022-02-08T00:00:00Z,1996.1957371114943,569.0724124833579,569.0724124833579,569.0724124833579,788.4207419726492,788.4207419726492,788.4207419726492,-219.34832948929136,-219.34832948929136,-219.34832948929136,0,0,0,-94.70874277052087,5347.069349668803,1996.1957371114943,1996.1957371114943,2565.2681495948523
2022-02-09T00:00:00Z,1996.6558400755457,513.4839898090931,513.4839898090931,513.4839898090931,750.5590710465619,750.5590710465619,750.5590710465619,-237.07508123746868,-237.07508123746868,-237.07508123746868,0,0,0,-237.22874996912458,5042.326643536458,1996.6558400755457,1996.6558400755457,2510.139829884639
2022-02-10T00:00:00Z,1997.1159430395971,583.7833251229506,583.7833251229506,583.7833251229506,838.0716227704622,838.0716227704622,838.0716227704622,-254.28829764751168,-254.28829764751168,-254.28829764751168,0,0,0,-142.69315082119638,5326.4251914547085,1997.1159430395971,1997.1159430395971,2580.8992681625477
2022-02-11T00:00:00Z,1997.5760460036483,605.6009189700754,605.6009189700754,605.6009189700754,875.7343040649438,875.7343040649438,875.7343040649438,-270.1333850948684,-270.1333850948684,-270.1333850948684,0,0,0,-260.7495227524501,5411.615705390911,1997.5760460036483,1997.5760460036483,2603.176964973724
2022-02-12T00:00:00Z,1998.0361489677,-1684.4702398960403,-1684.4702398960403,-1684.4702398960403,-1400.6798521564097,-1400.6798521564097,-1400.6798521564097,-283.7903877396305,-283.7903877396305,-283.7903877396305,0,0,0,-2479.7863961213816,3349.715956347129,1998.0361489677,1998.0361489677,313.5659090716597
2022-02-13T00:00:00Z,1998.4962519317512,-2353.712760793469,-2353.712760793469,-2353.712760793469,-2059.2151237488238,-2059.2151237488238,-2059.2151237488238,-294.497637044646,-294.497637044646,-294.497637044646,0,0,0,-3137.997718762486,2358.9542664875144,1998.4962519317512,1998.4962519317512,-355.2165088617178
2022-02-14T00:00:00Z,1998.9563548958026,-94.46433568407073,-94.46433568407073,-94.46433568407073,207.10923604589235,207.10923604589235,207.10923604589235,-301.5735717299631,-301.5735717299631,-301.5735717299631,0,0,0,-994.8346902932086,4405.068707659275,1998.9563548958026,1998.9563548958026,1904.492019211732
2022-02-15T00:00:00Z,1999.416457859854,483.98460069768055,483.98460069768055,483.98460069768055,788.4207419732202,788.4207419732202,788.4207419732202,-304.4361412755397,-304.4361412755397,-304.4361412755397,0,0,0,-510.53123501846744,5107.817192275186,1999.416457859854,1999.416457859854,2483.4010585575347
2022-02-16T00:00:00Z,1999.8765608239053,447.9397926369924,447.9397926369924,447.9397926369924,750.5590710466867,750.5590710466867,750.5590710466867,-302.61927840969423,-302.61927840969423,-302.61927840969423,0,0,0,-374.6326553585247,5248.252590642229,1999.8765608239053,1999.8765608239053,2447.8163534608975
2022-02-17T00:00:00Z,2000.3366637879567,542.285610694156,542.285610694156,542.285610694156,838.0716227711756,838.0716227711756,838.0716227711756,-295.7860120770196,-295.7860120770196,-295.7860120770196,0,0,0,-45.95585414786074,5341.264489456123,2000.3366637879567,2000.3366637879567,2542.6222744821125
2022-02-18T00:00:00Z,2000.7967667520081,591.9964144203709,591.9964144203709,591.9964144203709,875.7343040649143,875.7343040649143,875.7343040649143,-283.7378896445435,-283.7378896445435,-283.7378896445435,0,0,0,-250.49144020357087,5272.945183524484,2000.7967667520081,2000.7967667520081,2592.7931811723793
2022-02-19T00:00:00Z,2001.2568697160596,-1667.1003349140665,-1667.1003349140665,-1667.1003349140665,-1400.6798521575924,-1400.6798521575924,-1400.6798521575924,-266.420482756474,-266.420482756474,-266.420482756474,0,0,0,-2603.130474900719,3170.155323072585,2001.2568697160596,2001.2568697160596,334.1565348019931
2022-02-20T00:00:00Z,2001.7169726801108,-2303.1399860161437,-2303.1399860161437,-2303.1399860161437,-2059.2151237483,-2059.2151237483,-2059.2151237483,-243.9248622678441,-243.9248622678441,-243.9248622678441,0,0,0,-3111.573489189759,2488.484748761004,2001.7169726801108,2001.7169726801108,-301.4230133360329
2022-02-21T00:00:00Z,2002.1770756441624,-9.37580484747672,-9.37580484747672,-9.37580484747672,207.1092360466363,207.1092360466363,207.1092360466363,-216.48504089411307,-216.48504089411307,-216.48504089411307,0,0,0,-814.1070743485255,4665.340840129184,2002.1770756441624,2002.1770756441624,1992.8012707966857
2022-02-22T00:00:00Z,2002.6371786082136,603.9492475530012,603.9492475530012,603.9492475530012,788.4207419729836,788.4207419729836,788.4207419729836,-184.47149441998263,-184.47149441998263,-184.47149441998263,0,0,0,-137.54412210477918,5532.569152397393,2002.6371786082136,2002.6371786082136,2606.586426161215
2022-02-23T00:00:00Z,2003.0972815722653,602.1780906850069,602.1780906850069,602.1780906850069,750.5590710468111,750.5590710468111,750.5590710468111,-148.38098036180438,-148.38098036180438,-148.38098036180438,0,0,0,-249.05647521300153,5388.9961924490235,2003.0972815722653,2003.0972815722653,2605.275372257272
2022-02-24T00:00:00Z,2003.5573845363165,729.2486489103686,729.2486489103686,729.2486489103686,838.0716227718891,838.0716227718891,838.0716227718891,-108.82297386152047,-108.82297386152047,-108.82297386152047,0,0,0,59.677137863737755,5442.967439494582,2003.5573845363165,2003.5573845363165,2732.806033446685
2022-02-25T00:00:00Z,2004.0174873362607,809.231172529742,809.231172529742,809.231172529742,875.7343040635155,875.7343040635155,875.7343040635155,-66.50313153377344,-66.50313153377344,-66.50313153377344,0,0,0,-4.91385211085707,5389.236953535148,2004.0174873362607,2004.0174873362607,2813.2486598660025
2022-02-26T00:00:00Z,2004.477590136205,-1422.8841246551606,-1422.8841246551606,-1422.8841246551606,-1400.6798521503263,-1400.6798521503263,-1400.6798521503263,-22.2042725048341,-22.2042725048341,-22.2042725048341,0,0,0,-2345.766577118322,3612.080304148695,2004.477590136205,2004.477590136205,581.5934654810444
2022-02-27T00:00:00Z,2004.937692936149,-2035.9805536243596,-2035.9805536243596,-2035.9805536243596,-2059.2151237510197,-2059.2151237510197,-2059.2151237510197,23.23457012665989,23.23457012665989,23.23457012665989,0,0,0,-2731.9708913834193,2842.6260158604746,2004.937692936149,2004.937692936149,-31.042860688210567
2022-02-28T00:00:00Z,2005.3977957360933,276.0496624446642,276.0496624446642,276.0496624446642,207.1092360493889,207.1092360493889,207.1092360493889,68.9404263952753,68.9404263952753,68.9404263952753,0,0,0,-380.1169764299663,5101.2750081446075,2005.3977957360933,2005.3977957360933,2281.4474581807576
2022-03-01T00:00:00Z,2005.8578985360375,902.4501057159299,902.4501057159299,902.4501057159299,788.4207419731422,788.4207419731422,788.4207419731422,114.02936374278772,114.02936374278772,114.02936374278772,0,0,0,134.3539082867149,5732.143944657868,2005.8578985360375,2005.8578985360375,2908.3080042519673
2022-03-02T00:00:00Z,2006.3180013359818,908.1885858404466,908.1885858404466,908.1885858404466,750.5590710463507,750.5590710463507,750.5590710463507,157.629514794096,157.629514794096,157.629514794096,0,0,0,12.57619157721893,5688.421813947128,2006.3180013359818,2006.3180013359818,2914.506587176428
2022-03-03T00:00:00Z,2006.7781041359262,1036.9751437324742,1036.9751437324742,1036.9751437324742,838.0716227698298,838.0716227698298,838.0716227698298,198.90352096264434,198.90352096264434,198.90352096264434,0,0,0,420.6398711527473,5923.659758825685,2006.7781041359262,2006.7781041359262,3043.7532478684006
2022-03-04T00:00:00Z,2007.2382069358703,1112.804082207291,1112.804082207291,1112.804082207291,875.7343040621166,875.7343040621166,875.7343040621166,237.06977814517447,237.06977814517447,237.06977814517447,0,0,0,197.7541043031761,5815.850271589467,2007.2382069358703,2007.2382069358703,3120.0422891431613
2022-03-05T00:00:00Z,2007.6983097358145,-1129.2579403792834,-1129.2579403792834,-1129.2579403792834,-1400.6798521515086,-1400.6798521515086,-1400.6798521515086,271.42191177222537,271.42191177222537,271.42191177222537,0,0,0,-1772.3537444037872,3765.0390615215524,2007.6983097358145,2007.6983097358145,878.4403693565312
2022-03-06T00:00:00Z,2008.1584125357588,-1757.8691585282486,-1757.8691585282486,-1757.8691585282486,-2059.215123749081,-2059.215123749081,-2059.215123749081,301.3459652208325,301.3459652208325,301.3459652208325,0,0,0,-2498.64628339244,3088.8960963642476,2008.1584125357588,2008.1584125357588,250.28925400751018
2022-03-07T00:00:00Z,2008.618515335703,533.4440923559655,533.4440923559655,533.4440923559655,207.1092360501328,207.1092360501328,207.1092360501328,326.33485630583266,326.33485630583266,326.33485630583266,0,0,0,-294.6122888771838,5209.528260155376,2008.618515335703,2008.618515335703,2542.0626076916687
2022-03-08T00:00:00Z,2009.078618135647,1134.420481054337,1134.420481054337,1134.420481054337,788.4207419729056,788.4207419729056,788.4207419729056,345.99973908143136,345.99973908143136,345.99973908143136,0,0,0,322.2770587791493,6079.979572772255,2009.078618135647,2009.078618135647,3143.499099189984
2022-03-09T00:00:00Z,2009.5387209355913,1110.6370710782103,1110.6370710782103,1110.6370710782103,750.5590710470334,750.5590710470334,750.5590710470334,360.0780000311767,360.0780000311767,360.0780000311767,0,0,0,361.25217639162315,6037.055069004462,2009.5387209355913,2009.5387209355913,3120.1757920138016
2022-03-10T00:00:00Z,2009.9988237355356,1206.5093389558072,1206.5093389558072,1206.5093389558072,838.071622769621,838.071622769621,838.071622769621,368.4377161861863,368.4377161861863,368.4377161861863,0,0,0,260.12661948085787,6016.850207795739,2009.9988237355356,2009.9988237355356,3216.5081626913425
2022-03-11T00:00:00Z,2010.4589265354798,1246.8128089573243,1246.8128089573243,1246.8128089573243,875.734304060718,875.734304060718,875.734304060718,371.0785048966058,371.0785048966058,371.0785048966058,0,0,0,564.5908452786274,5946.834347070029,2010.4589265354798,2010.4589265354798,3257.271735492804
2022-03-12T00:00:00Z,2010.919029335424,-1032.5510542226332,-1032.5510542226332,-1032.5510542226332,-1400.679852154236,-1400.679852154236,-1400.679852154236,368.1287979316028,368.1287979316028,368.1287979316028,0,0,0,-1817.8777523858607,3624.689546186865,2010.919029335424,2010.919029335424,978.3679751127909
2022-03-13T00:00:00Z,2011.379132135368,-1699.3754504105555,-1699.3754504105555,-1699.3754504105555,-2059.215123749972,-2059.215123749972,-2059.215123749972,359.8396733394167,359.8396733394167,359.8396733394167,0,0,0,-2613.696601451747,3044.060689199272,2011.379132135368,2011.379132135368,312.0036817248126
2022-03-14T00:00:00Z,2011.8392349353123,553.684710230356,553.684710230356,553.684710230356,207.1092360435117,207.1092360435117,207.1092360435117,346.57547418684413,346.57547418684413,346.57547418684413,0,0,0,-248.04065089720694,5494.935347537754,2011.8392349353123,2011.8392349353123,2565.5239451656685
2022-03-15T00:00:00Z,2012.2993377352566,1117.222273212204,1117.222273212204,1117.222273212204,788.420741972669,788.420741972669,788.420741972669,328.80153123953465,328.80153123953465,328.80153123953465,0,0,0,426.5592098829126,5938.010321029453,2012.2993377352566,2012.2993377352566,3129.5216109474604
2022-03-16T00:00:00Z,2012.7594405352008,1057.6284554239808,1057.6284554239808,1057.6284554239808,750.5590710468654,750.5590710468654,750.5590710468654,307.0693843771152,307.0693843771152,307.0693843771152,0,0,0,293.6711081876186,5778.697158713357,2012.7594405352008,2012.7594405352008,3070.3878959591816
2022-03-17T00:00:00Z,2013.219543335145,1120.071585727033,1120.071585727033,1120.071585727033,838.0716227712567,838.0716227712567,838.0716227712567,281.99996295577654,281.99996295577654,281.99996295577654,0,0,0,431.74257750310863,5748.67064680978,2013.219543335145,2013.219543335145,3133.291129062178
2022-03-18T00:00:00Z,2013.6796461350893,1129.9995407303372,1129.9995407303372,1129.9995407303372,875.7343040606885,875.7343040606885,875.7343040606885,254.26523666964874,254.26523666964874,254.26523666964874,0,0,0,310.3655713924687,5816.030029637665,2013.6796461350893,2013.6796461350893,3143.6791868654263
2022-03-19T00:00:00Z,2014.1397489350336,-1176.1109677387185,-1176.1109677387185,-1176.1109677387185,-1400.6798521538728,-1400.6798521538728,-1400.6798521538728,224.56888441515454,224.56888441515454,224.56888441515454,0,0,0,-2076.1577441629893,3608.0529319593406,2014.1397489350336,2014.1397489350336,838.0287811963151
2022-03-20T00:00:00Z,2014.5998517349778,-1865.5885753985292,-1865.5885753985292,-1865.5885753985292,-2059.2151237480334,-2059.2151237480334,-2059.2151237480334,193.62654834950436,193.62654834950436,193.62654834950436,0,0,0,-2427.620636206964,2799.839014015964,2014.5998517349778,2014.5998517349778,149.01127633644865
2022-03-21T00:00:00Z,2015.059954534922,369.25547943112684,369.25547943112684,369.25547943112684,207.10923604526013,207.10923604526013,207.10923604526013,162.1462433858668,162.1462433858668,162.1462433858668,0,0,0,-482.66706245281097,5158.351867451187,2015.059954534922,2015.059954534922,2384.315433966049
2022-03-22T00:00:00Z,2015.5200573348661,919.2302208532057,919.2302208532057,919.2302208532057,788.4207419724327,788.4207419724327,788.4207419724327,130.80947888077293,130.80947888077293,130.80947888077293,0,0,0,89.97235195149047,5600.906507972748,2015.5200573348661,2015.5200573348661,2934.7502781880717
2022-03-23T00:00:00Z,2015.9801601348104,850.812690870726,850.812690870726,850.812690870726,750.5590710469903,750.5590710469903,750.5590710469903,100.2536198237359,100.2536198237359,100.2536198237359,0,0,0,93.24803898162637,5546.5585269256235,2015.9801601348104,2015.9801601348104,2866.7928510055362
2022-03-24T00:00:00Z,2016.4402629347546,909.1275932614869,909.1275932614869,909.1275932614869,838.0716227710478,838.0716227710478,838.0716227710478,71.05597049043907,71.05597049043907,71.05597049043907,0,0,0,-49.11865550420681,5659.957084111712,2016.4402629347546,2016.4402629347546,2925.5678561962413
2022-03-25T00:00:00Z,2016.9003657346989,919.4543097833132,919.4543097833132,919.4543097833132,875.7343040652768,875.7343040652768,875.7343040652768,43.72000571803644,43.72000571803644,43.72000571803644,0,0,0,140.4983174400162,5677.066927538989,2016.9003657346989,2016.9003657346989,2936.3546755180123
2022-03-26T00:00:00Z,2017.3604685346431,-1382.0157465857478,-1382.0157465857478,-1382.0157465857478,-1400.6798521481521,-1400.6798521481521,-1400.6798521481521,18.66410556240427,18.66410556240427,18.66410556240427,0,0,0,-2254.944581901229,3151.0464113337184,2017.3604685346431,2017.3604685346431,635.3447219488953
2022-03-27T00:00:00Z,2017.8205713345872,-2063.002053489863,-2063.002053489863,-2063.002053489863,-2059.2151237475096,-2059.2151237475096,-2059.2151237475096,-3.786929742352941,-3.786929742352941,-3.786929742352941,0,0,0,-2822.729913873157,2803.481701878965,2017.8205713345872,2017.8205713345872,-45.181482155275944
2022-03-28T00:00:00Z,2018.2806741345314,183.7018425843528,183.7018425843528,183.7018425843528,207.10923604700824,207.10923604700824,207.10923604700824,-23.407393462655495,-23.407393462655495,-23.407393462655495,0,0,0,-654.7045967784318,4865.970501920711,2018.2806741345314,2018.2806741345314,2201.982516718884
2022-03-29T00:00:00Z,2018.7407769344757,748.3476280687124,748.3476280687124,748.3476280687124,788.4207419725909,788.4207419725909,788.4207419725909,-40.07311390387851,-40.07311390387851,-40.07311390387851,0,0,0,-184.72131834840076,5510.569332557709,2018.7407769344757,2018.7407769344757,2767.088405003188
2022-03-30T00:00:00Z,2019.20087973442,696.7982560100357,696.7982560100357,696.7982560100357,750.5590710470876,750.5590710470876,750.5590710470876,-53.760815037051515,-53.760815037051515,-53.760815037051515,0,0,0,-75.8818416313167,5438.03239957042,2019.20087973442,2019.20087973442,2715.9991357444555
2022-03-31T00:00:00Z,2019.6609825343642,773.5271443299539,773.5271443299539,773.5271443299539,838.0716227708388,838.0716227708388,838.0716227708388,-64.54447844088487,-64.54447844088487,-64.54447844088487,0,0,0,-54.02597830717203,5477.824920460579,2019.6609825343642,2019.6609825343642,2793.1881268643183
2022-04-01T00:00:00Z,2020.1210853343084,803.1454279405219,803.1454279405219,803.1454279405219,875.7343040638779,875.7343040638779,875.7343040638779,-72.58887612335594,-72.58887612335594,-72.58887612335594,0,0,0,66.03952939693238,5725.930450692401,2020.1210853343084,2020.1210853343084,2823.2665132748302
2022-04-02T00:00:00Z,2020.5811881342527,-1478.8203770693206,-1478.8203770693206,-1478.8203770693206,-1400.6798521493347,-1400.6798521493347,-1400.6798521493347,-78.14052491998599,-78.14052491998599,-78.14052491998599,0,0,0,-2253.5368037767457,3190.015174359674,2020.5811881342527,2020.5811881342527,541.7608110649321
2022-04-03T00:00:00Z,2021.041290934197,-2140.73150952612,-2140.73150952612,-2140.73150952612,-2059.215123746986,-2059.215123746986,-2059.215123746986,-81.51638577913388,-81.51638577913388,-81.51638577913388,0,0,0,-3011.8587195030386,2589.080505426322,2021.041290934197,2021.041290934197,-119.69021859192321
2022-04-04T00:00:00Z,2021.5013937341412,124.01854275613927,124.01854275613927,124.01854275613927,207.10923604775232,207.10923604775232,207.10923604775232,-83.09069329161302,-83.09069329161302,-83.09069329161302,0,0,0,-668.948229540402,4979.165415968058,2021.5013937341412,2021.5013937341412,2145.5199364902805
2022-04-05T00:00:00Z,2021.9614965340852,705.1403913886677,705.1403913886677,705.1403913886677,788.4207419727671,788.4207419727671,788.4207419727671,-83.28035058409945,-83.28035058409945,-83.28035058409945,0,0,0,37.208312922537964,5454.7419486280105,2021.9614965340852,2021.9614965340852,2727.101887922753
2022-04-06T00:00:00Z,2022.4215993340295,668.029710199905,668.029710199905,668.029710199905,750.5590710472125,750.5590710472125,750.5590710472125,-82.52936084730733,-82.52936084730733,-82.52936084730733,0,0,0,-157.3912575322074,5577.804599975401,2022.4215993340295,2022.4215993340295,2690.4513095339344
2022-04-07T00:00:00Z,2022.8817021339737,756.7788343846943,756.7788343846943,756.7788343846943,838.0716227724745,838.0716227724745,838.0716227724745,-81.29278838778036,-81.29278838778036,-81.29278838778036,0,0,0,-230.92434257697406,5457.463693020557,2022.8817021339737,2022.8817021339737,2779.660536518668
2022-04-08T00:00:00Z,2023.341804933918,795.7135553557359,795.7135553557359,795.7135553557359,875.7343040624793,875.7343040624793,875.7343040624793,-80.02074870674322,-80.02074870674322,-80.02074870674322,0,0,0,-54.85312104942612,5635.412425704047,2023.341804933918,2023.341804933918,2819.055360289654
2022-04-09T00:00:00Z,2023.801907733862,-1479.822770840056,-1479.822770840056,-1479.822770840056,-1400.6798521505166,-1400.6798521505166,-1400.6798521505166,-79.14291868953926,-79.14291868953926,-79.14291868953926,0,0,0,-2240.1223868261413,3319.298090296894,2023.801907733862,2023.801907733862,543.9791368938061
2022-04-10T00:00:00Z,2024.2620105338062,-2138.26915871185,-2138.26915871185,-2138.26915871185,-2059.2151237511207,-2059.2151237511207,-2059.2151237511207,-79.05403496072958,-79.05403496072958,-79.05403496072958,0,0,0,-2958.7441398034766,2592.828805524945,2024.2620105338062,2024.2620105338062,-114.00714817804396
2022-04-11T00:00:00Z,2024.7221133337505,127.00842437680618,127.00842437680618,127.00842437680618,207.10923604849637,207.10923604849637,207.10923604849637,-80.10081167169018,-80.10081167169018,-80.10081167169018,0,0,0,-631.6647813896122,4901.42679143548,2024.7221133337505,2024.7221133337505,2151.7305377105567
2022-04-12T00:00:00Z,2025.1822161336947,705.8500822788856,705.8500822788856,705.8500822788856,788.4207419729255,788.4207419729255,788.4207419729255,-82.57065969403993,-82.57065969403993,-82.57065969403993,0,0,0,-163.01172652638198,5598.463922839925,2025.1822161336947,2025.1822161336947,2731.0322984125805
2022-04-13T00:00:00Z,2025.642318933639,663.8765420400837,663.8765420400837,663.8765420400837,750.5590710470443,750.5590710470443,750.5590710470443,-86.68252900696079,-86.68252900696079,-86.68252900696079,0,0,0,72.37202094406922,5393.162416326593,2025.642318933639,2025.642318933639,2689.5188609737224
2022-04-14T00:00:00Z,2026.1024217335832,745.4914958591487,745.4914958591487,745.4914958591487,838.0716227722659,838.0716227722659,838.0716227722659,-92.58012691311724,-92.58012691311724,-92.58012691311724,0,0,0,-27.73230792917237,5381.616286309309,2026.1024217335832,2026.1024217335832,2771.593917592732
2022-04-15T00:00:00Z,2026.5625245335275,775.4066152947719,775.4066152947719,775.4066152947719,875.7343040624495,875.7343040624495,875.7343040624495,-100.32768876767764,-100.32768876767764,-100.32768876767764,0,0,0,-74.27270036466467,5367.357682710513,2026.5625245335275,2026.5625245335275,2801.9691398282994
2022-04-16T00:00:00Z,2027.0226273334717,-1510.5882496664476,-1510.5882496664476,-1510.5882496664476,-1400.6798521516992,-1400.6798521516992,-1400.6798521516992,-109.9083975147487,-109.9083975147487,-109.9083975147487,0,0,0,-1975.5103428963089,3354.5825869959535,2027.0226273334717,2027.0226273334717,516.4343776670241
2022-04-17T00:00:00Z,2027.482730133416,-2180.440589706515,-2180.440589706515,-2180.440589706515,-2059.215123749182,-2059.215123749182,-2059.215123749182,-121.2254659573332,-121.2254659573332,-121.2254659573332,0,0,0,-2683.3048360770604,2894.932814351111,2027.482730133416,2027.482730133416,-152.95785957309886
2022-04-18T00:00:00Z,2027.94283293336,73.00342220434267,73.00342220434267,73.00342220434267,207.10923605124893,207.10923605124893,207.10923605124893,-134.1058138469062,-134.1058138469062,-134.1058138469062,0,0,0,-759.3907611988988,4971.705348460038,2027.94283293336,2027.94283293336,2100.946255137703
2022-04-19T00:00:00Z,2028.4029357333043,640.1145489492324,640.1145489492324,640.1145489492324,788.4207419726888,788.4207419726888,788.4207419726888,-148.30619302345656,-148.30619302345656,-148.30619302345656,0,0,0,-131.2143619738463,5243.399328149127,2028.4029357333043,2028.4029357333043,2668.5174846825366
2022-04-20T00:00:00Z,2028.8630378404982,587.0375307280325,587.0375307280325,587.0375307280325,750.5590710468764,750.5590710468764,750.5590710468764,-163.5215403188438,-163.5215403188438,-163.5215403188438,0,0,0,-252.12073262047426,5431.1752241993,2028.8630378404982,2028.8630378404982,2615.9005685685306
2022-04-21T00:00:00Z,2029.323139947692,658.6763508472342,658.6763508472342,658.6763508472342,838.0716227702063,838.0716227702063,838.0716227702063,-179.39527192297217,-179.39527192297217,-179.39527192297217,0,0,0,-97.6878497451481,5362.562720602037,2029.323139947692,2029.323139947692,2687.9994907949263
2022-04-22T00:00:00Z,2029.783242054886,680.2031277436354,680.2031277436354,680.2031277436354,875.7343040656685,875.7343040656685,875.7343040656685,-195.5311763220332,-195.5311763220332,-195.5311763220332,0,0,0,-93.18189247949876,5498.768518472292,2029.783242054886,2029.783242054886,2709.986369798521
2022-04-23T00:00:00Z,2030.2433441620797,-1612.1863695282784,-1612.1863695282784,-1612.1863695282784,-1400.679852154426,-1400.679852154426,-1400.679852154426,-211.5065173738521,-211.5065173738521,-211.5065173738521,0,0,0,-2508.757402290668,3302.8838555518323,2030.2433441620797,2030.2433441620797,418.05697463380125
2022-04-24T00:00:00Z,2030.7034462692736,-2286.1010496103577,-2286.1010496103577,-2286.1010496103577,-2059.2151237500734,-2059.2151237500734,-2059.2151237500734,-226.88592586028534,-226.88592586028534,-226.88592586028534,0,0,0,-3046.215405595213,2411.093306088487,2030.7034462692736,2030.7034462692736,-255.39760334108405
2022-04-25T00:00:00Z,2031.1635483764674,-34.12640178388492,-34.12640178388492,-34.12640178388492,207.1092360519928,207.1092360519928,207.1092360519928,-241.23563783587778,-241.23563783587778,-241.23563783587778,0,0,0,-788.7149641504134,4783.928619529465,2031.1635483764674,2031.1635483764674,1997.0371465925825
2022-04-26T00:00:00Z,2031.6236504836613,534.2831102082054,534.2831102082054,534.2831102082054,788.4207419732601,788.4207419732601,788.4207419732601,-254.13763176505472,-254.13763176505472,-254.13763176505472,0,0,0,-91.28123570818136,5292.824246512822,2031.6236504836613,2031.6236504836613,2565.9067606918666
2022-04-27T00:00:00Z,2032.083752590855,485.35584718176057,485.35584718176057,485.35584718176057,750.5590710467084,750.5590710467084,750.5590710467084,-265.2032238649478,-265.2032238649478,-265.2032238649478,0,0,0,-230.08139471408893,5242.056926102909,2032.083752590855,2032.083752590855,2517.4395997726156
2022-04-28T00:00:00Z,2032.543854698049,563.9859208683877,563.9859208683877,563.9859208683877,838.0716227699972,838.0716227699972,838.0716227699972,-274.0857019016096,-274.0857019016096,-274.0857019016096,0,0,0,-133.47204230332792,5222.127969257222,2032.543854698049,2032.543854698049,2596.529775566437
2022-04-29T00:00:00Z,2033.0039568052428,595.2426929009822,595.2426929009822,595.2426929009822,875.7343040656391,875.7343040656391,875.7343040656391,-280.491611164657,-280.491611164657,-280.491611164657,0,0,0,-2.8391539916960236,5400.818884260552,2033.0039568052428,2033.0039568052428,2628.246649706225
2022-04-30T00:00:00Z,2033.4640589124365,-1684.8702034937396,-1684.8702034937396,-1684.8702034937396,-1400.6798521556088,-1400.6798521556088,-1400.6798521556088,-284.1903513381308,-284.1903513381308,-284.1903513381308,0,0,0,-2406.868913510604,3054.6074769989787,2033.4640589124365,2033.4640589124365,348.5938554186969
2022-05-01T00:00:00Z,2033.9241610196304,-2344.236921773135,-2344.236921773135,-2344.236921773135,-2059.215123748135,-2059.215123748135,-2059.215123748135,-285.0217980250003,-285.0217980250003,-285.0217980250003,0,0,0,-3011.050704851289,2455.611592691128,2033.9241610196304,2033.9241610196304,-310.31276075350434
2022-05-02T00:00:00Z,2034.3842631268242,-75.79248995399655,-75.79248995399655,-75.79248995399655,207.1092360453718,207.1092360453718,207.1092360453718,-282.9017259993683,-282.9017259993683,-282.9017259993683,0,0,0,-669.6918748827934,4718.779194074422,2034.3842631268242,2034.3842631268242,1958.5917731728277
2022-05-04T00:00:00Z,2035.3044673412119,480.6934516400806,480.6934516400806,480.6934516400806,750.5590710468334,750.5590710468334,750.5590710468334,-269.86561940675267,-269.86561940675267,-269.86561940675267,0,0,0,-205.4453518135836,5287.642584716967,2035.3044673412119,2035.3044673412119,2515.9979189812925
2022-05-05T00:00:00Z,2035.7645694484058,578.8955080359992,578.8955080359992,578.8955080359992,838.0716227716332,838.0716227716332,838.0716227716332,-259.1761147356339,-259.1761147356339,-259.1761147356339,0,0,0,-285.1637510711649,5381.403055251334,2035.7645694484058,2035.7645694484058,2614.660077484405
2022-05-06T00:00:00Z,2036.2246715555996,629.7521073475851,629.7521073475851,629.7521073475851,875.7343040656098,875.7343040656098,875.7343040656098,-245.98219671802448,-245.98219671802448,-245.98219671802448,0,0,0,-230.18601331516362,5662.181944394285,2036.2246715555996,2036.2246715555996,2665.976778903185
2022-05-07T00:00:00Z,2036.6847736627935,-1631.2568232938575,-1631.2568232938575,-1631.2568232938575,-1400.6798521483427,-1400.6798521483427,-1400.6798521483427,-230.57697114551505,-230.57697114551505,-230.57697114551505,0,0,0,-2249.441602937562,3257.404652625367,2036.6847736627935,2036.6847736627935,405.4279503689361
2022-05-08T00:00:00Z,2037.1448757699873,-2272.527551459359,-2272.527551459359,-2272.527551459359,-2059.2151237476105,-2059.2151237476105,-2059.2151237476105,-213.31242771174766,-213.31242771174766,-213.31242771174766,0,0,0,-3050.170018097971,2347.16816293912,2037.1448757699873,2037.1448757699873,-235.3826756893718
2022-05-09T00:00:00Z,2037.6049778771812,12.51992866622223,12.51992866622223,12.51992866622223,207.10923604711996,207.10923604711996,207.10923604711996,-194.58930738089782,-194.58930738089782,-194.58930738089782,0,0,0,-882.0343631247822,4752.609635122232,2037.6049778771812,2037.6049778771812,2050.1249065434035
2022-05-10T00:00:00Z,2038.065079984375,613.5751909073182,613.5751909073182,613.5751909073182,788.4207419731817,788.4207419731817,788.4207419731817,-174.8455510658635,-174.8455510658635,-174.8455510658635,0,0,0,-170.4740029207286,5458.743869669248,2038.065079984375,2038.065079984375,2651.640270891693
2022-05-11T00:00:00Z,2038.525182091569,596.0153783830947,596.0153783830947,596.0153783830947,750.5590710463724,750.5590710463724,750.5590710463724,-154.54369266327788,-154.54369266327788,-154.54369266327788,0,0,0,73.31036361425845,5395.2694867534065,2038.525182091569,2038.525182091569,2634.540560474664
2022-05-12T00:00:00Z,2038.9852841987627,703.9140336511692,703.9140336511692,703.9140336511692,838.0716227714241,838.0716227714241,838.0716227714241,-134.1575891202551,-134.1575891202551,-134.1575891202551,0,0,0,123.44264109879754,5614.833356881914,2038.9852841987627,2038.9852841987627,2742.899317849932
2022-05-13T00:00:00Z,2039.4453863059566,761.5754065326374,761.5754065326374,761.5754065326374,875.7343040628415,875.7343040628415,875.7343040628415,-114.15889753020413,-114.15889753020413,-114.15889753020413,0,0,0,83.00364206482058,5676.543957724339,2039.4453863059566,2039.4453863059566,2801.020792838594
2022-05-14T00:00:00Z,2039.9054884131504,-1495.6835659682347,-1495.6835659682347,-1495.6835659682347,-1400.6798521495248,-1400.6798521495248,-1400.6798521495248,-95.00371381870974,-95.00371381870974,-95.00371381870974,0,0,0,-2409.773951758361,3456.925624632406,2039.9054884131504,2039.9054884131504,544.2219224449157
2022-05-15T00:00:00Z,2040.3655905203443,-2136.3349030969075,-2136.3349030969075,-2136.3349030969075,-2059.2151237456724,-2059.2151237456724,-2059.2151237456724,-77.11977935123511,-77.11977935123511,-77.11977935123511,0,0,0,-2782.533489287832,2969.1296424661123,2040.3655905203443,2040.3655905203443,-95.9693125765632
2022-05-16T00:00:00Z,2040.825692627538,146.21459494682603,146.21459494682603,146.21459494682603,207.1092360488684,207.1092360488684,207.1092360488684,-60.894641102042314,-60.894641102042314,-60.894641102042314,0,0,0,-612.499528428048,5066.7150103232025,2040.825692627538,2040.825692627538,2187.040287574364
2022-05-17T00:00:00Z,2041.285794734732,741.7556233660176,741.7556233660176,741.7556233660176,788.4207419733402,788.4207419733402,788.4207419733402,-46.66511860732253,-46.66511860732253,-46.66511860732253,0,0,0,174.74724108407798,5605.006970758743,2041.285794734732,2041.285794734732,2783.0414181007495
2022-05-18T00:00:00Z,2041.745896841926,715.8506831936801,715.8506831936801,715.8506831936801,750.5590710470551,750.5590710470551,750.5590710470551,-34.70838785337529,-34.70838785337529,-34.70838785337529,0,0,0,78.60828028930285,5529.346631939288,2041.745896841926,2041.745896841926,2757.596580035606
2022-05-19T00:00:00Z,2042.20599894912,812.8366828429738,812.8366828429738,812.8366828429738,838.0716227721377,838.0716227721377,838.0716227721377,-25.234939929164014,-25.234939929164014,-25.234939929164014,0,0,0,119.37931838032499,5596.551096060626,2042.20599894912,2042.20599894912,2855.042681792094
2022-05-20T00:00:00Z,2042.6661010563137,857.3506916888002,857.3506916888002,857.3506916888002,875.7343040628119,875.7343040628119,875.7343040628119,-18.38361237401162,-18.38361237401162,-18.38361237401162,0,0,0,-137.40361365489963,5653.149714699636,2042.6661010563137,2042.6661010563137,2900.016792745114
2022-05-21T00:00:00Z,2043.1262031635074,-1414.8986777299574,-1414.8986777299574,-1414.8986777299574,-1400.6798521522524,-1400.6798521522524,-1400.6798521522524,-14.218825577705145,-14.218825577705145,-14.218825577705145,0,0,0,-2102.2048205990754,3481.1265071407347,2043.1262031635074,2043.1262031635074,628.22752543355
2022-05-22T00:00:00Z,2043.5863052707014,-2071.9452111432665,-2071.9452111432665,-2071.9452111432665,-2059.2151237465637,-2059.2151237465637,-2059.2151237465637,-12.730087396703343,-12.730087396703343,-12.730087396703343,0,0,0,-2741.304512176602,2845.3481804045605,2043.5863052707014,2043.5863052707014,-28.358905872565174
2022-05-23T00:00:00Z,2044.046407377895,193.27547753446373,193.27547753446373,193.27547753446373,207.10923604124292,207.10923604124292,207.10923604124292,-13.83375850677922,-13.83375850677922,-13.83375850677922,0,0,0,-440.3281094851977,4856.94369949118,2044.046407377895,2044.046407377895,2237.3218849123587
2022-05-24T00:00:00Z,2044.506509485089,771.04374087118,771.04374087118,771.04374087118,788.4207419727088,788.4207419727088,788.4207419727088,-17.377001101528858,-17.377001101528858,-17.377001101528858,0,0,0,-83.823846823339,5391.73736442968,2044.506509485089,2044.506509485089,2815.5502503562693
2022-05-25T00:00:00Z,2044.9666115922828,727.4153045111509,727.4153045111509,727.4153045111509,750.5590710468872,750.5590710468872,750.5590710468872,-23.143766535736365,-23.143766535736365,-23.143766535736365,0,0,0,94.8742773348892,5585.75195092781,2044.9666115922828,2044.9666115922828,2772.3819161034335
2022-05-26T00:00:00Z,2045.4267136994767,807.2090073165128,807.2090073165128,807.2090073165128,838.071622770078,838.071622770078,838.071622770078,-30.862615453565397,-30.862615453565397,-30.862615453565397,0,0,0,167.49480935616285,5859.0476637304855,2045.4267136994767,2045.4267136994767,2852.6357210159895
2022-05-27T00:00:00Z,2045.8868158066705,835.5181953363755,835.5181953363755,835.5181953363755,875.7343040614132,875.7343040614132,875.7343040614132,-40.21610872503778,-40.21610872503778,-40.21610872503778,0,0,0,282.75044478410297,5502.229226136999,2045.8868158066705,2045.8868158066705,2881.405011143046
2022-05-28T00:00:00Z,2046.3469179138644,-1451.531312973689,-1451.531312973689,-1451.531312973689,-1400.6798521518892,-1400.6798521518892,-1400.6798521518892,-50.85146082179948,-50.85146082179948,-50.85146082179948,0,0,0,-2121.3116596425853,3194.869461029778,2046.3469179138644,2046.3469179138644,594.8156049401755
2022-05-29T00:00:00Z,2046.8070200210582,-2121.607234225989,-2121.607234225989,-2121.607234225989,-2059.2151237492826,-2059.2151237492826,-2059.2151237492826,-62.39211047670611,-62.39211047670611,-62.39211047670611,0,0,0,-2992.426651824107,2573.453361663899,2046.8070200210582,2046.8070200210582,-74.80021420493085
2022-05-30T00:00:00Z,2047.2671221282521,132.65939834584995,132.65939834584995,132.65939834584995,207.1092360439955,207.1092360439955,207.1092360439955,-74.44983769814553,-74.44983769814553,-74.44983769814553,0,0,0,-362.1661249203377,5003.467221417113,2047.2671221282521,2047.2671221282521,2179.9265204741023
2022-05-31T00:00:00Z,2047.7272242354459,701.7836998057841,701.7836998057841,701.7836998057841,788.420741972867,788.420741972867,788.420741972867,-86.637042167083,-86.637042167083,-86.637042167083,0,0,0,-47.57665327177149,5468.064341451909,2047.7272242354459,2047.7272242354459,2749.51092404123
2022-06-01T00:00:00Z,2048.1873263426396,651.9802749206602,651.9802749206602,651.9802749206602,750.5590710470123,750.5590710470123,750.5590710470123,-98.57879612635163,-98.57879612635163,-98.57879612635163,0,0,0,-151.05443322030462,5172.738689806644,2048.1873263426396,2048.1873263426396,2700.1676012632997
2022-06-02T00:00:00Z,2048.6474284498336,728.1473277179136,728.1473277179136,728.1473277179136,838.0716227707918,838.0716227707918,838.0716227707918,-109.92429505287805,-109.92429505287805,-109.92429505287805,0,0,0,169.90833400574368,5456.92497482479,2048.6474284498336,2048.6474284498336,2776.7947561677474
2022-06-03T00:00:00Z,2049.1075305570275,755.3769527456043,755.3769527456043,755.3769527456043,875.7343040673708,875.7343040673708,875.7343040673708,-120.35735132176656,-120.35735132176656,-120.35735132176656,0,0,0,23.13486667045339,5835.698334129341,2049.1075305570275,2049.1075305570275,2804.484483302632
2022-06-04T00:00:00Z,2049.567632664221,-1530.2854611264875,-1530.2854611264875,-1530.2854611264875,-1400.6798521546168,-1400.6798521546168,-1400.6798521546168,-129.60560897187062,-129.60560897187062,-129.60560897187062,0,0,0,-2308.4692756838003,2997.5913554867125,2049.567632664221,2049.567632664221,519.2821715377336
2022-06-05T00:00:00Z,2050.027734771415,-2196.663324237392,-2196.663324237392,-2196.663324237392,-2059.215123748759,-2059.215123748759,-2059.215123748759,-137.44820048863258,-137.44820048863258,-137.44820048863258,0,0,0,-2831.3042188643526,2476.0578133513823,2050.027734771415,2050.027734771415,-146.63558946597686
2022-06-06T00:00:00Z,2050.487836878609,63.387618192090436,63.387618192090436,63.387618192090436,207.10923604473956,207.10923604473956,207.10923604473956,-143.72161785264908,-143.72161785264908,-143.72161785264908,0,0,0,-672.3506476901944,4956.56278182084,2050.487836878609,2050.487836878609,2113.8754550706994
2022-06-07T00:00:00Z,2050.947938985803,640.0971136668484,640.0971136668484,640.0971136668484,788.4207419726305,788.4207419726305,788.4207419726305,-148.32362830578225,-148.32362830578225,-148.32362830578225,0,0,0,-100.44330505070147,5603.328356755458,2050.947938985803,2050.947938985803,2691.045052652651
2022-06-08T00:00:00Z,2051.4080410929964,599.3439425215258,599.3439425215258,599.3439425215258,750.5590710465515,750.5590710465515,750.5590710465515,-151.2151285250255,-151.2151285250255,-151.2151285250255,0,0,0,-86.51841990605014,5436.23976142446,2051.4080410929964,2051.4080410929964,2650.751983614522
2022-06-09T00:00:00Z,2051.8681432001904,685.6517256227623,685.6517256227623,685.6517256227623,838.0716227705828,838.0716227705828,838.0716227705828,-152.41989714782054,-152.41989714782054,-152.41989714782054,0,0,0,-1.345856365539559,5407.872733717124,2051.8681432001904,2051.8681432001904,2737.519868822953
2022-06-10T00:00:00Z,2052.3282453073843,723.7120312736752,723.7120312736752,723.7120312736752,875.7343040646027,875.7343040646027,875.7343040646027,-152.02227279092764,-152.02227279092764,-152.02227279092764,0,0,0,194.58786445782005,5699.382361147045,2052.3282453073843,2052.3282453073843,2776.0402765810595
2022-06-11T00:00:00Z,2052.7883474145783,-1550.842702876866,-1550.842702876866,-1550.842702876866,-1400.6798521573437,-1400.6798521573437,-1400.6798521573437,-150.16285071952237,-150.16285071952237,-150.16285071952237,0,0,0,-2345.8822791952516,3160.0937159405357,2052.7883474145783,2052.7883474145783,501.94564453771227
2022-06-12T00:00:00Z,2053.2484495217723,-2206.2474778468345,-2206.2474778468345,-2206.2474778468345,-2059.2151237482353,-2059.2151237482353,-2059.2151237482353,-147.03235409859914,-147.03235409859914,-147.03235409859914,0,0,0,-2859.5565531728244,2674.4615309309293,2053.2484495217723,2053.2484495217723,-152.99902832506223
2022-06-13T00:00:00Z,2053.7085516289662,64.24534272220376,64.24534272220376,64.24534272220376,207.10923604648767,207.10923604648767,207.10923604648767,-142.86389332428385,-142.86389332428385,-142.86389332428385,0,0,0,-716.9728261515053,4555.77222547581,2053.7085516289662,2053.7085516289662,2117.9538943511698
2022-06-14T00:00:00Z,2054.1686535857857,650.4968644698338,650.4968644698338,650.4968644698338,788.4207419732016,788.4207419732016,788.4207419732016,-137.92387750336766,-137.92387750336766,-137.92387750336766,0,0,0,144.96406396323732,5579.535551960907,2054.1686535857857,2054.1686535857857,2704.6655180556195
2022-06-15T00:00:00Z,2054.6287555426056,618.057186904291,618.057186904291,618.057186904291,750.5590710466765,750.5590710466765,750.5590710466765,-132.5018841423852,-132.5018841423852,-132.5018841423852,0,0,0,-156.38383973154427,5124.009414460662,2054.6287555426056,2054.6287555426056,2672.6859424468967
2022-06-16T00:00:00Z,2055.0888574994256,711.1717975285437,711.1717975285437,711.1717975285437,838.0716227722186,838.0716227722186,838.0716227722186,-126.89982524367497,-126.89982524367497,-126.89982524367497,0,0,0,125.3748444514704,5490.431959895264,2055.0888574994256,2055.0888574994256,2766.2606550279693
2022-06-17T00:00:00Z,2055.5489594562455,754.313534794051,754.313534794051,754.313534794051,875.7343040645732,875.7343040645732,875.7343040645732,-121.42076927052219,-121.42076927052219,-121.42076927052219,0,0,0,198.38434906413602,5651.377424302427,2055.5489594562455,2055.5489594562455,2809.8624942502965
2022-06-18T00:00:00Z,2056.0090614130654,-1517.0376403771736,-1517.0376403771736,-1517.0376403771736,-1400.679852156981,-1400.679852156981,-1400.679852156981,-116.35778822019283,-116.35778822019283,-116.35778822019283,0,0,0,-2244.6425981026277,3263.4443387492074,2056.0090614130654,2056.0090614130654,538.9714210358918
2022-06-19T00:00:00Z,2056.4691633698853,-2171.1983207763774,-2171.1983207763774,-2171.1983207763774,-2059.21512375237,-2059.21512375237,-2059.21512375237,-111.98319702400799,-111.98319702400799,-111.98319702400799,0,0,0,-3093.2179315289623,2724.354384377979,2056.4691633698853,2056.4691633698853,-114.72915740649205
2022-06-20T00:00:00Z,2056.929265326705,98.57069727322065,98.57069727322065,98.57069727322065,207.1092360472317,207.1092360472317,207.1092360472317,-108.53853877401103,-108.53853877401103,-108.53853877401103,0,0,0,-483.0811997943035,5018.944458935836,2056.929265326705,2056.929265326705,2155.4999625999253
2022-06-21T00:00:00Z,2057.3893672835247,682.1950976637543,682.1950976637543,682.1950976637543,788.4207419729651,788.4207419729651,788.4207419729651,-106.22564430921086,-106.22564430921086,-106.22564430921086,0,0,0,-52.68646743594806,5410.8733038131995,2057.3893672835247,2057.3893672835247,2739.5844649472792
2022-06-22T00:00:00Z,2057.8494692403447,645.3600117737435,645.3600117737435,645.3600117737435,750.5590710473591,750.5590710473591,750.5590710473591,-105.1990592736154,-105.1990592736154,-105.1990592736154,0,0,0,-141.50951299829634,5569.163374884129,2057.8494692403447,2057.8494692403447,2703.209481014088
2022-06-23T00:00:00Z,2058.3095711971646,732.5115357415954,732.5115357415954,732.5115357415954,838.0716227720097,838.0716227720097,838.0716227720097,-105.56008703041444,-105.56008703041444,-105.56008703041444,0,0,0,70.89727643644116,5451.722794592307,2058.3095711971646,2058.3095711971646,2790.82110693876
2022-06-24T00:00:00Z,2058.7696731539845,768.3816608782645,768.3816608782645,768.3816608782645,875.7343040631745,875.7343040631745,875.7343040631745,-107.35264318491004,-107.35264318491004,-107.35264318491004,0,0,0,158.5828076740313,5436.717688147168,2058.7696731539845,2058.7696731539845,2827.151334032249
2022-06-25T00:00:00Z,2059.2297751108044,-1511.240910774633,-1511.240910774633,-1511.240910774633,-1400.6798521512603,-1400.6798521512603,-1400.6798521512603,-110.56105862337292,-110.56105862337292,-110.56105862337292,0,0,0,-2261.4195180203237,3417.170636738317,2059.2297751108044,2059.2297751108044,547.9888643361714
2022-06-26T00:00:00Z,2059.6898770676244,-2174.325028509057,-2174.325028509057,-2174.325028509057,-2059.2151237504313,-2059.2151237504313,-2059.2151237504313,-115.1099047586259,-115.1099047586259,-115.1099047586259,0,0,0,-2880.130851158878,2871.0488660578303,2059.6898770676244,2059.6898770676244,-114.63515144143275
2022-06-27T00:00:00Z,2060.149979024444,86.24338694003079,86.24338694003079,86.24338694003079,207.10923604998408,207.10923604998408,207.10923604998408,-120.86584910995325,-120.86584910995325,-120.86584910995325,0,0,0,-635.2664672191407,4729.479795628574,2060.149979024444,2060.149979024444,2146.3933659644745
2022-06-28T00:00:00Z,2060.610080981264,660.7792584834632,660.7792584834632,660.7792584834632,788.4207419731235,788.4207419731235,788.4207419731235,-127.6414834896604,-127.6414834896604,-127.6414834896604,0,0,0,-61.58383417409206,5496.4246341131975,2060.610080981264,2060.610080981264,2721.3893394647275
2022-06-29T00:00:00Z,2061.0701829380837,615.358068019342,615.358068019342,615.358068019342,750.5590710468985,750.5590710468985,750.5590710468985,-135.20100302755634,-135.20100302755634,-135.20100302755634,0,0,0,-151.01713205549441,5342.2550789024635,2061.0701829380837,2061.0701829380837,2676.428250957426
2022-06-30T00:00:00Z,2061.5302848949036,694.8040687182221,694.8040687182221,694.8040687182221,838.0716227699503,838.0716227699503,838.0716227699503,-143.2675540517282,-143.2675540517282,-143.2675540517282,0,0,0,-52.562588525225905,5655.967654238732,2061.5302848949036,2061.5302848949036,2756.3343536131256
2022-07-01T00:00:00Z,2061.9903868517235,724.2022896749507,724.2022896749507,724.2022896749507,875.7343040617754,875.7343040617754,875.7343040617754,-151.53201438682464,-151.53201438682464,-151.53201438682464,0,0,0,14.38088942937133,5357.127962972968,2061.9903868517235,2061.9903868517235,2786.1926765266744
2022-07-02T00:00:00Z,2062.4504888085435,-1560.342774803033,-1560.342774803033,-1560.342774803033,-1400.6798521524424,-1400.6798521524424,-1400.6798521524424,-159.66292265059062,-159.66292265059062,-159.66292265059062,0,0,0,-2366.063460169868,3118.147655309819,2062.4504888085435,2062.4504888085435,502.1077140055104
2022-07-03T00:00:00Z,2062.9105907653634,-2226.532358895698,-2226.532358895698,-2226.532358895698,-2059.2151237513226,-2059.2151237513226,-2059.2151237513226,-167.3172351443758,-167.3172351443758,-167.3172351443758,0,0,0,-2800.273548299227,2670.3445536200306,2062.9105907653634,2062.9105907653634,-163.62176813033466
2022-07-04T00:00:00Z,2063.370692722183,32.95767490756925,32.95767490756925,32.95767490756925,207.10923605072827,207.10923605072827,207.10923605072827,-174.15156114315903,-174.15156114315903,-174.15156114315903,0,0,0,-594.7674833202764,4933.645395189147,2063.370692722183,2063.370692722183,2096.328367629752
2022-07-05T00:00:00Z,2063.830794679003,608.5872312446916,608.5872312446916,608.5872312446916,788.4207419724921,788.4207419724921,788.4207419724921,-179.8335107278006,-179.8335107278006,-179.8335107278006,0,0,0,-7.6859915231361855,5314.142340837837,2063.830794679003,2063.830794679003,2672.4180259236946
2022-07-06T00:00:00Z,2064.290896635823,566.5062867532977,566.5062867532977,566.5062867532977,750.5590710470229,750.5590710470229,750.5590710470229,-184.0527842937255,-184.0527842937255,-184.0527842937255,0,0,0,-56.70802611784695,5265.888204757284,2064.290896635823,2064.290896635823,2630.7971833891206
2022-07-07T00:00:00Z,2064.7509985926426,651.5399830374839,651.5399830374839,651.5399830374839,838.0716227697412,838.0716227697412,838.0716227697412,-186.5316397322573,-186.5316397322573,-186.5316397322573,0,0,0,-138.74813071777047,5557.302330821762,2064.7509985926426,2064.7509985926426,2716.2909816301267
2022-07-08T00:00:00Z,2065.2111005494626,688.6999122411041,688.6999122411041,688.6999122411041,875.7343040603768,875.7343040603768,875.7343040603768,-187.03439181927257,-187.03439181927257,-187.03439181927257,0,0,0,-99.77415929251733,5545.341103413759,2065.2111005494626,2065.2111005494626,2753.911012790567
2022-07-09T00:00:00Z,2065.6712025062825,-1586.0554801676003,-1586.0554801676003,-1586.0554801676003,-1400.6798521551698,-1400.6798521551698,-1400.6798521551698,-185.37562801243072,-185.37562801243072,-185.37562801243072,0,0,0,-2131.278349224047,3405.9169059727305,2065.6712025062825,2065.6712025062825,479.6157223386822
2022-07-11T00:00:00Z,2066.5914064199224,31.987818672253304,31.987818672253304,31.987818672253304,207.10923604410723,207.10923604410723,207.10923604410723,-175.1214173718539,-175.1214173718539,-175.1214173718539,0,0,0,-724.2568026847175,4712.237884018416,2066.5914064199224,2066.5914064199224,2098.579225092176
2022-07-12T00:00:00Z,2067.051508376742,621.9634292004388,621.9634292004388,621.9634292004388,788.4207419726504,788.4207419726504,788.4207419726504,-166.45731277221165,-166.45731277221165,-166.45731277221165,0,0,0,-231.23496005068318,5579.815172202331,2067.051508376742,2067.051508376742,2689.0149375771807
2022-07-13T00:00:00Z,2067.5116103335617,595.0609341545046,595.0609341545046,595.0609341545046,750.5590710468551,750.5590710468551,750.5590710468551,-155.49813689235057,-155.49813689235057,-155.49813689235057,0,0,0,-108.58250200313034,5314.696972648088,2067.5116103335617,2067.5116103335617,2662.5725444880663
2022-07-14T00:00:00Z,2067.971712290382,695.6998487050379,695.6998487050379,695.6998487050379,838.0716227713772,838.0716227713772,838.0716227713772,-142.3717740663392,-142.3717740663392,-142.3717740663392,0,0,0,128.6401952257013,5483.860037627965,2067.971712290382,2067.971712290382,2763.67156099542
2022-07-15T00:00:00Z,2068.4318142472016,748.4672402840058,748.4672402840058,748.4672402840058,875.7343040603472,875.7343040603472,875.7343040603472,-127.26706377634146,-127.26706377634146,-127.26706377634146,0,0,0,19.40439083425984,5448.098607175036,2068.4318142472016,2068.4318142472016,2816.899054531207
2022-07-16T00:00:00Z,2068.8919162040215,-1511.1083194075093,-1511.1083194075093,-1511.1083194075093,-1400.6798521463588,-1400.6798521463588,-1400.6798521463588,-110.42846726115054,-110.42846726115054,-110.42846726115054,0,0,0,-2338.604602943506,3396.9875676719694,2068.8919162040215,2068.8919162040215,557.7835967965123
2022-07-17T00:00:00Z,2069.352018160841,-2151.3640250711837,-2151.3640250711837,-2151.3640250711837,-2059.215123747445,-2059.215123747445,-2059.215123747445,-92.14890132373856,-92.14890132373856,-92.14890132373856,0,0,0,-2919.633952064947,2698.6840988162517,2069.352018160841,2069.352018160841,-82.01200691034273
2022-07-18T00:00:00Z,2069.8121201176614,134.34827916929027,134.34827916929027,134.34827916929027,207.1092360458553,207.1092360458553,207.1092360458553,-72.76095687656496,-72.76095687656496,-72.76095687656496,0,0,0,-638.678600909604,4740.389001681584,2069.8121201176614,2069.8121201176614,2204.160399286952
2022-07-19T00:00:00Z,2070.2722220744813,735.7939685268534,735.7939685268534,735.7939685268534,788.4207419732215,788.4207419732215,788.4207419732215,-52.62677344636805,-52.62677344636805,-52.62677344636805,0,0,0,68.2563023915035,5649.313517541917,2070.2722220744813,2070.2722220744813,2806.0661906013347
2022-07-20T00:00:00Z,2070.732324031301,718.4321847314686,718.4321847314686,718.4321847314686,750.5590710466872,750.5590710466872,750.5590710466872,-32.12688631521868,-32.12688631521868,-32.12688631521868,0,0,0,-256.76731642342884,5456.796010277643,2070.732324031301,2070.732324031301,2789.1645087627694
2022-07-21T00:00:00Z,2071.1924259881207,826.4232240989274,826.4232240989274,826.4232240989274,838.0716227711682,838.0716227711682,838.0716227711682,-11.648398672240972,-11.648398672240972,-11.648398672240972,0,0,0,-134.3306442339064,5778.863986743871,2071.1924259881207,2071.1924259881207,2897.6156500870484
2022-07-22T00:00:00Z,2071.652527944941,884.1614481179512,884.1614481179512,884.1614481179512,875.7343040635664,875.7343040635664,875.7343040635664,8.427144054384767,8.427144054384767,8.427144054384767,0,0,0,208.4023940236957,5662.888415203055,2071.652527944941,2071.652527944941,2955.8139760628924
2022-07-23T00:00:00Z,2072.1126299017606,-1372.9440646228538,-1372.9440646228538,-1372.9440646228538,-1400.6798521490864,-1400.6798521490864,-1400.6798521490864,27.735787526232432,27.735787526232432,27.735787526232432,0,0,0,-2235.4555630299415,3445.5425306359343,2072.1126299017606,2072.1126299017606,699.1685652789067
2022-07-24T00:00:00Z,2072.5727318585805,-2013.2724051446312,-2013.2724051446312,-2013.2724051446312,-2059.2151237469216,-2059.2151237469216,-2059.2151237469216,45.94271860229069,45.94271860229069,45.94271860229069,0,0,0,-3064.555149062742,2802.9468236041375,2072.5727318585805,2072.5727318585805,59.30032671394929
2022-07-25T00:00:00Z,2073.0328338154,269.8621890733791,269.8621890733791,269.8621890733791,207.10923604760367,207.10923604760367,207.10923604760367,62.75295302577537,62.75295302577537,62.75295302577537,0,0,0,-503.90706393136696,5099.914256522361,2073.0328338154,2073.0328338154,2342.895022888779
2022-07-26T00:00:00Z,2073.4929357722203,866.34154727448,866.34154727448,866.34154727448,788.4207419733798,788.4207419733798,788.4207419733798,77.92080530110042,77.92080530110042,77.92080530110042,0,0,0,103.50417992155157,5546.054946371583,2073.4929357722203,2073.4929357722203,2939.8344830467004
2022-07-27T00:00:00Z,2073.9530377290403,841.8168917034013,841.8168917034013,841.8168917034013,750.5590710470772,750.5590710470772,750.5590710470772,91.25782065632421,91.25782065632421,91.25782065632421,0,0,0,251.19816759329007,5673.510161821783,2073.9530377290403,2073.9530377290403,2915.7699294324416
2022-07-28T00:00:00Z,2074.4131396858597,940.7105175260431,940.7105175260431,940.7105175260431,838.0716227709593,838.0716227709593,838.0716227709593,102.63889475508398,102.63889475508398,102.63889475508398,0,0,0,433.34081736772913,5757.227342288934,2074.4131396858597,2074.4131396858597,3015.123657211903
2022-07-29T00:00:00Z,2074.8732416426797,987.7406657646363,987.7406657646363,987.7406657646363,875.7343040635368,875.7343040635368,875.7343040635368,112.00636170109955,112.00636170109955,112.00636170109955,0,0,0,146.52085306287196,5832.224002517865,2074.8732416426797,2074.8732416426797,3062.613907407316
2022-07-30T00:00:00Z,2075.3333435995,-1281.3079588838625,-1281.3079588838625,-1281.3079588838625,-1400.6798521502683,-1400.6798521502683,-1400.6798521502683,119.37189326640589,119.37189326640589,119.37189326640589,0,0,0,-2031.7132317501548,3456.198798272525,2075.3333435995,2075.3333435995,794.0253847156375
2022-07-31T00:00:00Z,2075.7934455563195,-1934.3990034859037,-1934.3990034859037,-1934.3990034859037,-2059.2151237463977,-2059.2151237463977,-2059.2151237463977,124.81612026049423,124.81612026049423,124.81612026049423,0,0,0,-2916.9567977498446,2556.494597960029,2075.7934455563195,2075.7934455563195,141.39444207041583
2022-08-01T00:00:00Z,2076.2535475131394,335.595194539573,335.595194539573,335.595194539573,207.10923604834773,207.10923604834773,207.10923604834773,128.48595849122526,128.48595849122526,128.48595849122526,0,0,0,-293.160782949186,5267.6739658354745,2076.2535475131394,2076.2535475131394,2411.8487420527126
2022-08-02T00:00:00Z,2076.713649469959,919.0104366186115,919.0104366186115,919.0104366186115,788.4207419727483,788.4207419727483,788.4207419727483,130.58969464586315,130.58969464586315,130.58969464586315,0,0,0,-11.004411439671824,5740.667618098808,2076.713649469959,2076.713649469959,2995.7240860885704
2022-08-03T00:00:00Z,2077.173751426779,881.9490304329555,881.9490304329555,881.9490304329555,750.5590710472019,750.5590710472019,750.5590710472019,131.38995938575349,131.38995938575349,131.38995938575349,0,0,0,242.61062380532772,5617.0597331196095,2077.173751426779,2077.173751426779,2959.1227818597345
2022-08-04T00:00:00Z,2077.633853383599,969.2664065296062,969.2664065296062,969.2664065296062,838.0716227725953,838.0716227725953,838.0716227725953,131.19478375701098,131.19478375701098,131.19478375701098,0,0,0,328.0114339892095,5749.685035652899,2077.633853383599,2077.633853383599,3046.9002599132054
2022-08-05T00:00:00Z,2078.0939553404187,1006.081302567626,1006.081302567626,1006.081302567626,875.7343040621379,875.7343040621379,875.7343040621379,130.34699850548816,130.34699850548816,130.34699850548816,0,0,0,234.56500542298923,5823.579895481602,2078.0939553404187,2078.0939553404187,3084.175257908045
2022-08-06T00:00:00Z,2078.5540572972386,-1271.4675601358783,-1271.4675601358783,-1271.4675601358783,-1400.6798521514506,-1400.6798521514506,-1400.6798521514506,129.2122920155725,129.2122920155725,129.2122920155725,0,0,0,-1914.5300158343978,3538.44942788497,2078.5540572972386,2078.5540572972386,807.0864971613603
2022-08-07T00:00:00Z,2079.014159254058,-1931.0488341820987,-1931.0488341820987,-1931.0488341820987,-2059.2151237505323,-2059.2151237505323,-2059.2151237505323,128.16628956843374,128.16628956843374,128.16628956843374,0,0,0,-2650.9706874654235,2853.6611451243025,2079.014159254058,2079.014159254058,147.96532507195934
2022-08-08T00:00:00Z,2079.474261187351,334.6902889240152,334.6902889240152,334.6902889240152,207.10923605110014,207.10923605110014,207.10923605110014,127.58105287291502,127.58105287291502,127.58105287291502,0,0,0,-385.68182293731866,5131.385541929732,2079.474261187351,2079.474261187351,2414.164550111366
2022-08-09T00:00:00Z,2079.9343631206443,916.2321651079259,916.2321651079259,916.2321651079259,788.4207419729069,788.4207419729069,788.4207419729069,127.81142313501903,127.81142313501903,127.81142313501903,0,0,0,191.35402736933688,5850.176534681112,2079.9343631206443,2079.9343631206443,2996.1665282285703
2022-08-10T00:00:00Z,2080.394465053937,879.7407134671307,879.7407134671307,879.7407134671307,750.5590710467415,750.5590710467415,750.5590710467415,129.1816424203895,129.1816424203895,129.1816424203895,0,0,0,267.88994021901146,5758.458028480365,2080.394465053937,2080.394465053937,2960.1351785210677
2022-08-11T00:00:00Z,2080.85456698723,970.0443089983114,970.0443089983114,970.0443089983114,838.0716227723864,838.0716227723864,838.0716227723864,131.972686225925,131.972686225925,131.972686225925,0,0,0,243.6086464230654,5828.3433466621,2080.85456698723,2080.85456698723,3050.8988759855415
2022-08-12T00:00:00Z,2081.314668920523,1012.145028999765,1012.145028999765,1012.145028999765,875.7343040680953,875.7343040680953,875.7343040680953,136.41072493166965,136.41072493166965,136.41072493166965,0,0,0,293.5095725031697,5877.266023283753,2081.314668920523,2081.314668920523,3093.4596979202884
2022-08-13T00:00:00Z,2081.774770853816,-1258.022748699538,-1258.022748699538,-1258.022748699538,-1400.6798521526327,-1400.6798521526327,-1400.6798521526327,142.657103453095,142.657103453095,142.657103453095,0,0,0,-1930.0720436942297,3546.6720323999302,2081.774770853816,2081.774770853816,823.7520221542779
2022-08-14T00:00:00Z,2082.234872787109,-1908.414936057142,-1908.414936057142,-1908.414936057142,-2059.2151237485937,-2059.2151237485937,-2059.2151237485937,150.80018769145164,150.80018769145164,150.80018769145164,0,0,0,-2486.010907600704,2804.9023025645683,2082.234872787109,2082.234872787109,173.8199367299669
2022-08-15T00:00:00Z,2082.694974720401,367.9586104269822,367.9586104269822,367.9586104269822,207.10923605184425,207.10923605184425,207.10923605184425,160.84937437513798,160.84937437513798,160.84937437513798,0,0,0,-555.1903204482761,5389.986153114327,2082.694974720401,2082.694974720401,2450.6535851473836
2022-08-16T00:00:00Z,2083.1550766536943,961.152241036806,961.152241036806,961.152241036806,788.4207419726703,788.4207419726703,788.4207419726703,172.7314990641358,172.7314990641358,172.7314990641358,0,0,0,310.4673029621062,5769.129169755879,2083.1550766536943,2083.1550766536943,3044.3073176905004
2022-08-17T00:00:00Z,2083.6151785869874,936.8488782594907,936.8488782594907,936.8488782594907,750.559071046866,750.559071046866,750.559071046866,186.28980721262474,186.28980721262474,186.28980721262474,0,0,0,151.43176560908609,5691.715213963356,2083.6151785869874,2083.6151785869874,3020.4640568464783
2022-08-18T00:00:00Z,2084.07528052028,1039.3572000572633,1039.3572000572633,1039.3572000572633,838.0716227703268,838.0716227703268,838.0716227703268,201.28557728693644,201.28557728693644,201.28557728693644,0,0,0,364.86480788111294,5927.066317406124,2084.07528052028,2084.07528052028,3123.432480577543
2022-08-19T00:00:00Z,2084.535382453573,1093.1367093176182,1093.1367093176182,1093.1367093176182,875.7343040653275,875.7343040653275,875.7343040653275,217.4024052522908,217.4024052522908,217.4024052522908,0,0,0,549.5474030444445,5799.746953705533,2084.535382453573,2084.535382453573,3177.6720917711914
2022-08-20T00:00:00Z,2084.9954843868663,-1166.4267735307585,-1166.4267735307585,-1166.4267735307585,-1400.6798521553599,-1400.6798521553599,-1400.6798521553599,234.25307862460122,234.25307862460122,234.25307862460122,0,0,0,-1665.354894625399,3509.082675641067,2084.9954843868663,2084.9954843868663,918.5687108561078
2022-08-21T00:00:00Z,2085.455586320159,-1807.8262355534634,-1807.8262355534634,-1807.8262355534634,-2059.215123749485,-2059.215123749485,-2059.215123749485,251.38888819602164,251.38888819602164,251.38888819602164,0,0,0,-2363.2006971163273,3037.1431438838963,2085.455586320159,2085.455586320159,277.62935076669555
2022-08-22T00:00:00Z,2085.9156882534517,475.4203849252371,475.4203849252371,475.4203849252371,207.1092360442188,207.1092360442188,207.1092360442188,268.31114888101837,268.31114888101837,268.31114888101837,0,0,0,-195.35687141838784,5274.811734432567,2085.9156882534517,2085.9156882534517,2561.336073178689
2022-08-23T00:00:00Z,2086.375790186745,1072.9053722451008,1072.9053722451008,1072.9053722451008,788.4207419732414,788.4207419732414,788.4207419732414,284.4846302718596,284.4846302718596,284.4846302718596,0,0,0,437.20364383716253,6147.399841663938,2086.375790186745,2086.375790186745,3159.2811624318456
2022-08-24T00:00:00Z,2086.8358921200374,1049.911605659962,1049.911605659962,1049.911605659962,750.5590710466981,750.5590710466981,750.5590710466981,299.35253461326414,299.35253461326414,299.35253461326414,0,0,0,353.86078831977335,5711.146986008561,2086.8358921200374,2086.8358921200374,3136.7474977799993
2022-08-25T00:00:00Z,2087.2959940533306,1150.4242297751964,1150.4242297751964,1150.4242297751964,838.0716227710402,838.0716227710402,838.0716227710402,312.3526070041563,312.3526070041563,312.3526070041563,0,0,0,504.55354217432324,6037.082723583901,2087.2959940533306,2087.2959940533306,3237.720223828527
2022-08-26T00:00:00Z,2087.756095986623,1198.6682254612797,1198.6682254612797,1198.6682254612797,875.7343040652979,875.7343040652979,875.7343040652979,322.93392139598177,322.93392139598177,322.93392139598177,0,0,0,398.4850975956723,6117.6167024818615,2087.756095986623,2087.756095986623,3286.424321447903
2022-08-27T00:00:00Z,2088.2161979199163,-1070.1059943918544,-1070.1059943918544,-1070.1059943918544,-1400.6798521549974,-1400.6798521549974,-1400.6798521549974,330.573857763143,330.573857763143,330.573857763143,0,0,0,-1719.6370165286057,3792.047333496928,2088.2161979199163,2088.2161979199163,1018.1102035280619
2022-08-28T00:00:00Z,2088.6762998532095,-1724.420352095886,-1724.420352095886,-1724.420352095886,-2059.2151237475464,-2059.2151237475464,-2059.2151237475464,334.7947716516602,334.7947716516602,334.7947716516602,0,0,0,-2283.1137862226424,3184.513668653351,2088.6762998532095,2088.6762998532095,364.2559477573234
2022-08-29T00:00:00Z,2089.136401786502,542.2890938107518,542.2890938107518,542.2890938107518,207.10923604596718,207.10923604596718,207.10923604596718,335.1798577647845,335.1798577647845,335.1798577647845,0,0,0,-216.3768514663452,5506.1841530327865,2089.136401786502,2089.136401786502,2631.4254955972538
2022-08-30T00:00:00Z,2089.596503719795,1119.8084664310757,1119.8084664310757,1119.8084664310757,788.4207419730047,788.4207419730047,788.4207419730047,331.38772445807075,331.38772445807075,331.38772445807075,0,0,0,602.0054305057887,6032.942978624578,2089.596503719795,2089.596503719795,3209.40497015087
2022-08-31T00:00:00Z,2090.056605653088,1073.7242967643424,1073.7242967643424,1073.7242967643424,750.5590710468231,750.5590710468231,750.5590710468231,323.16522571751926,323.16522571751926,323.16522571751926,0,0,0,205.95252679347834,5860.509240528393,2090.056605653088,2090.056605653088,3163.7809024174303
2022-09-01T00:00:00Z,2090.5167075863806,1148.4297634369461,1148.4297634369461,1148.4297634369461,838.0716227717537,838.0716227717537,838.0716227717537,310.3581406651923,310.3581406651923,310.3581406651923,0,0,0,533.2864422408629,6002.073796391348,2090.5167075863806,2090.5167075863806,3238.946471023327
2022-09-02T00:00:00Z,2090.9768095196737,1168.6536508015292,1168.6536508015292,1168.6536508015292,875.7343040652684,875.7343040652684,875.7343040652684,292.919346736261,292.919346736261,292.919346736261,0,0,0,444.1055931840254,6169.479802787073,2090.9768095196737,2090.9768095196737,3259.630460321203
2022-09-03T00:00:00Z,2091.4369114529663,-1129.7656522537688,-1129.7656522537688,-1129.7656522537688,-1400.6798521492765,-1400.6798521492765,-1400.6798521492765,270.9141998955078,270.9141998955078,270.9141998955078,0,0,0,-1734.8490595898838,3770.6697895833563,2091.4369114529663,2091.4369114529663,961.6712591991975
2022-09-04T00:00:00Z,2091.8970133862595,-1814.692212007573,-1814.692212007573,-1814.692212007573,-2059.215123747023,-2059.215123747023,-2059.215123747023,244.52291173944974,244.52291173944974,244.52291173944974,0,0,0,-2657.9141384612612,2979.7363721890556,2091.8970133862595,2091.8970133862595,277.2048013786864
2022-09-05T00:00:00Z,2092.3571153195526,421.1490329668917,421.1490329668917,421.1490329668917,207.10923604771526,207.10923604771526,207.10923604771526,214.0397969191764,214.0397969191764,214.0397969191764,0,0,0,-183.07760332780555,5260.691808903366,2092.3571153195526,2092.3571153195526,2513.5061482864444
2022-09-06T00:00:00Z,2092.817217252845,968.2900946069493,968.2900946069493,968.2900946069493,788.4207419731632,788.4207419731632,788.4207419731632,179.86935263378626,179.86935263378626,179.86935263378626,0,0,0,259.9591927786266,5664.650864851829,2092.817217252845,2092.817217252845,3061.107311859794
2022-09-07T00:00:00Z,2093.277319186138,893.0782934960845,893.0782934960845,893.0782934960845,750.5590710463625,750.5590710463625,750.5590710463625,142.51922244972198,142.51922244972198,142.51922244972198,0,0,0,256.53651171820457,5777.607658382817,2093.277319186138,2093.277319186138,2986.3556126822223
2022-09-08T00:00:00Z,2093.737421119431,940.6618095362534,940.6618095362534,940.6618095362534,838.071622768772,838.071622768772,838.071622768772,102.59018676748147,102.59018676748147,102.59018676748147,0,0,0,459.26681062416185,5747.276302375544,2093.737421119431,2093.737421119431,3034.3992306556843
2022-09-09T00:00:00Z,2094.1975230527237,936.4977133115366,936.4977133115366,936.4977133115366,875.7343040625004,875.7343040625004,875.7343040625004,60.7634092490362,60.7634092490362,60.7634092490362,0,0,0,433.94534762859877,5801.687426041449,2094.1975230527237,2094.1975230527237,3030.6952363642604
2022-09-10T00:00:00Z,2094.657624986017,-1382.8946022826678,-1382.8946022826678,-1382.8946022826678,-1400.6798521504586,-1400.6798521504586,-1400.6798521504586,17.78524986779064,17.78524986779064,17.78524986779064,0,0,0,-2109.4354864463025,3557.682537121935,2094.657624986017,2094.657624986017,711.763022703349
2022-09-11T00:00:00Z,2095.11772691931,-2084.7650952214603,-2084.7650952214603,-2084.7650952214603,-2059.215123746499,-2059.215123746499,-2059.215123746499,-25.549971474961374,-25.549971474961374,-25.549971474961374,0,0,0,-2689.6152116202743,2669.7744432379113,2095.11772691931,2095.11772691931,10.352631697849574
2022-09-12T00:00:00Z,2095.5778288526026,138.69042222917057,138.69042222917057,138.69042222917057,207.1092360494636,207.1092360494636,207.1092360494636,-68.41881382029297,-68.41881382029297,-68.41881382029297,0,0,0,-527.9322244645808,5021.287982797465,2095.5778288526026,2095.5778288526026,2234.268251081773
2022-09-13T00:00:00Z,2096.0379307858957,678.4320832207071,678.4320832207071,678.4320832207071,788.4207419725315,788.4207419725315,788.4207419725315,-109.98865875182454,-109.98865875182454,-109.98865875182454,0,0,0,-91.6491270031943,5463.548884615233,2096.0379307858957,2096.0379307858957,2774.470014006603
2022-09-14T00:00:00Z,2096.498032719188,601.1208470928754,601.1208470928754,601.1208470928754,750.559071047045,750.559071047045,750.559071047045,-149.43822395416947,-149.43822395416947,-149.43822395416947,0,0,0,75.54323230646358,5614.214178227998,2096.498032719188,2096.498032719188,2697.6188798120634
2022-09-15T00:00:00Z,2096.958134652481,652.093532864521,652.093532864521,652.093532864521,838.0716227694853,838.0716227694853,838.0716227694853,-185.97808990496432,-185.97808990496432,-185.97808990496432,0,0,0,63.79337993835014,5542.15012643043,2096.958134652481,2096.958134652481,2749.051667517002
2022-09-16T00:00:00Z,2097.418236585774,656.8636274843236,656.8636274843236,656.8636274843236,875.7343040624708,875.7343040624708,875.7343040624708,-218.87067657814714,-218.87067657814714,-218.87067657814714,0,0,0,-51.25138004016116,5392.758382058668,2097.418236585774,2097.418236585774,2754.281864070098
2022-09-17T00:00:00Z,2097.878338519067,-1648.1289689329872,-1648.1289689329872,-1648.1289689329872,-1400.679852153186,-1400.679852153186,-1400.679852153186,-247.44911677980107,-247.44911677980107,-247.44911677980107,0,0,0,-2254.305491112061,3155.6886657509367,2097.878338519067,2097.878338519067,449.74936958607964
2022-09-18T00:00:00Z,2098.33844045236,-2330.349622133465,-2330.349622133465,-2330.349622133465,-2059.2151237506337,-2059.2151237506337,-2059.2151237506337,-271.1344983828312,-271.1344983828312,-271.1344983828312,0,0,0,-2984.579417937829,2416.471987818492,2098.33844045236,2098.33844045236,-232.01118168110497
2022-09-19T00:00:00Z,2098.798542385653,-82.34175260952031,-82.34175260952031,-82.34175260952031,207.10923604183824,207.10923604183824,207.10923604183824,-289.4509886513586,-289.4509886513586,-289.4509886513586,0,0,0,-764.720726032879,4556.796756095529,2098.798542385653,2098.798542385653,2016.4567897761326
2022-09-20T00:00:00Z,2099.2586443189457,486.38233299600944,486.38233299600944,486.38233299600944,788.4207419726899,788.4207419726899,788.4207419726899,-302.03840897668067,-302.03840897668067,-302.03840897668067,0,0,0,-83.25900810987898,5271.923729058008,2099.2586443189457,2099.2586443189457,2585.6409773149553
2022-09-21T00:00:00Z,2099.7187462522384,441.8971748410057,441.8971748410057,441.8971748410057,750.559071046877,750.559071046877,750.559071046877,-308.6618962058713,-308.6618962058713,-308.6618962058713,0,0,0,-213.69422111291928,5301.697013552272,2099.7187462522384,2099.7187462522384,2541.615921093244
2022-09-22T00:00:00Z,2100.1788481855315,528.8532573198129,528.8532573198129,528.8532573198129,838.0716227701989,838.0716227701989,838.0716227701989,-309.2183654503859,-309.2183654503859,-309.2183654503859,0,0,0,-142.0247112196623,5475.2397271237205,2100.1788481855315,2100.1788481855315,2629.0321055053446
2022-09-23T00:00:00Z,2100.638950118824,571.994727425777,571.994727425777,571.994727425777,875.734304061072,875.734304061072,875.734304061072,-303.73957663529507,-303.73957663529507,-303.73957663529507,0,0,0,-62.9024730252783,5455.941366827648,2100.638950118824,2100.638950118824,2672.633677544601
2022-09-24T00:00:00Z,2101.0990520521173,-1693.0715527664267,-1693.0715527664267,-1693.0715527664267,-1400.6798521528233,-1400.6798521528233,-1400.6798521528233,-292.3917006136034,-292.3917006136034,-292.3917006136034,0,0,0,-2161.075907534276,3130.4529616805175,2101.0990520521173,2101.0990520521173,408.0274992856905
2022-09-25T00:00:00Z,2101.55915398541,-2334.686501533736,-2334.686501533736,-2334.686501533736,-2059.2151237486946,-2059.2151237486946,-2059.2151237486946,-275.47137778504117,-275.47137778504117,-275.47137778504117,0,0,0,-3022.977877172283,2452.7481400752395,2101.55915398541,2101.55915398541,-233.12734754832627
2022-09-26T00:00:00Z,2102.019255918703,-46.289123993444335,-46.289123993444335,-46.289123993444335,207.10923604459072,207.10923604459072,207.10923604459072,-253.39836003803507,-253.39836003803507,-253.39836003803507,0,0,0,-830.9724737969375,5064.687796410692,2102.019255918703,2102.019255918703,2055.730131925259
2022-09-27T00:00:00Z,2102.479357851996,561.7158193004674,561.7158193004674,561.7158193004674,788.4207419728484,788.4207419728484,788.4207419728484,-226.70492267238112,-226.70492267238112,-226.70492267238112,0,0,0,200.04028191240536,5511.051085088577,2102.479357851996,2102.479357851996,2664.1951771524637
2022-09-28T00:00:00Z,2102.939459785289,554.5367470560656,554.5367470560656,554.5367470560656,750.5590710467093,750.5590710467093,750.5590710467093,-196.02232399064374,-196.02232399064374,-196.02232399064374,0,0,0,-114.48047861386722,5281.668064769624,2102.939459785289,2102.939459785289,2657.4762068413543
2022-09-29T00:00:00Z,2103.3995617185815,676.0069489469412,676.0069489469412,676.0069489469412,838.0716227709122,838.0716227709122,838.0716227709122,-162.06467382397108,-162.06467382397108,-162.06467382397108,0,0,0,-86.16820079605372,5453.369850289399,2103.3995617185815,2103.3995617185815,2779.4065106655225
2022-09-30T00:00:00Z,2103.8596636518746,750.1236581327488,750.1236581327488,750.1236581327488,875.7343040656604,875.7343040656604,875.7343040656604,-125.61064593291152,-125.61064593291152,-125.61064593291152,0,0,0,71.91799168327347,5424.4907457613435,2103.8596636518746,2103.8596636518746,2853.9833217846235
2022-10-01T00:00:00Z,2104.3197655851673,-1488.1633830103262,-1488.1633830103262,-1488.1633830103262,-1400.6798521555504,-1400.6798521555504,-1400.6798521555504,-87.48353085477589,-87.48353085477589,-87.48353085477589,0,0,0,-2292.2696871427415,3326.1074393178587,2104.3197655851673,2104.3197655851673,616.156382574841
2022-10-02T00:00:00Z,2104.7798669728804,-2107.7452972411306,-2107.7452972411306,-2107.7452972411306,-2059.215123749586,-2059.215123749586,-2059.215123749586,-48.53017349154425,-48.53017349154425,-48.53017349154425,0,0,0,-2800.77695302845,2643.0833072115215,2104.7798669728804,2104.7798669728804,-2.965430268250202
2022-10-03T00:00:00Z,2105.2399683605936,197.50986389691133,197.50986389691133,197.50986389691133,207.10923604533488,207.10923604533488,207.10923604533488,-9.59937214842356,-9.59937214842356,-9.59937214842356,0,0,0,-235.0926459442369,5134.171463994426,2105.2399683605936,2105.2399683605936,2302.7498322575047
2022-10-04T00:00:00Z,2105.700069748307,816.9004101503141,816.9004101503141,816.9004101503141,788.420741972612,788.420741972612,788.420741972612,28.479668177702134,28.479668177702134,28.479668177702134,0,0,0,358.8485390049192,5924.00641842931,2105.700069748307,2105.700069748307,2922.6004798986214
2022-10-05T00:00:00Z,2106.1601711360204,815.4773072604689,815.4773072604689,815.4773072604689,750.5590710470992,750.5590710470992,750.5590710470992,64.91823621336971,64.91823621336971,64.91823621336971,0,0,0,216.8092825219213,5527.729450384631,2106.1601711360204,2106.1601711360204,2921.6374783964893
2022-10-06T00:00:00Z,2106.620272523734,937.0594168918344,937.0594168918344,937.0594168918344,838.0716227707032,838.0716227707032,838.0716227707032,98.98779412113124,98.98779412113124,98.98779412113124,0,0,0,170.84944475141913,5718.279171698299,2106.620272523734,2106.620272523734,3043.6796894155686
2022-10-07T00:00:00Z,2107.080373911447,1005.7722002501226,1005.7722002501226,1005.7722002501226,875.7343040642614,875.7343040642614,875.7343040642614,130.03789618586126,130.03789618586126,130.03789618586126,0,0,0,404.7425308595597,5815.192369356502,2107.080373911447,2107.080373911447,3112.85257416157
2022-10-08T00:00:00Z,2107.5404752991603,-1243.167996420715,-1243.167996420715,-1243.167996420715,-1400.6798521582778,-1400.6798521582778,-1400.6798521582778,157.511855737563,157.511855737563,157.511855737563,0,0,0,-2032.6781550292606,3686.2397640809027,2107.5404752991603,2107.5404752991603,864.3724788784452
2022-10-10T00:00:00Z,2108.460678074587,407.1575310913949,407.1575310913949,407.1575310913949,207.10923604708296,207.10923604708296,207.10923604708296,200.04829504431203,200.04829504431203,200.04829504431203,0,0,0,-315.954247190888,5218.556245908358,2108.460678074587,2108.460678074587,2515.618209165982
2022-10-11T00:00:00Z,2108.9207794623003,1002.988418715963,1002.988418715963,1002.988418715963,788.4207419731829,788.4207419731829,788.4207419731829,214.56767674278015,214.56767674278015,214.56767674278015,0,0,0,294.6558200225689,5730.2327430324995,2108.9207794623003,2108.9207794623003,3111.909198178263
2022-10-12T00:00:00Z,2109.3808808500135,974.9936536633439,974.9936536633439,974.9936536633439,750.5590710472238,750.5590710472238,750.5590710472238,224.43458261612017,224.43458261612017,224.43458261612017,0,0,0,230.3652816974993,5687.1879659741235,2109.3808808500135,2109.3808808500135,3084.3745345133575
2022-10-13T00:00:00Z,2109.8409822377266,1067.763569893546,1067.763569893546,1067.763569893546,838.0716227723391,838.0716227723391,838.0716227723391,229.691947121207,229.691947121207,229.691947121207,0,0,0,375.5386601427557,6043.755023155036,2109.8409822377266,2109.8409822377266,3177.6045521312726
2022-10-14T00:00:00Z,2110.30108362544,1106.2393931738661,1106.2393931738661,1106.2393931738661,875.734304064232,875.734304064232,875.734304064232,230.50508910963407,230.50508910963407,230.50508910963407,0,0,0,507.9460414655181,5931.081486255821,2110.30108362544,2110.30108362544,3216.540476799306
2022-10-15T00:00:00Z,2110.761185013153,-1173.525364114047,-1173.525364114047,-1173.525364114047,-1400.679852149467,-1400.679852149467,-1400.679852149467,227.1544880354199,227.1544880354199,227.1544880354199,0,0,0,-1831.4559634055465,3477.2609498065995,2110.761185013153,2110.761185013153,937.2358208991059
2022-10-16T00:00:00Z,2111.2212864008666,-1839.1897151214348,-1839.1897151214348,-1839.1897151214348,-2059.215123751782,-2059.215123751782,-2059.215123751782,220.02540863034704,220.02540863034704,220.02540863034704,0,0,0,-2151.4028683974575,2937.1768950713927,2111.2212864008666,2111.2212864008666,272.0315712794318
2022-10-17T00:00:00Z,2111.6813877885797,416.7039267340163,416.7039267340163,416.7039267340163,207.1092360488313,207.1092360488313,207.1092360488313,209.59469068518501,209.59469068518501,209.59469068518501,0,0,0,-135.66212246775885,5158.755257403727,2111.6813877885797,2111.6813877885797,2528.385314522596
2022-10-18T00:00:00Z,2112.141489176293,984.835843648382,984.835843648382,984.835843648382,788.4207419729464,788.4207419729464,788.4207419729464,196.41510167543544,196.41510167543544,196.41510167543544,0,0,0,457.0487476366277,5894.286969467289,2112.141489176293,2112.141489176293,3096.9773328246747
2022-10-19T00:00:00Z,2112.6015905640065,931.6567906309957,931.6567906309957,931.6567906309957,750.559071046763,750.559071046763,750.559071046763,181.0977195842325,181.0977195842325,181.0977195842325,0,0,0,285.69841590063237,5596.905619765303,2112.6015905640065,2112.6015905640065,3044.258381195002
2022-10-20T00:00:00Z,2113.0616919517197,1002.3644921097246,1002.3644921097246,1002.3644921097246,838.0716227721304,838.0716227721304,838.0716227721304,164.29286933759434,164.29286933759434,164.29286933759434,0,0,0,284.7137340314644,5879.3224432750485,2113.0616919517197,2113.0616919517197,3115.4261840614445
2022-10-21T00:00:00Z,2113.521793339433,1022.4044811935195,1022.4044811935195,1022.4044811935195,875.7343040628331,875.7343040628331,875.7343040628331,146.6701771306863,146.6701771306863,146.6701771306863,0,0,0,245.9506435693947,5765.938379128553,2113.521793339433,2113.521793339433,3135.9262745329524
2022-10-22T00:00:00Z,2113.9818947271465,-1271.7815207966921,-1271.7815207966921,-1271.7815207966921,-1400.6798521521941,-1400.6798521521941,-1400.6798521521941,128.89833135550188,128.89833135550188,128.89833135550188,0,0,0,-1926.605403064955,3535.189046650238,2113.9818947271465,2113.9818947271465,842.2003739304544
2022-10-23T00:00:00Z,2114.4419961148596,-1947.5899776520616,-1947.5899776520616,-1947.5899776520616,-2059.2151237498433,-2059.2151237498433,-2059.2151237498433,111.62514609778154,111.62514609778154,111.62514609778154,0,0,0,-2484.0777602884486,3122.2104307905115,2114.4419961148596,2114.4419961148596,166.85201846279801
2022-10-24T00:00:00Z,2114.902097502573,302.5677490562088,302.5677490562088,302.5677490562088,207.1092360505794,207.1092360505794,207.1092360505794,95.4585130056294,95.4585130056294,95.4585130056294,0,0,0,-472.14937221223164,5104.0635507090565,2114.902097502573,2114.902097502573,2417.4698465587817
2022-10-25T00:00:00Z,2115.362198890286,869.369541971931,869.369541971931,869.369541971931,788.4207419731049,788.4207419731049,788.4207419731049,80.94879999882608,80.94879999882608,80.94879999882608,0,0,0,327.42744787709336,5612.570720839245,2115.362198890286,2115.362198890286,2984.731740862217
2022-10-26T00:00:00Z,2115.822300277999,819.1322826042857,819.1322826042857,819.1322826042857,750.559071046888,750.559071046888,750.559071046888,68.57321155739771,68.57321155739771,68.57321155739771,0,0,0,17.500971640990322,5678.579091224749,2115.822300277999,2115.822300277999,2934.9545828822847
2022-10-27T00:00:00Z,2116.2824016657123,896.7941892010867,896.7941892010867,896.7941892010867,838.0716227700707,838.0716227700707,838.0716227700707,58.7225664310162,58.7225664310162,58.7225664310162,0,0,0,209.8640432200796,5763.481540999366,2116.2824016657123,2116.2824016657123,3013.076590866799
2022-10-28T00:00:00Z,2116.742503053426,927.4251803134823,927.4251803134823,927.4251803134823,875.7343040614344,875.7343040614344,875.7343040614344,51.690876252047936,51.690876252047936,51.690876252047936,0,0,0,304.2257016667755,5779.780679930633,2116.742503053426,2116.742503053426,3044.167683366908
2022-10-29T00:00:00Z,2117.202604441139,-1353.0118273638368,-1353.0118273638368,-1353.0118273638368,-1400.6798521533765,-1400.6798521533765,-1400.6798521533765,47.66802478953967,47.66802478953967,47.66802478953967,0,0,0,-1920.536546966988,3568.5612276312336,2117.202604441139,2117.202604441139,764.1907770773023
2022-10-30T00:00:00Z,2117.6627058288523,-2012.4793688580571,-2012.4793688580571,-2012.4793688580571,-2059.215123750734,-2059.215123750734,-2059.215123750734,46.73575489267718,46.73575489267718,46.73575489267718,0,0,0,-2559.9744106913217,2878.1533805184113,2117.6627058288523,2117.6627058288523,105.18333697079515
2022-10-31T00:00:00Z,2118.1228072165654,255.9763072801173,255.9763072801173,255.9763072801173,207.10923605132353,207.10923605132353,207.10923605132353,48.86707122879383,48.86707122879383,48.86707122879383,0,0,0,-285.72798656868616,5046.061981285584,2118.1228072165654,2118.1228072165654,2374.099114496683
2022-11-01T00:00:00Z,2118.582908604279,842.3498065894544,842.3498065894544,842.3498065894544,788.4207419732808,788.4207419732808,788.4207419732808,53.929064616173505,53.929064616173505,53.929064616173505,0,0,0,163.9227161005122,5626.71069330541,2118.582908604279,2118.582908604279,2960.932715193733
2022-11-02T00:00:00Z,2119.043009991992,812.2481321410431,812.2481321410431,812.2481321410431,750.5590710470128,750.5590710470128,750.5590710470128,61.68906109403021,61.68906109403021,61.68906109403021,0,0,0,171.3719228986663,5568.616682077986,2119.043009991992,2119.043009991992,2931.2911421330355
2022-11-03T00:00:00Z,2119.503111379706,909.8955216350229,909.8955216350229,909.8955216350229,838.0716227707843,838.0716227707843,838.0716227707843,71.8238988642389,71.8238988642389,71.8238988642389,0,0,0,210.7302787163175,5656.873586192438,2119.503111379706,2119.503111379706,3029.3986330147286
2022-11-04T00:00:00Z,2119.963212767419,959.6663459122467,959.6663459122467,959.6663459122467,875.7343040600355,875.7343040600355,875.7343040600355,83.93204185221114,83.93204185221114,83.93204185221114,0,0,0,241.38712644910845,6018.0028240707825,2119.963212767419,2119.963212767419,3079.629558679666
2022-11-05T00:00:00Z,2120.423314155132,-1303.1316994978213,-1303.1316994978213,-1303.1316994978213,-1400.6798521545586,-1400.6798521545586,-1400.6798521545586,97.54815265673747,97.54815265673747,97.54815265673747,0,0,0,-2149.02070691409,3334.9997761630652,2120.423314155132,2120.423314155132,817.2916146573109
2022-11-06T00:00:00Z,2120.8834155428453,-1947.0554510968552,-1947.0554510968552,-1947.0554510968552,-2059.215123748796,-2059.215123748796,-2059.215123748796,112.15967265194088,112.15967265194088,112.15967265194088,0,0,0,-2633.1246720485788,3093.3152967383603,2120.8834155428453,2120.8834155428453,173.82796444599012
2022-11-07T00:00:00Z,2121.3435169305585,334.3341312755128,334.3341312755128,334.3341312755128,207.10923604470256,207.10923604470256,207.10923604470256,127.2248952308103,127.2248952308103,127.2248952308103,0,0,0,-253.90025675308712,5284.976432361788,2121.3435169305585,2121.3435169305585,2455.6776482060714
2022-11-08T00:00:00Z,2121.8036183182717,930.6127134700216,930.6127134700216,930.6127134700216,788.4207419734395,788.4207419734395,788.4207419734395,142.19197149658228,142.19197149658228,142.19197149658228,0,0,0,105.48568767579059,5783.627013604845,2121.8036183182717,2121.8036183182717,3052.416331788293
2022-11-09T00:00:00Z,2122.263719705985,907.0773286091637,907.0773286091637,907.0773286091637,750.5590710468448,750.5590710468448,750.5590710468448,156.51825756231875,156.51825756231875,156.51825756231875,0,0,0,245.02263309710463,5846.975250698642,2122.263719705985,2122.263719705985,3029.3410483151483
2022-11-10T00:00:00Z,2122.7238210936985,1007.7610227387765,1007.7610227387765,1007.7610227387765,838.0716227714978,838.0716227714978,838.0716227714978,169.68939996727886,169.68939996727886,169.68939996727886,0,0,0,292.71731825807433,5827.915113563519,2122.7238210936985,2122.7238210936985,3130.4848438324752
2022-11-11T00:00:00Z,2123.1839224814116,1056.9718650595678,1056.9718650595678,1056.9718650595678,875.7343040600063,875.7343040600063,875.7343040600063,181.23756099956154,181.23756099956154,181.23756099956154,0,0,0,126.04055730825417,6072.396002687566,2123.1839224814116,2123.1839224814116,3180.1557875409794
2022-11-12T00:00:00Z,2123.644023869125,-1209.9216432744001,-1209.9216432744001,-1209.9216432744001,-1400.6798521472929,-1400.6798521472929,-1400.6798521472929,190.75820887289265,190.75820887289265,190.75820887289265,0,0,0,-1710.5360412555594,3839.376410998464,2123.644023869125,2123.644023869125,913.7223805947247
2022-11-13T00:00:00Z,2124.104125256838,-1861.2901856280162,-1861.2901856280162,-1861.2901856280162,-2059.2151237468574,-2059.2151237468574,-2059.2151237468574,197.92493811884106,197.92493811884106,197.92493811884106,0,0,0,-2614.4648096498477,3164.777555888932,2124.104125256838,2124.104125256838,262.8139396288218
2022-11-14T00:00:00Z,2124.5642266445516,409.61107818489387,409.61107818489387,409.61107818489387,207.10923604645086,207.10923604645086,207.10923604645086,202.501842138443,202.501842138443,202.501842138443,0,0,0,-339.42907618822784,5194.189556155038,2124.5642266445516,2124.5642266445516,2534.1753048294454
2022-11-15T00:00:00Z,2125.0243280322647,992.7737729795963,992.7737729795963,992.7737729795963,788.420741973203,788.420741973203,788.420741973203,204.35303100639337,204.35303100639337,204.35303100639337,0,0,0,374.5697647579321,5997.574090750037,2125.0243280322647,2125.0243280322647,3117.798101011861
2022-11-16T00:00:00Z,2125.4844294199784,954.0080423748975,954.0080423748975,954.0080423748975,750.559071046677,750.559071046677,750.559071046677,203.44897132822032,203.44897132822032,203.44897132822032,0,0,0,247.59753922865076,5901.6287298137495,2125.4844294199784,2125.4844294199784,3079.492471794876
2022-11-17T00:00:00Z,2125.9445308076915,1037.9410415827329,1037.9410415827329,1037.9410415827329,838.0716227712888,838.0716227712888,838.0716227712888,199.86941881144386,199.86941881144386,199.86941881144386,0,0,0,264.69767125377933,5815.280913963618,2125.9445308076915,2125.9445308076915,3163.8855723904244
2022-11-18T00:00:00Z,2126.4046321954047,1069.5371195879504,1069.5371195879504,1069.5371195879504,875.7343040632251,875.7343040632251,875.7343040632251,193.80281552472533,193.80281552472533,193.80281552472533,0,0,0,428.79092708768303,5946.054625403977,2126.4046321954047,2126.4046321954047,3195.9417517833554
2022-11-19T00:00:00Z,2126.864733583118,-1215.1377225067672,-1215.1377225067672,-1215.1377225067672,-1400.6798521500205,-1400.6798521500205,-1400.6798521500205,185.54212964325313,185.54212964325313,185.54212964325313,0,0,0,-1777.4398505055565,3746.7610076038272,2126.864733583118,2126.864733583118,911.7270110763507
2022-11-20T00:00:00Z,2127.324834970831,-1883.7379010171608,-1883.7379010171608,-1883.7379010171608,-2059.215123747748,-2059.215123747748,-2059.215123747748,175.47722273058727,175.47722273058727,175.47722273058727,0,0,0,-2506.7164677731625,3103.9340961555476,2127.324834970831,2127.324834970831,243.58693395367027
2022-11-21T00:00:00Z,2127.784936358544,371.1931711973859,371.1931711973859,371.1931711973859,207.10923604819897,207.10923604819897,207.10923604819897,164.0839351491869,164.0839351491869,164.0839351491869,0,0,0,-215.94703150626873,5256.280577260619,2127.784936358544,2127.784936358544,2498.97810755593
2022-11-22T00:00:00Z,2128.245037746258,940.3309228788388,940.3309228788388,940.3309228788388,788.4207419729662,788.4207419729662,788.4207419729662,151.91018090587252,151.91018090587252,151.91018090587252,0,0,0,338.0052322274005,5688.842085475392,2128.245037746258,2128.245037746258,3068.5759606250967
2022-11-23T00:00:00Z,2128.705139133971,890.1185071985965,890.1185071985965,890.1185071985965,750.5590710470669,750.5590710470669,750.5590710470669,139.5594361515296,139.5594361515296,139.5594361515296,0,0,0,370.2234229090957,5754.91558552761,2128.705139133971,2128.705139133971,3018.8236463325675
2022-11-24T00:00:00Z,2129.165240521684,965.7437106544305,965.7437106544305,965.7437106544305,838.07162277108,838.07162277108,838.07162277108,127.67208788335033,127.67208788335033,127.67208788335033,0,0,0,174.45188675130592,5733.6466593932,2129.165240521684,2129.165240521684,3094.908951176115
2022-11-25T00:00:00Z,2129.6253419093973,992.6394827335137,992.6394827335137,992.6394827335137,875.7343040631957,875.7343040631957,875.7343040631957,116.90517867031785,116.90517867031785,116.90517867031785,0,0,0,338.33269709375276,6058.831208686307,2129.6253419093973,2129.6253419093973,3122.2648246429108
2022-11-26T00:00:00Z,2130.085442712714,-1292.768714834511,-1292.768714834511,-1292.768714834511,-1400.679852151202,-1400.679852151202,-1400.679852151202,107.91113731669124,107.91113731669124,107.91113731669124,0,0,0,-1989.2658204380066,3500.3155007372206,2130.085442712714,2130.085442712714,837.3167278782032
2022-11-27T00:00:00Z,2130.545543516031,-1957.8990011253304,-1957.8990011253304,-1957.8990011253304,-2059.2151237458097,-2059.2151237458097,-2059.2151237458097,101.31612262047948,101.31612262047948,101.31612262047948,0,0,0,-2507.1335759656354,2753.205702996534,2130.545543516031,2130.545543516031,172.6465423907007
2022-11-28T00:00:00Z,2131.0056443193484,304.8078625951546,304.8078625951546,304.8078625951546,207.10923604057362,207.10923604057362,207.10923604057362,97.69862655458104,97.69862655458104,97.69862655458104,0,0,0,-279.2520795186314,5346.080713221873,2131.0056443193484,2131.0056443193484,2435.813506914503
2022-11-29T00:00:00Z,2131.4657451226653,885.9897256016483,885.9897256016483,885.9897256016483,788.4207419727296,788.4207419727296,788.4207419727296,97.56898362891866,97.56898362891866,97.56898362891866,0,0,0,348.70054360915276,5862.384574007517,2131.4657451226653,2131.4657451226653,3017.4554707243137
2022-11-30T00:00:00Z,2131.9258459259822,851.9094857621022,851.9094857621022,851.9094857621022,750.5590710471919,750.5590710471919,750.5590710471919,101.35041471491044,101.35041471491044,101.35041471491044,0,0,0,400.09549814494136,5933.491602763477,2131.9258459259822,2131.9258459259822,2983.8353316880844
2022-12-01T00:00:00Z,2132.385946729299,947.4338194216489,947.4338194216489,947.4338194216489,838.0716227727157,838.0716227727157,838.0716227727157,109.36219664893304,109.36219664893304,109.36219664893304,0,0,0,340.34068044683465,6092.542523562203,2132.385946729299,2132.385946729299,3079.819766150948
2022-12-02T00:00:00Z,2132.846047532616,997.5397984578517,997.5397984578517,997.5397984578517,875.7343040617967,875.7343040617967,875.7343040617967,121.80549439605504,121.80549439605504,121.80549439605504,0,0,0,404.1563274348823,5782.249242065678,2132.846047532616,2132.846047532616,3130.3858459904677
2022-12-03T00:00:00Z,2133.306148335933,-1261.9275302365522,-1261.9275302365522,-1261.9275302365522,-1400.6798521523847,-1400.6798521523847,-1400.6798521523847,138.7523219158326,138.7523219158326,138.7523219158326,0,0,0,-1845.2212722854347,3617.482738056591,2133.306148335933,2133.306148335933,871.3786180993807
2022-12-04T00:00:00Z,2133.76624913925,-1899.077110710949,-1899.077110710949,-1899.077110710949,-2059.2151237499443,-2059.2151237499443,-2059.2151237499443,160.1380130389953,160.1380130389953,160.1380130389953,0,0,0,-2604.5521167952065,3135.31315900581,2133.76624913925,2133.76624913925,234.6891384283008
2022-12-05T00:00:00Z,2134.2263499425667,392.86672303206683,392.86672303206683,392.86672303206683,207.10923604332626,207.10923604332626,207.10923604332626,185.7574869887406,185.7574869887406,185.7574869887406,0,0,0,-167.84587722040988,5482.983754936075,2134.2263499425667,2134.2263499425667,2527.0930729746333
2022-12-06T00:00:00Z,2134.6864507458836,1003.6862293301767,1003.6862293301767,1003.6862293301767,788.420741972888,788.420741972888,788.420741972888,215.26548735728846,215.26548735728846,215.26548735728846,0,0,0,536.4169392132875,5975.021634843774,2134.6864507458836,2134.6864507458836,3138.3726800760605
2022-12-07T00:00:00Z,2135.1465515492005,998.7399324049242,998.7399324049242,998.7399324049242,750.5590710467309,750.5590710467309,750.5590710467309,248.18086135819317,248.18086135819317,248.18086135819317,0,0,0,253.34958631296584,5764.8213106031035,2135.1465515492005,2135.1465515492005,3133.8864839541247
2022-12-08T00:00:00Z,2135.6066523525174,1121.966453955128,1121.966453955128,1121.966453955128,838.0716227725068,838.0716227725068,838.0716227725068,283.8948311826212,283.8948311826212,283.8948311826212,0,0,0,528.7050848627405,5945.460776269948,2135.6066523525174,2135.6066523525174,3257.5731063076455
2022-12-09T00:00:00Z,2136.0667531558342,1197.4173986437916,1197.4173986437916,1197.4173986437916,875.7343040663851,875.7343040663851,875.7343040663851,321.68309457740656,321.68309457740656,321.68309457740656,0,0,0,492.2773442553125,5867.804035845941,2136.0667531558342,2136.0667531558342,3333.4841517996256
2022-12-10T00:00:00Z,2136.526853959151,-1039.95837154289,-1039.95837154289,-1039.95837154289,-1400.6798521535668,-1400.6798521535668,-1400.6798521535668,360.72148061067696,360.72148061067696,360.72148061067696,0,0,0,-1587.7592253434013,3984.4896975644056,2136.526853959151,2136.526853959151,1096.568482416261
2022-12-11T00:00:00Z,2136.986954762468,-1659.110341541224,-1659.110341541224,-1659.110341541224,-2059.215123749421,-2059.215123749421,-2059.215123749421,400.10478220819664,400.10478220819664,400.10478220819664,0,0,0,-2312.4000316272713,3369.9381027122827,2136.986954762468,2136.986954762468,477.87661322124404
2022-12-12T00:00:00Z,2137.447055565785,645.9775284918569,645.9775284918569,645.9775284918569,207.1092360440701,207.1092360440701,207.1092360440701,438.86829244778676,438.86829244778676,438.86829244778676,0,0,0,-32.36834460667827,5543.566341174714,2137.447055565785,2137.447055565785,2783.424584057642
2022-12-13T00:00:00Z,2137.907156369102,1264.4322315327695,1264.4322315327695,1264.4322315327695,788.4207419726516,788.4207419726516,788.4207419726516,476.0114895601176,476.0114895601176,476.0114895601176,0,0,0,678.4500096058564,6254.334640550584,2137.907156369102,2137.907156369102,3402.3393879018713
2022-12-14T00:00:00Z,2138.3672571724187,1261.082319564283,1261.082319564283,1261.082319564283,750.559071046856,750.559071046856,750.559071046856,510.52324851742685,510.52324851742685,510.52324851742685,0,0,0,559.5406596410729,6039.353866351167,2138.3672571724187,2138.3672571724187,3399.4495767367016
2022-12-15T00:00:00Z,2138.8273579757356,1379.4795297698463,1379.4795297698463,1379.4795297698463,838.0716227704472,838.0716227704472,838.0716227704472,541.4079069993988,541.4079069993988,541.4079069993988,0,0,0,582.9488405211285,6346.659888460104,2138.8273579757356,2138.8273579757356,3518.3068877455817
2022-12-16T00:00:00Z,2139.2874587790525,1443.4457860137306,1443.4457860137306,1443.4457860137306,875.7343040649862,875.7343040649862,875.7343040649862,567.7114819487443,567.7114819487443,567.7114819487443,0,0,0,1034.9799299094382,6325.591726908377,2139.2874587790525,2139.2874587790525,3582.733244792783
2022-12-17T00:00:00Z,2139.74755958237,-812.1325312901504,-812.1325312901504,-812.1325312901504,-1400.679852156294,-1400.679852156294,-1400.679852156294,588.5473208661435,588.5473208661435,588.5473208661435,0,0,0,-1674.033509057257,3845.6669243291053,2139.74755958237,2139.74755958237,1327.6150282922194
2022-12-18T00:00:00Z,2140.2076603856867,-1456.0946438204567,-1456.0946438204567,-1456.0946438204567,-2059.215123748897,-2059.215123748897,-2059.215123748897,603.12047992844,603.12047992844,603.12047992844,0,0,0,-1975.9191727772054,3393.7592498117874,2140.2076603856867,2140.2076603856867,684.11301656523
2022-12-19T00:00:00Z,2140.6677611890036,817.8593848635207,817.8593848635207,817.8593848635207,207.10923604481428,207.10923604481428,207.10923604481428,610.7501488187065,610.7501488187065,610.7501488187065,0,0,0,371.5425133148072,5790.899981252907,2140.6677611890036,2140.6677611890036,2958.5271460525246
2022-12-20T00:00:00Z,2141.1278619923205,1399.3102311657317,1399.3102311657317,1399.3102311657317,788.4207419732229,788.4207419732229,788.4207419732229,610.8894891925086,610.8894891925086,610.8894891925086,0,0,0,959.7249642576558,6387.013722063586,2141.1278619923205,2141.1278619923205,3540.438093158052
2022-12-21T00:00:00Z,2141.5879627956374,1353.7013897860866,1353.7013897860866,1353.7013897860866,750.5590710466879,750.5590710466879,750.5590710466879,603.1423187393987,603.1423187393987,603.1423187393987,0,0,0,762.2904942143747,6387.768205835581,2141.5879627956374,2141.5879627956374,3495.289352581724
2022-12-22T00:00:00Z,2142.0480635989543,1425.3477768824534,1425.3477768824534,1425.3477768824534,838.0716227711608,838.0716227711608,838.0716227711608,587.2761541112926,587.2761541112926,587.2761541112926,0,0,0,865.330318491231,6387.301465568294,2142.0480635989543,2142.0480635989543,3567.3958404814075
2022-12-23T00:00:00Z,2142.508164402271,1438.9655254538072,1438.9655254538072,1438.9655254538072,875.7343040649569,875.7343040649569,875.7343040649569,563.2312213888507,563.2312213888507,563.2312213888507,0,0,0,682.3929923060089,6336.50953112296,2142.508164402271,2142.508164402271,3581.4736898560786
2022-12-24T00:00:00Z,2142.968265205588,-869.5547025195049,-869.5547025195049,-869.5547025195049,-1400.6798521559315,-1400.6798521559315,-1400.6798521559315,531.1251496364264,531.1251496364264,531.1251496364264,0,0,0,-1412.430358566056,4135.0654644399865,2142.968265205588,2142.968265205588,1273.4135626860832
2022-12-25T00:00:00Z,2143.428366008905,-1567.9619452249858,-1567.9619452249858,-1567.9619452249858,-2059.2151237469584,-2059.2151237469584,-2059.2151237469584,491.25317852197236,491.25317852197236,491.25317852197236,0,0,0,-2258.2172329040754,3489.430686524253,2143.428366008905,2143.428366008905,575.4664207839191
2022-12-26T00:00:00Z,2143.888466812222,651.1930678160193,651.1930678160193,651.1930678160193,207.10923604756664,207.10923604756664,207.10923604756664,444.08383176845274,444.08383176845274,444.08383176845274,0,0,0,-115.63626433365346,5580.357871608563,2143.888466812222,2143.888466812222,2795.081534628241
2022-12-27T00:00:00Z,2144.3485676155387,1178.6708729726138,1178.6708729726138,1178.6708729726138,788.420741972986,788.420741972986,788.420741972986,390.2501309996276,390.2501309996276,390.2501309996276,0,0,0,364.1001737370301,6088.682839305858,2144.3485676155387,2144.3485676155387,3323.0194405881525
2022-12-28T00:00:00Z,2144.8086684188556,1081.095616986683,1081.095616986683,1081.095616986683,750.5590710465201,750.5590710465201,750.5590710465201,330.53654594016285,330.53654594016285,330.53654594016285,0,0,0,592.9963913129882,6212.800680898927,2144.8086684188556,2144.8086684188556,3225.9042854055388
2022-12-29T00:00:00Z,2145.2687692221725,1103.9336163006328,1103.9336163006328,1103.9336163006328,838.0716227718742,838.0716227718742,838.0716227718742,265.86199352875866,265.86199352875866,265.86199352875866,0,0,0,440.491497884031,5809.870983207083,2145.2687692221725,2145.2687692221725,3249.2023855228053
2022-12-30T00:00:00Z,2145.7288700254894,1072.9936111148152,1072.9936111148152,1072.9936111148152,875.7343040649271,875.7343040649271,875.7343040649271,197.25930704988804,197.25930704988804,197.25930704988804,0,0,0,240.36528930014128,6020.710055599743,2145.7288700254894,2145.7288700254894,3218.722481140305
2022-12-31T00:00:00Z,2146.1889708288063,-1274.8281583191574,-1274.8281583191574,-1274.8281583191574,-1400.6798521502103,-1400.6798521502103,-1400.6798521502103,125.85169383105315,125.85169383105315,125.85169383105315,0,0,0,-1872.9616839881803,3676.800502202022,2146.1889708288063,2146.1889708288063,871.3608125096489
2023-01-01T00:00:00Z,2146.649071632123,-2006.3883401018497,-2006.3883401018497,-2006.3883401018497,-2059.215123751093,-2059.215123751093,-2059.215123751093,52.826783649242884,52.826783649242884,52.826783649242884,0,0,0,-2478.2262890678057,2977.8187923160112,2146.649071632123,2146.649071632123,140.26073153027346
2023-01-02T00:00:00Z,2147.10917243544,186.51817342767941,186.51817342767941,186.51817342767941,207.10923604831058,207.10923604831058,207.10923604831058,-20.591062620631153,-20.591062620631153,-20.591062620631153,0,0,0,-422.23878605739725,5099.549244351443,2147.10917243544,2147.10917243544,2333.6273458631194
2023-01-03T00:00:00Z,2147.569273238757,695.2512766606525,695.2512766606525,695.2512766606525,788.4207419731445,788.4207419731445,788.4207419731445,-93.16946531249194,-93.16946531249194,-93.16946531249194,0,0,0,42.02959607390187,5535.641224054069,2147.569273238757,2147.569273238757,2842.8205498994093
2023-01-04T00:00:00Z,2148.029374042074,586.8620603577734,586.8620603577734,586.8620603577734,750.5590710463521,750.5590710463521,750.5590710463521,-163.69701068857873,-163.69701068857873,-163.69701068857873,0,0,0,-208.4111097039589,5441.744449049219,2148.029374042074,2148.029374042074,2734.891434399847
2023-01-05T00:00:00Z,2148.4894748453908,607.0598725825629,607.0598725825629,607.0598725825629,838.0716227688923,838.0716227688923,838.0716227688923,-231.01175018632946,-231.01175018632946,-231.01175018632946,0,0,0,16.092072312478873,5674.289010178361,2148.4894748453908,2148.4894748453908,2755.5493474279538
2023-01-06T00:00:00Z,2148.949575648708,581.7058364112404,581.7058364112404,581.7058364112404,875.734304062159,875.734304062159,875.734304062159,-294.02846765091863,-294.02846765091863,-294.02846765091863,0,0,0,131.7355014777639,5424.401283161094,2148.949575648708,2148.949575648708,2730.6554120599485
2023-01-07T00:00:00Z,2149.409676452025,-1752.443851927138,-1752.443851927138,-1752.443851927138,-1400.6798521513929,-1400.6798521513929,-1400.6798521513929,-351.76399977574516,-351.76399977574516,-351.76399977574516,0,0,0,-2320.58830869714,2889.6006608042535,2149.409676452025,2149.409676452025,396.965824524887
2023-01-08T00:00:00Z,2149.869777255342,-2462.5750700401813,-2462.5750700401813,-2462.5750700401813,-2059.2151237505686,-2059.2151237505686,-2059.2151237505686,-403.35994628961225,-403.35994628961225,-403.35994628961225,0,0,0,-3105.5551718446454,2563.5408135094317,2149.869777255342,2149.869777255342,-312.70529278483946
2023-01-09T00:00:00Z,2150.329878058659,-240.99293986364398,-240.99293986364398,-240.99293986364398,207.10923605005902,207.10923605005902,207.10923605005902,-448.1021759137029,-448.1021759137029,-448.1021759137029,0,0,0,-706.9354299579144,4519.616132836207,2150.329878058659,2150.329878058659,1909.3369381950147
2023-01-10T00:00:00Z,2150.7899788619757,302.984122123,302.984122123,302.984122123,788.420741972513,788.420741972513,788.420741972513,-485.4366198495131,-485.4366198495131,-485.4366198495131,0,0,0,-180.110150484127,5223.343802021221,2150.7899788619757,2150.7899788619757,2453.7741009849756
2023-01-11T00:00:00Z,2151.2500796652926,235.5781268498205,235.5781268498205,235.5781268498205,750.5590710470348,750.5590710470348,750.5590710470348,-514.9809441972143,-514.9809441972143,-514.9809441972143,0,0,0,-292.44573411505155,5134.048998650752,2151.2500796652926,2151.2500796652926,2386.828206515113
2023-01-12T00:00:00Z,2151.7101804686095,301.53981928162307,301.53981928162307,301.53981928162307,838.071622770528,838.071622770528,838.071622770528,-536.5318034889051,-536.5318034889051,-536.5318034889051,0,0,0,-356.5953759673091,5317.324682414008,2151.7101804686095,2151.7101804686095,2453.2499997502327
2023-01-13T00:00:00Z,2152.1702812719263,325.666807665285,325.666807665285,325.666807665285,875.7343040621297,875.7343040621297,875.7343040621297,-550.0674963968448,-550.0674963968448,-550.0674963968448,0,0,0,-499.38158540713914,5262.594710274681,2152.1702812719263,2152.1702812719263,2477.8370889372113
2023-01-14T00:00:00Z,2152.6303820752432,-1956.4258205114081,-1956.4258205114081,-1956.4258205114081,-1400.679852152575,-1400.679852152575,-1400.679852152575,-555.7459683588332,-555.7459683588332,-555.7459683588332,0,0,0,-2414.996089225606,2746.5309660847392,2152.6303820752432,2152.6303820752432,196.2045615638351
2023-01-15T00:00:00Z,2153.09048287856,-2613.1133546847896,-2613.1133546847896,-2613.1133546847896,-2059.2151237500448,-2059.2151237500448,-2059.2151237500448,-553.8982309347447,-553.8982309347447,-553.8982309347447,0,0,0,-3216.784609692091,2344.5966094744063,2153.09048287856,2153.09048287856,-460.02287180622943
2023-01-16T00:00:00Z,2153.550583681877,-337.90815467250087,-337.90815467250087,-337.90815467250087,207.10923604243362,207.10923604243362,207.10923604243362,-545.0173907149345,-545.0173907149345,-545.0173907149345,0,0,0,-1027.523617055457,4587.321259518001,2153.550583681877,2153.550583681877,1815.6424290093762
2023-01-17T00:00:00Z,2154.010684485194,258.6771438179693,258.6771438179693,258.6771438179693,788.4207419726714,788.4207419726714,788.4207419726714,-529.7435981547021,-529.7435981547021,-529.7435981547021,0,0,0,-362.8828535591909,5130.336427859966,2154.010684485194,2154.010684485194,2412.6878283031633
2023-01-18T00:00:00Z,2154.470785288511,241.71373548190485,241.71373548190485,241.71373548190485,750.5590710468666,750.5590710468666,750.5590710468666,-508.8453355649617,-508.8453355649617,-508.8453355649617,0,0,0,-376.39486486157875,5280.568629550348,2154.470785288511,2154.470785288511,2396.1845207704155
2023-01-19T00:00:00Z,2154.9289679502212,354.87406210598675,354.87406210598675,354.87406210598675,838.0716227703194,838.0716227703194,838.0716227703194,-483.19756066433257,-483.19756066433257,-483.19756066433257,0,0,0,-287.9713619241911,5336.741643409017,2154.9289679502212,2154.9289679502212,2509.803030056208
2023-01-20T00:00:00Z,2155.3871506119317,421.97699913343234,421.97699913343234,421.97699913343234,875.7343040607309,875.7343040607309,875.7343040607309,-453.7573049272985,-453.7573049272985,-453.7573049272985,0,0,0,-18.766480005265336,5493.438741626135,2155.3871506119317,2155.3871506119317,2577.364149745364
2023-01-21T00:00:00Z,2155.845333273642,-1822.217244341353,-1822.217244341353,-1822.217244341353,-1400.6798521537573,-1400.6798521537573,-1400.6798521537573,-421.53739218759563,-421.53739218759563,-421.53739218759563,0,0,0,-2286.8519003190427,3128.1110142551515,2155.845333273642,2155.845333273642,333.6280889322891
2023-01-23T00:00:00Z,2156.7616985970626,-145.8145047309193,-145.8145047309193,-145.8145047309193,207.10923604518612,207.10923604518612,207.10923604518612,-352.92374077610543,-352.92374077610543,-352.92374077610543,0,0,0,-681.8615511947419,4736.116203222771,2156.7616985970626,2156.7616985970626,2010.9471938661434
2023-01-24T00:00:00Z,2157.219881258773,469.8345366859612,469.8345366859612,469.8345366859612,788.4207419728298,788.4207419728298,788.4207419728298,-318.5862052868687,-318.5862052868687,-318.5862052868687,0,0,0,37.6272739789385,5349.995880194589,2157.219881258773,2157.219881258773,2627.0544179447343
2023-01-25T00:00:00Z,2157.678063920483,465.0316882736594,465.0316882736594,465.0316882736594,750.5590710466989,750.5590710466989,750.5590710466989,-285.5273827730395,-285.5273827730395,-285.5273827730395,0,0,0,-122.70634956072261,5639.630440312547,2157.678063920483,2157.678063920483,2622.7097521941423
2023-01-26T00:00:00Z,2158.1362465821935,583.4416392555241,583.4416392555241,583.4416392555241,838.0716227710327,838.0716227710327,838.0716227710327,-254.62998351550857,-254.62998351550857,-254.62998351550857,0,0,0,3.086071423850778,5573.226949871899,2158.1362465821935,2158.1362465821935,2741.5778858377175
2023-01-27T00:00:00Z,2158.594429243904,649.0581819609968,649.0581819609968,649.0581819609968,875.734304065319,875.734304065319,875.734304065319,-226.67612210432222,-226.67612210432222,-226.67612210432222,0,0,0,112.298992397629,5494.68595392995,2158.594429243904,2158.594429243904,2807.6526112049005
2023-01-28T00:00:00Z,2159.0526119056144,-1603.0078599414178,-1603.0078599414178,-1603.0078599414178,-1400.6798521480364,-1400.6798521480364,-1400.6798521480364,-202.32800779338115,-202.32800779338115,-202.32800779338115,0,0,0,-2277.4948910503726,3512.419334002935,2159.0526119056144,2159.0526119056144,556.0447519641966
2023-01-29T00:00:00Z,2159.510794567325,-2241.327253139681,-2241.327253139681,-2241.327253139681,-2059.2151237489975,-2059.2151237489975,-2059.2151237489975,-182.11212939068264,-182.11212939068264,-182.11212939068264,0,0,0,-2730.207160082005,2522.0157529641565,2159.510794567325,2159.510794567325,-81.81645857235617
2023-01-30T00:00:00Z,2159.9689772290353,40.70190318898089,40.70190318898089,40.70190318898089,207.10923604593006,207.10923604593006,207.10923604593006,-166.40733285694915,-166.40733285694915,-166.40733285694915,0,0,0,-557.4395730448975,4865.779038841343,2159.9689772290353,2159.9689772290353,2200.670880418016
2023-01-31T00:00:00Z,2160.4271598907453,632.9836610883348,632.9836610883348,632.9836610883348,788.4207419721985,788.4207419721985,788.4207419721985,-155.43708088386376,-155.43708088386376,-155.43708088386376,0,0,0,169.86838848214813,5375.524663310527,2160.4271598907453,2160.4271598907453,2793.41082097908
2023-02-01T00:00:00Z,2160.8853425524558,601.2930035780246,601.2930035780246,601.2930035780246,750.5590710470887,750.5590710470887,750.5590710470887,-149.26606746906427,-149.26606746906427,-149.26606746906427,0,0,0,-17.473997742335726,5548.5655948864205,2160.8853425524558,2160.8853425524558,2762.1783461304803
2023-02-02T00:00:00Z,2161.343525214166,690.2703826087348,690.2703826087348,690.2703826087348,838.0716227717464,838.0716227717464,838.0716227717464,-147.8012401630114,-147.8012401630114,-147.8012401630114,0,0,0,-132.35883917567193,5462.312962939598,2161.343525214166,2161.343525214166,2851.613907822901
2023-02-03T00:00:00Z,2161.8017078758767,724.9371424792051,724.9371424792051,724.9371424792051,875.7343040639203,875.7343040639203,875.7343040639203,-150.79716158471518,-150.79716158471518,-150.79716158471518,0,0,0,-29.279663500786977,5344.209008421976,2161.8017078758767,2161.8017078758767,2886.738850355082
2023-02-04T00:00:00Z,2162.2598905375867,-1558.545375516175,-1558.545375516175,-1558.545375516175,-1400.6798521507637,-1400.6798521507637,-1400.6798521507637,-157.86552336541135,-157.86552336541135,-157.86552336541135,0,0,0,-2139.7780116703375,3347.322115546337,2162.2598905375867,2162.2598905375867,603.7145150214117
2023-02-05T00:00:00Z,2162.718073199297,-2227.7036368923523,-2227.7036368923523,-2227.7036368923523,-2059.215123747059,-2059.215123747059,-2059.215123747059,-168.48851314529313,-168.48851314529313,-168.48851314529313,0,0,0,-2929.341992201572,2532.174894380457,2162.718073199297,2162.718073199297,-64.98556369305516
2023-02-06T00:00:00Z,2163.1762558610076,25.073604321139573,25.073604321139573,25.073604321139573,207.1092360476784,207.1092360476784,207.1092360476784,-182.03563172653887,-182.03563172653887,-182.03563172653887,0,0,0,-413.419011438634,4933.875095052162,2163.1762558610076,2163.1762558610076,2188.249860182147
2023-02-07T00:00:00Z,2163.634438522718,590.6372761812277,590.6372761812277,590.6372761812277,788.4207419731645,788.4207419731645,788.4207419731645,-197.78346579193675,-197.78346579193675,-197.78346579193675,0,0,0,-129.863331952447,5539.5023879600385,2163.634438522718,2163.634438522718,2754.2717147039457
2023-02-08T00:00:00Z,2164.0926211844285,535.6212268237232,535.6212268237232,535.6212268237232,750.5590710472136,750.5590710472136,750.5590710472136,-214.93784422349043,-214.93784422349043,-214.93784422349043,0,0,0,-91.65176759535717,5434.076087618131,2164.0926211844285,2164.0926211844285,2699.7138480081517
2023-02-09T00:00:00Z,2164.550803846139,605.4138777124822,605.4138777124822,605.4138777124822,838.0716227724598,838.0716227724598,838.0716227724598,-232.65774505997746,-232.65774505997746,-232.65774505997746,0,0,0,10.160053554146135,5523.099329574011,2164.550803846139,2164.550803846139,2769.964681558621
2023-02-10T00:00:00Z,2165.0089865078494,625.6540269474064,625.6540269474064,625.6540269474064,875.7343040638909,875.7343040638909,875.7343040638909,-250.08027711648458,-250.08027711648458,-250.08027711648458,0,0,0,217.82613229682661,5552.770762260619,2165.0089865078494,2165.0089865078494,2790.6630134552556
2023-02-11T00:00:00Z,2165.4671691695594,-1667.0258884877737,-1667.0258884877737,-1667.0258884877737,-1400.6798521504008,-1400.6798521504008,-1400.6798521504008,-266.3460363373729,-266.3460363373729,-266.3460363373729,0,0,0,-2208.032687308112,3442.433678620313,2165.4671691695594,2165.4671691695594,498.44128068178566
2023-02-12T00:00:00Z,2165.92535183127,-2339.839256350809,-2339.839256350809,-2339.839256350809,-2059.2151237511935,-2059.2151237511935,-2059.2151237511935,-280.6241325996155,-280.6241325996155,-280.6241325996155,0,0,0,-3028.8010141158647,2595.915434940329,2165.92535183127,2165.92535183127,-173.9139045195393
2023-02-13T00:00:00Z,2166.3835344929803,-85.0269618796626,-85.0269618796626,-85.0269618796626,207.10923604942658,207.10923604942658,207.10923604942658,-292.13619792908924,-292.13619792908924,-292.13619792908924,0,0,0,-699.9694583275102,4875.4723761041305,2166.3835344929803,2166.3835344929803,2081.356572613318
2023-02-14T00:00:00Z,2166.8417171546907,488.242020614469,488.242020614469,488.242020614469,788.420741972928,788.420741972928,788.420741972928,-300.1787213584589,-300.1787213584589,-300.1787213584589,0,0,0,-139.5324094188749,5407.098723967138,2166.8417171546907,2166.8417171546907,2655.0837377691596
2023-02-15T00:00:00Z,2167.2998998164007,446.41596318644366,446.41596318644366,446.41596318644366,750.5590710467532,750.5590710467532,750.5590710467532,-304.14310786030927,-304.14310786030927,-304.14310786030927,0,0,0,-187.84871924568628,5512.086516073206,2167.2998998164007,2167.2998998164007,2613.7158630028443
2023-02-16T00:00:00Z,2167.758082478111,534.5386954367214,534.5386954367214,534.5386954367214,838.0716227722507,838.0716227722507,838.0716227722507,-303.53292733552945,-303.53292733552945,-303.53292733552945,0,0,0,-125.32361761029621,5488.334601295927,2167.758082478111,2167.758082478111,2702.2967779148325
2023-02-17T00:00:00Z,2168.2162651398216,577.7564015802985,577.7564015802985,577.7564015802985,875.7343040611225,875.7343040611225,875.7343040611225,-297.9779024808242,-297.9779024808242,-297.9779024808242,0,0,0,80.86071129705196,5405.4554774162225,2168.2162651398216,2168.2162651398216,2745.9726667201203
2023-02-18T00:00:00Z,2168.674447801532,-1687.9241312294464,-1687.9241312294464,-1687.9241312294464,-1400.679852153128,-1400.679852153128,-1400.679852153128,-287.24427907631855,-287.24427907631855,-287.24427907631855,0,0,0,-2068.6519590883327,3248.190866585299,2168.674447801532,2168.674447801532,480.7503165720857
2023-02-19T00:00:00Z,2169.1326304632425,-2330.4564498192062,-2330.4564498192062,-2330.4564498192062,-2059.2151237506696,-2059.2151237506696,-2059.2151237506696,-271.2413260685366,-271.2413260685366,-271.2413260685366,0,0,0,-2929.154082255008,2415.12855278067,2169.1326304632425,2169.1326304632425,-161.32381935596368
2023-02-20T00:00:00Z,2169.5908131249525,-42.91458674004794,-42.91458674004794,-42.91458674004794,207.10923605117503,207.10923605117503,207.10923605117503,-250.02382279122293,-250.02382279122293,-250.02382279122293,0,0,0,-720.1122557486265,4752.761006106142,2169.5908131249525,2169.5908131249525,2126.6762263849046
2023-02-21T00:00:00Z,2170.048995786663,564.6302383425133,564.6302383425133,564.6302383425133,788.4207419730864,788.4207419730864,788.4207419730864,-223.79050363057286,-223.79050363057286,-223.79050363057286,0,0,0,122.81924518780835,5531.987399672599,2170.048995786663,2170.048995786663,2734.679234129176
2023-02-22T00:00:00Z,2170.5071784483735,557.680527853436,557.680527853436,557.680527853436,750.5590710468776,750.5590710468776,750.5590710468776,-192.87854319344154,-192.87854319344154,-192.87854319344154,0,0,0,62.135142929892694,5720.808540889031,2170.5071784483735,2170.5071784483735,2728.1877063018096
2023-02-23T00:00:00Z,2170.965361110084,680.3173483515212,680.3173483515212,680.3173483515212,838.0716227701912,838.0716227701912,838.0716227701912,-157.7542744186702,-157.7542744186702,-157.7542744186702,0,0,0,60.63122426826605,5680.860200143354,2170.965361110084,2170.965361110084,2851.282709461605
2023-02-24T00:00:00Z,2171.4235437717944,756.7338690513355,756.7338690513355,756.7338690513355,875.7343040670802,875.7343040670802,875.7343040670802,-119.00043501574476,-119.00043501574476,-119.00043501574476,0,0,0,104.2374902238071,5524.984114329533,2171.4235437717944,2171.4235437717944,2928.15741282313
2023-02-25T00:00:00Z,2171.8817264335044,-1477.9801834453788,-1477.9801834453788,-1477.9801834453788,-1400.67985215431,-1400.67985215431,-1400.67985215431,-77.30033129106869,-77.30033129106869,-77.30033129106869,0,0,0,-1974.4230810727329,3534.620422252925,2171.8817264335044,2171.8817264335044,693.9015429881256
2023-02-26T00:00:00Z,2172.339909095215,-2092.6345140084672,-2092.6345140084672,-2092.6345140084672,-2059.2151237501466,-2059.2151237501466,-2059.2151237501466,-33.419390258320824,-33.419390258320824,-33.419390258320824,0,0,0,-2837.3856516566148,2707.435142004281,2172.339909095215,2172.339909095215,79.70539508674756
2023-02-27T00:00:00Z,2172.7980917569253,218.9245973280259,218.9245973280259,218.9245973280259,207.10923605191883,207.10923605191883,207.10923605191883,11.815361276107083,11.815361276107083,11.815361276107083,0,0,0,-450.700918114991,5127.423793677053,2172.7980917569253,2172.7980917569253,2391.722689084951
2023-02-28T00:00:00Z,2173.2562744186357,845.958041960824,845.958041960824,845.958041960824,788.4207419732624,788.4207419732624,788.4207419732624,57.5372999875617,57.5372999875617,57.5372999875617,0,0,0,250.33108802989514,5931.469069776104,2173.2562744186357,2173.2562744186357,3019.21431637946
2023-03-01T00:00:00Z,2173.7144570803457,853.4221372411794,853.4221372411794,853.4221372411794,750.5590710470026,750.5590710470026,750.5590710470026,102.86306619417691,102.86306619417691,102.86306619417691,0,0,0,209.7799835107489,6099.66245575601,2173.7144570803457,2173.7144570803457,3027.136594321525
2023-03-02T00:00:00Z,2174.172639742056,984.9872613539694,984.9872613539694,984.9872613539694,838.0716227709048,838.0716227709048,838.0716227709048,146.9156385830644,146.9156385830644,146.9156385830644,0,0,0,415.1292320300674,5717.160815820437,2174.172639742056,2174.172639742056,3159.1599010960254
2023-03-03T00:00:00Z,2174.6308224037666,1064.5812866978292,1064.5812866978292,1064.5812866978292,875.7343040656816,875.7343040656816,875.7343040656816,188.8469826321479,188.8469826321479,188.8469826321479,0,0,0,312.98253068422645,5965.685602294687,2174.6308224037666,2174.6308224037666,3239.212109101596
2023-03-04T00:00:00Z,2175.089005065477,-1172.8202007971074,-1172.8202007971074,-1172.8202007971074,-1400.6798521554922,-1400.6798521554922,-1400.6798521554922,227.85965135838492,227.85965135838492,227.85965135838492,0,0,0,-1691.467428886034,3678.1419162931134,2175.089005065477,2175.089005065477,1002.2688042683696
2023-03-05T00:00:00Z,2175.5471877271875,-1795.988369873851,-1795.988369873851,-1795.988369873851,-2059.2151237482076,-2059.2151237482076,-2059.2151237482076,263.2267538743568,263.2267538743568,263.2267538743568,0,0,0,-2335.0828604767853,3159.517704040783,2175.5471877271875,2175.5471877271875,379.55881785333645
2023-03-06T00:00:00Z,2176.005370388898,501.4189962337358,501.4189962337358,501.4189962337358,207.10923604630196,207.10923604630196,207.10923604630196,294.3097601874339,294.3097601874339,294.3097601874339,0,0,0,98.53388053748354,5378.066192605009,2176.005370388898,2176.005370388898,2677.424366622634
2023-03-07T00:00:00Z,2176.4635530506084,1108.9944200568443,1108.9944200568443,1108.9944200568443,788.4207419734206,788.4207419734206,788.4207419734206,320.5736780834236,320.5736780834236,320.5736780834236,0,0,0,469.589696402496,5945.155498543162,2176.4635530506084,2176.4635530506084,3285.4579731074527
2023-03-08T00:00:00Z,2176.9217357123184,1092.1582887687591,1092.1582887687591,1092.1582887687591,750.5590710465418,750.5590710465418,750.5590710465418,341.5992177222174,341.5992177222174,341.5992177222174,0,0,0,235.75089205028445,6007.283325474154,2176.9217357123184,2176.9217357123184,3269.0800244810775
2023-03-09T00:00:00Z,2177.379918374029,1195.1632721028168,1195.1632721028168,1195.1632721028168,838.0716227716181,838.0716227716181,838.0716227716181,357.0916493311985,357.0916493311985,357.0916493311985,0,0,0,624.9219014961482,6090.222764713054,2177.379918374029,2177.379918374029,3372.5431904768457
2023-03-10T00:00:00Z,2177.8381010357393,1242.6204605226208,1242.6204605226208,1242.6204605226208,875.734304065652,875.734304065652,875.734304065652,366.88615645696876,366.88615645696876,366.88615645696876,0,0,0,639.451682175757,6335.102803944895,2177.8381010357393,2177.8381010357393,3420.45856155836
2023-03-11T00:00:00Z,2178.29628369745,-1029.7302633810773,-1029.7302633810773,-1029.7302633810773,-1400.6798521482267,-1400.6798521482267,-1400.6798521482267,370.94958876714907,370.94958876714907,370.94958876714907,0,0,0,-1409.3292799430474,4009.322319792852,2178.29628369745,2178.29628369745,1148.5660203163725
2023-03-12T00:00:00Z,2178.75446635916,-1689.8365023165934,-1689.8365023165934,-1689.8365023165934,-2059.215123746269,-2059.215123746269,-2059.215123746269,369.37862142967595,369.37862142967595,369.37862142967595,0,0,0,-2389.3534769120706,3181.441680411987,2178.75446635916,2178.75446635916,488.9179640425664
2023-03-13T00:00:00Z,2179.2126490208702,569.5036657248944,569.5036657248944,569.5036657248944,207.10923604704604,207.10923604704604,207.10923604704604,362.3944296778484,362.3944296778484,362.3944296778484,0,0,0,-280.6575100439063,5362.506139884738,2179.2126490208702,2179.2126490208702,2748.7163147457645
2023-03-14T00:00:00Z,2179.6708316825807,1138.754826358132,1138.754826358132,1138.754826358132,788.4207419731841,788.4207419731841,788.4207419731841,350.33408438494774,350.33408438494774,350.33408438494774,0,0,0,437.5413532805439,5886.992371560544,2179.6708316825807,2179.6708316825807,3318.4256580407127
2023-03-15T00:00:00Z,2180.1029755144546,1084.1980356338343,1084.1980356338343,1084.1980356338343,750.5590710466665,750.5590710466665,750.5590710466665,333.6389645871677,333.6389645871677,333.6389645871677,0,0,0,536.9290760087276,6051.111821161099,2180.1029755144546,2180.1029755144546,3264.301011148289
2023-03-16T00:00:00Z,2180.535119346329,1150.9121861696399,1150.9121861696399,1150.9121861696399,838.0716227714091,838.0716227714091,838.0716227714091,312.84056339823064,312.84056339823064,312.84056339823064,0,0,0,477.68556100985904,6341.360752266073,2180.535119346329,2180.535119346329,3331.4473055159688
2023-03-17T00:00:00Z,2180.9672631782028,1164.2784364899912,1164.2784364899912,1164.2784364899912,875.7343040628839,875.7343040628839,875.7343040628839,288.54413242710746,288.54413242710746,288.54413242710746,0,0,0,567.1392233898166,6255.726585379889,2180.9672631782028,2180.9672631782028,3345.245699668194
2023-03-18T00:00:00Z,2181.3994070100766,-1139.2691873324184,-1139.2691873324184,-1139.2691873324184,-1400.6798521509538,-1400.6798521509538,-1400.6798521509538,261.4106648185351,261.4106648185351,261.4106648185351,0,0,0,-1551.344240045329,3826.7076969293253,2181.3994070100766,2181.3994070100766,1042.1302196776583
2023-03-19T00:00:00Z,2181.831550841951,-1827.0773668195368,-1827.0773668195368,-1827.0773668195368,-2059.21512374716,-2059.21512374716,-2059.21512374716,232.13775692762312,232.13775692762312,232.13775692762312,0,0,0,-2585.222216898239,3321.8577007200756,2181.831550841951,2181.831550841951,354.75418402241417
2023-03-20T00:00:00Z,2182.263694673825,408.5491485030859,408.5491485030859,408.5491485030859,207.10923604879437,207.10923604879437,207.10923604879437,201.43991245429154,201.43991245429154,201.43991245429154,0,0,0,-500.4394772588784,5412.567245161683,2182.263694673825,2182.263694673825,2590.812843176911
2023-03-21T00:00:00Z,2182.6958385056987,958.4496020499734,958.4496020499734,958.4496020499734,788.4207419729478,788.4207419729478,788.4207419729478,170.02886007702585,170.02886007702585,170.02886007702585,0,0,0,425.1266305030991,5979.501584823874,2182.6958385056987,2182.6958385056987,3141.145440555672
2023-03-22T00:00:00Z,2183.127982337573,889.1535172900865,889.1535172900865,889.1535172900865,750.5590710470565,750.5590710470565,750.5590710470565,138.5944462430298,138.5944462430298,138.5944462430298,0,0,0,359.67750773501655,5854.508808774884,2183.127982337573,2183.127982337573,3072.2814996276593
2023-03-23T00:00:00Z,2183.560126169447,945.8582620024301,945.8582620024301,945.8582620024301,838.071622773045,838.071622773045,838.071622773045,107.78663922938486,107.78663922938486,107.78663922938486,0,0,0,392.85262664946123,6003.277427433306,2183.560126169447,2183.560126169447,3129.4183881718773
2023-03-24T00:00:00Z,2183.992270001321,953.9334439131703,953.9334439131703,953.9334439131703,875.7343040628543,875.7343040628543,875.7343040628543,78.19913985031597,78.19913985031597,78.19913985031597,0,0,0,182.08174556981348,5802.997948450592,2183.992270001321,2183.992270001321,3137.925713914491
2023-03-25T00:00:00Z,2184.4244138331946,-1350.3248125661335,-1350.3248125661335,-1350.3248125661335,-1400.6798521505912,-1400.6798521505912,-1400.6798521505912,50.35503958445767,50.35503958445767,50.35503958445767,0,0,0,-1883.2794067005768,3715.789061321352,2184.4244138331946,2184.4244138331946,834.0996012670612
2023-03-26T00:00:00Z,2184.856557665069,-2034.520223538553,-2034.520223538553,-2034.520223538553,-2059.2151237452217,-2059.2151237452217,-2059.2151237452217,24.6949002066685,24.6949002066685,24.6949002066685,0,0,0,-2597.1522664135464,3019.6841790528833,2184.856557665069,2184.856557665069,150.33633412651602
2023-03-27T00:00:00Z,2185.288701496943,208.67678835092224,208.67678835092224,208.67678835092224,207.10923604116888,207.10923604116888,207.10923604116888,1.5675523097533424,1.5675523097533424,1.5675523097533424,0,0,0,-264.9094695724093,5109.485715224697,2185.288701496943,2185.288701496943,2393.9654898478652
2023-03-28T00:00:00Z,2185.7208453288167,769.6445677333047,769.6445677333047,769.6445677333047,788.4207419727111,788.4207419727111,788.4207419727111,-18.776174239406462,-18.776174239406462,-18.776174239406462,0,0,0,451.1262513938261,5634.720807948688,2185.7208453288167,2185.7208453288167,2955.3654130621217
2023-03-29T00:00:00Z,2186.1529891606906,714.3724067533974,714.3724067533974,714.3724067533974,750.5590710471813,750.5590710471813,750.5590710471813,-36.1866642937842,-36.1866642937842,-36.1866642937842,0,0,0,122.95197910929434,5744.7199628619655,2186.1529891606906,2186.1529891606906,2900.525395914088
2023-03-30T00:00:00Z,2186.585132992565,787.4559786863331,787.4559786863331,787.4559786863331,838.0716227700633,838.0716227700633,838.0716227700633,-50.61564408373027,-50.61564408373027,-50.61564408373027,0,0,0,247.0045933566412,5610.147461712456,2186.585132992565,2186.585132992565,2974.0411116788982
2023-03-31T00:00:00Z,2187.017276824439,813.6210238031315,813.6210238031315,813.6210238031315,875.7343040614555,875.7343040614555,875.7343040614555,-62.113280258324046,-62.113280258324046,-62.113280258324046,0,0,0,317.88812842944327,5895.171783839663,2187.017276824439,2187.017276824439,3000.63830062757
2023-04-01T00:00:00Z,2187.4494206563127,-1471.502251678228,-1471.502251678228,-1471.502251678228,-1400.6798521533185,-1400.6798521533185,-1400.6798521533185,-70.82239952490981,-70.82239952490981,-70.82239952490981,0,0,0,-2152.776143262207,3480.206123000515,2187.4494206563127,2187.4494206563127,715.9471689780846
2023-04-02T00:00:00Z,2187.881564488187,-2136.1851837622135,-2136.1851837622135,-2136.1851837622135,-2059.2151237493563,-2059.2151237493563,-2059.2151237493563,-76.97006001285742,-76.97006001285742,-76.97006001285742,0,0,0,-2669.2103225783694,2776.164238217418,2187.881564488187,2187.881564488187,51.69638072597354
2023-04-03T00:00:00Z,2188.313708320061,126.25245560762299,126.25245560762299,126.25245560762299,207.10923604392147,207.10923604392147,207.10923604392147,-80.85678043629854,-80.85678043629854,-80.85678043629854,0,0,0,-455.89274739821633,5210.156768215608,2188.313708320061,2188.313708320061,2314.5661639276836
2023-04-04T00:00:00Z,2188.7458521519347,705.5769439833304,705.5769439833304,705.5769439833304,788.4207419728695,788.4207419728695,788.4207419728695,-82.8437979895392,-82.8437979895392,-82.8437979895392,0,0,0,228.12878641013586,5664.232625645263,2188.7458521519347,2188.7458521519347,2894.322796135265
2023-04-05T00:00:00Z,2189.177995983809,667.2202921588793,667.2202921588793,667.2202921588793,750.5590710467206,750.5590710467206,750.5590710467206,-83.33877888784124,-83.33877888784124,-83.33877888784124,0,0,0,147.27970965645687,5632.329376256427,2189.177995983809,2189.177995983809,2856.398288142688
2023-04-06T00:00:00Z,2189.610139815683,755.2911776518872,755.2911776518872,755.2911776518872,838.0716227698542,838.0716227698542,838.0716227698542,-82.78044511796708,-82.78044511796708,-82.78044511796708,0,0,0,242.71776056168548,5842.664909221158,2189.610139815683,2189.610139815683,2944.90131746757
2023-04-07T00:00:00Z,2190.0422836475573,794.1116977845575,794.1116977845575,794.1116977845575,875.7343040660438,875.7343040660438,875.7343040660438,-81.6226062814863,-81.6226062814863,-81.6226062814863,0,0,0,179.3137066467586,5638.653203712484,2190.0422836475573,2190.0422836475573,2984.153981432115
2023-04-09T00:00:00Z,2190.906571311305,-2138.5182297718166,-2138.5182297718166,-2138.5182297718166,-2059.2151237488324,-2059.2151237488324,-2059.2151237488324,-79.30310602298427,-79.30310602298427,-79.30310602298427,0,0,0,-2687.525273986008,2894.579119179852,2190.906571311305,2190.906571311305,52.388341539488465
2023-04-10T00:00:00Z,2191.3387151431793,128.1268385332922,128.1268385332922,128.1268385332922,207.10923604466538,207.10923604466538,207.10923604466538,-78.98239751137328,-78.98239751137328,-78.98239751137328,0,0,0,-431.89215384804464,4933.457949775149,2191.3387151431793,2191.3387151431793,2319.4655536764717
2023-04-11T00:00:00Z,2191.770858975053,708.7049180035857,708.7049180035857,708.7049180035857,788.420741972238,788.420741972238,788.420741972238,-79.71582396865237,-79.71582396865237,-79.71582396865237,0,0,0,136.57506232918593,5674.524179102997,2191.770858975053,2191.770858975053,2900.475776978639
2023-04-12T00:00:00Z,2192.203002806927,668.7525026199511,668.7525026199511,668.7525026199511,750.5590710468455,750.5590710468455,750.5590710468455,-81.80656842689444,-81.80656842689444,-81.80656842689444,0,0,0,118.18290908309945,5717.208303617038,2192.203002806927,2192.203002806927,2860.955505426878
2023-04-13T00:00:00Z,2192.6351466388014,752.5801944618735,752.5801944618735,752.5801944618735,838.0716227714904,838.0716227714904,838.0716227714904,-85.49142830961675,-85.49142830961675,-85.49142830961675,0,0,0,153.3819831975727,5659.715796146378,2192.6351466388014,2192.6351466388014,2945.215341100675
2023-04-14T00:00:00Z,2193.0672904706753,784.8008839994465,784.8008839994465,784.8008839994465,875.734304064645,875.734304064645,875.734304064645,-90.9334200651985,-90.9334200651985,-90.9334200651985,0,0,0,239.754600679113,5910.82545081618,2193.0672904706753,2193.0672904706753,2977.8681744701216
2023-04-15T00:00:00Z,2193.4994343025496,-1498.8967517042174,-1498.8967517042174,-1498.8967517042174,-1400.679852157228,-1400.679852157228,-1400.679852157228,-98.21689954698955,-98.21689954698955,-98.21689954698955,0,0,0,-2021.6852735200946,3281.8436032503096,2193.4994343025496,2193.4994343025496,694.6026825983322
2023-04-16T00:00:00Z,2193.9315781344235,-2166.5604385624447,-2166.5604385624447,-2166.5604385624447,-2059.2151237483085,-2059.2151237483085,-2059.2151237483085,-107.34531481413589,-107.34531481413589,-107.34531481413589,0,0,0,-2849.9650935877808,2569.656666442713,2193.9315781344235,2193.9315781344235,27.3711395719788
2023-04-17T00:00:00Z,2194.3637219662974,88.8676101242987,88.8676101242987,88.8676101242987,207.1092360454096,207.1092360454096,207.1092360454096,-118.24162592111082,-118.24162592111082,-118.24162592111082,0,0,0,-412.40227602392105,5034.758926135905,2194.3637219662974,2194.3637219662974,2283.231332090596
2023-04-18T00:00:00Z,2194.7958657981717,657.6693979182053,657.6693979182053,657.6693979182053,788.4207419732038,788.4207419732038,788.4207419732038,-130.7513440549985,-130.7513440549985,-130.7513440549985,0,0,0,95.97207297975805,5550.666977797938,2194.7958657981717,2194.7958657981717,2852.465263716377
2023-04-19T00:00:00Z,2195.228009630045,605.9110084912157,605.9110084912157,605.9110084912157,750.5590710466778,750.5590710466778,750.5590710466778,-144.64806255546188,-144.64806255546188,-144.64806255546188,0,0,0,175.95286848778292,5576.365472697374,2195.228009630045,2195.228009630045,2801.139018121261
2023-04-20T00:00:00Z,2195.660153461919,678.4303454845808,678.4303454845808,678.4303454845808,838.0716227712813,838.0716227712813,838.0716227712813,-159.64127728670047,-159.64127728670047,-159.64127728670047,0,0,0,261.53166582778175,5560.627385530275,2195.660153461919,2195.660153461919,2874.0904989465
2023-04-21T00:00:00Z,2196.0922972937933,700.3480783140086,700.3480783140086,700.3480783140086,875.7343040646153,875.7343040646153,875.7343040646153,-175.38622575060683,-175.38622575060683,-175.38622575060683,0,0,0,213.88302068956082,5699.6356009805095,2196.0922972937933,2196.0922972937933,2896.440375607802
2023-04-24T00:00:00Z,2197.3887287894154,-16.011589348837997,-16.011589348837997,-16.011589348837997,207.10923604816205,207.10923604816205,207.10923604816205,-223.12082539700003,-223.12082539700003,-223.12082539700003,0,0,0,-696.72917772536,4964.665759087087,2197.3887287894154,2197.3887287894154,2181.3771394405776
2023-04-25T00:00:00Z,2197.8208726212893,550.6527379831907,550.6527379831907,550.6527379831907,788.4207419729673,788.4207419729673,788.4207419729673,-237.7680039897767,-237.7680039897767,-237.7680039897767,0,0,0,170.4899240938683,5604.351941696184,2197.8208726212893,2197.8208726212893,2748.47361060448
2023-04-26T00:00:00Z,2198.2530164531636,499.4893337759545,499.4893337759545,499.4893337759545,750.5590710470674,750.5590710470674,750.5590710470674,-251.06973727111313,-251.06973727111313,-251.06973727111313,0,0,0,-100.66629651822119,5366.010723071618,2198.2530164531636,2198.2530164531636,2697.742350229118
2023-04-27T00:00:00Z,2198.6851602850375,575.4428446324001,575.4428446324001,575.4428446324001,838.0716227719947,838.0716227719947,838.0716227719947,-262.6287781395946,-262.6287781395946,-262.6287781395946,0,0,0,31.513290227463756,5552.829660381266,2198.6851602850375,2198.6851602850375,2774.1280049174375
2023-04-28T00:00:00Z,2199.1173041169113,603.6474995136435,603.6474995136435,603.6474995136435,875.7343040618475,875.7343040618475,875.7343040618475,-272.0868045482041,-272.0868045482041,-272.0868045482041,0,0,0,-133.55668550174482,5593.1936588803965,2199.1173041169113,2199.1173041169113,2802.764803630555
2023-04-29T00:00:00Z,2199.5494479487857,-1679.8159285220615,-1679.8159285220615,-1679.8159285220615,-1400.6798521511441,-1400.6798521511441,-1400.6798521511441,-279.13607637091735,-279.13607637091735,-279.13607637091735,0,0,0,-2435.9082175291533,3190.970980568819,2199.5494479487857,2199.5494479487857,519.7335194267241
2023-04-30T00:00:00Z,2199.9815917806595,-2342.744607442946,-2342.744607442946,-2342.744607442946,-2059.215123751919,-2059.215123751919,-2059.215123751919,-283.5294836910264,-283.5294836910264,-283.5294836910264,0,0,0,-2902.037534237306,2590.8268131890854,2199.9815917806595,2199.9815917806595,-142.7630156622863
2023-05-02T00:00:00Z,2200.8458794444077,504.7106414837108,504.7106414837108,504.7106414837108,788.4207419731259,788.4207419731259,788.4207419731259,-283.7101004894151,-283.7101004894151,-283.7101004894151,0,0,0,-21.434654575681677,5616.0735587404615,2200.8458794444077,2200.8458794444077,2705.5565209281185
2023-05-03T00:00:00Z,2201.2780232762816,471.19049563604085,471.19049563604085,471.19049563604085,750.5590710468997,750.5590710468997,750.5590710468997,-279.3685754108588,-279.3685754108588,-279.3685754108588,0,0,0,-198.61644687868815,5420.950302793993,2201.2780232762816,2201.2780232762816,2672.4685189123225
2023-05-04T00:00:00Z,2201.7101671081555,565.9529845482449,565.9529845482449,565.9529845482449,838.071622769013,838.071622769013,838.071622769013,-272.1186382207681,-272.1186382207681,-272.1186382207681,0,0,0,-213.5396532030195,5457.419988915151,2201.7101671081555,2201.7101671081555,2767.6631516564003
2023-05-05T00:00:00Z,2202.14231094003,613.6409966390565,613.6409966390565,613.6409966390565,875.734304061818,875.734304061818,875.734304061818,-262.09330742276154,-262.09330742276154,-262.09330742276154,0,0,0,-49.432270569713054,5476.262182695094,2202.14231094003,2202.14231094003,2815.7833075790863
2023-05-06T00:00:00Z,2202.5744547719037,-1650.1803653787888,-1650.1803653787888,-1650.1803653787888,-1400.6798521523265,-1400.6798521523265,-1400.6798521523265,-249.50051322646243,-249.50051322646243,-249.50051322646243,0,0,0,-2279.8915344545435,3250.1593832293843,2202.5744547719037,2202.5744547719037,552.3940893931149
2023-05-07T00:00:00Z,2203.006598603778,-2293.832378574387,-2293.832378574387,-2293.832378574387,-2059.2151237499806,-2059.2151237499806,-2059.2151237499806,-234.61725482440588,-234.61725482440588,-234.61725482440588,0,0,0,-2911.7148978064997,2842.3746036997754,2203.006598603778,2203.006598603778,-90.82577997060889
2023-05-08T00:00:00Z,2203.438742435652,-10.672451965502098,-10.672451965502098,-10.672451965502098,207.1092360506543,207.1092360506543,207.1092360506543,-217.78168801615638,-217.78168801615638,-217.78168801615638,0,0,0,-582.8207638714491,4984.000804273748,2203.438742435652,2203.438742435652,2192.7662904701497
2023-05-09T00:00:00Z,2203.8708862675257,589.0373425779551,589.0373425779551,589.0373425779551,788.4207419724945,788.4207419724945,788.4207419724945,-199.38339939453954,-199.38339939453954,-199.38339939453954,0,0,0,-4.094562716887071,5353.202194491617,2203.8708862675257,2203.8708862675257,2792.908228845481
2023-05-10T00:00:00Z,2204.3030300994,570.7068939698335,570.7068939698335,570.7068939698335,750.5590710470244,750.5590710470244,750.5590710470244,-179.85217707719085,-179.85217707719085,-179.85217707719085,0,0,0,2.3682695585884095,5569.935214891471,2204.3030300994,2204.3030300994,2775.0099240692334
2023-05-11T00:00:00Z,2204.735173931274,678.425990978813,678.425990978813,678.425990978813,838.0716227706488,838.0716227706488,838.0716227706488,-159.64563179183554,-159.64563179183554,-159.64563179183554,0,0,0,289.0637529206025,5658.478190537606,2204.735173931274,2204.735173931274,2883.161164910087
2023-05-12T00:00:00Z,2205.1352486732744,736.498249353044,736.498249353044,736.498249353044,875.7343040617885,875.7343040617885,875.7343040617885,-139.23605470874455,-139.23605470874455,-139.23605470874455,0,0,0,328.2599953922329,5889.343119611844,2205.1352486732744,2205.1352486732744,2941.633498026318
2023-05-13T00:00:00Z,2205.5353234152753,-1519.7767710255687,-1519.7767710255687,-1519.7767710255687,-1400.6798521535086,-1400.6798521535086,-1400.6798521535086,-119.09691887205997,-119.09691887205997,-119.09691887205997,0,0,0,-2062.918560231927,3377.9953208608313,2205.5353234152753,2205.5353234152753,685.7585523897067
2023-05-14T00:00:00Z,2205.9353981572767,-2158.904562606493,-2158.904562606493,-2158.904562606493,-2059.215123749457,-2059.215123749457,-2059.215123749457,-99.68943885703631,-99.68943885703631,-99.68943885703631,0,0,0,-2521.3819679865146,3058.2332941063637,2205.9353981572767,2205.9353981572767,47.03083555078365
2023-05-15T00:00:00Z,2206.3354728992776,125.65963781695477,125.65963781695477,125.65963781695477,207.10923604403334,207.10923604403334,207.10923604403334,-81.44959822707855,-81.44959822707855,-81.44959822707855,0,0,0,-593.6463209686835,5053.212332199436,2206.3354728992776,2206.3354728992776,2331.9951107162324
2023-05-16T00:00:00Z,2206.7355476412786,723.6447052321035,723.6447052321035,723.6447052321035,788.4207419726526,788.4207419726526,788.4207419726526,-64.7760367405491,-64.7760367405491,-64.7760367405491,0,0,0,31.184186716453294,5697.937093674517,2206.7355476412786,2206.7355476412786,2930.3802528733822
2023-05-17T00:00:00Z,2207.1356223832795,700.5399113682757,700.5399113682757,700.5399113682757,750.5590710465639,750.5590710465639,750.5590710465639,-50.019159678288005,-50.019159678288005,-50.019159678288005,0,0,0,19.95947697701178,5615.579622847961,2207.1356223832795,2207.1356223832795,2907.675533751555
2023-05-18T00:00:00Z,2207.535697125281,800.5998316304082,800.5998316304082,800.5998316304082,838.0716227704398,838.0716227704398,838.0716227704398,-37.47179114003169,-37.47179114003169,-37.47179114003169,0,0,0,83.81646030422866,5721.744536584365,2207.535697125281,2207.535697125281,3008.135528755689
2023-05-19T00:00:00Z,2207.935771867282,848.3726610632136,848.3726610632136,848.3726610632136,875.7343040603897,875.7343040603897,875.7343040603897,-27.361642997175963,-27.361642997175963,-27.361642997175963,0,0,0,174.99121647968514,5842.138705712147,2207.935771867282,2207.935771867282,3056.3084329304957
2023-05-20T00:00:00Z,2208.3358466092827,-1420.5256651655218,-1420.5256651655218,-1420.5256651655218,-1400.6798521462429,-1400.6798521462429,-1400.6798521462429,-19.8458130192789,-19.8458130192789,-19.8458130192789,0,0,0,-1881.3818344231004,3648.2284914833617,2208.3358466092827,2208.3358466092827,787.8101814437609
2023-05-21T00:00:00Z,2208.735921351283,-2074.222585091727,-2074.222585091727,-2074.222585091727,-2059.215123747518,-2059.215123747518,-2059.215123747518,-15.0074613442092,-15.0074613442092,-15.0074613442092,0,0,0,-2528.8549147364824,2979.2180432225273,2208.735921351283,2208.735921351283,134.51333625955613
2023-05-22T00:00:00Z,2209.1359960932846,194.2544900673071,194.2544900673071,194.2544900673071,207.10923604578142,207.10923604578142,207.10923604578142,-12.854745978474389,-12.854745978474389,-12.854745978474389,0,0,0,-326.9109435011915,5314.739542646893,2209.1359960932846,2209.1359960932846,2403.3904861605915
2023-05-23T00:00:00Z,2209.5360708352855,775.0987144500866,775.0987144500866,775.0987144500866,788.4207419728114,788.4207419728114,788.4207419728114,-13.322027522724492,-13.322027522724492,-13.322027522724492,0,0,0,344.0451754356801,5698.8996290326195,2209.5360708352855,2209.5360708352855,2984.6347852853723
2023-05-24T00:00:00Z,2209.9361455772864,734.285788023077,734.285788023077,734.285788023077,750.5590710466884,750.5590710466884,750.5590710466884,-16.273283023611434,-16.273283023611434,-16.273283023611434,0,0,0,-103.8293678424989,5777.152285675761,2209.9361455772864,2209.9361455772864,2944.2219336003636
2023-05-25T00:00:00Z,2210.3362203192873,816.5640218561712,816.5640218561712,816.5640218561712,838.0716227711532,838.0716227711532,838.0716227711532,-21.507600914982202,-21.507600914982202,-21.507600914982202,0,0,0,225.71490366329053,5777.960157908799,2210.3362203192873,2210.3362203192873,3026.9002421754585
2023-05-26T00:00:00Z,2210.7362950612883,846.9677385305047,846.9677385305047,846.9677385305047,875.7343040649781,875.7343040649781,875.7343040649781,-28.766565534473433,-28.766565534473433,-28.766565534473433,0,0,0,293.6663931225074,5783.448180273618,2210.7362950612883,2210.7362950612883,3057.7040335917927
2023-05-27T00:00:00Z,2211.1363698032897,-1438.4231347516327,-1438.4231347516327,-1438.4231347516327,-1400.6798521489702,-1400.6798521489702,-1400.6798521489702,-37.74328260266243,-37.74328260266243,-37.74328260266243,0,0,0,-2199.398827405057,3462.9501600685394,2211.1363698032897,2211.1363698032897,772.713235051657
2023-05-28T00:00:00Z,2211.5364445452906,-2107.3078718398115,-2107.3078718398115,-2107.3078718398115,-2059.2151237484095,-2059.2151237484095,-2059.2151237484095,-48.092748091401944,-48.092748091401944,-48.092748091401944,0,0,0,-2708.4547383280656,2967.173233077692,2211.5364445452906,2211.5364445452906,104.22857270547911
2023-05-29T00:00:00Z,2211.9365192872915,147.66601251968527,147.66601251968527,147.66601251968527,207.10923604652558,207.10923604652558,207.10923604652558,-59.44322352684023,-59.44322352684023,-59.44322352684023,0,0,0,-421.872627301505,5249.889771405993,2211.9365192872915,2211.9365192872915,2359.602531806977
2023-05-30T00:00:00Z,2212.3365940292924,717.012489810512,717.012489810512,717.012489810512,788.4207419729873,788.4207419729873,788.4207419729873,-71.40825216247518,-71.40825216247518,-71.40825216247518,0,0,0,51.33584194114804,5494.203123758711,2212.3365940292924,2212.3365940292924,2929.3490838398043
2023-05-31T00:00:00Z,2212.736668771294,666.960137611625,666.960137611625,666.960137611625,750.5590710470785,750.5590710470785,750.5590710470785,-83.59893343545349,-83.59893343545349,-83.59893343545349,0,0,0,68.04089992135904,5532.566094433816,2212.736668771294,2212.736668771294,2879.696806382919
2023-06-01T00:00:00Z,2213.1367435132943,742.4355546205429,742.4355546205429,742.4355546205429,838.0716227718667,838.0716227718667,838.0716227718667,-95.63606815132391,-95.63606815132391,-95.63606815132391,0,0,0,0.252086452960654,5753.280689813966,2213.1367435132943,2213.1367435132943,2955.572298133837
2023-06-02T00:00:00Z,2213.536818255295,768.572510040174,768.572510040174,768.572510040174,875.7343040635791,875.7343040635791,875.7343040635791,-107.16179402340511,-107.16179402340511,-107.16179402340511,0,0,0,50.65236520782932,5832.577416212669,2213.536818255295,2213.536818255295,2982.1093282954694
2023-06-03T00:00:00Z,2213.936892997296,-1518.5302023785512,-1518.5302023785512,-1518.5302023785512,-1400.6798521486076,-1400.6798521486076,-1400.6798521486076,-117.85035022994376,-117.85035022994376,-117.85035022994376,0,0,0,-1895.9349897462498,3621.893785697009,2213.936892997296,2213.936892997296,695.406690618745
2023-06-04T00:00:00Z,2214.336967739297,-2186.6327636438823,-2186.6327636438823,-2186.6327636438823,-2059.215123746471,-2059.215123746471,-2059.215123746471,-127.41763989741088,-127.41763989741088,-127.41763989741088,0,0,0,-2595.8434436846424,2978.9393510078808,2214.336967739297,2214.336967739297,27.704204095414752
2023-06-05T00:00:00Z,2214.7370424812984,71.47993618148641,71.47993618148641,71.47993618148641,207.10923604927805,207.10923604927805,207.10923604927805,-135.62929986779153,-135.62929986779153,-135.62929986779153,0,0,0,-394.6178371592392,5227.679993338124,2214.7370424812984,2214.7370424812984,2286.2169786627846
2023-06-06T00:00:00Z,2215.1371172232994,646.1137055240737,646.1137055240737,646.1137055240737,788.4207419731456,788.4207419731456,788.4207419731456,-142.3070364490719,-142.3070364490719,-142.3070364490719,0,0,0,224.7607001292187,5698.692377711285,2215.1371172232994,2215.1371172232994,2861.250822747373
2023-06-07T00:00:00Z,2215.5371919653003,603.2260285397637,603.2260285397637,603.2260285397637,750.5590710472034,750.5590710472034,750.5590710472034,-147.3330425074397,-147.3330425074397,-147.3330425074397,0,0,0,30.478179605806126,5432.404098360903,2215.5371919653003,2215.5371919653003,2818.763220505064
2023-06-08T00:00:00Z,2215.937266707301,687.4192493586115,687.4192493586115,687.4192493586115,838.0716227725801,838.0716227725801,838.0716227725801,-150.65237341396866,-150.65237341396866,-150.65237341396866,0,0,0,198.9856956221497,5727.792159139006,2215.937266707301,2215.937266707301,2903.3565160659127
2023-06-09T00:00:00Z,2216.3373414493026,723.4610790048358,723.4610790048358,723.4610790048358,875.7343040635495,875.7343040635495,875.7343040635495,-152.2732250587137,-152.2732250587137,-152.2732250587137,0,0,0,218.56945409207898,5522.288941769964,2216.3373414493026,2216.3373414493026,2939.7984204541385
2023-06-10T00:00:00Z,2216.737416191303,-1552.9449764530939,-1552.9449764530939,-1552.9449764530939,-1400.6798521513344,-1400.6798521513344,-1400.6798521513344,-152.2651243017594,-152.2651243017594,-152.2651243017594,0,0,0,-2030.3444632039864,3371.803515430376,2216.737416191303,2216.737416191303,663.7924397382092
2023-06-11T00:00:00Z,2217.137490933304,-2209.970232489439,-2209.970232489439,-2209.970232489439,-2059.2151237506055,-2059.2151237506055,-2059.2151237506055,-150.7551087388334,-150.7551087388334,-150.7551087388334,0,0,0,-2555.0948419021433,2675.305083074029,2217.137490933304,2217.137490933304,7.167258443865194
2023-06-12T00:00:00Z,2217.537565675305,59.18719961625122,59.18719961625122,59.18719961625122,207.1092360500221,207.1092360500221,207.1092360500221,-147.92203643377078,-147.92203643377078,-147.92203643377078,0,0,0,-357.8276598608026,5169.581927117352,2217.537565675305,2217.537565675305,2276.724765291556
2023-06-13T00:00:00Z,2217.9376404173063,644.4315166589969,644.4315166589969,644.4315166589969,788.4207419729091,788.4207419729091,788.4207419729091,-143.989225313912,-143.989225313912,-143.989225313912,0,0,0,127.52561784671282,5621.64165557003,2217.9376404173063,2217.9376404173063,2862.369157076303
2023-06-14T00:00:00Z,2218.337715159307,611.343396647472,611.343396647472,611.343396647472,750.5590710467427,750.5590710467427,750.5590710467427,-139.2156743992705,-139.2156743992705,-139.2156743992705,0,0,0,-15.330361045362658,5665.391726708881,2218.337715159307,2218.337715159307,2829.681111806779
2023-06-15T00:00:00Z,2218.737789901308,704.1854594618901,704.1854594618901,704.1854594618901,838.0716227723715,838.0716227723715,838.0716227723715,-133.88616331048115,-133.88616331048115,-133.88616331048115,0,0,0,105.90563592950468,5531.089560411354,2218.737789901308,2218.737789901308,2922.923249363198
2023-06-16T00:00:00Z,2219.137864643309,747.4337428663509,747.4337428663509,747.4337428663509,875.7343040667685,875.7343040667685,875.7343040667685,-128.3005612004175,-128.3005612004175,-128.3005612004175,0,0,0,10.336330584822601,5783.0348974053695,2219.137864643309,2219.137864643309,2966.5716075096598
2023-06-17T00:00:00Z,2219.53793938531,-1523.4425524717906,-1523.4425524717906,-1523.4425524717906,-1400.679852154062,-1400.679852154062,-1400.679852154062,-122.76270031772876,-122.76270031772876,-122.76270031772876,0,0,0,-1890.2283545814034,3448.9026169270055,2219.53793938531,2219.53793938531,696.0953869135194
2023-06-18T00:00:00Z,2219.9380141273114,-2176.784305845287,-2176.784305845287,-2176.784305845287,-2059.2151237500816,-2059.2151237500816,-2059.2151237500816,-117.56918209520491,-117.56918209520491,-117.56918209520491,0,0,0,-2661.2040308736878,2740.409030741661,2219.9380141273114,2219.9380141273114,43.15370828202458
2023-06-19T00:00:00Z,2220.3380888693123,94.11075145751255,94.11075145751255,94.11075145751255,207.1092360517702,207.1092360517702,207.1092360517702,-112.99848459425768,-112.99848459425768,-112.99848459425768,0,0,0,-470.11499635737584,5113.155901892079,2220.3380888693123,2220.3380888693123,2314.4488403268247
2023-06-20T00:00:00Z,2220.738163611313,679.1200126580882,679.1200126580882,679.1200126580882,788.4207419726727,788.4207419726727,788.4207419726727,-109.30072931458459,-109.30072931458459,-109.30072931458459,0,0,0,135.39991175675624,5507.2245491663925,2220.738163611313,2220.738163611313,2899.858176269401
2023-06-21T00:00:00Z,2221.1382383533137,643.870627889308,643.870627889308,643.870627889308,750.5590710468672,750.5590710468672,750.5590710468672,-106.6884431575592,-106.6884431575592,-106.6884431575592,0,0,0,-3.0015450846646967,5630.796777080919,2221.1382383533137,2221.1382383533137,2865.0088662426215
2023-06-22T00:00:00Z,2221.538313095315,732.7430043339208,732.7430043339208,732.7430043339208,838.0716227712342,838.0716227712342,838.0716227712342,-105.32861843731331,-105.32861843731331,-105.32861843731331,0,0,0,178.61561223789636,5703.336531421819,2221.538313095315,2221.538313095315,2954.281317429236
2023-06-23T00:00:00Z,2221.938387837316,770.3979727644665,770.3979727644665,770.3979727644665,875.7343040667391,875.7343040667391,875.7343040667391,-105.33633130227257,-105.33633130227257,-105.33633130227257,0,0,0,188.07409381130358,5644.871347917297,2221.938387837316,2221.938387837316,2992.3363606017824
2023-06-24T00:00:00Z,2222.338462579317,-1507.4499802888356,-1507.4499802888356,-1507.4499802888356,-1400.6798521552441,-1400.6798521552441,-1400.6798521552441,-106.77012813359153,-106.77012813359153,-106.77012813359153,0,0,0,-2144.298860885906,3610.4993009541304,2222.338462579317,2222.338462579317,714.8884822904813
2023-06-25T00:00:00Z,2222.738537321318,-2168.8444557700145,-2168.8444557700145,-2168.8444557700145,-2059.2151237495577,-2059.2151237495577,-2059.2151237495577,-109.62933202045666,-109.62933202045666,-109.62933202045666,0,0,0,-2845.4018759158266,2880.344228325874,2222.738537321318,2222.738537321318,53.894081551303316
2023-06-26T00:00:00Z,2223.1386120633188,93.2558769339155,93.2558769339155,93.2558769339155,207.10923604414484,207.10923604414484,207.10923604414484,-113.85335911022932,-113.85335911022932,-113.85335911022932,0,0,0,-541.8729960682248,4961.819709118102,2223.1386120633188,2223.1386120633188,2316.3944889972345
2023-06-27T00:00:00Z,2223.53868680532,669.0976725138224,669.0976725138224,669.0976725138224,788.4207419732437,788.4207419732437,788.4207419732437,-119.32306945942125,-119.32306945942125,-119.32306945942125,0,0,0,158.9767286386975,5646.7122424558065,2223.53868680532,2223.53868680532,2892.6363593191427
2023-06-28T00:00:00Z,2223.938761547321,624.6949600144919,624.6949600144919,624.6949600144919,750.5590710469921,750.5590710469921,750.5590710469921,-125.86411103250028,-125.86411103250028,-125.86411103250028,0,0,0,93.80410485233564,5553.729929580898,2223.938761547321,2223.938761547321,2848.633721561813
2023-06-29T00:00:00Z,2224.338836289322,704.8194719607454,704.8194719607454,704.8194719607454,838.0716227710254,838.0716227710254,838.0716227710254,-133.25215081028,-133.25215081028,-133.25215081028,0,0,0,238.84982610705993,5705.373714761702,2224.338836289322,2224.338836289322,2929.1583082500674
2023-06-30T00:00:00Z,2224.7389110313225,734.514478454882,734.514478454882,734.514478454882,875.7343040653402,875.7343040653402,875.7343040653402,-141.21982561045832,-141.21982561045832,-141.21982561045832,0,0,0,6.210379526115628,5587.698144331767,2224.7389110313225,2224.7389110313225,2959.2533894862045
2023-07-01T00:00:00Z,2225.138985773324,-1550.1450413161847,-1550.1450413161847,-1550.1450413161847,-1400.6798521564265,-1400.6798521564265,-1400.6798521564265,-149.4651891597582,-149.4651891597582,-149.4651891597582,0,0,0,-2119.6109726685013,3564.9004998329315,2225.138985773324,2225.138985773324,674.9939444571392
2023-07-02T00:00:00Z,2225.5390605153248,-2216.876506702944,-2216.876506702944,-2216.876506702944,-2059.2151237476196,-2059.2151237476196,-2059.2151237476196,-157.66138295532426,-157.66138295532426,-157.66138295532426,0,0,0,-2781.8363831974902,2819.962095143859,2225.5390605153248,2225.5390605153248,8.662553812380793
2023-07-03T00:00:00Z,2225.9391352573257,41.64201795539943,41.64201795539943,41.64201795539943,207.1092360468974,207.1092360468974,207.1092360468974,-165.467218091498,-165.467218091498,-165.467218091498,0,0,0,-487.36397573663174,5061.51263490894,2225.9391352573257,2225.9391352573257,2267.581153212725
2023-07-04T00:00:00Z,2226.3392099993266,615.8824171774583,615.8824171774583,615.8824171774583,788.420741973402,788.420741973402,788.420741973402,-172.5383247959437,-172.5383247959437,-172.5383247959437,0,0,0,160.49101863367648,5662.593902435908,2226.3392099993266,2226.3392099993266,2842.2216271767848
2023-07-05T00:00:00Z,2226.6985302216426,572.0205641463042,572.0205641463042,572.0205641463042,750.5590710465315,750.5590710465315,750.5590710465315,-178.53850690022733,-178.53850690022733,-178.53850690022733,0,0,0,-146.19133201386745,5749.357744722527,2226.6985302216426,2226.6985302216426,2798.719094367947
2023-07-06T00:00:00Z,2227.0578504439577,654.9206922452818,654.9206922452818,654.9206922452818,838.0716227717388,838.0716227717388,838.0716227717388,-183.15093052645707,-183.15093052645707,-183.15093052645707,0,0,0,289.9524106352697,5539.503343108107,2227.0578504439577,2227.0578504439577,2881.9785426892395
2023-07-07T00:00:00Z,2227.417170666273,689.6455239070339,689.6455239070339,689.6455239070339,875.7343040639416,875.7343040639416,875.7343040639416,-186.0887801569076,-186.0887801569076,-186.0887801569076,0,0,0,100.69823598509835,5812.495205048007,2227.417170666273,2227.417170666273,2917.0626945733065
2023-07-08T00:00:00Z,2227.776490888589,-1587.7848830682744,-1587.7848830682744,-1587.7848830682744,-1400.6798521491605,-1400.6798521491605,-1400.6798521491605,-187.1050309191139,-187.1050309191139,-187.1050309191139,0,0,0,-2002.4057414763538,3487.528632666014,2227.776490888589,2227.776490888589,639.9916078203144
2023-07-09T00:00:00Z,2228.135811110904,-2245.2161366178866,-2245.2161366178866,-2245.2161366178866,-2059.2151237485105,-2059.2151237485105,-2059.2151237485105,-186.00101286937638,-186.00101286937638,-186.00101286937638,0,0,0,-2947.486018286113,2757.710834662348,2228.135811110904,2228.135811110904,-17.080325506982717
2023-07-10T00:00:00Z,2228.495131333219,24.47575553970911,24.47575553970911,24.47575553970911,207.10923604764133,207.10923604764133,207.10923604764133,-182.63348050793226,-182.63348050793226,-182.63348050793226,0,0,0,-607.3090385630977,4718.703246838149,2228.495131333219,2228.495131333219,2252.970886872928
2023-07-11T00:00:00Z,2228.854451555535,611.5007944240264,611.5007944240264,611.5007944240264,788.4207419731655,788.4207419731655,788.4207419731655,-176.9199475491391,-176.9199475491391,-176.9199475491391,0,0,0,110.63924870108161,5676.385693244502,2228.854451555535,2228.854451555535,2840.3552459795615
2023-07-12T00:00:00Z,2229.21377177785,581.7169693881774,581.7169693881774,581.7169693881774,750.5590710466564,750.5590710466564,750.5590710466564,-168.84210165847892,-168.84210165847892,-168.84210165847892,0,0,0,-38.92624147217356,5509.701974817787,2229.21377177785,2229.21377177785,2810.9307411660275
2023-07-13T00:00:00Z,2229.573092000165,679.6244480061579,679.6244480061579,679.6244480061579,838.0716227687569,838.0716227687569,838.0716227687569,-158.44717476259905,-158.44717476259905,-158.44717476259905,0,0,0,274.6505939858332,5765.379290946032,2229.573092000165,2229.573092000165,2909.197540006323
2023-07-14T00:00:00Z,2229.932412222481,729.8870943235836,729.8870943235836,729.8870943235836,875.7343040625426,875.7343040625426,875.7343040625426,-145.84720973895898,-145.84720973895898,-145.84720973895898,0,0,0,283.82894237659514,5790.448130426643,2229.932412222481,2229.932412222481,2959.819506546065
2023-07-15T00:00:00Z,2230.2917324447963,-1531.896083903915,-1531.896083903915,-1531.896083903915,-1400.6798521518874,-1400.6798521518874,-1400.6798521518874,-131.21623175202734,-131.21623175202734,-131.21623175202734,0,0,0,-1996.8893917039304,3451.738249029436,2230.2917324447963,2230.2917324447963,698.3956485408812
2023-07-16T00:00:00Z,2230.6510526671113,-2174.0005238593467,-2174.0005238593467,-2174.0005238593467,-2059.215123746572,-2059.215123746572,-2059.215123746572,-114.7854001127747,-114.7854001127747,-114.7854001127747,0,0,0,-2800.8033303845195,2775.5054939924366,2230.6510526671113,2230.6510526671113,56.65052880776466
2023-07-17T00:00:00Z,2231.0103728894264,110.27295390220404,110.27295390220404,110.27295390220404,207.10923604938966,207.10923604938966,207.10923604938966,-96.83628214718563,-96.83628214718563,-96.83628214718563,0,0,0,-358.5805967292772,4995.074424045865,2231.0103728894264,2231.0103728894264,2341.2833267916303
2023-07-18T00:00:00Z,2231.3696931117424,710.7282898748332,710.7282898748332,710.7282898748332,788.4207419729289,788.4207419729289,788.4207419729289,-77.69245209809549,-77.69245209809549,-77.69245209809549,0,0,0,-17.71758723927826,5618.644575857337,2231.3696931117424,2231.3696931117424,2942.0979829865755
2023-07-19T00:00:00Z,2231.7290133340575,692.8493974745461,692.8493974745461,692.8493974745461,750.5590710470462,750.5590710470462,750.5590710470462,-57.7096735724999,-57.7096735724999,-57.7096735724999,0,0,0,386.1596001183265,5657.24703161773,2231.7290133340575,2231.7290133340575,2924.5784108086036
2023-07-20T00:00:00Z,2232.0883335563726,800.8066510677219,800.8066510677219,800.8066510677219,838.0716227703929,838.0716227703929,838.0716227703929,-37.26497170267085,-37.26497170267085,-37.26497170267085,0,0,0,415.3941417402925,5799.661257049192,2232.0883335563726,2232.0883335563726,3032.8949846240944
2023-07-21T00:00:00Z,2232.4476537786886,858.989364602695,858.989364602695,858.989364602695,875.7343040625132,875.7343040625132,875.7343040625132,-16.744939459818156,-16.744939459818156,-16.744939459818156,0,0,0,442.09130070645153,5900.955895828661,2232.4476537786886,2232.4476537786886,3091.4370183813835
2023-07-22T00:00:00Z,2232.8069740010037,-1397.2135023135397,-1397.2135023135397,-1397.2135023135397,-1400.6798521515252,-1400.6798521515252,-1400.6798521515252,3.4663498379854483,3.4663498379854483,3.4663498379854483,0,0,0,-1879.4111891578098,3389.1365513916935,2232.8069740010037,2232.8069740010037,835.593471687464
2023-07-23T00:00:00Z,2233.166294223319,-2036.2156879817576,-2036.2156879817576,-2036.2156879817576,-2059.2151237492917,-2059.2151237492917,-2059.2151237492917,22.999435767534038,22.999435767534038,22.999435767534038,0,0,0,-2659.6165860510805,2972.66109790917,2233.166294223319,2233.166294223319,196.95060624156122
2023-07-24T00:00:00Z,2233.525614445635,248.62041397374804,248.62041397374804,248.62041397374804,207.1092360427686,207.1092360427686,207.1092360427686,41.51117793097953,41.51117793097953,41.51117793097953,0,0,0,-50.7062710231995,5148.120964405417,2233.525614445635,2233.525614445635,2482.1460284193827
2023-07-25T00:00:00Z,2233.88493466795,847.1164356711691,847.1164356711691,847.1164356711691,788.4207419726922,788.4207419726922,788.4207419726922,58.69569369847649,58.69569369847649,58.69569369847649,0,0,0,396.5307109956547,5850.357935804478,2233.88493466795,2233.88493466795,3081.001370339119
2023-07-26T00:00:00Z,2234.244254890265,824.8532351593086,824.8532351593086,824.8532351593086,750.5590710468784,750.5590710468784,750.5590710468784,74.29416411243022,74.29416411243022,74.29416411243022,0,0,0,360.64778125937914,5934.494735362019,2234.244254890265,2234.244254890265,3059.0974900495735
2023-07-27T00:00:00Z,2234.603575112581,926.1748007746776,926.1748007746776,926.1748007746776,838.0716227701838,838.0716227701838,838.0716227701838,88.10317800449394,88.10317800449394,88.10317800449394,0,0,0,295.404860309041,5975.3543033073565,2234.603575112581,2234.603575112581,3160.7783758872583
2023-07-28T00:00:00Z,2234.962895334896,975.7156316891449,975.7156316891449,975.7156316891449,875.7343040611142,875.7343040611142,875.7343040611142,99.98132762803067,99.98132762803067,99.98132762803067,0,0,0,430.78545987798157,6011.340460718449,2234.962895334896,2234.962895334896,3210.6785270240407
2023-07-29T00:00:00Z,2235.322215557211,-1290.8260302902115,-1290.8260302902115,-1290.8260302902115,-1400.679852154252,-1400.679852154252,-1400.679852154252,109.8538218640406,109.8538218640406,109.8538218640406,0,0,0,-1428.1519068957814,3772.6631044908354,2235.322215557211,2235.322215557211,944.4961852669996
2023-07-30T00:00:00Z,2235.681535779527,-1941.50018002212,-1941.50018002212,-1941.50018002212,-2059.215123748768,-2059.215123748768,-2059.215123748768,117.71494372664785,117.71494372664785,117.71494372664785,0,0,0,-2520.4560574348056,3231.446854867851,2235.681535779527,2235.681535779527,294.1813557574071
2023-07-31T00:00:00Z,2236.0408560018423,330.73748172193746,330.73748172193746,330.73748172193746,207.1092360445168,207.1092360445168,207.1092360445168,123.6282456774207,123.6282456774207,123.6282456774207,0,0,0,-127.81283134284597,5268.787001391835,2236.0408560018423,2236.0408560018423,2566.7783377237797
2023-08-01T00:00:00Z,2236.4001762241573,916.1451890725065,916.1451890725065,916.1451890725065,788.4207419728508,788.4207419728508,788.4207419728508,127.72444709965566,127.72444709965566,127.72444709965566,0,0,0,501.82717600582856,6107.482974612225,2236.4001762241573,2236.4001762241573,3152.545365296664
2023-08-02T00:00:00Z,2236.759496446473,880.7561420866045,880.7561420866045,880.7561420866045,750.5590710467105,750.5590710467105,750.5590710467105,130.19707103989398,130.19707103989398,130.19707103989398,0,0,0,434.73900616230003,5570.611258277871,2236.759496446473,2236.759496446473,3117.5156385330774
2023-08-03T00:00:00Z,2237.1188166687884,969.3675524976675,969.3675524976675,969.3675524976675,838.0716227699747,838.0716227699747,838.0716227699747,131.29592972769262,131.29592972769262,131.29592972769262,0,0,0,698.8322731744731,5944.164532090419,2237.1188166687884,2237.1188166687884,3206.486369166456
2023-08-04T00:00:00Z,2237.4781368911035,1007.0529422562485,1007.0529422562485,1007.0529422562485,875.7343040657026,875.7343040657026,875.7343040657026,131.3186381905458,131.3186381905458,131.3186381905458,0,0,0,491.47586191251327,5963.976827423477,2237.4781368911035,2237.4781368911035,3244.531079147352
2023-08-05T00:00:00Z,2237.837457113419,-1270.0794518629327,-1270.0794518629327,-1270.0794518629327,-1400.6798521554347,-1400.6798521554347,-1400.6798521554347,130.60040029250206,130.60040029250206,130.60040029250206,0,0,0,-1655.2511177263802,3740.9388137820933,2237.837457113419,2237.837457113419,967.7580052504863
2023-08-06T00:00:00Z,2238.1967773357346,-1929.7127540704007,-1929.7127540704007,-1929.7127540704007,-2059.2151237482444,-2059.2151237482444,-2059.2151237482444,129.5023696778434,129.5023696778434,129.5023696778434,0,0,0,-2481.971720501806,3007.6757118054766,2238.1967773357346,2238.1967773357346,308.4840232653339
2023-08-07T00:00:00Z,2238.5560975580497,335.50817356275223,335.50817356275223,335.50817356275223,207.1092360452608,207.1092360452608,207.1092360452608,128.39893751749133,128.39893751749133,128.39893751749133,0,0,0,-133.6744429824282,5399.597489245021,2238.5560975580497,2238.5560975580497,2574.064271120802
2023-08-08T00:00:00Z,2238.9154177803653,916.0850799990507,916.0850799990507,916.0850799990507,788.4207419722194,788.4207419722194,788.4207419722194,127.6643380268315,127.6643380268315,127.6643380268315,0,0,0,418.32465660574013,5951.550007252017,2238.9154177803653,2238.9154177803653,3155.000497779416
2023-08-09T00:00:00Z,2239.274738002681,878.2180611630705,878.2180611630705,878.2180611630705,750.5590710473931,750.5590710473931,750.5590710473931,127.65899011567745,127.65899011567745,127.65899011567745,0,0,0,241.79322402368825,5848.865933321044,2239.274738002681,2239.274738002681,3117.4927991657514
2023-08-10T00:00:00Z,2239.634058224996,966.7876310616373,966.7876310616373,966.7876310616373,838.0716227716107,838.0716227716107,838.0716227716107,128.7160082900265,128.7160082900265,128.7160082900265,0,0,0,477.5810637869475,6027.040902897493,2239.634058224996,2239.634058224996,3206.4216892866334
2023-08-11T00:00:00Z,2239.993378447311,1006.8626215055166,1006.8626215055166,1006.8626215055166,875.7343040643038,875.7343040643038,875.7343040643038,131.12831744121274,131.12831744121274,131.12831744121274,0,0,0,561.1202892656402,6266.161095398673,2239.993378447311,2239.993378447311,3246.8559999528275
2023-08-12T00:00:00Z,2240.352698669627,-1265.543057903296,-1265.543057903296,-1265.543057903296,-1400.679852156617,-1400.679852156617,-1400.679852156617,135.13679425332103,135.13679425332103,135.13679425332103,0,0,0,-1961.9467360644178,3633.359034348839,2240.352698669627,2240.352698669627,974.8096407663311
2023-08-13T00:00:00Z,2240.712018891942,-1918.2952909165956,-1918.2952909165956,-1918.2952909165956,-2059.2151237477206,-2059.2151237477206,-2059.2151237477206,140.919832831125,140.919832831125,140.919832831125,0,0,0,-2497.7315150912686,3192.810718094724,2240.712018891942,2240.712018891942,322.4167279753465
2023-08-14T00:00:00Z,2241.071339114257,355.69393048103234,355.69393048103234,355.69393048103234,207.10923604801343,207.10923604801343,207.10923604801343,148.5846944330189,148.5846944330189,148.5846944330189,0,0,0,-204.07963697938686,5485.191123885645,2241.071339114257,2241.071339114257,2596.7652695952893
2023-08-15T00:00:00Z,2241.430659336573,946.5816938622067,946.5816938622067,946.5816938622067,788.4207419731853,788.4207419731853,788.4207419731853,158.16095188902148,158.16095188902148,158.16095188902148,0,0,0,383.7927561556547,5982.378735782258,2241.430659336573,2241.430659336573,3188.01235319878
2023-08-16T00:00:00Z,2241.7899795588883,920.1553508022299,920.1553508022299,920.1553508022299,750.5590710472251,750.5590710472251,750.5590710472251,169.5962797550051,169.5962797550051,169.5962797550051,0,0,0,456.0237247409669,5864.581334375569,2241.7899795588883,2241.7899795588883,3161.945330361118
2023-08-17T00:00:00Z,2242.1492997812034,1020.8263959927106,1020.8263959927106,1020.8263959927106,838.0716227714017,838.0716227714017,838.0716227714017,182.75477322130888,182.75477322130888,182.75477322130888,0,0,0,475.733157655331,5994.649161958401,2242.1492997812034,2242.1492997812034,3262.9756957739137
2023-08-18T00:00:00Z,2242.5086200035194,1073.1522082516894,1073.1522082516894,1073.1522082516894,875.7343040642745,875.7343040642745,875.7343040642745,197.41790418741493,197.41790418741493,197.41790418741493,0,0,0,423.45917032617365,6059.564527045491,2242.5086200035194,2242.5086200035194,3315.660828255209
2023-08-19T00:00:00Z,2242.8679402258344,-1187.3917081895345,-1187.3917081895345,-1187.3917081895345,-1400.6798521577991,-1400.6798521577991,-1400.6798521577991,213.2881439682647,213.2881439682647,213.2881439682647,0,0,0,-1766.9993885151237,3744.646824426757,2242.8679402258344,2242.8679402258344,1055.4762320363
2023-08-20T00:00:00Z,2243.2272604481495,-1829.2199226439704,-1829.2199226439704,-1829.2199226439704,-2059.2151237504404,-2059.2151237504404,-2059.2151237504404,229.99520110646986,229.99520110646986,229.99520110646986,0,0,0,-2544.7909533135967,3207.670877254624,2243.2272604481495,2243.2272604481495,414.0073378041791
2023-08-21T00:00:00Z,2243.5865806704655,454.2139782415907,454.2139782415907,454.2139782415907,207.10923604875737,207.10923604875737,207.10923604875737,247.1047421928334,247.1047421928334,247.1047421928334,0,0,0,15.54023761803089,5367.234319566206,2243.5865806704655,2243.5865806704655,2697.800558912056
2023-08-22T00:00:00Z,2243.9459008927806,1052.5501278276429,1052.5501278276429,1052.5501278276429,788.4207419729489,788.4207419729489,788.4207419729489,264.1293858546939,264.1293858546939,264.1293858546939,0,0,0,509.1921606784345,6206.184535290036,2243.9459008927806,2243.9459008927806,3296.4960287204235
2023-08-23T00:00:00Z,2244.3052211150957,1031.100758595608,1031.100758595608,1031.100758595608,750.5590710470573,750.5590710470573,750.5590710470573,280.5416875485508,280.5416875485508,280.5416875485508,0,0,0,481.216002904843,6140.88993482018,2244.3052211150957,2244.3052211150957,3275.405979710704
2023-08-24T00:00:00Z,2244.6645413374117,1133.8603904970478,1133.8603904970478,1133.8603904970478,838.0716227721153,838.0716227721153,838.0716227721153,295.7887677249325,295.7887677249325,295.7887677249325,0,0,0,544.3082614177781,5909.41783481984,2244.6645413374117,2244.6645413374117,3378.5249318344595
2023-08-25T00:00:00Z,2245.023861559727,1185.0424844283482,1185.0424844283482,1185.0424844283482,875.7343040615062,875.7343040615062,875.7343040615062,309.3081803668421,309.3081803668421,309.3081803668421,0,0,0,490.013803250262,6249.755110238215,2245.023861559727,2245.023861559727,3430.0663459880752
2023-08-26T00:00:00Z,2245.383181782042,-1080.1352775478354,-1080.1352775478354,-1080.1352775478354,-1400.6798521520782,-1400.6798521520782,-1400.6798521520782,320.5445746042427,320.5445746042427,320.5445746042427,0,0,0,-1727.863304808403,4071.185449122459,2245.383181782042,2245.383181782042,1165.2479042342065
2023-08-27T00:00:00Z,2245.742502004358,-1730.2484532044175,-1730.2484532044175,-1730.2484532044175,-2059.2151237513312,-2059.2151237513312,-2059.2151237513312,328.9666705469136,328.9666705469136,328.9666705469136,0,0,0,-2373.087701952299,3183.118736457335,2245.742502004358,2245.742502004358,515.4940487999404
2023-08-28T00:00:00Z,2246.056199732115,541.1932887779446,541.1932887779446,541.1932887779446,207.1092360495013,207.1092360495013,207.1092360495013,334.08405272844345,334.08405272844345,334.08405272844345,0,0,0,-31.096240309666122,5462.0769989526925,2246.056199732115,2246.056199732115,2787.2494885100596
2023-08-29T00:00:00Z,2246.369897459873,1123.884023294181,1123.884023294181,1123.884023294181,788.4207419727122,788.4207419727122,788.4207419727122,335.4632813214686,335.4632813214686,335.4632813214686,0,0,0,476.9959704576194,6034.604810684822,2246.369897459873,2246.369897459873,3370.253920754054
2023-08-30T00:00:00Z,2246.6835951876305,1083.3019038630184,1083.3019038630184,1083.3019038630184,750.5590710468894,750.5590710468894,750.5590710468894,332.74283281612895,332.74283281612895,332.74283281612895,0,0,0,589.5146441953598,6061.255441014799,2246.6835951876305,2246.6835951876305,3329.985499050649
2023-08-31T00:00:00Z,2246.997292915388,1163.7180307557635,1163.7180307557635,1163.7180307557635,838.0716227700558,838.0716227700558,838.0716227700558,325.6464079857076,325.6464079857076,325.6464079857076,0,0,0,622.1655774628872,6066.1067597507745,2246.997292915388,2246.997292915388,3410.715323671151
2023-09-01T00:00:00Z,2247.3109906431455,1189.728489139421,1189.728489139421,1189.728489139421,875.7343040614767,875.7343040614767,875.7343040614767,313.99418507794405,313.99418507794405,313.99418507794405,0,0,0,800.5032936798318,6296.423863407719,2247.3109906431455,2247.3109906431455,3437.0394797825666
2023-09-02T00:00:00Z,2247.6246883709036,-1102.9682029072587,-1102.9682029072587,-1102.9682029072587,-1400.6798521532605,-1400.6798521532605,-1400.6798521532605,297.71164924600174,297.71164924600174,297.71164924600174,0,0,0,-1646.8001518924113,4001.7612569863,2247.6246883709036,2247.6246883709036,1144.656485463645
2023-09-03T00:00:00Z,2247.938386098661,-1782.3794299160793,-1782.3794299160793,-1782.3794299160793,-2059.215123749392,-2059.215123749392,-2059.215123749392,276.8356938333129,276.8356938333129,276.8356938333129,0,0,0,-2214.007527216184,3101.531702000811,2247.938386098661,2247.938386098661,465.5589561825816
2023-09-04T00:00:00Z,2248.2520838264186,458.62699953567943,458.62699953567943,458.62699953567943,207.1092360512496,207.1092360512496,207.1092360512496,251.5177634844298,251.5177634844298,251.5177634844298,0,0,0,-43.86064727933056,5514.588617258536,2248.2520838264186,2248.2520838264186,2706.879083362098
2023-09-05T00:00:00Z,2248.5657815541763,1010.444633054862,1010.444633054862,1010.444633054862,788.4207419732832,788.4207419732832,788.4207419732832,222.02389108157868,222.02389108157868,222.02389108157868,0,0,0,568.2912054084995,6040.615206135851,2248.5657815541763,2248.5657815541763,3259.0104146090384
2023-09-06T00:00:00Z,2248.879479281934,939.2906389157897,939.2906389157897,939.2906389157897,750.559071047014,750.559071047014,750.559071047014,188.7315678687757,188.7315678687757,188.7315678687757,0,0,0,184.97899258509395,5880.82239978011,2248.879479281934,2248.879479281934,3188.1701181977237
2023-09-07T00:00:00Z,2249.1931770096917,990.195099104308,990.195099104308,990.195099104308,838.0716227707692,838.0716227707692,838.0716227707692,152.12347633353878,152.12347633353878,152.12347633353878,0,0,0,552.0458800872665,6068.596671662994,2249.1931770096917,2249.1931770096917,3239.388276114
2023-09-08T00:00:00Z,2249.5068747374494,988.5125098957116,988.5125098957116,988.5125098957116,875.7343040614473,875.7343040614473,875.7343040614473,112.77820583426428,112.77820583426428,112.77820583426428,0,0,0,328.9542679363727,5895.456532274515,2249.5068747374494,2249.5068747374494,3238.019384633161
2023-09-09T00:00:00Z,2249.820572465207,-1329.3216931832867,-1329.3216931832867,-1329.3216931832867,-1400.6798521544429,-1400.6798521544429,-1400.6798521544429,71.35815897115594,71.35815897115594,71.35815897115594,0,0,0,-2151.2703063750005,3630.6100697593242,2249.820572465207,2249.820572465207,920.4988792819204
2023-09-10T00:00:00Z,2250.1342701929643,-2030.6201840602919,-2030.6201840602919,-2030.6201840602919,-2059.215123748869,-2059.215123748869,-2059.215123748869,28.59493968857683,28.59493968857683,28.59493968857683,0,0,0,-2709.955181105369,2892.7909550482805,2250.1342701929643,2250.1342701929643,219.51408613267245
2023-09-11T00:00:00Z,2250.447967920722,192.38182565956822,192.38182565956822,192.38182565956822,207.10923604462863,207.10923604462863,207.10923604462863,-14.727410385060336,-14.727410385060336,-14.727410385060336,0,0,0,-243.48310128894173,5220.843702952626,2250.447967920722,2250.447967920722,2442.8297935802902
2023-09-12T00:00:00Z,2250.7616656484797,730.6298468828678,730.6298468828678,730.6298468828678,788.4207419734415,788.4207419734415,788.4207419734415,-57.790895090573834,-57.790895090573834,-57.790895090573834,0,0,0,245.22241236603062,5782.168211160415,2250.7616656484797,2250.7616656484797,2981.3915125313474
2023-09-13T00:00:00Z,2251.0753633762374,650.7957909536766,650.7957909536766,650.7957909536766,750.5590710465533,750.5590710465533,750.5590710465533,-99.76328009287673,-99.76328009287673,-99.76328009287673,0,0,0,392.09009470133634,5875.861932041637,2251.0753633762374,2251.0753633762374,2901.871154329914
2023-09-14T00:00:00Z,2251.389061103995,698.2531072153082,698.2531072153082,698.2531072153082,838.0716227705603,838.0716227705603,838.0716227705603,-139.81851555525222,-139.81851555525222,-139.81851555525222,0,0,0,87.7693809781214,5815.150134289679,2251.389061103995,2251.389061103995,2949.6421683193034
2023-09-15T00:00:00Z,2251.702758831753,698.5769916900982,698.5769916900982,698.5769916900982,875.7343040586793,875.7343040586793,875.7343040586793,-177.157312368581,-177.157312368581,-177.157312368581,0,0,0,167.8992812584288,5444.422452180339,2251.702758831753,2251.702758831753,2950.279750521851
2023-09-17T00:00:00Z,2252.3301542872678,-2299.957394592535,-2299.957394592535,-2299.957394592535,-2059.2151237483454,-2059.2151237483454,-2059.2151237483454,-240.7422708441894,-240.7422708441894,-240.7422708441894,0,0,0,-2663.5010879058245,2766.155481894827,2252.3301542872678,2252.3301542872678,-47.62724030526715
2023-09-18T00:00:00Z,2252.643852015026,-58.59055281848479,-58.59055281848479,-58.59055281848479,207.10923604637682,207.10923604637682,207.10923604637682,-265.6997888648616,-265.6997888648616,-265.6997888648616,0,0,0,-555.2795698582675,4956.767826039431,2252.643852015026,2252.643852015026,2194.053299196541
2023-09-19T00:00:00Z,2252.9575497427836,503.02376686554277,503.02376686554277,503.02376686554277,788.4207419736,788.4207419736,788.4207419736,-285.3969751080571,-285.3969751080571,-285.3969751080571,0,0,0,-151.13829747692762,5380.966505496431,2252.9575497427836,2252.9575497427836,2755.9813166083263
2023-09-20T00:00:00Z,2253.271247470541,451.11535867988374,451.11535867988374,451.11535867988374,750.5590710466782,750.5590710466782,750.5590710466782,-299.4437123667945,-299.4437123667945,-299.4437123667945,0,0,0,41.94916504956224,5365.8049222891195,2253.271247470541,2253.271247470541,2704.3866061504245
2023-09-21T00:00:00Z,2253.5849451982986,530.498549054952,530.498549054952,530.498549054952,838.071622771274,838.071622771274,838.071622771274,-307.5730737163217,-307.5730737163217,-307.5730737163217,0,0,0,383.9270995905646,5615.007836626159,2253.5849451982986,2253.5849451982986,2784.0834942532506
2023-09-22T00:00:00Z,2253.8986429260563,566.0856970348275,566.0856970348275,566.0856970348275,875.7343040646367,875.7343040646367,875.7343040646367,-309.6486070298094,-309.6486070298094,-309.6486070298094,0,0,0,25.393832867770232,5454.8244850754445,2253.8986429260563,2253.8986429260563,2819.9843399608835
2023-09-23T00:00:00Z,2254.2123406538135,-1706.3481162450855,-1706.3481162450855,-1706.3481162450855,-1400.6798521499043,-1400.6798521499043,-1400.6798521499043,-305.66826409518154,-305.66826409518154,-305.66826409518154,0,0,0,-2337.0668293264894,3383.2875675936593,2254.2123406538135,2254.2123406538135,547.864224408728
2023-09-24T00:00:00Z,2254.5260383815717,-2354.9799700759736,-2354.9799700759736,-2354.9799700759736,-2059.215123747821,-2059.215123747821,-2059.215123747821,-295.7648463281527,-295.7648463281527,-295.7648463281527,0,0,0,-2693.426640318565,2744.971978227124,2254.5260383815717,2254.5260383815717,-100.45393169440194
2023-09-25T00:00:00Z,2254.8397361093294,-73.09369951424057,-73.09369951424057,-73.09369951424057,207.1092360471209,207.1092360471209,207.1092360471209,-280.20293556136136,-280.20293556136136,-280.20293556136136,0,0,0,-323.6257377292097,4895.183035274841,2254.8397361093294,2254.8397361093294,2181.7460365950888
2023-09-26T00:00:00Z,2255.1534338370866,529.0483656347441,529.0483656347441,529.0483656347441,788.4207419729687,788.4207419729687,788.4207419729687,-259.3723763382247,-259.3723763382247,-259.3723763382247,0,0,0,-73.44862269635992,5599.5248993691785,2255.1534338370866,2255.1534338370866,2784.201799471831
2023-09-27T00:00:00Z,2255.4671315648443,516.7805982912686,516.7805982912686,516.7805982912686,750.5590710470681,750.5590710470681,750.5590710470681,-233.77847275579947,-233.77847275579947,-233.77847275579947,0,0,0,89.20375776565183,5648.4023638908475,2255.4671315648443,2255.4671315648443,2772.247729856113
2023-09-28T00:00:00Z,2255.780829292602,634.0424673878518,634.0424673878518,634.0424673878518,838.0716227719872,838.0716227719872,838.0716227719872,-204.02915538413527,-204.02915538413527,-204.02915538413527,0,0,0,193.78659936289182,5647.332912259848,2255.780829292602,2255.780829292602,2889.823296680454
2023-09-29T00:00:00Z,2256.09452702036,704.9148445938738,704.9148445938738,704.9148445938738,875.7343040632379,875.7343040632379,875.7343040632379,-170.81945946936423,-170.81945946936423,-170.81945946936423,0,0,0,266.23540988044147,5742.550447065595,2256.09452702036,2256.09452702036,2961.0093716142337
2023-09-30T00:00:00Z,2256.4082247481174,-1535.5935841455464,-1535.5935841455464,-1535.5935841455464,-1400.6798521495414,-1400.6798521495414,-1400.6798521495414,-134.91373199600488,-134.91373199600488,-134.91373199600488,0,0,0,-2294.8597466853266,3661.4521706451505,2256.4082247481174,2256.4082247481174,720.814640602571
2023-10-01T00:00:00Z,2256.721922475875,-2156.341173751874,-2156.341173751874,-2156.341173751874,-2059.2151237458825,-2059.2151237458825,-2059.2151237458825,-97.12605000599157,-97.12605000599157,-97.12605000599157,0,0,0,-2553.53605262222,2976.567088187343,2256.721922475875,2256.721922475875,100.38074872400102
2023-10-02T00:00:00Z,2257.035620203633,148.80985212022063,148.80985212022063,148.80985212022063,207.10923604987326,207.10923604987326,207.10923604987326,-58.299383929652606,-58.299383929652606,-58.299383929652606,0,0,0,-644.8128624065549,5021.824431041333,2257.035620203633,2257.035620203633,2405.8454723238533
2023-10-03T00:00:00Z,2257.34931793139,769.1366659453039,769.1366659453039,769.1366659453039,788.420741973127,788.420741973127,788.420741973127,-19.28407602782318,-19.28407602782318,-19.28407602782318,0,0,0,305.4263911365746,5837.118539981769,2257.34931793139,2257.34931793139,3026.485983876694
2023-10-04T00:00:00Z,2257.663015659148,769.6428467509578,769.6428467509578,769.6428467509578,750.5590710469003,750.5590710469003,750.5590710469003,19.083775704057565,19.083775704057565,19.083775704057565,0,0,0,162.62517071005226,5798.393870436406,2257.663015659148,2257.663015659148,3027.305862410106
2023-10-05T00:00:00Z,2257.976713386906,894.0750571250514,894.0750571250514,894.0750571250514,838.0716227727007,838.0716227727007,838.0716227727007,56.00343435235074,56.00343435235074,56.00343435235074,0,0,0,358.6352065098656,5925.817897382898,2257.976713386906,2257.976713386906,3152.0517705119573
2023-10-06T00:00:00Z,2258.290411114663,966.4638652951498,966.4638652951498,966.4638652951498,875.7343040618391,875.7343040618391,875.7343040618391,90.7295612333108,90.7295612333108,90.7295612333108,0,0,0,480.3541995822574,6149.885336114936,2258.290411114663,2258.290411114663,3224.754276409813
2023-10-07T00:00:00Z,2258.604108842421,-1278.0892291188786,-1278.0892291188786,-1278.0892291188786,-1400.6798521522683,-1400.6798521522683,-1400.6798521522683,122.59062303338963,122.59062303338963,122.59062303338963,0,0,0,-1671.6289052067884,3723.8722437396254,2258.604108842421,2258.604108842421,980.5148797235422
2023-10-08T00:00:00Z,2258.9178065701785,-1908.2099593298337,-1908.2099593298337,-1908.2099593298337,-2059.215123750017,-2059.215123750017,-2059.215123750017,151.00516442018366,151.00516442018366,151.00516442018366,0,0,0,-2458.9409358244366,2992.8571423000117,2258.9178065701785,2258.9178065701785,350.7078472403448
2023-10-09T00:00:00Z,2259.2315042979367,382.60473799467377,382.60473799467377,382.60473799467377,207.10923604224774,207.10923604224774,207.10923604224774,175.495501952426,175.495501952426,175.495501952426,0,0,0,58.10017335783181,5311.1213514152905,2259.2315042979367,2259.2315042979367,2641.83624229261
2023-10-10T00:00:00Z,2259.545202025694,984.1192102517396,984.1192102517396,984.1192102517396,788.4207419728906,788.4207419728906,788.4207419728906,195.69846827884942,195.69846827884942,195.69846827884942,0,0,0,388.9035872797992,6047.932116434415,2259.545202025694,2259.545202025694,3243.6644122774333
2023-10-11T00:00:00Z,2259.8588997534516,961.9319905774167,961.9319905774167,961.9319905774167,750.5590710467322,750.5590710467322,750.5590710467322,211.37291953068458,211.37291953068458,211.37291953068458,0,0,0,496.9026908766711,5959.4167387753105,2259.8588997534516,2259.8588997534516,3221.7908903308685
2023-10-12T00:00:00Z,2260.1725974812093,1060.4754338519338,1060.4754338519338,1060.4754338519338,838.0716227724919,838.0716227724919,838.0716227724919,222.40381107944188,222.40381107944188,222.40381107944188,0,0,0,643.9541311508286,6060.7459130153,2260.1725974812093,2260.1725974812093,3320.648031333143
2023-10-13T00:00:00Z,2260.4862952089666,1104.5370488716705,1104.5370488716705,1104.5370488716705,875.7343040664274,875.7343040664274,875.7343040664274,228.8027448052432,228.8027448052432,228.8027448052432,0,0,0,672.9241081714333,6123.9603589683875,2260.4862952089666,2260.4862952089666,3365.023344080637
2023-10-14T00:00:00Z,2260.7999929367243,-1169.9748602704208,-1169.9748602704208,-1169.9748602704208,-1400.6798521549956,-1400.6798521549956,-1400.6798521549956,230.7049918845749,230.7049918845749,230.7049918845749,0,0,0,-1576.2197893824166,3768.2208815487775,2260.7999929367243,2260.7999929367243,1090.8251326663035
2023-10-15T00:00:00Z,2261.1136906644824,-1830.852027803416,-1830.852027803416,-1830.852027803416,-2059.2151237494936,-2059.2151237494936,-2059.2151237494936,228.36309594607755,228.36309594607755,228.36309594607755,0,0,0,-2571.8897151912574,3104.60959778286,2261.1136906644824,2261.1136906644824,430.2616628610665
2023-10-16T00:00:00Z,2261.4273883922397,429.24649537662816,429.24649537662816,429.24649537662816,207.10923604399616,207.10923604399616,207.10923604399616,222.13725933263188,222.13725933263188,222.13725933263188,0,0,0,-70.82968782046105,5392.849776528952,2261.4273883922397,2261.4273883922397,2690.6738837688677
2023-10-17T00:00:00Z,2261.7410861199974,1000.9035492788707,1000.9035492788707,1000.9035492788707,788.4207419726538,788.4207419726538,788.4207419726538,212.4828073062171,212.4828073062171,212.4828073062171,0,0,0,590.3363986896154,5863.337252711176,2261.7410861199974,2261.7410861199974,3262.644635398868
2023-10-18T00:00:00Z,2262.054783847755,950.4941796985319,950.4941796985319,950.4941796985319,750.5590710468573,750.5590710468573,750.5590710468573,199.93510865167468,199.93510865167468,199.93510865167468,0,0,0,327.01737329758004,5933.909876369795,2262.054783847755,2262.054783847755,3212.548963546287
2023-10-19T00:00:00Z,2262.3684815755128,1023.1640265913421,1023.1640265913421,1023.1640265913421,838.0716227713548,838.0716227713548,838.0716227713548,185.09240381998734,185.09240381998734,185.09240381998734,0,0,0,372.9111878123231,5929.806532073492,2262.3684815755128,2262.3684815755128,3285.5325081668548
2023-10-20T00:00:00Z,2262.6821793032705,1044.3313554503225,1044.3313554503225,1044.3313554503225,875.7343040663978,875.7343040663978,875.7343040663978,168.59705138392457,168.59705138392457,168.59705138392457,0,0,0,599.7306631746576,6188.23246179652,2262.6821793032705,2262.6821793032705,3307.013534753593
2023-10-21T00:00:00Z,2262.995877031028,-1249.564103790707,-1249.564103790707,-1249.564103790707,-1400.6798521546327,-1400.6798521546327,-1400.6798521546327,151.11574836392586,151.11574836392586,151.11574836392586,0,0,0,-1540.1346671443985,3720.9411948876946,2262.995877031028,2262.995877031028,1013.4317732403213
2023-10-22T00:00:00Z,2263.2666888676476,-1925.895815129035,-1925.895815129035,-1925.895815129035,-2059.2151237489697,-2059.2151237489697,-2059.2151237489697,133.3193086199349,133.3193086199349,133.3193086199349,0,0,0,-2586.848098353672,3207.4699853267393,2263.2666888676476,2263.2666888676476,337.37087373861254
2023-10-23T00:00:00Z,2263.537500704268,322.9718311381045,322.9718311381045,322.9718311381045,207.1092360457445,207.1092360457445,207.1092360457445,115.86259509236004,115.86259509236004,115.86259509236004,0,0,0,-440.1262275196652,5263.274603619032,2263.537500704268,2263.537500704268,2586.5093318423724
2023-10-24T00:00:00Z,2263.8083125408884,887.7859378391908,887.7859378391908,887.7859378391908,788.420741973225,788.420741973225,788.420741973225,99.36519586596613,99.36519586596613,99.36519586596613,0,0,0,413.0698505070685,5891.3728452701935,2263.8083125408884,2263.8083125408884,3151.5942503800793
2023-10-25T00:00:00Z,2264.0791243775084,834.952481980498,834.952481980498,834.952481980498,750.5590710469818,750.5590710469818,750.5590710469818,84.3934109335163,84.3934109335163,84.3934109335163,0,0,0,346.02178642795275,5743.671267935284,2264.0791243775084,2264.0791243775084,3099.0316063580062
2023-10-26T00:00:00Z,2264.349936214129,909.5156995800945,909.5156995800945,909.5156995800945,838.0716227711457,838.0716227711457,838.0716227711457,71.44407680894867,71.44407680894867,71.44407680894867,0,0,0,396.29931160676824,5727.574316135317,2264.349936214129,2264.349936214129,3173.865635794223
2023-10-27T00:00:00Z,2264.6207480507483,936.6650049573427,936.6650049573427,936.6650049573427,875.7343040649992,875.7343040649992,875.7343040649992,60.930700892343545,60.930700892343545,60.930700892343545,0,0,0,459.6363651016833,5991.23710288624,2264.6207480507483,2264.6207480507483,3201.285753008091
2023-10-28T00:00:00Z,2264.8915598873687,-1347.507543845521,-1347.507543845521,-1347.507543845521,-1400.6798521573603,-1400.6798521573603,-1400.6798521573603,53.172308311839316,53.172308311839316,53.172308311839316,0,0,0,-1705.7138119449044,3722.9799247597152,2264.8915598873687,2264.8915598873687,917.3840160418476
2023-10-29T00:00:00Z,2265.1623717239886,-2010.8298008889883,-2010.8298008889883,-2010.8298008889883,-2059.215123747031,-2059.215123747031,-2059.215123747031,48.385322858042706,48.385322858042706,48.385322858042706,0,0,0,-2712.030228898671,3199.972068724195,2265.1623717239886,2265.1623717239886,254.3325708350003
2023-10-30T00:00:00Z,2265.433183560609,253.7879489726968,253.7879489726968,253.7879489726968,207.10923604749271,207.10923604749271,207.10923604749271,46.67871292520408,46.67871292520408,46.67871292520408,0,0,0,-36.75461004709673,5109.544961552103,2265.433183560609,2265.433183560609,2519.221132533306
2023-10-31T00:00:00Z,2265.703995397229,836.4732777039806,836.4732777039806,836.4732777039806,788.4207419733832,788.4207419733832,788.4207419733832,48.0525357305974,48.0525357305974,48.0525357305974,0,0,0,356.1619091883232,5871.680832214178,2265.703995397229,2265.703995397229,3102.1772731012097
2023-11-01T00:00:00Z,2265.974807233849,802.9589823883006,802.9589823883006,802.9589823883006,750.5590710465214,750.5590710465214,750.5590710465214,52.39991134177933,52.39991134177933,52.39991134177933,0,0,0,213.88901495870618,5936.419908267204,2265.974807233849,2265.974807233849,3068.9337896221496
2023-11-02T00:00:00Z,2266.245619070469,897.5839779568578,897.5839779568578,897.5839779568578,838.0716227718593,838.0716227718593,838.0716227718593,59.51235518499843,59.51235518499843,59.51235518499843,0,0,0,403.7877910337235,6031.9963847513145,2266.245619070469,2266.245619070469,3163.8295970273266
2023-11-03T00:00:00Z,2266.516430907089,944.8226008238595,944.8226008238595,944.8226008238595,875.7343040636003,875.7343040636003,875.7343040636003,69.08829676025914,69.08829676025914,69.08829676025914,0,0,0,315.6489383680734,5820.045641691473,2266.516430907089,2266.516430907089,3211.3390317309486
2023-11-04T00:00:00Z,2266.787242743709,-1319.935335927128,-1319.935335927128,-1319.935335927128,-1400.6798521500943,-1400.6798521500943,-1400.6798521500943,80.74451622296634,80.74451622296634,80.74451622296634,0,0,0,-2021.9771627542661,3511.537315640155,2266.787242743709,2266.787242743709,946.851906816581
2023-11-05T00:00:00Z,2267.0580545803296,-1965.1849815889714,-1965.1849815889714,-1965.1849815889714,-2059.2151237525804,-2059.2151237525804,-2059.2151237525804,94.03014216360928,94.03014216360928,94.03014216360928,0,0,0,-2600.7079605539157,2979.9624485382533,2267.0580545803296,2267.0580545803296,301.8730729913582
2023-11-06T00:00:00Z,2267.3288664169495,315.5520119905736,315.5520119905736,315.5520119905736,207.10923604823654,207.10923604823654,207.10923604823654,108.44277594233705,108.44277594233705,108.44277594233705,0,0,0,-101.49469204026721,5414.0241856215325,2267.3288664169495,2267.3288664169495,2582.880878407523
2023-11-07T00:00:00Z,2267.5996782535694,911.8669846343242,911.8669846343242,911.8669846343242,788.420741972752,788.420741972752,788.420741972752,123.44624266157238,123.44624266157238,123.44624266157238,0,0,0,541.2568075827271,5944.296094885657,2267.5996782535694,2267.5996782535694,3179.4666628878936
2023-11-08T00:00:00Z,2267.87049009019,889.0484892991116,889.0484892991116,889.0484892991116,750.5590710466461,750.5590710466461,750.5590710466461,138.4894182524656,138.4894182524656,138.4894182524656,0,0,0,400.2543551575377,5842.6056939544815,2267.87049009019,2267.87049009019,3156.9189793893015
2023-11-09T00:00:00Z,2268.14130192681,991.0971705305435,991.0971705305435,991.0971705305435,838.0716227697998,838.0716227697998,838.0716227697998,153.0255477607437,153.0255477607437,153.0255477607437,0,0,0,407.74753325059197,5912.379993945466,2268.14130192681,2268.14130192681,3259.238472457353
2023-11-10T00:00:00Z,2268.41211376343,1042.2657568918676,1042.2657568918676,1042.2657568918676,875.7343040622015,875.7343040622015,875.7343040622015,166.53145282966608,166.53145282966608,166.53145282966608,0,0,0,643.6322813588132,6054.111627080768,2268.41211376343,2268.41211376343,3310.6778706552977
2023-11-11T00:00:00Z,2268.6829256000497,-1222.1538249887815,-1222.1538249887815,-1222.1538249887815,-1400.6798521528217,-1400.6798521528217,-1400.6798521528217,178.5260271640401,178.5260271640401,178.5260271640401,0,0,0,-1719.0423408067215,3643.9223024694484,2268.6829256000497,2268.6829256000497,1046.5291006112682
2023-11-12T00:00:00Z,2268.95373743667,-1870.6276862705995,-1870.6276862705995,-1870.6276862705995,-2059.215123750642,-2059.215123750642,-2059.215123750642,188.58743748004235,188.58743748004235,188.58743748004235,0,0,0,-2511.4692777755495,3023.4159230037826,2268.95373743667,2268.95373743667,398.32605116607056
2023-11-13T00:00:00Z,2269.22454927329,403.4777196855218,403.4777196855218,403.4777196855218,207.1092360499851,207.1092360499851,207.1092360499851,196.36848363553668,196.36848363553668,196.36848363553668,0,0,0,-162.77761737446514,5363.203829164897,2269.22454927329,2269.22454927329,2672.7022689588116
2023-11-14T00:00:00Z,2269.4953611099104,990.0303662720846,990.0303662720846,990.0303662720846,788.4207419729102,788.4207419729102,788.4207419729102,201.60962429917438,201.60962429917438,201.60962429917438,0,0,0,477.90013258768136,5849.301855075475,2269.4953611099104,2269.4953611099104,3259.5257273819952
2023-11-15T00:00:00Z,2269.7661729465303,954.708313252136,954.708313252136,954.708313252136,750.559071047036,750.559071047036,750.559071047036,204.1492422050999,204.1492422050999,204.1492422050999,0,0,0,392.43605918038816,6163.44727463378,2269.7661729465303,2269.7661729465303,3224.4744861986665
2023-11-16T00:00:00Z,2270.0369847831503,1042.002426582894,1042.002426582894,1042.002426582894,838.0716227705132,838.0716227705132,838.0716227705132,203.93080381238073,203.93080381238073,203.93080381238073,0,0,0,464.26718091225223,6123.122876055855,2270.0369847831503,2270.0369847831503,3312.039411366044
2023-11-17T00:00:00Z,2270.3077966197707,1076.7409638207184,1076.7409638207184,1076.7409638207184,875.734304062172,875.734304062172,875.734304062172,201.00665975854645,201.00665975854645,201.00665975854645,0,0,0,555.0020611415708,6368.181997065209,2270.3077966197707,2270.3077966197707,3347.048760440489
2023-11-18T00:00:00Z,2270.5786084563906,-1205.1415199423695,-1205.1415199423695,-1205.1415199423695,-1400.6798521524588,-1400.6798521524588,-1400.6798521524588,195.53833221008932,195.53833221008932,195.53833221008932,0,0,0,-1693.9483281239973,4121.215400722305,2270.5786084563906,2270.5786084563906,1065.437088514021
2023-11-19T00:00:00Z,2270.849420293011,-1871.4218835515312,-1871.4218835515312,-1871.4218835515312,-2059.2151237487033,-2059.2151237487033,-2059.2151237487033,187.79324019717234,187.79324019717234,187.79324019717234,0,0,0,-2240.860912351372,3213.8943147078553,2270.849420293011,2270.849420293011,399.4275367414798
2023-11-20T00:00:00Z,2271.120232129631,385.2471572509477,385.2471572509477,385.2471572509477,207.10923604336386,207.10923604336386,207.10923604336386,178.13792120758384,178.13792120758384,178.13792120758384,0,0,0,67.33098873985821,5498.018858650674,2271.120232129631,2271.120232129631,2656.3673893805785
2023-11-21T00:00:00Z,2271.3910439662513,955.4486555506168,955.4486555506168,955.4486555506168,788.4207419726737,788.4207419726737,788.4207419726737,167.02791357794294,167.02791357794294,167.02791357794294,0,0,0,553.0601103329984,6078.459729944485,2271.3910439662513,2271.3910439662513,3226.839699516868
2023-11-22T00:00:00Z,2271.661855802871,905.5536374760513,905.5536374760513,905.5536374760513,750.5590710468679,750.5590710468679,750.5590710468679,154.9945664291833,154.9945664291833,154.9945664291833,0,0,0,439.3997500219326,6022.9749116701905,2271.661855802871,2271.661855802871,3177.215493278922
2023-11-23T00:00:00Z,2271.9326676394912,980.7007617944508,980.7007617944508,980.7007617944508,838.0716227703042,838.0716227703042,838.0716227703042,142.62913902414655,142.62913902414655,142.62913902414655,0,0,0,586.2788283356509,6055.995895015662,2271.9326676394912,2271.9326676394912,3252.633429433942
2023-11-24T00:00:00Z,2272.203479476111,1006.2989407070168,1006.2989407070168,1006.2989407070168,875.734304059404,875.734304059404,875.734304059404,130.5646366476127,130.5646366476127,130.5646366476127,0,0,0,622.7997741205388,6300.496570207406,2272.203479476111,2272.203479476111,3278.502420183128
2023-11-25T00:00:00Z,2272.4742913127316,-1281.223949297289,-1281.223949297289,-1281.223949297289,-1400.6798521551862,-1400.6798521551862,-1400.6798521551862,119.45590285789712,119.45590285789712,119.45590285789712,0,0,0,-1761.9721872752577,3740.9169366244532,2272.4742913127316,2272.4742913127316,991.2503420154426
2023-11-26T00:00:00Z,2272.745103149351,-1949.2565777265322,-1949.2565777265322,-1949.2565777265322,-2059.2151237495946,-2059.2151237495946,-2059.2151237495946,109.95854602306214,109.95854602306214,109.95854602306214,0,0,0,-2438.6827850456652,2910.884618988114,2272.745103149351,2272.745103149351,323.48852542281884
2023-11-27T00:00:00Z,2273.0159149859714,309.81655568986685,309.81655568986685,309.81655568986685,207.10923604511217,207.10923604511217,207.10923604511217,102.70731964475463,102.70731964475463,102.70731964475463,0,0,0,-194.9138047073343,5203.251065629454,2273.0159149859714,2273.0159149859714,2582.8324706758385
2023-11-28T00:00:00Z,2273.2867268225914,886.7153417155963,886.7153417155963,886.7153417155963,788.4207419728323,788.4207419728323,788.4207419728323,98.29459974276405,98.29459974276405,98.29459974276405,0,0,0,539.0751743160465,5900.110109996643,2273.2867268225914,2273.2867268225914,3160.002068538188
2023-11-29T00:00:00Z,2273.557538659212,847.8086787742044,847.8086787742044,847.8086787742044,750.5590710467004,750.5590710467004,750.5590710467004,97.249607727504,97.249607727504,97.249607727504,0,0,0,4.819947042909737,5811.458483331103,2273.557538659212,2273.557538659212,3121.3662174334163
2023-11-30T00:00:00Z,2273.828350495832,938.0906361908529,938.0906361908529,938.0906361908529,838.0716227700956,838.0716227700956,838.0716227700956,100.0190134207575,100.0190134207575,100.0190134207575,0,0,0,628.0836256640987,6246.099808961727,2273.828350495832,2273.828350495832,3211.918986686685
2023-12-01T00:00:00Z,2274.099162332452,982.6838245366547,982.6838245366547,982.6838245366547,875.7343040653614,875.7343040653614,875.7343040653614,106.94952047129331,106.94952047129331,106.94952047129331,0,0,0,404.7799196091642,5950.741020476264,2274.099162332452,2274.099162332452,3256.782986869107
2023-12-02T00:00:00Z,2274.369974169072,-1282.406865987237,-1282.406865987237,-1282.406865987237,-1400.6798521479204,-1400.6798521479204,-1400.6798521479204,118.27298616068325,118.27298616068325,118.27298616068325,0,0,0,-1860.766567824464,3643.7525992316987,2274.369974169072,2274.369974169072,991.963108181835
2023-12-03T00:00:00Z,2274.640786005692,-1925.120562937962,-1925.120562937962,-1925.120562937962,-2059.215123747656,-2059.215123747656,-2059.215123747656,134.09456080969406,134.09456080969406,134.09456080969406,0,0,0,-2323.6229080400058,3110.849851512348,2274.640786005692,2274.640786005692,349.52022306773006
2023-12-04T00:00:00Z,2274.9115978423124,361.49348655935955,361.49348655935955,361.49348655935955,207.1092360458561,207.1092360458561,207.1092360458561,154.38425051350336,154.38425051350336,154.38425051350336,0,0,0,-149.8325601521019,5326.955267043671,2274.9115978423124,2274.9115978423124,2636.405084401672
2023-12-05T00:00:00Z,2275.1824096789323,967.3929549473817,967.3929549473817,967.3929549473817,788.4207419722009,788.4207419722009,788.4207419722009,178.97221297518078,178.97221297518078,178.97221297518078,0,0,0,396.23758842751863,5882.701047415325,2275.1824096789323,2275.1824096789323,3242.575364626314
2023-12-06T00:00:00Z,2275.4532215155527,958.1070634509883,958.1070634509883,958.1070634509883,750.5590710473829,750.5590710473829,750.5590710473829,207.5479924036055,207.5479924036055,207.5479924036055,0,0,0,483.3248051315412,5907.455340768113,2275.4532215155527,2275.4532215155527,3233.560284966541
2023-12-07T00:00:00Z,2275.7240333521722,1077.7354114718948,1077.7354114718948,1077.7354114718948,838.0716227717313,838.0716227717313,838.0716227717313,239.6637887001638,239.6637887001638,239.6637887001638,0,0,0,745.0774085843697,6200.986399421569,2275.7240333521722,2275.7240333521722,3353.459444824067
2023-12-08T00:00:00Z,2275.9948451887926,1150.476045678476,1150.476045678476,1150.476045678476,875.7343040639627,875.7343040639627,875.7343040639627,274.74174161451367,274.74174161451367,274.74174161451367,0,0,0,543.235085472853,6073.066710121363,2275.9948451887926,2275.9948451887926,3426.4708908672687
2023-12-09T00:00:00Z,2276.2656570254126,-1088.59475669228,-1088.59475669228,-1088.59475669228,-1400.6798521491023,-1400.6798521491023,-1400.6798521491023,312.08509545682244,312.08509545682244,312.08509545682244,0,0,0,-1473.950853618948,4003.361199743898,2276.2656570254126,2276.2656570254126,1187.6709003331325
2023-12-10T00:00:00Z,2276.536468862033,-1708.3221261360152,-1708.3221261360152,-1708.3221261360152,-2059.215123747132,-2059.215123747132,-2059.215123747132,350.89299761111715,350.89299761111715,350.89299761111715,0,0,0,-2178.471879066504,3324.2460674166537,2276.536468862033,2276.536468862033,568.2143427260178
2023-12-11T00:00:00Z,2276.8072806986534,597.3878137713075,597.3878137713075,597.3878137713075,207.1092360486087,207.1092360486087,207.1092360486087,390.27857772269874,390.27857772269874,390.27857772269874,0,0,0,236.5555661805333,5561.9530167177945,2276.8072806986534,2276.8072806986534,2874.195094469961
2023-12-12T00:00:00Z,2277.078092535273,1217.7105990964787,1217.7105990964787,1217.7105990964787,788.4207419731666,788.4207419731666,788.4207419731666,429.28985712331234,429.28985712331234,429.28985712331234,0,0,0,713.0291092614332,6033.999920498264,2277.078092535273,2277.078092535273,3494.7886916317516
2023-12-13T00:00:00Z,2277.3489043718932,1217.492023682403,1217.492023682403,1217.492023682403,750.5590710469221,750.5590710469221,750.5590710469221,466.93295263548123,466.93295263548123,466.93295263548123,0,0,0,561.1584154749382,6403.66163844406,2277.3489043718932,2277.3489043718932,3494.8409280542965
2023-12-14T00:00:00Z,2277.619716208513,1340.2685906549918,1340.2685906549918,1340.2685906549918,838.0716227715222,838.0716227715222,838.0716227715222,502.19696788346965,502.19696788346965,502.19696788346965,0,0,0,777.198686311345,6181.254559284736,2277.619716208513,2277.619716208513,3617.888306863505
2023-12-15T00:00:00Z,2277.8905280451336,1409.8142148020925,1409.8142148020925,1409.8142148020925,875.7343040625639,875.7343040625639,875.7343040625639,534.0799107395284,534.0799107395284,534.0799107395284,0,0,0,1007.2000240132955,6614.24337735947,2277.8905280451336,2277.8905280451336,3687.704742847226
2023-12-16T00:00:00Z,2278.136944897417,-839.0649129392433,-839.0649129392433,-839.0649129392433,-1400.6798521502847,-1400.6798521502847,-1400.6798521502847,561.6149392110414,561.6149392110414,561.6149392110414,0,0,0,-1486.9085018689568,4028.8755807097864,2278.136944897417,2278.136944897417,1439.0720319581737
2023-12-17T00:00:00Z,2278.383361749701,-1475.3189026785806,-1475.3189026785806,-1475.3189026785806,-2059.215123749852,-2059.215123749852,-2059.215123749852,583.8962210712713,583.8962210712713,583.8962210712713,0,0,0,-1646.8421422518754,3599.741383630336,2278.383361749701,2278.383361749701,803.0644590711206
2023-12-18T00:00:00Z,2278.629778601985,807.2129315023947,807.2129315023947,807.2129315023947,207.10923604935275,207.10923604935275,207.10923604935275,600.1036954530418,600.1036954530418,600.1036954530418,0,0,0,214.20969803825068,5784.474901895995,2278.629778601985,2278.629778601985,3085.84271010438
2023-12-19T00:00:00Z,2278.8761954542692,1397.946789481402,1397.946789481402,1397.946789481402,788.4207419729302,788.4207419729302,788.4207419729302,609.526047508472,609.526047508472,609.526047508472,0,0,0,697.6087380943577,6394.772094483417,2278.8761954542692,2278.8761954542692,3676.8229849356712
2023-12-20T00:00:00Z,2279.122612306553,1362.1403206000903,1362.1403206000903,1362.1403206000903,750.559071047047,750.559071047047,750.559071047047,611.5812495530433,611.5812495530433,611.5812495530433,0,0,0,853.0891220951878,6542.375628941031,2279.122612306553,2279.122612306553,3641.262932906643
2023-12-21T00:00:00Z,2279.3690291588364,1443.905705567506,1443.905705567506,1443.905705567506,838.0716227722359,838.0716227722359,838.0716227722359,605.8340827952701,605.8340827952701,605.8340827952701,0,0,0,1146.7991210766922,6597.773501079096,2279.3690291588364,2279.3690291588364,3723.274734726342
2023-12-22T00:00:00Z,2279.6154460111206,1467.744435240003,1467.744435240003,1467.744435240003,875.7343040611651,875.7343040611651,875.7343040611651,592.0101311788379,592.0101311788379,592.0101311788379,0,0,0,827.5584851762078,6343.392422965176,2279.6154460111206,2279.6154460111206,3747.3598812511236
2023-12-23T00:00:00Z,2279.8618628634044,-830.6740211763012,-830.6740211763012,-830.6740211763012,-1400.679852153012,-1400.679852153012,-1400.679852153012,570.005830976711,570.005830976711,570.005830976711,0,0,0,-1492.2242213677048,4200.961281081659,2279.8618628634044,2279.8618628634044,1449.1878416871032
2023-12-24T00:00:00Z,2280.1082797156887,-1519.3208597056246,-1519.3208597056246,-1519.3208597056246,-2059.215123750743,-2059.215123750743,-2059.215123750743,539.8942640451183,539.8942640451183,539.8942640451183,0,0,0,-1951.2153674878975,3383.0212205085354,2280.1082797156887,2280.1082797156887,760.7874200100641
2023-12-25T00:00:00Z,2280.354696567972,709.0357322783301,709.0357322783301,709.0357322783301,207.1092360500967,207.1092360500967,207.1092360500967,501.92649622823336,501.92649622823336,501.92649622823336,0,0,0,381.5753127860044,5789.480048883752,2280.354696567972,2280.354696567972,2989.3904288463023
2023-12-26T00:00:00Z,2280.6011134202563,1244.9491241335372,1244.9491241335372,1244.9491241335372,788.4207419726937,788.4207419726937,788.4207419726937,456.5283821608438,456.5283821608438,456.5283821608438,0,0,0,669.6412601686436,6415.499311180331,2280.6011134202563,2280.6011134202563,3525.5502375537935
2023-12-27T00:00:00Z,2280.84753027254,1154.8519513763792,1154.8519513763792,1154.8519513763792,750.559071046879,750.559071046879,750.559071046879,404.29288032950024,404.29288032950024,404.29288032950024,0,0,0,698.1126022692833,6243.480684293707,2280.84753027254,2280.84753027254,3435.6994816489196
2023-12-28T00:00:00Z,2281.093947124824,1184.0396670939413,1184.0396670939413,1184.0396670939413,838.0716227701764,838.0716227701764,838.0716227701764,345.9680443237646,345.9680443237646,345.9680443237646,0,0,0,803.6341214479971,6562.064100091356,2281.093947124824,2281.093947124824,3465.133614218765
2023-12-29T00:00:00Z,2281.3403639771077,1158.175278375908,1158.175278375908,1158.175278375908,875.7343040611355,875.7343040611355,875.7343040611355,282.4409743147724,282.4409743147724,282.4409743147724,0,0,0,801.5706601426366,6154.47131161565,2281.3403639771077,2281.3403639771077,3439.5156423530157
2023-12-30T00:00:00Z,2281.5867808293915,-1185.961728493834,-1185.961728493834,-1185.961728493834,-1400.6798521526491,-1400.6798521526491,-1400.6798521526491,214.71812365881522,214.71812365881522,214.71812365881522,0,0,0,-1786.60931255661,4018.634008862496,2281.5867808293915,2281.5867808293915,1095.6250523355575
2023-12-31T00:00:00Z,2281.8331976816758,-1915.3126677423936,-1915.3126677423936,-1915.3126677423936,-2059.215123748804,-2059.215123748804,-2059.215123748804,143.902456006411,143.902456006411,143.902456006411,0,0,0,-2355.550844726172,3033.193269673752,2281.8331976816758,2281.8331976816758,366.52052993928214
2024-01-01T00:00:00Z,2282.0796145339596,278.27727165225764,278.27727165225764,278.27727165225764,207.10923605284918,207.10923605284918,207.10923605284918,71.16803559940841,71.16803559940841,71.16803559940841,0,0,0,-336.3561171203644,5478.246503590067,2282.0796145339596,2282.0796145339596,2560.3568861862173
2024-01-02T00:00:00Z,2282.3260313862434,786.1534470437815,786.1534470437815,786.1534470437815,788.4207419732645,788.4207419732645,788.4207419732645,-2.2672949294829543,-2.2672949294829543,-2.2672949294829543,0,0,0,394.39169418184963,5587.558610982873,2282.3260313862434,2282.3260313862434,3068.4794784300248
2024-01-03T00:00:00Z,2282.572448238527,675.3886300646973,675.3886300646973,675.3886300646973,750.5590710470038,750.5590710470038,750.5590710470038,-75.17044098230674,-75.17044098230674,-75.17044098230674,0,0,0,202.84586232687133,5751.819264597291,2282.572448238527,2282.572448238527,2957.9610783032244
2024-01-04T00:00:00Z,2282.818865090811,691.7495791180853,691.7495791180853,691.7495791180853,838.0716227708897,838.0716227708897,838.0716227708897,-146.3220436528044,-146.3220436528044,-146.3220436528044,0,0,0,315.45860098890836,5792.1357214457585,2282.818865090811,2282.818865090811,2974.5684442088964
2024-01-05T00:00:00Z,2283.065281943095,661.189132941648,661.189132941648,661.189132941648,875.7343040670931,875.7343040670931,875.7343040670931,-214.54517112544514,-214.54517112544514,-214.54517112544514,0,0,0,403.86872003248584,5778.574965417879,2283.065281943095,2283.065281943095,2944.2544148847433
2024-01-06T00:00:00Z,2283.3116987953786,-1679.4128146612331,-1679.4128146612331,-1679.4128146612331,-1400.6798521553767,-1400.6798521553767,-1400.6798521553767,-278.73296250585656,-278.73296250585656,-278.73296250585656,0,0,0,-2092.1562766608204,3455.691181419471,2283.3116987953786,2283.3116987953786,603.8988841341454
2024-01-07T00:00:00Z,2283.558115647663,-2397.0896232343557,-2397.0896232343557,-2397.0896232343557,-2059.215123748281,-2059.215123748281,-2059.215123748281,-337.87449948607457,-337.87449948607457,-337.87449948607457,0,0,0,-2714.6004573754126,2690.0376222530367,2283.558115647663,2283.558115647663,-113.5315075866929
2024-01-08T00:00:00Z,2283.8045324999466,-183.96899174394477,-183.96899174394477,-183.96899174394477,207.10923604522392,207.10923604522392,207.10923604522392,-391.07822778916864,-391.07822778916864,-391.07822778916864,0,0,0,-673.7259808797827,4744.378275339205,2283.8045324999466,2283.8045324999466,2099.835540756002
2024-01-09T00:00:00Z,2284.050949352231,350.82842653616217,350.82842653616217,350.82842653616217,788.420741973423,788.420741973423,788.420741973423,-437.59231543726065,-437.59231543726065,-437.59231543726065,0,0,0,-23.966139585303313,5492.699235616104,2284.050949352231,2284.050949352231,2634.879375888393
2024-01-10T00:00:00Z,2284.297366204514,273.7376542788333,273.7376542788333,273.7376542788333,750.5590710465431,750.5590710465431,750.5590710465431,-476.82141676770976,-476.82141676770976,-476.82141676770976,0,0,0,-194.96207029711772,5365.71134151995,2284.297366204514,2284.297366204514,2558.0350204833476
2024-01-11T00:00:00Z,2284.543783056798,329.7322152406077,329.7322152406077,329.7322152406077,838.071622770681,838.071622770681,838.071622770681,-508.3394075300731,-508.3394075300731,-508.3394075300731,0,0,0,-153.71149660399325,5283.907951566958,2284.543783056798,2284.543783056798,2614.2759982974057
2024-01-12T00:00:00Z,2284.7901999090823,343.8365393972407,343.8365393972407,343.8365393972407,875.7343040643251,875.7343040643251,875.7343040643251,-531.8977646670845,-531.8977646670845,-531.8977646670845,0,0,0,-127.56844068007042,5422.376429231015,2284.7901999090823,2284.7901999090823,2628.626739306323
2024-01-13T00:00:00Z,2285.036616761366,-1948.1092336899337,-1948.1092336899337,-1948.1092336899337,-1400.6798521481105,-1400.6798521481105,-1400.6798521481105,-547.4293815418233,-547.4293815418233,-547.4293815418233,0,0,0,-2467.148053504207,2989.2587532177845,2285.036616761366,2285.036616761366,336.92738307143236
2024-01-14T00:00:00Z,2285.2830336136503,-2614.2628559127324,-2614.2628559127324,-2614.2628559127324,-2059.215123747757,-2059.215123747757,-2059.215123747757,-555.047732164976,-555.047732164976,-555.047732164976,0,0,0,-3123.5738501666033,2556.571036200407,2285.2830336136503,2285.2830336136503,-328.9798222990821
2024-01-15T00:00:00Z,2285.5294504659337,-347.93218698269476,-347.93218698269476,-347.93218698269476,207.109236046972,207.109236046972,207.109236046972,-555.0414230296668,-555.0414230296668,-555.0414230296668,0,0,0,-823.5224880997157,4486.2532192172275,2285.5294504659337,2285.5294504659337,1937.597263483239
2024-01-16T00:00:00Z,2285.775867318218,240.55644697139945,240.55644697139945,240.55644697139945,788.4207419727916,788.4207419727916,788.4207419727916,-547.8642950013922,-547.8642950013922,-547.8642950013922,0,0,0,-361.92485884565144,5226.468980032342,2285.775867318218,2285.775867318218,2526.3323142896174
2024-01-17T00:00:00Z,2286.0222841705017,216.4377141036339,216.4377141036339,216.4377141036339,750.559071046668,750.559071046668,750.559071046668,-534.121356943034,-534.121356943034,-534.121356943034,0,0,0,-289.07965868691974,5290.252779965578,2286.0222841705017,2286.0222841705017,2502.4599982741356
2024-01-18T00:00:00Z,2286.2687010227855,323.5206786997408,323.5206786997408,323.5206786997408,838.0716227723167,838.0716227723167,838.0716227723167,-514.5509440725758,-514.5509440725758,-514.5509440725758,0,0,0,-454.87170364413356,5496.321372421971,2286.2687010227855,2286.2687010227855,2609.7893797225265
2024-01-19T00:00:00Z,2286.5151178750693,385.7307096488037,385.7307096488037,385.7307096488037,875.7343040642957,875.7343040642957,875.7343040642957,-490.00359441549193,-490.00359441549193,-490.00359441549193,0,0,0,-111.9844914216465,5441.638422196431,2286.5151178750693,2286.5151178750693,2672.2458275238732
2024-01-20T00:00:00Z,2286.761534727353,-1862.09807550126,-1862.09807550126,-1862.09807550126,-1400.6798521508379,-1400.6798521508379,-1400.6798521508379,-461.418223350422,-461.418223350422,-461.418223350422,0,0,0,-2475.230117948801,3265.437600830155,2286.761534727353,2286.761534727353,424.6634592260932
2024-01-21T00:00:00Z,2287.0079515796374,-2489.011370565586,-2489.011370565586,-2489.011370565586,-2059.2151237472335,-2059.2151237472335,-2059.2151237472335,-429.7962468183534,-429.7962468183534,-429.7962468183534,0,0,0,-3012.622741435769,2490.33542803813,2287.0079515796374,2287.0079515796374,-202.00341898594843
2024-01-22T00:00:00Z,2287.254368431921,-189.06512028495757,-189.06512028495757,-189.06512028495757,207.1092360477162,207.1092360477162,207.1092360477162,-396.1743563326736,-396.1743563326736,-396.1743563326736,0,0,0,-715.0480389825384,4811.495893636634,2287.254368431921,2287.254368431921,2098.1892481469636
2024-01-23T00:00:00Z,2287.500785284205,426.8240598669153,426.8240598669153,426.8240598669153,788.42074197295,788.42074197295,788.42074197295,-361.5966821060347,-361.5966821060347,-361.5966821060347,0,0,0,12.205990979020322,5633.801308487649,2287.500785284205,2287.500785284205,2714.3248451511204
2024-01-24T00:00:00Z,2287.747202136489,423.4719775226749,423.4719775226749,423.4719775226749,750.5590710470581,750.5590710470581,750.5590710470581,-327.0870935243831,-327.0870935243831,-327.0870935243831,0,0,0,43.11909148440819,5597.867548188472,2287.747202136489,2287.747202136489,2711.2191796591637
2024-01-25T00:00:00Z,2287.9936189887726,544.449244215372,544.449244215372,544.449244215372,838.0716227721076,838.0716227721076,838.0716227721076,-293.62237855673584,-293.62237855673584,-293.62237855673584,0,0,0,129.7225864301596,5566.856595771518,2287.9936189887726,2287.9936189887726,2832.4428632041445
2024-01-26T00:00:00Z,2288.240035841057,613.6272882948529,613.6272882948529,613.6272882948529,875.7343040628967,875.7343040628967,875.7343040628967,-262.1070157680439,-262.1070157680439,-262.1070157680439,0,0,0,110.02594894342317,5555.153022983553,2288.240035841057,2288.240035841057,2901.8673241359097
2024-01-27T00:00:00Z,2288.48645269334,-1634.0300574000844,-1634.0300574000844,-1634.0300574000844,-1400.6798521504752,-1400.6798521504752,-1400.6798521504752,-233.3502052496091,-233.3502052496091,-233.3502052496091,0,0,0,-2117.7055037781083,3372.255920665092,2288.48645269334,2288.48645269334,654.4563952932558
2024-01-28T00:00:00Z,2288.7328695456245,-2267.260883110026,-2267.260883110026,-2267.260883110026,-2059.2151237452945,-2059.2151237452945,-2059.2151237452945,-208.0457593647317,-208.0457593647317,-208.0457593647317,0,0,0,-2910.863299015773,2811.245943363363,2288.7328695456245,2288.7328695456245,21.47198643559841
2024-01-29T00:00:00Z,2288.9792863979083,20.353863412910066,20.353863412910066,20.353863412910066,207.10923604209918,207.10923604209918,207.10923604209918,-186.7553726291892,-186.7553726291892,-186.7553726291892,0,0,0,-403.40806041936423,5020.234087954189,2288.9792863979083,2288.9792863979083,2309.333149810818
2024-01-30T00:00:00Z,2289.2257032501925,618.525047363761,618.525047363761,618.525047363761,788.4207419731083,788.4207419731083,788.4207419731083,-169.8956946093473,-169.8956946093473,-169.8956946093473,0,0,0,352.44473779752565,5809.049246070206,2289.2257032501925,2289.2257032501925,2907.7507506139536
2024-01-31T00:00:00Z,2289.472120102476,592.829547898251,592.829547898251,592.829547898251,750.55907104689,750.55907104689,750.55907104689,-157.72952314863898,-157.72952314863898,-157.72952314863898,0,0,0,168.48210771855207,5359.248665222592,2289.472120102476,2289.472120102476,2882.3016680007267
2024-02-01T00:00:00Z,2289.7185369547597,687.7103022544946,687.7103022544946,687.7103022544946,838.0716227700482,838.0716227700482,838.0716227700482,-150.36132051555367,-150.36132051555367,-150.36132051555367,0,0,0,244.7165087569812,5841.525144266598,2289.7185369547597,2289.7185369547597,2977.4288392092544
2024-02-02T00:00:00Z,2289.964953807044,727.9971686263762,727.9971686263762,727.9971686263762,875.7343040614979,875.7343040614979,875.7343040614979,-147.73713543512176,-147.73713543512176,-147.73713543512176,0,0,0,325.7596722406655,5946.419811355079,2289.964953807044,2289.964953807044,3017.96212243342
2024-02-03T00:00:00Z,2290.2113706593277,-1550.3287449067668,-1550.3287449067668,-1550.3287449067668,-1400.6798521532023,-1400.6798521532023,-1400.6798521532023,-149.6488927535647,-149.6488927535647,-149.6488927535647,0,0,0,-2190.3498241743177,3346.5810967867264,2290.2113706593277,2290.2113706593277,739.8826257525609
2024-02-04T00:00:00Z,2290.4577875116115,-2214.9580168271746,-2214.9580168271746,-2214.9580168271746,-2059.2151237508438,-2059.2151237508438,-2059.2151237508438,-155.74289307633057,-155.74289307633057,-155.74289307633057,0,0,0,-2721.390112408431,2850.2430913815256,2290.4577875116115,2290.4577875116115,75.49977068443695
2024-02-05T00:00:00Z,2290.7042043638953,41.57698563176195,41.57698563176195,41.57698563176195,207.10923604284338,207.10923604284338,207.10923604284338,-165.53225041108138,-165.53225041108138,-165.53225041108138,0,0,0,-322.10594873291654,5244.557024059217,2290.7042043638953,2290.7042043638953,2332.2811899956573
2024-02-06T00:00:00Z,2290.9506212161796,610.0078521781596,610.0078521781596,610.0078521781596,788.4207419724768,788.4207419724768,788.4207419724768,-178.41288979431727,-178.41288979431727,-178.41288979431727,0,0,0,123.56022654863767,5698.82338002157,2290.9506212161796,2290.9506212161796,2900.9584733943393
2024-02-07T00:00:00Z,2291.1970380684634,556.8764390627139,556.8764390627139,556.8764390627139,750.5590710467219,750.5590710467219,750.5590710467219,-193.68263198400794,-193.68263198400794,-193.68263198400794,0,0,0,70.09278515344498,5722.003339221533,2291.1970380684634,2291.1970380684634,2848.0734771311772
2024-02-08T00:00:00Z,2291.4432631341847,627.5088116378117,627.5088116378117,627.5088116378117,838.0716227698393,838.0716227698393,838.0716227698393,-210.56281113202766,-210.56281113202766,-210.56281113202766,0,0,0,199.4691626151934,5566.534641878727,2291.4432631341847,2291.4432631341847,2918.952074771996
2024-02-09T00:00:00Z,2291.689488199905,647.5124979720746,647.5124979720746,647.5124979720746,875.7343040660862,875.7343040660862,875.7343040660862,-228.22180609401164,-228.22180609401164,-228.22180609401164,0,0,0,298.5270113285565,5785.101307183972,2291.689488199905,2291.689488199905,2939.2019861719796
2024-02-10T00:00:00Z,2291.9357132656264,-1646.4796705546878,-1646.4796705546878,-1646.4796705546878,-1400.6798521559297,-1400.6798521559297,-1400.6798521559297,-245.799818398758,-245.799818398758,-245.799818398758,0,0,0,-2194.8519311814025,3557.0400173843623,2291.9357132656264,2291.9357132656264,645.4560427109386
2024-02-11T00:00:00Z,2292.1819383313473,-2321.6493248602783,-2321.6493248602783,-2321.6493248602783,-2059.2151237489056,-2059.2151237489056,-2059.2151237489056,-262.43420111137294,-262.43420111137294,-262.43420111137294,0,0,0,-2809.06295704943,2673.505431956658,2292.1819383313473,2292.1819383313473,-29.467386528931
2024-02-12T00:00:00Z,2292.428163397068,-70.17539750329925,-70.17539750329925,-70.17539750329925,207.10923604459146,207.10923604459146,207.10923604459146,-277.2846335478906,-277.2846335478906,-277.2846335478906,0,0,0,-458.18065445574814,4969.70515691096,2292.428163397068,2292.428163397068,2222.252765893769
2024-02-13T00:00:00Z,2292.674388462789,498.86329479389525,498.86329479389525,498.86329479389525,788.4207419726355,788.4207419726355,788.4207419726355,-289.5574471787401,-289.5574471787401,-289.5574471787401,0,0,0,76.59139744724426,5539.434175904411,2292.674388462789,2292.674388462789,2791.5376832566844
2024-02-14T00:00:00Z,2292.92061352851,452.03063339795455,452.03063339795455,452.03063339795455,750.5590710468468,750.5590710468468,750.5590710468468,-298.5284376488924,-298.5284376488924,-298.5284376488924,0,0,0,91.3216483292734,5568.9556036442045,2292.92061352851,2292.92061352851,2744.9512469264646
2024-02-15T00:00:00Z,2293.166838594231,534.5080770750943,534.5080770750943,534.5080770750943,838.0716227714751,838.0716227714751,838.0716227714751,-303.56354569638086,-303.56354569638086,-303.56354569638086,0,0,0,-95.80057500257257,5709.541087980665,2293.166838594231,2293.166838594231,2827.6749156693254
2024-02-16T00:00:00Z,2293.413063659952,571.59744968351,571.59744968351,571.59744968351,875.7343040660567,875.7343040660567,875.7343040660567,-304.13685438254663,-304.13685438254663,-304.13685438254663,0,0,0,84.24659153938775,5518.135292114529,2293.413063659952,2293.413063659952,2865.010513343462
2024-02-17T00:00:00Z,2293.6592887256725,-1700.5252816921793,-1700.5252816921793,-1700.5252816921793,-1400.6798521555672,-1400.6798521555672,-1400.6798521555672,-299.8454295366124,-299.8454295366124,-299.8454295366124,0,0,0,-2253.9036613289595,3512.094141390005,2293.6592887256725,2293.6592887256725,593.1340070334932
2024-02-18T00:00:00Z,2293.905513791394,-2349.6357460539166,-2349.6357460539166,-2349.6357460539166,-2059.2151237483818,-2059.2151237483818,-2059.2151237483818,-290.4206223055347,-290.4206223055347,-290.4206223055347,0,0,0,-2943.366360330325,2668.5268654164156,2293.905513791394,2293.905513791394,-55.730232262522804
2024-02-19T00:00:00Z,2294.1517388571147,-68.62631848811336,-68.62631848811336,-68.62631848811336,207.10923604633982,207.10923604633982,207.10923604633982,-275.7355545344531,-275.7355545344531,-275.7355545344531,0,0,0,-417.5177164454011,4994.80389712409,2294.1517388571147,2294.1517388571147,2225.5254203690015
2024-02-20T00:00:00Z,2294.397963922836,532.6121255536018,532.6121255536018,532.6121255536018,788.4207419732064,788.4207419732064,788.4207419732064,-255.8086164196046,-255.8086164196046,-255.8086164196046,0,0,0,217.53468932472194,5661.416937178012,2294.397963922836,2294.397963922836,2827.0100894764378
2024-02-21T00:00:00Z,2294.644188988557,519.7561526494651,519.7561526494651,519.7561526494651,750.5590710463862,750.5590710463862,750.5590710463862,-230.8029183969211,-230.8029183969211,-230.8029183969211,0,0,0,282.3539922906012,5525.575822754743,2294.644188988557,2294.644188988557,2814.400341638022
2024-02-22T00:00:00Z,2294.8904140542777,637.0498704419986,637.0498704419986,637.0498704419986,838.0716227712663,838.0716227712663,838.0716227712663,-201.02175232926774,-201.02175232926774,-201.02175232926774,0,0,0,30.740147038133,5685.730756581049,2294.8904140542777,2294.8904140542777,2931.940284496276
2024-02-23T00:00:00Z,2295.1366391199986,708.8340764904132,708.8340764904132,708.8340764904132,875.7343040632887,875.7343040632887,875.7343040632887,-166.9002275728756,-166.9002275728756,-166.9002275728756,0,0,0,329.8155478206527,5707.764290773198,2295.1366391199986,2295.1366391199986,3003.970715610412
2024-02-24T00:00:00Z,2295.3828641857194,-1529.6732044940832,-1529.6732044940832,-1529.6732044940832,-1400.6798521582941,-1400.6798521582941,-1400.6798521582941,-128.99335233578887,-128.99335233578887,-128.99335233578887,0,0,0,-2151.114211798999,3491.876598542548,2295.3828641857194,2295.3828641857194,765.7096596916363
2024-02-25T00:00:00Z,2295.6290892514407,-2147.176050733798,-2147.176050733798,-2147.176050733798,-2059.215123751101,-2059.215123751101,-2059.215123751101,-87.96092698269663,-87.96092698269663,-87.96092698269663,0,0,0,-2626.452502690857,2923.285983851325,2295.6290892514407,2295.6290892514407,148.45303851764265
2024-02-26T00:00:00Z,2295.875314317161,162.55953508604145,162.55953508604145,162.55953508604145,207.109236048088,207.109236048088,207.109236048088,-44.54970096204665,-44.54970096204665,-44.54970096204665,0,0,0,-319.0361014348354,5277.8583350832,2295.875314317161,2295.875314317161,2458.4348494032024
2024-02-27T00:00:00Z,2296.1215393828825,788.8474254551352,788.8474254551352,788.8474254551352,788.4207419733644,788.4207419733644,788.4207419733644,0.4266834817707087,0.4266834817707087,0.4266834817707087,0,0,0,251.90579226119408,5808.1211634008505,2296.1215393828825,2296.1215393828825,3084.9689648380177
2024-02-28T00:00:00Z,2296.3677644486033,796.6684526210265,796.6684526210265,796.6684526210265,750.5590710470688,750.5590710470688,750.5590710470688,46.109381573957684,46.109381573957684,46.109381573957684,0,0,0,340.69614125322636,5845.696446758438,2296.3677644486033,2296.3677644486033,3093.03621706963
2024-02-29T00:00:00Z,2296.6139895143247,929.6886745915139,929.6886745915139,929.6886745915139,838.07162277198,838.07162277198,838.07162277198,91.617051819534,91.617051819534,91.617051819534,0,0,0,490.7670753951078,5996.943307206396,2296.6139895143247,2296.6139895143247,3226.3026641058386
2024-03-01T00:00:00Z,2296.860214580045,1011.8032416031923,1011.8032416031923,1011.8032416031923,875.7343040632592,875.7343040632592,875.7343040632592,136.06893753993333,136.06893753993333,136.06893753993333,0,0,0,417.9161553637155,6171.288599167522,2296.860214580045,2296.860214580045,3308.6634561832375
2024-03-02T00:00:00Z,2297.106439645766,-1222.0721709628613,-1222.0721709628613,-1222.0721709628613,-1400.679852151028,-1400.679852151028,-1400.679852151028,178.60768118816696,178.60768118816696,178.60768118816696,0,0,0,-1688.6685063200734,3818.136097937837,2297.106439645766,2297.106439645766,1075.0342686829047
2024-03-03T00:00:00Z,2297.3526647114873,-1840.7938802106005,-1840.7938802106005,-1840.7938802106005,-2059.215123751992,-2059.215123751992,-2059.215123751992,218.4212435413919,218.4212435413919,218.4212435413919,0,0,0,-2360.824994110984,3138.633486817911,2297.3526647114873,2297.3526647114873,456.55878450088676
2024-03-04T00:00:00Z,2297.598889777208,461.8725685174136,461.8725685174136,461.8725685174136,207.10923604883217,207.10923604883217,207.10923604883217,254.76333246858147,254.76333246858147,254.76333246858147,0,0,0,-13.716991020972415,5383.758133089902,2297.598889777208,2297.598889777208,2759.4714582946217
2024-03-05T00:00:00Z,2297.8451148429294,1075.3925370184188,1075.3925370184188,1075.3925370184188,788.4207419727333,788.4207419727333,788.4207419727333,286.97179504568544,286.97179504568544,286.97179504568544,0,0,0,487.2516760492872,5956.419520023446,2297.8451148429294,2297.8451148429294,3373.2376518613482
2024-03-06T00:00:00Z,2298.09133990865,1065.0435618073873,1065.0435618073873,1065.0435618073873,750.5590710471936,750.5590710471936,750.5590710471936,314.4844907601939,314.4844907601939,314.4844907601939,0,0,0,607.9846229838108,6075.402639999602,2298.09133990865,2298.09133990865,3363.1349017160373
2024-03-07T00:00:00Z,2298.3375649743707,1174.9238632207419,1174.9238632207419,1174.9238632207419,838.0716227699204,838.0716227699204,838.0716227699204,336.85224045082157,336.85224045082157,336.85224045082157,0,0,0,961.8933058030756,6046.607421396022,2298.3375649743707,2298.3375649743707,3473.261428195113
2024-03-08T00:00:00Z,2298.583790040092,1229.4828371985082,1229.4828371985082,1229.4828371985082,875.7343040618603,875.7343040618603,875.7343040618603,353.74853313664784,353.74853313664784,353.74853313664784,0,0,0,824.5421558353469,6414.340940773147,2298.583790040092,2298.583790040092,3528.0666272386
2024-03-09T00:00:00Z,2298.830015105813,-1035.7040837572854,-1035.7040837572854,-1035.7040837572854,-1400.6798521522107,-1400.6798521522107,-1400.6798521522107,364.9757683949252,364.9757683949252,364.9757683949252,0,0,0,-1679.878944983409,4075.413847705481,2298.830015105813,2298.830015105813,1263.1259313485275
2024-03-10T00:00:00Z,2299.0762401715338,-1688.7472111115064,-1688.7472111115064,-1688.7472111115064,-2059.2151237500534,-2059.2151237500534,-2059.2151237500534,370.4679126385473,370.4679126385473,370.4679126385473,0,0,0,-2102.681491517587,3295.1757767238864,2299.0762401715338,2299.0762401715338,610.3290290600273
2024-03-11T00:00:00Z,2299.3224652372546,577.398786636626,577.398786636626,577.398786636626,207.10923605158453,207.10923605158453,207.10923605158453,370.28955058504164,370.28955058504164,370.28955058504164,0,0,0,-38.41439033669194,5552.3437541360745,2299.3224652372546,2299.3224652372546,2876.7212518738806
2024-03-12T00:00:00Z,2299.568690302976,1153.0521573980907,1153.0521573980907,1153.0521573980907,788.4207419728917,788.4207419728917,788.4207419728917,364.63141542519884,364.63141542519884,364.63141542519884,0,0,0,645.3117644396372,6100.9874508970615,2299.568690302976,2299.568690302976,3452.620847701067
2024-03-13T00:00:00Z,2299.814915368697,1104.361650822434,1104.361650822434,1104.361650822434,750.5590710470256,750.5590710470256,750.5590710470256,353.8025797754085,353.8025797754085,353.8025797754085,0,0,0,572.0195147261464,6116.876602275054,2299.814915368697,2299.814915368697,3404.176566191131
2024-03-14T00:00:00Z,2300.061140434417,1176.2912044006987,1176.2912044006987,1176.2912044006987,838.0716227706338,838.0716227706338,838.0716227706338,338.21958163006497,338.21958163006497,338.21958163006497,0,0,0,731.3694722769991,6400.690525119404,2300.061140434417,2300.061140434417,3476.352344835116
2024-03-15T00:00:00Z,2300.3073655001385,1194.1271467231916,1194.1271467231916,1194.1271467231916,875.7343040618308,875.7343040618308,875.7343040618308,318.3928426613609,318.3928426613609,318.3928426613609,0,0,0,788.2410047953767,6144.0040851788,2300.3073655001385,2300.3073655001385,3494.43451222333
2024-03-16T00:00:00Z,2300.5535905658594,-1105.7690441293714,-1105.7690441293714,-1105.7690441293714,-1400.6798521533926,-1400.6798521533926,-1400.6798521533926,294.91080802402126,294.91080802402126,294.91080802402126,0,0,0,-1768.5873720171091,3961.4306261733427,2300.5535905658594,2300.5535905658594,1194.784546436488
2024-03-17T00:00:00Z,2300.7998156315807,-1790.7928283440988,-1790.7928283440988,-1790.7928283440988,-2059.2151237481153,-2059.2151237481153,-2059.2151237481153,268.4222954040164,268.4222954040164,268.4222954040164,0,0,0,-2262.473435726268,3457.0624700005237,2300.7998156315807,2300.7998156315807,510.00698728748193
2024-03-18T00:00:00Z,2301.046040697301,446.7268208689473,446.7268208689473,446.7268208689473,207.10923604395907,207.10923604395907,207.10923604395907,239.61758482498817,239.61758482498817,239.61758482498817,0,0,0,-81.05128134999265,5274.853735615134,2301.046040697301,2301.046040697301,2747.7728615662486
2024-03-19T00:00:00Z,2301.292265763022,997.629550600891,997.629550600891,997.629550600891,788.4207419726553,788.4207419726553,788.4207419726553,209.2088086282359,209.2088086282359,209.2088086282359,0,0,0,422.4797662479654,6050.017154370098,2301.292265763022,2301.292265763022,3298.921816363913
2024-03-20T00:00:00Z,2301.5384908287433,928.469283476859,928.469283476859,928.469283476859,750.559071046858,750.559071046858,750.559071046858,177.91021243000102,177.91021243000102,177.91021243000102,0,0,0,596.6356745439589,5959.495033633353,2301.5384908287433,2301.5384908287433,3230.007774305602
2024-03-21T00:00:00Z,2301.784715894464,984.4904753643712,984.4904753643712,984.4904753643712,838.0716227704249,838.0716227704249,838.0716227704249,146.41885259394604,146.41885259394604,146.41885259394604,0,0,0,516.7169518260636,6213.529297469821,2301.784715894464,2301.784715894464,3286.2751912588355
2024-03-22T00:00:00Z,2302.0309409601855,991.1305782531259,991.1305782531259,991.1305782531259,875.734304059063,875.734304059063,875.734304059063,115.396274194063,115.396274194063,115.396274194063,0,0,0,326.5040020253884,5983.864670273251,2302.0309409601855,2302.0309409601855,3293.1615192133113
2024-03-23T00:00:00Z,2302.277166025906,-1315.228175764728,-1315.228175764728,-1315.228175764728,-1400.679852147672,-1400.679852147672,-1400.679852147672,85.45167638294396,85.45167638294396,85.45167638294396,0,0,0,-1907.4414655726625,3834.5099000926125,2302.277166025906,2302.277166025906,987.048990261178
2024-03-24T00:00:00Z,2302.523391091627,-2002.0881029482541,-2002.0881029482541,-2002.0881029482541,-2059.2151237490066,-2059.2151237490066,-2059.2151237490066,57.12702080075257,57.12702080075257,57.12702080075257,0,0,0,-2400.2650143415112,3018.7713436802483,2302.523391091627,2302.523391091627,300.4352881433731
2024-03-25T00:00:00Z,2302.769616157348,237.9937108510564,237.9937108510564,237.9937108510564,207.1092360457075,207.1092360457075,207.1092360457075,30.884474805348848,30.884474805348848,30.884474805348848,0,0,0,-205.68185398518742,5177.519532281528,2302.769616157348,2302.769616157348,2540.7633270084043
2024-03-26T00:00:00Z,2303.015841223069,795.5172488690002,795.5172488690002,795.5172488690002,788.4207419724187,788.4207419724187,788.4207419724187,7.096506896581565,7.096506896581565,7.096506896581565,0,0,0,375.7400958550881,6047.793279881815,2303.015841223069,2303.015841223069,3098.533090092069
2024-03-27T00:00:00Z,2303.26206628879,736.5979400917226,736.5979400917226,736.5979400917226,750.5590710466897,750.5590710466897,750.5590710466897,-13.96113095496695,-13.96113095496695,-13.96113095496695,0,0,0,59.13145257676706,5810.773510494374,2303.26206628879,2303.26206628879,3039.8600063805125
2024-03-28T00:00:00Z,2303.5082913545107,805.9582349998299,805.9582349998299,805.9582349998299,838.0716227720607,838.0716227720607,838.0716227720607,-32.113387772230716,-32.113387772230716,-32.113387772230716,0,0,0,521.7261557319479,5974.129455626803,2303.5082913545107,2303.5082913545107,3109.4665263543407
2024-03-29T00:00:00Z,2303.754516420232,828.4474940570815,828.4474940570815,828.4474940570815,875.7343040650203,875.7343040650203,875.7343040650203,-47.28681000793878,-47.28681000793878,-47.28681000793878,0,0,0,391.8720974697897,5835.956291350162,2303.754516420232,2303.754516420232,3132.2020104773137
2024-03-30T00:00:00Z,2304.000741485953,-1460.1872391239706,-1460.1872391239706,-1460.1872391239706,-1400.6798521488543,-1400.6798521488543,-1400.6798521488543,-59.507386975116404,-59.507386975116404,-59.507386975116404,0,0,0,-1782.3102260048317,3551.63755874182,2304.000741485953,2304.000741485953,843.8135023619823
2024-03-31T00:00:00Z,2304.2469665516733,-2128.110595536857,-2128.110595536857,-2128.110595536857,-2059.215123747068,-2059.215123747068,-2059.215123747068,-68.8954717897891,-68.8954717897891,-68.8954717897891,0,0,0,-2738.4865893250676,2855.6780516316953,2304.2469665516733,2304.2469665516733,176.13637101481618
2024-04-01T00:00:00Z,2304.4931916173946,131.4512471673648,131.4512471673648,131.4512471673648,207.10923604645154,207.10923604645154,207.10923604645154,-75.65798887908672,-75.65798887908672,-75.65798887908672,0,0,0,-317.02120372382484,5330.2972379049925,2304.4931916173946,2304.4931916173946,2435.9444387847593
2024-04-02T00:00:00Z,2304.7394162787546,708.3425257102714,708.3425257102714,708.3425257102714,788.4207419729897,788.4207419729897,788.4207419729897,-80.07821626271831,-80.07821626271831,-80.07821626271831,0,0,0,450.3072456355778,5800.009184767732,2304.7394162787546,2304.7394162787546,3013.081941989026
2024-04-03T00:00:00Z,2304.985640940115,668.055572672578,668.055572672578,668.055572672578,750.5590710473724,750.5590710473724,750.5590710473724,-82.50349837479426,-82.50349837479426,-82.50349837479426,0,0,0,95.74631925694277,5727.887345142003,2304.985640940115,2304.985640940115,2973.041213612693
2024-04-04T00:00:00Z,2305.2318656014754,754.7403214778549,754.7403214778549,754.7403214778549,838.0716227718516,838.0716227718516,838.0716227718516,-83.331301293997,-83.331301293997,-83.331301293997,0,0,0,246.3520607104884,5759.37031416573,2305.2318656014754,2305.2318656014754,3059.97218707933
2024-04-05T00:00:00Z,2305.4780902628354,792.7402387174138,792.7402387174138,792.7402387174138,875.7343040636215,875.7343040636215,875.7343040636215,-82.99406534620759,-82.99406534620759,-82.99406534620759,0,0,0,280.81613800420473,6063.07597370269,2305.4780902628354,2305.4780902628354,3098.218328980249
2024-04-06T00:00:00Z,2305.724314924196,-1482.6231911657258,-1482.6231911657258,-1482.6231911657258,-1400.6798521500364,-1400.6798521500364,-1400.6798521500364,-81.94333901568915,-81.94333901568915,-81.94333901568915,0,0,0,-1835.3870666625635,3661.787685994075,2305.724314924196,2305.724314924196,823.1011237584701
2024-04-07T00:00:00Z,2305.9705395855563,-2139.8488159957046,-2139.8488159957046,-2139.8488159957046,-2059.215123746544,-2059.215123746544,-2059.215123746544,-80.63369224916072,-80.63369224916072,-80.63369224916072,0,0,0,-2448.2752253795284,3048.439296596848,2305.9705395855563,2305.9705395855563,166.12172358985163
2024-04-08T00:00:00Z,2306.2167642469162,127.60232973989277,127.60232973989277,127.60232973989277,207.10923604920401,207.10923604920401,207.10923604920401,-79.5069063093112,-79.5069063093112,-79.5069063093112,0,0,0,-436.37077395496004,5168.062885392139,2306.2167642469162,2306.2167642469162,2433.819093986809
2024-04-09T00:00:00Z,2306.4629889082767,709.4438204433197,709.4438204433197,709.4438204433197,788.4207419731481,788.4207419731481,788.4207419731481,-78.97692152982832,-78.97692152982832,-78.97692152982832,0,0,0,376.462413837141,5847.694954200573,2306.4629889082767,2306.4629889082767,3015.906809351596
2024-04-11T00:00:00Z,2306.955438230997,756.9291515187434,756.9291515187434,756.9291515187434,838.071622771643,838.071622771643,838.071622771643,-81.14247125289951,-81.14247125289951,-81.14247125289951,0,0,0,381.4537192534237,6013.604401365551,2306.955438230997,2306.955438230997,3063.8845897497404
2024-04-12T00:00:00Z,2307.2016628923575,791.3237699274742,791.3237699274742,791.3237699274742,875.7343040622226,875.7343040622226,875.7343040622226,-84.4105341347484,-84.4105341347484,-84.4105341347484,0,0,0,295.5502333394581,5940.281370853175,2307.2016628923575,2307.2016628923575,3098.5254328198316
2024-04-13T00:00:00Z,2307.4478875537175,-1490.0820551266352,-1490.0820551266352,-1490.0820551266352,-1400.6798521512185,-1400.6798521512185,-1400.6798521512185,-89.40220297541671,-89.40220297541671,-89.40220297541671,0,0,0,-1869.539563150996,3563.098685396696,2307.4478875537175,2307.4478875537175,817.3658324270823
2024-04-14T00:00:00Z,2307.694112215078,-2155.4369372582278,-2155.4369372582278,-2155.4369372582278,-2059.2151237506782,-2059.2151237506782,-2059.2151237506782,-96.22181350754906,-96.22181350754906,-96.22181350754906,0,0,0,-2655.150149193022,2749.280431787679,2307.694112215078,2307.694112215078,152.25717495685012
2024-04-15T00:00:00Z,2307.9403368764383,102.21613067337408,102.21613067337408,102.21613067337408,207.10923604994795,207.10923604994795,207.10923604994795,-104.89310537657391,-104.89310537657391,-104.89310537657391,0,0,0,-255.74900541995987,5162.939606234835,2307.9403368764383,2307.9403368764383,2410.1564675498125
2024-04-16T00:00:00Z,2308.1865615377983,673.0617655129024,673.0617655129024,673.0617655129024,788.4207419725166,788.4207419725166,788.4207419725166,-115.35897645961418,-115.35897645961418,-115.35897645961418,0,0,0,262.43234791462504,5865.346421082122,2308.1865615377983,2308.1865615377983,2981.248327050701
2024-04-17T00:00:00Z,2308.4327861991587,623.075194985259,623.075194985259,623.075194985259,750.5590710470367,750.5590710470367,750.5590710470367,-127.48387606177772,-127.48387606177772,-127.48387606177772,0,0,0,167.14844229027213,5682.137198614788,2308.4327861991587,2308.4327861991587,2931.507981184418
2024-04-18T00:00:00Z,2308.679010860519,697.0128936497252,697.0128936497252,697.0128936497252,838.0716227723562,838.0716227723562,838.0716227723562,-141.05872912263118,-141.05872912263118,-141.05872912263118,0,0,0,112.99261105016186,5796.86907970968,2308.679010860519,2308.679010860519,3005.6919045102445
2024-04-19T00:00:00Z,2308.925235521879,719.9260969665872,719.9260969665872,719.9260969665872,875.7343040668109,875.7343040668109,875.7343040668109,-155.80820710022357,-155.80820710022357,-155.80820710022357,0,0,0,45.71009158774985,5871.782703335902,2308.925235521879,2308.925235521879,3028.851332488466
2024-04-20T00:00:00Z,2309.1714601832396,-1572.0799433252653,-1572.0799433252653,-1572.0799433252653,-1400.6798521539458,-1400.6798521539458,-1400.6798521539458,-171.40009117131953,-171.40009117131953,-171.40009117131953,0,0,0,-1831.009051474015,3397.45570841289,2309.1714601832396,2309.1714601832396,737.0915168579743
2024-04-21T00:00:00Z,2309.4176848446,-2246.671535617046,-2246.671535617046,-2246.671535617046,-2059.2151237501553,-2059.2151237501553,-2059.2151237501553,-187.45641186689116,-187.45641186689116,-187.45641186689116,0,0,0,-2690.688116910554,2917.4999061089493,2309.4176848446,2309.4176848446,62.746149227553815
2024-04-22T00:00:00Z,2309.66390950596,3.5432380391971425,3.5432380391971425,3.5432380391971425,207.10923605069203,207.10923605069203,207.10923605069203,-203.56599801149488,-203.56599801149488,-203.56599801149488,0,0,0,-471.33498288871095,5240.608237192904,2309.66390950596,2309.66390950596,2313.207147545157
2024-04-23T00:00:00Z,2309.9101341673204,569.1227136601602,569.1227136601602,569.1227136601602,788.4207419726752,788.4207419726752,788.4207419726752,-219.29802831251487,-219.29802831251487,-219.29802831251487,0,0,0,143.77639982057107,5688.222951915946,2309.9101341673204,2309.9101341673204,2879.0328478274805
2024-04-24T00:00:00Z,2310.1563588286804,516.3429188062826,516.3429188062826,516.3429188062826,750.5590710468686,750.5590710468686,750.5590710468686,-234.2161522405858,-234.2161522405858,-234.2161522405858,0,0,0,125.78468320996052,5614.5132192004585,2310.1563588286804,2310.1563588286804,2826.4992776349627
2024-04-25T00:00:00Z,2310.402583490041,590.1788891413621,590.1788891413621,590.1788891413621,838.0716227702968,838.0716227702968,838.0716227702968,-247.89273362893465,-247.89273362893465,-247.89273362893465,0,0,0,267.5595373873764,5881.446731710587,2310.402583490041,2310.402583490041,2900.581472631403
2024-04-26T00:00:00Z,2310.6488081514008,615.8115330746139,615.8115330746139,615.8115330746139,875.7343040667814,875.7343040667814,875.7343040667814,-259.9227709921675,-259.9227709921675,-259.9227709921675,0,0,0,130.64744983154606,5741.710969478666,2310.6488081514008,2310.6488081514008,2926.460341226015
2024-04-27T00:00:00Z,2310.8950328127607,-1670.6169149107475,-1670.6169149107475,-1670.6169149107475,-1400.6798521535832,-1400.6798521535832,-1400.6798521535832,-269.9370627571643,-269.9370627571643,-269.9370627571643,0,0,0,-1737.3550318647797,3483.209587189945,2310.8950328127607,2310.8950328127607,640.2781179020133
2024-04-28T00:00:00Z,2311.141257474121,-2336.8293366234243,-2336.8293366234243,-2336.8293366234243,-2059.2151237482162,-2059.2151237482162,-2059.2151237482162,-277.6142128752074,-277.6142128752074,-277.6142128752074,0,0,0,-2750.06602517149,2805.320558604164,2311.141257474121,2311.141257474121,-25.68807914930312
2024-04-29T00:00:00Z,2311.3874821354816,-75.58187563556366,-75.58187563556366,-75.58187563556366,207.10923604507516,207.10923604507516,207.10923604507516,-282.69111168063876,-282.69111168063876,-282.69111168063876,0,0,0,-591.8055343952742,5124.942041609249,2311.3874821354816,2311.3874821354816,2235.8056064999178
2024-04-30T00:00:00Z,2311.6337067968416,503.4491648894843,503.4491648894843,503.4491648894843,788.420741973246,788.420741973246,788.420741973246,-284.9715770837616,-284.9715770837616,-284.9715770837616,0,0,0,-149.33830103877534,5502.128964625679,2311.6337067968416,2311.6337067968416,2815.0828716863257
2024-05-01T00:00:00Z,2311.879931458202,466.22617044938477,466.22617044938477,466.22617044938477,750.559071046701,750.559071046701,750.559071046701,-284.33290059731615,-284.33290059731615,-284.33290059731615,0,0,0,158.71510015827332,5551.65020527005,2311.879931458202,2311.879931458202,2778.106101907587
2024-05-02T00:00:00Z,2312.1261561195624,557.3415133544607,557.3415133544607,557.3415133544607,838.0716227710101,838.0716227710101,838.0716227710101,-280.73010941654957,-280.73010941654957,-280.73010941654957,0,0,0,188.24118633820186,5477.49841695275,2312.1261561195624,2312.1261561195624,2869.4676694740233
2024-05-03T00:00:00Z,2312.3723807809224,601.5364763672297,601.5364763672297,601.5364763672297,875.7343040640134,875.7343040640134,875.7343040640134,-274.1978276967837,-274.1978276967837,-274.1978276967837,0,0,0,106.54555413991213,5810.92960144585,2312.3723807809224,2312.3723807809224,2913.908857148152
2024-05-04T00:00:00Z,2312.618605442283,-1665.5295472202297,-1665.5295472202297,-1665.5295472202297,-1400.6798521563105,-1400.6798521563105,-1400.6798521563105,-264.8496950639191,-264.8496950639191,-264.8496950639191,0,0,0,-2090.6313222572435,3528.9891364974997,2312.618605442283,2312.618605442283,647.0890582220532
2024-05-05T00:00:00Z,2312.864830103643,-2312.090499685813,-2312.090499685813,-2312.090499685813,-2059.2151237476924,-2059.2151237476924,-2059.2151237476924,-252.87537593812056,-252.87537593812056,-252.87537593812056,0,0,0,-2481.797338368668,2912.3100357627627,2312.864830103643,2312.864830103643,0.7743304178297876
2024-05-06T00:00:00Z,2313.1110547650032,-31.42603108701946,-31.42603108701946,-31.42603108701946,207.10923604581922,207.10923604581922,207.10923604581922,-238.53526713283864,-238.53526713283864,-238.53526713283864,0,0,0,-573.0755022790505,5192.210952417062,2313.1110547650032,2313.1110547650032,2281.6850236779837
2024-05-07T00:00:00Z,2313.3572794263637,566.267660802628,566.267660802628,566.267660802628,788.4207419734043,788.4207419734043,788.4207419734043,-222.15308117077612,-222.15308117077612,-222.15308117077612,0,0,0,61.57756855778144,5598.69256178274,2313.3572794263637,2313.3572794263637,2879.624940228992
2024-05-08T00:00:00Z,2313.6035040877236,546.4525243381834,546.4525243381834,546.4525243381834,750.5590710465326,750.5590710465326,750.5590710465326,-204.10654670834927,-204.10654670834927,-204.10654670834927,0,0,0,55.041853067704935,5774.210151656135,2313.6035040877236,2313.6035040877236,2860.0560284259072
2024-05-09T00:00:00Z,2313.849728749084,653.2550992788596,653.2550992788596,653.2550992788596,838.0716227708016,838.0716227708016,838.0716227708016,-184.81652349194192,-184.81652349194192,-184.81652349194192,0,0,0,99.53535945991509,5657.634488374781,2313.849728749084,2313.849728749084,2967.1048280279438
2024-05-10T00:00:00Z,2314.0959534104445,710.9994283641175,710.9994283641175,710.9994283641175,875.7343040639842,875.7343040639842,875.7343040639842,-164.7348756998665,-164.7348756998665,-164.7348756998665,0,0,0,416.75350245264366,5936.550761667544,2314.0959534104445,2314.0959534104445,3025.095381774562
2024-05-11T00:00:00Z,2314.3421780718045,-1545.0113351815326,-1545.0113351815326,-1545.0113351815326,-1400.6798521490446,-1400.6798521490446,-1400.6798521490446,-144.33148303248802,-144.33148303248802,-144.33148303248802,0,0,0,-1784.2334678074078,3505.914274800029,2314.3421780718045,2314.3421780718045,769.3308428902719
2024-05-12T00:00:00Z,2314.588402733165,-2183.295916202316,-2183.295916202316,-2183.295916202316,-2059.2151237471685,-2059.2151237471685,-2059.2151237471685,-124.08079245514723,-124.08079245514723,-124.08079245514723,0,0,0,-2604.3951266474296,2959.5241978606923,2314.588402733165,2314.588402733165,131.2924865308487
2024-05-13T00:00:00Z,2314.834627394525,102.66091156037481,102.66091156037481,102.66091156037481,207.10923604756752,207.10923604756752,207.10923604756752,-104.4483244871927,-104.4483244871927,-104.4483244871927,0,0,0,-328.2533461664168,5246.353679124869,2314.834627394525,2314.834627394525,2417.4955389548995
2024-05-14T00:00:00Z,2315.0808520558853,702.5431959087258,702.5431959087258,702.5431959087258,788.420741972773,788.420741972773,788.420741972773,-85.8775460640471,-85.8775460640471,-85.8775460640471,0,0,0,206.53669576887376,5880.636500737322,2315.0808520558853,2315.0808520558853,3017.6240479646112
2024-05-15T00:00:00Z,2315.3270767172457,681.7815635633784,681.7815635633784,681.7815635633784,750.5590710466577,750.5590710466577,750.5590710466577,-68.77750748327912,-68.77750748327912,-68.77750748327912,0,0,0,157.6384041774064,6010.254591020696,2315.3270767172457,2315.3270767172457,2997.108640280624
2024-05-16T00:00:00Z,2315.5733013786057,784.5600084997773,784.5600084997773,784.5600084997773,838.0716227696644,838.0716227696644,838.0716227696644,-53.51161426988697,-53.51161426988697,-53.51161426988697,0,0,0,158.60685783163552,5986.54455694928,2315.5733013786057,2315.5733013786057,3100.133309878383
2024-05-17T00:00:00Z,2315.819526039966,835.3464371641095,835.3464371641095,835.3464371641095,875.7343040639544,875.7343040639544,875.7343040639544,-40.387866899844965,-40.387866899844965,-40.387866899844965,0,0,0,401.29828958359553,5786.86306741222,2315.819526039966,2315.819526039966,3151.1659632040755
2024-05-18T00:00:00Z,2316.0657507013266,-1430.3307055792986,-1430.3307055792986,-1430.3307055792986,-1400.6798521502271,-1400.6798521502271,-1400.6798521502271,-29.650853429071724,-29.650853429071724,-29.650853429071724,0,0,0,-1855.5255169053194,3806.3880937815547,2316.0657507013266,2316.0657507013266,885.7350451220279
2024-05-19T00:00:00Z,2316.3119753626866,-2080.6908474879083,-2080.6908474879083,-2080.6908474879083,-2059.215123746645,-2059.215123746645,-2059.215123746645,-21.47572374126314,-21.47572374126314,-21.47572374126314,0,0,0,-2684.2448791760003,3022.88709080869,2316.3119753626866,2316.3119753626866,235.62112787477827
2024-05-20T00:00:00Z,2316.558200024047,191.14492490757726,191.14492490757726,191.14492490757726,207.10923604931577,207.10923604931577,207.10923604931577,-15.964311141738458,-15.964311141738458,-15.964311141738458,0,0,0,-254.2995450964226,5368.503420826893,2316.558200024047,2316.558200024047,2507.703124931624
2024-05-21T00:00:00Z,2316.8044246854074,775.2772425959017,775.2772425959017,775.2772425959017,788.4207419729314,788.4207419729314,788.4207419729314,-13.14349937702966,-13.14349937702966,-13.14349937702966,0,0,0,258.1364471755736,5949.577517613303,2316.8044246854074,2316.8044246854074,3092.081667281309
2024-05-22T00:00:00Z,2317.0506493467674,737.5932080802879,737.5932080802879,737.5932080802879,750.5590710470476,750.5590710470476,750.5590710470476,-12.965862966759323,-12.965862966759323,-12.965862966759323,0,0,0,219.0687284042426,5685.776111698178,2317.0506493467674,2317.0506493467674,3054.643857427055
2024-05-23T00:00:00Z,2317.296874008128,822.7590845861171,822.7590845861171,822.7590845861171,838.0716227694554,838.0716227694554,838.0716227694554,-15.312538183338182,-15.312538183338182,-15.312538183338182,0,0,0,522.9844695214716,5891.909608617208,2317.296874008128,2317.296874008128,3140.0559585942447
2024-05-24T00:00:00Z,2317.5430986694882,855.736090770819,855.736090770819,855.736090770819,875.7343040625556,875.7343040625556,875.7343040625556,-19.99821329173647,-19.99821329173647,-19.99821329173647,0,0,0,362.2149906589968,5891.466682484892,2317.5430986694882,2317.5430986694882,3173.279189440307
2024-05-25T00:00:00Z,2317.789323330848,-1427.4579140254948,-1427.4579140254948,-1427.4579140254948,-1400.6798521514086,-1400.6798521514086,-1400.6798521514086,-26.778061874086045,-26.778061874086045,-26.778061874086045,0,0,0,-1660.7336550569712,3584.52732910119,2317.789323330848,2317.789323330848,890.3314093053534
2024-05-26T00:00:00Z,2318.0355479922086,-2094.571507957716,-2094.571507957716,-2094.571507957716,-2059.215123749365,-2059.215123749365,-2059.215123749365,-35.35638420835126,-35.35638420835126,-35.35638420835126,0,0,0,-2455.354443410239,2881.6563181137444,2318.0355479922086,2318.0355479922086,223.46404003449243
2024-05-27T00:00:00Z,2318.2817719704894,161.71256552735917,161.71256552735917,161.71256552735917,207.10923604269476,207.10923604269476,207.10923604269476,-45.396670515335536,-45.396670515335536,-45.396670515335536,0,0,0,-272.15069163441325,5293.260682592234,2318.2817719704894,2318.2817719704894,2479.9943374978484
2024-05-28T00:00:00Z,2318.5279959487702,731.8879839720191,731.8879839720191,731.8879839720191,788.4207419730897,788.4207419730897,788.4207419730897,-56.532758001070526,-56.532758001070526,-56.532758001070526,0,0,0,36.68052315757527,5817.02585781536,2318.5279959487702,2318.5279959487702,3050.415979920789
2024-05-29T00:00:00Z,2318.7742199270515,682.1783488288421,682.1783488288421,682.1783488288421,750.5590710468797,750.5590710468797,750.5590710468797,-68.38072221803748,-68.38072221803748,-68.38072221803748,0,0,0,367.61833956428046,5786.0349079714215,2318.7742199270515,2318.7742199270515,3000.9525687558935
2024-05-30T00:00:00Z,2319.0204439053327,757.5204994717403,757.5204994717403,757.5204994717403,838.071622770169,838.071622770169,838.071622770169,-80.55112329842852,-80.55112329842852,-80.55112329842852,0,0,0,435.7022578919217,5790.638577995195,2319.0204439053327,2319.0204439053327,3076.540943377073
2024-05-31T00:00:00Z,2319.2666678836135,783.0730844575706,783.0730844575706,783.0730844575706,875.7343040611566,875.7343040611566,875.7343040611566,-92.66121960358603,-92.66121960358603,-92.66121960358603,0,0,0,325.8881722467793,5867.600701961537,2319.2666678836135,2319.2666678836135,3102.339752341184
2024-06-01T00:00:00Z,2319.512891861895,-1505.0266176450684,-1505.0266176450684,-1505.0266176450684,-1400.6798521541364,-1400.6798521541364,-1400.6798521541364,-104.34676549093216,-104.34676549093216,-104.34676549093216,0,0,0,-1867.9037668463732,3647.0184463406213,2319.512891861895,2319.512891861895,814.4862742168264
2024-06-02T00:00:00Z,2319.7591158401756,-2174.4881497722167,-2174.4881497722167,-2174.4881497722167,-2059.2151237502553,-2059.2151237502553,-2059.2151237502553,-115.27302602196139,-115.27302602196139,-115.27302602196139,0,0,0,-2681.364086958567,2788.968788509027,2319.7591158401756,2319.7591158401756,145.27096606795885
2024-06-03T00:00:00Z,2320.0053398184564,81.96456708918627,81.96456708918627,81.96456708918627,207.10923604343859,207.10923604343859,207.10923604343859,-125.14466895425228,-125.14466895425228,-125.14466895425228,0,0,0,-468.23034523108413,5102.945767126064,2320.0053398184564,2320.0053398184564,2401.969906907643
2024-06-04T00:00:00Z,2320.2515637967376,654.7065095967628,654.7065095967628,654.7065095967628,788.4207419724582,788.4207419724582,788.4207419724582,-133.71423237569562,-133.71423237569562,-133.71423237569562,0,0,0,405.6350778902365,5767.204587667713,2320.2515637967376,2320.2515637967376,2974.9580733935004
2024-06-05T00:00:00Z,2320.497787775019,609.7701574561045,609.7701574561045,609.7701574561045,750.5590710467117,750.5590710467117,750.5590710467117,-140.7889135906072,-140.7889135906072,-140.7889135906072,0,0,0,60.20148499016002,5840.87346035519,2320.497787775019,2320.497787775019,2930.267945231123
2024-06-06T00:00:00Z,2320.7440117532997,691.8361429067077,691.8361429067077,691.8361429067077,838.0716227708824,838.0716227708824,838.0716227708824,-146.23547986417464,-146.23547986417464,-146.23547986417464,0,0,0,275.5472214419127,5805.1192306817975,2320.7440117532997,2320.7440117532997,3012.5801546600073
2024-06-07T00:00:00Z,2320.990235731581,725.7511414794695,725.7511414794695,725.7511414794695,875.7343040657452,875.7343040657452,875.7343040657452,-149.98316258627545,-149.98316258627545,-149.98316258627545,0,0,0,323.6012588414492,5944.6707502695845,2320.990235731581,2320.990235731581,3046.7413772110503
2024-06-08T00:00:00Z,2321.2364597098617,-1552.7043135796296,-1552.7043135796296,-1552.7043135796296,-1400.6798521537737,-1400.6798521537737,-1400.6798521537737,-152.024461425856,-152.024461425856,-152.024461425856,0,0,0,-2057.6367355782913,3694.4740487749223,2321.2364597098617,2321.2364597098617,768.5321461302321
2024-06-09T00:00:00Z,2321.482683688143,-2211.6289757800178,-2211.6289757800178,-2211.6289757800178,-2059.215123748317,-2059.215123748317,-2059.215123748317,-152.4138520317005,-152.4138520317005,-152.4138520317005,0,0,0,-2563.4877227960205,3053.2980765744737,2321.482683688143,2321.482683688143,109.85370790812522
2024-06-10T00:00:00Z,2321.7289076664238,55.844778335944774,55.844778335944774,55.844778335944774,207.1092360451869,207.1092360451869,207.1092360451869,-151.26445770924218,-151.26445770924218,-151.26445770924218,0,0,0,-239.4631744967605,5038.638141147932,2321.7289076664238,2321.7289076664238,2377.5736860023685
2024-06-11T00:00:00Z,2321.975131644705,639.6779318260528,639.6779318260528,639.6779318260528,788.4207419726167,788.4207419726167,788.4207419726167,-148.7428101465638,-148.7428101465638,-148.7428101465638,0,0,0,361.8236172365868,5863.311204747594,2321.975131644705,2321.975131644705,2961.653063470758
2024-06-12T00:00:00Z,2322.2213556229863,605.4971863721057,605.4971863721057,605.4971863721057,750.5590710473945,750.5590710473945,750.5590710473945,-145.06188467528864,-145.06188467528864,-145.06188467528864,0,0,0,197.78139888029665,5731.529457542308,2322.2213556229863,2322.2213556229863,2927.718541995092
2024-06-13T00:00:00Z,2322.467579601267,697.5989729469537,697.5989729469537,697.5989729469537,838.0716227715957,838.0716227715957,838.0716227715957,-140.47264982464205,-140.47264982464205,-140.47264982464205,0,0,0,386.28876899637123,5780.059946959168,2322.467579601267,2322.467579601267,3020.066552548221
2024-06-14T00:00:00Z,2322.713803579548,740.4798866704106,740.4798866704106,740.4798866704106,875.7343040657154,875.7343040657154,875.7343040657154,-135.2544173953049,-135.2544173953049,-135.2544173953049,0,0,0,188.01550904696242,5790.587812551541,2322.713803579548,2322.713803579548,3063.1936902499583
2024-06-15T00:00:00Z,2322.960027557829,-1530.3841686414094,-1530.3841686414094,-1530.3841686414094,-1400.6798521565008,-1400.6798521565008,-1400.6798521565008,-129.70431648490873,-129.70431648490873,-129.70431648490873,0,0,0,-1822.3601971293854,3510.7262368328356,2322.960027557829,2322.960027557829,792.5758589164197
2024-06-16T00:00:00Z,2323.20625153611,-2183.341365446888,-2183.341365446888,-2183.341365446888,-2059.2151237477933,-2059.2151237477933,-2059.2151237477933,-124.12624169909407,-124.12624169909407,-124.12624169909407,0,0,0,-2723.9295660784187,2955.840487423476,2323.20625153611,2323.20625153611,139.86488608922173
2024-06-17T00:00:00Z,2323.452475514391,88.28959468077035,88.28959468077035,88.28959468077035,207.10923604693525,207.10923604693525,207.10923604693525,-118.81964136616475,-118.81964136616475,-118.81964136616475,0,0,0,-584.4030619863966,5139.912498364265,2323.452475514391,2323.452475514391,2411.7420701951614
2024-06-18T00:00:00Z,2323.6986994926724,674.3522265162088,674.3522265162088,674.3522265162088,788.4207419731877,788.4207419731877,788.4207419731877,-114.06851545697882,-114.06851545697882,-114.06851545697882,0,0,0,278.2186446354162,5598.549340684893,2323.6986994926724,2323.6986994926724,2998.050926008881
2024-06-19T00:00:00Z,2323.944923470953,640.4280860308713,640.4280860308713,640.4280860308713,750.5590710469338,750.5590710469338,750.5590710469338,-110.13098501606223,-110.13098501606223,-110.13098501606223,0,0,0,111.24468950988191,5547.715469894886,2323.944923470953,2323.944923470953,2964.3730095018245
2024-06-20T00:00:00Z,2324.191147449234,730.841847289854,730.841847289854,730.841847289854,838.071622771387,838.071622771387,838.071622771387,-107.22977548153287,-107.22977548153287,-107.22977548153287,0,0,0,257.36176354322845,5784.4768592999535,2324.191147449234,2324.191147449234,3055.032994739088
2024-06-21T00:00:00Z,2324.4373714275152,770.1903781017886,770.1903781017886,770.1903781017886,875.7343040629474,875.7343040629474,875.7343040629474,-105.54392596115866,-105.54392596115866,-105.54392596115866,0,0,0,367.22294118214194,5860.807412614726,2324.4373714275152,2324.4373714275152,3094.627749529304
2024-06-22T00:00:00Z,2324.683595405796,-1505.881848452237,-1505.881848452237,-1505.881848452237,-1400.679852159228,-1400.679852159228,-1400.679852159228,-105.20199629300878,-105.20199629300878,-105.20199629300878,0,0,0,-2056.758270104112,3657.676938282622,2324.683595405796,2324.683595405796,818.8017469535591
2024-06-23T00:00:00Z,2324.9298193840773,-2165.492118600158,-2165.492118600158,-2165.492118600158,-2059.215123751928,-2059.215123751928,-2059.215123751928,-106.27699484823012,-106.27699484823012,-106.27699484823012,0,0,0,-2561.4037738007783,3048.0025349606203,2324.9298193840773,2324.9298193840773,159.43770078391935
2024-06-24T00:00:00Z,2325.1760433623585,98.32604197857185,98.32604197857185,98.32604197857185,207.10923604868353,207.10923604868353,207.10923604868353,-108.78319407011159,-108.78319407011159,-108.78319407011159,0,0,0,-253.52167152205138,5200.862437280184,2325.1760433623585,2325.1760433623585,2423.5020853409305
2024-06-25T00:00:00Z,2325.4222673406393,675.7458025013314,675.7458025013314,675.7458025013314,788.4207419729511,788.4207419729511,788.4207419729511,-112.6749394716197,-112.6749394716197,-112.6749394716197,0,0,0,219.62620063337903,5786.797497296996,2325.4222673406393,2325.4222673406393,3001.1680698419705
2024-06-26T00:00:00Z,2325.66849131892,632.7115778810864,632.7115778810864,632.7115778810864,750.5590710470585,750.5590710470585,750.5590710470585,-117.84749316597212,-117.84749316597212,-117.84749316597212,0,0,0,244.98495931958112,5912.645977079883,2325.66849131892,2325.66849131892,2958.380069200007
2024-06-27T00:00:00Z,2325.9147152972014,713.9317357367428,713.9317357367428,713.9317357367428,838.0716227721002,838.0716227721002,838.0716227721002,-124.13988703535749,-124.13988703535749,-124.13988703535749,0,0,0,250.83887614469995,5744.113922953599,2325.9147152972014,2325.9147152972014,3039.846451033944
2024-06-28T00:00:00Z,2326.160939275482,744.3946086298378,744.3946086298378,744.3946086298378,875.7343040629178,875.7343040629178,875.7343040629178,-131.33969543308,-131.33969543308,-131.33969543308,0,0,0,432.40045066148014,5654.54484338299,2326.160939275482,2326.160939275482,3070.55554790532
2024-06-29T00:00:00Z,2326.4071632537634,-1539.869427096637,-1539.869427096637,-1539.869427096637,-1400.6798521519618,-1400.6798521519618,-1400.6798521519618,-139.18957494467512,-139.18957494467512,-139.18957494467512,0,0,0,-2095.80288710344,3540.1474592509185,2326.4071632537634,2326.4071632537634,786.5377361571263
2024-06-30T00:00:00Z,2326.6533872320447,-2206.6104849129556,-2206.6104849129556,-2206.6104849129556,-2059.215123751404,-2059.215123751404,-2059.215123751404,-147.3953611615513,-147.3953611615513,-147.3953611615513,0,0,0,-2495.6231849086216,2856.9937328406418,2326.6533872320447,2326.6533872320447,120.04290231908908
2024-07-01T00:00:00Z,2326.8996112103255,51.473774541982316,51.473774541982316,51.473774541982316,207.1092360494275,207.1092360494275,207.1092360494275,-155.63546150744511,-155.63546150744511,-155.63546150744511,0,0,0,-472.62301666635705,5074.115344072957,2326.8996112103255,2326.8996112103255,2378.373385752308
2024-07-02T00:00:00Z,2327.1458351886063,624.8495014777515,624.8495014777515,624.8495014777515,788.4207419727146,788.4207419727146,788.4207419727146,-163.57124049496323,-163.57124049496323,-163.57124049496323,0,0,0,-12.144640371916244,5596.751387981339,2327.1458351886063,2327.1458351886063,2951.9953366663576
2024-07-03T00:00:00Z,2327.3920591668875,579.7010102714305,579.7010102714305,579.7010102714305,750.5590710471834,750.5590710471834,750.5590710471834,-170.8580607757528,-170.8580607757528,-170.8580607757528,0,0,0,118.12349169755761,5600.054860223017,2327.3920591668875,2327.3920591668875,2907.093069438318
2024-07-04T00:00:00Z,2327.6382831451683,660.9150017454153,660.9150017454153,660.9150017454153,838.0716227700408,838.0716227700408,838.0716227700408,-177.15662102462545,-177.15662102462545,-177.15662102462545,0,0,0,255.453339182138,5947.554633823893,2327.6382831451683,2327.6382831451683,2988.5532848905837
2024-07-05T00:00:00Z,2327.8845071234496,693.5900832454504,693.5900832454504,693.5900832454504,875.7343040615191,875.7343040615191,875.7343040615191,-182.1442208160688,-182.1442208160688,-182.1442208160688,0,0,0,204.5349372235002,5680.798709834311,2327.8845071234496,2327.8845071234496,3021.4745903689
2024-07-06T00:00:00Z,2328.130731101731,-1586.2054357345612,-1586.2054357345612,-1586.2054357345612,-1400.6798521531446,-1400.6798521531446,-1400.6798521531446,-185.52558358141667,-185.52558358141667,-185.52558358141667,0,0,0,-2030.214102219966,3625.241262689983,2328.130731101731,2328.130731101731,741.9252953671696
2024-07-07T00:00:00Z,2328.3769550800116,-2246.2580052232147,-2246.2580052232147,-2246.2580052232147,-2059.2151237494654,-2059.2151237494654,-2059.2151237494654,-187.04288147374922,-187.04288147374922,-187.04288147374922,0,0,0,-2801.04301295561,2589.3730444276957,2328.3769550800116,2328.3769550800116,82.11894985679692
2024-07-08T00:00:00Z,2328.6231790582924,20.624605882921482,20.624605882921482,20.624605882921482,207.10923605218005,207.10923605218005,207.10923605218005,-186.48463016925857,-186.48463016925857,-186.48463016925857,0,0,0,-566.9240539699592,4966.521457526655,2328.6231790582924,2328.6231790582924,2349.247784941214
2024-07-09T00:00:00Z,2328.8694030365737,604.7275854265451,604.7275854265451,604.7275854265451,788.4207419736804,788.4207419736804,788.4207419736804,-183.69315654713523,-183.69315654713523,-183.69315654713523,0,0,0,319.6032770082095,5748.700441094009,2328.8694030365737,2328.8694030365737,2933.5969884631186
2024-07-10T00:00:00Z,2329.115627014855,571.9886842739801,571.9886842739801,571.9886842739801,750.5590710467225,750.5590710467225,750.5590710467225,-178.57038677274244,-178.57038677274244,-178.57038677274244,0,0,0,263.5747275354253,5559.678508990352,2329.115627014855,2329.115627014855,2901.104311288835
2024-07-11T00:00:00Z,2329.3618509931357,666.989867598412,666.989867598412,666.989867598412,838.0716227707541,838.0716227707541,838.0716227707541,-171.08175517234216,-171.08175517234216,-171.08175517234216,0,0,0,70.62288657999552,5738.938469683821,2329.3618509931357,2329.3618509931357,2996.351718591548
2024-07-12T00:00:00Z,2329.608074971417,714.4762102591169,714.4762102591169,714.4762102591169,875.7343040601203,875.7343040601203,875.7343040601203,-161.25809380100333,-161.25809380100333,-161.25809380100333,0,0,0,118.53831462566382,5838.803480789133,2329.608074971417,2329.608074971417,3044.084285230534
2024-07-13T00:00:00Z,2329.8542989496977,-1549.875279070442,-1549.875279070442,-1549.875279070442,-1400.6798521543265,-1400.6798521543265,-1400.6798521543265,-149.1954269161155,-149.1954269161155,-149.1954269161155,0,0,0,-2185.3564894971705,3676.061251612075,2329.8542989496977,2329.8542989496977,779.9790198792557
2024-07-14T00:00:00Z,2330.1005229279785,-2194.267785409992,-2194.267785409992,-2194.267785409992,-2059.2151237475273,-2059.2151237475273,-2059.2151237475273,-135.05266166246497,-135.05266166246497,-135.05266166246497,0,0,0,-2809.128402202432,2872.2133617258896,2330.1005229279785,2330.1005229279785,135.83273751798652
2024-07-15T00:00:00Z,2330.34674690626,88.06200200006896,88.06200200006896,88.06200200006896,207.1092360445546,207.1092360445546,207.1092360445546,-119.04723404448553,-119.04723404448553,-119.04723404448553,0,0,0,-479.99682346817303,5367.0366299097495,2330.34674690626,2330.34674690626,2418.4087489063286
2024-07-16T00:00:00Z,2330.592970884541,686.9719063981715,686.9719063981715,686.9719063981715,788.4207419734438,788.4207419734438,788.4207419734438,-101.44883557527231,-101.44883557527231,-101.44883557527231,0,0,0,196.39877745233275,5810.064422065353,2330.592970884541,2330.592970884541,3017.5648772827126
2024-07-17T00:00:00Z,2330.839194862822,667.987662316623,667.987662316623,667.987662316623,750.5590710468475,750.5590710468475,750.5590710468475,-82.57140873022453,-82.57140873022453,-82.57140873022453,0,0,0,332.834798633148,5709.970024790927,2330.839194862822,2330.839194862822,2998.8268571794447
2024-07-18T00:00:00Z,2331.085418841103,775.3079662530456,775.3079662530456,775.3079662530456,838.0716227705453,838.0716227705453,838.0716227705453,-62.763656517499825,-62.763656517499825,-62.763656517499825,0,0,0,530.3596526380833,5979.48019770535,2331.085418841103,2331.085418841103,3106.3933850941485
2024-07-19T00:00:00Z,2331.3316428193843,833.3359428178961,833.3359428178961,833.3359428178961,875.7343040587216,875.7343040587216,875.7343040587216,-42.398361240825466,-42.398361240825466,-42.398361240825466,0,0,0,198.15614388945332,5942.68950173069,2331.3316428193843,2331.3316428193843,3164.6675856372804
2024-07-20T00:00:00Z,2331.5778669212377,-1422.540700430373,-1422.540700430373,-1422.540700430373,-1400.6798521486055,-1400.6798521486055,-1400.6798521486055,-21.860848281767062,-21.860848281767062,-21.860848281767062,0,0,0,-1887.1992752351348,3656.413255700139,2331.5778669212377,2331.5778669212377,909.0371664908648
2024-07-21T00:00:00Z,2331.824091023092,-2060.7520848484132,-2060.7520848484132,-2060.7520848484132,-2059.215123748418,-2059.215123748418,-2059.215123748418,-1.5369610999952545,-1.5369610999952545,-1.5369610999952545,0,0,0,-2661.665351443463,2933.358918121047,2331.824091023092,2331.824091023092,271.0720061746788
2024-07-22T00:00:00Z,2332.070315124946,225.30830341844032,225.30830341844032,225.30830341844032,207.10923604630278,207.10923604630278,207.10923604630278,18.19906737213756,18.19906737213756,18.19906737213756,0,0,0,-264.96018387227133,5204.070918754375,2332.070315124946,2332.070315124946,2557.378618543386
2024-07-23T00:00:00Z,2332.3165392268,825.4171968389024,825.4171968389024,825.4171968389024,788.4207419732073,788.4207419732073,788.4207419732073,36.996454865695036,36.996454865695036,36.996454865695036,0,0,0,370.59146976608974,5863.07987589324,2332.3165392268,2332.3165392268,3157.7337360657025
2024-07-24T00:00:00Z,2332.562763328654,805.0981059113492,805.0981059113492,805.0981059113492,750.5590710466795,750.5590710466795,750.5590710466795,54.539034864669574,54.539034864669574,54.539034864669574,0,0,0,271.4520666096586,5738.47086560047,2332.562763328654,2332.562763328654,3137.660869240003
2024-07-25T00:00:00Z,2332.808987430508,908.6270006355776,908.6270006355776,908.6270006355776,838.0716227721813,838.0716227721813,838.0716227721813,70.55537786339622,70.55537786339622,70.55537786339622,0,0,0,540.2340257894468,6049.430675205388,2332.808987430508,2332.808987430508,3241.4359880660854
2024-07-26T00:00:00Z,2333.055211532362,960.561833735575,960.561833735575,960.561833735575,875.7343040646792,875.7343040646792,875.7343040646792,84.82752967089573,84.82752967089573,84.82752967089573,0,0,0,731.7842987712047,5974.413696515616,2333.055211532362,2333.055211532362,3293.617045267937
2024-07-27T00:00:00Z,2333.301435634216,-1303.4817838420133,-1303.4817838420133,-1303.4817838420133,-1400.679852148243,-1400.679852148243,-1400.679852148243,97.19806830622967,97.19806830622967,97.19806830622967,0,0,0,-1861.7191469564752,3844.7645604491618,2333.301435634216,2333.301435634216,1029.8196517922026
2024-07-28T00:00:00Z,2333.5476597360703,-1951.6398922026788,-1951.6398922026788,-1951.6398922026788,-2059.21512374648,-2059.21512374648,-2059.21512374648,107.57523154380138,107.57523154380138,107.57523154380138,0,0,0,-2512.797239156132,3115.263434684767,2333.5476597360703,2333.5476597360703,381.9077675333915
2024-07-29T00:00:00Z,2333.793883837924,323.0451620707256,323.0451620707256,323.0451620707256,207.1092360480512,207.1092360480512,207.1092360480512,115.93592602267444,115.93592602267444,115.93592602267444,0,0,0,55.300264690461134,5281.536995753794,2333.793883837924,2333.793883837924,2656.8390459086495
2024-07-30T00:00:00Z,2334.040107939778,910.7472362399425,910.7472362399425,910.7472362399425,788.420741972971,788.420741972971,788.420741972971,122.3264942669716,122.3264942669716,122.3264942669716,0,0,0,549.2480922860798,6129.242302469644,2334.040107939778,2334.040107939778,3244.7873441797205
2024-07-31T00:00:00Z,2334.2863320416322,877.420257042541,877.420257042541,877.420257042541,750.5590710470694,750.5590710470694,750.5590710470694,126.8611859954716,126.8611859954716,126.8611859954716,0,0,0,526.6967410791804,6353.616159233395,2334.2863320416322,2334.2863320416322,3211.706589084173
2024-08-01T00:00:00Z,2334.532556143486,967.7899753523307,967.7899753523307,967.7899753523307,838.0716227719726,838.0716227719726,838.0716227719726,129.71835258035821,129.71835258035821,129.71835258035821,0,0,0,613.6144226863869,6222.271023784466,2334.532556143486,2334.532556143486,3302.3225314958167
2024-08-02T00:00:00Z,2334.7787802453404,1006.8687602862605,1006.8687602862605,1006.8687602862605,875.7343040632804,875.7343040632804,875.7343040632804,131.13445622297996,131.13445622297996,131.13445622297996,0,0,0,702.0746120829975,6306.929769385358,2334.7787802453404,2334.7787802453404,3341.647540531601
2024-08-03T00:00:00Z,2335.0250043471938,-1269.283796074206,-1269.283796074206,-1269.283796074206,-1400.6798521509704,-1400.6798521509704,-1400.6798521509704,131.39605607676413,131.39605607676413,131.39605607676413,0,0,0,-1689.0748495012447,3936.686734659225,2335.0250043471938,2335.0250043471938,1065.7412082729877
2024-08-04T00:00:00Z,2335.271228449048,-1928.3851237876067,-1928.3851237876067,-1928.3851237876067,-2059.215123745956,-2059.215123745956,-2059.215123745956,130.82999995834945,130.82999995834945,130.82999995834945,0,0,0,-2189.7824932407666,3345.9848981130353,2335.271228449048,2335.271228449048,406.8861046614413
2024-08-05T00:00:00Z,2335.517452550902,336.9013463890445,336.9013463890445,336.9013463890445,207.10923604979928,207.10923604979928,207.10923604979928,129.7921103392451,129.7921103392451,129.7921103392451,0,0,0,-59.83554416356975,5468.005349931721,2335.517452550902,2335.517452550902,2672.4187989399466
2024-08-06T00:00:00Z,2335.763676652756,917.0754470473926,917.0754470473926,917.0754470473926,788.4207419731293,788.4207419731293,788.4207419731293,128.6547050742633,128.6547050742633,128.6547050742633,0,0,0,597.2911759408856,6006.741512477553,2335.763676652756,2335.763676652756,3252.839123700149
2024-08-07T00:00:00Z,2336.00990075461,878.3524061618541,878.3524061618541,878.3524061618541,750.5590710469015,750.5590710469015,750.5590710469015,127.79333511495258,127.79333511495258,127.79333511495258,0,0,0,537.5180074121737,5869.66686281398,2336.00990075461,2336.00990075461,3214.362306916464
2024-08-08T00:00:00Z,2336.256124856464,965.6447746474304,965.6447746474304,965.6447746474304,838.0716227717635,838.0716227717635,838.0716227717635,127.57315187566701,127.57315187566701,127.57315187566701,0,0,0,673.7401184452385,6006.769263354392,2336.256124856464,2336.256124856464,3301.9008995038944
2024-08-09T00:00:00Z,2336.502348958318,1004.0696389658517,1004.0696389658517,1004.0696389658517,875.7343040618814,875.7343040618814,875.7343040618814,128.33533490397033,128.33533490397033,128.33533490397033,0,0,0,586.4244332145694,6096.75750485113,2336.502348958318,2336.502348958318,3340.5719879241697
2024-08-10T00:00:00Z,2336.748573060172,-1270.295836777637,-1270.295836777637,-1270.295836777637,-1400.6798521521525,-1400.6798521521525,-1400.6798521521525,130.3840153745157,130.3840153745157,130.3840153745157,0,0,0,-1635.9893835114797,3788.00797659084,2336.748573060172,2336.748573060172,1066.452736282535
2024-08-11T00:00:00Z,2336.9947971620263,-1925.2410013878525,-1925.2410013878525,-1925.2410013878525,-2059.2151237500902,-2059.2151237500902,-2059.2151237500902,133.97412236223767,133.97412236223767,133.97412236223767,0,0,0,-2427.736662212867,3220.6589014567917,2336.9947971620263,2336.9947971620263,411.7537957741738
2024-08-12T00:00:00Z,2337.24102126388,346.4097930385495,346.4097930385495,346.4097930385495,207.10923604217396,207.10923604217396,207.10923604217396,139.30055699637555,139.30055699637555,139.30055699637555,0,0,0,-267.46937623926203,5231.2920179695375,2337.24102126388,2337.24102126388,2683.65081430243
2024-08-13T00:00:00Z,2337.487245365734,934.9098069102143,934.9098069102143,934.9098069102143,788.4207419724977,788.4207419724977,788.4207419724977,146.48906493771636,146.48906493771636,146.48906493771636,0,0,0,299.7441132820119,6010.93793752228,2337.487245365734,2337.487245365734,3272.3970522759482
2024-08-14T00:00:00Z,2337.7334694675883,906.1482021509853,906.1482021509853,906.1482021509853,750.5590710470265,750.5590710470265,750.5590710470265,155.58913110395906,155.58913110395906,155.58913110395906,0,0,0,276.69984094599306,5999.491470933561,2337.7334694675883,2337.7334694675883,3243.881671618574
2024-08-15T00:00:00Z,2337.979693569442,1004.6407862206909,1004.6407862206909,1004.6407862206909,838.0716227733992,838.0716227733992,838.0716227733992,166.5691634472917,166.5691634472917,166.5691634472917,0,0,0,645.27158860353,5921.977394435533,2337.979693569442,2337.979693569442,3342.620479790133
2024-08-16T00:00:00Z,2338.225917671296,1055.0484705694832,1055.0484705694832,1055.0484705694832,875.7343040664697,875.7343040664697,875.7343040664697,179.3141665030137,179.3141665030137,179.3141665030137,0,0,0,521.3216717818023,6169.974609981496,2338.225917671296,2338.225917671296,3393.2743882407794
2024-08-17T00:00:00Z,2338.4721417731503,-1207.0538198782053,-1207.0538198782053,-1207.0538198782053,-1400.6798521533347,-1400.6798521533347,-1400.6798521533347,193.62603227512926,193.62603227512926,193.62603227512926,0,0,0,-1635.2152584042947,3927.5431420438886,2338.4721417731503,2338.4721417731503,1131.418321894945
2024-08-18T00:00:00Z,2338.718365875004,-1849.9886258113374,-1849.9886258113374,-1849.9886258113374,-2059.2151237495664,-2059.2151237495664,-2059.2151237495664,209.22649793822933,209.22649793822933,209.22649793822933,0,0,0,-2386.0679058489345,3305.0478386209124,2338.718365875004,2338.718365875004,488.72974006366667
2024-08-19T00:00:00Z,2338.9645899768584,432.871975183726,432.871975183726,432.871975183726,207.10923604291798,207.10923604291798,207.10923604291798,225.7627391408081,225.7627391408081,225.7627391408081,0,0,0,61.702344932951284,5480.196546895999,2338.9645899768584,2338.9645899768584,2771.8365651605845
2024-08-20T00:00:00Z,2339.2108140787122,1031.2362287530786,1031.2362287530786,1031.2362287530786,788.4207419726564,788.4207419726564,788.4207419726564,242.8154867804222,242.8154867804222,242.8154867804222,0,0,0,608.1100918292916,6278.802842006183,2339.2108140787122,2339.2108140787122,3370.447042831791
2024-08-21T00:00:00Z,2339.457038180566,1010.4685474960636,1010.4685474960636,1010.4685474960636,750.5590710468584,750.5590710468584,750.5590710468584,259.9094764492051,259.9094764492051,259.9094764492051,0,0,0,662.1542117858659,6094.2711761076325,2339.457038180566,2339.457038180566,3349.9255856766295
2024-08-22T00:00:00Z,2339.70326228242,1114.5975884735903,1114.5975884735903,1114.5975884735903,838.0716227704173,838.0716227704173,838.0716227704173,276.5259657031732,276.5259657031732,276.5259657031732,0,0,0,604.0956328971331,6321.061920671754,2339.70326228242,2339.70326228242,3454.3008507560103
2024-08-23T00:00:00Z,2339.949486384274,1167.8512912411227,1167.8512912411227,1167.8512912411227,875.7343040664405,875.7343040664405,875.7343040664405,292.1169871746824,292.1169871746824,292.1169871746824,0,0,0,698.9080254298434,6224.587443033669,2339.949486384274,2339.949486384274,3507.800777625397
2024-08-24T00:00:00Z,2340.195710486128,-1094.558904725883,-1094.558904725883,-1094.558904725883,-1400.679852154517,-1400.679852154517,-1400.679852154517,306.1209474286341,306.1209474286341,306.1209474286341,0,0,0,-1464.6264450795143,4152.019124983281,2340.195710486128,2340.195710486128,1245.6368057602451
2024-08-25T00:00:00Z,2340.4419345879824,-1741.23598955031,-1741.23598955031,-1741.23598955031,-2059.2151237476282,-2059.2151237476282,-2059.2151237476282,317.97913419731816,317.97913419731816,317.97913419731816,0,0,0,-2223.817480841878,3292.937140952198,2340.4419345879824,2340.4419345879824,599.2059450376723
2024-08-26T00:00:00Z,2340.688158689836,534.2618958120289,534.2618958120289,534.2618958120289,207.10923604567066,207.10923604567066,207.10923604567066,327.15265976635834,327.15265976635834,327.15265976635834,0,0,0,52.395610074769444,5599.736882632975,2340.688158689836,2340.688158689836,2874.950054501865
2024-08-27T00:00:00Z,2340.93438279169,1121.5600889747607,1121.5600889747607,1121.5600889747607,788.4207419732272,788.4207419732272,788.4207419732272,333.13934700153317,333.13934700153317,333.13934700153317,0,0,0,693.9921673366737,6318.711127967744,2340.93438279169,2340.93438279169,3462.4944717664507
2024-08-28T00:00:00Z,2341.1806068935443,1086.0491286496135,1086.0491286496135,1086.0491286496135,750.5590710466904,750.5590710466904,750.5590710466904,335.4900576029232,335.4900576029232,335.4900576029232,0,0,0,762.0225244601887,6218.853243945874,2341.1806068935443,2341.1806068935443,3427.229735543158
2024-08-29T00:00:00Z,2341.426830995398,1171.895592783708,1171.895592783708,1171.895592783708,838.0716227711308,838.0716227711308,838.0716227711308,333.8239700125769,333.8239700125769,333.8239700125769,0,0,0,764.2400126489714,6115.666426759868,2341.426830995398,2341.426830995398,3513.3224237791064
2024-08-30T00:00:00Z,2341.673055097252,1203.5766409878577,1203.5766409878577,1203.5766409878577,875.7343040636724,875.7343040636724,875.7343040636724,327.8423369241854,327.8423369241854,327.8423369241854,0,0,0,669.8114129705036,6224.065076692533,2341.673055097252,2341.673055097252,3545.2496960851095
2024-08-31T00:00:00Z,2341.9192791991063,-1083.3395631138717,-1083.3395631138717,-1083.3395631138717,-1400.6798521572443,-1400.6798521572443,-1400.6798521572443,317.34028904337254,317.34028904337254,317.34028904337254,0,0,0,-1514.9179261545314,3819.1468771018303,2341.9192791991063,2341.9192791991063,1258.5797160852346
2024-09-01T00:00:00Z,2342.16550330096,-1756.9988220487378,-1756.9988220487378,-1756.9988220487378,-2059.215123748519,-2059.215123748519,-2059.215123748519,302.2163016997813,302.2163016997813,302.2163016997813,0,0,0,-2323.5417270754783,3298.4807247390017,2342.16550330096,2342.16550330096,585.1666812522224
2024-09-02T00:00:00Z,2342.4117274028144,489.5882388322536,489.5882388322536,489.5882388322536,207.10923604641465,207.10923604641465,207.10923604641465,282.47900278583893,282.47900278583893,282.47900278583893,0,0,0,-35.64877086155917,5557.547956458683,2342.4117274028144,2342.4117274028144,2831.999966235068
2024-09-03T00:00:00Z,2342.6579515046683,1046.6718145740267,1046.6718145740267,1046.6718145740267,788.4207419729908,788.4207419729908,788.4207419729908,258.251072601036,258.251072601036,258.251072601036,0,0,0,759.0667947137356,6269.307208982733,2342.6579515046683,2342.6579515046683,3389.329766078695
2024-09-04T00:00:00Z,2342.904175606522,980.3291375430886,980.3291375430886,980.3291375430886,750.5590710465227,750.5590710465227,750.5590710465227,229.77006649656587,229.77006649656587,229.77006649656587,0,0,0,736.0906486928254,6136.451044355432,2342.904175606522,2342.904175606522,3323.2333131496107
2024-09-05T00:00:00Z,2343.150399708376,1035.4577002503854,1035.4577002503854,1035.4577002503854,838.071622770922,838.071622770922,838.071622770922,197.38607747946355,197.38607747946355,197.38607747946355,0,0,0,656.7403628298532,6246.77330626322,2343.150399708376,2343.150399708376,3378.608099958761
2024-09-06T00:00:00Z,2343.3966238102303,1037.2905497296504,1037.2905497296504,1037.2905497296504,875.7343040636426,875.7343040636426,875.7343040636426,161.5562456660075,161.5562456660075,161.5562456660075,0,0,0,663.0446832745249,6124.980050032962,2343.3966238102303,2343.3966238102303,3380.687173539881
2024-09-07T00:00:00Z,2343.6428479120846,-1277.8436400547118,-1277.8436400547118,-1277.8436400547118,-1400.6798521499782,-1400.6798521499782,-1400.6798521499782,122.83621209526628,122.83621209526628,122.83621209526628,0,0,0,-1715.107649898909,3878.572426308858,2343.6428479120846,2343.6428479120846,1065.7992078573727
2024-09-08T00:00:00Z,2343.889072013938,-1977.3464204850827,-1977.3464204850827,-1977.3464204850827,-2059.215123751239,-2059.215123751239,-2059.215123751239,81.86870326615606,81.86870326615606,81.86870326615606,0,0,0,-2330.626208207054,3299.5899738548264,2343.889072013938,2343.889072013938,366.54265152885523
2024-09-09T00:00:00Z,2344.1352961157922,246.47875329502938,246.47875329502938,246.47875329502938,207.10923604816273,207.10923604816273,207.10923604816273,39.36951724686663,39.36951724686663,39.36951724686663,0,0,0,33.35975222547719,5331.10499706754,2344.1352961157922,2344.1352961157922,2590.6140494108217
2024-09-10T00:00:00Z,2344.381520217646,784.5320017854802,784.5320017854802,784.5320017854802,788.4207419727543,788.4207419727543,788.4207419727543,-3.8887401872740064,-3.8887401872740064,-3.8887401872740064,0,0,0,415.9000232087426,5941.148829629519,2344.381520217646,2344.381520217646,3128.913522003126
2024-09-11T00:00:00Z,2344.6277443195,703.4643185155547,703.4643185155547,703.4643185155547,750.5590710466474,750.5590710466474,750.5590710466474,-47.09475253109267,-47.09475253109267,-47.09475253109267,0,0,0,67.9546255499705,5832.543836280099,2344.6277443195,2344.6277443195,3048.0920628350545
2024-09-12T00:00:00Z,2344.8739683304157,748.65367411273985,748.65367411273985,748.65367411273985,838.0716227697848,838.0716227697848,838.0716227697848,-89.417948657045,-89.417948657045,-89.417948657045,0,0,0,339.44137013425774,5902.239585172206,2344.8739683304157,2344.8739683304157,3093.5276424431554
2024-09-13T00:00:00Z,2345.1201923413314,745.705504082594,745.705504082594,745.705504082594,875.7343040636131,875.7343040636131,875.7343040636131,-130.02879998101906,-130.02879998101906,-130.02879998101906,0,0,0,251.27954187582046,5915.700726966107,2345.1201923413314,2345.1201923413314,3090.8256964239254
2024-09-14T00:00:00Z,2345.3664163522467,-1568.799263110585,-1568.799263110585,-1568.799263110585,-1400.679852151161,-1400.679852151161,-1400.679852151161,-168.1194109594239,-168.1194109594239,-168.1194109594239,0,0,0,-1975.0540901447043,3334.8686040172715,2345.3664163522467,2345.3664163522467,776.5671532416618
2024-09-15T00:00:00Z,2345.6126403631624,-2262.138964695521,-2262.138964695521,-2262.138964695521,-2059.215123750715,-2059.215123750715,-2059.215123750715,-202.92384094480593,-202.92384094480593,-202.92384094480593,0,0,0,-2580.5314821771303,2792.1801671767607,2345.6126403631624,2345.6126403631624,83.4736756676416
2024-09-16T00:00:00Z,2345.858864374078,-26.628361092256718,-26.628361092256718,-26.628361092256718,207.10923604991106,207.10923604991106,207.10923604991106,-233.7375971421678,-233.7375971421678,-233.7375971421678,0,0,0,-593.9787330843434,4958.648151548124,2345.858864374078,2345.858864374078,2319.2305032818213
2024-09-17T00:00:00Z,2346.105088384994,528.4849858211439,528.4849858211439,528.4849858211439,788.4207419729127,788.4207419729127,788.4207419729127,-259.93575615176866,-259.93575615176866,-259.93575615176866,0,0,0,84.06921988140661,5674.466154640331,2346.105088384994,2346.105088384994,2874.5900742061376
2024-09-18T00:00:00Z,2346.3513123959096,469.56986607652647,469.56986607652647,469.56986607652647,750.5590710467443,750.5590710467443,750.5590710467443,-280.98920497021794,-280.98920497021794,-280.98920497021794,0,0,0,300.77388322987383,5594.523606835399,2346.3513123959096,2346.3513123959096,2815.921178472436
2024-09-19T00:00:00Z,2346.5975364068254,541.5930822507993,541.5930822507993,541.5930822507993,838.0716227695758,838.0716227695758,838.0716227695758,-296.4785405187767,-296.4785405187767,-296.4785405187767,0,0,0,283.71709748072533,5674.431654125531,2346.5975364068254,2346.5975364068254,2888.190618657625
2024-09-20T00:00:00Z,2346.8437604177407,569.6290755977303,569.6290755977303,569.6290755977303,875.7343040608451,875.7343040608451,875.7343040608451,-306.1052284631148,-306.1052284631148,-306.1052284631148,0,0,0,418.14208722972484,5616.323127083104,2346.8437604177407,2346.8437604177407,2916.472836015471
2024-09-21T00:00:00Z,2347.0899844286564,-1710.3795477879844,-1710.3795477879844,-1710.3795477879844,-1400.679852152343,-1400.679852152343,-1400.679852152343,-309.6996956356415,-309.6996956356415,-309.6996956356415,0,0,0,-2043.082506296241,3407.9961217746272,2347.0899844286564,2347.0899844286564,636.710436640672
2024-09-22T00:00:00Z,2347.3362084395717,-2366.441237447683,-2366.441237447683,-2366.441237447683,-2059.2151237487765,-2059.2151237487765,-2059.2151237487765,-307.2261136989066,-307.2261136989066,-307.2261136989066,0,0,0,-2820.4992534943995,2952.7866072407883,2347.3362084395717,2347.3362084395717,-19.10502900811116
2024-09-23T00:00:00Z,2347.5824324504874,-91.67448643750471,-91.67448643750471,-91.67448643750471,207.10923604328994,207.10923604328994,207.10923604328994,-298.78372248079467,-298.78372248079467,-298.78372248079467,0,0,0,-237.88091844052894,5263.282567718647,2347.5824324504874,2347.5824324504874,2255.907946012983
2024-09-24T00:00:00Z,2347.828656461403,503.81610488194286,503.81610488194286,503.81610488194286,788.4207419730709,788.4207419730709,788.4207419730709,-284.6046370911279,-284.6046370911279,-284.6046370911279,0,0,0,131.02835521702184,5478.66965409676,2347.828656461403,2347.828656461403,2851.644761343346
2024-09-25T00:00:00Z,2348.074880472319,485.51089026765675,485.51089026765675,485.51089026765675,750.559071046869,750.559071046869,750.559071046869,-265.0481807792126,-265.0481807792126,-265.0481807792126,0,0,0,25.232410766856393,5478.599091904469,2348.074880472319,2348.074880472319,2833.5857707399755
2024-09-26T00:00:00Z,2348.3211044832346,597.479740070698,597.479740070698,597.479740070698,838.0716227702893,838.0716227702893,838.0716227702893,-240.59188269959145,-240.59188269959145,-240.59188269959145,0,0,0,303.3810039406412,5864.867616057903,2348.3211044832346,2348.3211044832346,2945.8008445539326
2024-09-27T00:00:00Z,2348.5673284941504,663.9149305299393,663.9149305299393,663.9149305299393,875.7343040608155,875.7343040608155,875.7343040608155,-211.81937353087613,-211.81937353087613,-211.81937353087613,0,0,0,215.12636647484072,5801.751943430049,2348.5673284941504,2348.5673284941504,3012.4822590240897
2024-09-28T00:00:00Z,2348.813552505066,-1580.08535166691,-1580.08535166691,-1580.08535166691,-1400.6798521550704,-1400.6798521550704,-1400.6798521550704,-179.40549951183934,-179.40549951183934,-179.40549951183934,0,0,0,-1929.4407202135021,3346.277995161982,2348.813552505066,2348.813552505066,768.7282008381562
2024-09-29T00:00:00Z,2349.0597765159814,-2203.314178129331,-2203.314178129331,-2203.314178129331,-2059.2151237496673,-2059.2151237496673,-2059.2151237496673,-144.09905437966407,-144.09905437966407,-144.09905437966407,0,0,0,-2567.71808182434,2743.7427173103783,2349.0597765159814,2349.0597765159814,145.74559838665027
2024-09-30T00:00:00Z,2349.3060005268967,100.40563944844216,100.40563944844216,100.40563944844216,207.10923604403402,207.10923604403402,207.10923604403402,-106.70359659559185,-106.70359659559185,-106.70359659559185,0,0,0,-389.38144233567107,5188.158783411773,2349.3060005268967,2349.3060005268967,2449.711639975339
2024-10-01T00:00:00Z,2349.5522245378124,720.3638678455164,720.3638678455164,720.3638678455164,788.4207419724395,788.4207419724395,788.4207419724395,-68.05687412692308,-68.05687412692308,-68.05687412692308,0,0,0,322.5501815449838,5805.813057057516,2349.5522245378124,2349.5522245378124,3069.9160923833288
2024-10-02T00:00:00Z,2349.798448548728,721.5496517722192,721.5496517722192,721.5496517722192,750.5590710467015,750.5590710467015,750.5590710467015,-29.009419274482457,-29.009419274482457,-29.009419274482457,0,0,0,297.4607544592132,5849.831685757845,2349.798448548728,2349.798448548728,3071.348100320947
2024-10-03T00:00:00Z,2350.044672559644,847.6687223852749,847.6687223852749,847.6687223852749,838.0716227710027,838.0716227710027,838.0716227710027,9.597099614272182,9.597099614272182,9.597099614272182,0,0,0,443.84915607959846,5810.9587171359635,2350.044672559644,2350.044672559644,3197.713394944919
2024-10-04T00:00:00Z,2350.2908965705597,922.6854790692291,922.6854790692291,922.6854790692291,875.7343040654036,875.7343040654036,875.7343040654036,46.9511750038255,46.9511750038255,46.9511750038255,0,0,0,530.8143768937044,5847.067572943211,2350.2908965705597,2350.2908965705597,3272.976375639789
2024-10-05T00:00:00Z,2350.5371205814754,-1318.3880318708739,-1318.3880318708739,-1318.3880318708739,-1400.6798521547078,-1400.6798521547078,-1400.6798521547078,82.29182028383366,82.29182028383366,82.29182028383366,0,0,0,-1586.9289171927328,3974.7961694369264,2350.5371205814754,2350.5371205814754,1032.1490887106015
2024-10-06T00:00:00Z,2350.783344592391,-1944.2876899904352,-1944.2876899904352,-1944.2876899904352,-2059.215123747729,-2059.215123747729,-2059.215123747729,114.92743375729397,114.92743375729397,114.92743375729397,0,0,0,-2313.974946944805,3240.725712293673,2350.783344592391,2350.783344592391,406.49565460195595
2024-10-07T00:00:00Z,2351.029568603307,351.3618851641347,351.3618851641347,351.3618851641347,207.10923604678644,207.10923604678644,207.10923604678644,144.2526491173483,144.2526491173483,144.2526491173483,0,0,0,-140.98047869222646,5449.942524611291,2351.029568603307,2351.029568603307,2702.391453767442
2024-10-08T00:00:00Z,2351.2757926142217,958.1834538455375,958.1834538455375,958.1834538455375,788.420741972598,788.420741972598,788.420741972598,169.7627118729397,169.7627118729397,169.7627118729397,0,0,0,450.3580983330928,6215.873260707916,2351.2757926142217,2351.2757926142217,3309.459246459759
2024-10-09T00:00:00Z,2351.5220166251374,941.6240623776417,941.6240623776417,941.6240623776417,750.5590710470914,750.5590710470914,750.5590710470914,191.0649913305504,191.0649913305504,191.0649913305504,0,0,0,588.1118438132844,6052.021322384699,2351.5220166251374,2351.5220166251374,3293.146079002779
2024-10-10T00:00:00Z,2351.768240636053,1045.9589419485399,1045.9589419485399,1045.9589419485399,838.0716227717164,838.0716227717164,838.0716227717164,207.8873191768233,207.8873191768233,207.8873191768233,0,0,0,688.1295838601477,6110.867594959309,2351.768240636053,2351.768240636053,3397.727182584593
2024-10-11T00:00:00Z,2352.014464646969,1095.8172401886748,1095.8172401886748,1095.8172401886748,875.7343040653743,875.7343040653743,875.7343040653743,220.08293612330056,220.08293612330056,220.08293612330056,0,0,0,803.5968010118829,6215.839683278771,2352.014464646969,2352.014464646969,3447.831704835644
2024-10-12T00:00:00Z,2352.2606886578847,-1173.0479272655712,-1173.0479272655712,-1173.0479272655712,-1400.6798521489864,-1400.6798521489864,-1400.6798521489864,227.63192488341537,227.63192488341537,227.63192488341537,0,0,0,-1546.4848950487826,3771.7548516478264,2352.2606886578847,2352.2606886578847,1179.2127613923135
2024-10-13T00:00:00Z,2352.5069126688004,-1828.576015584846,-1828.576015584846,-1828.576015584846,-2059.2151237472053,-2059.2151237472053,-2059.2151237472053,230.63910816235955,230.63910816235955,230.63910816235955,0,0,0,-2241.649831044368,3530.1867948924373,2352.5069126688004,2352.5069126688004,523.9308970839545
2024-10-14T00:00:00Z,2352.753136679716,436.43772750707285,436.43772750707285,436.43772750707285,207.10923604753043,207.10923604753043,207.10923604753043,229.32849145954242,229.32849145954242,229.32849145954242,0,0,0,-72.34930249848966,5428.478756078596,2352.753136679716,2352.753136679716,2789.190864186789
2024-10-15T00:00:00Z,2352.999360690632,1012.455171360036,1012.455171360036,1012.455171360036,788.4207419731688,788.4207419731688,788.4207419731688,224.0344293868672,224.0344293868672,224.0344293868672,0,0,0,565.7653652602198,6122.323929594377,2352.999360690632,2352.999360690632,3365.4545320506677
2024-10-16T00:00:00Z,2353.245584701547,965.7488590511998,965.7488590511998,965.7488590511998,750.5590710469232,750.5590710469232,750.5590710469232,215.18978800427652,215.18978800427652,215.18978800427652,0,0,0,738.6787535440324,5915.179013770362,2353.245584701547,2353.245584701547,3318.994443752747
2024-10-17T00:00:00Z,2353.4918087124624,1041.3830844322213,1041.3830844322213,1041.3830844322213,838.0716227715076,838.0716227715076,838.0716227715076,203.3114616607139,203.3114616607139,203.3114616607139,0,0,0,729.2487348276968,6304.440727606474,2353.4918087124624,2353.4918087124624,3394.8748931446835
2024-10-18T00:00:00Z,2353.738032723378,1064.7179825185326,1064.7179825185326,1064.7179825185326,875.7343040626062,875.7343040626062,875.7343040626062,188.98367845592657,188.98367845592657,188.98367845592657,0,0,0,707.0424637509057,5970.7442785575395,2353.738032723378,2353.738032723378,3418.456015241911
2024-10-19T00:00:00Z,2353.984256734294,-1227.8402606356556,-1227.8402606356556,-1227.8402606356556,-1400.679852151714,-1400.679852151714,-1400.679852151714,172.83959151605796,172.83959151605796,172.83959151605796,0,0,0,-1718.4419582954883,3893.9992423296576,2353.984256734294,2353.984256734294,1126.1439960986384
2024-10-20T00:00:00Z,2354.2304807452097,-1903.6734218349695,-1903.6734218349695,-1903.6734218349695,-2059.2151237513394,-2059.2151237513394,-2059.2151237513394,155.54170191637,155.54170191637,155.54170191637,0,0,0,-2192.365761432637,3226.338203451555,2354.2304807452097,2354.2304807452097,450.55705891024013
2024-10-21T00:00:00Z,2354.4767047561254,344.8709279068151,344.8709279068151,344.8709279068151,207.10923604927873,207.10923604927873,207.10923604927873,137.7616918575363,137.7616918575363,137.7616918575363,0,0,0,-22.93434580466116,5551.470005058643,2354.4767047561254,2354.4767047561254,2699.3476326629407
2024-10-22T00:00:00Z,2354.722928767041,908.5810045831009,908.5810045831009,908.5810045831009,788.4207419729325,788.4207419729325,788.4207419729325,120.16026261016826,120.16026261016826,120.16026261016826,0,0,0,481.8332139347028,5999.686541346744,2354.722928767041,2354.722928767041,3263.303933350142
2024-10-23T00:00:00Z,2354.969152777957,853.9266413313031,853.9266413313031,853.9266413313031,750.5590710470482,750.5590710470482,750.5590710470482,103.36757028425492,103.36757028425492,103.36757028425492,0,0,0,486.08357554507086,5860.323718373043,2354.969152777957,2354.969152777957,3208.89579410926
2024-10-24T00:00:00Z,2355.215376788872,926.036456443889,926.036456443889,926.036456443889,838.0716227731432,838.0716227731432,838.0716227731432,87.96483367074596,87.96483367074596,87.96483367074596,0,0,0,489.3793779276833,6061.038673430184,2355.215376788872,2355.215376788872,3281.2518332327613
2024-10-25T00:00:00Z,2355.461600799788,950.2019568040398,950.2019568040398,950.2019568040398,875.7343040625767,875.7343040625767,875.7343040625767,74.46765274146306,74.46765274146306,74.46765274146306,0,0,0,579.0593628586614,5960.2002761957365,2355.461600799788,2355.461600799788,3305.663557603828
2024-10-26T00:00:00Z,2355.707824810703,-1337.368327253712,-1337.368327253712,-1337.368327253712,-1400.6798521513513,-1400.6798521513513,-1400.6798521513513,63.31152489763886,63.31152489763886,63.31152489763886,0,0,0,-1762.3005038415522,3840.5599135297684,2355.707824810703,2355.707824810703,1018.3394975569911
2024-10-27T00:00:00Z,2355.954048821619,-2004.375143561023,-2004.375143561023,-2004.375143561023,-2059.215123750816,-2059.215123750816,-2059.215123750816,54.839980189792904,54.839980189792904,54.839980189792904,0,0,0,-2482.8323240715617,3309.814366896529,2355.954048821619,2355.954048821619,351.578905260596
2024-10-28T00:00:00Z,2356.2002728325347,256.4049144481321,256.4049144481321,256.4049144481321,207.10923605002276,207.10923605002276,207.10923605002276,49.29567839810932,49.29567839810932,49.29567839810932,0,0,0,-96.973145878853245,5466.180138482316,2356.2002728325347,2356.2002728325347,2612.6051872806665
2024-10-29T00:00:00Z,2356.4464968434504,835.2354642934196,835.2354642934196,835.2354642934196,788.4207419726959,788.4207419726959,788.4207419726959,46.814722320723604,46.814722320723604,46.814722320723604,0,0,0,440.1806407291064,5917.533101616554,2356.4464968434504,2356.4464968434504,3191.68196113687
2024-10-30T00:00:00Z,2356.692720854366,797.9834164982597,797.9834164982597,797.9834164982597,750.5590710471731,750.5590710471731,750.5590710471731,47.42434545108644,47.42434545108644,47.42434545108644,0,0,0,445.59927385316917,6005.01005542665,2356.692720854366,2356.692720854366,3154.676137352626
2024-10-31T00:00:00Z,2356.938944865282,889.1156540021774,889.1156540021774,889.1156540021774,838.0716227701614,838.0716227701614,838.0716227701614,51.04403123201607,51.04403123201607,51.04403123201607,0,0,0,530.4989048462894,6058.639620499825,2356.938944865282,2356.938944865282,3246.0545988674594
2024-11-01T00:00:00Z,2357.1851688761976,933.2243222732387,933.2243222732387,933.2243222732387,875.7343040611779,875.7343040611779,875.7343040611779,57.49001821206079,57.49001821206079,57.49001821206079,0,0,0,663.4916860582052,5976.530517121253,2357.1851688761976,2357.1851688761976,3290.4094911494362
2024-11-02T00:00:00Z,2357.431392887113,-1334.1968084303505,-1334.1968084303505,-1334.1968084303505,-1400.6798521540782,-1400.6798521540782,-1400.6798521540782,66.48304372372777,66.48304372372777,66.48304372372777,0,0,0,-1830.2041459984341,3720.3224146283164,2357.431392887113,2357.431392887113,1023.2345844567624
2024-11-03T00:00:00Z,2357.6776168980286,-1981.5560426047275,-1981.5560426047275,-1981.5560426047275,-2059.2151237488774,-2059.2151237488774,-2059.2151237488774,77.65908114414981,77.65908114414981,77.65908114414981,0,0,0,-2281.782681477894,3220.2191799822467,2357.6776168980286,2357.6776168980286,376.12157429330114
2024-11-04T00:00:00Z,2357.9238409089444,297.69197132954037,297.69197132954037,297.69197132954037,207.10923605277523,207.10923605277523,207.10923605277523,90.58273527676508,90.58273527676508,90.58273527676508,0,0,0,-56.937257868786176,5452.7074841010835,2357.9238409089444,2357.9238409089444,2655.615812238485
2024-11-05T00:00:00Z,2358.1700648336473,893.1836215756557,893.1836215756557,893.1836215756557,788.4207419736616,788.4207419736616,788.4207419736616,104.76287960199393,104.76287960199393,104.76287960199393,0,0,0,546.8095428088361,5928.7893538772205,2358.1700648336473,2358.1700648336473,3251.353686409303
2024-11-06T00:00:00Z,2358.41628875835,870.2291215388193,870.2291215388193,870.2291215388193,750.5590710467123,750.5590710467123,750.5590710467123,119.67005049210688,119.67005049210688,119.67005049210688,0,0,0,524.373928492365,5996.421079209248,2358.41628875835,2358.41628875835,3228.6454102971693
2024-11-07T00:00:00Z,2358.6625126830536,972.8266818207173,972.8266818207173,972.8266818207173,838.0716227708749,838.0716227708749,838.0716227708749,134.7550590498425,134.7550590498425,134.7550590498425,0,0,0,737.5053911209274,6252.363978785556,2358.6625126830536,2358.6625126830536,3331.4891945037707
2024-11-08T00:00:00Z,2358.9087366077565,1025.2025467341537,1025.2025467341537,1025.2025467341537,875.7343040657664,875.7343040657664,875.7343040657664,149.4682426683873,149.4682426683873,149.4682426683873,0,0,0,656.3386707223815,6245.0521587554795,2358.9087366077565,2358.9087366077565,3384.11128334191
2024-11-09T00:00:00Z,2359.15496053246,-1237.4010952381764,-1237.4010952381764,-1237.4010952381764,-1400.6798521552607,-1400.6798521552607,-1400.6798521552607,163.27875691708414,163.27875691708414,163.27875691708414,0,0,0,-1676.1418103757733,3805.3391983761558,2359.15496053246,2359.15496053246,1121.7538652942835
2024-11-10T00:00:00Z,2359.4011844571623,-1883.5218190951393,-1883.5218190951393,-1883.5218190951393,-2059.2151237497683,-2059.2151237497683,-2059.2151237497683,175.6933046546291,175.6933046546291,175.6933046546291,0,0,0,-2330.4786104551704,3120.368616136315,2359.4011844571623,2359.4011844571623,475.879365362023
2024-11-11T00:00:00Z,2359.6474083818657,393.3829495734721,393.3829495734721,393.3829495734721,207.10923604515,207.10923604515,207.10923604515,186.27371352832225,186.27371352832225,186.27371352832225,0,0,0,99.40242049265984,5678.990819635865,2359.6474083818657,2359.6474083818657,2753.030357955338
2024-11-12T00:00:00Z,2359.8936323065686,983.0735468874918,983.0735468874918,983.0735468874918,788.4207419730303,788.4207419730303,788.4207419730303,194.65280491446123,194.65280491446123,194.65280491446123,0,0,0,509.167999652453,5947.853680236067,2359.8936323065686,2359.8936323065686,3342.9671791940605
2024-11-13T00:00:00Z,2360.1398562312716,951.1071170672304,951.1071170672304,951.1071170672304,750.5590710468373,750.5590710468373,750.5590710468373,200.5480460203932,200.5480460203932,200.5480460203932,0,0,0,549.2490565486181,6204.37736593687,2360.1398562312716,2360.1398562312716,3311.246973298502
2024-11-14T00:00:00Z,2360.3860801559745,1041.8441637324988,1041.8441637324988,1041.8441637324988,838.071622770666,838.071622770666,838.071622770666,203.77254096183307,203.77254096183307,203.77254096183307,0,0,0,453.8336719166025,6167.784142784481,2360.3860801559745,2360.3860801559745,3402.2302438884735
2024-11-15T00:00:00Z,2360.632304080678,1079.9772983992095,1079.9772983992095,1079.9772983992095,875.7343040643674,875.7343040643674,875.7343040643674,204.2429943348423,204.2429943348423,204.2429943348423,0,0,0,358.2891638663807,6331.221693592706,2360.632304080678,2360.632304080678,3440.609602479887
2024-11-16T00:00:00Z,2360.8785280053808,-1198.6954822431553,-1198.6954822431553,-1198.6954822431553,-1400.6798521495398,-1400.6798521495398,-1400.6798521495398,201.98436990638453,201.98436990638453,201.98436990638453,0,0,0,-1613.9403227976056,4023.1271851048473,2360.8785280053808,2360.8785280053808,1162.1830457622254
2024-11-17T00:00:00Z,2361.1247519300837,-1862.0840587587734,-1862.0840587587734,-1862.0840587587734,-2059.21512374783,-2059.21512374783,-2059.21512374783,197.13106498905645,197.13106498905645,197.13106498905645,0,0,0,-2329.5682636758943,3457.1407096131666,2361.1247519300837,2361.1247519300837,499.0406931713103
2024-11-18T00:00:00Z,2361.3709758547866,397.0337610586782,397.0337610586782,397.0337610586782,207.10923604689808,207.10923604689808,207.10923604689808,189.92452501178008,189.92452501178008,189.92452501178008,0,0,0,17.642387132591658,5670.13112897244,2361.3709758547866,2361.3709758547866,2758.4047369134646
2024-11-19T00:00:00Z,2361.61719977949,969.1280717019479,969.1280717019479,969.1280717019479,788.4207419731888,788.4207419731888,788.4207419731888,180.7073297287589,180.7073297287589,180.7073297287589,0,0,0,512.5698575754157,6296.859767083486,2361.61719977949,2361.61719977949,3330.745271481438
2024-11-20T00:00:00Z,2361.8634237041924,920.4729603453969,920.4729603453969,920.4729603453969,750.5590710466694,750.5590710466694,750.5590710466694,169.91388929872772,169.91388929872772,169.91388929872772,0,0,0,513.347302087176,5967.831006962263,2361.8634237041924,2361.8634237041924,3282.3363840495895
2024-11-21T00:00:00Z,2362.109647628896,996.129614747374,996.129614747374,996.129614747374,838.0716227723016,838.0716227723016,838.0716227723016,158.05799197507227,158.05799197507227,158.05799197507227,0,0,0,501.0573052873598,6005.724378096054,2362.109647628896,2362.109647628896,3358.23926237627
2024-11-22T00:00:00Z,2362.3558715535987,1021.4518463918929,1021.4518463918929,1021.4518463918929,875.7343040643377,875.7343040643377,875.7343040643377,145.7175423275552,145.7175423275552,145.7175423275552,0,0,0,632.5135811925231,6154.771030893711,2362.3558715535987,2362.3558715535987,3383.8077179454917
2024-11-23T00:00:00Z,2362.602095478302,-1267.162935287409,-1267.162935287409,-1267.162935287409,-1400.679852149177,-1400.679852149177,-1400.679852149177,133.51691686176784,133.51691686176784,133.51691686176784,0,0,0,-1730.3120925832338,3756.0804487255014,2362.602095478302,2362.602095478302,1095.439160190893
2024-11-24T00:00:00Z,2362.848319403005,-1937.1076837486448,-1937.1076837486448,-1937.1076837486448,-2059.215123745891,-2059.215123745891,-2059.215123745891,122.10743999724666,122.10743999724666,122.10743999724666,0,0,0,-2593.421599445681,3009.39137039411,2362.848319403005,2362.848319403005,425.7406356543602
2024-11-25T00:00:00Z,2363.094543327708,319.25578133219807,319.25578133219807,319.25578133219807,207.10923604864647,207.10923604864647,207.10923604864647,112.14654528355163,112.14654528355163,112.14654528355163,0,0,0,-350.04070084852793,5409.092586513709,2363.094543327708,2363.094543327708,2682.350324659906
2024-11-26T00:00:00Z,2363.340767252411,892.6969745567399,892.6969745567399,892.6969745567399,788.4207419729523,788.4207419729523,788.4207419729523,104.27623258378766,104.27623258378766,104.27623258378766,0,0,0,579.7265080992014,6069.145076769949,2363.340767252411,2363.340767252411,3256.0377418091507
2024-11-27T00:00:00Z,2363.586991177114,849.6605313303977,849.6605313303977,849.6605313303977,750.5590710470594,750.5590710470594,750.5590710470594,99.10146028333845,99.10146028333845,99.10146028333845,0,0,0,342.9715463775798,5985.285254758697,2363.586991177114,2363.586991177114,3213.247522507512
2024-11-28T00:00:00Z,2363.8332151018167,935.2407442021685,935.2407442021685,935.2407442021685,838.0716227720928,838.0716227720928,838.0716227720928,97.16912143007548,97.16912143007548,97.16912143007548,0,0,0,506.9705877955972,6327.91727259901,2363.8332151018167,2363.8332151018167,3299.0739593039852
2024-11-29T00:00:00Z,2364.07943902652,974.6825477397371,974.6825477397371,974.6825477397371,875.7343040615698,875.7343040615698,875.7343040615698,98.94824367816726,98.94824367816726,98.94824367816726,0,0,0,671.6415971139057,6186.0224743403605,2364.07943902652,2364.07943902652,3338.761986766257
2024-11-30T00:00:00Z,2364.325662951223,-1295.8678270534454,-1295.8678270534454,-1295.8678270534454,-1400.6798521519042,-1400.6798521519042,-1400.6798521519042,104.81202509845878,104.81202509845878,104.81202509845878,0,0,0,-1487.268321699592,3917.2818347065263,2364.325662951223,2364.325662951223,1068.4578358977776
2024-12-01T00:00:00Z,2364.5718868759263,-1944.1928517244571,-1944.1928517244571,-1944.1928517244571,-2059.2151237467824,-2059.2151237467824,-2059.2151237467824,115.0222720223259,115.0222720223259,115.0222720223259,0,0,0,-2320.166560143564,3197.2650489135176,2364.5718868759263,2364.5718868759263,420.3790351514692
2024-12-02T00:00:00Z,2364.8181108006293,336.8259783258283,336.8259783258283,336.8259783258283,207.10923604202526,207.10923604202526,207.10923604202526,129.716742283803,129.716742283803,129.716742283803,0,0,0,55.948169349885866,5456.735751069937,2364.8181108006293,2364.8181108006293,2701.6440891264574
2024-12-03T00:00:00Z,2365.064334725332,937.3205611950183,937.3205611950183,937.3205611950183,788.4207419731106,788.4207419731106,788.4207419731106,148.89981922190773,148.89981922190773,148.89981922190773,0,0,0,644.6158292229863,6159.8901288712495,2365.064334725332,2365.064334725332,3302.3848959203506
2024-12-04T00:00:00Z,2365.310558650035,922.9959217802888,922.9959217802888,922.9959217802888,750.5590710468911,750.5590710468911,750.5590710468911,172.4368507333975,172.4368507333975,172.4368507333975,0,0,0,587.8119254443898,6177.124863832997,2365.310558650035,2365.310558650035,3288.306480430324
2024-12-05T00:00:00Z,2365.5567825747385,1038.1240088311124,1038.1240088311124,1038.1240088311124,838.0716227691111,838.0716227691111,838.0716227691111,200.05238606200157,200.05238606200157,200.05238606200157,0,0,0,739.6914028318342,6147.198247312889,2365.5567825747385,2365.5567825747385,3403.680791405851
2024-12-06T00:00:00Z,2365.803006499441,1107.0667377762802,1107.0667377762802,1107.0667377762802,875.7343040615403,875.7343040615403,875.7343040615403,231.33243371473975,231.33243371473975,231.33243371473975,0,0,0,526.6512888902738,5941.956402239178,2365.803006499441,2365.803006499441,3472.869744275721
2024-12-08T00:00:00Z,2366.295454348847,-1756.6360713127062,-1756.6360713127062,-1756.6360713127062,-2059.2151237495023,-2059.2151237495023,-2059.2151237495023,302.5790524367962,302.5790524367962,302.5790524367962,0,0,0,-2061.8255638579585,3258.2347005640218,2366.295454348847,2366.295454348847,609.659383036141
2024-12-09T00:00:00Z,2366.5416782735506,548.2101749159322,548.2101749159322,548.2101749159322,207.10923604276948,207.10923604276948,207.10923604276948,341.1009388731628,341.1009388731628,341.1009388731628,0,0,0,54.3425779942555,5591.539536959408,2366.5416782735506,2366.5416782735506,2914.751853189483
2024-12-10T00:00:00Z,2366.787902198253,1168.849927114062,1168.849927114062,1168.849927114062,788.4207419724794,788.4207419724794,788.4207419724794,380.42918514158305,380.42918514158305,380.42918514158305,0,0,0,764.4817944998084,6047.972248299742,2366.787902198253,2366.787902198253,3535.6378293123153
2024-12-11T00:00:00Z,2367.0341261229564,1170.18506508636,1170.18506508636,1170.18506508636,750.5590710470158,750.5590710470158,750.5590710470158,419.6259940393442,419.6259940393442,419.6259940393442,0,0,0,1014.7198823841235,6268.848938031447,2367.0341261229564,2367.0341261229564,3537.2191912093167
2024-12-12T00:00:00Z,2367.2803500476593,1295.7773026995392,1295.7773026995392,1295.7773026995392,838.0716227707468,838.0716227707468,838.0716227707468,457.7056799287925,457.7056799287925,457.7056799287925,0,0,0,936.8079455107779,6381.32711773739,2367.2803500476593,2367.2803500476593,3663.0576527471985
2024-12-13T00:00:00Z,2367.5265739723623,1369.393502411872,1369.393502411872,1369.393502411872,875.7343040661286,875.7343040661286,875.7343040661286,493.6591983457433,493.6591983457433,493.6591983457433,0,0,0,844.9567953892636,6440.518261495123,2367.5265739723623,2367.5265739723623,3736.9200763842346
2024-12-14T00:00:00Z,2367.772797897065,-874.1999809288936,-874.1999809288936,-874.1999809288936,-1400.6798521542685,-1400.6798521542685,-1400.6798521542685,526.479871225375,526.479871225375,526.479871225375,0,0,0,-1345.2840406807186,4146.926614458156,2367.772797897065,2367.772797897065,1493.5728169681715
2024-12-15T00:00:00Z,2368.0190218217685,-1504.0255063937966,-1504.0255063937966,-1504.0255063937966,-2059.2151237489784,-2059.2151237489784,-2059.2151237489784,555.1896173551818,555.1896173551818,555.1896173551818,0,0,0,-1843.6287055218045,3733.0898007796227,2368.0190218217685,2368.0190218217685,863.9935154279719
2024-12-16T00:00:00Z,2368.2652457464715,785.9742118023994,785.9742118023994,785.9742118023994,207.1092360455218,207.1092360455218,207.1092360455218,578.8649757568775,578.8649757568775,578.8649757568775,0,0,0,350.94656005414026,5961.493264051254,2368.2652457464715,2368.2652457464715,3154.2394575488706
2024-12-17T00:00:00Z,2368.511469671175,1385.0829495769256,1385.0829495769256,1385.0829495769256,788.4207419726376,788.4207419726376,788.4207419726376,596.6622076042884,596.6622076042884,596.6622076042884,0,0,0,851.3178093705747,6627.942943008201,2368.511469671175,2368.511469671175,3753.5944192481
2024-12-18T00:00:00Z,2368.7576935958773,1358.399851258264,1358.399851258264,1358.399851258264,750.5590710465555,750.5590710465555,750.5590710465555,607.8407802117091,607.8407802117091,607.8407802117091,0,0,0,1011.5712255154767,6611.80156516509,2368.7576935958773,2368.7576935958773,3727.1575448541416
2024-12-19T00:00:00Z,2369.0039175205807,1449.856196925814,1449.856196925814,1449.856196925814,838.0716227705379,838.0716227705379,838.0716227705379,611.7845741552758,611.7845741552758,611.7845741552758,0,0,0,1102.3566343287496,6538.793813683738,2369.0039175205807,2369.0039175205807,3818.8601144463946
2024-12-20T00:00:00Z,2369.2501414452836,1483.7545148841573,1483.7545148841573,1483.7545148841573,875.7343040660991,875.7343040660991,875.7343040660991,608.0202108180579,608.0202108180579,608.0202108180579,0,0,0,1081.9941223994003,6704.596334402425,2369.2501414452836,2369.2501414452836,3853.004656329441
2024-12-21T00:00:00Z,2369.4963653699865,-804.4478810901788,-804.4478810901788,-804.4478810901788,-1400.6798521554508,-1400.6798521554508,-1400.6798521554508,596.231971065272,596.231971065272,596.231971065272,0,0,0,-1293.9419108728061,4295.8072186132795,2369.4963653699865,2369.4963653699865,1565.0484842798078
2024-12-22T00:00:00Z,2369.7425892946894,-1482.942259333526,-1482.942259333526,-1482.942259333526,-2059.21512374704,-2059.21512374704,-2059.21512374704,576.272864413514,576.272864413514,576.272864413514,0,0,0,-1852.5908512683125,3617.3739018693122,2369.7425892946894,2369.7425892946894,886.8003299611635
2024-12-23T00:00:00Z,2369.988813219393,755.28074559394,755.28074559394,755.28074559394,207.10923604626586,207.10923604626586,207.10923604626586,548.1715095476742,548.1715095476742,548.1715095476742,0,0,0,331.29836925951156,5806.155511981725,2369.988813219393,2369.988813219393,3125.269558813333
2024-12-24T00:00:00Z,2370.2350371440957,1300.5553405472344,1300.5553405472344,1300.5553405472344,788.4207419732086,788.4207419732086,788.4207419732086,512.1345985740261,512.1345985740261,512.1345985740261,0,0,0,948.4661067195353,6411.921357914891,2370.2350371440957,2370.2350371440957,3670.79037769133
2024-12-25T00:00:00Z,2370.4812610687986,1219.1039069640324,1219.1039069640324,1219.1039069640324,750.5590710466801,750.5590710466801,750.5590710466801,468.5448359173524,468.5448359173524,468.5448359173524,0,0,0,781.7682100808604,6219.734808855221,2370.4812610687986,2370.4812610687986,3589.585168032831
2024-12-26T00:00:00Z,2370.7274849935015,1256.0259877601354,1256.0259877601354,1256.0259877601354,838.0716227712513,838.0716227712513,838.0716227712513,417.95436498888404,417.95436498888404,417.95436498888404,0,0,0,832.1920064115601,6399.072766161828,2370.7274849935015,2370.7274849935015,3626.7534727536367
2024-12-27T00:00:00Z,2370.973708918205,1236.8081223388867,1236.8081223388867,1236.8081223388867,875.7343040633311,875.7343040633311,875.7343040633311,361.07381827555525,361.07381827555525,361.07381827555525,0,0,0,916.1528781171427,6434.067922015148,2370.973708918205,2370.973708918205,3607.7818312570917
2024-12-28T00:00:00Z,2371.2199328429074,-1101.9226062417329,-1101.9226062417329,-1101.9226062417329,-1400.6798521581782,-1400.6798521581782,-1400.6798521581782,298.75724591644513,298.75724591644513,298.75724591644513,0,0,0,-1471.3027582946884,4334.440385159781,2371.2199328429074,2371.2199328429074,1269.2973266011745
2024-12-29T00:00:00Z,2371.466156767611,-1827.2318329491613,-1827.2318329491613,-1827.2318329491613,-2059.215123752589,-2059.215123752589,-2059.215123752589,231.98329080342802,231.98329080342802,231.98329080342802,0,0,0,-2241.7236259009665,3323.432395270529,2371.466156767611,2371.466156767611,544.2343238184499
2024-12-30T00:00:00Z,2371.7123807754733,368.9423176446057,368.9423176446057,368.9423176446057,207.10923604700992,207.10923604700992,207.10923604700992,161.83308159759576,161.83308159759576,161.83308159759576,0,0,0,-39.308464894590664,5493.384395989868,2371.7123807754733,2371.7123807754733,2740.654698420079
2024-12-31T00:00:00Z,2371.9586047833354,877.8861478702652,877.8861478702652,877.8861478702652,788.420741972972,788.420741972972,788.420741972972,89.465405897293,89.465405897293,89.465405897293,0,0,0,402.1965726967773,5992.774820011137,2371.9586047833354,2371.9586047833354,3249.8447526536006
2025-01-01T00:00:00Z,2372.204828791197,766.6488725971577,766.6488725971577,766.6488725971577,750.5590710465123,750.5590710465123,750.5590710465123,16.0898015506453,16.0898015506453,16.0898015506453,0,0,0,354.6101283267371,5879.694185539429,2372.204828791197,2372.204828791197,3138.8537013883547
2025-01-02T00:00:00Z,2372.4510527990597,781.0098854189077,781.0098854189077,781.0098854189077,838.0716227719648,838.0716227719648,838.0716227719648,-57.06173735305716,-57.06173735305716,-57.06173735305716,0,0,0,541.8731679304378,5852.170571345008,2372.4510527990597,2372.4510527990597,3153.4609382179674
2025-01-03T00:00:00Z,2372.6972768069218,746.9706004298807,746.9706004298807,746.9706004298807,875.7343040633016,875.7343040633016,875.7343040633016,-128.76370363342085,-128.76370363342085,-128.76370363342085,0,0,0,349.3534502910362,5980.764397023876,2372.6972768069218,2372.6972768069218,3119.6678772368023
2025-01-04T00:00:00Z,2372.943500814784,-1598.5057656615115,-1598.5057656615115,-1598.5057656615115,-1400.6798521493672,-1400.6798521493672,-1400.6798521493672,-197.82591351214455,-197.82591351214455,-197.82591351214455,0,0,0,-2121.2122809646967,3678.1882140479825,2372.943500814784,2372.943500814784,774.4377351532723
2025-01-05T00:00:00Z,2373.1897248226455,-2322.3366054076137,-2322.3366054076137,-2322.3366054076137,-2059.2151237506505,-2059.2151237506505,-2059.2151237506505,-263.1214816569632,-263.1214816569632,-263.1214816569632,0,0,0,-2771.915892072429,2770.1730925807096,2373.1897248226455,2373.1897248226455,50.85311941503187
2025-01-06T00:00:00Z,2373.435948830508,-116.50396555416296,-116.50396555416296,-116.50396555416296,207.10923604875825,207.10923604875825,207.10923604875825,-323.61320160292127,-323.61320160292127,-323.61320160292127,0,0,0,-676.9749179990931,4912.379955624608,2373.435948830508,2373.435948830508,2256.931983276345
2025-01-07T00:00:00Z,2373.68217283837,410.0431019114416,410.0431019114416,410.0431019114416,788.4207419727355,788.4207419727355,788.4207419727355,-378.3776400612939,-378.3776400612939,-378.3776400612939,0,0,0,-192.8758315350269,5690.391520737669,2373.68217283837,2373.68217283837,2783.725274749812
2025-01-08T00:00:00Z,2373.9283968462323,323.9327568108962,323.9327568108962,323.9327568108962,750.5590710471947,750.5590710471947,750.5590710471947,-426.62631423629864,-426.62631423629864,-426.62631423629864,0,0,0,-268.26618327403173,5622.547463037323,2373.9283968462323,2373.9283968462323,2697.8611536571284
2025-01-09T00:00:00Z,2374.174620854094,370.3482236256828,370.3482236256828,370.3482236256828,838.0716227699054,838.0716227699054,838.0716227699054,-467.7233991442224,-467.7233991442224,-467.7233991442224,0,0,0,-143.85474503260895,5353.269245870266,2374.174620854094,2374.174620854094,2744.5228444797767
2025-01-10T00:00:00Z,2374.4208448619565,374.5347991177748,374.5347991177748,374.5347991177748,875.7343040632719,875.7343040632719,875.7343040632719,-501.1995049454971,-501.1995049454971,-501.1995049454971,0,0,0,34.44788047581828,5417.006604136499,2374.4208448619565,2374.4208448619565,2748.9556439797316
2025-01-11T00:00:00Z,2374.6670688698186,-1927.4410220209224,-1927.4410220209224,-1927.4410220209224,-1400.6798521520943,-1400.6798521520943,-1400.6798521520943,-526.7611698688283,-526.7611698688283,-526.7611698688283,0,0,0,-2142.938262387409,3222.834677945852,2374.6670688698186,2374.6670688698186,447.2260468488962
2025-01-12T00:00:00Z,2374.9132928776808,-2603.510953293028,-2603.510953293028,-2603.510953293028,-2059.2151237501266,-2059.2151237501266,-2059.2151237501266,-544.2958295429008,-544.2958295429008,-544.2958295429008,0,0,0,-3140.2260618354244,2717.4604568722307,2374.9132928776808,2374.9132928776808,-228.59766041534704
2025-01-13T00:00:00Z,2375.1595168855424,-346.7629091945147,-346.7629091945147,-346.7629091945147,207.10923605050638,207.10923605050638,207.10923605050638,-553.8721452450212,-553.8721452450212,-553.8721452450212,0,0,0,-688.8884142259319,4823.066525859522,2375.1595168855424,2375.1595168855424,2028.3966076910278
2025-01-14T00:00:00Z,2375.4057408934045,232.68504358386159,232.68504358386159,232.68504358386159,788.420741972894,788.420741972894,788.420741972894,-555.73569838903245,-555.73569838903245,-555.73569838903245,0,0,0,-83.49322764761833,5424.2978597137835,2375.4057408934045,2375.4057408934045,2608.090784477266
2025-01-15T00:00:00Z,2375.651964901267,200.2588880054955,200.2588880054955,200.2588880054955,750.5590710467344,750.5590710467344,750.5590710467344,-550.3001830412387,-550.3001830412387,-550.3001830412387,0,0,0,-166.11834775177047,5126.632592699525,2375.651964901267,2375.651964901267,2575.9108529067626
2025-01-16T00:00:00Z,2375.898188909129,299.93727381829643,299.93727381829643,299.93727381829643,838.0716227696965,838.0716227696965,838.0716227696965,-538.1343489513998,-538.1343489513998,-538.1343489513998,0,0,0,9.426141890130655,5295.4536235000505,2375.898188909129,2375.898188909129,2675.8354627274257
2025-01-17T00:00:00Z,2376.144412916991,355.78924287953316,355.78924287953316,355.78924287953316,875.7343040605039,875.7343040605039,875.7343040605039,-519.9450611809706,-519.9450611809706,-519.9450611809706,0,0,0,125.04920801203437,5332.706789393995,2376.144412916991,2376.144412916991,2731.933655796524
2025-01-18T00:00:00Z,2376.3906369248534,-1897.2367979359854,-1897.2367979359854,-1897.2367979359854,-1400.679852153277,-1400.679852153277,-1400.679852153277,-496.5569457827082,-496.5569457827082,-496.5569457827082,0,0,0,-2223.6266766338663,3147.0223094445373,2376.3906369248534,2376.3906369248534,479.1538389888681
2025-01-19T00:00:00Z,2376.6368609327155,-2528.104305044011,-2528.104305044011,-2528.104305044011,-2059.215123749603,-2059.215123749603,-2059.215123749603,-468.8891812944084,-468.8891812944084,-468.8891812944084,0,0,0,-2964.6471521732165,2587.650067574805,2376.6368609327155,2376.6368609327155,-151.46744411129566
2025-01-20T00:00:00Z,2376.8830849405776,-230.82083455023084,-230.82083455023084,-230.82083455023084,207.1092360438852,207.1092360438852,207.1092360438852,-437.930070594116,-437.930070594116,-437.930070594116,0,0,0,-528.4202907848063,4751.117280840692,2376.8830849405776,2376.8830849405776,2146.062250390347
2025-01-21T00:00:00Z,2377.1293089484393,383.7106570877495,383.7106570877495,383.7106570877495,788.4207419722626,788.4207419722626,788.4207419722626,-404.71008488451304,-404.71008488451304,-404.71008488451304,0,0,0,-174.8521316242593,5425.620556225068,2377.1293089484393,2377.1293089484393,2760.839966036189
2025-01-22T00:00:00Z,2377.3755329563014,380.2849613428392,380.2849613428392,380.2849613428392,750.5590710468591,750.5590710468591,750.5590710468591,-370.2741097040199,-370.2741097040199,-370.2741097040199,0,0,0,-231.27631509268548,5583.248748037566,2377.3755329563014,2377.3755329563014,2757.6604942991407
2025-01-23T00:00:00Z,2377.621756964164,502.4179818798804,502.4179818798804,502.4179818798804,838.0716227704099,838.0716227704099,838.0716227704099,-335.6536408905296,-335.6536408905296,-335.6536408905296,0,0,0,-121.86937596995854,5961.372570464975,2377.621756964164,2377.621756964164,2880.039738844044
2025-01-24T00:00:00Z,2377.867980972026,573.8946281408138,573.8946281408138,573.8946281408138,875.7343040604745,875.7343040604745,875.7343040604745,-301.83967591966064,-301.83967591966064,-301.83967591966064,0,0,0,176.97139323104113,5690.7429701685305,2377.867980972026,2377.867980972026,2951.76260911284
2025-01-25T00:00:00Z,2378.114204979888,-1670.4368752771143,-1670.4368752771143,-1670.4368752771143,-1400.679852147556,-1400.679852147556,-1400.679852147556,-269.75702312955826,-269.75702312955826,-269.75702312955826,0,0,0,-2249.0854942590277,3451.4648534182547,2378.114204979888,2378.114204979888,707.6773297027739
2025-01-26T00:00:00Z,2378.36042898775,-2299.455832488422,-2299.455832488422,-2299.455832488422,-2059.2151237490793,-2059.2151237490793,-2059.2151237490793,-240.24070873934264,-240.24070873934264,-240.24070873934264,0,0,0,-2583.2334737270394,2974.3426228930343,2378.36042898775,2378.36042898775,78.90459649932791
2025-01-27T00:00:00Z,2378.6066529956124,-6.905864467987375,-6.905864467987375,-6.905864467987375,207.10923604462917,207.10923604462917,207.10923604462917,-214.01510051261653,-214.01510051261653,-214.01510051261653,0,0,0,-525.7636788385323,5184.081188819115,2378.6066529956124,2378.6066529956124,2371.7007885276253
2025-01-28T00:00:00Z,2378.8528770034745,596.7444527981949,596.7444527981949,596.7444527981949,788.4207419724211,788.4207419724211,788.4207419724211,-191.6762891742262,-191.6762891742262,-191.6762891742262,0,0,0,-17.357552005130852,5768.69949389739,2378.8528770034745,2378.8528770034745,2975.5973298016693
2025-01-29T00:00:00Z,2379.0991010113366,576.8808945660297,576.8808945660297,576.8808945660297,750.5590710466913,750.5590710466913,750.5590710466913,-173.67817648066156,-173.67817648066156,-173.67817648066156,0,0,0,272.9495763477117,5725.556263547085,2379.0991010113366,2379.0991010113366,2955.9799955773665
2025-01-30T00:00:00Z,2379.3453250191983,677.7490079910111,677.7490079910111,677.7490079910111,838.0716227711233,838.0716227711233,838.0716227711233,-160.3226147801123,-160.3226147801123,-160.3226147801123,0,0,0,273.54935309712425,5830.962868793837,2379.3453250191983,2379.3453250191983,3057.0943330102095
2025-01-31T00:00:00Z,2379.591549027061,723.9804741381841,723.9804741381841,723.9804741381841,875.7343040650627,875.7343040650627,875.7343040650627,-151.75382992687847,-151.75382992687847,-151.75382992687847,0,0,0,278.448823730325,5954.920937562755,2379.591549027061,2379.591549027061,3103.572023165245
2025-02-01T00:00:00Z,2379.837773034923,-1548.637092844925,-1548.637092844925,-1548.637092844925,-1400.679852147193,-1400.679852147193,-1400.679852147193,-147.9572406977322,-147.9572406977322,-147.9572406977322,0,0,0,-1865.741162341062,3676.6410349070015,2379.837773034923,2379.837773034923,831.2006801899979
2025-02-02T00:00:00Z,2380.083997042785,-2207.977790473801,-2207.977790473801,-2207.977790473801,-2059.2151237471408,-2059.2151237471408,-2059.2151237471408,-148.76266672666034,-148.76266672666034,-148.76266672666034,0,0,0,-2453.3704946493312,3027.2932209517494,2380.083997042785,2380.083997042785,172.1062065689839
2025-02-03T00:00:00Z,2380.3302210506467,53.257439248327,53.257439248327,53.257439248327,207.10923604738173,207.10923604738173,207.10923604738173,-153.85179679905477,-153.85179679905477,-153.85179679905477,0,0,0,-315.37946654154,5250.467086151049,2380.3302210506467,2380.3302210506467,2433.587660298974
2025-02-04T00:00:00Z,2380.576445058509,625.6510685136548,625.6510685136548,625.6510685136548,788.4207419733867,788.4207419733867,788.4207419733867,-162.76967345973213,-162.76967345973213,-162.76967345973213,0,0,0,195.33641495055613,5761.191203107417,2380.576445058509,2380.576445058509,3006.227513572164
2025-02-05T00:00:00Z,2380.8226690663714,575.6192295585421,575.6192295585421,575.6192295585421,750.559071047081,750.559071047081,750.559071047081,-174.93984148853892,-174.93984148853892,-174.93984148853892,0,0,0,101.65158855029577,5640.02291673737,2380.8226690663714,2380.8226690663714,2956.4418986249134
2025-02-06T00:00:00Z,2381.0688930742335,648.3889129132647,648.3889129132647,648.3889129132647,838.0716227718369,838.0716227718369,838.0716227718369,-189.68270985857225,-189.68270985857225,-189.68270985857225,0,0,0,121.07416804573418,5817.782291919107,2381.0688930742335,2381.0688930742335,3029.4578059874984
2025-02-07T00:00:00Z,2381.315117082095,669.4977120960973,669.4977120960973,669.4977120960973,875.7343040636637,875.7343040636637,875.7343040636637,-206.23659196756637,-206.23659196756637,-206.23659196756637,0,0,0,138.54128113957813,5656.038343596108,2381.315117082095,2381.315117082095,3050.8128291781923
2025-02-08T00:00:00Z,2381.5613410899578,-1624.4606716705257,-1624.4606716705257,-1624.4606716705257,-1400.6798521499204,-1400.6798521499204,-1400.6798521499204,-223.78081952060546,-223.78081952060546,-223.78081952060546,0,0,0,-2052.3604314517947,3601.429832990705,2381.5613410899578,2381.5613410899578,757.100669419432
2025-02-09T00:00:00Z,2381.80756509782,-2300.675397017683,-2300.675397017683,-2300.675397017683,-2059.215123748032,-2059.215123748032,-2059.215123748032,-241.46027326965086,-241.46027326965086,-241.46027326965086,0,0,0,-2396.982930709136,2879.48570254048,2381.80756509782,2381.80756509782,81.13216808013703
2025-02-10T00:00:00Z,2382.053789105682,-51.30140417618844,-51.30140417618844,-51.30140417618844,207.10923604812595,207.10923604812595,207.10923604812595,-258.41064022431436,-258.41064022431436,-258.41064022431436,0,0,0,-405.52729631987427,5151.664155418445,2382.053789105682,2382.053789105682,2330.7523849294935
2025-02-11T00:00:00Z,2382.3000131135436,514.6370492052587,514.6370492052587,514.6370492052587,788.4207419731503,788.4207419731503,788.4207419731503,-273.7836927678915,-273.7836927678915,-273.7836927678915,0,0,0,228.9019711228562,5742.9953483787995,2382.3000131135436,2382.3000131135436,2896.9370623188024
2025-02-12T00:00:00Z,2382.5462371214057,463.7871804556673,463.7871804556673,463.7871804556673,750.5590710469132,750.5590710469132,750.5590710469132,-286.7718905912458,-286.7718905912458,-286.7718905912458,0,0,0,330.5390306738096,5787.605656068717,2382.5462371214057,2382.5462371214057,2846.333417577073
2025-02-13T00:00:00Z,2382.7924611292683,541.4399915548285,541.4399915548285,541.4399915548285,838.0716227716279,838.0716227716279,838.0716227716279,-296.6316312167994,-296.6316312167994,-296.6316312167994,0,0,0,310.0522884911202,5687.627040959794,2382.7924611292683,2382.7924611292683,2924.2324526840966
2025-02-14T00:00:00Z,2383.0386851371304,573.0297857695132,573.0297857695132,573.0297857695132,875.734304062265,875.734304062265,875.734304062265,-302.70451829275186,-302.70451829275186,-302.70451829275186,0,0,0,207.24603085845573,5677.135692615204,2383.0386851371304,2383.0386851371304,2956.0684709066436
2025-02-15T00:00:00Z,2383.2849091449925,-1705.1159295889765,-1705.1159295889765,-1705.1159295889765,-1400.6798521526475,-1400.6798521526475,-1400.6798521526475,-304.43607743632907,-304.43607743632907,-304.43607743632907,0,0,0,-1873.390057026564,3583.882185751556,2383.2849091449925,2383.2849091449925,678.168979556016
2025-02-16T00:00:00Z,2383.5311331528546,-2360.6065491371405,-2360.6065491371405,-2360.6065491371405,-2059.2151237507514,-2059.2151237507514,-2059.2151237507514,-301.39142538638896,-301.39142538638896,-301.39142538638896,0,0,0,-3003.595396002202,2935.419650854123,2383.5311331528546,2383.5311331528546,22.924584015714117
2025-02-17T00:00:00Z,2383.7773571607167,-86.15825127868213,-86.15825127868213,-86.15825127868213,207.109236049874,207.109236049874,207.109236049874,-293.26748732855623,-293.26748732855623,-293.26748732855623,0,0,0,-663.482105556509,5051.517273617794,2383.7773571607167,2383.7773571607167,2297.6191058820345
2025-02-18T00:00:00Z,2384.023581168579,508.5192850797081,508.5192850797081,508.5192850797081,788.4207419729138,788.4207419729138,788.4207419729138,-279.90145689320565,-279.90145689320565,-279.90145689320565,0,0,0,-203.38951248277377,5521.4727736520945,2384.023581168579,2384.023581168579,2892.542866248287
2025-02-19T00:00:00Z,2384.269805176441,489.28377043526774,489.28377043526774,489.28377043526774,750.5590710470377,750.5590710470377,750.5590710470377,-261.27530061177015,-261.27530061177015,-261.27530061177015,0,0,0,-23.764888486401205,5575.864306586929,2384.269805176441,2384.269805176441,2873.5535756117088
2025-02-20T00:00:00Z,2384.5160291843026,600.5554022909948,600.5554022909948,600.5554022909948,838.0716227732638,838.0716227732638,838.0716227732638,-237.51622048226886,-237.51622048226886,-237.51622048226886,0,0,0,162.80190904031915,5613.969769383125,2384.5160291843026,2384.5160291843026,2985.0714314752977
2025-02-21T00:00:00Z,2384.762253192165,666.8412025166566,666.8412025166566,666.8412025166566,875.7343040682227,875.7343040682227,875.7343040682227,-208.8931015515662,-208.8931015515662,-208.8931015515662,0,0,0,494.0024985333301,5843.327995308833,2384.762253192165,2384.762253192165,3051.603455708822
2025-02-22T00:00:00Z,2385.0084772000273,-1576.4889350330245,-1576.4889350330245,-1576.4889350330245,-1400.679852152285,-1400.679852152285,-1400.679852152285,-175.8090828807396,-175.8090828807396,-175.8090828807396,0,0,0,-2214.673577760124,3407.970649921826,2385.0084772000273,2385.0084772000273,808.5195421670028
2025-02-23T00:00:00Z,2385.254701145707,-2198.005620543727,-2198.005620543727,-2198.005620543727,-2059.2151237502276,-2059.2151237502276,-2059.2151237502276,-138.79049679349941,-138.79049679349941,-138.79049679349941,0,0,0,-2900.269677912812,2975.2049241644168,2385.254701145707,2385.254701145707,187.24908060197959
2025-02-24T00:00:00Z,2385.5009250913863,108.63671609502397,108.63671609502397,108.63671609502397,207.10923605162233,207.10923605162233,207.10923605162233,-98.47251995659838,-98.47251995659838,-98.47251995659838,0,0,0,-228.5252651593866,5400.785095382851,2385.5009250913863,2385.5009250913863,2494.1376411864103
2025-02-25T00:00:00Z,2385.747149037066,732.8387740769018,732.8387740769018,732.8387740769018,788.4207419726773,788.4207419726773,788.4207419726773,-55.58196789577547,-55.58196789577547,-55.58196789577547,0,0,0,362.3263972841197,5898.6309021492625,2385.747149037066,2385.747149037066,3118.5859231139675
2025-02-26T00:00:00Z,2385.9933729827458,739.6413314255833,739.6413314255833,739.6413314255833,750.559071046577,750.559071046577,750.559071046577,-10.917739620993665,-10.917739620993665,-10.917739620993665,0,0,0,208.8908636132627,5944.620175523066,2385.9933729827458,2385.9933729827458,3125.634704408329
2025-02-27T00:00:00Z,2386.2395969284253,872.7421436619865,872.7421436619865,872.7421436619865,838.0716227702817,838.0716227702817,838.0716227702817,34.67052089170466,34.67052089170466,34.67052089170466,0,0,0,608.6904126658416,6042.985130239392,2386.2395969284253,2386.2395969284253,3258.981740590412
2025-02-28T00:00:00Z,2386.485820874105,956.0392401483983,956.0392401483983,956.0392401483983,875.7343040668237,875.7343040668237,875.7343040668237,80.30493608157457,80.30493608157457,80.30493608157457,0,0,0,593.6208706861041,6296.337856467581,2386.485820874105,2386.485820874105,3342.525061022503
2025-03-01T00:00:00Z,2386.7320448197843,-1275.5774092788895,-1275.5774092788895,-1275.5774092788895,-1400.6798521550118,-1400.6798521550118,-1400.6798521550118,125.10244287612257,125.10244287612257,125.10244287612257,0,0,0,-1645.6503419424712,3736.6280204054938,2386.7320448197843,2386.7320448197843,1111.1546355408948
2025-03-02T00:00:00Z,2386.9782687654642,-1891.0173901775795,-1891.0173901775795,-1891.0173901775795,-2059.2151237482894,-2059.2151237482894,-2059.2151237482894,168.19773357071023,168.19773357071023,168.19773357071023,0,0,0,-2287.6723606018863,3222.819335979249,2386.9782687654642,2386.9782687654642,495.96087858788474
2025-03-03T00:00:00Z,2387.2244927111437,415.87469222206823,415.87469222206823,415.87469222206823,207.10923604500132,207.10923604500132,207.10923604500132,208.76545617706688,208.76545617706688,208.76545617706688,0,0,0,-49.82658739298318,5754.868165607096,2387.2244927111437,2387.2244927111437,2803.099184933212
2025-03-04T00:00:00Z,2387.4707166568232,1034.4618111645798,1034.4618111645798,1034.4618111645798,788.4207419736431,788.4207419736431,788.4207419736431,246.0410691909366,246.0410691909366,246.0410691909366,0,0,0,613.1549327952383,6208.523463395855,2387.4707166568232,2387.4707166568232,3421.932527821403
2025-03-05T00:00:00Z,2387.7169406025027,1029.8988618650528,1029.8988618650528,1029.8988618650528,750.5590710467021,750.5590710467021,750.5590710467021,279.3397908183508,279.3397908183508,279.3397908183508,0,0,0,388.72930571635743,6246.516272995097,2387.7169406025027,2387.7169406025027,3417.6158024675556
2025-03-06T00:00:00Z,2387.9631645481822,1146.1447658850736,1146.1447658850736,1146.1447658850736,838.0716227709952,838.0716227709952,838.0716227709952,308.0731431140781,308.0731431140781,308.0731431140781,0,0,0,667.6519477247806,6295.489892376802,2387.9631645481822,2387.9631645481822,3534.107930433256
2025-03-07T00:00:00Z,2388.209388493862,1207.4969694270858,1207.4969694270858,1207.4969694270858,875.734304065425,875.734304065425,875.734304065425,331.7626653616608,331.7626653616608,331.7626653616608,0,0,0,852.7075852336935,6339.945267203334,2388.209388493862,2388.209388493862,3595.706357920948
2025-03-08T00:00:00Z,2388.4556124395417,-1050.6293960402224,-1050.6293960402224,-1050.6293960402224,-1400.6798521561946,-1400.6798521561946,-1400.6798521561946,350.0504561159721,350.0504561159721,350.0504561159721,0,0,0,-1292.8500752813918,3983.2395657745083,2388.4556124395417,2388.4556124395417,1337.8262163993193
2025-03-09T00:00:00Z,2388.701836385221,-1696.5088266563153,-1696.5088266563153,-1696.5088266563153,-2059.2151237491807,-2059.2151237491807,-2059.2151237491807,362.70629709286527,362.70629709286527,362.70629709286527,0,0,0,-1885.8323006574326,3310.232879015475,2388.701836385221,2388.701836385221,692.193009728906
2025-03-10T00:00:00Z,2388.9480603309007,576.7404478033793,576.7404478033793,576.7404478033793,207.1092360457453,207.1092360457453,207.1092360457453,369.63121175763405,369.63121175763405,369.63121175763405,0,0,0,102.66203654320071,5555.439927291006,2388.9480603309007,2388.9480603309007,2965.68850813428
2025-03-11T00:00:00Z,2389.19428427658,1159.278156092298,1159.278156092298,1159.278156092298,788.4207419730118,788.4207419730118,788.4207419730118,370.8574141192862,370.8574141192862,370.8574141192862,0,0,0,766.5943578992792,6286.478723884067,2389.19428427658,2389.19428427658,3548.4724403688783
2025-03-12T00:00:00Z,2389.44050822226,1117.1037769629115,1117.1037769629115,1117.1037769629115,750.5590710468266,750.5590710468266,750.5590710468266,366.5447059160847,366.5447059160847,366.5447059160847,0,0,0,863.766742553282,6165.74256142056,2389.44050822226,2389.44050822226,3506.5442851851717
2025-03-13T00:00:00Z,2389.6867321679397,1195.0451028989007,1195.0451028989007,1195.0451028989007,838.0716227717086,838.0716227717086,838.0716227717086,356.9734801271921,356.9734801271921,356.9734801271921,0,0,0,823.026753970294,6301.585970927345,2389.6867321679397,2389.6867321679397,3584.73183506684
2025-03-14T00:00:00Z,2389.932956113619,1218.2688868094742,1218.2688868094742,1218.2688868094742,875.7343040640264,875.7343040640264,875.7343040640264,342.53458274544766,342.53458274544766,342.53458274544766,0,0,0,825.7488403231063,6505.623783420702,2389.932956113619,2389.932956113619,3608.2018429230934
2025-03-15T00:00:00Z,2390.1791800592987,-1076.9634818014629,-1076.9634818014629,-1076.9634818014629,-1400.6798521489288,-1400.6798521489288,-1400.6798521489288,323.71637034746556,323.71637034746556,323.71637034746556,0,0,0,-1410.865109246327,3925.1005080588398,2390.1791800592987,2390.1791800592987,1313.2156982578358
2025-03-16T00:00:00Z,2390.4254040049786,-1758.1257479027631,-1758.1257479027631,-1758.1257479027631,-2059.2151237472417,-2059.2151237472417,-2059.2151237472417,301.08937584447864,301.08937584447864,301.08937584447864,0,0,0,-1963.1421010338586,3501.146119842539,2390.4254040049786,2390.4254040049786,632.2996561022155
2025-03-17T00:00:00Z,2390.671627950658,482.3982928815543,482.3982928815543,482.3982928815543,207.1092360474935,207.1092360474935,207.1092360474935,275.28905683406083,275.28905683406083,275.28905683406083,0,0,0,170.86034466608874,5828.489691388042,2390.671627950658,2390.671627950658,2873.0699208322126
2025-03-18T00:00:00Z,2390.9178518963377,1035.417890557581,1035.417890557581,1035.417890557581,788.42074197317,788.42074197317,788.42074197317,246.997148584411,246.997148584411,246.997148584411,0,0,0,696.0993796010828,6295.345159311227,2390.9178518963377,2390.9178518963377,3426.3357424539186
2025-03-19T00:00:00Z,2391.164075842017,967.4812466629886,967.4812466629886,967.4812466629886,750.5590710466589,750.5590710466589,750.5590710466589,216.92217561632972,216.92217561632972,216.92217561632972,0,0,0,477.92033214961873,6187.747302354198,2391.164075842017,2391.164075842017,3358.645322505006
2025-03-20T00:00:00Z,2391.4102997876967,1023.8513141787734,1023.8513141787734,1023.8513141787734,838.0716227696491,838.0716227696491,838.0716227696491,185.77969140912415,185.77969140912415,185.77969140912415,0,0,0,623.730173898046,6376.171248026026,2391.4102997876967,2391.4102997876967,3415.26161396647
2025-03-21T00:00:00Z,2391.6565237333766,1030.0071186959042,1030.0071186959042,1030.0071186959042,875.7343040639967,875.7343040639967,875.7343040639967,154.27281463190738,154.27281463190738,154.27281463190738,0,0,0,638.8667220942593,6175.3540817075655,2391.6565237333766,2391.6565237333766,3421.663642429281
2025-03-22T00:00:00Z,2391.902747679056,-1277.6062393924356,-1277.6062393924356,-1277.6062393924356,-1400.6798521501105,-1400.6798521501105,-1400.6798521501105,123.07361275767522,123.07361275767522,123.07361275767522,0,0,0,-1622.5825387545008,3982.6885909275925,2391.902747679056,2391.902747679056,1114.2965082866206
2025-03-23T00:00:00Z,2392.1489716247356,-1966.4092731117325,-1966.4092731117325,-1966.4092731117325,-2059.215123745303,-2059.215123745303,-2059.215123745303,92.80585063357077,92.80585063357077,92.80585063357077,0,0,0,-2349.5111847899234,3168.860367702872,2392.1489716247356,2392.1489716247356,425.7396985130031
2025-03-24T00:00:00Z,2392.395195570415,271.1388097574052,271.1388097574052,271.1388097574052,207.1092360492418,207.1092360492418,207.1092360492418,64.02957370816348,64.02957370816348,64.02957370816348,0,0,0,-39.5615017894432,5293.7388445973775,2392.395195570415,2392.395195570415,2663.5340053278205
2025-03-25T00:00:00Z,2392.6414195160946,825.6486767093066,825.6486767093066,825.6486767093066,788.4207419729336,788.4207419729336,788.4207419729336,37.22793473637323,37.22793473637323,37.22793473637323,0,0,0,475.91061365382325,5992.079201327334,2392.6414195160946,2392.6414195160946,3218.290096225401
2025-03-26T00:00:00Z,2392.8876434617746,763.3556718516006,763.3556718516006,763.3556718516006,750.5590710470489,750.5590710470489,750.5590710470489,12.796600804551826,12.796600804551826,12.796600804551826,0,0,0,358.160438947903,5998.373141904197,2392.8876434617746,2392.8876434617746,3156.243315313375
2025-03-27T00:00:00Z,2393.133867407454,829.1076194593336,829.1076194593336,829.1076194593336,838.0716227694404,838.0716227694404,838.0716227694404,-8.964003310106897,-8.964003310106897,-8.964003310106897,0,0,0,434.9973963661432,6242.278705005936,2393.133867407454,2393.133867407454,3222.2414868667875
2025-03-28T00:00:00Z,2393.3800913531336,847.8808574156487,847.8808574156487,847.8808574156487,875.7343040612287,875.7343040612287,875.7343040612287,-27.85344664557977,-27.85344664557977,-27.85344664557977,0,0,0,516.3710570727709,5762.369029782574,2393.3800913531336,2393.3800913531336,3241.2609487687823
2025-03-29T00:00:00Z,2393.626315298813,-1444.4528127479616,-1444.4528127479616,-1444.4528127479616,-1400.679852152838,-1400.679852152838,-1400.679852152838,-43.772960595123514,-43.772960595123514,-43.772960595123514,0,0,0,-1790.7070067333214,3784.4937426620268,2393.626315298813,2393.626315298813,949.1735025508515
2025-03-30T00:00:00Z,2393.872539244493,-2115.9391624059717,-2115.9391624059717,-2115.9391624059717,-2059.2151237461944,-2059.2151237461944,-2059.2151237461944,-56.7240386597772,-56.7240386597772,-56.7240386597772,0,0,0,-2505.171713363218,2784.0666236790726,2393.872539244493,2393.872539244493,277.9333768385213
2025-03-31T00:00:00Z,2394.1187631901726,140.30516412313258,140.30516412313258,140.30516412313258,207.10923604262058,207.10923604262058,207.10923604262058,-66.80407191948807,-66.80407191948807,-66.80407191948807,0,0,0,-321.5382269949345,5334.250783574171,2394.1187631901726,2394.1187631901726,2534.4239273133053
2025-04-01T00:00:00Z,2394.364987135852,714.2215312249892,714.2215312249892,714.2215312249892,788.4207419726971,788.4207419726971,788.4207419726971,-74.19921074770785,-74.19921074770785,-74.19921074770785,0,0,0,384.3200934534421,5585.647842873784,2394.364987135852,2394.364987135852,3108.586518360841
2025-04-02T00:00:00Z,2394.6112110815316,671.3843485455284,671.3843485455284,671.3843485455284,750.559071046881,750.559071046881,750.559071046881,-79.17472250135273,-79.17472250135273,-79.17472250135273,0,0,0,133.96194054905123,5791.337187577604,2394.6112110815316,2394.6112110815316,3065.99555962706
2025-04-03T00:00:00Z,2394.857435027211,756.0084376953758,756.0084376953758,756.0084376953758,838.0716227710764,838.0716227710764,838.0716227710764,-82.06318507570036,-82.06318507570036,-82.06318507570036,0,0,0,336.8455802295149,5846.150888058564,2394.857435027211,2394.857435027211,3150.865872722587
2025-04-04T00:00:00Z,2395.103658972891,792.4833887330356,792.4833887330356,792.4833887330356,875.7343040611992,875.7343040611992,875.7343040611992,-83.2509153281634,-83.2509153281634,-83.2509153281634,0,0,0,330.7314764744405,6148.117378813398,2395.103658972891,2395.103658972891,3187.5870477059266
2025-04-05T00:00:00Z,2395.3498829185705,-1483.842930005189,-1483.842930005189,-1483.842930005189,-1400.6798521540202,-1400.6798521540202,-1400.6798521540202,-83.16307785116845,-83.16307785116845,-83.16307785116845,0,0,0,-2080.975929769031,3654.0266239276566,2395.3498829185705,2395.3498829185705,911.5069529133816
2025-04-06T00:00:00Z,2395.59610686425,-2141.4630759051142,-2141.4630759051142,-2141.4630759051142,-2059.215123748914,-2059.215123748914,-2059.215123748914,-82.2479521561999,-82.2479521561999,-82.2479521561999,0,0,0,-2339.031694393249,3043.9410388714223,2395.59610686425,2395.59610686425,254.1330309591358
2025-04-07T00:00:00Z,2395.8423308099295,126.14838181566203,126.14838181566203,126.14838181566203,207.10923604336466,207.10923604336466,207.10923604336466,-80.96085422770265,-80.96085422770265,-80.96085422770265,0,0,0,-211.05444204086308,5444.505700695826,2395.8423308099295,2395.8423308099295,2521.9907126255916
2025-04-08T00:00:00Z,2396.088554755609,708.6725307271936,708.6725307271936,708.6725307271936,788.4207419724606,788.4207419724606,788.4207419724606,-79.74821124526716,-79.74821124526716,-79.74821124526716,0,0,0,360.8027545317513,5720.6471583268285,2396.088554755609,2396.088554755609,3104.7610854828026
2025-04-09T00:00:00Z,2396.334778701289,671.5267949025084,671.5267949025084,671.5267949025084,750.5590710470058,750.5590710470058,750.5590710470058,-79.03227614449727,-79.03227614449727,-79.03227614449727,0,0,0,211.05437213366062,5737.694271404416,2396.334778701289,2396.334778701289,3067.8615736037973
2025-04-10T00:00:00Z,2396.5810026469685,758.8746806486819,758.8746806486819,758.8746806486819,838.0716227708673,838.0716227708673,838.0716227708673,-79.19694212218549,-79.19694212218549,-79.19694212218549,0,0,0,379.86905697493376,5900.411182912512,2396.5810026469685,2396.5810026469685,3155.4556832956505
2025-04-11T00:00:00Z,2396.827226592648,795.159226922023,795.159226922023,795.159226922023,875.7343040657875,875.7343040657875,875.7343040657875,-80.57507714376445,-80.57507714376445,-80.57507714376445,0,0,0,579.1069602613028,6076.397087925163,2396.827226592648,2396.827226592648,3191.9864535146708
2025-04-12T00:00:00Z,2397.0734505383275,-1484.117598487046,-1484.117598487046,-1484.117598487046,-1400.6798521552025,-1400.6798521552025,-1400.6798521552025,-83.43774633184351,-83.43774633184351,-83.43774633184351,0,0,0,-2020.5874420659122,3803.400187260607,2397.0734505383275,2397.0734505383275,912.9558520512815
2025-04-13T00:00:00Z,2397.3196744840075,-2147.2007512424375,-2147.2007512424375,-2147.2007512424375,-2059.21512374839,-2059.21512374839,-2059.21512374839,-87.98562749404707,-87.98562749404707,-87.98562749404707,0,0,0,-2617.041271756841,2860.0122179895134,2397.3196744840075,2397.3196744840075,250.11892324156997
2025-04-14T00:00:00Z,2397.565898429687,112.76638205974909,112.76638205974909,112.76638205974909,207.1092360461171,207.1092360461171,207.1092360461171,-94.34285398636801,-94.34285398636801,-94.34285398636801,0,0,0,-390.09341815447164,5242.993490291588,2397.565898429687,2397.565898429687,2510.332280489436
2025-04-15T00:00:00Z,2397.812122375367,685.8673001532248,685.8673001532248,685.8673001532248,788.420741972619,788.420741972619,788.420741972619,-102.55344181939417,-102.55344181939417,-102.55344181939417,0,0,0,416.7132407808626,6069.604710173309,2397.812122375367,2397.812122375367,3083.6794225285917
2025-04-16T00:00:00Z,2398.058346321046,637.9786942497208,637.9786942497208,637.9786942497208,750.5590710471029,750.5590710471029,750.5590710471029,-112.58037679738224,-112.58037679738224,-112.58037679738224,0,0,0,230.43123838310916,5756.129394548009,2398.058346321046,2398.058346321046,3036.0370405707667
2025-04-17T00:00:00Z,2398.304570266726,713.764267760477,713.764267760477,713.764267760477,838.0716227706585,838.0716227706585,838.0716227706585,-124.30735501018141,-124.30735501018141,-124.30735501018141,0,0,0,257.3027313956278,5803.696288202584,2398.304570266726,2398.304570266726,3112.068838027203
2025-04-18T00:00:00Z,2398.5507943130892,738.191215388886,738.191215388886,738.191215388886,875.7343040643885,875.7343040643885,875.7343040643885,-137.54308867550253,-137.54308867550253,-137.54308867550253,0,0,0,453.0043130363512,5852.579326076753,2398.5507943130892,2398.5507943130892,3136.7420097019753
2025-04-19T00:00:00Z,2398.7970183594525,-1552.707863750097,-1552.707863750097,-1552.707863750097,-1400.679852156385,-1400.679852156385,-1400.679852156385,-152.02801159371194,-152.02801159371194,-152.02801159371194,0,0,0,-2099.6334839664632,3404.3668759047982,2398.7970183594525,2398.7970183594525,846.0891546093555
2025-04-20T00:00:00Z,2399.0432424058163,-2226.6582703918457,-2226.6582703918457,-2226.6582703918457,-2059.2151237478665,-2059.2151237478665,-2059.2151237478665,-167.44314664397893,-167.44314664397893,-167.44314664397893,0,0,0,-2662.341173879439,2729.9518999043717,2399.0432424058163,2399.0432424058163,172.38497201397058
2025-04-21T00:00:00Z,2399.2894664521796,23.68840212968775,23.68840212968775,23.68840212968775,207.1092360468613,207.1092360468613,207.1092360468613,-183.42083391717352,-183.42083391717352,-183.42083391717352,0,0,0,-314.364217170466,5268.581750885858,2399.2894664521796,2399.2894664521796,2422.9778685818674
2025-04-22T00:00:00Z,2399.535690498543,588.86377785166,588.86377785166,588.86377785166,788.4207419731899,788.4207419731899,788.4207419731899,-199.55696412152994,-199.55696412152994,-199.55696412152994,0,0,0,308.2326658313293,5777.450907458919,2399.535690498543,2399.535690498543,2988.399468350203
2025-04-23T00:00:00Z,2399.781914544906,535.1347517267037,535.1347517267037,535.1347517267037,750.5590710472277,750.5590710472277,750.5590710472277,-215.4243193205239,-215.4243193205239,-215.4243193205239,0,0,0,182.92281999940647,5494.189558562608,2399.781914544906,2399.781914544906,2934.9166662716098
2025-04-24T00:00:00Z,2400.02813859127,607.4850296963335,607.4850296963335,607.4850296963335,838.0716227713718,838.0716227713718,838.0716227713718,-230.5865930750383,-230.5865930750383,-230.5865930750383,0,0,0,300.7355782024585,5841.473669654639,2400.02813859127,2400.02813859127,3007.5131682876035
2025-04-25T00:00:00Z,2400.274362637633,631.1216586292511,631.1216586292511,631.1216586292511,875.7343040629897,875.7343040629897,875.7343040629897,-244.61264543373863,-244.61264543373863,-244.61264543373863,0,0,0,75.92752219890986,5790.026192390258,2400.274362637633,2400.274362637633,3031.3960212668844
2025-04-26T00:00:00Z,2400.5205866839965,-1657.770397496169,-1657.770397496169,-1657.770397496169,-1400.679852159112,-1400.679852159112,-1400.679852159112,-257.0905453370571,-257.0905453370571,-257.0905453370571,0,0,0,-2153.6284969494045,3495.7678803444264,2400.5205866839965,2400.5205866839965,742.7501891878276
2025-04-27T00:00:00Z,2400.76681073036,-2326.856087578653,-2326.856087578653,-2326.856087578653,-2059.2151237520006,-2059.2151237520006,-2059.2151237520006,-267.640963826652,-267.640963826652,-267.640963826652,0,0,0,-2759.796677559874,2920.7884417035834,2400.76681073036,2400.76681073036,73.91072315170686
2025-04-28T00:00:00Z,2401.0130347767235,-68.82026948041623,-68.82026948041623,-68.82026948041623,207.10923604760512,207.10923604760512,207.10923604760512,-275.92950552802137,-275.92950552802137,-275.92950552802137,0,0,0,-314.42118215691903,5247.591873754328,2401.0130347767235,2401.0130347767235,2332.1927652963072
2025-04-29T00:00:00Z,2401.259258823087,506.7431396193471,506.7431396193471,506.7431396193471,788.4207419729534,788.4207419729534,788.4207419729534,-281.67760235360623,-281.67760235360623,-281.67760235360623,0,0,0,74.57264936652658,5637.890298456871,2401.259258823087,2401.259258823087,2908.002398442434
2025-04-30T00:00:00Z,2401.50548286945,465.8874300208985,465.8874300208985,465.8874300208985,750.5590710470599,750.5590710470599,750.5590710470599,-284.6716410261613,-284.6716410261613,-284.6716410261613,0,0,0,74.79512865186854,5790.731131296571,2401.50548286945,2401.50548286945,2867.3929128903487
2025-05-01T00:00:00Z,2401.751706915814,553.3015694654795,553.3015694654795,553.3015694654795,838.0716227720853,838.0716227720853,838.0716227720853,-284.7700533066058,-284.7700533066058,-284.7700533066058,0,0,0,199.7452668356209,5654.633970977744,2401.751706915814,2401.751706915814,2955.0532763812935
2025-05-02T00:00:00Z,2401.997930962177,593.8261411687362,593.8261411687362,593.8261411687362,875.7343040629602,875.7343040629602,875.7343040629602,-281.9081628942241,-281.9081628942241,-281.9081628942241,0,0,0,226.75436962652137,5689.088487858091,2401.997930962177,2401.997930962177,2995.8240721309135
2025-05-03T00:00:00Z,2402.2441550085405,-1676.7805059438485,-1676.7805059438485,-1676.7805059438485,-1400.6798521503013,-1400.6798521503013,-1400.6798521503013,-276.1006537935475,-276.1006537935475,-276.1006537935475,0,0,0,-2135.3776657022167,3340.580414851088,2402.2441550085405,2402.2441550085405,725.4636490646919
2025-05-04T00:00:00Z,2402.4903790549038,-2326.6567230582605,-2326.6567230582605,-2326.6567230582605,-2059.2151237500625,-2059.2151237500625,-2059.2151237500625,-267.4415993081976,-267.4415993081976,-267.4415993081976,0,0,0,-2714.7260593676015,2663.646426255944,2402.4903790549038,2402.4903790549038,75.8336559966433
2025-05-05T00:00:00Z,2402.7366031012675,-48.99283037319085,-48.99283037319085,-48.99283037319085,207.10923605035768,207.10923605035768,207.10923605035768,-256.1020664235486,-256.1020664235486,-256.1020664235486,0,0,0,-473.0692333476458,5136.137352726576,2402.7366031012675,2402.7366031012675,2353.7437727280767
2025-05-06T00:00:00Z,2402.982827147631,546.0953571251815,546.0953571251815,546.0953571251815,788.420741972717,788.420741972717,788.420741972717,-242.3253848475353,-242.3253848475353,-242.3253848475353,0,0,0,24.953879674014836,5765.335277516201,2402.982827147631,2402.982827147631,2949.0781842728125
2025-05-07T00:00:00Z,2403.2290511939937,524.1388299032662,524.1388299032662,524.1388299032662,750.5590710468915,750.5590710468915,750.5590710468915,-226.42024114362545,-226.42024114362545,-226.42024114362545,0,0,0,300.96650405555914,5710.029041544028,2403.2290511939937,2403.2290511939937,2927.3678810972597
2025-05-08T00:00:00Z,2403.475275240357,629.3197987387406,629.3197987387406,629.3197987387406,838.0716227700258,838.0716227700258,838.0716227700258,-208.75182403128534,-208.75182403128534,-208.75182403128534,0,0,0,-13.454349895476398,5761.7800947974365,2403.475275240357,2403.475275240357,3032.7950739790977
2025-05-09T00:00:00Z,2403.7214992867207,686.0029989543012,686.0029989543012,686.0029989543012,875.7343040629308,875.7343040629308,875.7343040629308,-189.7313051086295,-189.7313051086295,-189.7313051086295,0,0,0,387.9437513796149,5870.531659312209,2403.7214992867207,2403.7214992867207,3089.724498241022
2025-05-10T00:00:00Z,2403.967723333084,-1570.4838403762712,-1570.4838403762712,-1570.4838403762712,-1400.6798521530284,-1400.6798521530284,-1400.6798521530284,-169.80398822324315,-169.80398822324315,-169.80398822324315,0,0,0,-2067.6024019600727,3586.7773224165157,2403.967723333084,2403.967723333084,833.4838829568127
2025-05-11T00:00:00Z,2404.2139473794473,-2208.651622808946,-2208.651622808946,-2208.651622808946,-2059.2151237495386,-2059.2151237495386,-2059.2151237495386,-149.43649905940708,-149.43649905940708,-149.43649905940708,0,0,0,-2420.220817486011,2833.9731554964746,2404.2139473794473,2404.2139473794473,195.56232457050146
2025-05-12T00:00:00Z,2404.460171425811,78.00582292373764,78.00582292373764,78.00582292373764,207.10923605110165,207.10923605110165,207.10923605110165,-129.10341312736404,-129.10341312736404,-129.10341312736404,0,0,0,-133.38307521120552,5249.036157433264,2404.460171425811,2404.460171425811,2482.4659943495485
2025-05-13T00:00:00Z,2404.7063954721743,679.1470074778074,679.1470074778074,679.1470074778074,788.4207419728754,788.4207419728754,788.4207419728754,-109.27373449506798,-109.27373449506798,-109.27373449506798,0,0,0,258.1815292434945,5805.817036080925,2404.7063954721743,2404.7063954721743,3083.8534029499815
2025-05-14T00:00:00Z,2404.9526195185376,660.1614320850847,660.1614320850847,660.1614320850847,750.5590710467237,750.5590710467237,750.5590710467237,-90.39763896163909,-90.39763896163909,-90.39763896163909,0,0,0,335.4749587745946,5772.82029541213,2404.9526195185376,2404.9526195185376,3065.114051603622
2025-05-15T00:00:00Z,2405.198843564901,765.1777387966814,765.1777387966814,765.1777387966814,838.0716227698169,838.0716227698169,838.0716227698169,-72.89388397313553,-72.89388397313553,-72.89388397313553,0,0,0,342.41442264878566,6042.493238205946,2405.198843564901,2405.198843564901,3170.376582361582
2025-05-16T00:00:00Z,2405.4450676112647,818.5960401760792,818.5960401760792,818.5960401760792,875.7343040601628,875.7343040601628,875.7343040601628,-57.138263884083585,-57.138263884083585,-57.138263884083585,0,0,0,594.9430232565641,6210.253953128387,2405.4450676112647,2405.4450676112647,3224.041107787344
2025-05-17T00:00:00Z,2405.691291657628,-1444.1333061192645,-1444.1333061192645,-1444.1333061192645,-1400.6798521542107,-1400.6798521542107,-1400.6798521542107,-43.45345396505395,-43.45345396505395,-43.45345396505395,0,0,0,-1929.217980820319,3881.8695005172517,2405.691291657628,2405.691291657628,961.5579855383635
2025-05-18T00:00:00Z,2405.9375157039913,-2091.3156647837627,-2091.3156647837627,-2091.3156647837627,-2059.2151237490148,-2059.2151237490148,-2059.2151237490148,-32.10054103474786,-32.10054103474786,-32.10054103474786,0,0,0,-2625.818336605224,2922.8687676479612,2405.9375157039913,2405.9375157039913,314.62185092022855
2025-05-19T00:00:00Z,2406.1837397503546,183.83675183438618,183.83675183438618,183.83675183438618,207.10923604448055,207.10923604448055,207.10923604448055,-23.272484210094436,-23.272484210094436,-23.272484210094436,0,0,0,-123.65988557238495,5399.385599286151,2406.1837397503546,2406.1837397503546,2590.0204915847407
2025-05-20T00:00:00Z,2406.4299637967183,771.3310542069527,771.3310542069527,771.3310542069527,788.4207419730515,788.4207419730515,788.4207419730515,-17.089687766098635,-17.089687766098635,-17.089687766098635,0,0,0,532.2861257274924,5969.429330192933,2406.4299637967183,2406.4299637967183,3177.761018003671
2025-05-21T00:00:00Z,2406.6761878430816,736.96126962715,736.96126962715,736.96126962715,750.5590710468489,750.5590710468489,750.5590710468489,-13.597801419698763,-13.597801419698763,-13.597801419698763,0,0,0,321.6642131387252,5937.4871422842725,2406.6761878430816,2406.6761878430816,3143.6374574702318
2025-05-22T00:00:00Z,2406.922411889445,825.303829179578,825.303829179578,825.303829179578,838.0716227714527,838.0716227714527,838.0716227714527,-12.767793591874709,-12.767793591874709,-12.767793591874709,0,0,0,587.5613106208968,6126.818740252505,2406.922411889445,2406.922411889445,3232.2262410690228
2025-05-23T00:00:00Z,2407.1686359358087,861.2360315247822,861.2360315247822,861.2360315247822,875.7343040601334,875.7343040601334,875.7343040601334,-14.498272535351216,-14.498272535351216,-14.498272535351216,0,0,0,366.68566562369506,5987.191053055476,2407.1686359358087,2407.1686359358087,3268.4046674605906
2025-05-24T00:00:00Z,2407.414859982172,-1419.2998129778716,-1419.2998129778716,-1419.2998129778716,-1400.6798521469448,-1400.6798521469448,-1400.6798521469448,-18.619960830926882,-18.619960830926882,-18.619960830926882,0,0,0,-1863.2386545110792,3650.385746462235,2407.414859982172,2407.414859982172,988.1150470043003
2025-05-25T00:00:00Z,2407.6610840285352,-2084.1172865438584,-2084.1172865438584,-2084.1172865438584,-2059.2151237484914,-2059.2151237484914,-2059.2151237484914,-24.902162795367143,-24.902162795367143,-24.902162795367143,0,0,0,-2429.080048264999,3258.1228847450816,2407.6610840285352,2407.6610840285352,323.5437974846768
2025-05-26T00:00:00Z,2407.9073080748985,174.04823222016586,174.04823222016586,174.04823222016586,207.1092360452246,207.1092360452246,207.1092360452246,-33.06100382505881,-33.06100382505881,-33.06100382505881,0,0,0,-226.91423551808313,5182.478149475796,2407.9073080748985,2407.9073080748985,2581.9555402950646
2025-05-27T00:00:00Z,2408.153532121262,745.6515745052138,745.6515745052138,745.6515745052138,788.4207419732098,788.4207419732098,788.4207419732098,-42.76916746799601,-42.76916746799601,-42.76916746799601,0,0,0,336.1093651690425,5927.387797642152,2408.153532121262,2408.153532121262,3153.8051066264757
2025-05-28T00:00:00Z,2408.3997561676256,696.8922593662998,696.8922593662998,696.8922593662998,750.5590710466807,750.5590710466807,750.5590710466807,-53.66681168038116,-53.66681168038116,-53.66681168038116,0,0,0,343.45913550079274,5881.258945732517,2408.3997561676256,2408.3997561676256,3105.292015533925
2025-05-29T00:00:00Z,2408.645980213989,772.6983111680439,772.6983111680439,772.6983111680439,838.0716227712438,838.0716227712438,838.0716227712438,-65.37331160319997,-65.37331160319997,-65.37331160319997,0,0,0,456.50759804962905,5837.317324006797,2408.645980213989,2408.645980213989,3181.3442913820327
2025-05-30T00:00:00Z,2408.8922042603517,798.2348507688638,798.2348507688638,798.2348507688638,875.7343040647214,875.7343040647214,875.7343040647214,-77.49945329585769,-77.49945329585769,-77.49945329585769,0,0,0,471.18948092892276,6155.425236229417,2408.8922042603517,2408.8922042603517,3207.1270550292156
2025-05-31T00:00:00Z,2409.1384283067155,-1490.3395439841981,-1490.3395439841981,-1490.3395439841981,-1400.6798521481269,-1400.6798521481269,-1400.6798521481269,-89.65969183607139,-89.65969183607139,-89.65969183607139,0,0,0,-1914.2555816004585,3531.4691430532293,2409.1384283067155,2409.1384283067155,918.7988843225173
2025-06-01T00:00:00Z,2409.3846523530788,-2160.699212056589,-2160.699212056589,-2160.699212056589,-2059.2151237465528,-2059.2151237465528,-2059.2151237465528,-101.48408831003634,-101.48408831003634,-101.48408831003634,0,0,0,-2545.9097137271992,2983.936279966367,2409.3846523530788,2409.3846523530788,248.68544029648956
2025-06-02T00:00:00Z,2409.630876399442,94.47968265732104,94.47968265732104,94.47968265732104,207.1092360479769,207.1092360479769,207.1092360479769,-112.62955339065593,-112.62955339065593,-112.62955339065593,0,0,0,-469.57858869421386,5077.634874873144,2409.630876399442,2409.630876399442,2504.110559056763
2025-06-03T00:00:00Z,2409.877100445806,665.6306920322808,665.6306920322808,665.6306920322808,788.4207419733681,788.4207419733681,788.4207419733681,-122.79004994108735,-122.79004994108735,-122.79004994108735,0,0,0,121.9649276295635,5899.610573465392,2409.877100445806,2409.877100445806,3075.5077924780867
2025-06-04T00:00:00Z,2410.123324492169,618.8536284694123,618.8536284694123,618.8536284694123,750.5590710470706,750.5590710470706,750.5590710470706,-131.7054425776583,-131.7054425776583,-131.7054425776583,0,0,0,173.67751990190916,5647.488682956044,2410.123324492169,2410.123324492169,3028.9769529615814
2025-06-05T00:00:00Z,2410.3695485385324,698.9028955705819,698.9028955705819,698.9028955705819,838.0716227719574,838.0716227719574,838.0716227719574,-139.16872720137536,-139.16872720137536,-139.16872720137536,0,0,0,312.9138543819647,5964.307955850596,2410.3695485385324,2410.3695485385324,3109.272444109114
2025-06-06T00:00:00Z,2410.6157725848957,730.702877342068,730.702877342068,730.702877342068,875.7343040633227,875.7343040633227,875.7343040633227,-145.03142672125483,-145.03142672125483,-145.03142672125483,0,0,0,262.5581871258228,5978.969807130301,2410.6157725848957,2410.6157725848957,3141.3186499269636
2025-06-07T00:00:00Z,2410.861996631259,-1549.8868509882177,-1549.8868509882177,-1549.8868509882177,-1400.6798521508545,-1400.6798521508545,-1400.6798521508545,-149.20699883736336,-149.20699883736336,-149.20699883736336,0,0,0,-1827.106795961469,3574.5152255887233,2410.861996631259,2410.861996631259,860.9751456430413
2025-06-08T00:00:00Z,2411.1082206776227,-2210.8872896794637,-2210.8872896794637,-2210.8872896794637,-2059.2151237474436,-2059.2151237474436,-2059.2151237474436,-151.67216593202048,-151.67216593202048,-151.67216593202048,0,0,0,-2574.097228907584,2956.0598535481495,2411.1082206776227,2411.1082206776227,200.22093099815902
2025-06-09T00:00:00Z,2411.354444723986,54.64309223949077,54.64309223949077,54.64309223949077,207.10923604872124,207.10923604872124,207.10923604872124,-152.46614380923046,-152.46614380923046,-152.46614380923046,0,0,0,-468.3581564800892,5205.759157357812,2411.354444723986,2411.354444723986,2465.9975369634767
2025-06-10T00:00:00Z,2411.6006687703493,636.7329288531957,636.7329288531957,636.7329288531957,788.4207419727368,788.4207419727368,788.4207419727368,-151.68781311954112,-151.68781311954112,-151.68781311954112,0,0,0,525.7305389350904,5674.697753229615,2411.6006687703493,2411.6006687703493,3048.333597623545
2025-06-11T00:00:00Z,2411.8468927794206,601.0681283430528,601.0681283430528,601.0681283430528,750.5590710469027,750.5590710469027,750.5590710469027,-149.49094270384992,-149.49094270384992,-149.49094270384992,0,0,0,394.82559202265054,5850.139391112257,2411.8468927794206,2411.8468927794206,3012.9150211224733
2025-06-12T00:00:00Z,2412.0931167884924,691.9939870312212,691.9939870312212,691.9939870312212,838.0716227726707,838.0716227726707,838.0716227726707,-146.07763574144963,-146.07763574144963,-146.07763574144963,0,0,0,347.2675733251889,5801.879000653984,2412.0931167884924,2412.0931167884924,3104.087103819714
2025-06-13T00:00:00Z,2412.3393407975636,734.044078497596,734.044078497596,734.044078497596,875.7343040619238,875.7343040619238,875.7343040619238,-141.6902255643278,-141.6902255643278,-141.6902255643278,0,0,0,305.3649229478109,6049.430958609978,2412.3393407975636,2412.3393407975636,3146.38341929516
2025-06-14T00:00:00Z,2412.585564806635,-1537.2817487161049,-1537.2817487161049,-1537.2817487161049,-1400.6798521535814,-1400.6798521535814,-1400.6798521535814,-136.60189656252348,-136.60189656252348,-136.60189656252348,0,0,0,-2001.7969854749333,3682.760939563912,2412.585564806635,2412.585564806635,875.3038160905301
2025-06-15T00:00:00Z,2412.831788815706,-2190.3214689978045,-2190.3214689978045,-2190.3214689978045,-2059.215123750163,-2059.215123750163,-2059.215123750163,-131.10634524764097,-131.10634524764097,-131.10634524764097,0,0,0,-2557.2422488061825,3118.1947606538633,2412.831788815706,2412.831788815706,222.51031981790175
2025-06-16T00:00:00Z,2413.078012824778,81.60241000864347,81.60241000864347,81.60241000864347,207.10923604210012,207.10923604210012,207.10923604210012,-125.50682603345658,-125.50682603345658,-125.50682603345658,0,0,0,-348.4540438521018,5144.764171388743,2413.078012824778,2413.078012824778,2494.6804228334213
2025-06-17T00:00:00Z,2413.3242368338497,668.3157972335234,668.3157972335234,668.3157972335234,788.4207419728951,788.4207419728951,788.4207419728951,-120.10494473937172,-120.10494473937172,-120.10494473937172,0,0,0,191.6948604015496,5878.156736190788,2413.3242368338497,2413.3242368338497,3081.640034067373
2025-06-18T00:00:00Z,2413.5704608429205,635.369501390646,635.369501390646,635.369501390646,750.5590710470276,750.5590710470276,750.5590710470276,-115.18956965638164,-115.18956965638164,-115.18956965638164,0,0,0,342.5011319906235,5651.11765330822,2413.5704608429205,2413.5704608429205,3048.9399622335663
2025-06-19T00:00:00Z,2413.8166848519922,727.0453977220591,727.0453977220591,727.0453977220591,838.0716227733843,838.0716227733843,838.0716227733843,-111.0262250513252,-111.0262250513252,-111.0262250513252,0,0,0,334.1380853625472,5871.709519065174,2413.8166848519922,2413.8166848519922,3140.8620825740513
2025-06-20T00:00:00Z,2414.062908861064,767.8869886721309,767.8869886721309,767.8869886721309,875.7343040678815,875.7343040678815,875.7343040678815,-107.84731539575057,-107.84731539575057,-107.84731539575057,0,0,0,429.7673940495549,5807.680032643497,2414.062908861064,2414.062908861064,3181.949897533195
2025-06-21T00:00:00Z,2414.3091328701353,-1506.5233530925007,-1506.5233530925007,-1506.5233530925007,-1400.679852153219,-1400.679852153219,-1400.679852153219,-105.8435009392818,-105.8435009392818,-105.8435009392818,0,0,0,-1943.555371151524,3469.011801173672,2414.3091328701353,2414.3091328701353,907.7857797776346
2025-06-22T00:00:00Z,2414.5553568792066,-2164.371631128093,-2164.371631128093,-2164.371631128093,-2059.2151237496396,-2059.2151237496396,-2059.2151237496396,-105.15650737845364,-105.15650737845364,-105.15650737845364,0,0,0,-2557.7294300797557,2878.1159057477184,2414.5553568792066,2414.5553568792066,250.18372575111334
2025-06-23T00:00:00Z,2414.801580888278,101.23563051668653,101.23563051668653,101.23563051668653,207.10923604384834,207.10923604384834,207.10923604384834,-105.8736055271618,-105.8736055271618,-105.8736055271618,0,0,0,-235.0900112933137,5118.539036241646,2414.801580888278,2414.801580888278,2516.037211404964
2025-06-24T00:00:00Z,2415.0478048973496,680.3967994288813,680.3967994288813,680.3967994288813,788.4207419726587,788.4207419726587,788.4207419726587,-108.02394254377741,-108.02394254377741,-108.02394254377741,0,0,0,313.2166308527079,5816.194626942146,2415.0478048973496,2415.0478048973496,3095.444604326231
2025-06-25T00:00:00Z,2415.294028906421,638.9822248970596,638.9822248970596,638.9822248970596,750.5590710465669,750.5590710465669,750.5590710465669,-111.57684614950733,-111.57684614950733,-111.57684614950733,0,0,0,380.497702556131,5828.267349145113,2415.294028906421,2415.294028906421,3054.2762538034804
2025-06-26T00:00:00Z,2415.540252915492,721.629463490985,721.629463490985,721.629463490985,838.0716227704025,838.0716227704025,838.0716227704025,-116.44215927941741,-116.44215927941741,-116.44215927941741,0,0,0,567.9163855652696,5867.8376390720405,2415.540252915492,2415.540252915492,3137.169716406477
2025-06-27T00:00:00Z,2415.7864769245634,753.2617072907861,753.2617072907861,753.2617072907861,875.7343040651134,875.7343040651134,875.7343040651134,-122.47259677432724,-122.47259677432724,-122.47259677432724,0,0,0,347.92970151941637,5766.299358205433,2415.7864769245634,2415.7864769245634,3169.0481842153495
2025-06-28T00:00:00Z,2416.032700933635,-1530.1479022815693,-1530.1479022815693,-1530.1479022815693,-1400.6798521559456,-1400.6798521559456,-1400.6798521559456,-129.4680501256232,-129.4680501256232,-129.4680501256232,0,0,0,-1752.9138235488006,3681.6691160107557,2416.032700933635,2416.032700933635,885.8847986520659
2025-06-29T00:00:00Z,2416.2789249427065,-2196.3968267630626,-2196.3968267630626,-2196.3968267630626,-2059.2151237491157,-2059.2151237491157,-2059.2151237491157,-137.18170301394701,-137.18170301394701,-137.18170301394701,0,0,0,-2548.030428428069,3154.2926991133336,2416.2789249427065,2416.2789249427065,219.8820981796439
2025-06-30T00:00:00Z,2416.5251489517777,61.78147460916598,61.78147460916598,61.78147460916598,207.1092360455965,207.1092360455965,207.1092360455965,-145.32776143643056,-145.32776143643056,-145.32776143643056,0,0,0,-104.40768162896612,5174.638305918761,2416.5251489517777,2416.5251489517777,2478.3066235609435
2025-07-01T00:00:00Z,2416.771372960849,634.8301925016546,634.8301925016546,634.8301925016546,788.4207419736244,788.4207419736244,788.4207419736244,-153.5905494719699,-153.5905494719699,-153.5905494719699,0,0,0,263.90339164614755,5848.465823929124,2416.771372960849,2416.771372960849,3051.6015654625035
2025-07-02T00:00:00Z,2417.0175969699208,588.9243941691968,588.9243941691968,588.9243941691968,750.5590710466918,750.5590710466918,750.5590710466918,-161.6346768774948,-161.6346768774948,-161.6346768774948,0,0,0,261.71180278230037,5830.241001238308,2417.0175969699208,2417.0175969699208,3005.941991139118
2025-07-03T00:00:00Z,2417.263820978992,668.9556736110509,668.9556736110509,668.9556736110509,838.0716227711159,838.0716227711159,838.0716227711159,-169.11594916006493,-169.11594916006493,-169.11594916006493,0,0,0,250.63090431340217,5820.480698671991,2417.263820978992,2417.263820978992,3086.219494590043
2025-07-04T00:00:00Z,2417.5100449880633,700.0416383642175,700.0416383642175,700.0416383642175,875.734304065084,875.734304065084,875.734304065084,-175.69266570086634,-175.69266570086634,-175.69266570086634,0,0,0,505.68217887924635,5968.294220232508,2417.5100449880633,2417.5100449880633,3117.5516833522806
2025-07-05T00:00:00Z,2417.7562689971346,-1581.7167898659168,-1581.7167898659168,-1581.7167898659168,-1400.6798521571282,-1400.6798521571282,-1400.6798521571282,-181.03693770878866,-181.03693770878866,-181.03693770878866,0,0,0,-1967.4901039130239,3521.3775979565617,2417.7562689971346,2417.7562689971346,836.0394791312178
2025-07-06T00:00:00Z,2418.0024930062064,-2244.060779494022,-2244.060779494022,-2244.060779494022,-2059.2151237485923,-2059.2151237485923,-2059.2151237485923,-184.84565574542995,-184.84565574542995,-184.84565574542995,0,0,0,-2773.0242143499127,2763.2828718450874,2418.0024930062064,2418.0024930062064,173.94171351218438
2025-07-07T00:00:00Z,2418.2487170152776,20.258489674627153,20.258489674627153,20.258489674627153,207.1092360463407,207.1092360463407,207.1092360463407,-186.8507463717136,-186.8507463717136,-186.8507463717136,0,0,0,-276.83150159394336,5249.728558160178,2418.2487170152776,2418.2487170152776,2438.5072066899047
2025-07-08T00:00:00Z,2418.494941024349,601.5923631212763,601.5923631212763,601.5923631212763,788.4207419729933,788.4207419729933,788.4207419729933,-186.82837885171676,-186.82837885171676,-186.82837885171676,0,0,0,461.5482241560801,5855.927237813552,2418.494941024349,2418.494941024349,3020.0873041456252
2025-07-09T00:00:00Z,2418.74116503342,565.9522558691588,565.9522558691588,565.9522558691588,750.5590710468166,750.5590710468166,750.5590710468166,-184.6068151776577,-184.6068151776577,-184.6068151776577,0,0,0,300.8822658611915,5743.5394851088595,2418.74116503342,2418.74116503342,2984.693420902579
2025-07-10T00:00:00Z,2418.9873890424924,657.9989838139912,657.9989838139912,657.9989838139912,838.0716227718294,838.0716227718294,838.0716227718294,-180.07263895783817,-180.07263895783817,-180.07263895783817,0,0,0,272.53894022574,5893.365316002419,2418.9873890424924,2418.9873890424924,3076.9863728564837
2025-07-11T00:00:00Z,2419.233613051563,702.5591544146392,702.5591544146392,702.5591544146392,875.734304063685,875.734304063685,875.734304063685,-173.17514964904586,-173.17514964904586,-173.17514964904586,0,0,0,354.1426901193804,5653.479279416123,2419.233613051563,2419.233613051563,3121.7927674662023
2025-07-12T00:00:00Z,2419.479837060635,-1564.6086187820893,-1564.6086187820893,-1564.6086187820893,-1400.6798521498622,-1400.6798521498622,-1400.6798521498622,-163.92876663222657,-163.92876663222657,-163.92876663222657,0,0,0,-1846.5844203510997,3755.6614869074074,2419.479837060635,2419.479837060635,854.8712182785457
2025-07-13T00:00:00Z,2419.7260610697062,-2211.6284746746555,-2211.6284746746555,-2211.6284746746555,-2059.2151237513117,-2059.2151237513117,-2059.2151237513117,-152.41335092334353,-152.41335092334353,-152.41335092334353,0,0,0,-2472.7374553121936,2937.1062182287683,2419.7260610697062,2419.7260610697062,208.0975863950507
2025-07-14T00:00:00Z,2419.972285078778,68.33681714324669,68.33681714324669,68.33681714324669,207.10923604909306,207.10923604909306,207.10923604909306,-138.77241890584637,-138.77241890584637,-138.77241890584637,0,0,0,-233.2960953571937,5413.624389627511,2419.972285078778,2419.972285078778,2488.3091022220246
2025-07-15T00:00:00Z,2420.2185090878493,665.211451701679,665.211451701679,665.211451701679,788.4207419731515,788.4207419731515,788.4207419731515,-123.20929027147245,-123.20929027147245,-123.20929027147245,0,0,0,227.304150075904,5683.9008846997185,2420.2185090878493,2420.2185090878493,3085.429960789528
2025-07-16T00:00:00Z,2420.4647330969206,644.5777918130822,644.5777918130822,644.5777918130822,750.5590710463558,750.5590710463558,750.5590710463558,-105.98127923327355,-105.98127923327355,-105.98127923327355,0,0,0,343.1613914679034,5707.173475635695,2420.4647330969206,2420.4647330969206,3065.0425249100026
2025-07-17T00:00:00Z,2420.710957105992,750.679520868573,750.679520868573,750.679520868573,838.0716227697698,838.0716227697698,838.0716227697698,-87.39210190119685,-87.39210190119685,-87.39210190119685,0,0,0,418.3951401502623,5885.087082718305,2420.710957105992,2420.710957105992,3171.390477974565
2025-07-18T00:00:00Z,2420.9571811150636,807.951572603313,807.951572603313,807.951572603313,875.7343040636555,875.7343040636555,875.7343040636555,-67.78273146034246,-67.78273146034246,-67.78273146034246,0,0,0,507.27056682034913,6123.409496641123,2420.9571811150636,2420.9571811150636,3228.908753718377
2025-07-19T00:00:00Z,2421.203405124135,-1448.200836728099,-1448.200836728099,-1448.200836728099,-1400.6798521510448,-1400.6798521510448,-1400.6798521510448,-47.5209845770543,-47.5209845770543,-47.5209845770543,0,0,0,-1632.9117922950895,3723.5675772669374,2421.203405124135,2421.203405124135,973.0025683960359
2025-07-20T00:00:00Z,2421.449629133206,-2086.205289341641,-2086.205289341641,-2086.205289341641,-2059.2151237493736,-2059.2151237493736,-2059.2151237493736,-26.99016559226805,-26.99016559226805,-26.99016559226805,0,0,0,-2475.5808434040573,3125.6997975800546,2421.449629133206,2421.449629133206,335.2443397915649
2025-07-21T00:00:00Z,2421.6958531422774,200.53210790301068,200.53210790301068,200.53210790301068,207.1092360498371,207.1092360498371,207.1092360498371,-6.577128146826448,-6.577128146826448,-6.577128146826448,0,0,0,-73.60641170438703,5413.735675730277,2421.6958531422774,2421.6958531422774,2622.227961045288
2025-07-22T00:00:00Z,2421.942077151349,801.7606061941788,801.7606061941788,801.7606061941788,788.4207419729152,788.4207419729152,788.4207419729152,13.339864221263749,13.339864221263749,13.339864221263749,0,0,0,156.71230801708305,5914.870888873762,2421.942077151349,2421.942077151349,3223.702683345528
2025-07-23T00:00:00Z,2422.1883011604205,782.9621580462202,782.9621580462202,782.9621580462202,750.5590710470383,750.5590710470383,750.5590710470383,32.40308699918189,32.40308699918189,32.40308699918189,0,0,0,495.72147978434225,6135.705940993808,2422.1883011604205,2422.1883011604205,3205.150459206641
2025-07-24T00:00:00Z,2422.4345251694917,888.3583467951464,888.3583467951464,888.3583467951464,838.0716227695609,838.0716227695609,838.0716227695609,50.28672402558524,50.28672402558524,50.28672402558524,0,0,0,511.01731131042806,6103.426797002518,2422.4345251694917,2422.4345251694917,3310.792871964638
2025-07-25T00:00:00Z,2422.680749178563,942.4415869158325,942.4415869158325,942.4415869158325,875.7343040608874,875.7343040608874,875.7343040608874,66.70728285494516,66.70728285494516,66.70728285494516,0,0,0,644.5516123832463,6113.051076463999,2422.680749178563,2422.680749178563,3365.1223360943955
2025-07-26T00:00:00Z,2422.9269731876348,-1319.2471436084006,-1319.2471436084006,-1319.2471436084006,-1400.6798521537723,-1400.6798521537723,-1400.6798521537723,81.43270854537141,81.43270854537141,81.43270854537141,0,0,0,-1651.254801911919,4011.8589557165683,2422.9269731876348,2422.9269731876348,1103.6798295792341
2025-07-27T00:00:00Z,2423.173197196706,-1964.9252374695157,-1964.9252374695157,-1964.9252374695157,-2059.2151237502644,-2059.2151237502644,-2059.2151237502644,94.28988628074889,94.28988628074889,94.28988628074889,0,0,0,-2066.621402450993,3477.2644324680105,2423.173197196706,2423.173197196706,458.2479597271904
2025-07-28T00:00:00Z,2423.4194212057773,312.27950744830275,312.27950744830275,312.27950744830275,207.1092360432161,207.1092360432161,207.1092360432161,105.17027140508667,105.17027140508667,105.17027140508667,0,0,0,113.73318050737986,5602.153120793068,2423.4194212057773,2423.4194212057773,2735.69892865408
2025-07-29T00:00:00Z,2423.6656452148486,902.4541843569323,902.4541843569323,902.4541843569323,788.4207419726785,788.4207419726785,788.4207419726785,114.03344238425399,114.03344238425399,114.03344238425399,0,0,0,344.4707056836454,6254.210374922773,2423.6656452148486,2423.6656452148486,3326.119829571781
2025-07-30T00:00:00Z,2423.9118692239203,871.4675072170608,871.4675072170608,871.4675072170608,750.5590710468707,750.5590710468707,750.5590710468707,120.90843617019001,120.90843617019001,120.90843617019001,0,0,0,318.8666774073459,5975.010227812581,2423.9118692239203,2423.9118692239203,3295.379376440981
2025-07-31T00:00:00Z,2424.1580932329916,963.9644172933914,963.9644172933914,963.9644172933914,838.0716227711966,838.0716227711966,838.0716227711966,125.89279452219482,125.89279452219482,125.89279452219482,0,0,0,710.3632299989232,6299.625680930902,2424.1580932329916,2424.1580932329916,3388.122510526383
2025-08-01T00:00:00Z,2424.404317242063,1004.8836259775845,1004.8836259775845,1004.8836259775845,875.734304060858,875.734304060858,875.734304060858,129.1493219167266,129.1493219167266,129.1493219167266,0,0,0,669.0517964918535,6410.599511017415,2424.404317242063,2424.404317242063,3429.2879432196473
2025-08-02T00:00:00Z,2424.6505412511347,-1269.7792236142257,-1269.7792236142257,-1269.7792236142257,-1400.679852153409,-1400.679852153409,-1400.679852153409,130.90062853918332,130.90062853918332,130.90062853918332,0,0,0,-1667.2087535429848,4032.029177436666,2424.6505412511347,2424.6505412511347,1154.871317636909
2025-08-03T00:00:00Z,2424.8967652602064,-1927.7935205124581,-1927.7935205124581,-1927.7935205124581,-2059.215123748326,-2059.215123748326,-2059.215123748326,131.4216032358676,131.4216032358676,131.4216032358676,0,0,0,-2157.6711816195907,3352.926971850088,2424.8967652602064,2424.8967652602064,497.10324474774825
2025-08-04T00:00:00Z,2425.142989387755,338.1392650265928,338.1392650265928,338.1392650265928,207.10923604496432,207.10923604496432,207.10923604496432,131.03002898162853,131.03002898162853,131.03002898162853,0,0,0,-168.4454037902718,5633.888164097988,2425.142989387755,2425.142989387755,2763.282254414348
2025-08-05T00:00:00Z,2425.3892135153033,918.4963572194565,918.4963572194565,918.4963572194565,788.420741972442,788.420741972442,788.420741972442,130.07561524701458,130.07561524701458,130.07561524701458,0,0,0,426.92435066597756,5874.709456572266,2425.3892135153033,2425.3892135153033,3343.8855707347598
2025-08-06T00:00:00Z,2425.6354376428517,879.4868467017415,879.4868467017415,879.4868467017415,750.5590710469954,750.5590710469954,750.5590710469954,128.92777565474597,128.92777565474597,128.92777565474597,0,0,0,566.3329500164339,6038.371971315871,2425.6354376428517,2425.6354376428517,3305.122284344593
2025-08-07T00:00:00Z,2425.8816617704,966.034146512821,966.034146512821,966.034146512821,838.0716227709878,838.0716227709878,838.0716227709878,127.96252374183317,127.96252374183317,127.96252374183317,0,0,0,663.1093395294989,6224.984260988435,2425.8816617704,2425.8816617704,3391.915808283221
2025-08-08T00:00:00Z,2426.127885897949,1003.2831970865125,1003.2831970865125,1003.2831970865125,875.7343040654463,875.7343040654463,875.7343040654463,127.54889302106618,127.54889302106618,127.54889302106618,0,0,0,624.5987002921265,6111.524019418413,2426.127885897949,2426.127885897949,3429.4110829844612
2025-08-09T00:00:00Z,2426.3741100254974,-1272.6445434488048,-1272.6445434488048,-1272.6445434488048,-1400.6798521561363,-1400.6798521561363,-1400.6798521561363,128.0353087073319,128.0353087073319,128.0353087073319,0,0,0,-1540.751646467607,3735.4870310039996,2426.3741100254974,2426.3741100254974,1153.7295665766926
2025-08-10T00:00:00Z,2426.6203341530463,-1929.4787770843843,-1929.4787770843843,-1929.4787770843843,-2059.2151237478024,-2059.2151237478024,-2059.2151237478024,129.73634666341792,129.73634666341792,129.73634666341792,0,0,0,-2259.6455407976196,3058.4347556988173,2426.6203341530463,2426.6203341530463,497.141557068662
2025-08-11T00:00:00Z,2426.8665582805947,340.02954597094777,340.02954597094777,340.02954597094777,207.10923604671262,207.10923604671262,207.10923604671262,132.9203099242352,132.9203099242352,132.9203099242352,0,0,0,171.836462727661,5439.840392821451,2426.8665582805947,2426.8665582805947,2766.8961042515425
2025-08-12T00:00:00Z,2427.1127824081436,926.2187765566829,926.2187765566829,926.2187765566829,788.4207419726002,788.4207419726002,788.4207419726002,137.79803458408244,137.79803458408244,137.79803458408244,0,0,0,418.42069029836387,5969.290302407155,2427.1127824081436,2427.1127824081436,3353.3315589648264
2025-08-13T00:00:00Z,2427.359006535692,895.0723763653148,895.0723763653148,895.0723763653148,750.5590710470927,750.5590710470927,750.5590710470927,144.51330531822222,144.51330531822222,144.51330531822222,0,0,0,711.2824949316625,6032.372746545052,2427.359006535692,2427.359006535692,3322.431382901007
2025-08-14T00:00:00Z,2427.605230663241,991.2068399044698,991.2068399044698,991.2068399044698,838.0716227707788,838.0716227707788,838.0716227707788,153.13521713369076,153.13521713369076,153.13521713369076,0,0,0,541.4023764774875,6214.626520449515,2427.605230663241,2427.605230663241,3418.8120705677106
2025-08-15T00:00:00Z,2427.8514547907894,1039.3870694132904,1039.3870694132904,1039.3870694132904,875.7343040640475,875.7343040640475,875.7343040640475,163.65276534924288,163.65276534924288,163.65276534924288,0,0,0,582.574235664217,6117.020004695373,2427.8514547907894,2427.8514547907894,3467.23852420408
2025-08-16T00:00:00Z,2428.0976789183383,-1224.7079703660004,-1224.7079703660004,-1224.7079703660004,-1400.6798521488704,-1400.6798521488704,-1400.6798521488704,175.9718817828699,175.9718817828699,175.9718817828699,0,0,0,-1597.648440268645,3927.0996891082377,2428.0976789183383,2428.0976789183383,1203.3897085523379
2025-08-17T00:00:00Z,2428.3439030458867,-1869.3000601961137,-1869.3000601961137,-1869.3000601961137,-2059.215123747278,-2059.215123747278,-2059.215123747278,189.9150635511647,189.9150635511647,189.9150635511647,0,0,0,-2248.5657356872357,3372.8137516533884,2428.3439030458867,2428.3439030458867,559.043842849773
2025-08-18T00:00:00Z,2428.5901271734356,412.3328998666389,412.3328998666389,412.3328998666389,207.10923604745645,207.10923604745645,207.10923604745645,205.2236638191825,205.2236638191825,205.2236638191825,0,0,0,155.757662218668,5557.774447522391,2428.5901271734356,2428.5901271734356,2840.9230270400744
2025-08-19T00:00:00Z,2428.8363513009836,1009.9835755470252,1009.9835755470252,1009.9835755470252,788.4207419727765,788.4207419727765,788.4207419727765,221.56283357424883,221.56283357424883,221.56283357424883,0,0,0,998.1313061505831,6359.854069482549,2428.8363513009836,2428.8363513009836,3438.819926848009
2025-08-20T00:00:00Z,2429.0825754285324,989.0880934555978,989.0880934555978,989.0880934555978,750.5590710472172,750.5590710472172,750.5590710472172,238.5290224083805,238.5290224083805,238.5290224083805,0,0,0,743.6491618098012,6135.192595509262,2429.0825754285324,2429.0825754285324,3418.1706688841305
2025-08-21T00:00:00Z,2429.328799556081,1093.7314896073358,1093.7314896073358,1093.7314896073358,838.0716227724148,838.0716227724148,838.0716227724148,255.65986683492088,255.65986683492088,255.65986683492088,0,0,0,843.2667705582575,6134.975321202848,2429.328799556081,2429.328799556081,3523.0602891634167
2025-08-22T00:00:00Z,2429.5750236836293,1148.1805233032794,1148.1805233032794,1148.1805233032794,875.7343040626486,875.7343040626486,875.7343040626486,272.44621924063114,272.44621924063114,272.44621924063114,0,0,0,889.9276965471787,6205.139486002607,2429.5750236836293,2429.5750236836293,3577.7555469869085
2025-08-23T00:00:00Z,2429.821247811178,-1112.3338506398031,-1112.3338506398031,-1112.3338506398031,-1400.6798521515975,-1400.6798521515975,-1400.6798521515975,288.34600151179444,288.34600151179444,288.34600151179444,0,0,0,-1440.5574643673724,4316.327757606198,2429.821247811178,2429.821247811178,1317.487397171375
2025-08-24T00:00:00Z,2430.0674719387266,-1756.4156169394435,-1756.4156169394435,-1756.4156169394435,-2059.2151237514126,-2059.2151237514126,-2059.2151237514126,302.7995068119693,302.7995068119693,302.7995068119693,0,0,0,-2102.7315793191074,3185.0335288714114,2430.0674719387266,2430.0674719387266,673.6518549992832
2025-08-25T00:00:00Z,2430.3136960662755,522.354958904484,522.354958904484,522.354958904484,207.10923604820064,207.10923604820064,207.10923604820064,315.2457228562833,315.2457228562833,315.2457228562833,0,0,0,166.78733921236352,5740.854397033292,2430.3136960662755,2430.3136960662755,2952.6686549707592
2025-08-26T00:00:00Z,2430.559920193824,1113.559953908757,1113.559953908757,1113.559953908757,788.4207419729347,788.4207419729347,788.4207419729347,325.1392119358223,325.1392119358223,325.1392119358223,0,0,0,714.1437114683815,6299.086915050691,2430.559920193824,2430.559920193824,3544.119874102581
2025-08-27T00:00:00Z,2430.806144321373,1082.5261292261066,1082.5261292261066,1082.5261292261066,750.5590710470493,750.5590710470493,750.5590710470493,331.9670581790573,331.9670581790573,331.9670581790573,0,0,0,892.6359829748184,6464.335548766988,2430.806144321373,2430.806144321373,3513.3322735474794
2025-08-28T00:00:00Z,2431.0523684489212,1173.3370047592134,1173.3370047592134,1173.3370047592134,838.0716227722061,838.0716227722061,838.0716227722061,335.26538198700763,335.26538198700763,335.26538198700763,0,0,0,662.5194812649518,6450.9944306748475,2431.0523684489212,2431.0523684489212,3604.3893732081347
2025-08-29T00:00:00Z,2431.29859257647,1210.3692297850077,1210.3692297850077,1210.3692297850077,875.7343040626191,875.7343040626191,875.7343040626191,334.6349257223886,334.6349257223886,334.6349257223886,0,0,0,829.4496212607235,6204.193839089282,2431.29859257647,2431.29859257647,3641.667822361478
2025-08-30T00:00:00Z,2431.5448167040186,-1070.9246185368115,-1070.9246185368115,-1070.9246185368115,-1400.6798521512349,-1400.6798521512349,-1400.6798521512349,329.7552336144234,329.7552336144234,329.7552336144234,0,0,0,-1451.2907665166156,4091.54520906376,2431.5448167040186,2431.5448167040186,1360.620198167207
2025-08-31T00:00:00Z,2431.7910408315674,-1738.8181416834102,-1738.8181416834102,-1738.8181416834102,-2059.215123749474,-2059.215123749474,-2059.215123749474,320.39698206606425,320.39698206606425,320.39698206606425,0,0,0,-2138.8935590281167,3470.1413495219376,2431.7910408315674,2431.7910408315674,692.9728991481572
2025-09-01T00:00:00Z,2432.0372649591154,513.5412993539037,513.5412993539037,513.5412993539037,207.1092360509531,207.1092360509531,207.1092360509531,306.4320633029507,306.4320633029507,306.4320633029507,0,0,0,260.35144337334685,5669.620132455328,2432.0372649591154,2432.0372649591154,2945.5785643130193
2025-09-02T00:00:00Z,2432.2834890866643,1076.2618263089078,1076.2618263089078,1076.2618263089078,788.4207419726984,788.4207419726984,788.4207419726984,287.8410843362097,287.8410843362097,287.8410843362097,0,0,0,615.0277651985346,6116.590349589148,2432.2834890866643,2432.2834890866643,3508.5453153955723
2025-09-03T00:00:00Z,2432.5297132142127,1015.2770839890906,1015.2770839890906,1015.2770839890906,750.5590710468815,750.5590710468815,750.5590710468815,264.71801294220904,264.71801294220904,264.71801294220904,0,0,0,645.0493270083701,6373.305726273067,2432.5297132142127,2432.5297132142127,3447.806797203303
2025-09-04T00:00:00Z,2432.7759373417616,1075.3434035913401,1075.3434035913401,1075.3434035913401,838.0716227701465,838.0716227701465,838.0716227701465,237.27178082119383,237.27178082119383,237.27178082119383,0,0,0,779.4859990939447,6262.8334682264,2432.7759373417616,2432.7759373417616,3508.1193409331017
2025-09-05T00:00:00Z,2433.02216146931,1081.5590431661935,1081.5590431661935,1081.5590431661935,875.7343040598511,875.7343040598511,875.7343040598511,205.8247391063425,205.8247391063425,205.8247391063425,0,0,0,669.8241869112239,6402.416093310532,2433.02216146931,2433.02216146931,3514.5812046355036
2025-09-06T00:00:00Z,2433.2683855968585,-1229.8719016604632,-1229.8719016604632,-1229.8719016604632,-1400.6798521539624,-1400.6798521539624,-1400.6798521539624,170.80795049349908,170.80795049349908,170.80795049349908,0,0,0,-1494.1037574035358,3963.0355192610427,2433.2683855968585,2433.2683855968585,1203.3964839363953
2025-09-07T00:00:00Z,2433.5146097244074,-1926.4617308413713,-1926.4617308413713,-1926.4617308413713,-2059.2151237503654,-2059.2151237503654,-2059.2151237503654,132.75339290899413,132.75339290899413,132.75339290899413,0,0,0,-2459.1393399825165,3192.7958737752933,2433.5146097244074,2433.5146097244074,507.0528788830361
2025-09-08T00:00:00Z,2433.760833851956,299.3924752264321,299.3924752264321,299.3924752264321,207.1092360516972,207.1092360516972,207.1092360516972,92.28323917473497,92.28323917473497,92.28323917473497,0,0,0,-15.28057224092587,5482.337400909376,2433.760833851956,2433.760833851956,2733.153309078388
2025-09-09T00:00:00Z,2434.0070579795047,838.5172049225595,838.5172049225595,838.5172049225595,788.420741973664,788.420741973664,788.420741973664,50.09646294889544,50.09646294889544,50.09646294889544,0,0,0,536.5210671205983,5901.6018149752845,2434.0070579795047,2434.0070579795047,3272.524262902064
2025-09-10T00:00:00Z,2434.253282107053,757.5121718165351,757.5121718165351,757.5121718165351,750.5590710467135,750.5590710467135,750.5590710467135,6.953100769821541,6.953100769821541,6.953100769821541,0,0,0,531.3713552634683,6008.805282566992,2434.253282107053,2434.253282107053,3191.765453923588
2025-09-11T00:00:00Z,2434.499506234602,801.7281937129364,801.7281937129364,801.7281937129364,838.0716227699374,838.0716227699374,838.0716227699374,-36.34342905700098,-36.34342905700098,-36.34342905700098,0,0,0,435.5147104807361,5907.585723490622,2434.499506234602,2434.499506234602,3236.2276999475384
2025-09-12T00:00:00Z,2434.7457303621504,796.7688141972305,796.7688141972305,796.7688141972305,875.7343040658087,875.7343040658087,875.7343040658087,-78.965489868578,-78.965489868578,-78.965489868578,0,0,0,593.8293085261431,6208.029303641011,2434.7457303621504,2434.7457303621504,3231.5145445593807
2025-09-13T00:00:00Z,2434.9919544896993,-1520.7612161493726,-1520.7612161493726,-1520.7612161493726,-1400.6798521551445,-1400.6798521551445,-1400.6798521551445,-120.08136399422804,-120.08136399422804,-120.08136399422804,0,0,0,-1694.9705389682024,3598.703842793062,2434.9919544896993,2434.9919544896993,914.2307383403268
2025-09-14T00:00:00Z,2435.2381786172477,-2218.090946065941,-2218.090946065941,-2218.090946065941,-2059.215123748427,-2059.215123748427,-2059.215123748427,-158.8758223175137,-158.8758223175137,-158.8758223175137,0,0,0,-2316.509403343608,2857.4520549066415,2435.2381786172477,2435.2381786172477,217.14723255130684
2025-09-15T00:00:00Z,2435.484402744796,12.53866988564923,12.53866988564923,12.53866988564923,207.10923604507593,207.10923604507593,207.10923604507593,-194.57056615942673,-194.57056615942673,-194.57056615942673,0,0,0,-260.16239524117816,5009.828302952172,2435.484402744796,2435.484402744796,2448.0230726304453
2025-09-16T00:00:00Z,2435.7306268723446,561.9767626881409,561.9767626881409,561.9767626881409,788.4207419730327,788.4207419730327,788.4207419730327,-226.44397928489184,-226.44397928489184,-226.44397928489184,0,0,0,517.2054249035175,6022.903900990608,2435.7306268723446,2435.7306268723446,2997.7073895604854
2025-09-17T00:00:00Z,2435.9768509998935,496.7094294521638,496.7094294521638,496.7094294521638,750.5590710468387,750.5590710468387,750.5590710468387,-253.84964159467484,-253.84964159467484,-253.84964159467484,0,0,0,43.429722762238654,5510.408492265206,2435.9768509998935,2435.9768509998935,2932.6862804520574
2025-09-18T00:00:00Z,2436.223075127442,561.8385371717119,561.8385371717119,561.8385371717119,838.0716227715734,838.0716227715734,838.0716227715734,-276.23308559986134,-276.23308559986134,-276.23308559986134,0,0,0,281.81451953908515,5701.492766061473,2436.223075127442,2436.223075127442,2998.0616122991537
2025-09-19T00:00:00Z,2436.469299254991,582.5879826932428,582.5879826932428,582.5879826932428,875.734304065779,875.734304065779,875.734304065779,-293.1463213725363,-293.1463213725363,-293.1463213725363,0,0,0,205.30844911488822,5911.633634088445,2436.469299254991,2436.469299254991,3019.0572819482336
2025-09-20T00:00:00Z,2436.7155233825392,-1704.9395662811537,-1704.9395662811537,-1704.9395662811537,-1400.6798521478786,-1400.6798521478786,-1400.6798521478786,-304.2597141332753,-304.2597141332753,-304.2597141332753,0,0,0,-2111.8820074582654,3340.836373214447,2436.7155233825392,2436.7155233825392,731.7759571013855
2025-09-21T00:00:00Z,2436.9617475100877,-2368.585993143971,-2368.585993143971,-2368.585993143971,-2059.215123747903,-2059.215123747903,-2059.215123747903,-309.3708693960674,-309.3708693960674,-309.3708693960674,0,0,0,-2570.010270315278,2806.211309390927,2436.9617475100877,2436.9617475100877,68.37575436611678
2025-09-22T00:00:00Z,2437.2079716376365,-101.30102563414496,-101.30102563414496,-101.30102563414496,207.10923604682412,207.10923604682412,207.10923604682412,-308.41026168096914,-308.41026168096914,-308.41026168096914,0,0,0,-386.8133790824749,5278.539319740805,2437.2079716376365,2437.2079716376365,2335.9069460034916
2025-09-23T00:00:00Z,2437.4541957651854,486.9773100059502,486.9773100059502,486.9773100059502,788.420741973191,788.420741973191,788.420741973191,-301.4434319672408,-301.4434319672408,-301.4434319672408,0,0,0,212.8989009269887,5756.540218550266,2437.4541957651854,2437.4541957651854,2924.4315057711356
2025-09-24T00:00:00Z,2437.700419892734,461.8893972824292,461.8893972824292,461.8893972824292,750.5590710463779,750.5590710463779,750.5590710463779,-288.6696737639487,-288.6696737639487,-288.6696737639487,0,0,0,58.7622555649167,5754.7972243936665,2437.700419892734,2437.700419892734,2899.5898171751633
2025-09-25T00:00:00Z,2437.9466440202823,567.6543975263198,567.6543975263198,567.6543975263198,838.0716227713644,838.0716227713644,838.0716227713644,-270.41722524504456,-270.41722524504456,-270.41722524504456,0,0,0,345.33736027858043,5726.447642055279,2437.9466440202823,2437.9466440202823,3005.601041546602
2025-09-26T00:00:00Z,2438.1928681478307,628.599221536273,628.599221536273,628.599221536273,875.7343040643802,875.7343040643802,875.7343040643802,-247.1350825281072,-247.1350825281072,-247.1350825281072,0,0,0,210.83651377515986,5830.793884375328,2438.1928681478307,2438.1928681478307,3066.7920896841038
2025-09-27T00:00:00Z,2438.439092351418,-1620.0614962189275,-1620.0614962189275,-1620.0614962189275,-1400.679852149061,-1400.679852149061,-1400.679852149061,-219.38164406986684,-219.38164406986684,-219.38164406986684,0,0,0,-2078.7009244732812,3585.327853283195,2438.439092351418,2438.439092351418,818.3775961324905
2025-09-28T00:00:00Z,2438.685316555005,-2247.025609303371,-2247.025609303371,-2247.025609303371,-2059.2151237459643,-2059.2151237459643,-2059.2151237459643,-187.81048555740588,-187.81048555740588,-187.81048555740588,0,0,0,-2599.9570544898934,2822.505106650021,2438.685316555005,2438.685316555005,191.65970725163425
2025-09-29T00:00:00Z,2438.9315407585923,53.95559005126072,53.95559005126072,53.95559005126072,207.10923604857246,207.10923604857246,207.10923604857246,-153.1536459973117,-153.1536459973117,-153.1536459973117,0,0,0,-219.16804348707018,5393.501062521314,2438.9315407585923,2438.9315407585923,2492.887130809853
2025-09-30T00:00:00Z,2439.177764962179,672.2178654109953,672.2178654109953,672.2178654109953,788.4207419733493,788.4207419733493,788.4207419733493,-116.20287656235402,-116.20287656235402,-116.20287656235402,0,0,0,599.3539017916165,5879.858029003663,2439.177764962179,2439.177764962179,3111.3956303731743
2025-10-01T00:00:00Z,2439.4239891657658,672.7697089896363,672.7697089896363,672.7697089896363,750.5590710470606,750.5590710470606,750.5590710470606,-77.7893620574242,-77.7893620574242,-77.7893620574242,0,0,0,301.6969204766508,5955.120663515419,2439.4239891657658,2439.4239891657658,3112.193698155402
2025-10-02T00:00:00Z,2439.670213369353,799.309153880726,799.309153880726,799.309153880726,838.0716227720778,838.0716227720778,838.0716227720778,-38.76246889135197,-38.76246889135197,-38.76246889135197,0,0,0,466.6889798499662,5883.0079485958095,2439.670213369353,2439.670213369353,3238.979367250079
2025-10-03T00:00:00Z,2439.91643757294,875.7662022213308,875.7662022213308,875.7662022213308,875.7343040629814,875.7343040629814,875.7343040629814,0.031898158349348414,0.031898158349348414,0.031898158349348414,0,0,0,749.2331575360299,6103.588716633928,2439.91643757294,2439.91643757294,3315.682639794271
2025-10-04T00:00:00Z,2440.1626617765273,-1362.9071159678997,-1362.9071159678997,-1362.9071159678997,-1400.6798521517883,-1400.6798521517883,-1400.6798521517883,37.772736183888284,37.772736183888284,37.772736183888284,0,0,0,-1749.9870264706406,3932.9368771042396,2440.1626617765273,2440.1626617765273,1077.2555458086276
2025-10-05T00:00:00Z,2440.408885980114,-1985.5305315642897,-1985.5305315642897,-1985.5305315642897,-2059.2151237468556,-2059.2151237468556,-2059.2151237468556,73.68459218256572,73.68459218256572,73.68459218256572,0,0,0,-2375.8893927895065,3016.82884517443,2440.408885980114,2440.408885980114,454.87835441582433
2025-10-06T00:00:00Z,2440.6551101837013,314.16608752746873,314.16608752746873,314.16608752746873,207.10923604094697,207.10923604094697,207.10923604094697,107.05685148652168,107.05685148652168,107.05685148652168,0,0,0,122.12250992870574,5381.649556037985,2440.6551101837013,2440.6551101837013,2754.82119771117
2025-10-07T00:00:00Z,2440.9013343872884,925.6818792269523,925.6818792269523,925.6818792269523,788.4207419727181,788.4207419727181,788.4207419727181,137.26113725423457,137.26113725423457,137.26113725423457,0,0,0,441.259606320502,6066.376432394732,2440.9013343872884,2440.9013343872884,3366.583213614241
2025-10-08T00:00:00Z,2441.1475585908756,914.325416005225,914.325416005225,914.325416005225,750.5590710468924,750.5590710468924,750.5590710468924,163.76634495833252,163.76634495833252,163.76634495833252,0,0,0,532.8256660499961,6450.233630689881,2441.1475585908756,2441.1475585908756,3355.4729745961004
2025-10-09T00:00:00Z,2441.3937827944624,1024.2225255657227,1024.2225255657227,1024.2225255657227,838.0716227700183,838.0716227700183,838.0716227700183,186.1509027957045,186.1509027957045,186.1509027957045,0,0,0,788.2982888114743,6391.883438692312,2441.3937827944624,2441.3937827944624,3465.616308360185
2025-10-10T00:00:00Z,2441.6400069980496,1079.8462318317365,1079.8462318317365,1079.8462318317365,875.7343040615827,875.7343040615827,875.7343040615827,204.1119277701538,204.1119277701538,204.1119277701538,0,0,0,674.7078435508224,6280.660605876971,2441.6400069980496,2441.6400069980496,3521.486238829786
2025-10-11T00:00:00Z,2441.8862312016367,-1183.2088165524315,-1183.2088165524315,-1183.2088165524315,-1400.6798521514256,-1400.6798521514256,-1400.6798521514256,217.47103559899404,217.47103559899404,217.47103559899404,0,0,0,-1641.1811255447951,4024.7889492196264,2441.8862312016367,2441.8862312016367,1258.6774146492053
2025-10-12T00:00:00Z,2442.132455405224,-1833.0384656871606,-1833.0384656871606,-1833.0384656871606,-2059.2151237495755,-2059.2151237495755,-2059.2151237495755,226.17665806241465,226.17665806241465,226.17665806241465,0,0,0,-2326.1577051569666,3338.281732040736,2442.132455405224,2442.132455405224,609.0939897180633
2025-10-13T00:00:00Z,2442.378679608811,437.41205723684783,437.41205723684783,437.41205723684783,207.10923604369967,207.10923604369967,207.10923604369967,230.30282119314813,230.30282119314813,230.30282119314813,0,0,0,98.42000570024608,5579.333331716687,2442.378679608811,2442.378679608811,2879.790736845659
2025-10-14T00:00:00Z,2442.624903812398,1018.465180894205,1018.465180894205,1018.465180894205,788.4207419728764,788.4207419728764,788.4207419728764,230.04443892132844,230.04443892132844,230.04443892132844,0,0,0,679.0984425343844,6204.136414196797,2442.624903812398,2442.624903812398,3461.0900847066027
2025-10-15T00:00:00Z,2442.871128015985,976.2683475632546,976.2683475632546,976.2683475632546,750.5590710470176,750.5590710470176,750.5590710470176,225.7092765162372,225.7092765162372,225.7092765162372,0,0,0,546.8208115025359,6248.005520591256,2442.871128015985,2442.871128015985,3419.13947557924
2025-10-16T00:00:00Z,2443.1173522195722,1055.7784562813786,1055.7784562813786,1055.7784562813786,838.0716227707319,838.0716227707319,838.0716227707319,217.7068335106468,217.7068335106468,217.7068335106468,0,0,0,778.7332097919068,6295.269155611556,2443.1173522195722,2443.1173522195722,3498.895808500951
2025-10-17T00:00:00Z,2443.3635764231594,1082.2687880396543,1082.2687880396543,1082.2687880396543,875.7343040675402,875.7343040675402,875.7343040675402,206.53448397211415,206.53448397211415,206.53448397211415,0,0,0,634.8801516883271,6269.710176064126,2443.3635764231594,2443.3635764231594,3525.6323644628137
2025-10-18T00:00:00Z,2443.609800626746,-1207.9185617258145,-1207.9185617258145,-1207.9185617258145,-1400.6798521541527,-1400.6798521541527,-1400.6798521541527,192.76129042833853,192.76129042833853,192.76129042833853,0,0,0,-1516.2244833973655,3957.293901608317,2443.609800626746,2443.609800626746,1235.6912389009317
2025-10-19T00:00:00Z,2443.8560248303334,-1882.205149593492,-1882.205149593492,-1882.205149593492,-2059.2151237490516,-2059.2151237490516,-2059.2151237490516,177.00997415555938,177.00997415555938,177.00997415555938,0,0,0,-2121.189216916685,3480.8925980059394,2443.8560248303334,2443.8560248303334,561.6508752368413
2025-10-20T00:00:00Z,2444.1022490339205,367.04681298734386,367.04681298734386,367.04681298734386,207.10923604444372,207.10923604444372,207.10923604444372,159.93757694290005,159.93757694290005,159.93757694290005,0,0,0,107.87733385485174,5403.061737302556,2444.1022490339205,2444.1022490339205,2811.1490620212644
2025-10-21T00:00:00Z,2444.3484732375077,930.6361282695342,930.6361282695342,930.6361282695342,788.4207419726399,788.4207419726399,788.4207419726399,142.21538629689425,142.21538629689425,142.21538629689425,0,0,0,752.4641048721812,6185.34842542203,2444.3484732375077,2444.3484732375077,3374.984601507042
2025-10-22T00:00:00Z,2444.594697441095,875.0677872853906,875.0677872853906,875.0677872853906,750.5590710465566,750.5590710465566,750.5590710465566,124.50871623883411,124.50871623883411,124.50871623883411,0,0,0,464.11057958626844,6178.914887286217,2444.594697441095,2444.594697441095,3319.6624847264857
2025-10-23T00:00:00Z,2444.8409216446817,945.528761524784,945.528761524784,945.528761524784,838.0716227705228,838.0716227705228,838.0716227705228,107.45713875426105,107.45713875426105,107.45713875426105,0,0,0,639.0817093113183,6091.996484594374,2444.8409216446817,2444.8409216446817,3390.3696831694656
2025-10-24T00:00:00Z,2445.087145848269,967.3900505153656,967.3900505153656,967.3900505153656,875.7343040647722,875.7343040647722,875.7343040647722,91.65574645059341,91.65574645059341,91.65574645059341,0,0,0,400.8509244413385,5982.597535068675,2445.087145848269,2445.087145848269,3412.4771963636344
2025-10-25T00:00:00Z,2445.333370051856,-1323.0418566983867,-1323.0418566983867,-1323.0418566983867,-1400.67985215688,-1400.67985215688,-1400.67985215688,77.63799545849334,77.63799545849334,77.63799545849334,0,0,0,-1700.7476566398022,3887.0377179886946,2445.333370051856,2445.333370051856,1122.2915133534693
2025-10-26T00:00:00Z,2445.579594255443,-1993.3544937978984,-1993.3544937978984,-1993.3544937978984,-2059.2151237485277,-2059.2151237485277,-2059.2151237485277,65.86062995062929,65.86062995062929,65.86062995062929,0,0,0,-2330.4346652699023,3243.673631012961,2445.579594255443,2445.579594255443,452.22510045754484
2025-10-27T00:00:00Z,2445.82581845903,263.80036326696336,263.80036326696336,263.80036326696336,207.1092360461918,207.1092360461918,207.1092360461918,56.69112722077156,56.69112722077156,56.69112722077156,0,0,0,-322.4830273382619,5374.487787629664,2445.82581845903,2445.82581845903,2709.6261817259933
2025-10-28T00:00:00Z,2446.072042662617,838.8187688167698,838.8187688167698,838.8187688167698,788.4207419732109,788.4207419732109,788.4207419732109,50.398026843558846,50.398026843558846,50.398026843558846,0,0,0,396.5579363254998,5976.011350805346,2446.072042662617,2446.072042662617,3284.8908114793867
2025-10-29T00:00:00Z,2446.3182668662043,797.7034922669932,797.7034922669932,797.7034922669932,750.5590710466815,750.5590710466815,750.5590710466815,47.14442122031151,47.14442122031151,47.14442122031151,0,0,0,444.23599427769597,6157.506290696554,2446.3182668662043,2446.3182668662043,3244.0217591331975
2025-10-30T00:00:00Z,2446.5644910697915,885.0564130703259,885.0564130703259,885.0564130703259,838.0716227721585,838.0716227721585,838.0716227721585,46.98479029816723,46.98479029816723,46.98479029816723,0,0,0,453.02484557983826,5994.961485828711,2446.5644910697915,2446.5644910697915,3331.6209041401175
2025-10-31T00:00:00Z,2446.8107152733787,925.5995672542905,925.5995672542905,925.5995672542905,875.7343040647429,875.7343040647429,875.7343040647429,49.865263189547626,49.865263189547626,49.865263189547626,0,0,0,465.59292326611177,6198.561700688253,2446.8107152733787,2446.8107152733787,3372.410282527669
2025-11-01T00:00:00Z,2447.056939476965,-1345.0525654124601,-1345.0525654124601,-1345.0525654124601,-1400.6798521580622,-1400.6798521580622,-1400.6798521580622,55.627286745602134,55.627286745602134,55.627286745602134,0,0,0,-1801.6108696641663,4006.037197818382,2447.056939476965,2447.056939476965,1102.0043740645049
2025-11-02T00:00:00Z,2447.303163680552,-1995.2005448979905,-1995.2005448979905,-1995.2005448979905,-2059.215123752662,-2059.215123752662,-2059.215123752662,64.01457885467164,64.01457885467164,64.01457885467164,0,0,0,-2360.152950275708,3199.031430238403,2447.303163680552,2447.303163680552,452.10261878256165
2025-11-03T00:00:00Z,2447.5493878841394,281.7923814138344,281.7923814138344,281.7923814138344,207.1092360469359,207.1092360469359,207.1092360469359,74.68314536689854,74.68314536689854,74.68314536689854,0,0,0,-12.88838282644598,5511.057188629545,2447.5493878841394,2447.5493878841394,2729.3417692979738
2025-11-04T00:00:00Z,2447.7956120877266,875.634788977087,875.634788977087,875.634788977087,788.4207419729744,788.4207419729744,788.4207419729744,87.21404700411252,87.21404700411252,87.21404700411252,0,0,0,749.6640305298878,5929.092141636132,2447.7956120877266,2447.7956120877266,3323.430401064814
2025-11-05T00:00:00Z,2448.0418362913133,851.6875901958607,851.6875901958607,851.6875901958607,750.559071046806,750.559071046806,750.559071046806,101.12851914905467,101.12851914905467,101.12851914905467,0,0,0,402.06091367497453,6157.400095415287,2448.0418362913133,2448.0418362913133,3299.729426487174
2025-11-06T00:00:00Z,2448.2880604949005,953.9765982880788,953.9765982880788,953.9765982880788,838.0716227719497,838.0716227719497,838.0716227719497,115.90497551612883,115.90497551612883,115.90497551612883,0,0,0,473.49453524395375,6119.448636747679,2448.2880604949005,2448.2880604949005,3402.2646587829795
2025-11-07T00:00:00Z,2448.5342846984877,1006.7316726042205,1006.7316726042205,1006.7316726042205,875.7343040633438,875.7343040633438,875.7343040633438,130.99736854087678,130.99736854087678,130.99736854087678,0,0,0,721.0169248812063,6181.096574326314,2448.5342846984877,2448.5342846984877,3455.265957302708
2025-11-08T00:00:00Z,2448.780508902075,-1254.8255154880778,-1254.8255154880778,-1254.8255154880778,-1400.679852150796,-1400.679852150796,-1400.679852150796,145.85433666271834,145.85433666271834,145.85433666271834,0,0,0,-1615.2299961996205,3821.3961732620523,2448.780508902075,2448.780508902075,1193.954993413997
2025-11-09T00:00:00Z,2449.026733105662,-1899.2765809171988,-1899.2765809171988,-1899.2765809171988,-2059.2151237507237,-2059.2151237507237,-2059.2151237507237,159.93854283352505,159.93854283352505,159.93854283352505,0,0,0,-2464.2476190954585,3330.8495085957197,2449.026733105662,2449.026733105662,549.7501521884633
2025-11-10T00:00:00Z,2449.272957309249,379.85483643954643,379.85483643954643,379.85483643954643,207.10923604968846,207.10923604968846,207.10923604968846,172.74560038985808,172.74560038985808,172.74560038985808,0,0,0,43.21750468156484,5552.168242775444,2449.272957309249,2449.272957309249,2829.1277937487953
2025-11-11T00:00:00Z,2449.519181512836,972.2427341836238,972.2427341836238,972.2427341836238,788.4207419731326,788.4207419731326,788.4207419731326,183.8219922104913,183.8219922104913,183.8219922104913,0,0,0,651.8632156120234,6196.81239466235,2449.519181512836,2449.519181512836,3421.7619156964597
2025-11-12T00:00:00Z,2449.765405716423,943.3404876712636,943.3404876712636,943.3404876712636,750.5590710469035,750.5590710469035,750.5590710469035,192.78141662436013,192.78141662436013,192.78141662436013,0,0,0,826.9168153363476,6188.810876601678,2449.765405716423,2449.765405716423,3393.1058933876866
2025-11-13T00:00:00Z,2450.01162992001,1037.3906608864306,1037.3906608864306,1037.3906608864306,838.0716227698903,838.0716227698903,838.0716227698903,199.31903811654016,199.31903811654016,199.31903811654016,0,0,0,876.8124119164713,6174.484874414874,2450.01162992001,2450.01162992001,3487.4022908064408
2025-11-14T00:00:00Z,2450.257854123597,1078.957485329597,1078.957485329597,1078.957485329597,875.734304061945,875.734304061945,875.734304061945,203.22318126765202,203.22318126765202,203.22318126765202,0,0,0,1033.9481152578367,6470.675754888668,2450.257854123597,2450.257854123597,3529.2153394531942
2025-11-15T00:00:00Z,2450.5040783271843,-1196.2957712931338,-1196.2957712931338,-1196.2957712931338,-1400.6798521519788,-1400.6798521519788,-1400.6798521519788,204.38408085884487,204.38408085884487,204.38408085884487,0,0,0,-1585.7190962968218,3945.039501867355,2450.5040783271843,2450.5040783271843,1254.2083070340504
2025-11-16T00:00:00Z,2450.7503025307715,-1856.4157361960313,-1856.4157361960313,-1856.4157361960313,-2059.2151237516146,-2059.2151237516146,-2059.2151237516146,202.7993875555833,202.7993875555833,202.7993875555833,0,0,0,-2174.166482906613,3343.666272375582,2450.7503025307715,2450.7503025307715,594.3345663347402
2025-11-17T00:00:00Z,2450.9965267343587,405.68546062398275,405.68546062398275,405.68546062398275,207.10923605043254,207.10923605043254,207.10923605043254,198.57622457355023,198.57622457355023,198.57622457355023,0,0,0,287.4373479906872,5628.525539848255,2450.9965267343587,2450.9965267343587,2856.6819873583413
2025-11-18T00:00:00Z,2451.242750937946,980.3504354242981,980.3504354242981,980.3504354242981,788.4207419728963,788.4207419728963,788.4207419728963,191.9296934514016,191.9296934514016,191.9296934514016,0,0,0,596.8846834476692,6026.579258984315,2451.242750937946,2451.242750937946,3431.593186362244
2025-11-19T00:00:00Z,2451.4889751415326,933.7369045774565,933.7369045774565,933.7369045774565,750.5590710470283,750.5590710470283,750.5590710470283,183.17783353042816,183.17783353042816,183.17783353042816,0,0,0,649.7271404318516,5919.430492120732,2451.4889751415326,2451.4889751415326,3385.225879718989
2025-11-20T00:00:00Z,2451.73519934512,1010.8047696306373,1010.8047696306373,1010.8047696306373,838.0716227696815,838.0716227696815,838.0716227696815,172.7331468609559,172.7331468609559,172.7331468609559,0,0,0,721.3457561778894,6328.2036173148945,2451.73519934512,2451.73519934512,3462.539968975757
2025-11-21T00:00:00Z,2451.981423548707,1036.8252089366313,1036.8252089366313,1036.8252089366313,875.7343040605463,875.7343040605463,875.7343040605463,161.09090487608512,161.09090487608512,161.09090487608512,0,0,0,811.9339522704898,6212.6072664178955,2451.981423548707,2451.981423548707,3488.806632485338
2025-11-22T00:00:00Z,2452.2276477522937,-1251.865299941419,-1251.865299941419,-1251.865299941419,-1400.679852154706,-1400.679852154706,-1400.679852154706,148.8145522132869,148.8145522132869,148.8145522132869,0,0,0,-1471.3286897056919,4021.4055765623025,2452.2276477522937,2452.2276477522937,1200.3623478108748
2025-11-23T00:00:00Z,2452.473871955881,-1922.696510170227,-1922.696510170227,-1922.696510170227,-2059.2151237496764,-2059.2151237496764,-2059.2151237496764,136.51861357944904,136.51861357944904,136.51861357944904,0,0,0,-2227.5764571593227,3247.5464977163815,2452.473871955881,2452.473871955881,529.777361785654
2025-11-24T00:00:00Z,2452.720096159468,331.9588248819683,331.9588248819683,331.9588248819683,207.1092360438114,207.1092360438114,207.1092360438114,124.84958883815699,124.84958883815699,124.84958883815699,0,0,0,51.86701210538997,5433.148689645617,2452.720096159468,2452.720096159468,2784.6789210414363
2025-11-25T00:00:00Z,2452.9663203630553,902.8861291343028,902.8861291343028,902.8861291343028,788.4207419726598,788.4207419726598,788.4207419726598,114.4653871616431,114.4653871616431,114.4653871616431,0,0,0,613.2939452561933,6264.438215545767,2452.9663203630553,2452.9663203630553,3355.852449497358
2025-11-26T00:00:00Z,2453.2125445666425,856.572972154064,856.572972154064,856.572972154064,750.5590710468603,750.5590710468603,750.5590710468603,106.01390110720364,106.01390110720364,106.01390110720364,0,0,0,556.4644853443515,6153.943329142427,2453.2125445666425,2453.2125445666425,3309.7855167207063
2025-11-27T00:00:00Z,2453.458768770229,938.1829770690744,938.1829770690744,938.1829770690744,838.0716227713173,838.0716227713173,838.0716227713173,100.11135429775717,100.11135429775717,100.11135429775717,0,0,0,701.7382182963365,6226.909323978924,2453.458768770229,2453.458768770229,3391.6417458393034
2025-11-28T00:00:00Z,2453.7049929738164,973.0553749757448,973.0553749757448,973.0553749757448,875.7343040605167,875.7343040605167,875.7343040605167,97.32107091522819,97.32107091522819,97.32107091522819,0,0,0,710.2579572022023,6111.419290830179,2453.7049929738164,2453.7049929738164,3426.7603679495614
2025-11-29T00:00:00Z,2453.9512171774036,-1302.5465412370747,-1302.5465412370747,-1302.5465412370747,-1400.6798521458948,-1400.6798521458948,-1400.6798521458948,98.13331090882005,98.13331090882005,98.13331090882005,0,0,0,-1564.0408801952376,3867.530254419037,2453.9512171774036,2453.9512171774036,1151.4046759403288
2025-11-30T00:00:00Z,2454.1974413809908,-1956.2683320786773,-1956.2683320786773,-1956.2683320786773,-2059.2151237477374,-2059.2151237477374,-2059.2151237477374,102.94679166906032,102.94679166906032,102.94679166906032,0,0,0,-2275.518975228836,3211.6976706575256,2454.1974413809908,2454.1974413809908,497.92910930231346
2025-12-01T00:00:00Z,2454.4436655845775,319.16171148998677,319.16171148998677,319.16171148998677,207.10923604555953,207.10923604555953,207.10923604555953,112.05247544442723,112.05247544442723,112.05247544442723,0,0,0,-81.66000935948276,5607.050977829931,2454.4436655845775,2454.4436655845775,2773.6053770745643
2025-12-02T00:00:00Z,2454.6898897881642,914.0408850408162,914.0408850408162,914.0408850408162,788.4207419724232,788.4207419724232,788.4207419724232,125.62014306839288,125.62014306839288,125.62014306839288,0,0,0,767.9006249962108,6077.253685912356,2454.6898897881642,2454.6898897881642,3368.7307748289804
2025-12-03T00:00:00Z,2454.9361139917514,894.2472712199901,894.2472712199901,894.2472712199901,750.5590710466925,750.5590710466925,750.5590710466925,143.68820017329747,143.68820017329747,143.68820017329747,0,0,0,520.1811267870211,6185.744243275307,2454.9361139917514,2454.9361139917514,3349.1833852117416
2025-12-04T00:00:00Z,2455.1823381953386,1004.2286968147213,1004.2286968147213,1004.2286968147213,838.0716227711084,838.0716227711084,838.0716227711084,166.1570740436128,166.1570740436128,166.1570740436128,0,0,0,742.8047308902608,6255.7067398148365,2455.1823381953386,2455.1823381953386,3459.41103501006
2025-12-05T00:00:00Z,2455.428562398926,1068.5207640939616,1068.5207640939616,1068.5207640939616,875.7343040637356,875.7343040637356,875.7343040637356,192.7864600302259,192.7864600302259,192.7864600302259,0,0,0,875.8228704916996,6146.858764915514,2455.428562398926,2455.428562398926,3523.9493264928874
2025-12-06T00:00:00Z,2455.6747866025125,-1177.4832833510861,-1177.4832833510861,-1177.4832833510861,-1400.6798521486223,-1400.6798521486223,-1400.6798521486223,223.1965687975362,223.1965687975362,223.1965687975362,0,0,0,-1311.8938141786853,4018.6130383028876,2455.6747866025125,2455.6747866025125,1278.1915032514264
2025-12-07T00:00:00Z,2455.9210108060997,-1802.3417111187862,-1802.3417111187862,-1802.3417111187862,-2059.2151237472135,-2059.2151237472135,-2059.2151237472135,256.87341262842773,256.87341262842773,256.87341262842773,0,0,0,-2201.170333867973,3405.15901190245,2455.9210108060997,2455.9210108060997,653.5792996873136
2025-12-08T00:00:00Z,2456.167235009687,500.28728983178746,500.28728983178746,500.28728983178746,207.10923604730783,207.10923604730783,207.10923604730783,293.1780537844796,293.1780537844796,293.1780537844796,0,0,0,284.3218716223424,5705.842178173789,2456.167235009687,2456.167235009687,2956.4545248414743
2025-12-09T00:00:00Z,2456.413459213274,1119.780365761722,1119.780365761722,1119.780365761722,788.4207419733891,788.4207419733891,788.4207419733891,331.35962378833307,331.35962378833307,331.35962378833307,0,0,0,800.2431696271879,6470.717055406115,2456.413459213274,2456.413459213274,3576.193824974996
2025-12-10T00:00:00Z,2456.659683416861,1121.1308837907338,1121.1308837907338,1121.1308837907338,750.5590710470823,750.5590710470823,750.5590710470823,370.5718127436514,370.5718127436514,370.5718127436514,0,0,0,773.1037563907455,6394.134639175184,2456.659683416861,2456.659683416861,3577.790567207595
2025-12-11T00:00:00Z,2456.905907620448,1247.9640483654653,1247.9640483654653,1247.9640483654653,838.0716227708995,838.0716227708995,838.0716227708995,409.89242559456596,409.89242559456596,409.89242559456596,0,0,0,873.8442708453001,6498.7217923160115,2456.905907620448,2456.905907620448,3704.8699559859133
2025-12-12T00:00:00Z,2457.152131824035,1324.0798145900253,1324.0798145900253,1324.0798145900253,875.734304063706,875.734304063706,875.734304063706,448.34551052631895,448.34551052631895,448.34551052631895,0,0,0,935.9546971007211,6494.51305774091,2457.152131824035,2457.152131824035,3781.2319464140605
2025-12-13T00:00:00Z,2457.3983560276224,-915.7543659534801,-915.7543659534801,-915.7543659534801,-1400.6798521498044,-1400.6798521498044,-1400.6798521498044,484.9254861963241,484.9254861963241,484.9254861963241,0,0,0,-1195.5049819103428,4442.231165390573,2457.3983560276224,2457.3983560276224,1541.6439900741423
2025-12-14T00:00:00Z,2457.6445802312096,-1540.5924922502686,-1540.5924922502686,-1540.5924922502686,-2059.2151237466906,-2059.2151237466906,-2059.2151237466906,518.622631496422,518.622631496422,518.622631496422,0,0,0,-2003.0643053668275,3698.5715314733015,2457.6445802312096,2457.6445802312096,917.052087980941
2025-12-15T00:00:00Z,2457.8908044347963,755.5584920053219,755.5584920053219,755.5584920053219,207.10923604805203,207.10923604805203,207.10923604805203,548.44925595727,548.44925595727,548.44925595727,0,0,0,525.191331036948,5959.048361800685,2457.8908044347963,2457.8908044347963,3213.4492964401184
2025-12-16T00:00:00Z,2458.1370286383835,1361.8865841042111,1361.8865841042111,1361.8865841042111,788.4207419727578,788.4207419727578,788.4207419727578,573.4658421314534,573.4658421314534,573.4658421314534,0,0,0,1010.1717768763058,6366.044025097118,2458.1370286383835,2458.1370286383835,3820.0236127425947
2025-12-17T00:00:00Z,2458.3832528419707,1343.3655152606182,1343.3655152606182,1343.3655152606182,750.5590710472071,750.5590710472071,750.5590710472071,592.806444213411,592.806444213411,592.806444213411,0,0,0,897.4175468237584,6633.779817936966,2458.3832528419707,2458.3832528419707,3801.7487681025887
2025-12-18T00:00:00Z,2458.629477045558,1443.7742628507622,1443.7742628507622,1443.7742628507622,838.0716227725353,838.0716227725353,838.0716227725353,605.7026400782268,605.7026400782268,605.7026400782268,0,0,0,1122.9519990550918,6793.378119333058,2458.629477045558,2458.629477045558,3902.40373989632
2025-12-19T00:00:00Z,2458.8757012491446,1487.239670690657,1487.239670690657,1487.239670690657,875.7343040623075,875.7343040623075,875.7343040623075,611.5053666283497,611.5053666283497,611.5053666283497,0,0,0,1068.2398613138716,6510.905012584469,2458.8757012491446,2458.8757012491446,3946.1153719398017
2025-12-20T00:00:00Z,2459.121925452732,-790.9758321522401,-790.9758321522401,-790.9758321522401,-1400.6798521509866,-1400.6798521509866,-1400.6798521509866,609.7040199987467,609.7040199987467,609.7040199987467,0,0,0,-1151.3624015162159,4473.264398972584,2459.121925452732,2459.121925452732,1668.1460933004919
2025-12-21T00:00:00Z,2459.368149656319,-1459.2728522894251,-1459.2728522894251,-1459.2728522894251,-2059.215123750825,-2059.215123750825,-2059.215123750825,599.9422714613996,599.9422714613996,599.9422714613996,0,0,0,-1810.0235447954783,3664.4005799504234,2459.368149656319,2459.368149656319,1000.0952973668939
2025-12-22T00:00:00Z,2459.614373859906,789.1393709757645,789.1393709757645,789.1393709757645,207.10923605080447,207.10923605080447,207.10923605080447,582.0301349249598,582.0301349249598,582.0301349249598,0,0,0,391.0203747302948,6126.136585322863,2459.614373859906,2459.614373859906,3248.7537448356707
2025-12-23T00:00:00Z,2459.8605980634934,1344.3726624268688,1344.3726624268688,1344.3726624268688,788.420741972916,788.420741972916,788.420741972916,555.9519204539529,555.9519204539529,555.9519204539529,0,0,0,1080.5589858755307,6530.637457977177,2459.8605980634934,2459.8605980634934,3804.2332604903622
2025-12-24T00:00:00Z,2460.10682226708,1272.4288885806711,1272.4288885806711,1272.4288885806711,750.559071047039,750.559071047039,750.559071047039,521.8698175336324,521.8698175336324,521.8698175336324,0,0,0,990.173223961287,6400.2831139799255,2460.10682226708,2460.10682226708,3732.535710847751
2025-12-25T00:00:00Z,2460.3530464706673,1318.1945916537359,1318.1945916537359,1318.1945916537359,838.07162277232635,838.07162277232635,838.07162277232635,480.1229688814094,480.1229688814094,480.1229688814094,0,0,0,1082.3176596595629,6586.375423874096,2460.3530464706673,2460.3530464706673,3778.5476381244034
2025-12-26T00:00:00Z,2460.5992706742545,1306.9563212823005,1306.9563212823005,1306.9563212823005,875.734304068265,875.734304068265,875.734304068265,431.2220172140353,431.2220172140353,431.2220172140353,0,0,0,1150.1439377880015,6549.458617501381,2460.5992706742545,2460.5992706742545,3767.555591956555
2025-12-27T00:00:00Z,2460.8454948778412,-1024.8406220034985,-1024.8406220034985,-1024.8406220034985,-1400.6798521521691,-1400.6798521521691,-1400.6798521521691,375.8392301486705,375.8392301486705,375.8392301486705,0,0,0,-1424.6335771023937,4283.773754155809,2460.8454948778412,2460.8454948778412,1436.0048728743427
2025-12-28T00:00:00Z,2461.0917190814284,-1744.4206948225878,-1744.4206948225878,-1744.4206948225878,-2059.215123748886,-2059.215123748886,-2059.215123748886,314.7944289262982,314.7944289262982,314.7944289262982,0,0,0,-2112.138644306772,3591.482604898797,2461.0917190814284,2461.0917190814284,716.6710242588406
2025-12-29T00:00:00Z,2461.3379432850156,456.1462975845403,456.1462975845403,456.1462975845403,207.10923605154827,207.10923605154827,207.10923605154827,249.03706153299197,249.03706153299197,249.03706153299197,0,0,0,211.04204182950917,5701.9263251339,2461.3379432850156,2461.3379432850156,2917.484240869556
2025-12-30T00:00:00Z,2461.584167488603,968.0456088096855,968.0456088096855,968.0456088096855,788.4207419726795,788.4207419726795,788.4207419726795,179.62486683700584,179.62486683700584,179.62486683700584,0,0,0,698.5533072030831,6089.045954389108,2461.584167488603,2461.584167488603,3429.6297762982886
2025-12-31T00:00:00Z,2461.83039169219,858.2587416340585,858.2587416340585,858.2587416340585,750.5590710468716,750.5590710468716,750.5590710468716,107.69967058718687,107.69967058718687,107.69967058718687,0,0,0,668.3430030027017,6127.653878737116,2461.83039169219,2461.83039169219,3320.0891333262484
2026-01-01T00:00:00Z,2462.0766158957763,872.5325566341342,872.5325566341342,872.5325566341342,838.0716227702669,838.0716227702669,838.0716227702669,34.46093386386727,34.46093386386727,34.46093386386727,0,0,0,621.7179759092056,6115.308751538423,2462.0766158957763,2462.0766158957763,3334.60917252991
2026-01-02T00:00:00Z,2462.3228400993635,836.8720416623337,836.8720416623337,836.8720416623337,875.7343040654968,875.7343040654968,875.7343040654968,-38.862262403163136,-38.862262403163136,-38.862262403163136,0,0,0,491.7382917013076,6076.914501507431,2462.3228400993635,2462.3228400993635,3299.194881761697
2026-01-03T00:00:00Z,2462.5690643029507,-1511.7199208932398,-1511.7199208932398,-1511.7199208932398,-1400.6798521548963,-1400.6798521548963,-1400.6798521548963,-111.04006873834328,-111.04006873834328,-111.04006873834328,0,0,0,-1824.468879240977,3665.428730502585,2462.5690643029507,2462.5690643029507,950.8491434097109
2026-01-04T00:00:00Z,2462.815288506538,-2240.0859251839665,-2240.0859251839665,-2240.0859251839665,-2059.215123749777,-2059.215123749777,-2059.215123749777,-180.87080143418927,-180.87080143418927,-180.87080143418927,0,0,0,-2498.492318095573,2841.3504095528806,2462.815288506538,2462.815288506538,222.72936332257132
2026-01-05T00:00:00Z,2463.0615127101246,-40.09996684127395,-40.09996684127395,-40.09996684127395,207.10923604392315,207.10923604392315,207.10923604392315,-247.2092028851971,-247.2092028851971,-247.2092028851971,0,0,0,-16.37983402448193,5236.208365675577,2463.0615127101246,2463.0615127101246,2422.961545868851
2026-01-06T00:00:00Z,2463.307736913712,479.42745451775085,479.42745451775085,479.42745451775085,788.4207419732505,788.4207419732505,788.4207419732505,-308.9932874554998,-308.9932874554998,-308.9932874554998,0,0,0,345.9261771656729,5758.483475993553,2463.307736913712,2463.307736913712,2942.7351914314627
2026-01-07T00:00:00Z,2463.553961117299,385.2900019099011,385.2900019099011,385.2900019099011,750.5590710467034,750.5590710467034,750.5590710467034,-365.2690691368022,-365.2690691368022,-365.2690691368022,0,0,0,119.61071741739507,5729.842620944749,2463.553961117299,2463.553961117299,2848.8439630272
2026-01-08T00:00:00Z,2463.800185320886,422.8590994941528,422.8590994941528,422.8590994941528,838.0716227709803,838.0716227709803,838.0716227709803,-415.2125232768276,-415.2125232768276,-415.2125232768276,0,0,0,173.47795782788987,5654.919464776981,2463.800185320886,2463.800185320886,2886.659284815039
2026-01-09T00:00:00Z,2464.0464095244733,417.5860956742081,417.5860956742081,417.5860956742081,875.7343040654675,875.7343040654675,875.7343040654675,-458.1482083912594,-458.1482083912594,-458.1482083912594,0,0,0,94.50327122285374,5553.210403358264,2464.0464095244733,2464.0464095244733,2881.6325051986814
2026-01-10T00:00:00Z,2464.29263372806,-1894.2439156868668,-1894.2439156868668,-1894.2439156868668,-1400.6798521560786,-1400.6798521560786,-1400.6798521560786,-493.56406353078825,-493.56406353078825,-493.56406353078825,0,0,0,-2205.3240189981298,3465.904456230671,2464.29263372806,2464.29263372806,570.0487180411933
2026-01-11T00:00:00Z,2464.5388579316473,-2580.3371231170536,-2580.3371231170536,-2580.3371231170536,-2059.215123747839,-2059.215123747839,-2059.215123747839,-521.1219993692148,-521.1219993692148,-521.1219993692148,0,0,0,-2594.0057833055894,2469.318196477595,2464.5388579316473,2464.5388579316473,-115.79826518540631
2026-01-12T00:00:00Z,2464.7850821352345,-333.55477823460524,-333.55477823460524,-333.55477823460524,207.10923604567125,207.10923604567125,207.10923604567125,-540.6640142802764,-540.6640142802764,-540.6640142802764,0,0,0,-702.8735886460283,4830.230434784895,2464.7850821352345,2464.7850821352345,2131.230303900629
2026-01-13T00:00:00Z,2465.0313063388217,236.20705490548912,236.20705490548912,236.20705490548912,788.420741973014,788.420741973014,788.420741973014,-552.2136870675249,-552.2136870675249,-552.2136870675249,0,0,0,101.75222310179068,5735.365784664647,2465.0313063388217,2465.0313063388217,2701.238361244311
2026-01-14T00:00:00Z,2465.2775305424084,194.58604868637065,194.58604868637065,194.58604868637065,750.5590710468283,750.5590710468283,750.5590710468283,-555.9730223604577,-555.9730223604577,-555.9730223604577,0,0,0,-43.11236663747059,5333.056731389387,2465.2775305424084,2465.2775305424084,2659.863579228779
2026-01-15T00:00:00Z,2465.5237547459956,285.7568732003509,285.7568732003509,285.7568732003509,838.0716227716938,838.0716227716938,838.0716227716938,-552.3147495713429,-552.3147495713429,-552.3147495713429,0,0,0,-245.01618047304459,5417.318535431956,2465.5237547459956,2465.5237547459956,2751.2806279463466
2026-01-16T00:00:00Z,2465.7699789495828,333.9640058023321,333.9640058023321,333.9640058023321,875.734304065438,875.734304065438,875.734304065438,-541.770298263106,-541.770298263106,-541.770298263106,0,0,0,79.02481835312993,5536.276398966021,2465.7699789495828,2465.7699789495828,2799.7339847519147
2026-01-17T00:00:00Z,2466.01620315317,-1925.6936406010645,-1925.6936406010645,-1925.6936406010645,-1400.6798521488126,-1400.6798521488126,-1400.6798521488126,-525.013788452252,-525.013788452252,-525.013788452252,0,0,0,-2176.5024352898154,3333.589544467103,2466.01620315317,2466.01620315317,540.3225625521054
2026-01-18T00:00:00Z,2466.262427356757,-2562.057604324837,-2562.057604324837,-2562.057604324837,-2059.215123747315,-2059.215123747315,-2059.215123747315,-502.84248057752205,-502.84248057752205,-502.84248057752205,0,0,0,-3009.9111856403842,2709.1622126765446,2466.262427356757,2466.262427356757,-95.79517696807989
2026-01-19T00:00:00Z,2466.508651560344,-269.04498763941166,-269.04498763941166,-269.04498763941166,207.1092360474197,207.1092360474197,207.1092360474197,-476.15422368683124,-476.15422368683124,-476.15422368683124,0,0,0,-521.5628352139248,5067.357099138794,2466.508651560344,2466.508651560344,2197.463663920932
2026-01-20T00:00:00Z,2466.754875763931,342.4982227058058,342.4982227058058,342.4982227058058,788.4207419731725,788.4207419731725,788.4207419731725,-445.92251926736657,-445.92251926736657,-445.92251926736657,0,0,0,-51.366599784609534,5614.3933307966,2466.754875763931,2466.754875763931,2809.253098469737
2026-01-21T00:00:00Z,2467.0010999675183,337.3891911245118,337.3891911245118,337.3891911245118,750.5590710463674,750.5590710463674,750.5590710463674,-413.16987992185574,-413.16987992185574,-413.16987992185574,0,0,0,355.07026389515386,5651.277753506661,2467.0010999675183,2467.0010999675183,2804.39029109203
2026-01-22T00:00:00Z,2467.2473241711054,459.13141765982317,459.13141765982317,459.13141765982317,838.0716227687119,838.0716227687119,838.0716227687119,-378.9402051088888,-378.9402051088888,-378.9402051088888,0,0,0,206.98218836474757,5605.3584350401325,2467.2473241711054,2467.2473241711054,2926.3787418309284
2026-01-23T00:00:00Z,2467.493548374692,531.4633847760105,531.4633847760105,531.4633847760105,875.7343040626698,875.7343040626698,875.7343040626698,-344.2709192866593,-344.2709192866593,-344.2709192866593,0,0,0,333.00323417099787,5843.724997281165,2467.493548374692,2467.493548374692,2998.9569331507028
2026-01-24T00:00:00Z,2467.7397725782794,-1710.8454725821325,-1710.8454725821325,-1710.8454725821325,-1400.679852149995,-1400.679852149995,-1400.679852149995,-310.16562043213725,-310.16562043213725,-310.16562043213725,0,0,0,-1925.1450397783374,3337.848017914572,2467.7397725782794,2467.7397725782794,756.8942999961469
2026-01-25T00:00:00Z,2467.9859967818666,-2336.7830928095846,-2336.7830928095846,-2336.7830928095846,-2059.2151237467915,-2059.2151237467915,-2059.2151237467915,-277.5679690627932,-277.5679690627932,-277.5679690627932,0,0,0,-2414.255781253957,2964.933172758317,2467.9859967818666,2467.9859967818666,131.202903972282
2026-01-26T00:00:00Z,2468.2322209854538,-40.228274054087926,-40.228274054087926,-40.228274054087926,207.10923604916775,207.10923604916775,207.10923604916775,-247.33751010325568,-247.33751010325568,-247.33751010325568,0,0,0,-379.34749445923387,5440.007925652724,2468.2322209854538,2468.2322209854538,2428.003946931366
2026-01-27T00:00:00Z,2468.478445189041,568.1926786163503,568.1926786163503,568.1926786163503,788.420741972541,788.420741972541,788.420741972541,-220.22806335619072,-220.22806335619072,-220.22806335619072,0,0,0,250.51126066546007,5832.057555851416,2468.478445189041,2468.478445189041,3036.6711238053913
2026-01-28T00:00:00Z,2468.7246693926277,553.6898264763737,553.6898264763737,553.6898264763737,750.5590710470502,750.5590710470502,750.5590710470502,-196.86924457067656,-196.86924457067656,-196.86924457067656,0,0,0,255.27107786576988,5675.931449301489,2468.7246693926277,2468.7246693926277,3022.4144958690013
2026-01-29T00:00:00Z,2468.970893596215,660.3200324897382,660.3200324897382,660.3200324897382,838.0716227694253,838.0716227694253,838.0716227694253,-177.75159027968715,-177.75159027968715,-177.75159027968715,0,0,0,275.21610255568254,5667.634928217909,2468.970893596215,2468.970893596215,3129.2909260859533
2026-01-30T00:00:00Z,2469.217117799802,712.5186458481139,712.5186458481139,712.5186458481139,875.7343040626403,875.7343040626403,875.7343040626403,-163.21565821452634,-163.21565821452634,-163.21565821452634,0,0,0,313.2148348317435,5941.187067931827,2469.217117799802,2469.217117799802,3181.735763647916
2026-01-31T00:00:00Z,2469.4633420033892,-1554.1252162210837,-1554.1252162210837,-1554.1252162210837,-1400.679852152722,-1400.679852152722,-1400.679852152722,-153.4453640683618,-153.4453640683618,-153.4453640683618,0,0,0,-1948.305338740025,3771.9194816559548,2469.4633420033892,2469.4633420033892,915.3381257823055
2026-02-01T00:00:00Z,2469.7095662069755,-2207.680821540415,-2207.680821540415,-2207.680821540415,-2059.215123746267,-2059.215123746267,-2059.215123746267,-148.4656977941467,-148.4656977941467,-148.4656977941467,0,0,0,-2533.8734377746073,3140.213058949956,2469.7095662069755,2469.7095662069755,262.02874466656067
2026-02-02T00:00:00Z,2469.9557904105627,58.96439426302072,58.96439426302072,58.96439426302072,207.10923604154252,207.10923604154252,207.10923604154252,-148.14484177852174,-148.14484177852174,-148.14484177852174,0,0,0,-255.23941589432056,5076.625339485401,2469.9557904105627,2469.9557904105627,2528.920184673583
2026-02-03T00:00:00Z,2470.20201461415,636.220149470196,636.220149470196,636.220149470196,788.4207419726994,788.4207419726994,788.4207419726994,-152.20059250250335,-152.20059250250335,-152.20059250250335,0,0,0,509.34999672432997,5885.349345528586,2470.20201461415,2470.20201461415,3106.422164084346
2026-02-04T00:00:00Z,2470.448238817737,590.3482010117258,590.3482010117258,590.3482010117258,750.5590710468822,750.5590710468822,750.5590710468822,-160.21087003515646,-160.21087003515646,-160.21087003515646,0,0,0,313.5935584784225,5821.466924869198,2470.448238817737,2470.448238817737,3060.796439829463
2026-02-05T00:00:00Z,2470.694463021324,666.4436336244252,666.4436336244252,666.4436336244252,838.0716227701387,838.0716227701387,838.0716227701387,-171.62798914571357,-171.62798914571357,-171.62798914571357,0,0,0,588.5194453695202,6049.8611193123,2470.694463021324,2470.694463021324,3137.138096645749
2026-02-06T00:00:00Z,2470.940687224911,689.9380390613462,689.9380390613462,689.9380390613462,875.7343040612415,875.7343040612415,875.7343040612415,-185.79626499989527,-185.79626499989527,-185.79626499989527,0,0,0,419.67874311117293,5915.006757303412,2470.940687224911,2470.940687224911,3160.878726286257
2026-02-07T00:00:00Z,2471.186911428498,-1602.6522902302393,-1602.6522902302393,-1602.6522902302393,-1400.6798521523594,-1400.6798521523594,-1400.6798521523594,-201.97243807787964,-201.97243807787964,-201.97243807787964,0,0,0,-1955.7926759960665,3647.2433138981332,2471.186911428498,2471.186911428498,868.534621198259
2026-02-08T00:00:00Z,2471.4331356320854,-2278.5634532381987,-2278.5634532381987,-2278.5634532381987,-2059.215123748987,-2059.215123748987,-2059.215123748987,-219.34832948921243,-219.34832948921243,-219.34832948921243,0,0,0,-2571.3842788780853,2892.7653205620827,2471.4331356320854,2471.4331356320854,192.8696823938867
2026-02-09T00:00:00Z,2471.6793598356726,-29.965845193096193,-29.965845193096193,-29.965845193096193,207.10923604429496,207.10923604429496,207.10923604429496,-237.0750812373912,-237.0750812373912,-237.0750812373912,0,0,0,-340.4595048918896,5159.286401534646,2471.6793598356726,2471.6793598356726,2441.7135146425762
2026-02-10T00:00:00Z,2471.9255840392593,534.1324443253828,534.1324443253828,534.1324443253828,788.4207419728579,788.4207419728579,788.4207419728579,-254.288297647475,-254.288297647475,-254.288297647475,0,0,0,181.25657655030213,5779.233396865239,2471.9255840392593,2471.9255840392593,3006.0580283646423
2026-02-11T00:00:00Z,2472.1718082428465,480.4256859518183,480.4256859518183,480.4256859518183,750.5590710467143,750.5590710467143,750.5590710467143,-270.1333850948961,-270.1333850948961,-270.1333850948961,0,0,0,144.4149238039906,5599.550401620399,2472.1718082428465,2472.1718082428465,2952.5974941946647
2026-02-12T00:00:00Z,2472.4180324464337,554.281235031206,554.281235031206,554.281235031206,838.0716227708524,838.0716227708524,838.0716227708524,-283.79038773964635,-283.79038773964635,-283.79038773964635,0,0,0,491.37788593411716,5812.813677671286,2472.4180324464337,2472.4180324464337,3026.6992674776398
2026-02-13T00:00:00Z,2472.664256650021,581.2366670211726,581.2366670211726,581.2366670211726,875.7343040658297,875.7343040658297,875.7343040658297,-294.4976370446573,-294.4976370446573,-294.4976370446573,0,0,0,299.06657590873374,5806.608849569931,2472.664256650021,2472.664256650021,3053.9009236711936
2026-02-14T00:00:00Z,2472.910480853608,-1702.2534238850055,-1702.2534238850055,-1702.2534238850055,-1400.679852155086,-1400.679852155086,-1400.679852155086,-301.5735717299189,-301.5735717299189,-301.5735717299189,0,0,0,-2321.186524338084,3506.3673509734476,2472.910480853608,2472.910480853608,770.6570569686025
2026-02-15T00:00:00Z,2473.156705057195,-2363.65126502399,-2363.65126502399,-2363.65126502399,-2059.215123748463,-2059.215123748463,-2059.215123748463,-304.4361412755273,-304.4361412755273,-304.4361412755273,0,0,0,-2783.861302353377,2989.20327656054,2473.156705057195,2473.156705057195,109.50544003320465
2026-02-16T00:00:00Z,2473.402929260782,-95.51004236461773,-95.51004236461773,-95.51004236461773,207.1092360450389,207.1092360450389,207.1092360450389,-302.61927840965666,-302.61927840965666,-302.61927840965666,0,0,0,-311.5459322748842,5136.8990163657145,2473.402929260782,2473.402929260782,2377.8928868961643
2026-02-17T00:00:00Z,2473.649153464369,492.63472989555817,492.63472989555817,492.63472989555817,788.4207419726214,788.4207419726214,788.4207419726214,-295.78601207706316,-295.78601207706316,-295.78601207706316,0,0,0,211.7814972472085,5723.588438481263,2473.649153464369,2473.649153464369,2966.283883359927
2026-02-18T00:00:00Z,2473.895377667956,466.8211814019754,466.8211814019754,466.8211814019754,750.5590710465464,750.5590710465464,750.5590710465464,-283.7378896445709,-283.7378896445709,-283.7378896445709,0,0,0,172.0414388425924,5837.366113941282,2473.895377667956,2473.895377667956,2940.7165590699315
2026-02-19T00:00:00Z,2474.141601871543,571.6511400142388,571.6511400142388,571.6511400142388,838.0716227706434,838.0716227706434,838.0716227706434,-266.4204827564046,-266.4204827564046,-266.4204827564046,0,0,0,285.2916723503845,6002.986375325751,2474.141601871543,2474.141601871543,3045.7927418857817
2026-02-20T00:00:00Z,2474.3878260751303,631.8094417965967,631.8094417965967,631.8094417965967,875.7343040644312,875.7343040644312,875.7343040644312,-243.92486226783421,-243.92486226783421,-243.92486226783421,0,0,0,401.63335930317675,5857.6336415442265,2474.3878260751303,2474.3878260751303,3106.197267871727
2026-02-21T00:00:00Z,2474.6340502787175,-1617.1648930518631,-1617.1648930518631,-1617.1648930518631,-1400.6798521578137,-1400.6798521578137,-1400.6798521578137,-216.48504089404923,-216.48504089404923,-216.48504089404923,0,0,0,-2022.6816552637945,3522.1539441927534,2474.6340502787175,2474.6340502787175,857.4691572268543
2026-02-22T00:00:00Z,2474.8802744823047,-2243.6866181679206,-2243.6866181679206,-2243.6866181679206,-2059.2151237479397,-2059.2151237479397,-2059.2151237479397,-184.4714944199817,-184.4714944199817,-184.4714944199817,0,0,0,-2452.300300953539,3061.094424854499,2474.8802744823047,2474.8802744823047,231.19365631438404
2026-02-23T00:00:00Z,2475.1264986858914,58.72825568504637,58.72825568504637,58.72825568504637,207.1092360467872,207.1092360467872,207.1092360467872,-148.3809803617409,-148.3809803617409,-148.3809803617409,0,0,0,-145.0681479817974,5283.980236428919,2475.1264986858914,2475.1264986858914,2533.854754370938
2026-02-24T00:00:00Z,2475.3727228894786,679.5977681116157,679.5977681116157,679.5977681116157,788.4207419731923,788.4207419731923,788.4207419731923,-108.82297386157663,-108.82297386157663,-108.82297386157663,0,0,0,645.5849606623432,5962.507548267152,2475.3727228894786,2475.3727228894786,3154.970491001094
2026-02-25T00:00:00Z,2475.618947093066,684.0559395134595,684.0559395134595,684.0559395134595,750.559071047229,750.559071047229,750.559071047229,-66.50313153376968,-66.50313153376968,-66.50313153376968,0,0,0,302.2893008136392,6094.721928638624,2475.618947093066,2475.618947093066,3159.6748866065254
2026-02-26T00:00:00Z,2475.865171296653,815.8673502673624,815.8673502673624,815.8673502673624,838.0716227722794,838.0716227722794,838.0716227722794,-22.204272504916815,-22.204272504916815,-22.204272504916815,0,0,0,666.0643219467341,6163.224202868272,2475.865171296653,2475.865171296653,3291.7325215640153
2026-02-27T00:00:00Z,2476.1113955002397,898.9688741910895,898.9688741910895,898.9688741910895,875.7343040644015,875.7343040644015,875.7343040644015,23.23457012668801,23.23457012668801,23.23457012668801,0,0,0,629.6703041775921,6019.441479259497,2476.1113955002397,2476.1113955002397,3375.0802696913292
2026-02-28T00:00:00Z,2476.357619703827,-1331.73942576211,-1331.73942576211,-1331.73942576211,-1400.6798521574513,-1400.6798521574513,-1400.6798521574513,68.94042639534118,68.94042639534118,68.94042639534118,0,0,0,-1621.1955252871085,3839.60819446063,2476.357619703827,2476.357619703827,1144.618193941717
2026-03-01T00:00:00Z,2476.603843907414,-1945.1857600093147,-1945.1857600093147,-1945.1857600093147,-2059.215123752074,-2059.215123752074,-2059.215123752074,114.02936374275946,114.02936374275946,114.02936374275946,0,0,0,-2404.12689501309,3083.472832316349,2476.603843907414,2476.603843907414,531.4180838980994
2026-03-02T00:00:00Z,2476.8500681110013,364.73875084266086,364.73875084266086,364.73875084266086,207.10923604853545,207.10923604853545,207.10923604853545,157.62951479412533,157.62951479412533,157.62951479412533,0,0,0,224.80929682223515,5741.173633817685,2476.8500681110013,2476.8500681110013,2841.588818953662
2026-03-03T00:00:00Z,2477.0962923145885,987.3242629355866,987.3242629355866,987.3242629355866,788.4207419729559,788.4207419729559,788.4207419729559,198.90352096263092,198.90352096263092,198.90352096263092,0,0,0,672.3223966689401,6258.555093849719,2477.0962923145885,2477.0962923145885,3464.4205552501753
2026-03-04T00:00:00Z,2477.3425165181748,987.6288491925662,987.6288491925662,987.6288491925662,750.5590710473539,750.5590710473539,750.5590710473539,237.0697781452125,237.0697781452125,237.0697781452125,0,0,0,822.55077589653,6206.9835304116605,2477.3425165181748,2477.3425165181748,3464.971365710741
2026-03-05T00:00:00Z,2477.588740721762,1109.4935345443062,1109.4935345443062,1109.4935345443062,838.0716227720704,838.0716227720704,838.0716227720704,271.42191177223583,271.42191177223583,271.42191177223583,0,0,0,888.1858373412385,6251.771257247761,2477.588740721762,2477.588740721762,3587.082275266068
2026-03-06T00:00:00Z,2477.834964925349,1177.0802692837963,1177.0802692837963,1177.0802692837963,875.7343040630026,875.7343040630026,875.7343040630026,301.34596522079363,301.34596522079363,301.34596522079363,0,0,0,1050.8353970938608,6599.235444440695,2477.834964925349,2477.834964925349,3654.9152342091456
2026-03-07T00:00:00Z,2478.0811891289363,-1074.3449958459373,-1074.3449958459373,-1074.3449958459373,-1400.6798521517303,-1400.6798521517303,-1400.6798521517303,326.33485630579287,326.33485630579287,326.33485630579287,0,0,0,-1319.7995081363786,4206.507366775407,2478.0811891289363,2478.0811891289363,1403.736193282999
2026-03-08T00:00:00Z,2478.327413332523,-1713.2153846686806,-1713.2153846686806,-1713.2153846686806,-2059.2151237501353,-2059.2151237501353,-2059.2151237501353,345.9997390814548,345.9997390814548,345.9997390814548,0,0,0,-2231.2885973352372,3511.3431516906253,2478.327413332523,2478.327413332523,765.1120286638425
2026-03-09T00:00:00Z,2478.5736375361103,567.1872360814689,567.1872360814689,567.1872360814689,207.10923605028376,207.10923605028376,207.10923605028376,360.0780000311852,360.0780000311852,360.0780000311852,0,0,0,349.3737213899971,5954.528923013092,2478.5736375361103,2478.5736375361103,3045.760873617579
2026-03-10T00:00:00Z,2478.8198617396974,1156.8584581593502,1156.8584581593502,1156.8584581593502,788.4207419731141,788.4207419731141,788.4207419731141,368.4377161862362,368.4377161862362,368.4377161862362,0,0,0,927.8371433025834,6355.185480619405,2478.8198617396974,2478.8198617396974,3635.678319899048
2026-03-11T00:00:00Z,2479.0660859432846,1121.637575943432,1121.637575943432,1121.637575943432,750.5590710468931,750.5590710468931,750.5590710468931,371.0785048965389,371.0785048965389,371.0785048965389,0,0,0,764.3964853689567,6330.657990666101,2479.0660859432846,2479.0660859432846,3600.703661886717
2026-03-12T00:00:00Z,2479.312310146872,1206.200420701639,1206.200420701639,1206.200420701639,838.0716227700109,838.0716227700109,838.0716227700109,368.12879793162796,368.12879793162796,368.12879793162796,0,0,0,1042.1095572473837,6386.044403724394,2479.312310146872,2479.312310146872,3685.5127308485107
2026-03-13T00:00:00Z,2479.5585343504586,1235.5739774009999,1235.5739774009999,1235.5739774009999,875.7343040616038,875.7343040616038,875.7343040616038,359.83967333939603,359.83967333939603,359.83967333939603,0,0,0,739.2823672296458,6386.917973617618,2479.5585343504586,2479.5585343504586,3715.1325117514584
2026-03-14T00:00:00Z,2479.8047585540457,-1054.104377966019,-1054.104377966019,-1054.104377966019,-1400.6798521529126,-1400.6798521529126,-1400.6798521529126,346.5754741868934,346.5754741868934,346.5754741868934,0,0,0,-1362.0950235936825,4394.441905674625,2479.8047585540457,2479.8047585540457,1425.7003805880267
2026-03-15T00:00:00Z,2480.050982757633,-1730.413592511443,-1730.413592511443,-1730.413592511443,-2059.2151237510266,-2059.2151237510266,-2059.2151237510266,328.8015312395834,328.8015312395834,328.8015312395834,0,0,0,-2088.1946968244756,3538.2826350357836,2480.050982757633,2480.050982757633,749.6373902461899
2026-03-16T00:00:00Z,2480.29720696122,514.1786204282251,514.1786204282251,514.1786204282251,207.1092360510278,207.1092360510278,207.1092360510278,307.06938437719737,307.06938437719737,307.06938437719737,0,0,0,184.71071140967803,5697.7932541660375,2480.29720696122,2480.29720696122,2994.4758273894454
2026-03-17T00:00:00Z,2480.543431164807,1070.4207049282682,1070.4207049282682,1070.4207049282682,788.4207419724828,788.4207419724828,788.4207419724828,281.9999629557855,281.9999629557855,281.9999629557855,0,0,0,794.8000395951093,6512.151320421357,2480.543431164807,2480.543431164807,3550.964136093075
2026-03-18T00:00:00Z,2480.789655368394,1004.8243077166295,1004.8243077166295,1004.8243077166295,750.5590710470182,750.5590710470182,750.5590710470182,254.26523666961134,254.26523666961134,254.26523666961134,0,0,0,618.8470644460298,6286.340371555352,2480.789655368394,2480.789655368394,3485.6139630850234
2026-03-19T00:00:00Z,2481.0358795719812,1062.640507185938,1062.640507185938,1062.640507185938,838.0716227707243,838.0716227707243,838.0716227707243,224.56888441521394,224.56888441521394,224.56888441521394,0,0,0,692.8945503156281,6541.5138729020455,2481.0358795719812,2481.0358795719812,3543.6763867579193
2026-03-20T00:00:00Z,2481.2821037755684,1069.3608524096105,1069.3608524096105,1069.3608524096105,875.7343040602052,875.7343040602052,875.7343040602052,193.62654834940554,193.62654834940554,193.62654834940554,0,0,0,638.0633093044835,6187.789501863281,2481.2821037755684,2481.2821037755684,3550.642956185179
2026-03-21T00:00:00Z,2481.5283279791556,-1238.5336087697094,-1238.5336087697094,-1238.5336087697094,-1400.6798521556395,-1400.6798521556395,-1400.6798521556395,162.14624338592995,162.14624338592995,162.14624338592995,0,0,0,-1710.8883488785707,4139.544930576098,2481.5283279791556,2481.5283279791556,1242.9947192094462
2026-03-22T00:00:00Z,2481.7745521827424,-1928.4056448682645,-1928.4056448682645,-1928.4056448682645,-2059.215123749088,-2059.215123749088,-2059.215123749088,130.80947888082363,130.80947888082363,130.80947888082363,0,0,0,-2324.0579052642797,3231.127606203392,2481.7745521827424,2481.7745521827424,553.3689073144778
2026-03-23T00:00:00Z,2482.0207763863295,307.3628558681479,307.3628558681479,307.3628558681479,207.10923604440669,207.10923604440669,207.10923604440669,100.25361982374122,100.25361982374122,100.25361982374122,0,0,0,76.03927272233416,5613.5819098943475,2482.0207763863295,2482.0207763863295,2789.3836322544776
2026-03-24T00:00:00Z,2482.2670005899167,859.4767124639114,859.4767124639114,859.4767124639114,788.4207419734486,788.4207419734486,788.4207419734486,71.05597049046318,71.05597049046318,71.05597049046318,0,0,0,690.0881876165479,6068.105256910768,2482.2670005899167,2482.2670005899167,3341.7437130538283
2026-03-25T00:00:00Z,2482.513224793504,794.2790767648575,794.2790767648575,794.2790767648575,750.55907104685,750.55907104685,750.55907104685,43.720005718007535,43.720005718007535,43.720005718007535,0,0,0,426.01796299278476,6035.559707142769,2482.513224793504,2482.513224793504,3276.7923015583615
2026-03-26T00:00:00Z,2482.7594489970907,856.7357283337944,856.7357283337944,856.7357283337944,838.0716227714378,838.0716227714378,838.0716227714378,18.66410556235653,18.66410556235653,18.66410556235653,0,0,0,376.57879670390776,5982.311446318289,2482.7594489970907,2482.7594489970907,3339.495177330885
2026-03-27T00:00:00Z,2483.005673200678,871.9473743177833,871.9473743177833,871.9473743177833,875.7343040601758,875.7343040601758,875.7343040601758,-3.786929742392262,-3.786929742392262,-3.786929742392262,0,0,0,688.9289748671229,5906.208291566284,2483.005673200678,2483.005673200678,3354.953047518461
2026-03-28T00:00:00Z,2483.251897404265,-1424.0872456094762,-1424.0872456094762,-1424.0872456094762,-1400.679852146829,-1400.679852146829,-1400.679852146829,-23.40739346264733,-23.40739346264733,-23.40739346264733,0,0,0,-1733.392588876475,3694.6250232644597,2483.251897404265,2483.251897404265,1059.1646517947888
2026-03-29T00:00:00Z,2483.4981216078522,-2099.2882376510133,-2099.2882376510133,-2099.2882376510133,-2059.2151237471494,-2059.2151237471494,-2059.2151237471494,-40.073113903863536,-40.073113903863536,-40.073113903863536,0,0,0,-2460.631711132022,3107.5478399054177,2483.4981216078522,2483.4981216078522,384.2098839568389
2026-03-30T00:00:00Z,2483.7443458114394,153.34842100910404,153.34842100910404,153.34842100910404,207.10923604615502,207.10923604615502,207.10923604615502,-53.76081503705102,-53.76081503705102,-53.76081503705102,0,0,0,-271.79107768779807,5432.899674622486,2483.7443458114394,2483.7443458114394,2637.0927668205436
2026-03-31T00:00:00Z,2483.990570015026,723.87626353234,723.87626353234,723.87626353234,788.4207419732121,788.4207419732121,788.4207419732121,-64.5444784408723,-64.5444784408723,-64.5444784408723,0,0,0,529.2847682272215,6074.053383595191,2483.990570015026,2483.990570015026,3207.8668335473662
2026-04-01T00:00:00Z,2484.2367942186133,677.9701949233157,677.9701949233157,677.9701949233157,750.5590710466822,750.5590710466822,750.5590710466822,-72.58887612336665,-72.58887612336665,-72.58887612336665,0,0,0,448.77336787639575,5932.089144099166,2484.2367942186133,2484.2367942186133,3162.206989141929
2026-04-02T00:00:00Z,2484.4830184222005,759.931097851249,759.931097851249,759.931097851249,838.0716227712287,838.0716227712287,838.0716227712287,-78.1405249199799,-78.1405249199799,-78.1405249199799,0,0,0,459.61897272105136,5944.726404133902,2484.4830184222005,2484.4830184222005,3244.4141162734495
2026-04-03T00:00:00Z,2484.729242625787,794.2179182842377,794.2179182842377,794.2179182842377,875.7343040633947,875.7343040633947,875.7343040633947,-81.51638577915688,-81.51638577915688,-81.51638577915688,0,0,0,541.3231805514849,5918.671064633288,2484.729242625787,2484.729242625787,3278.9471609100246
2026-04-04T00:00:00Z,2484.975466829374,-1483.7705454411698,-1483.7705454411698,-1483.7705454411698,-1400.679852149556,-1400.679852149556,-1400.679852149556,-83.09069329161414,-83.09069329161414,-83.09069329161414,0,0,0,-1797.8435150147182,3692.622709161329,2484.975466829374,2484.975466829374,1001.2049213882042
2026-04-05T00:00:00Z,2485.221691032961,-2142.4954743321177,-2142.4954743321177,-2142.4954743321177,-2059.2151237480402,-2059.2151237480402,-2059.2151237480402,-83.28035058407731,-83.28035058407731,-83.28035058407731,0,0,0,-2495.8645031625138,3114.146854550858,2485.221691032961,2485.221691032961,342.72621670084345
2026-04-06T00:00:00Z,2485.4679152365484,124.5798752006014,124.5798752006014,124.5798752006014,207.1092360479031,207.1092360479031,207.1092360479031,-82.52936084730172,-82.52936084730172,-82.52936084730172,0,0,0,-302.83586568192163,5431.7199003553305,2485.4679152365484,2485.4679152365484,2610.0477904371496
2026-04-07T00:00:00Z,2485.7141394401356,707.1279535852054,707.1279535852054,707.1279535852054,788.4207419729755,788.4207419729755,788.4207419729755,-81.29278838777007,-81.29278838777007,-81.29278838777007,0,0,0,317.45299399598116,5906.022739263679,2485.7141394401356,2485.7141394401356,3192.842093025341
2026-04-08T00:00:00Z,2485.9603636437223,670.5383223403295,670.5383223403295,670.5383223403295,750.5590710470717,750.5590710470717,750.5590710470717,-80.02074870674241,-80.02074870674241,-80.02074870674241,0,0,0,399.61448713769414,5964.221647117741,2485.9603636437223,2485.9603636437223,3156.498685984052
2026-04-09T00:00:00Z,2486.2065878473095,758.9287040814619,758.9287040814619,758.9287040814619,838.0716227710201,838.0716227710201,838.0716227710201,-79.14291868955809,-79.14291868955809,-79.14291868955809,0,0,0,547.6756511228733,6105.261331129193,2486.2065878473095,2486.2065878473095,3245.1352919287715
2026-04-10T00:00:00Z,2486.4528120508967,796.680269102692,796.680269102692,796.680269102692,875.734304063365,875.734304063365,875.734304063365,-79.05403496067298,-79.05403496067298,-79.05403496067298,0,0,0,511.72792880797715,6173.615237931287,2486.4528120508967,2486.4528120508967,3283.1330811535886
2026-04-11T00:00:00Z,2486.699036254484,-1480.7806638224383,-1480.7806638224383,-1480.7806638224383,-1400.6798521507383,-1400.6798521507383,-1400.6798521507383,-80.10081167169989,-80.10081167169989,-80.10081167169989,0,0,0,-1798.1974448722726,3741.390198380156,2486.699036254484,2486.699036254484,1005.9183724320455
2026-04-12T00:00:00Z,2486.9452604580706,-2141.7857834401343,-2141.7857834401343,-2141.7857834401343,-2059.2151237461017,-2059.2151237461017,-2059.2151237461017,-82.57065969403283,-82.57065969403283,-82.57065969403283,0,0,0,-2161.6869526542273,3220.980659765364,2486.9452604580706,2486.9452604580706,345.1594770179363
2026-04-13T00:00:00Z,2487.191484661658,120.42670704165991,120.42670704165991,120.42670704165991,207.10923604864703,207.10923604864703,207.10923604864703,-86.68252900698715,-86.68252900698715,-86.68252900698715,0,0,0,-137.74824059352247,5241.022233819257,2487.191484661658,2487.191484661658,2607.6181917033177
2026-04-14T00:00:00Z,2487.437708865245,695.8406150595755,695.8406150595755,695.8406150595755,788.4207419727392,788.4207419727392,788.4207419727392,-92.58012691316367,-92.58012691316367,-92.58012691316367,0,0,0,451.8755786631163,5905.573166628317,2487.437708865245,2487.437708865245,3183.2783239248206
2026-04-15T00:00:00Z,2487.683933068832,650.2313822795661,650.2313822795661,650.2313822795661,750.5590710471967,750.5590710471967,750.5590710471967,-100.32768876763073,-100.32768876763073,-100.32768876763073,0,0,0,374.81660372401024,5941.961422677249,2487.683933068832,2487.683933068832,3137.9153153483985
2026-04-16T00:00:00Z,2487.9301572724194,728.1632252579188,728.1632252579188,728.1632252579188,838.071622772656,838.071622772656,838.071622772656,-109.90839751473702,-109.90839751473702,-109.90839751473702,0,0,0,322.1787618169539,5904.637100090475,2487.9301572724194,2487.9301572724194,3216.093382530338
2026-04-17T00:00:00Z,2488.176381476006,754.5088381046421,754.5088381046421,754.5088381046421,875.7343040619662,875.7343040619662,875.7343040619662,-121.22546595732413,-121.22546595732413,-121.22546595732413,0,0,0,457.1821277113479,5932.71485846497,2488.176381476006,2488.176381476006,3242.685219580648
2026-04-18T00:00:00Z,2488.4226056795933,-1534.7856659988386,-1534.7856659988386,-1534.7856659988386,-1400.6798521519204,-1400.6798521519204,-1400.6798521519204,-134.1058138469179,-134.1058138469179,-134.1058138469179,0,0,0,-1993.6629488468545,3725.2744061577964,2488.4226056795933,2488.4226056795933,953.6369396807547
2026-04-19T00:00:00Z,2488.6688298831805,-2207.521316773773,-2207.521316773773,-2207.521316773773,-2059.2151237502367,-2059.2151237502367,-2059.2151237502367,-148.306193023537,-148.306193023537,-148.306193023537,0,0,0,-2355.244451849305,2914.7317209076477,2488.6688298831805,2488.6688298831805,281.14751310940756
2026-04-20T00:00:00Z,2488.9150540867677,43.58769572419615,43.58769572419615,43.58769572419615,207.10923604303045,207.10923604303045,207.10923604303045,-163.5215403188343,-163.5215403188343,-163.5215403188343,0,0,0,-318.50082122815013,5195.068832579012,2488.9150540867677,2488.9150540867677,2532.502749810964
2026-04-21T00:00:00Z,2489.1612782903544,609.0254700498583,609.0254700498583,609.0254700498583,788.4207419728974,788.4207419728974,788.4207419728974,-179.3952719230392,-179.3952719230392,-179.3952719230392,0,0,0,145.67744746159806,5883.223618883163,2489.1612782903544,2489.1612782903544,3098.186748340213
2026-04-22T00:00:00Z,2489.4075024939416,555.027894724745,555.027894724745,555.027894724745,750.5590710467362,750.5590710467362,750.5590710467362,-195.53117632199107,-195.53117632199107,-195.53117632199107,0,0,0,385.3349395109741,5666.550284116233,2489.4075024939416,2489.4075024939416,3044.4353972186864
2026-04-23T00:00:00Z,2489.653726697529,626.5651053985774,626.5651053985774,626.5651053985774,838.071622772447,838.071622772447,838.071622772447,-211.50651737386949,-211.50651737386949,-211.50651737386949,0,0,0,422.9328973116486,5863.185616326176,2489.653726697529,2489.653726697529,3116.2188320961063
2026-04-24T00:00:00Z,2489.899950901116,648.8483782062684,648.8483782062684,648.8483782062684,875.7343040665545,875.7343040665545,875.7343040665545,-226.8859258602862,-226.8859258602862,-226.8859258602862,0,0,0,469.40422509012365,5969.620555984007,2489.899950901116,2489.899950901116,3138.7483291073845
2026-04-25T00:00:00Z,2490.146175104703,-1641.915489989001,-1641.915489989001,-1641.915489989001,-1400.6798521531027,-1400.6798521531027,-1400.6798521531027,-241.2356378358979,-241.2356378358979,-241.2356378358979,0,0,0,-2047.3162595032425,3437.3602348716427,2490.146175104703,2490.146175104703,848.2306851157023
2026-04-26T00:00:00Z,2490.39239930829,-2313.3527555134046,-2313.3527555134046,-2313.3527555134046,-2059.215123748298,-2059.215123748298,-2059.215123748298,-254.13763176510685,-254.13763176510685,-254.13763176510685,0,0,0,-2468.1517600603756,2821.5001121412865,2490.39239930829,2490.39239930829,177.03964379488525
2026-04-27T00:00:00Z,2490.638623511877,-58.09398782114839,-58.09398782114839,-58.09398782114839,207.10923604377427,207.10923604377427,207.10923604377427,-265.2032238649228,-265.2032238649228,-265.2032238649228,0,0,0,-466.1275999583272,5185.319990696374,2490.638623511877,2490.638623511877,2432.5446356907287
2026-04-28T00:00:00Z,2490.8848477154643,514.3350400710084,514.3350400710084,514.3350400710084,788.420741972661,788.420741972661,788.420741972661,-274.08570190165256,-274.08570190165256,-274.08570190165256,0,0,0,86.09730927393069,5882.165826481017,2490.8848477154643,2490.8848477154643,3005.2198877864726
2026-04-29T00:00:00Z,2491.1310719190515,470.0674598822132,470.0674598822132,470.0674598822132,750.5590710468609,750.5590710468609,750.5590710468609,-280.49161116464785,-280.49161116464785,-280.49161116464785,0,0,0,164.4341164431712,5590.455155190603,2491.1310719190515,2491.1310719190515,2961.198531801265
2026-04-30T00:00:00Z,2491.377296122638,553.8812714322506,553.8812714322506,553.8812714322506,838.0716227703874,838.0716227703874,838.0716227703874,-284.19035133813674,-284.19035133813674,-284.19035133813674,0,0,0,344.5921326222509,5798.865368583777,2491.377296122638,2491.377296122638,3045.258567554889
2026-05-01T00:00:00Z,2491.6235203262254,590.7125060401022,590.7125060401022,590.7125060401022,875.7343040651558,875.7343040651558,875.7343040651558,-285.0217980250536,-285.0217980250536,-285.0217980250536,0,0,0,232.80145993933917,5843.291618439929,2491.6235203262254,2491.6235203262254,3082.3360263663276
2026-05-02T00:00:00Z,2491.8697445298126,-1683.5815781552499,-1683.5815781552499,-1683.5815781552499,-1400.67985215583,-1400.67985215583,-1400.67985215583,-282.90172599941974,-282.90172599941974,-282.90172599941974,0,0,0,-1873.3458806566198,3641.369161755172,2491.8697445298126,2491.8697445298126,808.2881663745627
2026-05-03T00:00:00Z,2492.1159687333998,-2337.0400046032473,-2337.0400046032473,-2337.0400046032473,-2059.2151237491885,-2059.2151237491885,-2059.2151237491885,-277.8248808540586,-277.8248808540586,-277.8248808540586,0,0,0,-2556.7792273678137,3147.173191601717,2492.1159687333998,2492.1159687333998,155.07596413015244
2026-05-04T00:00:00Z,2492.3621929369865,-62.756383362211125,-62.756383362211125,-62.756383362211125,207.10923604451844,207.10923604451844,207.10923604451844,-269.86561940672954,-269.86561940672954,-269.86561940672954,0,0,0,-345.3430727821642,5358.5279490267885,2492.3621929369865,2492.3621929369865,2429.6058095747753
2026-05-05T00:00:00Z,2492.6084171405732,529.2446272376209,529.2446272376209,529.2446272376209,788.4207419732319,788.4207419732319,788.4207419732319,-259.17611473561095,-259.17611473561095,-259.17611473561095,0,0,0,227.6884882046643,5844.542806243502,2492.6084171405732,2492.6084171405732,3021.8530443781942
2026-05-06T00:00:00Z,2492.8546413441604,504.5768743286355,504.5768743286355,504.5768743286355,750.5590710466929,750.5590710466929,750.5590710466929,-245.98219671805748,-245.98219671805748,-245.98219671805748,0,0,0,323.05612719920634,5775.910187263316,2492.8546413441604,2492.8546413441604,2997.4315156727957
2026-05-07T00:00:00Z,2493.1008655477476,607.4946516256209,607.4946516256209,607.4946516256209,838.071622771101,838.071622771101,838.071622771101,-230.57697114547992,-230.57697114547992,-230.57697114547992,0,0,0,439.14512388009877,5929.05141545054,2493.1008655477476,2493.1008655477476,3100.5955171733685
2026-05-08T00:00:00Z,2493.347089751335,662.4218763533526,662.4218763533526,662.4218763533526,875.7343040651263,875.7343040651263,875.7343040651263,-213.31242771177372,-213.31242771177372,-213.31242771177372,0,0,0,428.28466312210816,5811.914897171002,2493.347089751335,2493.347089751335,3155.7689661046875
2026-05-09T00:00:00Z,2493.5933139549215,-1595.269159536347,-1595.269159536347,-1595.269159536347,-1400.679852155467,-1400.679852155467,-1400.679852155467,-194.58930738087983,-194.58930738087983,-194.58930738087983,0,0,0,-1831.6286437448393,3459.696966696368,2493.5933139549215,2493.5933139549215,898.3241544185746
2026-05-10T00:00:00Z,2493.8395381585087,-2234.0606748131863,-2234.0606748131863,-2234.0606748131863,-2059.2151237472503,-2059.2151237472503,-2059.2151237472503,-174.8455510659361,-174.8455510659361,-174.8455510659361,0,0,0,-2510.7924069084042,2952.9477831914232,2493.8395381585087,2493.8395381585087,259.7788633453224
2026-05-11T00:00:00Z,2494.085762362096,52.56554338398774,52.56554338398774,52.56554338398774,207.1092360472708,207.1092360472708,207.1092360472708,-154.543692663283,-154.543692663283,-154.543692663283,0,0,0,-175.93357698856036,5213.119820301031,2494.085762362096,2494.085762362096,2546.651305746084
2026-05-12T00:00:00Z,2494.331986565683,654.2631528526651,654.2631528526651,654.2631528526651,788.4207419729953,788.4207419729953,788.4207419729953,-134.15758912033024,-134.15758912033024,-134.15758912033024,0,0,0,504.1335809133724,6181.6446148241575,2494.331986565683,2494.331986565683,3148.5951394183485
2026-05-13T00:00:00Z,2494.57821076927,636.4001735165991,636.4001735165991,636.4001735165991,750.559071046818,750.559071046818,750.559071046818,-114.1588975302189,-114.1588975302189,-114.1588975302189,0,0,0,454.4647135783308,5863.108181112521,2494.57821076927,2494.57821076927,3130.9783842858687
2026-05-14T00:00:00Z,2494.824434972857,743.0679089531524,743.0679089531524,743.0679089531524,838.0716227718143,838.0716227718143,838.0716227718143,-95.00371381866195,-95.00371381866195,-95.00371381866195,0,0,0,230.04386048582796,6059.365506968679,2494.824434972857,2494.824434972857,3237.8923439260093
2026-05-15T00:00:00Z,2495.070659176444,798.6145247138502,798.6145247138502,798.6145247138502,875.7343040650967,875.7343040650967,875.7343040650967,-77.11977935124645,-77.11977935124645,-77.11977935124645,0,0,0,374.10370021318084,6009.774300779241,2495.070659176444,2495.070659176444,3293.6851838902944
2026-05-16T00:00:00Z,2495.3168833800314,-1461.5744932517116,-1461.5744932517116,-1461.5744932517116,-1400.6798521497465,-1400.6798521497465,-1400.6798521497465,-60.89464110196547,-60.89464110196547,-60.89464110196547,0,0,0,-1534.7412747295405,3599.223066872705,2495.3168833800314,2495.3168833800314,1033.7423901283198
2026-05-17T00:00:00Z,2495.5631075836186,-2105.880242354055,-2105.880242354055,-2105.880242354055,-2059.215123746727,-2059.215123746727,-2059.215123746727,-46.66511860732826,-46.66511860732826,-46.66511860732826,0,0,0,-2434.8729220553078,3041.4338526996667,2495.5631075836186,2495.5631075836186,389.6828652295635
2026-05-18T00:00:00Z,2495.8093317872053,172.40084819462115,172.40084819462115,172.40084819462115,207.10923604801496,207.10923604801496,207.10923604801496,-34.70838785339377,-34.70838785339377,-34.70838785339377,0,0,0,-190.50899454033672,5443.475414813769,2495.8093317872053,2495.8093317872053,2668.2101799818265
2026-05-19T00:00:00Z,2496.0555559907925,763.1858020439643,763.1858020439643,763.1858020439643,788.4207419731538,788.4207419731538,788.4207419731538,-25.234939929189494,-25.234939929189494,-25.234939929189494,0,0,0,503.6601591997556,6123.308581907258,2496.0555559907925,2496.0555559907925,3259.2413580347566
2026-05-20T00:00:00Z,2496.3017801943797,732.1754586723613,732.1754586723613,732.1754586723613,750.5590710463574,750.5590710463574,750.5590710463574,-18.383612373996097,-18.383612373996097,-18.383612373996097,0,0,0,466.0622493786194,5999.121527382348,2496.3017801943797,2496.3017801943797,3228.477238866741
2026-05-21T00:00:00Z,2496.548004397967,823.8527971911276,823.8527971911276,823.8527971911276,838.0716227688326,838.0716227688326,838.0716227688326,-14.21882557770485,-14.21882557770485,-14.21882557770485,0,0,0,434.56432942889984,6199.144462174983,2496.548004397967,2496.548004397967,3320.4008015890945
2026-05-22T00:00:00Z,2496.794228601554,863.0042166656042,863.0042166656042,863.0042166656042,875.7343040623288,875.7343040623288,875.7343040623288,-12.730087396724613,-12.730087396724613,-12.730087396724613,0,0,0,220.90226825125222,6067.603403356203,2496.794228601554,2496.794228601554,3359.798445267158
2026-05-23T00:00:00Z,2497.040452805141,-1414.5136106577388,-1414.5136106577388,-1414.5136106577388,-1400.6798521509286,-1400.6798521509286,-1400.6798521509286,-13.833758506810067,-13.833758506810067,-13.833758506810067,0,0,0,-1835.9004258323966,3902.2545366407794,2497.040452805141,2497.040452805141,1082.526842147402
2026-05-24T00:00:00Z,2497.286677008728,-2076.5921248523778,-2076.5921248523778,-2076.5921248523778,-2059.215123750861,-2059.215123750861,-2059.215123750861,-17.37700110151614,-17.37700110151614,-17.37700110151614,0,0,0,-2521.2540096135876,3058.038583770826,2497.286677008728,2497.286677008728,420.69455215635026
2026-05-25T00:00:00Z,2497.532901212315,183.96546951402732,183.96546951402732,183.96546951402732,207.10923604976318,207.10923604976318,207.10923604976318,-23.143766535735793,-23.143766535735793,-23.143766535735793,0,0,0,-72.80042636726834,5451.885937976332,2497.532901212315,2497.532901212315,2681.4983707263427
2026-05-26T00:00:00Z,2497.779125415902,757.5581265190428,757.5581265190428,757.5581265190428,788.4207419725225,788.4207419725225,788.4207419725225,-30.862615453479453,-30.862615453479453,-30.862615453479453,0,0,0,78.73588863041202,5905.6353895388875,2497.779125415902,2497.779125415902,3255.337251934945
2026-05-27T00:00:00Z,2498.025349619489,710.3429623220271,710.3429623220271,710.3429623220271,750.5590710470397,750.5590710470397,750.5590710470397,-40.21610872501276,-40.21610872501276,-40.21610872501276,0,0,0,514.1313596673566,5984.4139852681,2498.025349619489,2498.025349619489,3208.3683119415164
2026-05-28T00:00:00Z,2498.2715738230763,787.220161948698,787.220161948698,787.220161948698,838.0716227704681,838.0716227704681,838.0716227704681,-50.8514608217702,-50.8514608217702,-50.8514608217702,0,0,0,532.0081166799721,6137.64967151575,2498.2715738230763,2498.2715738230763,3285.491735771774
2026-05-29T00:00:00Z,2498.5177980266635,813.3421935856267,813.3421935856267,813.3421935856267,875.734304062299,875.734304062299,875.734304062299,-62.39211047667235,-62.39211047667235,-62.39211047667235,0,0,0,322.8800398889643,5974.380042129302,2498.5177980266635,2498.5177980266635,3311.8599916122903
2026-05-30T00:00:00Z,2498.7640222302507,-1475.1296898502583,-1475.1296898502583,-1475.1296898502583,-1400.6798521521107,-1400.6798521521107,-1400.6798521521107,-74.44983769814766,-74.44983769814766,-74.44983769814766,0,0,0,-1758.745368668017,3693.6810924311353,2498.7640222302507,2498.7640222302507,1023.6343323799924
2026-05-31T00:00:00Z,2499.0102464338374,-2145.8521659174157,-2145.8521659174157,-2145.8521659174157,-2059.2151237503367,-2059.2151237503367,-2059.2151237503367,-86.63704216707858,-86.63704216707858,-86.63704216707858,0,0,0,-2186.390607604498,3187.1893561209313,2499.0102464338374,2499.0102464338374,353.1580805164217
2026-06-01T00:00:00Z,2499.2564706374246,108.5304399157219,108.5304399157219,108.5304399157219,207.10923604213772,207.10923604213772,207.10923604213772,-98.57879612641577,-98.57879612641577,-98.57879612641577,0,0,0,-54.73180218524757,5411.861123222178,2499.2564706374246,2499.2564706374246,2607.7869105531463
2026-06-02T00:00:00Z,2499.502694841012,678.4964469198686,678.4964469198686,678.4964469198686,788.4207419726808,788.4207419726808,788.4207419726808,-109.92429505281206,-109.92429505281206,-109.92429505281206,0,0,0,546.6197974148025,5953.7474753411625,2499.502694841012,2499.502694841012,3177.9991417608803
2026-06-03T00:00:00Z,2499.748919044599,630.2017197251171,630.2017197251171,630.2017197251171,750.5590710468722,750.5590710468722,750.5590710468722,-120.35735132175505,-120.35735132175505,-120.35735132175505,0,0,0,200.66162222002566,5987.1015354033725,2499.748919044599,2499.748919044599,3129.950638769716
2026-06-04T00:00:00Z,2499.9951432481853,708.4660137984199,708.4660137984199,708.4660137984199,838.0716227702595,838.0716227702595,838.0716227702595,-129.60560897183944,-129.60560897183944,-129.60560897183944,0,0,0,515.3117221270494,5959.338352468925,2499.9951432481853,2499.9951432481853,3208.461157046605
2026-06-05T00:00:00Z,2500.2413674517725,738.2861035722365,738.2861035722365,738.2861035722365,875.7343040609005,875.7343040609005,875.7343040609005,-137.44820048866387,-137.44820048866387,-137.44820048866387,0,0,0,505.1646076384868,5862.1276820914645,2500.2413674517725,2500.2413674517725,3238.527471024009
2026-06-06T00:00:00Z,2500.4875916553597,-1544.4014700058956,-1544.4014700058956,-1544.4014700058956,-1400.679852153293,-1400.679852153293,-1400.679852153293,-143.72161785260244,-143.72161785260244,-143.72161785260244,0,0,0,-1872.455075982618,3720.0626651504235,2500.4875916553597,2500.4875916553597,956.0861216494641
2026-06-07T00:00:00Z,2500.733815858947,-2207.5387520542163,-2207.5387520542163,-2207.5387520542163,-2059.215123748399,-2059.215123748399,-2059.215123748399,-148.32362830581715,-148.32362830581715,-148.32362830581715,0,0,0,-2623.8409541404185,3031.374331194395,2500.733815858947,2500.733815858947,293.1950638047306
2026-06-08T00:00:00Z,2500.980040062534,55.89410751985374,55.89410751985374,55.89410751985374,207.10923604489025,207.10923604489025,207.10923604489025,-151.21512852503656,-151.21512852503656,-151.21512852503656,0,0,0,-145.45402332452213,5175.3670551910645,2500.980040062534,2500.980040062534,2556.8741475823876
2026-06-09T00:00:00Z,2501.226264266121,636.0008448250359,636.0008448250359,636.0008448250359,788.4207419728392,788.4207419728392,788.4207419728392,-152.41989714780343,-152.41989714780343,-152.41989714780343,0,0,0,262.3490427439777,5785.970792805755,2501.226264266121,2501.226264266121,3137.2271090911568
2026-06-10T00:00:00Z,2501.472488469708,598.5367982557972,598.5367982557972,598.5367982557972,750.5590710467039,750.5590710467039,750.5590710467039,-152.02227279090675,-152.02227279090675,-152.02227279090675,0,0,0,490.3742713574294,5991.7015817807405,2501.472488469708,2501.472488469708,3100.0092867255053
2026-06-11T00:00:00Z,2501.718712673295,687.9087720514823,687.9087720514823,687.9087720514823,838.0716227709728,838.0716227709728,838.0716227709728,-150.1628507194906,-150.1628507194906,-150.1628507194906,0,0,0,231.1924100257102,5890.651793714858,2501.718712673295,2501.718712673295,3189.6274847247773
2026-06-12T00:00:00Z,2501.9649368768823,728.7019499668967,728.7019499668967,728.7019499668967,875.7343040654886,875.7343040654886,875.7343040654886,-147.0323540985919,-147.0323540985919,-147.0323540985919,0,0,0,412.09265820359803,6125.127154600885,2501.9649368768823,2501.9649368768823,3230.666886843779
2026-06-13T00:00:00Z,2502.211161080469,-1543.543745480326,-1543.543745480326,-1543.543745480326,-1400.6798521560204,-1400.6798521560204,-1400.6798521560204,-142.86389332430568,-142.86389332430568,-142.86389332430568,0,0,0,-1903.4494089472096,3587.350621841723,2502.211161080469,2502.211161080469,958.6674156001432
2026-06-14T00:00:00Z,2502.4573852840563,-2197.1390012525776,-2197.1390012525776,-2197.1390012525776,-2059.2151237492894,-2059.2151237492894,-2059.2151237492894,-137.92387750328734,-137.92387750328734,-137.92387750328734,0,0,0,-2509.9381668469628,3307.160109565495,2502.4573852840563,2502.4573852840563,305.3183840314787
2026-06-15T00:00:00Z,2502.7036094876435,74.60735190328712,74.60735190328712,74.60735190328712,207.10923604563425,207.10923604563425,207.10923604563425,-132.5018841423471,-132.5018841423471,-132.5018841423471,0,0,0,-100.11927787607604,5311.689968125091,2502.7036094876435,2502.7036094876435,2577.3109613909305
2026-06-16T00:00:00Z,2502.9498336912307,661.5209167285398,661.5209167285398,661.5209167285398,788.4207419722077,788.4207419722077,788.4207419722077,-126.89982524366788,-126.89982524366788,-126.89982524366788,0,0,0,72.99644879998422,6026.0013587856,2502.9498336912307,2502.9498336912307,3164.4707504197704
2026-06-17T00:00:00Z,2503.196057894818,629.1383017766103,629.1383017766103,629.1383017766103,750.559071047094,750.559071047094,750.559071047094,-121.42076927048356,-121.42076927048356,-121.42076927048356,0,0,0,371.67965581512436,5967.026525935541,2503.196057894818,2503.196057894818,3132.334359671428
2026-06-18T00:00:00Z,2503.4422820984046,721.7138345505546,721.7138345505546,721.7138345505546,838.0716227707638,838.0716227707638,838.0716227707638,-116.35778822020941,-116.35778822020941,-116.35778822020941,0,0,0,286.82818513939253,6206.290955365864,2503.4422820984046,2503.4422820984046,3225.156116648959
2026-06-19T00:00:00Z,2503.6885063019918,763.7511070400922,763.7511070400922,763.7511070400922,875.73430406409,875.73430406409,875.73430406409,-111.9831970239978,-111.9831970239978,-111.9831970239978,0,0,0,646.3456667920412,5974.043106219679,2503.6885063019918,2503.6885063019918,3267.439613342084
2026-06-20T00:00:00Z,2503.934730505579,-1509.2183909243213,-1509.2183909243213,-1509.2183909243213,-1400.6798521502997,-1400.6798521502997,-1400.6798521502997,-108.5385387740219,-108.5385387740219,-108.5385387740219,0,0,0,-1723.4310531033639,3713.129944723528,2503.934730505579,2503.934730505579,994.7163395812577
2026-06-21T00:00:00Z,2504.180954709166,-2165.4407680564927,-2165.4407680564927,-2165.4407680564927,-2059.2151237473518,-2059.2151237473518,-2059.2151237473518,-106.22564430914129,-106.22564430914129,-106.22564430914129,0,0,0,-2430.5872337618284,3100.0896055361754,2504.180954709166,2504.180954709166,338.7401866526734
2026-06-22T00:00:00Z,2504.427178912753,101.91017677369837,101.91017677369837,101.91017677369837,207.10923604738252,207.10923604738252,207.10923604738252,-105.19905927368418,-105.19905927368418,-105.19905927368418,0,0,0,-310.80158862156077,5248.347151401331,2504.427178912753,2504.427178912753,2606.3373556864512
2026-06-23T00:00:00Z,2504.67340311634,682.8606549427574,682.8606549427574,682.8606549427574,788.4207419731734,788.4207419731734,788.4207419731734,-105.56008703041603,-105.56008703041603,-105.56008703041603,0,0,0,248.06229088692598,6009.86635008658,2504.67340311634,2504.67340311634,3187.5340580590973
2026-06-24T00:00:00Z,2504.9196273199273,643.2064278622797,643.2064278622797,643.2064278622797,750.5590710472184,750.5590710472184,750.5590710472184,-107.35264318493904,-107.35264318493904,-107.35264318493904,0,0,0,403.02970544274194,5867.118213366503,2504.9196273199273,2504.9196273199273,3148.126055182207
2026-06-25T00:00:00Z,2505.1658515235144,727.5105641490424,727.5105641490424,727.5105641490424,838.0716227723997,838.0716227723997,838.0716227723997,-110.56105862335747,-110.56105862335747,-110.56105862335747,0,0,0,517.7678780941304,6049.352680548296,2505.1658515235144,2505.1658515235144,3232.6764156725567
2026-06-26T00:00:00Z,2505.4120757271016,760.6243993053691,760.6243993053691,760.6243993053691,875.7343040640603,875.7343040640603,875.7343040640603,-115.10990475869117,-115.10990475869117,-115.10990475869117,0,0,0,723.6902230567543,6162.6744787453645,2505.4120757271016,2505.4120757271016,3266.0364750324707
2026-06-27T00:00:00Z,2505.6582999306884,-1521.5457012598392,-1521.5457012598392,-1521.5457012598392,-1400.6798521499363,-1400.6798521499363,-1400.6798521499363,-120.86584910990263,-120.86584910990263,-120.86584910990263,0,0,0,-1954.910446111195,3651.6098716531214,2505.6582999306884,2505.6582999306884,984.1125986708491
2026-06-28T00:00:00Z,2505.9045241342756,-2186.8566072411413,-2186.8566072411413,-2186.8566072411413,-2059.215123751486,-2059.215123751486,-2059.215123751486,-127.641483489656,-127.641483489656,-127.641483489656,0,0,0,-2305.5814542408793,3158.6000901849034,2505.9045241342756,2505.9045241342756,319.04791689313424
2026-06-29T00:00:00Z,2506.1507483378628,71.90823302164517,71.90823302164517,71.90823302164517,207.10923604913097,207.10923604913097,207.10923604913097,-135.2010030274857,-135.2010030274857,-135.2010030274857,0,0,0,-111.66635471312058,5435.377808623965,2506.1507483378628,2506.1507483378628,2578.058981359508
2026-06-30T00:00:00Z,2506.3969725414495,645.153187921106,645.153187921106,645.153187921106,788.420741972937,788.420741972937,788.420741972937,-143.26755405183104,-143.26755405183104,-143.26755405183104,0,0,0,420.63921256775285,5757.458999522641,2506.3969725414495,2506.3969725414495,3151.5501604625556
2026-07-01T00:00:00Z,2506.6431967450367,599.027056659906,599.027056659906,599.027056659906,750.5590710467579,750.5590710467579,750.5590710467579,-151.53201438685196,-151.53201438685196,-151.53201438685196,0,0,0,499.87818787489016,5974.074169567542,2506.6431967450367,2506.6431967450367,3105.6702534049427
2026-07-02T00:00:00Z,2506.889420948624,678.408700121552,678.408700121552,678.408700121552,838.071622772191,838.071622772191,838.071622772191,-159.66292265063902,-159.66292265063902,-159.66292265063902,0,0,0,300.0836125047838,5959.043737871749,2506.889420948624,2506.889420948624,3185.298121070176
2026-07-03T00:00:00Z,2507.135645152211,708.4170689169226,708.4170689169226,708.4170689169226,875.7343040612923,875.7343040612923,875.7343040612923,-167.31723514436965,-167.31723514436965,-167.31723514436965,0,0,0,348.99502940807986,5863.762936224304,2507.135645152211,2507.135645152211,3215.552714069134
2026-07-04T00:00:00Z,2507.3818693557982,-1574.8314132957646,-1574.8314132957646,-1574.8314132957646,-1400.679852152664,-1400.679852152664,-1400.679852152664,-174.15156114310068,-174.15156114310068,-174.15156114310068,0,0,0,-1725.8790552544817,3905.279079828845,2507.3818693557982,2507.3818693557982,932.5504560600336
2026-07-05T00:00:00Z,2507.6280935593845,-2239.0486344773694,-2239.0486344773694,-2239.0486344773694,-2059.2151237495477,-2059.2151237495477,-2059.2151237495477,-179.83351072782168,-179.83351072782168,-179.83351072782168,0,0,0,-2432.777627906835,3220.2454512318313,2507.6280935593845,2507.6280935593845,268.5794590820151
2026-07-06T00:00:00Z,2507.8743177629717,23.056451757139993,23.056451757139993,23.056451757139993,207.10923605087916,207.10923605087916,207.10923605087916,-184.05278429373914,-184.05278429373914,-184.05278429373914,0,0,0,-294.09688477471684,5339.740584958643,2507.8743177629717,2507.8743177629717,2530.930769520112
2026-07-07T00:00:00Z,2508.120541966559,601.8891022408385,601.8891022408385,601.8891022408385,788.4207419730955,788.4207419730955,788.4207419730955,-186.53163973225693,-186.53163973225693,-186.53163973225693,0,0,0,462.6857711927358,5922.079387042025,2508.120541966559,2508.120541966559,3110.0096442073973
2026-07-08T00:00:00Z,2508.366766170146,563.5246792276226,563.5246792276226,563.5246792276226,750.5590710468828,750.5590710468828,750.5590710468828,-187.03439181926012,-187.03439181926012,-187.03439181926012,0,0,0,305.6000844303798,5707.499262703347,2508.366766170146,2508.366766170146,3071.8914453977686
2026-07-09T00:00:00Z,2508.612990373733,652.6959947576952,652.6959947576952,652.6959947576952,838.0716227701312,838.0716227701312,838.0716227701312,-185.37562801243598,-185.37562801243598,-185.37562801243598,0,0,0,612.3539187257985,6015.249990705948,2508.612990373733,2508.612990373733,3161.308985131428
2026-07-10T00:00:00Z,2508.85921457732,694.3074392961679,694.3074392961679,694.3074392961679,875.7343040612626,875.7343040612626,875.7343040612626,-181.42686476509473,-181.42686476509473,-181.42686476509473,0,0,0,311.46104130613986,5923.582534167743,2508.85921457732,2508.85921457732,3203.166653873488
2026-07-11T00:00:00Z,2509.105438780907,-1575.8012695257273,-1575.8012695257273,-1575.8012695257273,-1400.6798521538465,-1400.6798521538465,-1400.6798521538465,-175.12141737188094,-175.12141737188094,-175.12141737188094,0,0,0,-1942.6129610879937,3612.244068826791,2509.105438780907,2509.105438780907,933.3041692551799
2026-07-12T00:00:00Z,2509.3516629844944,-2225.6724365226114,-2225.6724365226114,-2225.6724365226114,-2059.215123750438,-2059.215123750438,-2059.215123750438,-166.45731277217337,-166.45731277217337,-166.45731277217337,0,0,0,-2671.843560572931,3003.5073459745745,2509.3516629844944,2509.3516629844944,283.679226461883
2026-07-13T00:00:00Z,2509.5978871880816,51.611099159228814,51.611099159228814,51.611099159228814,207.1092360516232,207.1092360516232,207.1092360516232,-155.49813689239443,-155.49813689239443,-155.49813689239443,0,0,0,-276.77142413446063,5355.006022829266,2509.5978871880816,2509.5978871880816,2561.20898634731
2026-07-14T00:00:00Z,2509.8441113916683,646.0489679069423,646.0489679069423,646.0489679069423,788.4207419732717,788.4207419732717,788.4207419732717,-142.37177406632938,-142.37177406632938,-142.37177406632938,0,0,0,484.6039432040423,6061.462301290054,2509.8441113916683,2509.8441113916683,3155.8930792986107
2026-07-15T00:00:00Z,2510.0903355952555,623.2920072706307,623.2920072706307,623.2920072706307,750.5590710470077,750.5590710470077,750.5590710470077,-127.26706377637683,-127.26706377637683,-127.26706377637683,0,0,0,366.1835991717161,5845.275326139873,2510.0903355952555,2510.0903355952555,3133.382342865886
2026-07-16T00:00:00Z,2510.3365597988427,727.6431555097837,727.6431555097837,727.6431555097837,838.0716227708451,838.0716227708451,838.0716227708451,-110.42846726106114,-110.42846726106114,-110.42846726106114,0,0,0,605.574898399132,6065.215638775572,2510.3365597988427,2510.3365597988427,3237.9797153086265
2026-07-17T00:00:00Z,2510.58278400243,783.5854027420174,783.5854027420174,783.5854027420174,875.734304065851,875.734304065851,875.734304065851,-92.14890132383366,-92.14890132383366,-92.14890132383366,0,0,0,589.8202890134833,6200.778847991549,2510.58278400243,2510.58278400243,3294.168186744447
2026-07-18T00:00:00Z,2510.8290082060166,-1473.4408090315585,-1473.4408090315585,-1473.4408090315585,-1400.6798521550288,-1400.6798521550288,-1400.6798521550288,-72.76095687653,-72.76095687653,-72.76095687653,0,0,0,-1677.2365264378122,3914.758778697474,2510.8290082060166,2510.8290082060166,1037.3881991744581
2026-07-19T00:00:00Z,2511.075232409604,-2111.841897194877,-2111.841897194877,-2111.841897194877,-2059.2151237485,-2059.2151237485,-2059.2151237485,-52.62677344637714,-52.62677344637714,-52.62677344637714,0,0,0,-2346.1176834422076,3094.3163050745056,2511.075232409604,2511.075232409604,399.2333352147266
2026-07-20T00:00:00Z,2511.321456613191,174.9823497307325,174.9823497307325,174.9823497307325,207.1092360460064,207.1092360460064,207.1092360460064,-32.126886315273886,-32.126886315273886,-32.126886315273886,0,0,0,-16.48534007326256,5503.200815873545,2511.321456613191,2511.321456613191,2686.3038063439235
2026-07-21T00:00:00Z,2511.567680816778,776.7723433011951,776.7723433011951,776.7723433011951,788.4207419734299,788.4207419734299,788.4207419734299,-11.648398672234896,-11.648398672234896,-11.648398672234896,0,0,0,580.917696431275,6004.895101231399,2511.567680816778,2511.567680816778,3288.3400241179734
2026-07-22T00:00:00Z,2511.8139050203654,758.9862151011719,758.9862151011719,758.9862151011719,750.5590710468397,750.5590710468397,750.5590710468397,8.427144054332247,8.427144054332247,8.427144054332247,0,0,0,630.7127777919114,6098.477019212364,2511.8139050203654,2511.8139050203654,3270.8001201215375
2026-07-23T00:00:00Z,2512.060129223952,865.8074102978079,865.8074102978079,865.8074102978079,838.0716227715584,838.0716227715584,838.0716227715584,27.735787526249748,27.735787526249748,27.735787526249748,0,0,0,600.2965185977927,6224.8545182443995,2512.060129223952,2512.060129223952,3377.86753952176
2026-07-24T00:00:00Z,2512.3063534275393,921.6770226680442,921.6770226680442,921.6770226680442,875.7343040658214,875.7343040658214,875.7343040658214,45.94271860222277,45.94271860222277,45.94271860222277,0,0,0,735.2121289527748,6455.923232082101,2512.3063534275393,2512.3063534275393,3433.9833760955835
2026-07-25T00:00:00Z,2512.5525776311265,-1337.9268991219533,-1337.9268991219533,-1337.9268991219533,-1400.6798521477626,-1400.6798521477626,-1400.6798521477626,62.75295302580936,62.75295302580936,62.75295302580936,0,0,0,-1876.2632139773189,3665.8085895333165,2512.5525776311265,2512.5525776311265,1174.6256785091732
2026-07-26T00:00:00Z,2512.7988018347137,-1981.294318445466,-1981.294318445466,-1981.294318445466,-2059.2151237465614,-2059.2151237465614,-2059.2151237465614,77.92080530109551,77.92080530109551,77.92080530109551,0,0,0,-2131.1292354248967,3330.9782440328327,2512.7988018347137,2512.7988018347137,531.5044833892478
2026-07-27T00:00:00Z,2513.0450260383004,298.3670567030234,298.3670567030234,298.3670567030234,207.10923604675023,207.10923604675023,207.10923604675023,91.25782065627317,91.25782065627317,91.25782065627317,0,0,0,37.46047891791147,5534.489158988689,2513.0450260383004,2513.0450260383004,2811.412082741324
2026-07-28T00:00:00Z,2513.2912502418876,891.0596367282899,891.0596367282899,891.0596367282899,788.4207419731935,788.4207419731935,788.4207419731935,102.63889475509637,102.63889475509637,102.63889475509637,0,0,0,577.1833593667196,6222.166795975369,2513.2912502418876,2513.2912502418876,3404.3508869701773
2026-07-29T00:00:00Z,2513.537474445475,862.5654327477314,862.5654327477314,862.5654327477314,750.5590710466719,750.5590710466719,750.5590710466719,112.00636170105965,112.00636170105965,112.00636170105965,0,0,0,412.95342997911916,6157.239170470384,2513.537474445475,2513.537474445475,3376.102907193206
2026-07-30T00:00:00Z,2513.783698649062,957.4435160377652,957.4435160377652,957.4435160377652,838.0716227713494,838.0716227713494,838.0716227713494,119.37189326641597,119.37189326641597,119.37189326641597,0,0,0,655.886999123672,6412.877335704244,2513.783698649062,2513.783698649062,3471.227214686827
2026-07-31T00:00:00Z,2514.029922852649,1000.5504243235276,1000.5504243235276,1000.5504243235276,875.7343040630533,875.7343040630533,875.7343040630533,124.81612026047434,124.81612026047434,124.81612026047434,0,0,0,744.4293979714341,6305.898166073822,2514.029922852649,2514.029922852649,3514.580347176177
2026-08-01T00:00:00Z,2514.276147056236,-1272.1938936592755,-1272.1938936592755,-1272.1938936592755,-1400.6798521504898,-1400.6798521504898,-1400.6798521504898,128.4859584912141,128.4859584912141,128.4859584912141,0,0,0,-1569.9977806273769,4040.9139603111707,2514.276147056236,2514.276147056236,1242.0822533969604
2026-08-02T00:00:00Z,2514.522371259823,-1928.6254291015582,-1928.6254291015582,-1928.6254291015582,-2059.2151237474527,-2059.2151237474527,-2059.2151237474527,130.58969464589416,130.58969464589416,130.58969464589416,0,0,0,-2208.8184968378523,3293.0522789690112,2514.522371259823,2514.522371259823,585.8969421582649
2026-08-03T00:00:00Z,2514.7685954634103,338.49919543423687,338.49919543423687,338.49919543423687,207.10923604849853,207.10923604849853,207.10923604849853,131.38995938573828,131.38995938573828,131.38995938573828,0,0,0,-11.314834277758951,5703.615659762251,2514.7685954634103,2514.7685954634103,2853.267790897647
2026-08-04T00:00:00Z,2515.014819666997,919.6155257299855,919.6155257299855,919.6155257299855,788.4207419729569,788.4207419729569,788.4207419729569,131.19478375702857,131.19478375702857,131.19478375702857,0,0,0,706.5148874940268,6177.905134858992,2515.014819666997,2515.014819666997,3434.6303453969826
2026-08-05T00:00:00Z,2515.2610438705838,880.9060695526023,880.9060695526023,880.9060695526023,750.5590710470617,750.5590710470617,750.5590710470617,130.3469985055406,130.3469985055406,130.3469985055406,0,0,0,598.4408498322784,6336.74732357311,2515.2610438705838,2515.2610438705838,3396.167113423186
2026-08-06T00:00:00Z,2515.507268074171,967.2839147885473,967.2839147885473,967.2839147885473,838.0716227729853,838.0716227729853,838.0716227729853,129.2122920155621,129.2122920155621,129.2122920155621,0,0,0,770.0532439517963,6293.488289814085,2515.507268074171,2515.507268074171,3482.7911828627184
2026-08-07T00:00:00Z,2515.753492277758,1003.9005936314783,1003.9005936314783,1003.9005936314783,875.734304063024,875.734304063024,875.734304063024,128.16628956845437,128.16628956845437,128.16628956845437,0,0,0,829.5632411990953,6456.058418089909,2515.753492277758,2515.753492277758,3519.6540859092365
2026-08-08T00:00:00Z,2515.9997164813453,-1273.0987992772314,-1273.0987992772314,-1273.0987992772314,-1400.6798521501269,-1400.6798521501269,-1400.6798521501269,127.58105287289561,127.58105287289561,127.58105287289561,0,0,0,-1541.6699284015854,4095.023959991973,2515.9997164813453,2515.9997164813453,1242.900917204114
2026-08-09T00:00:00Z,2516.2459406849325,-1931.4037006104172,-1931.4037006104172,-1931.4037006104172,-2059.215123745514,-2059.215123745514,-2059.215123745514,127.81142313509669,127.81142313509669,127.81142313509669,0,0,0,-2123.316888481578,3456.386687753188,2516.2459406849325,2516.2459406849325,584.8422400745153
2026-08-10T00:00:00Z,2516.4921648885193,336.290878461207,336.290878461207,336.290878461207,207.10923604087316,207.10923604087316,207.10923604087316,129.18164242033382,129.18164242033382,129.18164242033382,0,0,0,128.75570516310202,5703.414021313962,2516.4921648885193,2516.4921648885193,2852.783043349726
2026-08-11T00:00:00Z,2516.7383890921064,920.393428198639,920.393428198639,920.393428198639,788.4207419727204,788.4207419727204,788.4207419727204,131.97268622591852,131.97268622591852,131.97268622591852,0,0,0,856.060866194049,6384.093238204036,2516.7383890921064,2516.7383890921064,3437.1318172907454
2026-08-12T00:00:00Z,2516.9846132956936,886.9697959787933,886.9697959787933,886.9697959787933,750.5590710471865,750.5590710471865,750.5590710471865,136.41072493160678,136.41072493160678,136.41072493160678,0,0,0,729.8371040413676,6192.796599784525,2516.9846132956936,2516.9846132956936,3403.954409274487
2026-08-13T00:00:00Z,2517.230837499281,980.7287262258409,980.7287262258409,980.7287262258409,838.0716227727763,838.0716227727763,838.0716227727763,142.65710345306442,142.65710345306442,142.65710345306442,0,0,0,606.812704382999,6240.130184366717,2517.230837499281,2517.230837499281,3497.959563725122
2026-08-14T00:00:00Z,2517.4770617028676,1026.5344917531102,1026.5344917531102,1026.5344917531102,875.7343040616249,875.7343040616249,875.7343040616249,150.80018769148515,150.80018769148515,150.80018769148515,0,0,0,809.1710724703637,6428.969947445243,2517.4770617028676,2517.4770617028676,3544.0115534559777
2026-08-15T00:00:00Z,2517.7232859064547,-1239.830477777735,-1239.830477777735,-1239.830477777735,-1400.679852152854,-1400.679852152854,-1400.679852152854,160.84937437511937,160.84937437511937,160.84937437511937,0,0,0,-1568.9067214420868,4050.0060779606315,2517.7232859064547,2517.7232859064547,1277.8928081287197
2026-08-16T00:00:00Z,2517.969510110042,-1886.483624685436,-1886.483624685436,-1886.483624685436,-2059.215123749648,-2059.215123749648,-2059.215123749648,172.73149906421204,172.73149906421204,172.73149906421204,0,0,0,-1968.316271596861,3289.7703354333553,2517.969510110042,2517.969510110042,631.4858854246058
2026-08-17T00:00:00Z,2518.215734313629,393.3990432562273,393.3990432562273,393.3990432562273,207.10923604362574,207.10923604362574,207.10923604362574,186.28980721260157,186.28980721260157,186.28980721260157,0,0,0,63.75349302355099,5641.808360468537,2518.215734313629,2518.215734313629,2911.6147775698564
2026-08-18T00:00:00Z,2518.4619585172163,989.7063192598308,989.7063192598308,989.7063192598308,788.4207419728789,788.4207419728789,788.4207419728789,201.2855772869519,201.2855772869519,201.2855772869519,0,0,0,626.6365489887975,6312.3773073251905,2518.4619585172163,2518.4619585172163,3508.168277777047
2026-08-19T00:00:00Z,2518.708182720803,967.9614762990658,967.9614762990658,967.9614762990658,750.559071046726,750.559071046726,750.559071046726,217.40240525233995,217.40240525233995,217.40240525233995,0,0,0,633.1195311279108,6337.306608832196,2518.708182720803,2518.708182720803,3486.669659019869
2026-08-20T00:00:00Z,2518.9544069243902,1072.324701394412,1072.324701394412,1072.324701394412,838.0716227697944,838.0716227697944,838.0716227697944,234.2530786246173,234.2530786246173,234.2530786246173,0,0,0,893.3687846540408,6548.369383256313,2518.9544069243902,2518.9544069243902,3591.279108318802
2026-08-21T00:00:00Z,2519.2006311279774,1127.1231922622285,1127.1231922622285,1127.1231922622285,875.7343040662134,875.7343040662134,875.7343040662134,251.38888819601502,251.38888819601502,251.38888819601502,0,0,0,975.7410230804325,6235.544075760861,2519.2006311279774,2519.2006311279774,3646.3238233902057
2026-08-22T00:00:00Z,2519.4468553315646,-1132.368703273012,-1132.368703273012,-1132.368703273012,-1400.6798521540366,-1400.6798521540366,-1400.6798521540366,268.31114888102474,268.31114888102474,268.31114888102474,0,0,0,-1344.8086447014352,4301.018410628978,2519.4468553315646,2519.4468553315646,1387.0781520585526
2026-08-23T00:00:00Z,2519.6930795351514,-1774.7304934772687,-1774.7304934772687,-1774.7304934772687,-2059.2151237491244,-2059.2151237491244,-2059.2151237491244,284.48463027185596,284.48463027185596,284.48463027185596,0,0,0,-1909.2837967378998,3568.606024397493,2519.6930795351514,2519.6930795351514,744.9625860578826
2026-08-24T00:00:00Z,2519.9393037387385,506.46177065762726,506.46177065762726,506.46177065762726,207.10923604436982,207.10923604436982,207.10923604436982,299.35253461325743,299.35253461325743,299.35253461325743,0,0,0,4.516719706002095,5810.803900731123,2519.9393037387385,2519.9393037387385,3026.401074396366
2026-08-25T00:00:00Z,2520.1855279423257,1100.7733489763916,1100.7733489763916,1100.7733489763916,788.4207419722475,788.4207419722475,788.4207419722475,312.3526070041444,312.3526070041444,312.3526070041444,0,0,0,876.9979905396785,6395.990674560253,2520.1855279423257,2520.1855279423257,3620.9588769187176
2026-08-26T00:00:00Z,2520.431752145913,1073.4929924428932,1073.4929924428932,1073.4929924428932,750.5590710468506,750.5590710468506,750.5590710468506,322.9339213960426,322.9339213960426,322.9339213960426,0,0,0,621.779903689941,6280.7240003024035,2520.431752145913,2520.431752145913,3593.924744588806
2026-08-27T00:00:00Z,2520.6779763495,1168.6454805336364,1168.6454805336364,1168.6454805336364,838.0716227705078,838.0716227705078,838.0716227705078,330.57385776312833,330.57385776312833,330.57385776312833,0,0,0,778.1926130341965,6374.273553657817,2520.6779763495,2520.6779763495,3689.3234568831367
2026-08-28T00:00:00Z,2520.924200553087,1210.5290757165096,1210.5290757165096,1210.5290757165096,875.7343040648145,875.7343040648145,875.7343040648145,334.7947716516951,334.7947716516951,334.7947716516951,0,0,0,875.4400724382448,6367.192756022724,2520.924200553087,2520.924200553087,3731.4532762695962
2026-08-29T00:00:00Z,2521.170424756674,-1065.4999943919556,-1065.4999943919556,-1065.4999943919556,-1400.6798521567641,-1400.6798521567641,-1400.6798521567641,335.17985776480856,335.17985776480856,335.17985776480856,0,0,0,-1230.518859807959,4206.841036150009,2521.170424756674,2521.170424756674,1455.6704303647184
2026-08-30T00:00:00Z,2521.4166489602612,-1727.827399290535,-1727.827399290535,-1727.827399290535,-2059.215123748601,-2059.215123748601,-2059.215123748601,331.3877244580658,331.3877244580658,331.3877244580658,0,0,0,-2047.0003591253633,3375.1303843710457,2521.4166489602612,2521.4166489602612,793.5892496697263
2026-08-31T00:00:00Z,2521.662873163848,530.2744617626176,530.2744617626176,530.2744617626176,207.10923604511373,207.10923604511373,207.10923604511373,323.1652257175039,323.1652257175039,323.1652257175039,0,0,0,414.10237079437303,5908.30713866009,2521.662873163848,2521.662873163848,3051.9373349264656
2026-09-01T00:00:00Z,2521.909097367435,1098.7788826384112,1098.7788826384112,1098.7788826384112,788.4207419732131,788.4207419732131,788.4207419732131,310.35814066519794,310.35814066519794,310.35814066519794,0,0,0,1056.2649845582707,6375.890837413341,2521.909097367435,2521.909097367435,3620.6879800058464
2026-09-02T00:00:00Z,2522.1553215710223,1043.4784177830302,1043.4784177830302,1043.4784177830302,750.5590710466828,750.5590710466828,750.5590710466828,292.9193467363472,292.9193467363472,292.9193467363472,0,0,0,906.0399855828741,6212.225518448424,2522.1553215710223,2522.1553215710223,3565.6337393540525
2026-09-03T00:00:00Z,2522.4015457746095,1108.9858226667532,1108.9858226667532,1108.9858226667532,838.0716227712214,838.0716227712214,838.0716227712214,270.91419989553174,270.91419989553174,270.91419989553174,0,0,0,1104.9913004730995,6334.6312944947695,2522.4015457746095,2522.4015457746095,3631.387368441363
2026-09-04T00:00:00Z,2522.6477699781963,1120.2572158042005,1120.2572158042005,1120.2572158042005,875.7343040647851,875.7343040647851,875.7343040647851,244.5229117394155,244.5229117394155,244.5229117394155,0,0,0,821.0865052491771,6382.693065756743,2522.6477699781963,2522.6477699781963,3642.9049857823966
2026-09-05T00:00:00Z,2522.893994181783,-1186.640055237208,-1186.640055237208,-1186.640055237208,-1400.679852156401,-1400.679852156401,-1400.679852156401,214.03979691919287,214.03979691919287,214.03979691919287,0,0,0,-1362.2733540952383,3879.9428894232865,2522.893994181783,2522.893994181783,1336.253938944575
2026-09-06T00:00:00Z,2523.14021838537,-1879.345771117567,-1879.345771117567,-1879.345771117567,-2059.2151237513203,-2059.2151237513203,-2059.2151237513203,179.8693526337535,179.8693526337535,179.8693526337535,0,0,0,-2144.028594367123,3356.717863989113,2523.14021838537,2523.14021838537,643.7944472678032
2026-09-07T00:00:00Z,2523.3864425889574,349.62845849763335,349.62845849763335,349.62845849763335,207.1092360478662,207.1092360478662,207.1092360478662,142.51922244976714,142.51922244976714,142.51922244976714,0,0,0,59.50784327108569,5608.5299978114135,2523.3864425889574,2523.3864425889574,2873.0149010865907
2026-09-08T00:00:00Z,2523.6326667925446,891.0109287404734,891.0109287404734,891.0109287404734,788.4207419729767,788.4207419729767,788.4207419729767,102.59018676749662,102.59018676749662,102.59018676749662,0,0,0,482.3725952582269,6132.685135054389,2523.6326667925446,2523.6326667925446,3414.643595533018
2026-09-09T00:00:00Z,2523.8788909961313,811.3224802955331,811.3224802955331,811.3224802955331,750.5590710465145,750.5590710465145,750.5590710465145,60.763409249018366,60.763409249018366,60.763409249018366,0,0,0,566.0814584062541,5925.837434920985,2523.8788909961313,2523.8788909961313,3335.201371291664
2026-09-10T00:00:00Z,2524.1251151997185,855.8568726397409,855.8568726397409,855.8568726397409,838.0716227719348,838.0716227719348,838.0716227719348,17.785249867806108,17.785249867806108,17.785249867806108,0,0,0,712.9156277158545,6331.875240254984,2524.1251151997185,2524.1251151997185,3379.981987839459
2026-09-11T00:00:00Z,2524.3713394033057,850.1843325870319,850.1843325870319,850.1843325870319,875.7343040620168,875.7343040620168,875.7343040620168,-25.54997147498486,-25.54997147498486,-25.54997147498486,0,0,0,422.613533459196,6120.339804822284,2524.3713394033057,2524.3713394033057,3374.5556719903375
2026-09-12T00:00:00Z,2524.617563606893,-1469.0986659709454,-1469.0986659709454,-1469.0986659709454,-1400.67985215068,-1400.67985215068,-1400.67985215068,-68.41881382026502,-68.41881382026502,-68.41881382026502,0,0,0,-1788.9000297821233,3621.208170380484,2524.617563606893,2524.617563606893,1055.5188976359475
2026-09-13T00:00:00Z,2524.86378781048,-2169.2037825026714,-2169.2037825026714,-2169.2037825026714,-2059.2151237507965,-2059.2151237507965,-2059.2151237507965,-109.98865875187448,-109.98865875187448,-109.98865875187448,0,0,0,-2504.948021097777,3286.438536820404,2524.86378781048,2524.86378781048,355.66000530780866
2026-09-14T00:00:00Z,2525.110012014067,57.67101209440233,57.67101209440233,57.67101209440233,207.10923604861017,207.10923604861017,207.10923604861017,-149.43822395420784,-149.43822395420784,-149.43822395420784,0,0,0,-261.9025692536608,5335.991488952725,2525.1092848462163,2525.110012014067,2582.781024108469
2026-09-15T00:00:00Z,2525.356236217654,602.4426520682017,602.4426520682017,602.4426520682017,788.420741973135,788.420741973135,788.420741973135,-185.97808990493343,-185.97808990493343,-185.97808990493343,0,0,0,369.66748144303597,5915.427367368942,2525.3538033715117,2525.356236217654,3127.798888285856
2026-09-16T00:00:00Z,2525.602460421241,531.6883944687859,531.6883944687859,531.6883944687859,750.5590710469046,750.5590710469046,750.5590710469046,-218.87067657811892,-218.87067657811892,-218.87067657811892,0,0,0,149.824440727133,5662.030794046625,2525.594500997499,2525.602460421241,3057.290854890027
2026-09-17T00:00:00Z,2525.8486846248284,590.6225059891899,590.6225059891899,590.6225059891899,838.0716227689529,838.0716227689529,838.0716227689529,-247.44911677976302,-247.44911677976302,-247.44911677976302,0,0,0,445.36987503027945,5819.563336476085,2525.8368718112715,2525.8486846248284,3116.4711906140183
2026-09-18T00:00:00Z,2526.094908828415,604.5998056791345,604.5998056791345,604.5998056791345,875.7343040619875,875.7343040619875,875.7343040619875,-271.13449838285294,-271.13449838285294,-271.13449838285294,0,0,0,176.90917837759736,6121.608974473452,2526.0779358350214,2526.095845297855,3130.6947145075496
2026-09-19T00:00:00Z,2526.3411330320023,-1690.1308408032,-1690.1308408032,-1690.1308408032,-1400.6798521518626,-1400.6798521518626,-1400.6798521518626,-289.4509886513376,-289.4509886513376,-289.4509886513376,0,0,0,-2042.5046496393013,3550.56526642354,2526.3190270978903,2526.343481024969,836.2102922288022
2026-09-20T00:00:00Z,2526.5873572355895,-2361.253532726978,-2361.253532726978,-2361.253532726978,-2059.215123750273,-2059.215123750273,-2059.215123750273,-302.03840897670466,-302.03840897670466,-302.03840897670466,0,0,0,-2727.804010736046,3096.3236324763348,2526.560675475586,2526.5926771485015,165.33382450861154
2026-09-21T00:00:00Z,2526.8335814391767,-101.55266015546518,-101.55266015546518,-101.55266015546518,207.10923605035848,207.10923605035848,207.10923605035848,-308.66189620582367,-308.66189620582367,-308.66189620582367,0,0,0,-412.21111547959777,5247.297009402045,2526.8015375780083,2526.841004457516,2425.2809212837115
2026-09-22T00:00:00Z,2527.079805642764,479.2023765220792,479.2023765220792,479.2023765220792,788.4207419725038,788.4207419725038,788.4207419725038,-309.2183654504247,-309.2183654504247,-309.2183654504247,0,0,0,135.57950582455567,5608.930800668097,2527.0406806198985,2527.0896109877513,3006.282182164843
2026-09-23T00:00:00Z,2527.3260298463506,446.8194944117702,446.8194944117702,446.8194944117702,750.5590710470294,750.5590710470294,750.5590710470294,-303.73957663525914,-303.73957663525914,-303.73957663525914,0,0,0,143.78337278492282,5765.315599547358,2527.2825171979266,2527.3380830448896,2974.145524258121
2026-09-24T00:00:00Z,2527.572254049938,545.6799221569818,545.6799221569818,545.6799221569818,838.0716227705889,838.0716227705889,838.0716227705889,-292.39170061360704,-292.39170061360704,-292.39170061360704,0,0,0,265.6030609133831,5958.93496219879,2527.5249230153395,2527.585796123992,3073.2521762069196
2026-09-25T00:00:00Z,2527.818478253525,600.2629262768676,600.2629262768676,600.2629262768676,875.7343040619578,875.7343040619578,875.7343040619578,-275.47137778509034,-275.47137778509034,-275.47137778509034,0,0,0,588.8056271471648,5965.504664219698,2527.766595754526,2527.8375283140026,3128.0814045303923
2026-09-26T00:00:00Z,2528.064702457112,-1654.0782121911404,-1654.0782121911404,-1654.0782121911404,-1400.679852153045,-1400.679852153045,-1400.679852153045,-253.39836003809535,-253.39836003809535,-253.39836003809535,0,0,0,-1945.6631551882867,3564.913088898018,2528.006577647924,2528.086447442128,873.9864902659717
2026-09-27T00:00:00Z,2528.310926660699,-2285.920046422038,-2285.920046422038,-2285.920046422038,-2059.215123749749,-2059.215123749749,-2059.215123749749,-226.70492267228812,-226.70492267228812,-226.70492267228812,0,0,0,-2615.0014720277227,3090.8110550688525,2528.247349287866,2528.3374082372775,242.39088023866088
2026-09-28T00:00:00Z,2528.557150864286,11.086912053063624,11.086912053063624,11.086912053063624,207.10923604373747,207.10923604373747,207.10923604373747,-196.0223239906738,-196.0223239906738,-196.0223239906738,0,0,0,-218.59816133996318,5521.955583221195,2528.487629655867,2528.587251757106,2539.64406291735
2026-09-29T00:00:00Z,2528.8033750678733,626.3560681487517,626.3560681487517,626.3560681487517,788.420741972662,788.420741972662,788.420741972662,-162.06467382391025,-162.06467382391025,-162.06467382391025,0,0,0,503.1201749754896,5991.1471385722625,2528.7284846793623,2528.8402724835632,3155.159443216625
2026-09-30T00:00:00Z,2529.0495992714605,624.9484251137139,624.9484251137139,624.9484251137139,750.5590710465689,750.5590710465689,750.5590710465689,-125.61064593285492,-125.61064593285492,-125.61064593285492,0,0,0,374.3332479720969,5854.004453724518,2528.966617378269,2529.090716146799,3153.998024385174
2026-10-01T00:00:00Z,2529.2958234750477,750.5880919156855,750.5880919156855,750.5880919156855,838.07162277038,838.07162277038,838.07162277038,-87.48353085469446,-87.48353085469446,-87.48353085469446,0,0,0,586.3135091083493,5982.57906238341,2529.204845515732,2529.3451029255025,3279.883915390733
2026-10-02T00:00:00Z,2529.5420476786344,827.2041305689594,827.2041305689594,827.2041305689594,875.734304060559,875.734304060559,875.734304060559,-48.5301734915997,-48.5301734915997,-48.5301734915997,0,0,0,831.2134066802315,6242.207829043967,2529.4436658091327,2529.595227162456,3356.746178247594
2026-10-03T00:00:00Z,2529.7882718822216,-1410.2792242943053,-1410.2792242943053,-1410.2792242943053,-1400.679852145779,-1400.679852145779,-1400.679852145779,-9.599372148526504,-9.599372148526504,-9.599372148526504,0,0,0,-1670.1779139638138,4030.7567809347056,2529.6801846504236,2529.846234748992,1119.5090475879163
2026-10-04T00:00:00Z,2530.0344960858088,-2030.7354555701036,-2030.7354555701036,-2030.7354555701036,-2059.2151237478106,-2059.2151237478106,-2059.2151237478106,28.47966817770703,28.47966817770703,28.47966817770703,0,0,0,-2437.5311939645676,3275.028076974013,2529.917871381008,2530.0964536668935,499.2990405157052
2026-10-05T00:00:00Z,2530.280720289395,272.0274722587582,272.0274722587582,272.0274722587582,207.10923604548555,207.10923604548555,207.10923604548555,64.91823621327259,64.91823621327259,64.91823621327259,0,0,0,-81.42083756544508,5599.131003928947,2530.1531729261965,2530.346085464685,2802.3081925481533
2026-10-06T00:00:00Z,2530.5269444929822,887.4085360940492,887.4085360940492,887.4085360940492,788.4207419728205,788.4207419728205,788.4207419728205,98.98779412122876,98.98779412122876,98.98779412122876,0,0,0,602.2305143970336,6070.966239339917,2530.393602921182,2530.5974570798985,3417.9354805870316
2026-10-07T00:00:00Z,2530.7731686965694,880.5969672325705,880.5969672325705,880.5969672325705,750.5590710466936,750.5590710466936,750.5590710466936,130.03789618587697,130.03789618587697,130.03789618587697,0,0,0,789.5113927039891,6301.102334212572,2530.6345086146175,2530.8478358476846,3411.37013592914
2026-10-08T00:00:00Z,2531.0193929001566,995.5834785087291,995.5834785087291,995.5834785087291,838.0716227710933,838.0716227710933,838.0716227710933,157.51185573763584,157.51185573763584,157.51185573763584,0,0,0,586.0556620980809,6398.767531067465,2530.8760498165857,2531.0979845657403,3526.6028714088857
2026-10-09T00:00:00Z,2531.265617103744,1056.6940373696589,1056.6940373696589,1056.6940373696589,875.7343040651475,875.7343040651475,875.7343040651475,180.95973330451136,180.95973330451136,180.95973330451136,0,0,0,789.3938148935873,6320.4013079158385,2531.108521084539,2531.353781031738,3587.9596544734027
2026-10-10T00:00:00Z,2531.5118413073305,-1200.6315571042053,-1200.6315571042053,-1200.6315571042053,-1400.6798521485061,-1400.6798521485061,-1400.6798521485061,200.04829504430074,200.04829504430074,200.04829504430074,0,0,0,-1312.0518520590958,4146.458022719118,2531.3469337632027,2531.606358025744,1330.8802842031253
2026-10-11T00:00:00Z,2531.7580655109177,-1844.64744700596,-1844.64744700596,-1844.64744700596,-2059.215123748702,-2059.215123748702,-2059.215123748702,214.56767674274147,214.56767674274147,214.56767674274147,0,0,0,-2185.0031025240332,3369.9855901473265,2531.584301541426,2531.8597630367235,687.1106185049578
2026-10-12T00:00:00Z,2532.004289714505,431.543818662316,431.543818662316,431.543818662316,207.10923604622963,207.10923604622963,207.10923604622963,224.43458261608646,224.43458261608646,224.43458261608646,0,0,0,300.7293565514754,5898.050383482587,2531.8237116646224,2532.117072524433,2963.548108376821
2026-10-13T00:00:00Z,2532.250513918092,1018.1126890941302,1018.1126890941302,1018.1126890941302,788.4207419729966,788.4207419729966,788.4207419729966,229.6919471211338,229.6919471211338,229.6919471211338,0,0,0,920.7163133561457,6250.460173935357,2532.0627274696894,2532.367818859195,3550.3632030122226
2026-10-14T00:00:00Z,2532.496738121679,981.0641601567961,981.0641601567961,981.0641601567961,750.5590710470835,750.5590710470835,750.5590710470835,230.50508910971246,230.50508910971246,230.50508910971246,0,0,0,574.7482404227607,6304.19418147369,2532.3003867086595,2532.617706085011,3513.560898278475
2026-10-15T00:00:00Z,2532.742962325266,1065.22611080723,1065.22611080723,1065.22611080723,838.0716227718069,838.0716227718069,838.0716227718069,227.15448803542316,227.15448803542316,227.15448803542316,0,0,0,851.8255779293388,6272.408572354839,2532.5374739943964,2532.872681633877,3597.9690731324963
2026-10-16T00:00:00Z,2532.989186528853,1095.7597126940725,1095.7597126940725,1095.7597126940725,875.7343040637487,875.7343040637487,875.7343040637487,220.02540863032377,220.02540863032377,220.02540863032377,0,0,0,634.4989728798121,6412.294342372828,2532.768573743823,2533.123135282861,3628.7488992229255
2026-10-17T00:00:00Z,2533.2354107324404,-1191.0851614630565,-1191.0851614630565,-1191.0851614630565,-1400.6798521481435,-1400.6798521481435,-1400.6798521481435,209.59469068508704,209.59469068508704,209.59469068508704,0,0,0,-1503.789885608403,4100.0471070581,2533.0000693992647,2533.373901645535,1342.150249269384
2026-10-18T00:00:00Z,2533.4816349360276,-1862.8000220713711,-1862.8000220713711,-1862.8000220713711,-2059.215123746763,-2059.215123746763,-2059.215123746763,196.4151016753921,196.4151016753921,196.4151016753921,0,0,0,-2050.51529030315,3655.7779607262387,2533.228510055579,2533.627842612366,670.6816128646565
2026-10-19T00:00:00Z,2533.7278591396143,388.20695563231453,388.20695563231453,388.20695563231453,207.10923604797782,207.10923604797782,207.10923604797782,181.09771958433672,181.09771958433672,181.09771958433672,0,0,0,195.9048550771065,5535.377637233815,2533.4651861596553,2533.882430168878,2921.934814771929
2026-10-20T00:00:00Z,2533.9740833432015,952.7136113108063,952.7136113108063,952.7136113108063,788.4207419731549,788.4207419731549,788.4207419731549,164.29286933765138,164.29286933765138,164.29286933765138,0,0,0,707.0255891491352,6150.685488447538,2533.699059530783,2534.1405235742945,3486.687694654008
2026-10-21T00:00:00Z,2534.2203075467887,897.2292481779522,897.2292481779522,897.2292481779522,750.5590710472085,750.5590710472085,750.5590710472085,146.67017713074372,146.67017713074372,146.67017713074372,0,0,0,786.5729686480402,6260.582701225563,2533.9341115724387,2534.391603988119,3431.449555724741
2026-10-22T00:00:00Z,2534.466531750376,966.9699541279651,966.9699541279651,966.9699541279651,838.0716227725204,838.0716227725204,838.0716227725204,128.89833135544484,128.89833135544484,128.89833135544484,0,0,0,764.0217564037648,6302.905343343738,2534.166287126516,2534.649086273596,3501.436485878341
2026-10-23T00:00:00Z,2534.7127559539626,987.3594501614764,987.3594501614764,987.3594501614764,875.734304063719,875.734304063719,875.734304063719,111.62514609775724,111.62514609775724,111.62514609775724,0,0,0,833.1633256688366,6454.251182554519,2534.402048140106,2534.898397091362,3522.0722061154393
2026-10-24T00:00:00Z,2534.95898015755,-1305.221339145331,-1305.221339145331,-1305.221339145331,-1400.6798521508701,-1400.6798521508701,-1400.6798521508701,95.45851300553952,95.45851300553952,95.45851300553952,0,0,0,-1523.854402825594,3976.073252187838,2534.632390826671,2535.1541039361455,1229.7376410122188
2026-10-25T00:00:00Z,2535.205204361137,-1978.2663237520903,-1978.2663237520903,-1978.2663237520903,-2059.2151237508974,-2059.2151237508974,-2059.2151237508974,80.94879999880764,80.94879999880764,80.94879999880764,0,0,0,-2095.068174862151,3243.9547500217623,2534.867573995161,2535.4070544224073,556.9388806090467
2026-10-26T00:00:00Z,2535.451428564724,275.68244760706324,275.68244760706324,275.68244760706324,207.10923604972626,207.10923604972626,207.10923604972626,68.57321155733695,68.57321155733695,68.57321155733695,0,0,0,-23.167491710054783,5302.099376743132,2535.0972228934047,2535.659508217901,2811.1338761717875
2026-10-27T00:00:00Z,2535.6976527683114,847.1433084039852,847.1433084039852,847.1433084039852,788.4207419729182,788.4207419729182,788.4207419729182,58.72256643106683,58.72256643106683,58.72256643106683,0,0,0,620.2358781092786,6239.88734549702,2535.3329930255104,2535.9141345048024,3382.8409611722964
2026-10-28T00:00:00Z,2535.943876971898,802.2499472988411,802.2499472988411,802.2499472988411,750.5590710467476,750.5590710467476,750.5590710467476,51.690876252093574,51.690876252093574,51.690876252093574,0,0,0,591.464976370518,6112.787442880601,2535.5700110702874,2536.1649375157585,3338.1938242707392
2026-10-29T00:00:00Z,2536.1901011754853,885.7396475618185,885.7396475618185,885.7396475618185,838.0716227723116,838.0716227723116,838.0716227723116,47.668024789507115,47.668024789507115,47.668024789507115,0,0,0,759.4250636866541,6282.117960214579,2535.808508962495,2536.4179982336873,3421.9297487373037
2026-10-30T00:00:00Z,2536.4363253790725,922.4700589596175,922.4700589596175,922.4700589596175,875.7343040669381,875.7343040669381,875.7343040669381,46.735754892679445,46.735754892679445,46.735754892679445,0,0,0,493.49032338264874,6230.971451772125,2536.0363870393503,2536.674684584461,3458.9063843386903
2026-10-31T00:00:00Z,2536.6825495826597,-1351.8127809248394,-1351.8127809248394,-1351.8127809248394,-1400.6798521535977,-1400.6798521535977,-1400.6798521535977,48.867071228758405,48.867071228758405,48.867071228758405,0,0,0,-1573.5029200382437,4018.6413519418275,2536.2718861973794,2536.9292324751764,1184.8697686578203
2026-11-01T00:00:00Z,2536.9287737862464,-2005.2860591342078,-2005.2860591342078,-2005.2860591342078,-2059.2151237503736,-2059.2151237503736,-2059.2151237503736,53.92906461616638,53.92906461616638,53.92906461616638,0,0,0,-2046.7514759505418,3611.7023563593293,2536.5074106904185,2537.181928495051,531.6427146520386
2026-11-02T00:00:00Z,2537.1749979898336,268.79829714553665,268.79829714553665,268.79829714553665,207.10923605147434,207.10923605147434,207.10923605147434,61.689061094062275,61.689061094062275,61.689061094062275,0,0,0,6.871420619511054,5555.313826572337,2536.743756798979,2537.436126391456,2805.9732951353703
2026-11-03T00:00:00Z,2537.421222193421,860.2446408369005,860.2446408369005,860.2446408369005,788.420741972682,788.420741972682,788.420741972682,71.82389886421855,71.82389886421855,71.82389886421855,0,0,0,484.7853100892167,6234.219953770384,2536.982592930097,2537.6851089039687,3397.6658630303214
2026-11-04T00:00:00Z,2537.6674463970076,834.4911128990493,834.4911128990493,834.4911128990493,750.5590710468728,750.5590710468728,750.5590710468728,83.93204185217657,83.93204185217657,83.93204185217657,0,0,0,486.07125328820337,6101.381995690578,2537.221019373284,2537.937942232409,3372.158559296057
2026-11-05T00:00:00Z,2537.9136706005947,935.6197754269978,935.6197754269978,935.6197754269978,838.0716227702518,838.0716227702518,838.0716227702518,97.54815265674603,97.54815265674603,97.54815265674603,0,0,0,592.5363731154249,6209.908633153209,2537.4586434804537,2538.195291113506,3473.5334460275926
2026-11-06T00:00:00Z,2538.1598948041815,987.8939767188422,987.8939767188422,987.8939767188422,875.7343040669086,875.7343040669086,875.7343040669086,112.15967265193346,112.15967265193346,112.15967265193346,0,0,0,951.7857615562923,6562.104535462423,2537.695372960311,2538.464905817074,3526.0538715230236
2026-11-07T00:00:00Z,2538.4061190077687,-1273.4549569239248,-1273.4549569239248,-1273.4549569239248,-1400.67985215478,-1400.67985215478,-1400.67985215478,127.22489523085507,127.22489523085507,127.22489523085507,0,0,0,-1415.8813638263869,4036.329098073128,2537.928216203019,2538.7254765467937,1264.9511620838439
2026-11-08T00:00:00Z,2538.652343211356,-1917.0231522533277,-1917.0231522533277,-1917.0231522533277,-2059.21512374985,-2059.21512374985,-2059.21512374985,142.19197149652229,142.19197149652229,142.19197149652229,0,0,0,-2128.695527611832,3295.879357661397,2538.1664002373045,2538.9739797527955,621.6291909580282
2026-11-09T00:00:00Z,2538.898567414943,363.62749361453973,363.62749361453973,363.62749361453973,207.1092360522185,207.1092360522185,207.1092360522185,156.5182575623212,156.5182575623212,156.5182575623212,0,0,0,116.61489366472395,5450.113246526317,2538.4010567795085,2539.23639266219,2902.5260610294827
2026-11-10T00:00:00Z,2539.14479161853,958.1101419405161,958.1101419405161,958.1101419405161,788.4207419732528,788.4207419732528,788.4207419732528,169.68939996726323,169.68939996726323,169.68939996726323,0,0,0,467.67853790849335,6398.921728679834,2538.6328316358977,2539.491951847706,3497.2549335590456
2026-11-11T00:00:00Z,2539.391015822117,931.7966320465911,931.7966320465911,931.7966320465911,750.5590710469972,750.5590710469972,750.5590710469972,181.23756099959385,181.23756099959385,181.23756099959385,0,0,0,692.6446568655283,6093.283694922269,2538.8673419292695,2539.7470359806644,3471.187647868708
2026-11-12T00:00:00Z,2539.637240025704,1028.8298316438438,1028.8298316438438,1028.8298316438438,838.0716227709654,838.0716227709654,838.0716227709654,190.75820887287836,190.75820887287836,190.75820887287836,0,0,0,858.6181954726559,6432.413138936976,2539.1095413771536,2539.999703545671,3568.467071669548
2026-11-13T00:00:00Z,2539.8834642292913,1073.659242184334,1073.659242184334,1073.659242184334,875.7343040655098,875.7343040655098,875.7343040655098,197.9249381188243,197.9249381188243,197.9249381188243,0,0,0,890.0532971138376,6270.11916219594,2539.33983574189,2540.2535310995627,3613.5427064136256
2026-11-14T00:00:00Z,2540.129688432878,-1198.1780100175401,-1198.1780100175401,-1198.1780100175401,-1400.6798521559624,-1400.6798521559624,-1400.6798521559624,202.50184213842223,202.50184213842223,202.50184213842223,0,0,0,-1533.6266372731493,3959.2927993449157,2539.5714262949405,2540.5064466082345,1341.951678415338
2026-11-15T00:00:00Z,2540.3759126364653,-1854.8620927415157,-1854.8620927415157,-1854.8620927415157,-2059.215123747911,-2059.215123747911,-2059.215123747911,204.35303100639564,204.35303100639564,204.35303100639564,0,0,0,-2137.3360760326145,3589.807233276712,2539.8055685475983,2540.7600732949277,685.5138198949496
2026-11-16T00:00:00Z,2540.6221368400525,410.5582073748003,410.5582073748003,410.5582073748003,207.10923604660155,207.10923604660155,207.10923604660155,203.44897132819884,203.44897132819884,203.44897132819884,0,0,0,338.8616446745875,5670.979589168804,2540.0402369344233,2541.016597010016,2951.180344214853
2026-11-17T00:00:00Z,2540.8683610436397,988.2901607848395,988.2901607848395,988.2901607848395,788.4207419734112,788.4207419734112,788.4207419734112,199.86941881142823,199.86941881142823,199.86941881142823,0,0,0,775.2388251559038,6234.647077758627,2540.274905321248,2541.2794715834593,3529.158521828479
2026-11-18T00:00:00Z,2541.1145852472264,944.3618865712687,944.3618865712687,944.3618865712687,750.5590710465368,750.5590710465368,750.5590710465368,193.8028155247318,193.8028155247318,193.8028155247318,0,0,0,707.5551098988409,6416.400131475027,2540.5106341429905,2541.542794258366,3485.476471818495
2026-11-19T00:00:00Z,2541.3608094508136,1023.6137524149451,1023.6137524149451,1023.6137524149451,838.0716227716787,838.0716227716787,838.0716227716787,185.54212964326615,185.54212964326615,185.54212964326615,0,0,0,925.2651477607058,6345.826057667227,2540.742098997916,2541.8048409380353,3564.974561865759
2026-11-20T00:00:00Z,2541.6070336544008,1051.2115267946444,1051.2115267946444,1051.2115267946444,875.7343040641108,875.7343040641108,875.7343040641108,175.47722273053367,175.47722273053367,175.47722273053367,0,0,0,826.4632569316667,6547.512480707642,2540.9725208774744,2542.0634632375354,3592.8185604490454
2026-11-21T00:00:00Z,2541.853257857988,-1236.5959169995133,-1236.5959169995133,-1236.5959169995133,-1400.6798521486965,-1400.6798521486965,-1400.6798521486965,164.0839351491828,164.0839351491828,164.0839351491828,0,0,0,-1576.8421667595042,4103.359505100756,2541.2034394503744,2542.319535330329,1305.2573408584747
2026-11-22T00:00:00Z,2542.099482061575,-1907.3049428400416,-1907.3049428400416,-1907.3049428400416,-2059.2151237459734,-2059.2151237459734,-2059.2151237459734,151.9101809059316,151.9101809059316,151.9101809059316,0,0,0,-2137.764960735173,3404.854517980849,2541.4280630368667,2542.5782216009716,634.7945392215336
2026-11-23T00:00:00Z,2542.345706265162,346.66867219879265,346.66867219879265,346.66867219879265,207.10923604734575,207.10923604734575,207.10923604734575,139.55943615144702,139.55943615144702,139.55943615144702,0,0,0,174.3829404224738,5732.674487287249,2541.6526866233585,2542.8353038429295,2889.0143784639545
2026-11-24T00:00:00Z,2542.591930468749,916.0928298565622,916.0928298565622,916.0928298565622,788.4207419731746,788.4207419731746,788.4207419731746,127.67208788338766,127.67208788338766,127.67208788338766,0,0,0,516.2877495067604,6108.505055294163,2541.87731020985,2543.0944042698234,3458.6847603253113
2026-11-25T00:00:00Z,2542.8381546723363,867.4642497168618,867.4642497168618,867.4642497168618,750.5590710466614,750.5590710466614,750.5590710466614,116.90517867020046,116.90517867020046,116.90517867020046,0,0,0,863.9658477710382,6085.6327043911315,2542.1019337963417,2543.353886194138,3410.3024043891983
2026-11-26T00:00:00Z,2543.0843788759234,945.982760085396,945.982760085396,945.982760085396,838.0716227686969,838.0716227686969,838.0716227686969,107.91113731669903,107.91113731669903,107.91113731669903,0,0,0,752.4695268578391,6148.973846462955,2542.3278178570467,2543.615398093506,3489.0671389613194
2026-11-27T00:00:00Z,2543.3306030795106,977.0504266831249,977.0504266831249,977.0504266831249,875.7343040627121,875.7343040627121,875.7343040627121,101.31612262041277,101.31612262041277,101.31612262041277,0,0,0,647.1877670652639,6279.674297795698,2542.556914329404,2543.8691116573546,3520.3810297626355
2026-11-28T00:00:00Z,2543.5768272830974,-1302.9812255968377,-1302.9812255968377,-1302.9812255968377,-1400.6798521514236,-1400.6798521514236,-1400.6798521514236,97.69862655458581,97.69862655458581,97.69862655458581,0,0,0,-1459.129309794569,3907.487060262749,2542.787344506767,2544.129138521504,1240.5956016862597
2026-11-29T00:00:00Z,2543.8230514866846,-1961.6461401180093,-1961.6461401180093,-1961.6461401180093,-2059.2151237468643,-2059.2151237468643,-2059.2151237468643,97.56898362885482,97.56898362885482,97.56898362885482,0,0,0,-2179.541641380572,3273.272228088619,2543.022361191162,2544.390083159344,582.1769113686753
2026-11-30T00:00:00Z,2544.0692756902718,308.45965076403354,308.45965076403354,308.45965076403354,207.10923604909382,207.10923604909382,207.10923604909382,101.35041471493963,101.35041471493963,101.35041471493963,0,0,0,109.82066084316175,5479.611736654421,2543.2500229900543,2544.6611788026025,2852.5289264543053
2026-12-01T00:00:00Z,2544.315499893859,897.7829386218588,897.7829386218588,897.7829386218588,788.4207419729382,788.4207419729382,788.4207419729382,109.36219664892067,109.36219664892067,109.36219664892067,0,0,0,545.2442546486965,6286.0514896953355,2543.4809058511546,2544.92250934275,3442.0984385157176
2026-12-02T00:00:00Z,2544.561724097446,872.36456544311,872.36456544311,872.36456544311,750.5590710470511,750.5590710470511,750.5590710470511,121.80549439605875,121.80549439605875,121.80549439605875,0,0,0,605.7062776636233,6116.114354583205,2543.706863739595,2545.1780407894717,3416.9262895405564
2026-12-03T00:00:00Z,2544.807948301033,976.8239446861119,976.8239446861119,976.8239446861119,838.0716227703329,838.0716227703329,838.0716227703329,138.75232191577896,138.75232191577896,138.75232191577896,0,0,0,764.6947239875576,6269.117201088458,2543.940935194834,2545.4421910398623,3521.631892987145
2026-12-04T00:00:00Z,2545.05417250462,1035.8723171017207,1035.8723171017207,1035.8723171017207,875.7343040626828,875.7343040626828,875.7343040626828,160.1380130390381,160.1380130390381,160.1380130390381,0,0,0,852.487226172437,6380.849441704201,2544.1747030026727,2545.7059529594576,3580.9264896063405
2026-12-05T00:00:00Z,2545.300396708207,-1214.9223651623024,-1214.9223651623024,-1214.9223651623024,-1400.6798521510611,-1400.6798521510611,-1400.6798521510611,185.75748698875884,185.75748698875884,185.75748698875884,0,0,0,-1630.4471804159205,3988.1645704623443,2544.4110530745997,2545.980813094745,1330.3780315459044
2026-12-06T00:00:00Z,2545.5466209117935,-1843.9496363875892,-1843.9496363875892,-1843.9496363875892,-2059.2151237449257,-2059.2151237449257,-2059.2151237449257,215.26548735733638,215.26548735733638,215.26548735733638,0,0,0,-2222.2888681600907,3187.8589670521874,2544.6474371751283,2546.235458726285,701.5969845242043
2026-12-07T00:00:00Z,2545.7928451153807,455.2900974006125,455.2900974006125,455.2900974006125,207.10923604247284,207.10923604247284,207.10923604247284,248.18086135813982,248.18086135813982,248.18086135813982,0,0,0,211.9944726057415,5913.130104694531,2544.8777362875294,2546.5068071640108,3001.082942515993
2026-12-08T00:00:00Z,2546.039069318968,1072.3155731552752,1072.3155731552752,1072.3155731552752,788.4207419727018,788.4207419727018,788.4207419727018,283.8948311825737,283.8948311825737,283.8948311825737,0,0,0,839.1405464270592,6397.034386666231,2545.1043306775364,2546.765156089063,3618.354642474243
2026-12-09T00:00:00Z,2546.285293522555,1072.2421656242325,1072.2421656242325,1072.2421656242325,750.5590710468833,750.5590710468833,750.5590710468833,321.68309457734887,321.68309457734887,321.68309457734887,0,0,0,827.8495407674525,6299.093437000253,2545.3326834621166,2547.024822010913,3618.527459146788
2026-12-10T00:00:00Z,2546.5315177261423,1198.7931033807986,1198.7931033807986,1198.7931033807986,838.0716227701239,838.0716227701239,838.0716227701239,360.7214806106745,360.7214806106745,360.7214806106745,0,0,0,1168.9726659973528,6640.625527105964,2545.564155923412,2547.2883961946177,3745.324621106941
2026-12-11T00:00:00Z,2546.777741929729,1275.8390862695426,1275.8390862695426,1275.8390862695426,875.7343040612839,875.7343040612839,875.7343040612839,400.1047822082586,400.1047822082586,400.1047822082586,0,0,0,1141.3845190497357,6481.587771359103,2545.7993690288677,2547.5522863966253,3822.6168281992714
2026-12-12T00:00:00Z,2547.023966133316,-961.8115597060255,-961.8115597060255,-961.8115597060255,-1400.6798521537883,-1400.6798521537883,-1400.6798521537883,438.8682924477627,438.8682924477627,438.8682924477627,0,0,0,-1246.8439483116572,4261.360421102049,2546.022318141375,2547.816094935308,1585.2124064272907
2026-12-13T00:00:00Z,2547.2701903369034,-1583.2036341888295,-1583.2036341888295,-1583.2036341888295,-2059.2151237490602,-2059.2151237490602,-2059.2151237490602,476.01148956023053,476.01148956023053,476.01148956023053,0,0,0,-1646.3691658444352,3806.6915005137084,2546.242325990312,2548.082418654357,964.0665561480739
2026-12-14T00:00:00Z,2547.5164145404906,717.6324845616774,717.6324845616774,717.6324845616774,207.10923604422103,207.10923604422103,207.10923604422103,510.52324851745647,510.52324851745647,510.52324851745647,0,0,0,588.1624477533888,6015.9747090750025,2546.466393023551,2548.346048664266,3265.148899102168
2026-12-15T00:00:00Z,2547.7626387440773,1329.8286489723787,1329.8286489723787,1329.8286489723787,788.42074197286,788.42074197286,788.42074197286,541.4079069995184,541.4079069995184,541.4079069995184,0,0,0,1170.4553775338095,6717.73583173386,2546.697127136593,2548.6073125392986,3877.591287716456
2026-12-16T00:00:00Z,2548.0088629476645,1318.2705529953566,1318.2705529953566,1318.2705529953566,750.5590710467156,750.5590710467156,750.5590710467156,567.7114819486412,567.7114819486412,567.7114819486412,0,0,0,1107.938507061538,6634.848074269825,2546.9299377513885,2548.871068051944,3866.2794159430214
2026-12-17T00:00:00Z,2548.2550871512517,1426.6189436359898,1426.6189436359898,1426.6189436359898,838.0716227699148,838.0716227699148,838.0716227699148,588.547320866075,588.547320866075,588.547320866075,0,0,0,1142.0973638953947,6589.927483936689,2547.1582754607125,2549.133965380217,3974.8740307872413
2026-12-18T00:00:00Z,2548.501311354839,1478.8547839943906,1478.8547839943906,1478.8547839943906,875.734304065872,875.734304065872,875.734304065872,603.1204799285184,603.1204799285184,603.1204799285184,0,0,0,1273.9992186773088,6882.880990700953,2547.383865590175,2549.3967963354135,4027.3560953492297
2026-12-19T00:00:00Z,2548.747535558426,-789.929703336248,-789.929703336248,-789.929703336248,-1400.6798521549704,-1400.6798521549704,-1400.6798521549704,610.7501488187226,610.7501488187226,610.7501488187226,0,0,0,-1071.8789263727404,4548.424581855887,2547.613463158478,2549.6596272906104,1758.817832222178
2026-12-20T00:00:00Z,2548.993759762013,-1448.3256345559753,-1448.3256345559753,-1448.3256345559753,-2059.2151237485364,-2059.2151237485364,-2059.2151237485364,610.889489192561,610.889489192561,610.889489192561,0,0,0,-1646.0338795579783,3712.0924841015294,2547.8548867487248,2549.9224582458064,1100.6681252060375
2026-12-21T00:00:00Z,2549.2399839656,810.2515547844289,810.2515547844289,810.2515547844289,207.109236044965,207.109236044965,207.109236044965,603.1423187394639,603.1423187394639,603.1423187394639,0,0,0,480.07355627815474,6083.524912319619,2548.0933592917927,2550.187837462946,3359.4915387500287
2026-12-22T00:00:00Z,2549.486208169187,1375.6968960835554,1375.6968960835554,1375.6968960835554,788.4207419722287,788.4207419722287,788.4207419722287,587.2761541113266,587.2761541113266,587.2761541113266,0,0,0,1108.6254348781326,6782.6908083979815,2548.326064650992,2550.4543578513094,3925.183104252743
2026-12-23T00:00:00Z,2549.7324323727744,1313.79029243567,1313.79029243567,1313.79029243567,750.5590710468404,750.5590710468404,750.5590710468404,563.2312213888297,563.2312213888297,563.2312213888297,0,0,0,1222.0531383900907,6796.09027937148,2548.559223907118,2550.718389774313,3863.5227248084443
2026-12-24T00:00:00Z,2549.978656576361,1369.196772408027,1369.196772408027,1369.196772408027,838.071622771551,838.071622771551,838.071622771551,531.1251496364762,531.1251496364762,531.1251496364762,0,0,0,1270.1279732365813,6729.21227839955,2548.792482920178,2550.9733923548265,3919.1754289843884
2026-12-25T00:00:00Z,2550.2248807799483,1366.9874825864702,1366.9874825864702,1366.9874825864702,875.7343040644736,875.7343040644736,875.7343040644736,491.2531785219967,491.2531785219967,491.2531785219967,0,0,0,1214.2071525874676,6622.657241763076,2549.0257419332393,2551.235551843598,3917.2123633664187
2026-12-26T00:00:00Z,2550.4711049835355,-956.5960203877445,-956.5960203877445,-956.5960203877445,-1400.679852156153,-1400.679852156153,-1400.679852156153,444.08383176840846,444.08383176840846,444.08383176840846,0,0,0,-1248.649683080185,4380.406135384311,2549.2605670574167,2551.495622137841,1593.8750845957911
2026-12-27T00:00:00Z,2550.7173291871227,-1668.9649927483254,-1668.9649927483254,-1668.9649927483254,-2059.2151237480125,-2059.2151237480125,-2059.2151237480125,390.25013099968726,390.25013099968726,390.25013099968726,0,0,0,-1909.521527695223,3554.7550417392654,2549.4929180796794,2551.752506950671,881.7523364387973
2026-12-28T00:00:00Z,2550.96355339071,537.6457819858423,537.6457819858423,537.6457819858423,207.10923604570917,207.10923604570917,207.10923604570917,330.53654594013307,330.53654594013307,330.53654594013307,0,0,0,413.37036467706105,5946.036231282944,2549.725518972421,2552.011588871164,3088.6093353765523
2026-12-29T00:00:00Z,2551.2097775942966,1054.2827355018876,1054.2827355018876,1054.2827355018876,788.4207419731945,788.4207419731945,788.4207419731945,265.86199352869323,265.86199352869323,265.86199352869323,0,0,0,762.7341173728665,6408.135249925523,2549.9587779854814,2552.2651921717597,3605.492513096184
2026-12-30T00:00:00Z,2551.456001797884,947.8183780971177,947.8183780971177,947.8183780971177,750.5590710472304,750.5590710472304,750.5590710472304,197.25930704988735,197.25930704988735,197.25930704988735,0,0,0,650.3989660888321,6028.330238232146,2550.1920369985423,2552.5292516124455,3499.2743798950014
2026-12-31T00:00:00Z,2551.702226001471,963.9233166023985,963.9233166023985,963.9233166023985,838.0716227713419,838.0716227713419,838.0716227713419,125.85169383105651,125.85169383105651,125.85169383105651,0,0,0,600.0577951135784,6353.074025927665,2550.41159865428,2552.7956227721925,3515.6255426038697
2027-01-01T00:00:00Z,2551.948450205058,928.56108771373,928.56108771373,928.56108771373,875.7343040644438,875.7343040644438,875.7343040644438,52.82678364928618,52.82678364928618,52.82678364928618,0,0,0,515.3310430082381,6267.334935540991,2550.6458264088847,2553.0682597127216,3480.5095379187883
2027-01-02T00:00:00Z,2552.194674408645,-1421.270914777958,-1421.270914777958,-1421.270914777958,-1400.6798521573348,-1400.6798521573348,-1400.6798521573348,-20.59106262062275,-20.59106262062275,-20.59106262062275,0,0,0,-1510.535980732268,3823.611783356838,2550.888879874007,2553.32359709106,1130.9237596306868
2027-01-03T00:00:00Z,2552.440898612232,-2152.384589063103,-2152.384589063103,-2152.384589063103,-2059.2151237507323,-2059.2151237507323,-2059.2151237507323,-93.16946531237033,-93.16946531237033,-93.16946531237033,0,0,0,-2353.633511663,3205.0452101365513,2551.1105476299563,2553.578748054513,400.0563095491293
2027-01-04T00:00:00Z,2552.6871228158193,43.412225360000754,43.412225360000754,43.412225360000754,207.1092360484615,207.1092360484615,207.1092360484615,-163.69701068846078,-163.69701068846078,-163.69701068846078,0,0,0,66.75511769824843,5381.847171741157,2551.3408174344404,2553.840332004712,2596.09934817582
2027-01-05T00:00:00Z,2552.933347019406,557.4089917865688,557.4089917865688,557.4089917865688,788.420741972958,788.420741972958,788.420741972958,-231.0117501863892,-231.0117501863892,-231.0117501863892,0,0,0,277.69143358896895,5849.547775850563,2551.5650428940103,2554.0999647140425,3110.3423388059746
2027-01-06T00:00:00Z,2553.179571222993,456.53060339618963,456.53060339618963,456.53060339618963,750.5590710470624,750.5590710470624,750.5590710470624,-294.02846765087287,-294.02846765087287,-294.02846765087287,0,0,0,373.43431510285774,5646.440490005152,2551.7946498109923,2554.3503644879834,3009.710174619183
2027-01-07T00:00:00Z,2553.42579542658,486.30762299626593,486.30762299626593,486.30762299626593,838.0716227720555,838.0716227720555,838.0716227720555,-351.76399977578944,-351.76399977578944,-351.76399977578944,0,0,0,299.34318331126406,5643.4555628677435,2552.025637096856,2554.604343761037,3039.7334184228457
2027-01-08T00:00:00Z,2553.672019630167,472.37435777209373,472.37435777209373,472.37435777209373,875.7343040616757,875.7343040616757,875.7343040616757,-403.3599462895821,-403.3599462895821,-403.3599462895821,0,0,0,334.4010654728612,5833.886442603042,2552.2501073991334,2554.8607253986193,3026.046377402261
2027-01-09T00:00:00Z,2553.9182438337543,-1848.7820280653789,-1848.7820280653789,-1848.7820280653789,-1400.6798521516139,-1400.6798521516139,-1400.6798521516139,-448.10217591376454,-448.10217591376454,-448.10217591376454,0,0,0,-2267.121994173405,3377.482882856519,2552.461580007161,2555.1213569865995,705.1362157683755
2027-01-10T00:00:00Z,2554.164468037341,-2544.651743601113,-2544.651743601113,-2544.651743601113,-2059.215123751623,-2059.215123751623,-2059.215123751623,-485.43661984949,-485.43661984949,-485.43661984949,0,0,0,-2607.605820091258,2657.225308706074,2552.674585313967,2555.3848647365744,9.512724436227927
2027-01-11T00:00:00Z,2554.4106922409283,-307.8717081479579,-307.8717081479579,-307.8717081479579,207.10923604920558,207.10923604920558,207.10923604920558,-514.9809441971636,-514.9809441971636,-514.9809441971636,0,0,0,-609.1380370974765,4836.226506586263,2552.899363007179,2555.6453969643217,2246.53898409297
2027-01-12T00:00:00Z,2554.6569164445154,251.8889384838675,251.8889384838675,251.8889384838675,788.4207419727215,788.4207419727215,788.4207419727215,-536.5318034888539,-536.5318034888539,-536.5318034888539,0,0,0,23.4617535340115,5386.594588616146,2553.123297067043,2555.904505357611,2806.545854928383
2027-01-13T00:00:00Z,2554.9031406481026,200.49157465007553,200.49157465007553,200.49157465007553,750.5590710468945,750.5590710468945,750.5590710468945,-550.0674963968188,-550.0674963968188,-550.0674963968188,0,0,0,52.88572468525358,5597.977370261934,2553.335648430787,2556.1664614198176,2755.394715298178
2027-01-14T00:00:00Z,2555.14936485169,282.3256544102014,282.3256544102014,282.3256544102014,838.0716227690735,838.0716227690735,838.0716227690735,-555.7459683588721,-555.7459683588721,-555.7459683588721,0,0,0,-82.68399928837479,5568.255107471127,2553.558337910552,2556.4280648352296,2837.4750192618912
2027-01-15T00:00:00Z,2555.3955890552766,321.83607312691623,321.83607312691623,321.83607312691623,875.7343040616463,875.7343040616463,875.7343040616463,-553.89823093473,-553.89823093473,-553.89823093473,0,0,0,-162.4063551365838,5650.792526792768,2553.77846194666,2556.6985635283886,2877.231662182193
2027-01-16T00:00:00Z,2555.6418132588637,-1945.6972428677489,-1945.6972428677489,-1945.6972428677489,-1400.6798521527965,-1400.6798521527965,-1400.6798521527965,-545.0173907149525,-545.0173907149525,-545.0173907149525,0,0,0,-1867.3118772045682,3489.939078574181,2554.005205409731,2556.9464937893936,609.9445703911149
2027-01-17T00:00:00Z,2555.888037462451,-2588.958721904422,-2588.958721904422,-2588.958721904422,-2059.2151237496846,-2059.2151237496846,-2059.2151237496846,-529.7435981547372,-529.7435981547372,-529.7435981547372,0,0,0,-2852.2169847584705,2685.3816630878073,2554.2326731204894,2557.206605145242,-33.070684441971025
2027-01-18T00:00:00Z,2556.134261666038,-301.7360995139902,-301.7360995139902,-301.7360995139902,207.10923605095377,207.10923605095377,207.10923605095377,-508.8453355649441,-508.8453355649441,-508.8453355649441,0,0,0,-562.3760810542775,5044.099038036132,2554.460182834043,2557.471480324577,2254.398162152048
2027-01-19T00:00:00Z,2556.380485869625,305.2231813081407,305.2231813081407,305.2231813081407,788.420741972485,788.420741972485,788.420741972485,-483.1975606643442,-483.1975606643442,-483.1975606643442,0,0,0,-25.406740314198693,5623.20119479254,2554.679176606312,2557.736355503911,2861.6036671777656
2027-01-20T00:00:00Z,2556.626710073212,296.80176611972735,296.80176611972735,296.80176611972735,750.5590710470193,750.5590710470193,750.5590710470193,-453.75730492729184,-453.75730492729184,-453.75730492729184,0,0,0,-105.61632690460937,5620.620923604585,2554.9063164603444,2557.997498148979,2853.4284761929393
2027-01-21T00:00:00Z,2556.8729342767992,416.5342305831412,416.5342305831412,416.5342305831412,838.0716227707094,838.0716227707094,838.0716227707094,-421.5373921875681,-421.5373921875681,-421.5373921875681,0,0,0,151.75824332643987,5798.357232818908,2555.1371635689898,2558.2570373689623,2973.4071648599406
2027-01-22T00:00:00Z,2557.1191584803864,488.1553132686821,488.1553132686821,488.1553132686821,875.7343040616167,875.7343040616167,875.7343040616167,-387.57899079293463,-387.57899079293463,-387.57899079293463,0,0,0,231.82113870219425,5881.881600185841,2555.3663943839188,2558.516576588946,3045.2744717490687
2027-01-23T00:00:00Z,2557.3653826839736,-1753.6035929300638,-1753.6035929300638,-1753.6035929300638,-1400.679852153979,-1400.679852153979,-1400.679852153979,-352.92374077608486,-352.92374077608486,-352.92374077608486,0,0,0,-1914.6743325037621,3441.5334561838736,2555.5939244628053,2558.776078986649,803.7617897539099
2027-01-24T00:00:00Z,2557.6116068875604,-2377.8013290360404,-2377.8013290360404,-2377.8013290360404,-2059.215123749161,-2059.215123749161,-2059.215123749161,-318.58620528687914,-318.58620528687914,-318.58620528687914,0,0,0,-2591.9820284289112,3061.854851631401,2555.821454541692,2559.0353616202037,179.8102778515199
2027-01-25T00:00:00Z,2557.8578310911475,-78.41814672868101,-78.41814672868101,-78.41814672868101,207.10923604433265,207.10923604433265,207.10923604433265,-285.5273827730137,-285.5273827730137,-285.5273827730137,0,0,0,-217.04076716802464,5392.941003665688,2556.048984620579,2559.305131827275,2479.4396843624663
2027-01-26T00:00:00Z,2558.1040552947347,533.7907584579262,533.7907584579262,533.7907584579262,788.4207419734508,788.4207419734508,788.4207419734508,-254.62998351552469,-254.62998351552469,-254.62998351552469,0,0,0,519.6860054089574,5845.015816225393,2556.276514699465,2559.5780578388917,3091.894813752661
2027-01-27T00:00:00Z,2558.350279498322,523.8829489422561,523.8829489422561,523.8829489422561,750.5590710465588,750.5590710465588,750.5590710465588,-226.67612210430266,-226.67612210430266,-226.67612210430266,0,0,0,484.4823034629537,5639.572432744588,2556.5040447783517,2559.836986189966,3082.233228440578
2027-01-28T00:00:00Z,2558.5965037019087,635.74361497715,635.74361497715,635.74361497715,838.0716227705004,838.0716227705004,838.0716227705004,-202.3280077933505,-202.3280077933505,-202.3280077933505,0,0,0,337.6968651635847,6013.6208385457685,2556.733191767716,2560.1075530662165,3194.340118679059
2027-01-29T00:00:00Z,2558.842727905496,693.6221746681862,693.6221746681862,693.6221746681862,875.7343040588486,875.7343040588486,875.7343040588486,-182.11212939066235,-182.11212939066235,-182.11212939066235,0,0,0,329.60210839165296,5940.448049906502,2556.9647067431397,2560.3764429218563,3252.464902573682
2027-01-30T00:00:00Z,2559.088952109083,-1567.0871850036626,-1567.0871850036626,-1567.0871850036626,-1400.6798521467126,-1400.6798521467126,-1400.6798521467126,-166.4073328569498,-166.4073328569498,-166.4073328569498,0,0,0,-1630.8996013599024,3888.9749495875812,2557.2087256091177,2560.641022895913,992.0017671054204
2027-01-31T00:00:00Z,2559.3351763126702,-2214.652204632486,-2214.652204632486,-2214.652204632486,-2059.215123748638,-2059.215123748638,-2059.215123748638,-155.43708088384847,-155.43708088384847,-155.43708088384847,0,0,0,-2480.7199292869063,3007.53542891288,2557.4424060984384,2560.903425200208,344.68297168018444
2027-02-01T00:00:00Z,2559.5814005162574,57.84316857701094,57.84316857701094,57.84316857701094,207.1092360460811,207.1092360460811,207.1092360460811,-149.26606746907012,-149.26606746907012,-149.26606746907012,0,0,0,-56.36540251180503,5362.212252200406,2557.682350322628,2561.165460946818,2617.4245690932685
2027-02-02T00:00:00Z,2559.827624719844,640.6195018106404,640.6195018106404,640.6195018106404,788.4207419736092,788.4207419736092,788.4207419736092,-147.8012401629689,-147.8012401629689,-147.8012401629689,0,0,0,544.187879850552,6094.180593871148,2557.923628146534,2561.4257210436,3200.4471265304846
2027-02-03T00:00:00Z,2560.0738489234313,599.76190946195,599.76190946195,599.76190946195,750.5590710466834,750.5590710466834,750.5590710466834,-150.79716158473335,-150.79716158473335,-150.79716158473335,0,0,0,397.47038127923037,6016.107380053838,2558.150734473439,2561.6907685766964,3159.8357583853813
2027-02-04T00:00:00Z,2560.320073127018,680.2060994058403,680.2060994058403,680.2060994058403,838.071622771214,838.071622771214,838.071622771214,-157.86552336537352,-157.86552336537352,-157.86552336537352,0,0,0,294.0673071461285,6076.567768837299,2558.3718260564265,2561.9548503487486,3240.5261725328583
2027-02-05T00:00:00Z,2560.5662973306053,707.2457909195422,707.2457909195422,707.2457909195422,875.7343040648062,875.7343040648062,875.7343040648062,-168.488513145264,-168.488513145264,-168.488513145264,0,0,0,518.6242633461434,5981.452642389985,2558.5938575945775,2562.2269328537723,3267.8120882501476
2027-02-06T00:00:00Z,2560.812521534192,-1582.7154838759159,-1582.7154838759159,-1582.7154838759159,-1400.67985214944,-1400.67985214944,-1400.67985214944,-182.03563172647594,-182.03563172647594,-182.03563172647594,0,0,0,-1749.105532335842,3783.2119736429436,2558.82385697178,2562.4965673266015,978.0970376582761
2027-02-07T00:00:00Z,2561.058745737779,-2256.9985895400255,-2256.9985895400255,-2256.9985895400255,-2059.215123748114,-2059.215123748114,-2059.215123748114,-197.7834657919121,-197.7834657919121,-197.7834657919121,0,0,0,-2325.3586086401506,3034.288119244988,2559.043989182662,2562.7600252193906,304.0601561977537
2027-02-08T00:00:00Z,2561.3049699413664,-7.8286081767406515,-7.8286081767406515,-7.8286081767406515,207.10923604682503,207.10923604682503,207.10923604682503,-214.93784422356572,-214.93784422356572,-214.93784422356572,0,0,0,-84.90628662099935,5438.838460506556,2559.2577616767026,2563.018078679945,2553.476361764626
2027-02-09T00:00:00Z,2561.5511941449536,555.7629969130071,555.7629969130071,555.7629969130071,788.4207419729779,788.4207419729779,788.4207419729779,-232.65774505997075,-232.65774505997075,-232.65774505997075,0,0,0,439.71857986561105,5915.3022832882125,2559.4957768832724,2563.2767999579664,3117.3141910579607
2027-02-10T00:00:00Z,2561.7974183485408,500.47879393053904,500.47879393053904,500.47879393053904,750.5590710470731,750.5590710470731,750.5590710470731,-250.08027711653423,-250.08027711653423,-250.08027711653423,0,0,0,290.8058621981677,5680.214202598935,2559.742360462621,2563.5397428664382,3062.27621227908
2027-02-11T00:00:00Z,2562.0436425521275,571.7255864345448,571.7255864345448,571.7255864345448,838.0716227719273,838.0716227719273,838.0716227719273,-266.3460363373826,-266.3460363373826,-266.3460363373826,0,0,0,478.684419647657,5884.337393318421,2559.9735564423313,2563.8026857749096,3133.7692289866723
2027-02-12T00:00:00Z,2562.2898667557147,595.1101714638144,595.1101714638144,595.1101714638144,875.7343040634073,875.7343040634073,875.7343040634073,-280.62413259959317,-280.62413259959317,-280.62413259959317,0,0,0,303.6496597751914,5905.4620344020595,2560.1814927679634,2564.065628683381,3157.400038219529
2027-02-13T00:00:00Z,2562.536090959302,-1692.8160500866045,-1692.8160500866045,-1692.8160500866045,-1400.6798521575256,-1400.6798521575256,-1400.6798521575256,-292.1361979290792,-292.1361979290792,-292.1361979290792,0,0,0,-1856.5541544931575,3572.2683209818797,2560.385743686743,2564.3295220320238,869.7200408726974
2027-02-14T00:00:00Z,2562.782315162889,-2359.3938451045738,-2359.3938451045738,-2359.3938451045738,-2059.215123746175,-2059.215123746175,-2059.215123746175,-300.1787213583987,-300.1787213583987,-300.1787213583987,0,0,0,-2421.0850200147925,2840.7720266141255,2560.6097560051476,2564.5930399273993,203.3884700583153
2027-02-15T00:00:00Z,2563.028539366476,-97.03387181911405,-97.03387181911405,-97.03387181911405,207.1092360412081,207.1092360412081,207.1092360412081,-304.1431078603221,-304.1431078603221,-304.1431078603221,0,0,0,-271.1750673754084,5240.058903203737,2560.8367662865776,2564.856557822775,2465.9946675473616
2027-02-16T00:00:00Z,2563.274763570063,484.8878146375948,484.8878146375948,484.8878146375948,788.4207419731363,788.4207419731363,788.4207419731363,-303.5329273355414,-303.5329273355414,-303.5329273355414,0,0,0,346.10844132346676,6095.994816446437,2561.0665061458403,2565.1226455282986,3048.1625782076576
2027-02-17T00:00:00Z,2563.52098777365,452.5811685660804,452.5811685660804,452.5811685660804,750.5590710469052,750.5590710469052,750.5590710469052,-297.9779024808249,-297.9779024808249,-297.9779024808249,0,0,0,351.9423145128943,5674.0095935127165,2561.296534763443,2565.3837993695624,3016.1021563397308
2027-02-18T00:00:00Z,2563.7672119772374,550.8273436935228,550.8273436935228,550.8273436935228,838.0716227698679,838.0716227698679,838.0716227698679,-287.2442790763451,-287.2442790763451,-287.2442790763451,0,0,0,302.9267013278948,5907.258963452557,2561.526563381046,2565.6499226736937,3114.59455567076
2027-02-19T00:00:00Z,2564.013436180824,604.492977994944,604.492977994944,604.492977994944,875.734304063378,875.734304063378,875.734304063378,-271.2413260684339,-271.2413260684339,-271.2413260684339,0,0,0,541.5914721314714,6029.306571963723,2561.7515825295413,2565.9056737380347,3168.506414175768
2027-02-20T00:00:00Z,2564.2596603844113,-1650.70367494307,-1650.70367494307,-1650.70367494307,-1400.6798521518047,-1400.6798521518047,-1400.6798521518047,-250.0238227912654,-250.0238227912654,-250.0238227912654,0,0,0,-1772.1444860395702,3652.5163183385566,2561.982624309466,2566.162988200611,913.5559854413414
2027-02-21T00:00:00Z,2564.5058845879985,-2283.005627380968,-2283.005627380968,-2283.005627380968,-2059.2151237503094,-2059.2151237503094,-2059.2151237503094,-223.79050363065858,-223.79050363065858,-223.79050363065858,0,0,0,-2428.5671359926328,2937.107789751197,2562.2121763264095,2566.42615952272,281.5002572070307
2027-02-22T00:00:00Z,2564.7521087915857,14.230692856870052,14.230692856870052,14.230692856870052,207.10923605032144,207.10923605032144,207.10923605032144,-192.87854319345143,-192.87854319345143,-192.87854319345143,0,0,0,-329.7867152232595,5388.319738332154,2562.4308982952825,2566.6881310760523,2578.9828016484557
2027-02-23T00:00:00Z,2564.9983329951724,630.6664675541928,630.6664675541928,630.6664675541928,788.4207419728997,788.4207419728997,788.4207419728997,-157.75427441870698,-157.75427441870698,-157.75427441870698,0,0,0,625.7433061716064,5976.530582395161,2562.649620264156,2566.9480959887333,3195.6648005493653
2027-02-24T00:00:00Z,2565.2445571987596,631.5586360310671,631.5586360310671,631.5586360310671,750.5590710467375,750.5590710467375,750.5590710467375,-119.0004350156704,-119.0004350156704,-119.0004350156704,0,0,0,419.0262942820379,5859.897993586743,2562.8690657687166,2567.200971085157,3196.803193229827
2027-02-25T00:00:00Z,2565.490781402347,760.771291481375,760.771291481375,760.771291481375,838.0716227724321,838.0716227724321,838.0716227724321,-77.30033129105708,-77.30033129105708,-77.30033129105708,0,0,0,564.6585065612701,6244.2220806385485,2563.0887139227075,2567.459092318407,3326.262072883722
2027-02-26T00:00:00Z,2565.737005605934,842.314913808385,842.314913808385,842.314913808385,875.7343040665969,875.7343040665969,875.7343040665969,-33.41939025821192,-33.41939025821192,-33.41939025821192,0,0,0,805.8895523826873,6312.41029676425,2563.308362076698,2567.720638626607,3408.051919414319
2027-02-27T00:00:00Z,2565.983229809521,-1388.864490878499,-1388.864490878499,-1388.864490878499,-1400.679852154532,-1400.679852154532,-1400.679852154532,11.815361276032867,11.815361276032867,11.815361276032867,0,0,0,-1582.4445166186524,3929.961819075023,2563.5280102306883,2567.9821849348073,1177.118738931022
2027-02-28T00:00:00Z,2566.229454013108,-2001.6778237622257,-2001.6778237622257,-2001.6778237622257,-2059.215123749786,-2059.215123749786,-2059.215123749786,57.53729998756021,57.53729998756021,57.53729998756021,0,0,0,-1964.995351826533,3373.3923651607115,2563.752957476908,2568.2437312430075,564.5516302508822
2027-03-01T00:00:00Z,2566.475678216695,309.97230223781855,309.97230223781855,309.97230223781855,207.1092360437005,207.1092360437005,207.1092360437005,102.86306619411809,102.86306619411809,102.86306619411809,0,0,0,139.34051781215993,5562.150538241759,2563.9790286250836,2568.5225899633024,2876.4479804545135
2027-03-02T00:00:00Z,2566.7219024202823,935.3363805557498,935.3363805557498,935.3363805557498,788.4207419726632,788.4207419726632,788.4207419726632,146.9156385830866,146.9156385830866,146.9156385830866,0,0,0,812.6859587081663,6264.9965288758,2564.2050997732604,2568.792563027397,3502.058282976032
2027-03-03T00:00:00Z,2566.9681266238695,939.4060536789902,939.4060536789902,939.4060536789902,750.5590710468622,750.5590710468622,750.5590710468622,188.84698263212803,188.84698263212803,188.84698263212803,0,0,0,585.1458591099793,6048.198597200012,2564.421618288312,2569.0641824417044,3506.3741803028597
2027-03-04T00:00:00Z,2567.2143508274567,1065.931274129647,1065.931274129647,1065.931274129647,838.0716227712948,838.0716227712948,838.0716227712948,227.85965135835187,227.85965135835187,227.85965135835187,0,0,0,988.7986195813189,6510.466317924138,2564.646792320317,2569.3512830550617,3633.145624957104
2027-03-05T00:00:00Z,2567.4605750310434,1138.9610579349612,1138.9610579349612,1138.9610579349612,875.7343040605804,875.7343040605804,875.7343040605804,263.2267538743808,263.2267538743808,263.2267538743808,0,0,0,1011.765778309921,6530.422194233174,2564.8779616163783,2569.624059141512,3706.421632966005
2027-03-06T00:00:00Z,2567.7067992346306,-1106.3700919667401,-1106.3700919667401,-1106.3700919667401,-1400.679852154169,-1400.679852154169,-1400.679852154169,294.30976018742916,294.30976018742916,294.30976018742916,0,0,0,-1283.5124134076066,4249.013780518598,2565.1101405024124,2569.891425391691,1461.3367072678905
2027-03-07T00:00:00Z,2567.9530234382173,-1738.641445665837,-1738.641445665837,-1738.641445665837,-2059.215123749262,-2059.215123749262,-2059.215123749262,320.57367808342536,320.57367808342536,320.57367808342536,0,0,0,-1908.4173297574605,3405.7593899564463,2565.338843931184,2570.1735636465364,829.3115777723804
2027-03-08T00:00:00Z,2568.1992476418045,548.7084537750416,548.7084537750416,548.7084537750416,207.10923605281383,207.10923605281383,207.10923605281383,341.59921772222776,341.59921772222776,341.59921772222776,0,0,0,464.4332208290313,5945.566920009418,2565.5661616453385,2570.4562623268685,3116.907701416846
2027-03-09T00:00:00Z,2568.4454718453917,1145.512391304428,1145.512391304428,1145.512391304428,788.4207419732342,788.4207419732342,788.4207419732342,357.09164933119416,357.09164933119416,357.09164933119416,0,0,0,977.5090209959517,6518.989108998362,2565.793479359493,2570.7328612640245,3713.95786314982
2027-03-10T00:00:00Z,2568.6916960489784,1117.44522750451,1117.44522750451,1117.44522750451,750.5590710475449,750.5590710475449,750.5590710475449,366.8861564569652,366.8861564569652,366.8861564569652,0,0,0,885.4313612669097,6331.871241847385,2566.0185473529814,2570.991797871315,3686.1369235534885
2027-03-11T00:00:00Z,2568.9379202525656,1209.0212115382587,1209.0212115382587,1209.0212115382587,838.071622771086,838.071622771086,838.071622771086,370.94958876717305,370.94958876717305,370.94958876717305,0,0,0,1107.845762346344,6537.3265781116925,2566.237072784289,2571.24799449508,3777.9591317908244
2027-03-12T00:00:00Z,2569.184144456153,1245.1129254947475,1245.1129254947475,1245.1129254947475,875.7343040651685,875.7343040651685,875.7343040651685,369.37862142957886,369.37862142957886,369.37862142957886,0,0,0,1146.2452592156856,6553.076177627373,2566.4666704012543,2571.5140357155187,3814.2970699509005
2027-03-13T00:00:00Z,2569.4303686597395,-1038.285422470574,-1038.285422470574,-1038.285422470574,-1400.6798521484482,-1400.6798521484482,-1400.6798521484482,362.39442967787426,362.39442967787426,362.39442967787426,0,0,0,-1469.3562318968507,4045.8010965378107,2566.670984424646,2571.7764618076626,1531.1449461891655
2027-03-14T00:00:00Z,2569.6765928633267,-1708.88103936246,-1708.88103936246,-1708.88103936246,-2059.2151237473236,-2059.2151237473236,-2059.2151237473236,350.33408438486333,350.33408438486333,350.33408438486333,0,0,0,-1956.1739528310252,3459.9385414995477,2566.90002888376,2572.0382906072678,860.7955535008668
2027-03-15T00:00:00Z,2569.922817066914,540.7482006344218,540.7482006344218,540.7482006344218,207.10923604719687,207.10923604719687,207.10923604719687,333.63896458722485,333.63896458722485,333.63896458722485,0,0,0,327.6409150220037,5901.455682332862,2567.130155161206,2572.2986481590588,3110.6710177013356
2027-03-16T00:00:00Z,2570.169041270501,1101.261305371636,1101.261305371636,1101.261305371636,788.4207419733925,788.4207419733925,788.4207419733925,312.8405633982434,312.8405633982434,312.8405633982434,0,0,0,826.6005401776735,6663.477494869055,2567.3611915577153,2572.5590057108493,3671.430346642137
2027-03-17T00:00:00Z,2570.4152654740883,1039.10320347367,1039.10320347367,1039.10320347367,750.5590710465265,750.5590710465265,750.5590710465265,288.54413242714355,288.54413242714355,288.54413242714355,0,0,0,1074.0181501561713,6447.895523222196,2567.5959383404293,2572.81936326264,3609.5184689477583
2027-03-18T00:00:00Z,2570.661489677675,1099.482287590297,1099.482287590297,1099.482287590297,838.0716227717994,838.0716227717994,838.0716227717994,261.4106648184977,261.4106648184977,261.4106648184977,0,0,0,1023.7941953669294,6642.040316969768,2567.833420020151,2573.0797208144304,3670.143777267972
2027-03-19T00:00:00Z,2570.907713881262,1107.8720609854822,1107.8720609854822,1107.8720609854822,875.7343040577828,875.7343040577828,875.7343040577828,232.1377569276996,232.1377569276996,232.1377569276996,0,0,0,944.5770521272585,6544.628474024847,2568.0507066691694,2573.3400783662214,3678.7797748667444
2027-03-20T00:00:00Z,2571.1539380848494,-1199.2399396953522,-1199.2399396953522,-1199.2399396953522,-1400.6798521496305,-1400.6798521496305,-1400.6798521496305,201.4399124542782,201.4399124542782,201.4399124542782,0,0,0,-1351.522265371116,4095.09071566218,2568.265481640472,2573.605404302249,1371.9139983894972
2027-03-21T00:00:00Z,2571.4001622884366,-1889.1862636758822,-1889.1862636758822,-1889.1862636758822,-2059.2151237528724,-2059.2151237528724,-2059.2151237528724,170.02886007699058,170.02886007699058,170.02886007699058,0,0,0,-2095.569510240799,3161.6384295633156,2568.4793935562116,2573.8825489993687,682.2138986125544
2027-03-22T00:00:00Z,2571.6463864920233,345.7036822909838,345.7036822909838,345.7036822909838,207.10923604794095,207.10923604794095,207.10923604794095,138.59444624304288,138.59444624304288,138.59444624304288,0,0,0,110.18183667095666,5679.109067029275,2568.6931934860577,2574.1409555055516,2917.3500687830074
2027-03-23T00:00:00Z,2571.8926106956105,896.207381202132,896.207381202132,896.207381202132,788.4207419727611,788.4207419727611,788.4207419727611,107.7866392293707,107.7866392293707,107.7866392293707,0,0,0,907.6332448127719,6336.492699882487,2568.89278256358,2574.3800054560415,3468.0999918977423
2027-03-24T00:00:00Z,2572.1388348991977,828.7582108975253,828.7582108975253,828.7582108975253,750.5590710472089,750.5590710472089,750.5590710472089,78.19913985031641,78.19913985031641,78.19913985031641,0,0,0,844.3120370694678,6139.604487950539,2569.0893996379145,2574.6513493273646,3400.897045796723
2027-03-25T00:00:00Z,2572.385059102785,888.4266623560572,888.4266623560572,888.4266623560572,838.0716227715906,838.0716227715906,838.0716227715906,50.35503958446675,50.35503958446675,50.35503958446675,0,0,0,795.4950884252916,6044.761052803511,2569.2916499279363,2574.9213206640347,3460.811721458842
2027-03-26T00:00:00Z,2572.631283306372,900.4292042689783,900.4292042689783,900.4292042689783,875.734304062371,875.734304062371,875.734304062371,24.694900206607315,24.694900206607315,24.694900206607315,0,0,0,777.9229288616954,6293.382199408175,2569.5477356723004,2575.1908521008645,3473.0604875753506
2027-03-27T00:00:00Z,2572.877507509959,-1399.112299842596,-1399.112299842596,-1399.112299842596,-1400.6798521523579,-1400.6798521523579,-1400.6798521523579,1.5675523097617858,1.5675523097617858,1.5675523097617858,0,0,0,-1623.2442786653498,3931.5716918459193,2569.7668452877715,2575.4603835376934,1173.7652076673628
2027-03-28T00:00:00Z,2573.123731713546,-2077.991297985718,-2077.991297985718,-2077.991297985718,-2059.215123746276,-2059.215123746276,-2059.215123746276,-18.776174239441985,-18.776174239441985,-18.776174239441985,0,0,0,-2347.1006892353794,3300.2702603036414,2569.9829678082033,2575.7299149745227,495.1324337278279
2027-03-29T00:00:00Z,2573.369955917133,170.9225717559246,170.9225717559246,170.9225717559246,207.10923604968914,207.10923604968914,207.10923604968914,-36.186664293764636,-36.186664293764636,-36.186664293764636,0,0,0,38.72547823648108,5576.274504810844,2570.2046014043844,2575.9994464113524,2744.292527673058
2027-03-30T00:00:00Z,2573.61618012072,737.8050978900002,737.8050978900002,737.8050978900002,788.4207419737269,788.4207419737269,788.4207419737269,-50.61564408372678,-50.61564408372678,-50.61564408372678,0,0,0,533.5573379623347,6086.752813368937,2570.4156892847577,2576.2689778481813,3311.42127801072
2027-03-31T00:00:00Z,2573.862404324307,688.4457907886158,688.4457907886158,688.4457907886158,750.559071047041,750.559071047041,750.559071047041,-62.113280258425036,-62.113280258425036,-62.113280258425036,0,0,0,375.26245139773886,6013.115908234533,2570.6271587220745,2576.53850928501,3262.308195112923
2027-04-01T00:00:00Z,2574.1086285278943,767.24922324551,767.24922324551,767.24922324551,838.0716227704535,838.0716227704535,838.0716227704535,-70.82239952494335,-70.82239952494335,-70.82239952494335,0,0,0,575.3745719030704,6097.575740125758,2570.8558264737503,2576.80804072184,3341.3578517734045
2027-04-02T00:00:00Z,2574.3548527314815,798.7642440554672,798.7642440554672,798.7642440554672,875.7343040683284,875.7343040683284,875.7343040683284,-76.97006001286121,-76.97006001286121,-76.97006001286121,0,0,0,579.6567899132583,5964.89929906893,2571.0887607133027,2577.0775721586692,3373.119096786949
2027-04-03T00:00:00Z,2574.6010769350687,-1481.536632588305,-1481.536632588305,-1481.536632588305,-1400.679852151995,-1400.679852151995,-1400.679852151995,-80.85678043630972,-80.85678043630972,-80.85678043630972,0,0,0,-1831.7217504647138,3885.8658780126475,2571.3227142202554,2577.347072044644,1093.0644443467636
2027-04-04T00:00:00Z,2574.847301138656,-2142.058921738567,-2142.058921738567,-2142.058921738567,-2059.2151237489957,-2059.2151237489957,-2059.2151237489957,-82.84379798957093,-82.84379798957093,-82.84379798957093,0,0,0,-2155.8874797448034,3187.7103216973487,2571.5568184184503,2577.6159332230627,432.78837940008907
2027-04-05T00:00:00Z,2575.0935253422426,123.77045716356045,123.77045716356045,123.77045716356045,207.10923605143756,207.10923605143756,207.10923605143756,-83.33877888787708,-83.33877888787708,-83.33877888787708,0,0,0,-133.50629101044336,5507.368787963784,2571.7909226166457,2577.883339941913,2698.863982505803
2027-04-06T00:00:00Z,2575.33974954583,705.640296854718,705.640296854718,705.640296854718,788.420741972683,788.420741972683,788.420741972683,-82.780445117965,-82.780445117965,-82.780445117965,0,0,0,393.4729711608643,5855.870202619099,2572.0254128676897,2578.141807626826,3280.980046400548
2027-04-07T00:00:00Z,2575.5859737494166,668.9364647654013,668.9364647654013,668.9364647654013,750.5590710468734,750.5590710468734,750.5590710468734,-81.62260628147209,-81.62260628147209,-81.62260628147209,0,0,0,612.8820381401621,6058.197145279504,2572.260143511746,2578.417257811668,3244.5224385148176
2027-04-08T00:00:00Z,2575.8321979530037,757.7535269793461,757.7535269793461,757.7535269793461,838.0716227730175,838.0716227730175,838.0716227730175,-80.31809579367119,-80.31809579367119,-80.31809579367119,0,0,0,515.7370048333535,6216.378537136242,2572.485238569258,2578.689188582798,3333.58572493235
2027-04-09T00:00:00Z,2576.0784221565905,796.4311980365816,796.4311980365816,796.4311980365816,875.7343040595734,875.7343040595734,875.7343040595734,-79.30310602299183,-79.30310602299183,-79.30310602299183,0,0,0,647.9106612443053,6190.863506015319,2572.7036200111384,2578.953688593402,3372.509620193172
2027-04-10T00:00:00Z,2576.3246463601777,-1479.6622496576201,-1479.6622496576201,-1479.6622496576201,-1400.679852146274,-1400.679852146274,-1400.679852146274,-78.98239751134602,-78.98239751134602,-78.98239751134602,0,0,0,-1378.8711572793175,3743.816207828175,2572.9220014530188,2579.218188604007,1096.6623967025575
2027-04-11T00:00:00Z,2576.570870563765,-2138.9309477185893,-2138.9309477185893,-2138.9309477185893,-2059.2151237498865,-2059.2151237498865,-2059.2151237498865,-79.71582396870272,-79.71582396870272,-79.71582396870272,0,0,0,-2319.6927205731013,3089.7274036543445,2573.1403828948987,2579.4969502792196,437.63992284517553
2027-04-12T00:00:00Z,2576.817094767352,125.3026676178997,125.3026676178997,125.3026676178997,207.10923604481644,207.10923604481644,207.10923604481644,-81.8065684269167,-81.8065684269167,-81.8065684269167,0,0,0,9.284057712184989,5243.8141187850815,2573.3586215058267,2579.776988420132,2702.1197623852518
2027-04-13T00:00:00Z,2577.0633189709392,702.9293136640377,702.9293136640377,702.9293136640377,788.4207419736487,788.4207419736487,788.4207419736487,-85.49142830961092,-85.49142830961092,-85.49142830961092,0,0,0,562.0448285129061,6161.097924472399,2573.5748046775757,2580.0420653428405,3279.992632634977
2027-04-14T00:00:00Z,2577.309543174526,659.625650981493,659.625650981493,659.625650981493,750.5590710467054,750.5590710467054,750.5590710467054,-90.93342006521229,-90.93342006521229,-90.93342006521229,0,0,0,520.973512850994,6058.273259132888,2573.780680353821,2580.313283363944,3236.935194156019
2027-04-15T00:00:00Z,2577.555767378113,739.8547232230338,739.8547232230338,739.8547232230338,838.0716227700356,838.0716227700356,838.0716227700356,-98.21689954700162,-98.21689954700162,-98.21689954700162,0,0,0,466.82229791696466,6220.551510782743,2573.9967930335474,2580.565865882333,3317.410490601147
2027-04-16T00:00:00Z,2577.8019915817003,768.3889892514169,768.3889892514169,768.3889892514169,875.734304065531,875.734304065531,875.734304065531,-107.34531481411413,-107.34531481411413,-107.34531481411413,0,0,0,491.22229811753493,6037.918828833517,2574.2224145239084,2580.8180766051637,3346.1909808331175
2027-04-17T00:00:00Z,2578.048215785287,-1518.9214780770737,-1518.9214780770737,-1518.9214780770737,-1400.6798521559044,-1400.6798521559044,-1400.6798521559044,-118.24162592116954,-118.24162592116954,-118.24162592116954,0,0,0,-1744.429510643525,3694.5822210415727,2574.4387038654004,2581.0824477318142,1059.1267377082133
2027-04-18T00:00:00Z,2578.2944399888743,-2189.966467802893,-2189.966467802893,-2189.966467802893,-2059.215123747948,-2059.215123747948,-2059.215123747948,-130.7513440549447,-130.7513440549447,-130.7513440549447,0,0,0,-2314.050483606631,2970.4901372259133,2574.6599836729747,2581.358094807366,388.32797218598125
2027-04-19T00:00:00Z,2578.5406641924615,62.461173490090616,62.461173490090616,62.461173490090616,207.1092360455603,207.1092360455603,207.1092360455603,-144.64806255546966,-144.64806255546966,-144.64806255546966,0,0,0,-19.2353497781898,5548.503332097619,2574.88977533578,2581.640485251579,2641.001837682552
2027-04-20T00:00:00Z,2578.7868883960487,628.7794646855713,628.7794646855713,628.7794646855713,788.4207419722102,788.4207419722102,788.4207419722102,-159.6412772866389,-159.6412772866389,-159.6412772866389,0,0,0,340.3508965943865,5772.553834117608,2575.113664823605,2581.9214921030048,3207.56635308162
2027-04-21T00:00:00Z,2579.033112599636,575.1728452967551,575.1728452967551,575.1728452967551,750.559071047388,750.559071047388,750.559071047388,-175.38622575063272,-175.38622575063272,-175.38622575063272,0,0,0,354.333737127935,5728.959223214149,2575.340677070323,2582.2024989544293,3154.205957896391
2027-04-22T00:00:00Z,2579.2793368032226,646.5762075504833,646.5762075504833,646.5762075504833,838.0716227716713,838.0716227716713,838.0716227716713,-191.495415221188,-191.495415221188,-191.495415221188,0,0,0,492.0468877518064,5967.858394788343,2575.5695000533865,2582.478347236876,3225.855544353706
2027-04-23T00:00:00Z,2579.5255610068098,668.1828423261791,668.1828423261791,668.1828423261791,875.7343040641322,875.7343040641322,875.7343040641322,-207.5514617379532,-207.5514617379532,-207.5514617379532,0,0,0,517.2145371461315,6065.664364665032,2575.8078219539602,2582.750055332402,3247.708403332989
2027-04-24T00:00:00Z,2579.771785210397,-1623.8006775456558,-1623.8006775456558,-1623.8006775456558,-1400.6798521486387,-1400.6798521486387,-1400.6798521486387,-223.12082539701748,-223.12082539701748,-223.12082539701748,0,0,0,-1769.778760035053,3561.0321457287514,2576.041317347197,2583.0289723938126,955.9711076647411
2027-04-25T00:00:00Z,2580.018009413984,-2296.983127737169,-2296.983127737169,-2296.983127737169,-2059.2151237474245,-2059.2151237474245,-2059.2151237474245,-237.7680039897444,-237.7680039897444,-237.7680039897444,0,0,0,-2602.503426517458,2945.167537509687,2576.276157529859,2583.289853235196,283.0348816768151
2027-04-26T00:00:00Z,2580.264233617571,-43.96050122278438,-43.96050122278438,-43.96050122278438,207.10923604831285,207.10923604831285,207.10923604831285,-251.06973727109718,-251.06973727109718,-251.06973727109718,0,0,0,-164.33777754801247,5220.238916081319,2576.4980766107074,2583.559164766172,2536.3037323947865
2027-04-27T00:00:00Z,2580.510457821158,525.7919638336011,525.7919638336011,525.7919638336011,788.420741973176,788.420741973176,788.420741973176,-262.6287781395748,-262.6287781395748,-262.6287781395748,0,0,0,444.2078366791295,5881.9902338958545,2576.720643531548,2583.8282527440115,3106.302421654759
2027-04-28T00:00:00Z,2580.7566820247453,478.4722664981704,478.4722664981704,478.4722664981704,750.5590710463691,750.5590710463691,750.5590710463691,-272.086804548199,-272.086804548199,-272.086804548199,0,0,0,301.87766684888965,5859.066421290438,2576.93966970607,2584.0907736019362,3059.2289485229157
2027-04-29T00:00:00Z,2581.0029062283324,558.9355464005129,558.9355464005129,558.9355464005129,838.0716227714623,838.0716227714623,838.0716227714623,-279.1360763709497,-279.1360763709497,-279.1360763709497,0,0,0,234.28640093373895,6034.862503020009,2577.1635499355193,2584.3532944598614,3139.9384526288454
2027-04-30T00:00:00Z,2581.2491304319196,592.2048203730279,592.2048203730279,592.2048203730279,875.7343040641026,875.7343040641026,875.7343040641026,-283.5294836910748,-283.5294836910748,-283.5294836910748,0,0,0,342.53547737121994,5958.390744474875,2577.3845529923583,2584.6156730299926,3173.4539508049475
2027-05-01T00:00:00Z,2581.4953546355064,-1685.7685378164963,-1685.7685378164963,-1685.7685378164963,-1400.6798521582691,-1400.6798521582691,-1400.6798521582691,-285.0886856582272,-285.0886856582272,-285.0886856582272,0,0,0,-1841.9621708296568,3783.5834385851567,2577.605556049197,2584.8773520870786,895.7268168190101
2027-05-02T00:00:00Z,2581.7415788390936,-2342.9252242395837,-2342.9252242395837,-2342.9252242395837,-2059.215123750144,-2059.215123750144,-2059.215123750144,-283.7101004894394,-283.7101004894394,-283.7101004894394,0,0,0,-2620.7669404176786,3031.773234988907,2577.826559106036,2585.1389388288408,238.81635459950985
2027-05-03T00:00:00Z,2581.9878030426808,-72.25933937011773,-72.25933937011773,-72.25933937011773,207.10923604068762,207.10923604068762,207.10923604068762,-279.36857541080536,-279.36857541080536,-279.36857541080536,0,0,0,-341.0100807090179,5251.340065264817,2578.0475621628743,2585.3978589149688,2509.728463672563
2027-05-04T00:00:00Z,2582.234027246268,516.3021037520753,516.3021037520753,516.3021037520753,788.4207419729394,788.4207419729394,788.4207419729394,-272.1186382208641,-272.1186382208641,-272.1186382208641,0,0,0,370.24001278161404,5990.952346731369,2578.2685652197124,2585.6379477210626,3098.536130998343
2027-05-05T00:00:00Z,2582.4802514498547,488.4657636242777,488.4657636242777,488.4657636242777,750.559071047052,750.559071047052,750.559071047052,-262.0933074227742,-262.0933074227742,-262.0933074227742,0,0,0,379.5053583728116,6039.332464712553,2578.4899575953777,2585.8896146481256,3070.9460150741324
2027-05-06T00:00:00Z,2582.726475653442,588.5711095428403,588.5711095428403,588.5711095428403,838.0716227694029,838.0716227694029,838.0716227694029,-249.50051322656273,-249.50051322656273,-249.50051322656273,0,0,0,458.9058589608113,5966.02752495185,2578.7119557786827,2586.1750242311027,3171.297585196282
2027-05-07T00:00:00Z,2582.9726998570286,641.1170492370452,641.1170492370452,641.1170492370452,875.7343040613346,875.7343040613346,875.7343040613346,-234.61725482428932,-234.61725482428932,-234.61725482428932,0,0,0,373.6397770961474,5934.986195495881,2578.9283760160506,2586.4471900093927,3224.089749094074
2027-05-08T00:00:00Z,2583.218924060616,-1618.4615401687956,-1618.4615401687956,-1618.4615401687956,-1400.6798521525482,-1400.6798521525482,-1400.6798521525482,-217.7816880162474,-217.7816880162474,-217.7816880162474,0,0,0,-1794.4537174150346,3749.7556190363275,2579.15471603037,2586.7315726140387,964.7573838918202
2027-05-09T00:00:00Z,2583.465148264203,-2258.598523140879,-2258.598523140879,-2258.598523140879,-2059.2151237463772,-2059.2151237463772,-2059.2151237463772,-199.3833993945015,-199.3833993945015,-199.3833993945015,0,0,0,-2288.7849479885763,3193.381428556816,2579.3746881802635,2586.9958879458572,324.86662512332396
2027-05-10T00:00:00Z,2583.7113724677897,27.257058972697664,27.257058972697664,27.257058972697664,207.10923604980087,207.10923604980087,207.10923604980087,-179.85217707710322,-179.85217707710322,-179.85217707710322,0,0,0,-154.0952086024869,5281.663070449789,2579.5968270257586,2587.259342156363,2610.968431440487
2027-05-11T00:00:00Z,2583.957596671377,628.7751101808179,628.7751101808179,628.7751101808179,788.420741972703,788.420741972703,788.420741972703,-159.64563179188514,-159.64563179188514,-159.64563179188514,0,0,0,349.897612903131,6042.457013588486,2579.8189658712536,2587.52180408563,3212.732706852195
2027-05-12T00:00:00Z,2584.203820874964,611.3230163375621,611.3230163375621,611.3230163375621,750.5590710463262,750.5590710463262,750.5590710463262,-139.23605470876421,-139.23605470876421,-139.23605470876421,0,0,0,486.2494560246297,5967.466199141638,2580.0439031563765,2587.794426045989,3195.526837212526
2027-05-13T00:00:00Z,2584.4500450785513,718.9747038979954,718.9747038979954,718.9747038979954,838.0716227701164,838.0716227701164,838.0716227701164,-119.096918872121,-119.096918872121,-119.096918872121,0,0,0,530.4981900788518,6181.68466872076,2580.2728398459926,2588.0736838573275,3303.4247489765467
2027-05-14T00:00:00Z,2584.696269282138,776.0448652102632,776.0448652102632,776.0448652102632,875.7343040672921,875.7343040672921,875.7343040672921,-99.68943885702893,-99.68943885702893,-99.68943885702893,0,0,0,606.3106264116211,6098.1416269388355,2580.5017765356083,2588.345080829238,3360.741134492401
2027-05-15T00:00:00Z,2584.942493485725,-1482.1294503792597,-1482.1294503792597,-1482.1294503792597,-1400.6798521521853,-1400.6798521521853,-1400.6798521521853,-81.44959822707457,-81.44959822707457,-81.44959822707457,0,0,0,-1781.2082017790697,3888.7027101342787,2580.7307132252245,2588.6097888179675,1102.8130431064656
2027-05-16T00:00:00Z,2585.1887176893124,-2123.9911604896633,-2123.9911604896633,-2123.9911604896633,-2059.2151237490966,-2059.2151237490966,-2059.2151237490966,-64.77603674056657,-64.77603674056657,-64.77603674056657,0,0,0,-2161.2864105832095,3314.0194998386014,2580.9596499148406,2588.8722995562025,461.19755719964905
2027-05-17T00:00:00Z,2585.4349418928996,157.09007636486297,157.09007636486297,157.09007636486297,207.10923604317986,207.10923604317986,207.10923604317986,-50.01915967831689,-50.01915967831689,-50.01915967831689,0,0,0,-72.4529378475742,5545.382501875838,2581.1885866044568,2589.1348102944376,2742.5250182577624
2027-05-18T00:00:00Z,2585.681166096487,750.9489508324583,750.9489508324583,750.9489508324583,788.4207419724665,788.4207419724665,788.4207419724665,-37.47179114000805,-37.47179114000805,-37.47179114000805,0,0,0,410.8980867529327,6028.4942736996845,2581.4175232940734,2589.397321032672,3336.630116928945
2027-05-19T00:00:00Z,2585.9273903000735,723.1974280498262,723.1974280498262,723.1974280498262,750.5590710470088,750.5590710470088,750.5590710470088,-27.36164299718254,-27.36164299718254,-27.36164299718254,0,0,0,613.4542727740327,5925.717683352999,2581.6362619665742,2589.6598317709077,3309.1248183498997
2027-05-20T00:00:00Z,2586.1736145036607,818.2258097515476,818.2258097515476,818.2258097515476,838.0716227708298,838.0716227708298,838.0716227708298,-19.84581301928236,-19.84581301928236,-19.84581301928236,0,0,0,682.6973041668448,6181.5988218339,2581.8531626254025,2589.9223425091427,3404.399424255208
2027-05-21T00:00:00Z,2586.419838707248,860.7268427170569,860.7268427170569,860.7268427170569,875.7343040612758,875.7343040612758,875.7343040612758,-15.007461344218777,-15.007461344218777,-15.007461344218777,0,0,0,647.6918499677646,5909.152451470596,2582.070063284231,2590.1845688118365,3447.146681424305
2027-05-22T00:00:00Z,2586.666062910835,-1413.5345981333844,-1413.5345981333844,-1413.5345981333844,-1400.6798521549126,-1400.6798521549126,-1400.6798521549126,-12.85474597847177,-12.85474597847177,-12.85474597847177,0,0,0,-1616.700584716014,3934.247186505626,2582.2874696510694,2590.445154668868,1173.1314647774507
2027-05-23T00:00:00Z,2586.912287114422,-2072.5371512759743,-2072.5371512759743,-2072.5371512759743,-2059.215123753231,-2059.215123753231,-2059.215123753231,-13.322027522743703,-13.322027522743703,-13.322027522743703,0,0,0,-2344.1407646277426,3369.8874995692136,2582.5059131669386,2590.723441883998,514.3751358384475
2027-05-24T00:00:00Z,2587.158511318009,190.83595302141276,190.83595302141276,190.83595302141276,207.10923604492808,207.10923604492808,207.10923604492808,-16.273283023515205,-16.273283023515205,-16.273283023515205,0,0,0,-47.323296874036544,5390.624001561038,2582.7312738647383,2591.007074590722,2777.994464339422
2027-05-25T00:00:00Z,2587.404735521596,766.9131410584239,766.9131410584239,766.9131410584239,788.4207419734322,788.4207419734322,788.4207419734322,-21.50760091500831,-21.50760091500831,-21.50760091500831,0,0,0,775.2937011821638,6177.242158694689,2582.96596108685,2591.27408532167,3354.3178765800203
2027-05-26T00:00:00Z,2587.6509597251834,721.7925055121008,721.7925055121008,721.7925055121008,750.5590710465482,750.5590710465482,750.5590710465482,-28.766565534447437,-28.766565534447437,-28.766565534447437,0,0,0,544.3930538436514,6047.9564886321095,2583.2006483089613,2591.5299608884343,3309.4434652372843
2027-05-27T00:00:00Z,2587.89718392877,800.3283401680528,800.3283401680528,800.3283401680528,838.0716227706209,838.0716227706209,838.0716227706209,-37.74328260256816,-37.74328260256816,-37.74328260256816,0,0,0,493.2760536859415,6161.904126762144,2583.435335531073,2591.7945198702546,3388.225524096823
2027-05-28T00:00:00Z,2588.1434081323573,827.6415559730663,827.6415559730663,827.6415559730663,875.7343040644945,875.7343040644945,875.7343040644945,-48.092748091428206,-48.092748091428206,-48.092748091428206,0,0,0,582.229599642333,6219.05686453404,2583.671609390899,2592.0614746582437,3415.7849641054236
2027-05-29T00:00:00Z,2588.3896323359445,-1460.123075682856,-1460.123075682856,-1460.123075682856,-1400.6798521560945,-1400.6798521560945,-1400.6798521560945,-59.443223526761656,-59.443223526761656,-59.443223526761656,0,0,0,-1798.3645710709243,3661.2599445368764,2583.9006613735373,2592.3336008428732,1128.2665566530884
2027-05-30T00:00:00Z,2588.6358565395317,-2130.6233759105153,-2130.6233759105153,-2130.6233759105153,-2059.215123748049,-2059.215123748049,-2059.215123748049,-71.40825216246661,-71.40825216246661,-71.40825216246661,0,0,0,-2265.015874390202,3313.0462623861386,2584.1141443880733,2592.6098975970813,458.0124806290164
2027-05-31T00:00:00Z,2588.8820807431184,123.51030261126846,123.51030261126846,123.51030261126846,207.10923604667641,207.10923604667641,207.10923604667641,-83.59893343540786,-83.59893343540786,-83.59893343540786,0,0,0,-221.9658435754444,5423.743448688414,2584.317403467403,2592.88619435129,2712.3923833543868
2027-06-01T00:00:00Z,2589.1283049467056,692.7846738206407,692.7846738206407,692.7846738206407,788.4207419719935,788.4207419719935,788.4207419719935,-95.6360681513527,-95.6360681513527,-95.6360681513527,0,0,0,599.6119171853882,5892.741375292979,2584.5405923216213,2593.160938726999,3281.9129787673464
2027-06-02T00:00:00Z,2589.374529150293,643.3972770232249,643.3972770232249,643.3972770232249,750.5590710466732,750.5590710466732,750.5590710466732,-107.16179402344822,-107.16179402344822,-107.16179402344822,0,0,0,493.6380795992164,6056.477552436341,2584.771637312862,2593.4349471635333,3232.7718061735177
2027-06-03T00:00:00Z,2589.62075335388,720.2212725395785,720.2212725395785,720.2212725395785,838.0716227694836,838.0716227694836,838.0716227694836,-117.8503502299053,-117.8503502299053,-117.8503502299053,0,0,0,636.754132344219,5947.709098673207,2585.002682304102,2593.7101456564187,3309.8420258934584
2027-06-04T00:00:00Z,2589.866977557467,748.3166641670123,748.3166641670123,748.3166641670123,875.7343040644648,875.7343040644648,875.7343040644648,-127.41763989745269,-127.41763989745269,-127.41763989745269,0,0,0,454.4142213240654,6349.80231022127,2585.2272514955016,2593.9740963651025,3338.1836417244795
2027-06-05T00:00:00Z,2590.113201761054,-1536.3091520181217,-1536.3091520181217,-1536.3091520181217,-1400.6798521503742,-1400.6798521503742,-1400.6798521503742,-135.62929986774768,-135.62929986774768,-135.62929986774768,0,0,0,-1988.6610681996947,4067.9356684817317,2585.446652377059,2594.2368005169506,1053.8040497429322
2027-06-06T00:00:00Z,2590.359425964641,-2201.522160201275,-2201.522160201275,-2201.522160201275,-2059.2151237521834,-2059.2151237521834,-2059.2151237521834,-142.30703644909184,-142.30703644909184,-142.30703644909184,0,0,0,-2354.6204691424346,3114.607281465658,2585.666053258616,2594.4995046688,388.8372657633663
2027-06-07T00:00:00Z,2590.605650168228,59.77619353998444,59.77619353998444,59.77619353998444,207.10923604742032,207.10923604742032,207.10923604742032,-147.33304250743592,-147.33304250743592,-147.33304250743592,0,0,0,-224.69237211719735,5522.33682942901,2585.885454140173,2594.762208820649,2650.3818437082123
2027-06-08T00:00:00Z,2590.851874371815,637.7683685589518,637.7683685589518,637.7683685589518,788.4207419729591,788.4207419729591,788.4207419729591,-150.65237341400734,-150.65237341400734,-150.65237341400734,0,0,0,405.33347844221623,5899.082082612811,2586.1048550217306,2595.024912972498,3228.620242930767
2027-06-09T00:00:00Z,2591.098098575402,598.2858459883789,598.2858459883789,598.2858459883789,750.5590710470628,750.5590710470628,750.5590710470628,-152.2732250586841,-152.2732250586841,-152.2732250586841,0,0,0,540.2548579557201,5960.636363768692,2586.324255903287,2595.291138929587,3189.3839445637814
2027-06-10T00:00:00Z,2591.344322778989,685.8064984702646,685.8064984702646,685.8064984702646,838.0716227720478,838.0716227720478,838.0716227720478,-152.2651243017832,-152.2651243017832,-152.2651243017832,0,0,0,460.0930165801446,5906.822234850237,2586.5544303950746,2595.5699261879413,3277.1508212492536
2027-06-11T00:00:00Z,2591.590546982576,724.9791953242468,724.9791953242468,724.9791953242468,875.7343040630662,875.7343040630662,875.7343040630662,-150.7551087388193,-150.7551087388193,-150.7551087388193,0,0,0,475.61876302729746,5960.16188343288,2586.791115753491,2595.8365471437046,3316.569742306823
2027-06-12T00:00:00Z,2591.8367711861633,-1548.6018885837937,-1548.6018885837937,-1548.6018885837937,-1400.6798521500111,-1400.6798521500111,-1400.6798521500111,-147.9220364337827,-147.9220364337827,-147.9220364337827,0,0,0,-1714.3353829622642,3903.396756318196,2587.0079022337322,2596.1031680994683,1043.2348826023697
2027-06-13T00:00:00Z,2592.0829953897505,-2203.2043490594565,-2203.2043490594565,-2203.2043490594565,-2059.215123745587,-2059.215123745587,-2059.215123745587,-143.9892253138694,-143.9892253138694,-143.9892253138694,0,0,0,-2531.0287972935175,3056.31305486284,2587.218275532087,2596.3697890552316,388.87864633029403
2027-06-14T00:00:00Z,2592.3292195933377,67.89356164253421,67.89356164253421,67.89356164253421,207.10923604180337,207.10923604180337,207.10923604180337,-139.21567439926926,-139.21567439926926,-139.21567439926926,0,0,0,-45.758522886974944,5561.9928543493,2587.4286488304415,2596.6364100109954,2660.222781235872
2027-06-15T00:00:00Z,2592.5754437969244,654.5345786626114,654.5345786626114,654.5345786626114,788.4207419731175,788.4207419731175,788.4207419731175,-133.8861633105062,-133.8861633105062,-133.8861633105062,0,0,0,608.1871811380105,6206.94531379255,2587.6390221287957,2596.9010682646763,3247.1100224595357
2027-06-16T00:00:00Z,2592.8216680005116,622.2585098464332,622.2585098464332,622.2585098464332,750.5590710468949,750.5590710468949,750.5590710468949,-128.30056120046174,-128.30056120046174,-128.30056120046174,0,0,0,366.7726281186813,5928.30512101848,2587.8493954271507,2597.167739150499,3215.080177846945
2027-06-17T00:00:00Z,2593.067892204099,715.3089224523183,715.3089224523183,715.3089224523183,838.0716227699884,838.0716227699884,838.0716227699884,-122.76270031767005,-122.76270031767005,-122.76270031767005,0,0,0,442.54528742777933,6115.330613181499,2588.0626341581346,2597.434673751688,3308.376814656417
2027-06-18T00:00:00Z,2593.3141164076856,758.1651219665011,758.1651219665011,758.1651219665011,875.7343040616676,875.7343040616676,875.7343040616676,-117.56918209516648,-117.56918209516648,-117.56918209516648,0,0,0,559.8063915094056,6155.081703736998,2588.268271475529,2597.7016083528765,3351.479238374187
2027-06-19T00:00:00Z,2593.5603406112727,-1513.678336746954,-1513.678336746954,-1513.678336746954,-1400.6798521527385,-1400.6798521527385,-1400.6798521527385,-112.99848459421536,-112.99848459421536,-112.99848459421536,0,0,0,-1594.470583361975,3926.3115097143273,2588.473489120265,2597.968484804551,1079.8820038643187
2027-06-20T00:00:00Z,2593.80656481486,-2168.5158530656786,-2168.5158530656786,-2168.5158530656786,-2059.2151237511357,-2059.2151237511357,-2059.2151237511357,-109.30072931454202,-109.30072931454202,-109.30072931454202,0,0,0,-2200.2059892980906,3163.940891704987,2588.6632996409535,2598.232097762334,425.29071174918136
2027-06-21T00:00:00Z,2594.052789018447,100.4207928933132,100.4207928933132,100.4207928933132,207.10923605091676,207.10923605091676,207.10923605091676,-106.68844315760354,-106.68844315760354,-106.68844315760354,0,0,0,-141.256568776744,5268.758595378098,2588.879519137593,2598.495710720116,2694.4735819117604
2027-06-22T00:00:00Z,2594.2990132220343,683.0921235355986,683.0921235355986,683.0921235355986,788.420741972881,788.420741972881,788.420741972881,-105.32861843728244,-105.32861843728244,-105.32861843728244,0,0,0,594.5121391699945,5969.626660203145,2589.087880026509,2598.7593236778994,3277.391136757633
2027-06-23T00:00:00Z,2594.545237425621,645.2227397444684,645.2227397444684,645.2227397444684,750.5590710467272,750.5590710467272,750.5590710467272,-105.33633130225867,-105.33633130225867,-105.33633130225867,0,0,0,448.2246077358694,5886.426874319292,2589.2926904623914,2599.022936635682,3239.7679771700896
2027-06-24T00:00:00Z,2594.7914616292082,731.3014946389607,731.3014946389607,731.3014946389607,838.0716227725525,838.0716227725525,838.0716227725525,-106.77012813359191,-106.77012813359191,-106.77012813359191,0,0,0,540.9847880976916,5995.918097869724,2589.4668080007114,2599.2865495934648,3326.092956268169
2027-06-25T00:00:00Z,2595.0376858327954,766.104972045871,766.104972045871,766.104972045871,875.7343040662557,875.7343040662557,875.7343040662557,-109.62933202038474,-109.62933202038474,-109.62933202038474,0,0,0,646.8879162646971,6095.491558597053,2589.6485861591946,2599.550162551248,3361.1426578786663
2027-06-26T00:00:00Z,2595.2839100363826,-1514.5332112572796,-1514.5332112572796,-1514.5332112572796,-1400.6798521470178,-1400.6798521470178,-1400.6798521470178,-113.85335911026192,-113.85335911026192,-113.85335911026192,0,0,0,-1651.958732007466,3871.851955504526,2589.862184230836,2599.8273044710713,1080.750698779103
2027-06-27T00:00:00Z,2595.5301342399694,-2178.538193208602,-2178.538193208602,-2178.538193208602,-2059.2151237491976,-2059.2151237491976,-2059.2151237491976,-119.32306945940444,-119.32306945940444,-119.32306945940444,0,0,0,-2392.9773439610026,3408.1053686597497,2590.073332777961,2600.1032439430223,416.99194103136733
2027-06-28T00:00:00Z,2595.7763584435565,81.24512501182181,81.24512501182181,81.24512501182181,207.10923604429567,207.10923604429567,207.10923604429567,-125.86411103247384,-125.86411103247384,-125.86411103247384,0,0,0,-185.31434178075435,5560.472217093093,2590.2674943606,2600.3569357073325,2677.0214834553785
2027-06-29T00:00:00Z,2596.0225826471437,655.168591163156,655.168591163156,655.168591163156,788.420741973452,788.420741973452,788.420741973452,-133.25215081029606,-133.25215081029606,-133.25215081029606,0,0,0,524.2146691641004,6096.448133438639,2590.4819041183346,2600.6071736858753,3251.1911738103
2027-06-30T00:00:00Z,2596.268806850731,609.3392454364122,609.3392454364122,609.3392454364122,750.5590710468523,750.5590710468523,750.5590710468523,-141.21982561043995,-141.21982561043995,-141.21982561043995,0,0,0,523.1660914670366,6041.7084058184955,2590.700665706454,2600.8686520463366,3205.608052287143
2027-07-01T00:00:00Z,2596.515031054318,688.6064336117013,688.6064336117013,688.6064336117013,838.0716227714154,838.0716227714154,838.0716227714154,-149.46518915971407,-149.46518915971407,-149.46518915971407,0,0,0,264.8953226995303,6178.399331478472,2590.9194272945742,2601.137251755906,3285.121464666019
2027-07-02T00:00:00Z,2596.761255257905,718.0729211049428,718.0729211049428,718.0729211049428,875.7343040602391,875.7343040602391,875.7343040602391,-157.6613829552962,-157.6613829552962,-157.6613829552962,0,0,0,499.48197264494974,6220.635424967726,2591.1381888826936,2601.4060688371287,3314.8341763628478
2027-07-03T00:00:00Z,2597.007479461492,-1566.147070246642,-1566.147070246642,-1566.147070246642,-1400.679852155103,-1400.679852155103,-1400.679852155103,-165.46721809153925,-165.46721809153925,-165.46721809153925,0,0,0,-1717.0898753066963,3807.9210986783446,2591.356950470813,2601.6878733522653,1030.86040921485
2027-07-04T00:00:00Z,2597.2537036650792,-2231.7534485445763,-2231.7534485445763,-2231.7534485445763,-2059.215123748674,-2059.215123748674,-2059.215123748674,-172.53832479590247,-172.53832479590247,-172.53832479590247,0,0,0,-2442.6277470027685,3194.4658264399673,2591.575712058933,2601.970225032982,365.50025512050297
2027-07-05T00:00:00Z,2597.499927868666,28.57072915413411,28.57072915413411,28.57072915413411,207.10923605441351,207.10923605441351,207.10923605441351,-178.5385069002794,-178.5385069002794,-178.5385069002794,0,0,0,-299.32729351013666,5437.103717781518,2591.796316017479,2602.252576713699,2626.0706570228
2027-07-06T00:00:00Z,2597.746152072253,605.2698114467739,605.2698114467739,605.2698114467739,788.4207419732155,788.4207419732155,788.4207419732155,-183.15093052644167,-183.15093052644167,-183.15093052644167,0,0,0,494.91516237342887,5966.703573064929,2592.0113486412215,2602.534928394416,3203.015963519027
2027-07-07T00:00:00Z,2597.9923762758403,564.4702908900824,564.4702908900824,564.4702908900824,750.5590710469493,750.5590710469493,750.5590710469493,-186.08878015686656,-186.08878015686656,-186.08878015686656,0,0,0,464.7155147670832,6045.983102269922,2592.227649034266,2602.8172800751327,3162.4626671659225
2027-07-08T00:00:00Z,2598.238600479427,650.9665918520578,650.9665918520578,650.9665918520578,838.0716227712063,838.0716227712063,838.0716227712063,-187.10503091914856,-187.10503091914856,-187.10503091914856,0,0,0,536.4858620001297,5998.261577819981,2592.4457328492335,2603.09963175585,3249.205192331485
2027-07-09T00:00:00Z,2598.4848246830143,689.7332911954476,689.7332911954476,689.7332911954476,875.7343040648274,875.7343040648274,875.7343040648274,-186.0010128693797,-186.0010128693797,-186.0010128693797,0,0,0,600.7402657981816,5868.452142543556,2592.665166281032,2603.3793974590058,3288.218115878462
2027-07-10T00:00:00Z,2598.731048886601,-1583.3133326572768,-1583.3133326572768,-1583.3133326572768,-1400.679852149382,-1400.679852149382,-1400.679852149382,-182.63348050789472,-182.63348050789472,-182.63348050789472,0,0,0,-1652.8251541739007,3838.553961319795,2592.879254909556,2603.6573044180122,1015.4177162293242
2027-07-11T00:00:00Z,2598.977273090188,-2236.13507129589,-2236.13507129589,-2236.13507129589,-2059.215123746735,-2059.215123746735,-2059.215123746735,-176.91994754915416,-176.91994754915416,-176.91994754915416,0,0,0,-2317.9973788826924,3079.779700694945,2593.096306193575,2603.935211377019,362.84220179429803
2027-07-12T00:00:00Z,2599.2234972937754,38.267134389347,38.267134389347,38.267134389347,207.1092360477924,207.1092360477924,207.1092360477924,-168.84210165844536,-168.84210165844536,-168.84210165844536,0,0,0,-269.06717220259765,5301.705300494296,2593.320885571129,2604.2131183360257,2637.4906316831225
2027-07-13T00:00:00Z,2599.4697214973626,629.9735672107778,629.9735672107778,629.9735672107778,788.4207419733739,788.4207419733739,788.4207419733739,-158.44717476259598,-158.44717476259598,-158.44717476259598,0,0,0,352.55800712538695,6070.19793381798,2593.532396358634,2604.4910252950326,3229.4432887081402
2027-07-14T00:00:00Z,2599.7159457009498,604.7118613075239,604.7118613075239,604.7118613075239,750.5590710465159,750.5590710465159,750.5590710465159,-145.84720973899215,-145.84720973899215,-145.84720973899215,0,0,0,456.50161207838585,5926.090220670445,2593.722265812177,2604.768932254039,3204.427807008474
2027-07-15T00:00:00Z,2599.9621699045365,706.8553910198968,706.8553910198968,706.8553910198968,838.0716227719199,838.0716227719199,838.0716227719199,-131.21623175202305,-131.21623175202305,-131.21623175202305,0,0,0,652.7162623209025,6266.723739302388,2593.9253803204365,2605.0468392130456,3306.8175609244336
2027-07-16T00:00:00Z,2600.2083941081237,760.9489039565865,760.9489039565865,760.9489039565865,875.7343040694155,875.7343040694155,875.7343040694155,-114.78540011282911,-114.78540011282911,-114.78540011282911,0,0,0,773.5129598889164,6355.900695049689,2594.133572009743,2605.3247461720525,3361.15729806471
2027-07-17T00:00:00Z,2600.454618311711,-1497.5161342977692,-1497.5161342977692,-1497.5161342977692,-1400.6798521505643,-1400.6798521505643,-1400.6798521505643,-96.83628214720505,-96.83628214720505,-96.83628214720505,0,0,0,-1591.5553596322654,3860.471983823877,2594.347527522254,2605.60265313106,1102.9384840139417
2027-07-18T00:00:00Z,2600.700842515298,-2136.9075758504255,-2136.9075758504255,-2136.9075758504255,-2059.2151237522844,-2059.2151237522844,-2059.2151237522844,-77.6924520981404,-77.6924520981404,-77.6924520981404,0,0,0,-2531.215925160101,3240.8100306052957,2594.5568187146337,2605.8805600900664,463.7932666648726
2027-07-19T00:00:00Z,2600.9470667188853,149.39956247611715,149.39956247611715,149.39956247611715,207.10923604853636,207.10923604853636,207.10923604853636,-57.70967357241911,-57.70967357241911,-57.70967357241911,0,0,0,4.835590759226825,5693.866415230227,2594.7656587685015,2606.150111267252,2750.3466291950026
2027-07-20T00:00:00Z,2601.193290922472,751.1557702700301,751.1557702700301,751.1557702700301,788.4207419727425,788.4207419727425,788.4207419727425,-37.264971702712415,-37.264971702712415,-37.264971702712415,0,0,0,680.5498516812693,6266.737552150036,2594.974498822369,2606.4141820298128,3352.349061192502
2027-07-21T00:00:00Z,2601.439515126059,733.8141315874243,733.8141315874243,733.8141315874243,750.5590710471986,750.5590710471986,750.5590710471986,-16.74493945977447,-16.74493945977447,-16.74493945977447,0,0,0,520.8828195806956,6212.459326704039,2595.183338876237,2606.6954712473253,3335.2536467134832
2027-07-22T00:00:00Z,2601.6857393296464,841.5379726106368,841.5379726106368,841.5379726106368,838.0716227726332,838.0716227726332,838.0716227726332,3.466349838003402,3.466349838003402,3.466349838003402,0,0,0,464.4919999710539,6049.7143418428905,2595.392178930105,2606.9767604648378,3443.223711940283
2027-07-23T00:00:00Z,2601.931963533233,898.7337398294804,898.7337398294804,898.7337398294804,875.7343040620299,875.7343040620299,875.7343040620299,22.999435767450663,22.999435767450663,22.999435767450663,0,0,0,618.260304245614,6219.105226832074,2595.601018983973,2607.2610008254696,3500.6657033627134
2027-07-24T00:00:00Z,2602.1781877368203,-1359.1686742207366,-1359.1686742207366,-1359.1686742207366,-1400.6798521517464,-1400.6798521517464,-1400.6798521517464,41.51117793100978,41.51117793100978,41.51117793100978,0,0,0,-1720.302974348636,4073.1864295999762,2595.8098590378404,2607.5532939078976,1243.0095135160836
2027-07-25T00:00:00Z,2602.4244119404075,-2000.5194300472474,-2000.5194300472474,-2000.5194300472474,-2059.215123745688,-2059.215123745688,-2059.215123745688,58.69569369844035,58.69569369844035,58.69569369844035,0,0,0,-2055.238093863798,3488.2146413924006,2596.018699091709,2607.842897261363,601.9049818931601
2027-07-26T00:00:00Z,2602.6706361439947,281.4034001627172,281.4034001627172,281.4034001627172,207.10923605028455,207.10923605028455,207.10923605028455,74.29416411243267,74.29416411243267,74.29416411243267,0,0,0,202.12029351643523,5583.236282455579,2596.228470538056,2608.132500614828,2884.074036306712
2027-07-27T00:00:00Z,2602.916860347582,876.5239199781092,876.5239199781092,876.5239199781092,788.4207419737085,788.4207419737085,788.4207419737085,88.10317800440089,88.10317800440089,88.10317800440089,0,0,0,639.0902642125928,6438.0646838210805,2596.441741166199,2608.4196638290373,3479.440780325691
2027-07-28T00:00:00Z,2603.1630845511686,850.540398675143,850.540398675143,850.540398675143,750.559071047031,750.559071047031,750.559071047031,99.98132762811198,99.98132762811198,99.98132762811198,0,0,0,576.8352478784974,6330.629304257594,2596.6554048134026,2608.677517115015,3453.7034832263116
2027-07-29T00:00:00Z,2603.409308754756,947.9254446345744,947.9254446345744,947.9254446345744,838.0716227705738,838.0716227705738,838.0716227705738,109.85382186400072,109.85382186400072,109.85382186400072,0,0,0,844.9271818418042,6295.391361693754,2596.8600578437963,2608.9467034129857,3551.33475338933
2027-07-30T00:00:00Z,2603.655532958343,993.4492477946767,993.4492477946767,993.4492477946767,875.7343040679874,875.7343040679874,875.7343040679874,117.71494372668943,117.71494372668943,117.71494372668943,0,0,0,845.2956776714644,6308.830901833768,2597.0585257897083,2609.2158897109575,3597.1047807530194
2027-07-31T00:00:00Z,2603.90175716193,-1277.0516064754843,-1277.0516064754843,-1277.0516064754843,-1400.6798521529288,-1400.6798521529288,-1400.6798521529288,123.62824567744437,123.62824567744437,123.62824567744437,0,0,0,-1252.3901182321115,4206.648946938567,2597.256680332673,2609.4850760089275,1326.8501506864459
2027-08-01T00:00:00Z,2604.147981365517,-1931.4906766487495,-1931.4906766487495,-1931.4906766487495,-2059.2151237484077,-2059.2151237484077,-2059.2151237484077,127.72444709965833,127.72444709965833,127.72444709965833,0,0,0,-2158.538286491853,3632.73978369643,2597.457242869369,2609.7541921556144,672.6573047167674
2027-08-02T00:00:00Z,2604.394205569104,337.3063070835185,337.3063070835185,337.3063070835185,207.10923604366354,207.10923604366354,207.10923604366354,130.19707103985496,130.19707103985496,130.19707103985496,0,0,0,-36.03338297719308,5689.407366955282,2597.6599976569114,2610.0199107490193,2941.700512652623
2027-08-03T00:00:00Z,2604.6404297726913,919.7166717003904,919.7166717003904,919.7166717003904,788.4207419726644,788.4207419726644,788.4207419726644,131.29592972772613,131.29592972772613,131.29592972772613,0,0,0,518.3777156970126,6253.445926710792,2597.8630208750105,2610.285629342426,3524.3571014730815
2027-08-04T00:00:00Z,2604.8866539762785,881.8777092373512,881.8777092373512,881.8777092373512,750.5590710468628,750.5590710468628,750.5590710468628,131.31863819048826,131.31863819048826,131.31863819048826,0,0,0,789.8459126916545,6218.475715991082,2598.066919870355,2610.5518682310067,3486.7643632136296
2027-08-05T00:00:00Z,2605.1328781798657,968.6720230656879,968.6720230656879,968.6720230656879,838.0716227731381,838.0716227731381,838.0716227731381,130.6004002925499,130.6004002925499,130.6004002925499,0,0,0,580.7740648302271,6396.1928456135265,2598.291459793428,2610.828251149222,3573.8049012455535
2027-08-06T00:00:00Z,2605.3791023834524,1005.2366737370344,1005.2366737370344,1005.2366737370344,875.7343040592324,875.7343040592324,875.7343040592324,129.50236967780202,129.50236967780202,129.50236967780202,0,0,0,885.5311852160008,6417.302946862302,2598.5175792720534,2611.1046340674384,3610.6157761204868
2027-08-07T00:00:00Z,2605.6253265870396,-1272.2809146297254,-1272.2809146297254,-1272.2809146297254,-1400.6798521472078,-1400.6798521472078,-1400.6798521472078,128.39893751748244,128.39893751748244,128.39893751748244,0,0,0,-1433.7865980946897,4256.483888932375,2598.7440654336488,2611.3810169856547,1333.3444119573142
2027-08-08T00:00:00Z,2605.8715507906263,-1931.5507857223909,-1931.5507857223909,-1931.5507857223909,-2059.2151237492985,-2059.2151237492985,-2059.2151237492985,127.66433802690773,127.66433802690773,127.66433802690773,0,0,0,-2195.7755739542313,3422.239241283743,2598.955484443606,2611.65739990387,674.3207650682355
2027-08-09T00:00:00Z,2606.1177749942135,334.7682261611013,334.7682261611013,334.7682261611013,207.10923604541176,207.10923604541176,207.10923604541176,127.65899011568963,127.65899011568963,127.65899011568963,0,0,0,295.1192604312614,5823.100938011912,2599.1661241442516,2611.9337828220864,2940.8860011553147
2027-08-10T00:00:00Z,2606.3639991978002,917.1367502632837,917.1367502632837,917.1367502632837,788.4207419732354,788.4207419732354,788.4207419732354,128.7160082900484,128.7160082900484,128.7160082900484,0,0,0,955.22431608496,6074.6442366148985,2599.3767638448976,2612.2123741730484,3523.500749461084
2027-08-11T00:00:00Z,2606.6102234013874,881.6873884879128,881.6873884879128,881.6873884879128,750.559071046695,750.559071046695,750.559071046695,131.128317441218,131.128317441218,131.128317441218,0,0,0,829.3690121877125,6369.467687682511,2599.587403545544,2612.49243109456,3488.2976118893002
2027-08-12T00:00:00Z,2606.8564476049746,973.2084170253946,973.2084170253946,973.2084170253946,838.0716227720009,838.0716227720009,838.0716227720009,135.1367942533939,135.1367942533939,135.1367942533939,0,0,0,977.1880421647958,6413.2396917693595,2599.803552351617,2612.7699540656686,3580.0648646303694
2027-08-13T00:00:00Z,2607.102671808562,1016.6541368962057,1016.6541368962057,1016.6541368962057,875.7343040651898,875.7343040651898,875.7343040651898,140.91983283101587,140.91983283101587,140.91983283101587,0,0,0,1203.4441356433958,6223.400714293243,2600.0280412653515,2613.0433714620062,3623.7568087047675
2027-08-14T00:00:00Z,2607.348896012149,-1252.0951577237813,-1252.0951577237813,-1252.0951577237813,-1400.6798521568383,-1400.6798521568383,-1400.6798521568383,148.58469443305708,148.58469443305708,148.58469443305708,0,0,0,-1558.4862570979546,4055.309998881261,2600.2525301790874,2613.3190923392544,1355.2537382883677
2027-08-15T00:00:00Z,2607.5951202157357,-1901.054171858445,-1901.054171858445,-1901.054171858445,-2059.2151237473604,-2059.2151237473604,-2059.2151237473604,158.16095188891515,158.16095188891515,158.16095188891515,0,0,0,-1976.2547170580804,3411.5963156955668,2600.4770190928225,2613.6044122553017,706.5409483572907
2027-08-16T00:00:00Z,2607.841344419323,376.70551580114875,376.70551580114875,376.70551580114875,207.1092360461557,207.1092360461557,207.1092360461557,169.5962797549931,169.5962797549931,169.5962797549931,0,0,0,255.89018600684994,5960.008078507697,2600.701508006558,2613.884396681443,2984.546860220472
2027-08-17T00:00:00Z,2608.08756862291,971.175515193551,971.175515193551,971.175515193551,788.4207419721915,788.4207419721915,788.4207419721915,182.7547732213595,182.7547732213595,182.7547732213595,0,0,0,760.7859183862269,6452.379294760343,2600.9259969202926,2614.1643811075837,3579.263083816461
2027-08-18T00:00:00Z,2608.3337928264973,947.9769752347975,947.9769752347975,947.9769752347975,750.5590710473776,750.5590710473776,750.5590710473776,197.41790418742002,197.41790418742002,197.41790418742002,0,0,0,765.5705744453633,6391.713114873093,2601.1504858340286,2614.444365533726,3556.3107680612948
2027-08-19T00:00:00Z,2608.580017030084,1051.3597667372803,1051.3597667372803,1051.3597667372803,838.0716227690189,838.0716227690189,838.0716227690189,213.28814396826138,213.28814396826138,213.28814396826138,0,0,0,791.1879400482902,6432.706144317601,2601.374974747764,2614.7243499598676,3659.939783767364
2027-08-20T00:00:00Z,2608.826241233671,1105.7295051702815,1105.7295051702815,1105.7295051702815,875.734304063791,875.734304063791,875.734304063791,229.9952011064907,229.9952011064907,229.9952011064907,0,0,0,806.2516412832938,6666.730812638557,2601.5994636614987,2615.004334386009,3714.555746403953
2027-08-21T00:00:00Z,2609.0724654372584,-1153.5751099568083,-1153.5751099568083,-1153.5751099568083,-1400.6798521495723,-1400.6798521495723,-1400.6798521495723,247.10474219276404,247.10474219276404,247.10474219276404,0,0,0,-1298.3848827109696,4283.241193157018,2601.823952575234,2615.2843188121506,1455.49735548045
2027-08-22T00:00:00Z,2609.3186896408456,-1795.0857378921062,-1795.0857378921062,-1795.0857378921062,-2059.215123746836,-2059.215123746836,-2059.215123746836,264.1293858547301,264.1293858547301,264.1293858547301,0,0,0,-1848.8420289096805,3514.781981232082,2602.0484414889697,2615.5643032382923,814.2329517487394
2027-08-23T00:00:00Z,2609.564913844433,487.65092359745387,487.65092359745387,487.65092359745387,207.10923604890817,207.10923604890817,207.10923604890817,280.5416875485457,280.5416875485457,280.5416875485457,0,0,0,271.54842651156605,5915.096733482413,2602.273234248215,2615.844287664434,3097.215837441887
2027-08-24T00:00:00Z,2609.8111380480195,1084.2095096981411,1084.2095096981411,1084.2095096981411,788.4207419731572,788.4207419731572,788.4207419731572,295.788767724984,295.788767724984,295.788767724984,0,0,0,915.8266287300561,6427.732655919956,2602.4918984849355,2616.1242720905752,3694.0206477461606
2027-08-25T00:00:00Z,2610.0573622516067,1059.8672514132506,1059.8672514132506,1059.8672514132506,750.559071046359,750.559071046359,750.559071046359,309.3081803668917,309.3081803668917,309.3081803668917,0,0,0,1086.0879042292793,6535.933932469762,2602.6977965235264,2616.4042565167165,3669.924613664857
2027-08-26T00:00:00Z,2610.303586455194,1158.6161973758287,1158.6161973758287,1158.6161973758287,838.0716227715832,838.0716227715832,838.0716227715832,320.54457460424544,320.54457460424544,320.54457460424544,0,0,0,886.1936926643374,6519.633554701008,2602.903694562117,2616.68350448781,3768.919783831023
2027-08-27T00:00:00Z,2610.549810658781,1204.7009746092883,1204.7009746092883,1204.7009746092883,875.7343040623921,875.7343040623921,875.7343040623921,328.966670546896,328.966670546896,328.966670546896,0,0,0,1152.3791179062707,6524.098193839752,2603.110557509158,2616.9611149116704,3815.250785268069
2027-08-28T00:00:00Z,2610.796034862368,-1066.5957994307591,-1066.5957994307591,-1066.5957994307591,-1400.679852159203,-1400.679852159203,-1400.679852159203,334.084052728444,334.084052728444,334.084052728444,0,0,0,-1191.7453982905888,4189.937336650831,2603.3311443720727,2617.2387253355305,1544.2002354316087
2027-08-29T00:00:00Z,2611.042259065955,-1723.7518424294913,-1723.7518424294913,-1723.7518424294913,-2059.2151237509706,-2059.2151237509706,-2059.2151237509706,335.4632813214794,335.4632813214794,335.4632813214794,0,0,0,-2135.3707054719175,3624.110533862597,2603.552607066943,2617.553837705422,887.2904166364638
2027-08-30T00:00:00Z,2611.288483269542,539.8520688573955,539.8520688573955,539.8520688573955,207.1092360412828,207.1092360412828,207.1092360412828,332.74283281611275,332.74283281611275,332.74283281611275,0,0,0,265.4809931822904,5952.148898310605,2603.774069761813,2617.8782467234514,3151.1405521269376
2027-08-31T00:00:00Z,2611.5347074731294,1114.0671499586676,1114.0671499586676,1114.0671499586676,788.4207419729207,788.4207419729207,788.4207419729207,325.6464079857465,325.6464079857465,325.6464079857465,0,0,0,1031.4523018780621,6527.0692306913625,2603.9955324566836,2618.182630062777,3725.601857431797
